[
  {
    "start":30.0,
    "end":31.62,
    "speaker":"老师",
    "text":"第一课时 平均数"
  },
  {
    "start":33.5,
    "end":41.58,
    "speaker":"老师",
    "text":"本章主要研究平均数 中位数 重数 方差等统计量的统计意义"
  },
  {
    "start":41.58,
    "end":48.34,
    "speaker":"老师",
    "text":"学习如何利用这些统计量分析数据的集中趋势和离散情况"
  },
  {
    "start":48.96,
    "end":55.78,
    "speaker":"老师",
    "text":"并通过研究如何用样本的平均数和方差估计总体的平均数和方差"
  },
  {
    "start":55.78,
    "end":59.88,
    "speaker":"老师",
    "text":"进一步体会用样本估计总体的"
  },
  {
    "start":59.88,
    "end":60.5,
    "speaker":"老师",
    "text":"思想"
  },
  {
    "start":61.76,
    "end":63.5,
    "speaker":"老师",
    "text":"老师 这儿有个问题"
  },
  {
    "start":64.3,
    "end":66.06,
    "speaker":"老师",
    "text":"根据这些数据"
  },
  {
    "start":66.06,
    "end":72.14,
    "speaker":"老师",
    "text":"因为农科院选择甜玉米种子提出怎样的建议呢"
  },
  {
    "start":73.82,
    "end":75.02,
    "speaker":"老师",
    "text":"带着这个问题"
  },
  {
    "start":75.02,
    "end":79.5,
    "speaker":"老师",
    "text":"我们开启数据的分析的学习之旅吧"
  },
  {
    "start":80.92,
    "end":82.64,
    "speaker":"老师",
    "text":"我们先来看一个小游戏"
  },
  {
    "start":83.2,
    "end":84.02,
    "speaker":"老师",
    "text":"如图"
  },
  {
    "start":84.02,
    "end":86.92,
    "speaker":"老师",
    "text":"A B C D"
  },
  {
    "start":86.92,
    "end":89.86,
    "speaker":"老师",
    "text":"四个杯子中装了不同数据"
  },
  {
    "start":89.88,
    "end":90.72,
    "speaker":"老师",
    "text":"数量的小球"
  },
  {
    "start":91.64,
    "end":95.18,
    "speaker":"老师",
    "text":"你能让四个杯子中的小球数目相同吗"
  },
  {
    "start":96.18,
    "end":98.42,
    "speaker":"老师",
    "text":"请同学们赶紧试一试吧"
  },
  {
    "start":108.6,
    "end":112.82,
    "speaker":"老师",
    "text":"瞧同学们的想法和老师是否心有灵犀呢"
  },
  {
    "start":115.34,
    "end":118.14,
    "speaker":"老师",
    "text":"我们可以通过一多不少"
  },
  {
    "start":118.68,
    "end":119.76,
    "speaker":"老师",
    "text":"先和后"
  },
  {
    "start":119.88,
    "end":122.56,
    "speaker":"老师",
    "text":"分的方法来得到平均数"
  },
  {
    "start":123.18,
    "end":128.16,
    "speaker":"老师",
    "text":"从而让四个杯子中的小球数目达到平均水平"
  },
  {
    "start":129.82,
    "end":132.14,
    "speaker":"老师",
    "text":"我们再来看第二个问题"
  },
  {
    "start":133.32,
    "end":137.62,
    "speaker":"老师",
    "text":"重庆七月中旬一周的最高气温如下"
  },
  {
    "start":139.2,
    "end":143.38,
    "speaker":"老师",
    "text":"你能计算这一周的平均最高气温吗"
  },
  {
    "start":144.6,
    "end":145.76,
    "speaker":"老师",
    "text":"赶紧算算吧"
  },
  {
    "start":153.14,
    "end":167.38,
    "speaker":"学生",
    "text":"放在C M Port的中央"
  },
  {
    "start":167.38,
    "end":169.66,
    "speaker":"老师",
    "text":"我们可以 Labloll"
  },
  {
    "start":169.66,
    "end":173.2,
    "speaker":"老师",
    "text":"你可以五地区里面是前 돈到台湾的了"
  },
  {
    "start":173.2,
    "end":174.54,
    "speaker":"老师",
    "text":"R Lake Vessels"
  },
  {
    "start":174.54,
    "end":174.56,
    "speaker":"老师",
    "text":"这是从国际版农业 yet"
  },
  {
    "start":174.56,
    "end":177.36,
    "speaker":"老师",
    "text":"广东意  På J c laid out in a between theaya"
  },
  {
    "start":177.36,
    "end":179.86,
    "speaker":"老师",
    "text":"在竞赛中呢"
  },
  {
    "start":179.86,
    "end":185.58,
    "speaker":"老师",
    "text":"一周的最高气温大约是36.9摄氏度。"
  },
  {
    "start":187.36,
    "end":192.08,
    "speaker":"老师",
    "text":"你还能回忆归纳出算术平均数的概念吗?"
  },
  {
    "start":199.16,
    "end":200.66,
    "speaker":"老师",
    "text":"我们一起来看看吧。"
  },
  {
    "start":201.38,
    "end":208.02,
    "speaker":"老师",
    "text":"一般的对于n个数x1,x2一直到xn,"
  },
  {
    "start":208.02,
    "end":216.46,
    "speaker":"老师",
    "text":"我们把x8等于n分之x1加x2一直加到xn,"
  },
  {
    "start":217.08,
    "end":220.58,
    "speaker":"老师",
    "text":"叫做这n个数的算术平均数,"
  },
  {
    "start":221.58,
    "end":223.3,
    "speaker":"老师",
    "text":"简称平均数。"
  },
  {
    "start":226.66,
    "end":227.72,
    "speaker":"老师",
    "text":"请看问题三。"
  },
  {
    "start":229.74,
    "end":233.5,
    "speaker":"老师",
    "text":"一家公司打算招聘一名英文翻译,"
  },
  {
    "start":233.7,
    "end":237.64,
    "speaker":"老师",
    "text":"对甲乙两位应试者进行了听,"
  },
  {
    "start":238.02,
    "end":242.02,
    "speaker":"老师",
    "text":"说,读,写的英语水平测试。"
  },
  {
    "start":242.74,
    "end":245.68,
    "speaker":"老师",
    "text":"他们的各项成绩如表所示。"
  },
  {
    "start":246.62,
    "end":250.72,
    "speaker":"老师",
    "text":"如果公司想招一名综合能力较强的翻译,"
  },
  {
    "start":251.16,
    "end":256.54,
    "speaker":"老师",
    "text":"请计算两名应试者的平均成绩应该录用谁?"
  },
  {
    "start":258.38,
    "end":260.34,
    "speaker":"老师",
    "text":"我们先来思考第一个问题。"
  },
  {
    "start":261.38,
    "end":265.3,
    "speaker":"老师",
    "text":"这家公司打算招聘一名英文翻译,"
  },
  {
    "start":265.96,
    "end":267.08,
    "speaker":"老师",
    "text":"对甲乙,"
  },
  {
    "start":268.02,
    "end":272.46,
    "speaker":"老师",
    "text":"哪几个方面进行了英语水平测试呢?"
  },
  {
    "start":276.72,
    "end":278.88,
    "speaker":"老师",
    "text":"我们通过审题可以得到,"
  },
  {
    "start":278.94,
    "end":284.7,
    "speaker":"老师",
    "text":"对听,说,读,写四个方面进行了英语水平测试。"
  },
  {
    "start":286.12,
    "end":290.78,
    "speaker":"老师",
    "text":"那么甲和乙这四个方面的成绩又是多少呢?"
  },
  {
    "start":292.5,
    "end":293.68,
    "speaker":"老师",
    "text":"如表所示,"
  },
  {
    "start":294.2,
    "end":297.76,
    "speaker":"老师",
    "text":"我们可以得到甲,听,说,"
  },
  {
    "start":298.02,
    "end":305.02,
    "speaker":"老师",
    "text":"读,写的成绩分别是85,78,85,73。"
  },
  {
    "start":305.74,
    "end":315.08,
    "speaker":"老师",
    "text":"而乙,听,说,读,写的成绩分别是73,80,82,83。"
  },
  {
    "start":316.86,
    "end":322.24,
    "speaker":"老师",
    "text":"公司想招一名综合能力较强的翻译,"
  },
  {
    "start":323.34,
    "end":327.6,
    "speaker":"老师",
    "text":"那也就是说听,说,读,写,"
  },
  {
    "start":328.02,
    "end":330.88,
    "speaker":"老师",
    "text":"这四个方面都同等重要。"
  },
  {
    "start":332.3,
    "end":337.42,
    "speaker":"老师",
    "text":"那么我们如何来计算这两名应试者的平均成绩呢?"
  },
  {
    "start":382.2,
    "end":383.34,
    "speaker":"老师",
    "text":"我们来看看吧!"
  },
  {
    "start":384.3,
    "end":384.96,
    "speaker":"老师",
    "text":"我们来看看吧!"
  },
  {
    "start":384.96,
    "end":388.0,
    "speaker":"老师",
    "text":"我们可以把甲和乙的听,说,读,写的成绩分别是85,78,82,83。"
  },
  {
    "start":388.02,
    "end":389.82,
    "speaker":"老师",
    "text":"好像是不错吧?"
  },
  {
    "start":390.9,
    "end":391.46,
    "speaker":"老师",
    "text":"我们来看看吧!"
  },
  {
    "start":391.46,
    "end":397.0,
    "speaker":"老师",
    "text":"可以分别计算出甲和乙的平均成绩。"
  },
  {
    "start":397.38,
    "end":400.86,
    "speaker":"老师",
    "text":"很显然,甲的成绩比乙高,"
  },
  {
    "start":401.58,
    "end":404.68,
    "speaker":"老师",
    "text":"所以从成绩看应该录取甲。"
  },
  {
    "start":407.74,
    "end":411.02,
    "speaker":"老师",
    "text":"这里的80.25和79.5,"
  },
  {
    "start":411.16,
    "end":414.68,
    "speaker":"老师",
    "text":"我们都把它叫做算术平均数。"
  },
  {
    "start":415.96,
    "end":418.0,
    "speaker":"老师",
    "text":"我们常用平均数来计算,"
  },
  {
    "start":418.02,
    "end":421.1,
    "speaker":"老师",
    "text":"表示一组数据的平均水平"
  },
  {
    "start":423.92,
    "end":426.3,
    "speaker":"老师",
    "text":"老师把题目变一遍"
  },
  {
    "start":426.3,
    "end":428.86,
    "speaker":"老师",
    "text":"如果公司想招一名"
  },
  {
    "start":428.86,
    "end":431.26,
    "speaker":"老师",
    "text":"笔译能力较强的翻译"
  },
  {
    "start":432.12,
    "end":435.02,
    "speaker":"老师",
    "text":"听、说、读写的成绩"
  },
  {
    "start":435.02,
    "end":439.52,
    "speaker":"老师",
    "text":"按照2比1比3比4的笔确定"
  },
  {
    "start":439.52,
    "end":442.9,
    "speaker":"老师",
    "text":"计算两名应试者的平均成绩"
  },
  {
    "start":442.9,
    "end":444.82,
    "speaker":"老师",
    "text":"从他们的成绩看"
  },
  {
    "start":444.82,
    "end":446.96,
    "speaker":"老师",
    "text":"又应该录取谁呢"
  },
  {
    "start":450.46,
    "end":453.76,
    "speaker":"老师",
    "text":"如果用算术平均数来衡量他们的成绩"
  },
  {
    "start":453.76,
    "end":454.86,
    "speaker":"老师",
    "text":"合理吗"
  },
  {
    "start":456.76,
    "end":459.06,
    "speaker":"老师",
    "text":"让我们一起来思考这个问题吧"
  },
  {
    "start":468.8,
    "end":473.26,
    "speaker":"老师",
    "text":"公司想招一名笔译能力较强的翻译"
  },
  {
    "start":473.96,
    "end":476.48,
    "speaker":"老师",
    "text":"那么在这四个方面中"
  },
  {
    "start":476.48,
    "end":479.14,
    "speaker":"老师",
    "text":"更侧重哪几个方面呢"
  },
  {
    "start":484.24,
    "end":485.08,
    "speaker":"老师",
    "text":"没错"
  },
  {
    "start":485.08,
    "end":487.08,
    "speaker":"老师",
    "text":"是读和写"
  },
  {
    "start":488.0,
    "end":488.68,
    "speaker":"老师",
    "text":"这两方面"
  },
  {
    "start":490.3,
    "end":491.34,
    "speaker":"老师",
    "text":"从题目中的"
  },
  {
    "start":491.84,
    "end":494.06,
    "speaker":"老师",
    "text":"听、说、读写的成绩"
  },
  {
    "start":494.06,
    "end":498.68,
    "speaker":"老师",
    "text":"按照2比1比3比4的笔值来确定"
  },
  {
    "start":500.04,
    "end":501.54,
    "speaker":"老师",
    "text":"我们也可以得到"
  },
  {
    "start":502.34,
    "end":505.74,
    "speaker":"老师",
    "text":"这四个方面的重要程度不一样"
  },
  {
    "start":506.5,
    "end":507.36,
    "speaker":"老师",
    "text":"其中"
  },
  {
    "start":507.36,
    "end":512.82,
    "speaker":"老师",
    "text":"读和写在比例中所占的比例较大"
  },
  {
    "start":513.4,
    "end":517.6,
    "speaker":"老师",
    "text":"分别在10分中占3分和4分"
  },
  {
    "start":519.0,
    "end":519.56,
    "speaker":"老师",
    "text":"那么"
  },
  {
    "start":520.3,
    "end":523.56,
    "speaker":"老师",
    "text":"用算术平均数来衡量他们的成绩"
  },
  {
    "start":523.56,
    "end":525.36,
    "speaker":"老师",
    "text":"显然不合理"
  },
  {
    "start":526.44,
    "end":528.94,
    "speaker":"老师",
    "text":"算术平均数解决不了问题"
  },
  {
    "start":529.52,
    "end":531.26,
    "speaker":"老师",
    "text":"那么我们该怎么办呢"
  },
  {
    "start":539.32,
    "end":540.72,
    "speaker":"学生",
    "text":"通过语据学知道"
  },
  {
    "start":540.72,
    "end":541.48,
    "speaker":"学生",
    "text":"要完全根据语解者的实观"
  },
  {
    "start":541.48,
    "end":549.5,
    "speaker":"学生",
    "text":" 스围値・索取"
  },
  {
    "start":551.4,
    "end":551.44,
    "speaker":"学生",
    "text":"有核一定 besser"
  },
  {
    "start":558.28,
    "end":559.68,
    "speaker":"学生",
    "text":"解"
  },
  {
    "start":577.4,
    "end":579.62,
    "speaker":"老师",
    "text":"请同学们一起来看"
  },
  {
    "start":580.44,
    "end":586.3,
    "speaker":"老师",
    "text":"我们可以把甲和乙听说读写的成绩"
  },
  {
    "start":586.3,
    "end":590.5,
    "speaker":"老师",
    "text":"分别乘以它们对应的笔值"
  },
  {
    "start":591.32,
    "end":596.46,
    "speaker":"老师",
    "text":"相加之和再除以它们的比例"
  },
  {
    "start":596.48,
    "end":597.0,
    "speaker":"老师",
    "text":"之和"
  },
  {
    "start":597.0,
    "end":601.54,
    "speaker":"老师",
    "text":"从而得到甲和乙的平均数"
  },
  {
    "start":603.26,
    "end":606.4,
    "speaker":"老师",
    "text":"显然乙的成绩比甲高"
  },
  {
    "start":606.4,
    "end":609.4,
    "speaker":"老师",
    "text":"所以我们应该录取乙"
  },
  {
    "start":611.06,
    "end":612.12,
    "speaker":"老师",
    "text":"在这里"
  },
  {
    "start":612.12,
    "end":613.06,
    "speaker":"老师",
    "text":"二"
  },
  {
    "start":613.06,
    "end":613.98,
    "speaker":"老师",
    "text":"一"
  },
  {
    "start":613.98,
    "end":614.86,
    "speaker":"老师",
    "text":"三"
  },
  {
    "start":614.86,
    "end":615.26,
    "speaker":"老师",
    "text":"四"
  },
  {
    "start":615.82,
    "end":617.76,
    "speaker":"老师",
    "text":"我们把它叫做全"
  },
  {
    "start":619.32,
    "end":623.56,
    "speaker":"老师",
    "text":"在孟子良会王上里面有全"
  },
  {
    "start":623.56,
    "end":626.4,
    "speaker":"老师",
    "text":"然后知轻重的说法"
  },
  {
    "start":627.04,
    "end":629.52,
    "speaker":"老师",
    "text":"全在古代有称陀的意思"
  },
  {
    "start":630.06,
    "end":631.32,
    "speaker":"老师",
    "text":"同学们都知道"
  },
  {
    "start":631.9,
    "end":635.52,
    "speaker":"老师",
    "text":"称是用来称量物体重量的东西"
  },
  {
    "start":636.26,
    "end":638.04,
    "speaker":"老师",
    "text":"称陀的位置不同"
  },
  {
    "start":638.66,
    "end":641.24,
    "speaker":"老师",
    "text":"那么物体的重量也就不同"
  },
  {
    "start":641.24,
    "end":643.76,
    "speaker":"老师",
    "text":"从数学的角度出发"
  },
  {
    "start":643.76,
    "end":648.02,
    "speaker":"老师",
    "text":"全表示数据的重要程度"
  },
  {
    "start":651.4,
    "end":653.28,
    "speaker":"老师",
    "text":"那么我们能把这种"
  },
  {
    "start":653.28,
    "end":656.0,
    "speaker":"老师",
    "text":"加全后的平均数的计算方法"
  },
  {
    "start":656.0,
    "end":657.92,
    "speaker":"老师",
    "text":"推广到一般吗"
  },
  {
    "start":670.56,
    "end":672.02,
    "speaker":"老师",
    "text":"在实际问题中"
  },
  {
    "start":672.02,
    "end":675.44,
    "speaker":"老师",
    "text":"一组数据里的各个数据的重要程度"
  },
  {
    "start":675.44,
    "end":676.66,
    "speaker":"老师",
    "text":"未必相同"
  },
  {
    "start":676.66,
    "end":679.64,
    "speaker":"老师",
    "text":"因而在计算这组数据时"
  },
  {
    "start":679.64,
    "end":682.4,
    "speaker":"老师",
    "text":"往往给每个数据一个全"
  },
  {
    "start":684.08,
    "end":685.3,
    "speaker":"老师",
    "text":"全的英文是"
  },
  {
    "start":685.3,
    "end":685.82,
    "speaker":"老师",
    "text":"V"
  },
  {
    "start":686.0,
    "end":689.26,
    "speaker":"老师",
    "text":"有表示数据重要程度的意思"
  },
  {
    "start":691.04,
    "end":692.22,
    "speaker":"老师",
    "text":"一般的"
  },
  {
    "start":692.22,
    "end":693.7,
    "speaker":"老师",
    "text":"若n个数"
  },
  {
    "start":693.7,
    "end":694.82,
    "speaker":"老师",
    "text":"X1"
  },
  {
    "start":694.82,
    "end":696.0,
    "speaker":"老师",
    "text":"X2"
  },
  {
    "start":696.0,
    "end":698.18,
    "speaker":"老师",
    "text":"一直到Xn的全"
  },
  {
    "start":698.18,
    "end":699.5,
    "speaker":"老师",
    "text":"分别是"
  },
  {
    "start":699.5,
    "end":700.68,
    "speaker":"老师",
    "text":"W1"
  },
  {
    "start":700.68,
    "end":701.84,
    "speaker":"老师",
    "text":"W2"
  },
  {
    "start":701.84,
    "end":703.84,
    "speaker":"老师",
    "text":"一直到Wn"
  },
  {
    "start":703.84,
    "end":704.86,
    "speaker":"老师",
    "text":"则"
  },
  {
    "start":704.86,
    "end":706.62,
    "speaker":"老师",
    "text":"X8等于"
  },
  {
    "start":706.62,
    "end":709.26,
    "speaker":"老师",
    "text":"X1与W1的乘积"
  },
  {
    "start":709.26,
    "end":713.2,
    "speaker":"老师",
    "text":"加上X2与W2的乘积"
  },
  {
    "start":713.2,
    "end":714.54,
    "speaker":"老师",
    "text":"一直加到"
  },
  {
    "start":714.54,
    "end":715.98,
    "speaker":"老师",
    "text":"Xn与W2的乘积"
  },
  {
    "start":716.0,
    "end":717.28,
    "speaker":"老师",
    "text":"除以Wn的乘积"
  },
  {
    "start":718.0,
    "end":718.48,
    "speaker":"老师",
    "text":"除以"
  },
  {
    "start":719.0,
    "end":721.3,
    "speaker":"老师",
    "text":"W1加W2"
  },
  {
    "start":721.3,
    "end":723.88,
    "speaker":"老师",
    "text":"一直加到Wn"
  },
  {
    "start":725.48,
    "end":729.52,
    "speaker":"老师",
    "text":"叫做这n个数的加全平均数"
  },
  {
    "start":733.66,
    "end":734.26,
    "speaker":"老师",
    "text":"好"
  },
  {
    "start":734.26,
    "end":736.66,
    "speaker":"老师",
    "text":"我们再回过头来看第一个问题"
  },
  {
    "start":738.56,
    "end":742.82,
    "speaker":"老师",
    "text":"公司想招一名综合能力较强的翻译"
  },
  {
    "start":743.52,
    "end":744.78,
    "speaker":"老师",
    "text":"那么实际上"
  },
  {
    "start":744.78,
    "end":745.98,
    "speaker":"老师",
    "text":"在这个问题中"
  },
  {
    "start":745.98,
    "end":748.38,
    "speaker":"老师",
    "text":"综合能力较强"
  },
  {
    "start":748.38,
    "end":750.58,
    "speaker":"老师",
    "text":"实际上也就代表着"
  },
  {
    "start":750.58,
    "end":752.9,
    "speaker":"老师",
    "text":"听说读写"
  },
  {
    "start":752.9,
    "end":755.8,
    "speaker":"老师",
    "text":"它的重要程度是一样的"
  },
  {
    "start":755.8,
    "end":757.32,
    "speaker":"老师",
    "text":"我们可以认为"
  },
  {
    "start":757.32,
    "end":759.88,
    "speaker":"老师",
    "text":"他们的比值分别是"
  },
  {
    "start":759.88,
    "end":763.22,
    "speaker":"老师",
    "text":"1比1比1比1"
  },
  {
    "start":763.22,
    "end":764.72,
    "speaker":"老师",
    "text":"那么在这里"
  },
  {
    "start":766.38,
    "end":767.58,
    "speaker":"老师",
    "text":"对应的1"
  },
  {
    "start":767.58,
    "end":769.88,
    "speaker":"老师",
    "text":"我们也可以把它认为"
  },
  {
    "start":769.88,
    "end":771.62,
    "speaker":"老师",
    "text":"它是隐藏的全"
  },
  {
    "start":773.16,
    "end":775.96,
    "speaker":"老师",
    "text":"现在你能说说算数比率是什么样的?"
  },
  {
    "start":775.98,
    "end":779.8,
    "speaker":"老师",
    "text":"算数比率是加全平均数的区别和联系吗?"
  },
  {
    "start":783.32,
    "end":788.44,
    "speaker":"老师",
    "text":"1算数平均数是加全平均数的一种特殊情况"
  },
  {
    "start":789.08,
    "end":792.28,
    "speaker":"老师",
    "text":"它特殊在各项的全相等"
  },
  {
    "start":795.32,
    "end":797.34,
    "speaker":"老师",
    "text":"2在实际问题中"
  },
  {
    "start":798.0,
    "end":800.12,
    "speaker":"老师",
    "text":"当各项全不相等时"
  },
  {
    "start":800.82,
    "end":804.9,
    "speaker":"老师",
    "text":"计算平均数时就要采用加全平均数"
  },
  {
    "start":804.9,
    "end":805.56,
    "speaker":"老师",
    "text":"计算平均数时就要采用加全平均数"
  },
  {
    "start":805.98,
    "end":807.64,
    "speaker":"老师",
    "text":"当各项全相等时"
  },
  {
    "start":808.28,
    "end":811.96,
    "speaker":"老师",
    "text":"计算平均数时就要采用算数平均数"
  },
  {
    "start":813.3,
    "end":815.06,
    "speaker":"老师",
    "text":"同学们明白了吗?"
  },
  {
    "start":822.44,
    "end":822.92,
    "speaker":"学生",
    "text":"好"
  },
  {
    "start":822.92,
    "end":825.18,
    "speaker":"老师",
    "text":"那我们继续看问题3"
  },
  {
    "start":825.92,
    "end":830.18,
    "speaker":"老师",
    "text":"如果公司想招一名口语能力较强的翻译"
  },
  {
    "start":830.82,
    "end":832.5,
    "speaker":"老师",
    "text":"则应该录取谁呢?"
  },
  {
    "start":833.82,
    "end":835.96,
    "speaker":"老师",
    "text":"听说读写的程度是什么?"
  },
  {
    "start":835.96,
    "end":836.72,
    "speaker":"老师",
    "text":"igans"
  },
  {
    "start":836.72,
    "end":838.74,
    "speaker":"老师",
    "text":"右边接有关 leap"
  },
  {
    "start":838.74,
    "end":840.44,
    "speaker":"老师",
    "text":"左边接有关 leaf"
  },
  {
    "start":844.84,
    "end":848.9,
    "speaker":"老师",
    "text":"右边接有关 leap"
  },
  {
    "start":848.9,
    "end":851.78,
    "speaker":"老师",
    "text":"右边接有关????"
  },
  {
    "start":855.58,
    "end":861.28,
    "speaker":"老师",
    "text":"左边接有关 Ou"
  },
  {
    "start":861.28,
    "end":862.08,
    "speaker":"老师",
    "text":"lock"
  },
  {
    "start":862.08,
    "end":862.12,
    "speaker":"老师",
    "text":"ying"
  },
  {
    "start":862.12,
    "end":863.24,
    "speaker":"老师",
    "text":" しt"
  },
  {
    "start":863.24,
    "end":864.16,
    "speaker":"老师",
    "text":"נ cuz"
  },
  {
    "start":867.32,
    "end":872.62,
    "speaker":"老师",
    "text":"那么我们可以用加权平均数来解决这个问题"
  },
  {
    "start":873.5,
    "end":880.08,
    "speaker":"老师",
    "text":"把假和乙的听说读写的成绩分别乘以对应的权"
  },
  {
    "start":880.84,
    "end":889.26,
    "speaker":"老师",
    "text":"然后相加之和除以权之和来得到假和乙的加权平均数"
  },
  {
    "start":890.2,
    "end":894.14,
    "speaker":"老师",
    "text":"显然假的成绩比乙高"
  },
  {
    "start":895.36,
    "end":897.66,
    "speaker":"老师",
    "text":"我们应该录取假"
  },
  {
    "start":901.06,
    "end":905.26,
    "speaker":"老师",
    "text":"将问题一二三我们来做比较"
  },
  {
    "start":905.26,
    "end":908.32,
    "speaker":"老师",
    "text":"你能体会到权的作用吗"
  },
  {
    "start":921.94,
    "end":923.2,
    "speaker":"老师",
    "text":"数据的权"
  },
  {
    "start":923.2,
    "end":924.12,
    "speaker":"老师",
    "text":"数据的权能够反映出"
  },
  {
    "start":924.12,
    "end":927.48,
    "speaker":"老师",
    "text":"数据的相对重要的程度"
  },
  {
    "start":931.62,
    "end":935.22,
    "speaker":"老师",
    "text":"同样一张应试者的应聘成绩单"
  },
  {
    "start":935.22,
    "end":939.06,
    "speaker":"老师",
    "text":"由于各个数据所附的权数不同"
  },
  {
    "start":939.06,
    "end":942.06,
    "speaker":"老师",
    "text":"造成的录取结果截然不同"
  },
  {
    "start":944.36,
    "end":944.88,
    "speaker":"老师",
    "text":"好"
  },
  {
    "start":944.88,
    "end":950.06,
    "speaker":"老师",
    "text":"接下来让我们去运用刚刚所学的知识来看看立体一吧"
  },
  {
    "start":952.08,
    "end":953.76,
    "speaker":"老师",
    "text":"一次演讲比赛中"
  },
  {
    "start":954.24,
    "end":961.96,
    "speaker":"老师",
    "text":"评委将从演讲内容演讲能力演讲效果三个方面为选手打分"
  },
  {
    "start":962.66,
    "end":984.1,
    "speaker":"老师",
    "text":"各项成绩均按百分之然后再按演讲内容占百分之五十演讲能力占百分之四十演讲效果占百分之十的比例计算选手的综合成绩百分之进入决赛的前两名选手的单项成绩如下"
  },
  {
    "start":984.1,
    "end":987.04,
    "speaker":"老师",
    "text":"请决出两人的名次"
  },
  {
    "start":992.76,
    "end":994.92,
    "speaker":"老师",
    "text":"我们先来思考一个问题"
  },
  {
    "start":995.9,
    "end":1006.02,
    "speaker":"老师",
    "text":"演讲内容演讲能力演讲效果三项成绩在总成绩中的重要程度用什么数据说明呢"
  },
  {
    "start":1020.14,
    "end":1022.28,
    "speaker":"老师",
    "text":"聪明你很快就会发现"
  },
  {
    "start":1024.16,
    "end":1027.88,
    "speaker":"老师",
    "text":"用了百分数来说明"
  },
  {
    "start":1027.88,
    "end":1040.26,
    "speaker":"老师",
    "text":"其中演讲内容对应的权是百分之五十演讲能力对应的权是百分之四十而演讲效果对应的权是百分之十"
  },
  {
    "start":1043.36,
    "end":1043.84,
    "speaker":"老师",
    "text":"那么"
  },
  {
    "start":1044.1,
    "end":1047.14,
    "speaker":"老师",
    "text":"接下来我们如何来决出名次呢"
  },
  {
    "start":1090.4,
    "end":1094.82,
    "speaker":"老师",
    "text":"我们可以算出选手A和选手B的总得分"
  },
  {
    "start":1094.82,
    "end":1101.46,
    "speaker":"老师",
    "text":"实质上就是计算出选手A和选手B的加权平均数"
  },
  {
    "start":1105.04,
    "end":1115.32,
    "speaker":"老师",
    "text":"我们可以把选手A演讲内容演讲能力演讲效果的得分分别乘以对应的权"
  },
  {
    "start":1117.52,
    "end":1123.96,
    "speaker":"老师",
    "text":"然后除以权之和得到选手A的最后得分是九十分"
  },
  {
    "start":1124.88,
    "end":1130.6,
    "speaker":"老师",
    "text":"同样的我们也可以得到选手B的最后得分是九十一分"
  },
  {
    "start":1132.12,
    "end":1134.08,
    "speaker":"老师",
    "text":"通过加权平均数的分数来决定选手A和选手B的最后得分是九十一分"
  },
  {
    "start":1134.1,
    "end":1135.06,
    "speaker":"老师",
    "text":"通过加权平均数的大小比较"
  },
  {
    "start":1135.74,
    "end":1142.6,
    "speaker":"老师",
    "text":"我们可以决出选手B获得第一名选手A获得第二名"
  },
  {
    "start":1144.98,
    "end":1148.9,
    "speaker":"老师",
    "text":"至此权的表现形式有两种"
  },
  {
    "start":1148.9,
    "end":1157.34,
    "speaker":"老师",
    "text":"除了我们前面所学的比例形式也可以是百分数的形式"
  },
  {
    "start":1161.24,
    "end":1163.82,
    "speaker":"老师",
    "text":"请同学们再来思考一个问题"
  },
  {
    "start":1164.4,
    "end":1171.98,
    "speaker":"老师",
    "text":"在这个表格中两名选手的单项成绩都是两个九十五分与一个八十五分"
  },
  {
    "start":1171.98,
    "end":1175.16,
    "speaker":"老师",
    "text":"为什么他们的最后得分不同呢"
  },
  {
    "start":1175.74,
    "end":1179.18,
    "speaker":"老师",
    "text":"从中你能体会到权的作用吗"
  },
  {
    "start":1194.1,
    "end":1206.66,
    "speaker":"学生",
    "text":"把调色和项目色调没 alors作说 iaut inte Mohi"
  },
  {
    "start":1206.66,
    "end":1210.9,
    "speaker":"学生",
    "text":"化作 渣扫桃弹"
  },
  {
    "start":1210.9,
    "end":1211.96,
    "speaker":"学生",
    "text":"装模"
  },
  {
    "start":1211.96,
    "end":1211.98,
    "speaker":"学生",
    "text":"语音"
  },
  {
    "start":1211.98,
    "end":1212.02,
    "speaker":"学生",
    "text":"小英 giants 更高差异"
  },
  {
    "start":1212.02,
    "end":1212.42,
    "speaker":"学生",
    "text":"品牌"
  },
  {
    "start":1212.42,
    "end":1222.08,
    "speaker":"学生",
    "text":"当时香港至少有달 兴之 emo digital 新 sieht"
  },
  {
    "start":1222.08,
    "end":1224.08,
    "speaker":"老师",
    "text":"我们会是一团线群 HOPE brush"
  },
  {
    "start":1226.14,
    "end":1231.04,
    "speaker":"老师",
    "text":"选手A和选手B演讲效果都是95分"
  },
  {
    "start":1232.2,
    "end":1236.0,
    "speaker":"老师",
    "text":"但是选手A的95分是演讲能力"
  },
  {
    "start":1236.0,
    "end":1239.12,
    "speaker":"老师",
    "text":"B的95分是演讲内容"
  },
  {
    "start":1239.12,
    "end":1241.16,
    "speaker":"老师",
    "text":"而根据提议可知"
  },
  {
    "start":1241.16,
    "end":1247.12,
    "speaker":"老师",
    "text":"演讲内容所占的权重比演讲能力所占的权重大"
  },
  {
    "start":1248.36,
    "end":1255.44,
    "speaker":"老师",
    "text":"所以A的95分就不如B的95分在综合成绩中占的分值大"
  },
  {
    "start":1256.04,
    "end":1260.26,
    "speaker":"老师",
    "text":"在此更能显示出权的重要性"
  },
  {
    "start":1264.82,
    "end":1268.56,
    "speaker":"老师",
    "text":"到此我们已经学习了加权平均数"
  },
  {
    "start":1268.56,
    "end":1272.56,
    "speaker":"老师",
    "text":"在实际生活中的广泛运用与价值"
  },
  {
    "start":1272.56,
    "end":1277.1,
    "speaker":"老师",
    "text":"接下来请同学们小试牛刀来做几道练习"
  },
  {
    "start":1277.12,
    "end":1280.34,
    "speaker":"老师",
    "text":"请看第一个练习"
  },
  {
    "start":1281.34,
    "end":1287.14,
    "speaker":"老师",
    "text":"一组数据为2 5 5 6 7"
  },
  {
    "start":1287.98,
    "end":1291.74,
    "speaker":"老师",
    "text":"则这组数据的平均数是多少呢"
  },
  {
    "start":1312.3,
    "end":1314.3,
    "speaker":"老师",
    "text":"赶紧开动脑筋算算吧"
  },
  {
    "start":1322.48,
    "end":1327.7,
    "speaker":"老师",
    "text":"由于这组数据中每个数据的重要程度都是一样的"
  },
  {
    "start":1327.7,
    "end":1332.64,
    "speaker":"老师",
    "text":"所以我们可以使用算数平均数来解决这个问题"
  },
  {
    "start":1333.38,
    "end":1336.98,
    "speaker":"老师",
    "text":"X8等于2加5加5加6加7"
  },
  {
    "start":1337.12,
    "end":1337.8,
    "speaker":"老师",
    "text":"除以5"
  },
  {
    "start":1337.8,
    "end":1341.2,
    "speaker":"老师",
    "text":"最后第一道题的答案是5"
  },
  {
    "start":1341.74,
    "end":1342.84,
    "speaker":"老师",
    "text":"你做对了吗"
  },
  {
    "start":1343.86,
    "end":1346.04,
    "speaker":"老师",
    "text":"我们再来看第二个练习"
  },
  {
    "start":1347.48,
    "end":1354.16,
    "speaker":"老师",
    "text":"如果已知一组数据2 3 4 X 6的平均数是5"
  },
  {
    "start":1355.9,
    "end":1359.46,
    "speaker":"老师",
    "text":"则这组数据中的X又是多少呢"
  },
  {
    "start":1361.24,
    "end":1367.1,
    "speaker":"老师",
    "text":"同样的我们可以利用算数平均数"
  },
  {
    "start":1367.12,
    "end":1375.14,
    "speaker":"老师",
    "text":"来得到五分之2加3加4加X加6等于5的这个等式"
  },
  {
    "start":1375.14,
    "end":1378.64,
    "speaker":"老师",
    "text":"从而解得X等于10"
  },
  {
    "start":1380.22,
    "end":1382.36,
    "speaker":"老师",
    "text":"同学们你又做对了吗"
  },
  {
    "start":1384.6,
    "end":1387.28,
    "speaker":"老师",
    "text":"好接下来我们看到练习3"
  },
  {
    "start":1388.26,
    "end":1394.9,
    "speaker":"老师",
    "text":"已知一组数据4 13 24的全数分别是"
  },
  {
    "start":1394.9,
    "end":1395.96,
    "speaker":"老师",
    "text":"六分之一"
  },
  {
    "start":1395.96,
    "end":1397.1,
    "speaker":"老师",
    "text":"三分之一"
  },
  {
    "start":1397.12,
    "end":1398.68,
    "speaker":"老师",
    "text":"二分之一"
  },
  {
    "start":1398.68,
    "end":1404.06,
    "speaker":"老师",
    "text":"这组数据中所占比中最大的数据是哪一个呢"
  },
  {
    "start":1404.98,
    "end":1408.32,
    "speaker":"老师",
    "text":"这组加全平均数又是多少呢"
  },
  {
    "start":1421.0,
    "end":1423.54,
    "speaker":"老师",
    "text":"有些同学很快就得到了"
  },
  {
    "start":1424.24,
    "end":1425.74,
    "speaker":"老师",
    "text":"第一空的答案是"
  },
  {
    "start":1428.02,
    "end":1434.62,
    "speaker":"老师",
    "text":"24通过把六分之一三分之一二分之一来进行大小比较"
  },
  {
    "start":1434.62,
    "end":1438.78,
    "speaker":"老师",
    "text":"我们可以知道24所占的比重最大"
  },
  {
    "start":1440.54,
    "end":1443.26,
    "speaker":"老师",
    "text":"那么这组加全平均数的答案"
  },
  {
    "start":1443.26,
    "end":1444.74,
    "speaker":"老师",
    "text":"同学们算出来了吗"
  },
  {
    "start":1467.6,
    "end":1469.06,
    "speaker":"老师",
    "text":"我们一起来看看吧"
  },
  {
    "start":1469.06,
    "end":1469.3,
    "speaker":"老师",
    "text":"我们一起来看看吧"
  },
  {
    "start":1470.06,
    "end":1483.82,
    "speaker":"老师",
    "text":"X拔等于六分之一加三分之一加二分之一分之4乘以六分之一加13乘以三分之一加24乘以二分之一的和"
  },
  {
    "start":1483.82,
    "end":1486.4,
    "speaker":"老师",
    "text":"最后它的结果等于"
  },
  {
    "start":1487.24,
    "end":1487.8,
    "speaker":"老师",
    "text":"17"
  },
  {
    "start":1492.6,
    "end":1494.8,
    "speaker":"老师",
    "text":"我们来看到练习室"
  },
  {
    "start":1495.78,
    "end":1497.38,
    "speaker":"老师",
    "text":"某次歌唱比赛"
  },
  {
    "start":1497.38,
    "end":1500.78,
    "speaker":"老师",
    "text":"两名选手的成绩如下表所示"
  },
  {
    "start":1501.38,
    "end":1504.0,
    "speaker":"老师",
    "text":"若按三项平均值取第一名"
  },
  {
    "start":1504.0,
    "end":1506.24,
    "speaker":"老师",
    "text":"则谁是第一名"
  },
  {
    "start":1507.82,
    "end":1509.02,
    "speaker":"老师",
    "text":"通过提议"
  },
  {
    "start":1509.02,
    "end":1510.34,
    "speaker":"老师",
    "text":"我们发现"
  },
  {
    "start":1511.26,
    "end":1514.24,
    "speaker":"老师",
    "text":"按三项平均值取第一名"
  },
  {
    "start":1514.24,
    "end":1516.24,
    "speaker":"老师",
    "text":"那么就代表"
  },
  {
    "start":1516.24,
    "end":1519.22,
    "speaker":"老师",
    "text":"创新畅攻综合知识"
  },
  {
    "start":1519.22,
    "end":1522.26,
    "speaker":"老师",
    "text":"这三项测试成绩同样重要"
  },
  {
    "start":1522.84,
    "end":1526.92,
    "speaker":"老师",
    "text":"我们可以启用算术平均数来计算"
  },
  {
    "start":1528.72,
    "end":1530.2,
    "speaker":"老师",
    "text":"通过计算"
  },
  {
    "start":1530.2,
    "end":1532.72,
    "speaker":"老师",
    "text":"我们可以得到选手A"
  },
  {
    "start":1533.24,
    "end":1538.3,
    "speaker":"老师",
    "text":"他的得分大约是74.67分"
  },
  {
    "start":1538.84,
    "end":1544.08,
    "speaker":"老师",
    "text":"选手B的得分约等于76.33分"
  },
  {
    "start":1545.16,
    "end":1546.22,
    "speaker":"老师",
    "text":"所以我们可以看到这三项平均值取的成绩是同样的"
  },
  {
    "start":1546.24,
    "end":1549.62,
    "speaker":"老师",
    "text":"我们就得到了选手B是第一名"
  },
  {
    "start":1552.94,
    "end":1555.92,
    "speaker":"老师",
    "text":"同样的老师把问题辨一辨"
  },
  {
    "start":1556.64,
    "end":1561.84,
    "speaker":"老师",
    "text":"若三项测试得分按3比6比1的比例"
  },
  {
    "start":1562.44,
    "end":1564.64,
    "speaker":"老师",
    "text":"确定个人的测试成绩"
  },
  {
    "start":1565.24,
    "end":1567.56,
    "speaker":"老师",
    "text":"此时第一名是谁呢"
  },
  {
    "start":1576.24,
    "end":1576.72,
    "speaker":"学生",
    "text":" Schnee"
  },
  {
    "start":1584.9,
    "end":1586.3,
    "speaker":"学生",
    "text":"终于是第二位了"
  },
  {
    "start":1586.3,
    "end":1587.94,
    "speaker":"学生",
    "text":"离开C座定中"
  },
  {
    "start":1587.94,
    "end":1606.22,
    "speaker":"学生",
    "text":"快溜下去了"
  },
  {
    "start":1609.6,
    "end":1612.84,
    "speaker":"老师",
    "text":"相信同学们肯定很快能够知道"
  },
  {
    "start":1612.84,
    "end":1616.48,
    "speaker":"老师",
    "text":"通过已知条件3比6比1"
  },
  {
    "start":1617.84,
    "end":1623.68,
    "speaker":"老师",
    "text":"赋予了创新、唱功、综合知识三项测试成绩的全"
  },
  {
    "start":1624.26,
    "end":1628.12,
    "speaker":"老师",
    "text":"其中唱功所占的比重更重"
  },
  {
    "start":1628.12,
    "end":1632.04,
    "speaker":"老师",
    "text":"所以我们可以使用加权平均数的公式"
  },
  {
    "start":1632.82,
    "end":1639.82,
    "speaker":"老师",
    "text":"来得到选手A和选手B他们的加权平均数"
  },
  {
    "start":1641.52,
    "end":1644.58,
    "speaker":"老师",
    "text":"选手A的平均分是79.3分"
  },
  {
    "start":1644.58,
    "end":1648.14,
    "speaker":"老师",
    "text":"选手B的平均分是76.9分"
  },
  {
    "start":1649.08,
    "end":1652.8,
    "speaker":"老师",
    "text":"所以此时第一名是选手A"
  },
  {
    "start":1656.56,
    "end":1660.3,
    "speaker":"老师",
    "text":"好,我们请同学们继续看练习5"
  },
  {
    "start":1661.48,
    "end":1665.1,
    "speaker":"老师",
    "text":"某公司欲招聘一名公关人员"
  },
  {
    "start":1665.1,
    "end":1670.16,
    "speaker":"老师",
    "text":"对甲乙两位应试者进行了面试和比试"
  },
  {
    "start":1670.16,
    "end":1673.74,
    "speaker":"老师",
    "text":"他们的成绩百分之如下表所示"
  },
  {
    "start":1674.5,
    "end":1678.56,
    "speaker":"老师",
    "text":"如果公司认为面试和比试成绩同等重要"
  },
  {
    "start":1678.56,
    "end":1682.64,
    "speaker":"老师",
    "text":"从他们的成绩看谁将被录取呢?"
  },
  {
    "start":1694.24,
    "end":1695.24,
    "speaker":"学生",
    "text":"我们将在这一刻开始"
  },
  {
    "start":1695.24,
    "end":1698.78,
    "speaker":"学生",
    "text":"这就是我们的成绩"
  },
  {
    "start":1698.78,
    "end":1698.8,
    "speaker":"学生",
    "text":"我们将在这个时光中"
  },
  {
    "start":1698.8,
    "end":1699.22,
    "speaker":"学生",
    "text":"互相互相共享"
  },
  {
    "start":1699.22,
    "end":1699.54,
    "speaker":"学生",
    "text":"我们将在这一刻"
  },
  {
    "start":1699.54,
    "end":1699.9,
    "speaker":"学生",
    "text":"在这一刻"
  },
  {
    "start":1699.9,
    "end":1700.16,
    "speaker":"学生",
    "text":"在这一刻"
  },
  {
    "start":1700.16,
    "end":1700.34,
    "speaker":"学生",
    "text":"在这一刻"
  },
  {
    "start":1700.34,
    "end":1715.22,
    "speaker":"学生",
    "text":"在这一刻"
  },
  {
    "start":1715.22,
    "end":1719.76,
    "speaker":"学生",
    "text":"在这一刻"
  },
  {
    "start":1720.3,
    "end":1721.42,
    "speaker":"学生",
    "text":"在这一刻"
  },
  {
    "start":1723.56,
    "end":1727.02,
    "speaker":"老师",
    "text":"我们找题目中的关键词"
  },
  {
    "start":1727.02,
    "end":1729.6,
    "speaker":"老师",
    "text":"我们找题目中的关键词"
  },
  {
    "start":1729.6,
    "end":1730.58,
    "speaker":"老师",
    "text":"同等重要"
  },
  {
    "start":1730.58,
    "end":1730.74,
    "speaker":"老师",
    "text":"同等重要"
  },
  {
    "start":1730.74,
    "end":1735.04,
    "speaker":"老师",
    "text":"那就意味着面试成绩和比试成绩"
  },
  {
    "start":1735.04,
    "end":1735.1,
    "speaker":"老师",
    "text":"那就意味着面试成绩和比试成绩"
  },
  {
    "start":1735.1,
    "end":1738.52,
    "speaker":"老师",
    "text":"我们可以看作1比1"
  },
  {
    "start":1738.52,
    "end":1739.52,
    "speaker":"老师",
    "text":"我们可以看作1比1"
  },
  {
    "start":1740.76,
    "end":1742.54,
    "speaker":"老师",
    "text":"所以我们可以使用"
  },
  {
    "start":1742.54,
    "end":1742.8,
    "speaker":"老师",
    "text":"所以我们可以使用"
  },
  {
    "start":1742.8,
    "end":1745.54,
    "speaker":"老师",
    "text":"算数平均数来解决这个问题"
  },
  {
    "start":1746.14,
    "end":1750.08,
    "speaker":"老师",
    "text":"从而得到甲的平均分是88分"
  },
  {
    "start":1750.08,
    "end":1750.14,
    "speaker":"老师",
    "text":"从而得到甲的平均分是88分"
  },
  {
    "start":1750.14,
    "end":1752.98,
    "speaker":"老师",
    "text":"乙的平均分是87.5分"
  },
  {
    "start":1753.68,
    "end":1754.3,
    "speaker":"老师",
    "text":"乙的平均分是87.5分"
  },
  {
    "start":1754.3,
    "end":1758.26,
    "speaker":"老师",
    "text":"所以甲的平均成绩高于乙的平均成绩"
  },
  {
    "start":1758.26,
    "end":1758.48,
    "speaker":"老师",
    "text":"所以甲的平均成绩高于乙的平均成绩"
  },
  {
    "start":1758.48,
    "end":1759.24,
    "speaker":"老师",
    "text":"所以甲的平均成绩高于乙的平均成绩"
  },
  {
    "start":1759.24,
    "end":1760.52,
    "speaker":"老师",
    "text":"录取甲"
  },
  {
    "start":1760.52,
    "end":1761.18,
    "speaker":"老师",
    "text":"录取甲"
  },
  {
    "start":1763.24,
    "end":1764.86,
    "speaker":"老师",
    "text":"如果公司认为"
  },
  {
    "start":1764.86,
    "end":1767.48,
    "speaker":"老师",
    "text":"作为公关人员面试成绩"
  },
  {
    "start":1767.48,
    "end":1770.14,
    "speaker":"老师",
    "text":"应该比比试成绩更重要"
  },
  {
    "start":1770.74,
    "end":1770.78,
    "speaker":"老师",
    "text":"应该比比试成绩更重要"
  },
  {
    "start":1771.74,
    "end":1775.44,
    "speaker":"老师",
    "text":"并分别赋予他们6和4的权"
  },
  {
    "start":1775.44,
    "end":1776.08,
    "speaker":"老师",
    "text":"并分别赋予他们6和4的权"
  },
  {
    "start":1776.08,
    "end":1779.88,
    "speaker":"老师",
    "text":"计算甲乙两人各自的平均成绩"
  },
  {
    "start":1781.74,
    "end":1809.86,
    "speaker":"老师",
    "text":"计算甲乙两人各自的平均成绩"
  },
  {
    "start":1809.88,
    "end":1815.34,
    "speaker":"学生",
    "text":"计算甲乙两人各自的平均成绩"
  },
  {
    "start":1815.34,
    "end":1825.26,
    "speaker":"学生",
    "text":"计算甲乙两人各自的平均成绩"
  },
  {
    "start":1825.26,
    "end":1826.92,
    "speaker":"老师",
    "text":"同样的"
  },
  {
    "start":1826.92,
    "end":1827.2,
    "speaker":"老师",
    "text":"同样的"
  },
  {
    "start":1827.2,
    "end":1827.46,
    "speaker":"老师",
    "text":"同样的"
  },
  {
    "start":1827.46,
    "end":1827.98,
    "speaker":"学生",
    "text":"同样的"
  },
  {
    "start":1827.98,
    "end":1828.02,
    "speaker":"学生",
    "text":"同样的"
  },
  {
    "start":1828.02,
    "end":1828.1,
    "speaker":"老师",
    "text":"同样的"
  },
  {
    "start":1828.1,
    "end":1829.42,
    "speaker":"老师",
    "text":"我们找关键字"
  },
  {
    "start":1829.42,
    "end":1832.66,
    "speaker":"老师",
    "text":"赋予了他们6和4的权"
  },
  {
    "start":1832.66,
    "end":1832.9,
    "speaker":"老师",
    "text":"赋予了他们6和4的权"
  },
  {
    "start":1832.9,
    "end":1835.92,
    "speaker":"老师",
    "text":"那么显然在面试和比试中"
  },
  {
    "start":1835.92,
    "end":1836.06,
    "speaker":"老师",
    "text":"那么显然在面试和比试中"
  },
  {
    "start":1836.06,
    "end":1839.24,
    "speaker":"老师",
    "text":"面试所占的比重更大"
  },
  {
    "start":1840.76,
    "end":1841.3,
    "speaker":"老师",
    "text":"面试所占的比重更大"
  },
  {
    "start":1841.3,
    "end":1843.42,
    "speaker":"老师",
    "text":"所以我们可以使用加权平均数"
  },
  {
    "start":1843.42,
    "end":1846.56,
    "speaker":"老师",
    "text":"来计算甲乙的平均成绩"
  },
  {
    "start":1846.56,
    "end":1848.1,
    "speaker":"老师",
    "text":"来计算甲乙的平均成绩"
  },
  {
    "start":1848.1,
    "end":1849.24,
    "speaker":"老师",
    "text":"我们可以得到"
  },
  {
    "start":1849.88,
    "end":1853.08,
    "speaker":"老师",
    "text":"甲乙的平均成绩是87.6分"
  },
  {
    "start":1853.08,
    "end":1853.72,
    "speaker":"老师",
    "text":"甲乙的平均成绩是87.6分"
  },
  {
    "start":1853.72,
    "end":1856.94,
    "speaker":"老师",
    "text":"而乙的平均成绩是88.4分"
  },
  {
    "start":1856.94,
    "end":1857.04,
    "speaker":"老师",
    "text":"而乙的平均成绩是88.4分"
  },
  {
    "start":1857.76,
    "end":1859.76,
    "speaker":"老师",
    "text":"所以在这个问题中"
  },
  {
    "start":1859.76,
    "end":1863.18,
    "speaker":"老师",
    "text":"乙的平均成绩高于甲乙的平均成绩"
  },
  {
    "start":1863.18,
    "end":1863.28,
    "speaker":"老师",
    "text":"乙的平均成绩高于甲乙的平均成绩"
  },
  {
    "start":1863.28,
    "end":1865.2,
    "speaker":"老师",
    "text":"我们应该录取乙"
  },
  {
    "start":1865.2,
    "end":1866.48,
    "speaker":"老师",
    "text":"我们应该录取乙"
  },
  {
    "start":1867.72,
    "end":1869.74,
    "speaker":"老师",
    "text":"请看练习6"
  },
  {
    "start":1870.9,
    "end":1871.46,
    "speaker":"老师",
    "text":"请看练习6"
  },
  {
    "start":1871.46,
    "end":1872.5,
    "speaker":"老师",
    "text":"陈光中学规定"
  },
  {
    "start":1872.5,
    "end":1876.04,
    "speaker":"老师",
    "text":"学生的学期体育成绩满分为100"
  },
  {
    "start":1876.04,
    "end":1876.6,
    "speaker":"老师",
    "text":"学生的学期体育成绩满分为100"
  },
  {
    "start":1876.6,
    "end":1880.56,
    "speaker":"老师",
    "text":"其中早锻炼及体育课外活动"
  },
  {
    "start":1880.56,
    "end":1880.68,
    "speaker":"老师",
    "text":"其中早锻炼及体育课外活动"
  },
  {
    "start":1880.68,
    "end":1882.02,
    "speaker":"老师",
    "text":"占20%"
  },
  {
    "start":1882.02,
    "end":1885.82,
    "speaker":"老师",
    "text":"其中考试成绩占30%"
  },
  {
    "start":1885.82,
    "end":1886.18,
    "speaker":"老师",
    "text":"其中考试成绩占30%"
  },
  {
    "start":1886.18,
    "end":1889.58,
    "speaker":"老师",
    "text":"期末考试成绩占50%"
  },
  {
    "start":1889.58,
    "end":1891.94,
    "speaker":"老师",
    "text":"小童的三项成绩"
  },
  {
    "start":1891.94,
    "end":1894.82,
    "speaker":"老师",
    "text":"1次是95%"
  },
  {
    "start":1894.82,
    "end":1894.86,
    "speaker":"老师",
    "text":"1次是95%"
  },
  {
    "start":1894.86,
    "end":1897.08,
    "speaker":"老师",
    "text":"90% 85%"
  },
  {
    "start":1899.88,
    "end":1900.12,
    "speaker":"老师",
    "text":"90%"
  },
  {
    "start":1900.12,
    "end":1900.2,
    "speaker":"老师",
    "text":"90%"
  },
  {
    "start":1900.2,
    "end":1900.72,
    "speaker":"老师",
    "text":"90%"
  },
  {
    "start":1900.72,
    "end":1901.32,
    "speaker":"老师",
    "text":"90%"
  }
]