[
  {
    "start": 10.6,
    "end": 11.96,
    "speaker": "老师",
    "text": "同学们好，"
  },
  {
    "start": 11.96,
    "end": 14.7,
    "speaker": "老师",
    "text": "我们今天又见面了。"
  },
  {
    "start": 14.72,
    "end": 16.18,
    "speaker": "老师",
    "text": "前面几节课，"
  },
  {
    "start": 16.18,
    "end": 20.75,
    "speaker": "老师",
    "text": "我们学习了二十点一节的内容，"
  },
  {
    "start": 20.85,
    "end": 24.71,
    "speaker": "老师",
    "text": "平均数众数中位数。"
  },
  {
    "start": 25.15,
    "end": 25.97,
    "speaker": "老师",
    "text": "今天，"
  },
  {
    "start": 25.97,
    "end": 30.75,
    "speaker": "老师",
    "text": "我们从以下三个方面入手，"
  },
  {
    "start": 30.77,
    "end": 35.74,
    "speaker": "老师",
    "text": "一、追本溯源回归课本。"
  },
  {
    "start": 36.52,
    "end": 42.11,
    "speaker": "老师",
    "text": "二、练习讲评学会分析。"
  },
  {
    "start": 42.11,
    "end": 44.69,
    "speaker": "老师",
    "text": "三、领悟本质，"
  },
  {
    "start": 44.69,
    "end": 47.68,
    "speaker": "老师",
    "text": "活学活用。"
  },
  {
    "start": 47.74,
    "end": 50.97,
    "speaker": "老师",
    "text": "二十点一节。"
  },
  {
    "start": 51.01,
    "end": 54.41,
    "speaker": "老师",
    "text": "我们学习了数据的集中趋势。"
  },
  {
    "start": 54.41,
    "end": 59.83,
    "speaker": "老师",
    "text": "那么所谓数据的集中趋势，"
  },
  {
    "start": 59.85,
    "end": 63.31,
    "speaker": "老师",
    "text": "同学们可能会有点陌生。"
  },
  {
    "start": 63.35,
    "end": 71.67,
    "speaker": "老师",
    "text": "集中趋势一组数据向某一中心值靠拢的倾向。"
  },
  {
    "start": 72.13,
    "end": 76.03,
    "speaker": "老师",
    "text": "度量集中趋势，"
  },
  {
    "start": 76.03,
    "end": 82.85,
    "speaker": "老师",
    "text": "寻找数据一般水平的代表值或中心值。"
  },
  {
    "start": 82.85,
    "end": 90.26,
    "speaker": "老师",
    "text": "前面它的代表值有我们学过的平均数，"
  },
  {
    "start": 90.26,
    "end": 94.47,
    "speaker": "老师",
    "text": "平均数分为几类。"
  },
  {
    "start": 94.53,
    "end": 98.97,
    "speaker": "老师",
    "text": "在这里我们学习算术平均数，"
  },
  {
    "start": 100.69,
    "end": 109.38,
    "speaker": "老师",
    "text": "算术平均数呢又分为简单的算术平均数，"
  },
  {
    "start": 109.38,
    "end": 111.92,
    "speaker": "老师",
    "text": "简称算术平均数，"
  },
  {
    "start": 112.7,
    "end": 117.02,
    "speaker": "老师",
    "text": "还有加权算术平均数，"
  },
  {
    "start": 117.3,
    "end": 121.3,
    "speaker": "老师",
    "text": "简称加权平均数。"
  },
  {
    "start": 121.66,
    "end": 130.13,
    "speaker": "老师",
    "text": "什么叫做加权平均数呢？"
  },
  {
    "start": 130.13,
    "end": 151.77,
    "speaker": "老师",
    "text": "一般的若n个数x一、x二XN的权分别是w一、w二WN则x八等于x一乘，"
  },
  {
    "start": 152.09,
    "end": 162.97,
    "speaker": "老师",
    "text": "w一加x二乘w二加XN乘WN除以它们的全之和。"
  },
  {
    "start": 163.68,
    "end": 177.22,
    "speaker": "老师",
    "text": "W一加w二加WN叫做这n个数的加权平均数算术平均数，"
  },
  {
    "start": 177.24,
    "end": 182.56,
    "speaker": "老师",
    "text": "是加权平均数的一种特殊情况，"
  },
  {
    "start": 183.2,
    "end": 188.9,
    "speaker": "老师",
    "text": "它特殊在各项的全相等。"
  },
  {
    "start": 188.96,
    "end": 195.14,
    "speaker": "老师",
    "text": "加权平均数的其他形式。"
  },
  {
    "start": 195.24,
    "end": 199.67,
    "speaker": "老师",
    "text": "在求n个数的算术平均数时，"
  },
  {
    "start": 199.67,
    "end": 214.69,
    "speaker": "老师",
    "text": "如果x一出现f一次x二出现f二次XK出现FK次，"
  },
  {
    "start": 216.71,
    "end": 255.67,
    "speaker": "老师",
    "text": "这里f一加f二加FK等于n那么这n个数的算术平均数x拔等于x一乘f一加上x二乘f二加XK乘FK除以n也叫做x一、x二XK这k个数的加权平均数，"
  },
  {
    "start": 255.71,
    "end": 269.18,
    "speaker": "老师",
    "text": "其中f一、f二FK分别叫做x一、x二XK的全。"
  },
  {
    "start": 269.18,
    "end": 272.24,
    "speaker": "老师",
    "text": "下面我们来做做练习，"
  },
  {
    "start": 272.24,
    "end": 307.93,
    "speaker": "老师",
    "text": "请看练习一若一组数据，"
  },
  {
    "start": 308.23,
    "end": 315.08,
    "speaker": "老师",
    "text": "三四五x六七的平均数是五则x值是多少？"
  },
  {
    "start": 315.26,
    "end": 326.27,
    "speaker": "老师",
    "text": "我们发现这道题它是一道求算术平均数的题。"
  },
  {
    "start": 326.37,
    "end": 332.83,
    "speaker": "老师",
    "text": "那么它们的全又有什么特点呢？"
  },
  {
    "start": 333.01,
    "end": 338.36,
    "speaker": "老师",
    "text": "同学们思考一下，"
  },
  {
    "start": 338.42,
    "end": 340.18,
    "speaker": "老师",
    "text": "同学们，"
  },
  {
    "start": 340.26,
    "end": 343.66,
    "speaker": "老师",
    "text": "你们思考好了吗？"
  },
  {
    "start": 344.16,
    "end": 345.57,
    "speaker": "老师",
    "text": "对的，"
  },
  {
    "start": 347.41,
    "end": 352.0,
    "speaker": "老师",
    "text": "我们发现它的全是相等的。"
  },
  {
    "start": 352.0,
    "end": 357.23,
    "speaker": "老师",
    "text": "你明白一题意可知，"
  },
  {
    "start": 357.29,
    "end": 363.91,
    "speaker": "老师",
    "text": "x拔会等于三加四，"
  },
  {
    "start": 364.15,
    "end": 371.35,
    "speaker": "老师",
    "text": "加五加x加六加七除以六个，"
  },
  {
    "start": 371.45,
    "end": 375.09,
    "speaker": "老师",
    "text": "一相加等于五，"
  },
  {
    "start": 375.09,
    "end": 379.33,
    "speaker": "老师",
    "text": "即x拔等于三加四，"
  },
  {
    "start": 379.35,
    "end": 384.67,
    "speaker": "老师",
    "text": "加五加x加六加七除以六等于五，"
  },
  {
    "start": 384.71,
    "end": 389.13,
    "speaker": "老师",
    "text": "二十五加x除以六等于五，"
  },
  {
    "start": 389.17,
    "end": 394.85,
    "speaker": "老师",
    "text": "二十五加x等于三十，"
  },
  {
    "start": 395.73,
    "end": 398.4,
    "speaker": "老师",
    "text": "求出x等于五，"
  },
  {
    "start": 398.42,
    "end": 401.81,
    "speaker": "老师",
    "text": "所以则x的值是五。"
  },
  {
    "start": 402.66,
    "end": 411.8,
    "speaker": "老师",
    "text": "接下来我们来看看书上的练习教材习题二十点一。"
  },
  {
    "start": 411.82,
    "end": 412.88,
    "speaker": "老师",
    "text": "第一题，"
  },
  {
    "start": 413.2,
    "end": 417.23,
    "speaker": "老师",
    "text": "公司有十五名员工，"
  },
  {
    "start": 417.25,
    "end": 423.97,
    "speaker": "老师",
    "text": "他们所在部门即相应每人所创年。"
  },
  {
    "start": 423.99,
    "end": 426.51,
    "speaker": "老师",
    "text": "利润如下表所示，"
  },
  {
    "start": 426.59,
    "end": 432.66,
    "speaker": "老师",
    "text": "部门分为ABCD四个部门，"
  },
  {
    "start": 432.66,
    "end": 435.46,
    "speaker": "老师",
    "text": "a部门每人所创，"
  },
  {
    "start": 436.26,
    "end": 438.78,
    "speaker": "老师",
    "text": "年利润十万元，"
  },
  {
    "start": 438.84,
    "end": 440.16,
    "speaker": "老师",
    "text": "有一人，"
  },
  {
    "start": 440.16,
    "end": 447.6,
    "speaker": "老师",
    "text": "b部门每人所创，"
  },
  {
    "start": 448.5,
    "end": 452.12,
    "speaker": "老师",
    "text": "年利润八万元有三人。"
  },
  {
    "start": 452.64,
    "end": 461.35,
    "speaker": "老师",
    "text": "C部门每人所创年利润五万元，"
  },
  {
    "start": 461.41,
    "end": 462.47,
    "speaker": "老师",
    "text": "有七人。"
  },
  {
    "start": 462.47,
    "end": 474.48,
    "speaker": "老师",
    "text": "第一部门每人所创年利润三万元有四人。"
  },
  {
    "start": 474.76,
    "end": 485.3,
    "speaker": "老师",
    "text": "这个公司平均每人所创年利润是多少呢？"
  },
  {
    "start": 485.44,
    "end": 490.56,
    "speaker": "老师",
    "text": "看到这组数据表，"
  },
  {
    "start": 491.2,
    "end": 503.8,
    "speaker": "老师",
    "text": "我们可以知道这个是一道求加权平均数的题。"
  },
  {
    "start": 503.9,
    "end": 507.96,
    "speaker": "老师",
    "text": "人数一三七四，"
  },
  {
    "start": 508.02,
    "end": 517.44,
    "speaker": "老师",
    "text": "分别是每人所创年利润十八五三的权。"
  },
  {
    "start": 517.58,
    "end": 525.76,
    "speaker": "老师",
    "text": "依据加权平均数的其他形式公式，"
  },
  {
    "start": 525.76,
    "end": 551.29,
    "speaker": "老师",
    "text": "x八等于x一乘f一加x二乘f二加XK乘FK除以n你的解这个公司平均每人所创年利润是x拔等于十乘一加八乘三加五乘七加三乘四除以十五等于五点四万元。"
  },
  {
    "start": 551.29,
    "end": 551.95,
    "speaker": "老师",
    "text": "注意，"
  },
  {
    "start": 552.55,
    "end": 553.69,
    "speaker": "老师",
    "text": "单位要写答，"
  },
  {
    "start": 554.31,
    "end": 556.87,
    "speaker": "老师",
    "text": "这个公司平均每人所创，"
  },
  {
    "start": 556.91,
    "end": 561.6,
    "speaker": "老师",
    "text": "年利润是五点四万元，"
  },
  {
    "start": 561.6,
    "end": 565.62,
    "speaker": "老师",
    "text": "请看教材习题二十点一。"
  },
  {
    "start": 565.74,
    "end": 572.7,
    "speaker": "老师",
    "text": "第三题为了检查一批零件的质量，"
  },
  {
    "start": 572.7,
    "end": 580.01,
    "speaker": "老师",
    "text": "从中随机抽取了十件测得它们的长度。"
  },
  {
    "start": 581.95,
    "end": 583.93,
    "speaker": "老师",
    "text": "单位毫米如下，"
  },
  {
    "start": 583.93,
    "end": 585.83,
    "speaker": "老师",
    "text": "二十二点三六，"
  },
  {
    "start": 585.83,
    "end": 588.05,
    "speaker": "老师",
    "text": "二十二点三五，"
  },
  {
    "start": 588.07,
    "end": 602.61,
    "speaker": "老师",
    "text": "二十二点三三二十二点三五、二十二点三七、二十二点三四、二十二点三八，"
  },
  {
    "start": 602.73,
    "end": 604.29,
    "speaker": "老师",
    "text": "二十二点三六，"
  },
  {
    "start": 604.45,
    "end": 607.29,
    "speaker": "老师",
    "text": "二十二点三二二十二点三五。"
  },
  {
    "start": 607.65,
    "end": 610.05,
    "speaker": "老师",
    "text": "根据以上数据估计，"
  },
  {
    "start": 610.05,
    "end": 612.51,
    "speaker": "老师",
    "text": "这批零件的平均长度，"
  },
  {
    "start": 612.51,
    "end": 615.43,
    "speaker": "老师",
    "text": "我们看到这十个数据，"
  },
  {
    "start": 615.57,
    "end": 617.77,
    "speaker": "老师",
    "text": "求出他们的平均数。"
  },
  {
    "start": 617.77,
    "end": 622.67,
    "speaker": "老师",
    "text": "这道题是一道算术平均数题，"
  },
  {
    "start": 622.67,
    "end": 628.46,
    "speaker": "老师",
    "text": "抽取十件零件的长度组成了一个样本，"
  },
  {
    "start": 629.12,
    "end": 646.65,
    "speaker": "老师",
    "text": "可以利用样本的平均长度来估计这批零件的平均长度解依据题意x八等于二十二点三六加二十二点三，"
  },
  {
    "start": 646.73,
    "end": 652.01,
    "speaker": "老师",
    "text": "五加二十二点三三加二十二点三，"
  },
  {
    "start": 652.01,
    "end": 673.47,
    "speaker": "老师",
    "text": "五加二十二点三七加二十二点三四加二十二点三八加二十二点三六加二十二点三二加二十二点三五除以十。"
  },
  {
    "start": 673.71,
    "end": 676.32,
    "speaker": "老师",
    "text": "数据比较长，"
  },
  {
    "start": 676.34,
    "end": 681.65,
    "speaker": "老师",
    "text": "同学们计算的时候一定要仔细，"
  },
  {
    "start": 681.67,
    "end": 685.43,
    "speaker": "老师",
    "text": "我看看等于十分之二百二。"
  },
  {
    "start": 685.43,
    "end": 691.83,
    "speaker": "老师",
    "text": "十三点五一等于二十二点三五一毫米，"
  },
  {
    "start": 691.89,
    "end": 698.47,
    "speaker": "老师",
    "text": "即样本平均数为二十二点三五一毫米，"
  },
  {
    "start": 698.53,
    "end": 700.09,
    "speaker": "老师",
    "text": "看一看。"
  },
  {
    "start": 700.51,
    "end": 701.35,
    "speaker": "老师",
    "text": "因此，"
  },
  {
    "start": 701.85,
    "end": 703.69,
    "speaker": "老师",
    "text": "可以估计，"
  },
  {
    "start": 703.75,
    "end": 714.11,
    "speaker": "老师",
    "text": "这批零件的平均长度大约是二十二点三五一毫米。"
  },
  {
    "start": 714.11,
    "end": 722.91,
    "speaker": "老师",
    "text": "注意了这道题体会了用样本估计总体的思想，"
  },
  {
    "start": 723.01,
    "end": 728.22,
    "speaker": "老师",
    "text": "请看教材习题二十点一。"
  },
  {
    "start": 728.28,
    "end": 729.56,
    "speaker": "老师",
    "text": "第四题，"
  },
  {
    "start": 729.68,
    "end": 734.26,
    "speaker": "老师",
    "text": "在一次青年歌手演唱比赛中，"
  },
  {
    "start": 734.26,
    "end": 799.1,
    "speaker": "老师",
    "text": "评分办法采用十位评委现场打分。"
  },
  {
    "start": 799.1,
    "end": 807.04,
    "speaker": "老师",
    "text": "每位选手的最后得分为去掉最低分最高分后的平均数。"
  },
  {
    "start": 807.04,
    "end": 812.8,
    "speaker": "老师",
    "text": "已知十位评委该给某位歌手的打分是，"
  },
  {
    "start": 813.12,
    "end": 831.71,
    "speaker": "老师",
    "text": "九点五、九点五、九点三、九点八九点五、九点八九点六、九点五、九点二、九点六。"
  },
  {
    "start": 832.27,
    "end": 836.71,
    "speaker": "老师",
    "text": "求这位歌手的最后得分。"
  },
  {
    "start": 836.97,
    "end": 841.54,
    "speaker": "老师",
    "text": "同学们看看这组数据，"
  },
  {
    "start": 841.56,
    "end": 847.96,
    "speaker": "老师",
    "text": "求平均数是我们的一道求算术平均数的题。"
  },
  {
    "start": 847.98,
    "end": 853.78,
    "speaker": "老师",
    "text": "那么去掉最高分和最低分，"
  },
  {
    "start": 855.19,
    "end": 857.93,
    "speaker": "老师",
    "text": "这个目的是什么呢？"
  },
  {
    "start": 857.95,
    "end": 862.54,
    "speaker": "老师",
    "text": "同学们思考一下。"
  },
  {
    "start": 862.54,
    "end": 863.32,
    "speaker": "老师",
    "text": "同学们，"
  },
  {
    "start": 863.32,
    "end": 865.48,
    "speaker": "老师",
    "text": "你们想好了吗？"
  },
  {
    "start": 865.7,
    "end": 871.74,
    "speaker": "老师",
    "text": "去掉一个最高分和一个最低分，"
  },
  {
    "start": 871.86,
    "end": 877.58,
    "speaker": "老师",
    "text": "再求剩余成绩的平均数。"
  },
  {
    "start": 877.58,
    "end": 884.22,
    "speaker": "老师",
    "text": "这样做的原因是减小极端值的影响，"
  },
  {
    "start": 884.22,
    "end": 889.78,
    "speaker": "老师",
    "text": "使选手的成绩尽可能的公平，"
  },
  {
    "start": 890.06,
    "end": 895.1,
    "speaker": "老师",
    "text": "这是一道算术平均数题，"
  },
  {
    "start": 895.91,
    "end": 898.55,
    "speaker": "老师",
    "text": "它们的全相等解。"
  },
  {
    "start": 898.55,
    "end": 907.31,
    "speaker": "老师",
    "text": "这位歌手的最后得分是x拔会等于余，"
  },
  {
    "start": 907.31,
    "end": 931.9,
    "speaker": "老师",
    "text": "剩下的八位评委的打分之和除以八九点五加九点五加九点三加九点四加九点六加九点五加九点二加九点六除以八等于八分之七十五点六，"
  },
  {
    "start": 931.92,
    "end": 934.4,
    "speaker": "老师",
    "text": "等于九点四五分。"
  },
  {
    "start": 934.44,
    "end": 934.94,
    "speaker": "老师",
    "text": "答。"
  },
  {
    "start": 936.14,
    "end": 943.47,
    "speaker": "老师",
    "text": "这位歌手的最后得分是九点四五分，"
  },
  {
    "start": 943.55,
    "end": 949.89,
    "speaker": "老师",
    "text": "生活中会遇到很多类似的这种情况。"
  },
  {
    "start": 950.43,
    "end": 953.71,
    "speaker": "老师",
    "text": "请看教材习题二十点一。"
  },
  {
    "start": 953.77,
    "end": 955.45,
    "speaker": "老师",
    "text": "第五题，"
  },
  {
    "start": 955.63,
    "end": 958.97,
    "speaker": "老师",
    "text": "某商场招聘员工一名，"
  },
  {
    "start": 959.09,
    "end": 961.99,
    "speaker": "老师",
    "text": "现有甲乙丙三人竞聘，"
  },
  {
    "start": 962.03,
    "end": 967.73,
    "speaker": "老师",
    "text": "通过计算机语言和商品知识三项测试，"
  },
  {
    "start": 967.81,
    "end": 975.92,
    "speaker": "老师",
    "text": "他们各自乘绩百分制如下表所示，"
  },
  {
    "start": 976.86,
    "end": 985.12,
    "speaker": "老师",
    "text": "应试者甲乙丙计算机的分数分别是七十九、十五、十，"
  },
  {
    "start": 985.16,
    "end": 999.39,
    "speaker": "老师",
    "text": "语言分别是五十、七十、五六十商品知识分别是八十四、十五、八十五、一小本。"
  },
  {
    "start": 999.39,
    "end": 1002.88,
    "speaker": "老师",
    "text": "若商场需要招聘，"
  },
  {
    "start": 1003.42,
    "end": 1014.06,
    "speaker": "老师",
    "text": "负责将商品拆装上架的人员对计算机语言和商品知识分别赋权二三五计算，"
  },
  {
    "start": 1014.06,
    "end": 1017.32,
    "speaker": "老师",
    "text": "三名应试者的平均成绩。"
  },
  {
    "start": 1017.34,
    "end": 1019.02,
    "speaker": "老师",
    "text": "从成绩来看，"
  },
  {
    "start": 1019.02,
    "end": 1021.62,
    "speaker": "老师",
    "text": "应该录取谁？"
  },
  {
    "start": 1021.64,
    "end": 1022.84,
    "speaker": "老师",
    "text": "二小问，"
  },
  {
    "start": 1022.86,
    "end": 1186.24,
    "speaker": "老师",
    "text": "若商场需要招聘电脑、收银员、计算机、语言、商品知识成绩分别占百分之五十、百分之三十、百分之二十，"
  },
  {
    "start": 1186.3,
    "end": 1194.37,
    "speaker": "老师",
    "text": "计算三名议试者的平均成绩。"
  },
  {
    "start": 1194.93,
    "end": 1196.67,
    "speaker": "老师",
    "text": "从成绩来看，"
  },
  {
    "start": 1196.67,
    "end": 1199.83,
    "speaker": "老师",
    "text": "又应录取谁？"
  },
  {
    "start": 1200.39,
    "end": 1206.99,
    "speaker": "老师",
    "text": "这道题是求加权平均数的问题。"
  },
  {
    "start": 1207.07,
    "end": 1213.13,
    "speaker": "老师",
    "text": "根据商场需要一二问的权不一样，"
  },
  {
    "start": 1213.21,
    "end": 1224.9,
    "speaker": "老师",
    "text": "一小问二三五分别是计算机、语言、商品知识三项乘积的权，"
  },
  {
    "start": 1224.92,
    "end": 1234.22,
    "speaker": "老师",
    "text": "说明了这三种成绩在总成绩中的重要程度。"
  },
  {
    "start": 1234.24,
    "end": 1235.7,
    "speaker": "老师",
    "text": "二小问，"
  },
  {
    "start": 1235.74,
    "end": 1243.9,
    "speaker": "老师",
    "text": "计算机语言、商品知识三项成绩的全是百分数，"
  },
  {
    "start": 1244.2,
    "end": 1251.99,
    "speaker": "老师",
    "text": "分别是百分之五十、百分之三十、百分之二十，"
  },
  {
    "start": 1252.01,
    "end": 1261.13,
    "speaker": "老师",
    "text": "说明了这三种成绩在总成绩中的重要程度。"
  },
  {
    "start": 1261.53,
    "end": 1265.55,
    "speaker": "老师",
    "text": "依据加权平均数公式，"
  },
  {
    "start": 1268.82,
    "end": 1281.02,
    "speaker": "老师",
    "text": "x拔等于x一乘w一加x二乘w二加XN乘WN除以w一加w二加WN."
  },
  {
    "start": 1281.02,
    "end": 1284.66,
    "speaker": "老师",
    "text": "请同学们拿出纸笔做一做。"
  },
  {
    "start": 1285.22,
    "end": 1288.02,
    "speaker": "老师",
    "text": "同学们做好了吗？"
  },
  {
    "start": 1288.12,
    "end": 1290.1,
    "speaker": "老师",
    "text": "与老师对对答案。"
  },
  {
    "start": 1290.1,
    "end": 1291.36,
    "speaker": "老师",
    "text": "解一小问，"
  },
  {
    "start": 1291.36,
    "end": 1306.7,
    "speaker": "老师",
    "text": "依据加权平均数公式x加八会等于七十乘二加五十乘三加八十乘五除以它们的全之和。"
  },
  {
    "start": 1306.7,
    "end": 1310.28,
    "speaker": "老师",
    "text": "二加三加五等于六十九分，"
  },
  {
    "start": 1310.28,
    "end": 1314.4,
    "speaker": "老师",
    "text": "x乙拔会等于九十乘二加七十五，"
  },
  {
    "start": 1314.88,
    "end": 1326.45,
    "speaker": "老师",
    "text": "乘三加四十五乘五除以二加三加五等于六十三分，"
  },
  {
    "start": 1326.73,
    "end": 1338.89,
    "speaker": "老师",
    "text": "x柄拔等于五十乘二加六十乘三加八十五乘五除以二加三加五等于七十点五分。"
  },
  {
    "start": 1338.89,
    "end": 1341.75,
    "speaker": "老师",
    "text": "从数据来看，"
  },
  {
    "start": 1341.75,
    "end": 1346.52,
    "speaker": "老师",
    "text": "七十点五大于六十九，"
  },
  {
    "start": 1346.6,
    "end": 1348.34,
    "speaker": "老师",
    "text": "大于六十三，"
  },
  {
    "start": 1348.42,
    "end": 1350.72,
    "speaker": "老师",
    "text": "即x丙拔，"
  },
  {
    "start": 1350.94,
    "end": 1353.38,
    "speaker": "老师",
    "text": "大于x甲拔，"
  },
  {
    "start": 1353.42,
    "end": 1356.95,
    "speaker": "老师",
    "text": "大于x乙拔。"
  },
  {
    "start": 1358.76,
    "end": 1362.08,
    "speaker": "老师",
    "text": "所以从成绩上看，"
  },
  {
    "start": 1362.14,
    "end": 1369.14,
    "speaker": "老师",
    "text": "应该录取丙二小们。"
  },
  {
    "start": 1369.14,
    "end": 1373.06,
    "speaker": "老师",
    "text": "依据加权平均数公式，"
  },
  {
    "start": 1373.74,
    "end": 1381.92,
    "speaker": "老师",
    "text": "x甲拔等于七十乘百分之五十，"
  },
  {
    "start": 1381.92,
    "end": 1389.88,
    "speaker": "老师",
    "text": "加上五十乘百分之三十加八十乘百分之二十，"
  },
  {
    "start": 1390.04,
    "end": 1397.79,
    "speaker": "老师",
    "text": "除以百分之五十加百分之三十加百分之二十，"
  },
  {
    "start": 1397.85,
    "end": 1404.33,
    "speaker": "老师",
    "text": "也就是除以百分之百等于六十六分。"
  },
  {
    "start": 1406.36,
    "end": 1422.19,
    "speaker": "老师",
    "text": "X乙拔等于九十乘百分之五十加七十五乘百分之三十加四十五乘百分之二十，"
  },
  {
    "start": 1422.39,
    "end": 1433.25,
    "speaker": "老师",
    "text": "除以百分之五十加百分之三十加百分之二十等于七十六点五分。"
  },
  {
    "start": 1433.25,
    "end": 1446.79,
    "speaker": "老师",
    "text": "X柄拔等于五十乘百分之五十加六十乘百分之三十加八十五乘百分之二十，"
  },
  {
    "start": 1446.79,
    "end": 1456.58,
    "speaker": "老师",
    "text": "除以百分之五十加百分之三十加百分之二十等于六十分。"
  },
  {
    "start": 1457.78,
    "end": 1464.57,
    "speaker": "老师",
    "text": "因为七十六点五大于六十六大于六十，"
  },
  {
    "start": 1464.59,
    "end": 1470.31,
    "speaker": "老师",
    "text": "那么即x乙拔大于x甲拔大于x丙拔。"
  },
  {
    "start": 1470.31,
    "end": 1473.39,
    "speaker": "老师",
    "text": "所以从成绩上看，"
  },
  {
    "start": 1473.41,
    "end": 1475.15,
    "speaker": "老师",
    "text": "应该录取乙。"
  },
  {
    "start": 1475.15,
    "end": 1477.35,
    "speaker": "老师",
    "text": "通过计算，"
  },
  {
    "start": 1477.61,
    "end": 1482.75,
    "speaker": "老师",
    "text": "我们发现它们的权重不同，"
  },
  {
    "start": 1482.77,
    "end": 1486.51,
    "speaker": "老师",
    "text": "结果是不同的。"
  },
  {
    "start": 1486.61,
    "end": 1500.45,
    "speaker": "老师",
    "text": "接下来我们看到这堂课的最后一道习题教材习题的二十点一第六题，"
  },
  {
    "start": 1500.45,
    "end": 1505.33,
    "speaker": "老师",
    "text": "某地某个月中午是二时的气温，"
  },
  {
    "start": 1505.33,
    "end": 1507.19,
    "speaker": "老师",
    "text": "单位摄氏度如下，"
  },
  {
    "start": 1507.19,
    "end": 1514.79,
    "speaker": "老师",
    "text": "这些数据是一个月的十二时的气温，"
  },
  {
    "start": 1514.79,
    "end": 1526.41,
    "speaker": "老师",
    "text": "一求这个月中午十二时的平均气温结果取整数。"
  },
  {
    "start": 1526.41,
    "end": 1533.99,
    "speaker": "老师",
    "text": "二、请以四为主据对数据分组做出频数分布表，"
  },
  {
    "start": 1533.99,
    "end": 1537.09,
    "speaker": "老师",
    "text": "根据频数分布表计算。"
  },
  {
    "start": 1537.09,
    "end": 1545.63,
    "speaker": "老师",
    "text": "这个月中午是二时的平均气温，"
  },
  {
    "start": 1545.63,
    "end": 1551.74,
    "speaker": "老师",
    "text": "与疑问中的结果比较，"
  },
  {
    "start": 1552.36,
    "end": 1554.66,
    "speaker": "老师",
    "text": "你有什么发现？"
  },
  {
    "start": 1554.72,
    "end": 1557.18,
    "speaker": "老师",
    "text": "谈谈你的看法。"
  },
  {
    "start": 1557.18,
    "end": 1563.7,
    "speaker": "老师",
    "text": "我们发现第一问中它是求算术平均数的题，"
  },
  {
    "start": 1563.78,
    "end": 1568.42,
    "speaker": "老师",
    "text": "一个月的十二时气温数据较多，"
  },
  {
    "start": 1568.52,
    "end": 1570.96,
    "speaker": "老师",
    "text": "计算呢要仔细，"
  },
  {
    "start": 1570.98,
    "end": 1572.38,
    "speaker": "老师",
    "text": "要细心。"
  },
  {
    "start": 1572.38,
    "end": 1578.02,
    "speaker": "老师",
    "text": "二小问呢是根据平数分布表求平均数。"
  },
  {
    "start": 1578.16,
    "end": 1582.26,
    "speaker": "老师",
    "text": "在这里呢有一个组句的概念。"
  },
  {
    "start": 1582.62,
    "end": 1602.11,
    "speaker": "老师",
    "text": "同学们是否还记得主句是七年级下册统计里面的内容组据是指所有数据分成若干组每小组两端数之间的距离，"
  },
  {
    "start": 1602.11,
    "end": 1609.58,
    "speaker": "老师",
    "text": "或说主类数据的取值范围称之为主句。"
  },
  {
    "start": 1609.72,
    "end": 1617.92,
    "speaker": "老师",
    "text": "比如说我们这里这三十个数据中最小的是十二，"
  },
  {
    "start": 1617.92,
    "end": 1625.67,
    "speaker": "老师",
    "text": "那么我们给它分组的时候，"
  },
  {
    "start": 1625.71,
    "end": 1633.61,
    "speaker": "老师",
    "text": "应该是x大于或等于十二，"
  },
  {
    "start": 1633.61,
    "end": 1635.43,
    "speaker": "老师",
    "text": "小于十六。"
  },
  {
    "start": 1635.85,
    "end": 1646.25,
    "speaker": "老师",
    "text": "它的组距九十四在自主范围内呢有多少个数？"
  },
  {
    "start": 1646.59,
    "end": 1648.03,
    "speaker": "老师",
    "text": "有几个数，"
  },
  {
    "start": 1648.17,
    "end": 1655.36,
    "speaker": "老师",
    "text": "说明它的平数就是几列出频数分布表。"
  },
  {
    "start": 1656.2,
    "end": 1662.04,
    "speaker": "老师",
    "text": "在后面我们讲解解题的时候，"
  },
  {
    "start": 1662.28,
    "end": 1670.67,
    "speaker": "老师",
    "text": "我们可以看到写一小问。"
  },
  {
    "start": 1671.05,
    "end": 1722.91,
    "speaker": "老师",
    "text": "这个月中午十二时的平均气温是x八等于三十分之一乘括号二十二加三十一加二十五加十三加十八加二十三加十三加二十八加三十加二十二加十十加二十加二十七加十七加二十八加二十二加十四加十四加二十二加十二加十四加二十一加二十九加十五加十六加十四加三十一加二十四加二十六加二十九。"
  },
  {
    "start": 1722.91,
    "end": 1728.3,
    "speaker": "老师",
    "text": "数据比较长，"
  },
  {
    "start": 1728.3,
    "end": 1747.01,
    "speaker": "老师",
    "text": "同学们在运算过程中一定要仔细等于三十分之六百四十三约等于二十一摄氏度。"
  },
  {
    "start": 1747.25,
    "end": 1759.76,
    "speaker": "老师",
    "text": "所以这个月中午十二时的平均气温约是二十一摄氏度，"
  },
  {
    "start": 1759.88,
    "end": 1761.08,
    "speaker": "老师",
    "text": "二小问，"
  },
  {
    "start": 1761.12,
    "end": 1764.66,
    "speaker": "老师",
    "text": "我们要做出频数分布，"
  },
  {
    "start": 1764.7,
    "end": 1777.37,
    "speaker": "老师",
    "text": "表解二小们先将这三十个数据按从小到大的顺序排列得到了以下排列。"
  },
  {
    "start": 1777.43,
    "end": 1780.15,
    "speaker": "老师",
    "text": "按照组句是四，"
  },
  {
    "start": 1784.96,
    "end": 1788.45,
    "speaker": "老师",
    "text": "可分为以下五组。"
  },
  {
    "start": 1788.45,
    "end": 1791.95,
    "speaker": "老师",
    "text": "第一组x大于或等于十二，"
  },
  {
    "start": 1791.95,
    "end": 1805.78,
    "speaker": "老师",
    "text": "小于十六有十二十三十三十四十四十四十五共七个。"
  },
  {
    "start": 1805.78,
    "end": 1806.86,
    "speaker": "老师",
    "text": "数据。"
  },
  {
    "start": 1807.42,
    "end": 1818.5,
    "speaker": "老师",
    "text": "第二组x大于或等于十六小于二十，"
  },
  {
    "start": 1818.9,
    "end": 1827.49,
    "speaker": "老师",
    "text": "有十六、十七十八、十八共四个。"
  },
  {
    "start": 1827.49,
    "end": 1828.82,
    "speaker": "老师",
    "text": "第三组。"
  },
  {
    "start": 1828.82,
    "end": 1831.86,
    "speaker": "老师",
    "text": "X大于或等于二十，"
  },
  {
    "start": 1831.86,
    "end": 1833.64,
    "speaker": "老师",
    "text": "小于二十四，"
  },
  {
    "start": 1833.7,
    "end": 1846.76,
    "speaker": "老师",
    "text": "有二十、二十、二十一、二十一、二十二、二十二、二十二、二十三共八个第四组。"
  },
  {
    "start": 1846.76,
    "end": 1852.08,
    "speaker": "老师",
    "text": "X大于或等于二十四小于二十八，"
  },
  {
    "start": 1852.36,
    "end": 1860.17,
    "speaker": "老师",
    "text": "有二十四、二十五、二十六、二十七共四个。"
  },
  {
    "start": 1860.17,
    "end": 1860.65,
    "speaker": "老师",
    "text": "哎，"
  },
  {
    "start": 1860.83,
    "end": 1863.73,
    "speaker": "老师",
    "text": "x大于或等于二十八，"
  },
  {
    "start": 1863.73,
    "end": 1867.1,
    "speaker": "老师",
    "text": "小于三十二，"
  },
  {
    "start": 1867.16,
    "end": 1880.26,
    "speaker": "老师",
    "text": "有二十八、二十八、二十九、二十九、三十三、十一、三十一共七个。"
  },
  {
    "start": 1880.26,
    "end": 1887.14,
    "speaker": "老师",
    "text": "我们可以把这五组列成平数分布表，"
  },
  {
    "start": 1887.62,
    "end": 1890.54,
    "speaker": "老师",
    "text": "第一列是气温，"
  },
  {
    "start": 1890.66,
    "end": 1894.43,
    "speaker": "老师",
    "text": "主距是四，"
  },
  {
    "start": 1894.53,
    "end": 1896.71,
    "speaker": "老师",
    "text": "第二列是阻宗值，"
  },
  {
    "start": 1896.71,
    "end": 1900.53,
    "speaker": "老师",
    "text": "第三列是频数，"
  },
  {
    "start": 1900.53,
    "end": 1906.97,
    "speaker": "老师",
    "text": "什么叫做祖宗值呢？"
  },
  {
    "start": 1907.13,
    "end": 1920.36,
    "speaker": "老师",
    "text": "组宗值是指一个小组的两个端点数的平均数，"
  },
  {
    "start": 1920.36,
    "end": 1931.91,
    "speaker": "老师",
    "text": "在前面的新授内容已经学过如第一组x大于或等于十二小于十六，"
  },
  {
    "start": 1931.91,
    "end": 1940.45,
    "speaker": "老师",
    "text": "那么它就是十二和十六的之和的平均数。"
  },
  {
    "start": 1940.45,
    "end": 1946.03,
    "speaker": "老师",
    "text": "十四、每一天根据表格，"
  },
  {
    "start": 1946.05,
    "end": 1953.68,
    "speaker": "老师",
    "text": "我们可以计算数据的加权平均数。"
  },
  {
    "start": 1953.72,
    "end": 1970.92,
    "speaker": "老师",
    "text": "X拔等于十四乘七加十八乘四加二十二乘八加二十六乘四加三十乘七除以它们的全之和。"
  },
  {
    "start": 1971.04,
    "end": 1978.86,
    "speaker": "老师",
    "text": "七加四加八加四加七等于二十二摄氏度。"
  },
  {
    "start": 1978.86,
    "end": 1983.81,
    "speaker": "老师",
    "text": "你的蜘界根据频数分布表，"
  },
  {
    "start": 1983.81,
    "end": 1992.37,
    "speaker": "老师",
    "text": "这个月中午十二时的平均气温是二十二度。"
  },
  {
    "start": 1992.37,
    "end": 1995.68,
    "speaker": "老师",
    "text": "一问二问，"
  },
  {
    "start": 1995.72,
    "end": 2000.51,
    "speaker": "老师",
    "text": "所求出平均气温相差不大，"
  },
  {
    "start": 2000.51,
    "end": 2006.34,
    "speaker": "老师",
    "text": "一小问得到的平均气温受极限，"
  },
  {
    "start": 2006.36,
    "end": 2009.58,
    "speaker": "老师",
    "text": "气温的限制较大。"
  },
  {
    "start": 2009.62,
    "end": 2018.52,
    "speaker": "老师",
    "text": "二小问利用平数分布表得到的平均气温较适合。"
  },
  {
    "start": 2018.52,
    "end": 2019.87,
    "speaker": "老师",
    "text": "通过今天的学习，"
  },
  {
    "start": 2019.42,
    "end": 2019.87,
    "speaker": "老师",
    "text": "我们知道了加权平均数权的几种表现形式，"
  },
  {
    "start": 2019.42,
    "end": 2019.87,
    "speaker": "老师",
    "text": "权相等的形式，"
  },
  {
    "start": 2019.42,
    "end": 2019.87,
    "speaker": "老师",
    "text": "加权平均数的特殊情况，"
  },
  {
    "start": 2019.42,
    "end": 2019.87,
    "speaker": "老师",
    "text": "算术平均数全以次数的形式给出全是比的形式，"
  },
  {
    "start": 2019.42,
    "end": 2019.87,
    "speaker": "老师",
    "text": "全是百分比的形式。"
  },
  {
    "start": 2019.42,
    "end": 2019.87,
    "speaker": "老师",
    "text": "知道了这一些，"
  },
  {
    "start": 2019.42,
    "end": 2019.87,
    "speaker": "老师",
    "text": "我们就很好的做题球平均数题的一般思路是什么呢？"
  },
  {
    "start": 2019.42,
    "end": 2019.87,
    "speaker": "老师",
    "text": "首先我们要很好的审题嗯，"
  },
  {
    "start": 2019.42,
    "end": 2019.87,
    "speaker": "老师",
    "text": "明确权的形式，"
  },
  {
    "start": 2019.42,
    "end": 2019.87,
    "speaker": "老师",
    "text": "仔细求解。"
  },
  {
    "start": 2019.42,
    "end": 2019.87,
    "speaker": "老师",
    "text": "注意了体会，"
  },
  {
    "start": 2019.42,
    "end": 2019.87,
    "speaker": "老师",
    "text": "用样本估计总体的思想。"
  },
  {
    "start": 2019.42,
    "end": 2019.87,
    "speaker": "老师",
    "text": "这节课不知不觉中已经接近尾声了。"
  },
  {
    "start": 2019.42,
    "end": 2019.87,
    "speaker": "老师",
    "text": "今天我们学了什么？"
  },
  {
    "start": 2019.42,
    "end": 2019.87,
    "speaker": "老师",
    "text": "我们又有什么发现呢？"
  },
  {
    "start": 2019.42,
    "end": 2019.87,
    "speaker": "老师",
    "text": "又有什么质疑呢？"
  },
  {
    "start": 2019.42,
    "end": 2019.87,
    "speaker": "老师",
    "text": "今天我们学习了求平均数的常见题型，"
  },
  {
    "start": 2019.42,
    "end": 2019.87,
    "speaker": "老师",
    "text": "注意样本，"
  },
  {
    "start": 2019.42,
    "end": 2019.87,
    "speaker": "老师",
    "text": "估计总体的思想。"
  },
  {
    "start": 2019.42,
    "end": 2019.87,
    "speaker": "老师",
    "text": "今天我们又发现了加权平均数权的形式，"
  },
  {
    "start": 2019.42,
    "end": 2019.87,
    "speaker": "老师",
    "text": "权重不同，"
  },
  {
    "start": 2019.42,
    "end": 2019.87,
    "speaker": "老师",
    "text": "结果不同。"
  },
  {
    "start": 2019.42,
    "end": 2019.87,
    "speaker": "老师",
    "text": "我们还有质疑度量数据的集中趋势的量有哪些呢？"
  },
  {
    "start": 2019.42,
    "end": 2019.87,
    "speaker": "老师",
    "text": "下面我们来看看今天的作业。"
  },
  {
    "start": 2019.42,
    "end": 2019.87,
    "speaker": "老师",
    "text": "一、巩固性作业，"
  },
  {
    "start": 2019.42,
    "end": 2019.87,
    "speaker": "老师",
    "text": "大家都去做练习册的四十面。"
  },
  {
    "start": 2019.42,
    "end": 2019.87,
    "speaker": "老师",
    "text": "二、拓展性作业，"
  },
  {
    "start": 2019.42,
    "end": 2019.87,
    "speaker": "老师",
    "text": "希望大家都做练习册的四十一面。"
  },
  {
    "start": 2019.42,
    "end": 2019.87,
    "speaker": "老师",
    "text": "三、研究性作业课后思考度量数据的集中趋势的量有哪些？"
  },
  {
    "start": 2019.42,
    "end": 2019.87,
    "speaker": "老师",
    "text": "同学们思考、思考、与家长，"
  },
  {
    "start": 2019.42,
    "end": 2019.87,
    "speaker": "老师",
    "text": "与同学们交流交流。"
  },
  {
    "start": 2019.42,
    "end": 2019.87,
    "speaker": "老师",
    "text": "我可以好了，"
  },
  {
    "start": 2019.42,
    "end": 2019.87,
    "speaker": "老师",
    "text": "今天的课就上到这儿，"
  },
  {
    "start": 2019.42,
    "end": 2019.87,
    "speaker": "老师",
    "text": "同学们再见。"
  }
]