[
  {
    "start": 10.43,
    "end": 11.47,
    "speaker": "老师",
    "text": "同学们好，"
  },
  {
    "start": 11.47,
    "end": 16.05,
    "speaker": "老师",
    "text": "今天我们学习平行四边形的判定第三课时，"
  },
  {
    "start": 16.37,
    "end": 31.89,
    "speaker": "老师",
    "text": "首先让我们来看一下本节课的学习目标。"
  },
  {
    "start": 31.89,
    "end": 34.01,
    "speaker": "老师",
    "text": "在进入新课学习之前，"
  },
  {
    "start": 34.15,
    "end": 39.92,
    "speaker": "老师",
    "text": "我们首先来回顾一下平行四边形的判定方法有哪些。"
  },
  {
    "start": 39.92,
    "end": 43.7,
    "speaker": "老师",
    "text": "我们可以依据定义，"
  },
  {
    "start": 43.78,
    "end": 48.14,
    "speaker": "老师",
    "text": "两组对边分别平行四边形是平行四边形，"
  },
  {
    "start": 48.3,
    "end": 52.88,
    "speaker": "老师",
    "text": "还可以依据三个判定定理。"
  },
  {
    "start": 52.88,
    "end": 58.24,
    "speaker": "老师",
    "text": "两组对边分别相等的四边形是平行四边形，"
  },
  {
    "start": 58.24,
    "end": 63.75,
    "speaker": "老师",
    "text": "一组对边平行且相等的四边形是平行四边形，"
  },
  {
    "start": 63.75,
    "end": 68.5,
    "speaker": "老师",
    "text": "对角线互相平分的四边形是平行四边形。"
  },
  {
    "start": 68.5,
    "end": 72.55,
    "speaker": "老师",
    "text": "下面请同学们观察这样一张图片，"
  },
  {
    "start": 73.15,
    "end": 76.33,
    "speaker": "老师",
    "text": "这是一张火车铁轨的局部图。"
  },
  {
    "start": 76.33,
    "end": 83.41,
    "speaker": "老师",
    "text": "我们会发现在两根笔直的铁轨下面铺设着许多平行着。"
  },
  {
    "start": 83.41,
    "end": 89.68,
    "speaker": "老师",
    "text": "那这些枕木和铁轨有怎样的位置关系呢？"
  },
  {
    "start": 89.7,
    "end": 97.77,
    "speaker": "老师",
    "text": "他们是互相垂直的那夹在两根铁轨之间的平行走路是否一样长呢？"
  },
  {
    "start": 97.77,
    "end": 102.62,
    "speaker": "老师",
    "text": "相信同学们和老师想的一样，"
  },
  {
    "start": 102.62,
    "end": 106.12,
    "speaker": "老师",
    "text": "他们是一样长的那你能去证明他吗？"
  },
  {
    "start": 106.12,
    "end": 111.33,
    "speaker": "老师",
    "text": "将实际问题转换成数学问题去证明。"
  },
  {
    "start": 112.17,
    "end": 115.67,
    "speaker": "老师",
    "text": "我们首先要画出相应的图形，"
  },
  {
    "start": 115.73,
    "end": 179.68,
    "speaker": "老师",
    "text": "再写出已知求证，"
  },
  {
    "start": 179.68,
    "end": 181.1,
    "speaker": "老师",
    "text": "再写出证明过程。"
  },
  {
    "start": 181.1,
    "end": 185.3,
    "speaker": "老师",
    "text": "下面请同学们试着去证明一下。"
  },
  {
    "start": 185.3,
    "end": 187.38,
    "speaker": "老师",
    "text": "根据问题，"
  },
  {
    "start": 187.38,
    "end": 197.44,
    "speaker": "老师",
    "text": "我们可以得到这样一个图形已知直线a平行BAB是直线，"
  },
  {
    "start": 197.6,
    "end": 203.66,
    "speaker": "老师",
    "text": "a上任意两点ACBD都垂直于直线，"
  },
  {
    "start": 203.7,
    "end": 213.06,
    "speaker": "老师",
    "text": "b垂足分别为CD求证AC等于BD."
  },
  {
    "start": 213.3,
    "end": 214.74,
    "speaker": "老师",
    "text": "由图形可知。"
  },
  {
    "start": 214.86,
    "end": 223.78,
    "speaker": "老师",
    "text": "我们可以考虑去证四边形ACDB是一个平行四边形来证得AC,"
  },
  {
    "start": 224.38,
    "end": 235.56,
    "speaker": "老师",
    "text": "等于由已知ACBD都垂直于直线b那么这两个角都会相等，"
  },
  {
    "start": 235.56,
    "end": 237.24,
    "speaker": "老师",
    "text": "等于九十度，"
  },
  {
    "start": 237.24,
    "end": 241.02,
    "speaker": "老师",
    "text": "由同位角相等，"
  },
  {
    "start": 241.02,
    "end": 250.71,
    "speaker": "老师",
    "text": "两直线平行可得AC平行BD又由直线a平行d可知，"
  },
  {
    "start": 250.71,
    "end": 253.19,
    "speaker": "老师",
    "text": "AB和CD也是平行的。"
  },
  {
    "start": 253.19,
    "end": 256.73,
    "speaker": "老师",
    "text": "依据平行四边形的定义，"
  },
  {
    "start": 256.73,
    "end": 262.68,
    "speaker": "老师",
    "text": "所以四边形ACDB是一个平行四边形，"
  },
  {
    "start": 263.35,
    "end": 267.35,
    "speaker": "老师",
    "text": "平行四边形的对边相等，"
  },
  {
    "start": 267.35,
    "end": 271.01,
    "speaker": "老师",
    "text": "所以AC会等于BD."
  },
  {
    "start": 271.01,
    "end": 278.75,
    "speaker": "老师",
    "text": "下面我们来看一下具体证明过程，"
  },
  {
    "start": 279.11,
    "end": 280.77,
    "speaker": "老师",
    "text": "为了方便书写，"
  },
  {
    "start": 280.77,
    "end": 287.26,
    "speaker": "老师",
    "text": "我们把这两个角分别标上角一角二。"
  },
  {
    "start": 287.26,
    "end": 295.32,
    "speaker": "老师",
    "text": "因为AC垂直b BD垂直b所以角一等于角二等于九十度，"
  },
  {
    "start": 296.41,
    "end": 300.07,
    "speaker": "老师",
    "text": "所以AC平行BD."
  },
  {
    "start": 301.73,
    "end": 304.05,
    "speaker": "老师",
    "text": "又因为AB平行CD,"
  },
  {
    "start": 304.05,
    "end": 310.88,
    "speaker": "老师",
    "text": "所以四边形ACDB是一个平行四边形，"
  },
  {
    "start": 311.04,
    "end": 312.52,
    "speaker": "老师",
    "text": "所以AC等于。"
  },
  {
    "start": 312.54,
    "end": 317.89,
    "speaker": "老师",
    "text": "那请同学们再想一想，"
  },
  {
    "start": 317.89,
    "end": 333.51,
    "speaker": "老师",
    "text": "如果现在老师在直线a上任意找一点过点e作EF垂直直线b离点EF和AC和BD会相等吗？"
  },
  {
    "start": 333.53,
    "end": 336.13,
    "speaker": "老师",
    "text": "结合本集的证明思路，"
  },
  {
    "start": 336.27,
    "end": 340.14,
    "speaker": "老师",
    "text": "我们可以证得四边形。"
  },
  {
    "start": 340.14,
    "end": 345.05,
    "speaker": "老师",
    "text": "Acfe是一个平行四边形，"
  },
  {
    "start": 345.13,
    "end": 348.45,
    "speaker": "老师",
    "text": "由平行四边形的对边相等，"
  },
  {
    "start": 348.69,
    "end": 350.35,
    "speaker": "老师",
    "text": "可证得AC,"
  },
  {
    "start": 350.35,
    "end": 351.47,
    "speaker": "老师",
    "text": "等于同理，"
  },
  {
    "start": 351.49,
    "end": 354.41,
    "speaker": "老师",
    "text": "也可证得BD,"
  },
  {
    "start": 354.41,
    "end": 355.79,
    "speaker": "老师",
    "text": "等于EF."
  },
  {
    "start": 355.79,
    "end": 361.06,
    "speaker": "老师",
    "text": "由上述的结论我们可以知道，"
  },
  {
    "start": 361.06,
    "end": 363.56,
    "speaker": "老师",
    "text": "如果两条直线平行，"
  },
  {
    "start": 363.8,
    "end": 371.27,
    "speaker": "老师",
    "text": "其中一条直线上的任意点到另一条直线的距离都会相等，"
  },
  {
    "start": 371.27,
    "end": 377.58,
    "speaker": "老师",
    "text": "这个距离就称为平行线之间的距离。"
  },
  {
    "start": 377.9,
    "end": 381.8,
    "speaker": "老师",
    "text": "那同学们还记得两点之间的距离，"
  },
  {
    "start": 381.86,
    "end": 384.9,
    "speaker": "老师",
    "text": "点到线的距离如何定义吗？"
  },
  {
    "start": 384.98,
    "end": 497.46,
    "speaker": "老师",
    "text": "我们先来回顾一下两点之间的距离，"
  },
  {
    "start": 497.46,
    "end": 503.32,
    "speaker": "老师",
    "text": "两点之间线段度点到线的距离或直线外一点，"
  },
  {
    "start": 503.32,
    "end": 508.62,
    "speaker": "老师",
    "text": "做已知直线的垂线段长度。"
  },
  {
    "start": 508.62,
    "end": 515.92,
    "speaker": "老师",
    "text": "那两条平行线之间的距离该如何定义呢？"
  },
  {
    "start": 515.92,
    "end": 521.07,
    "speaker": "老师",
    "text": "我们一起来看一下，"
  },
  {
    "start": 521.07,
    "end": 524.09,
    "speaker": "老师",
    "text": "如果两条直线互相平行，"
  },
  {
    "start": 524.17,
    "end": 534.48,
    "speaker": "老师",
    "text": "则其中一条直线上任意一点到另一条直线的距离都相等。"
  },
  {
    "start": 534.5,
    "end": 598.74,
    "speaker": "老师",
    "text": "这个距离称为平行线之间的距离，"
  },
  {
    "start": 598.74,
    "end": 603.16,
    "speaker": "老师",
    "text": "由这个定义我们还可以知道，"
  },
  {
    "start": 603.2,
    "end": 608.08,
    "speaker": "老师",
    "text": "平线之间的距离是处处相等，"
  },
  {
    "start": 608.08,
    "end": 612.16,
    "speaker": "老师",
    "text": "转换成几何语言。"
  },
  {
    "start": 612.16,
    "end": 614.84,
    "speaker": "老师",
    "text": "如图AB是a上任意两点，"
  },
  {
    "start": 614.84,
    "end": 628.38,
    "speaker": "老师",
    "text": "因为a平行BAC垂直直线BBD垂直直线b所以AC等于BD."
  },
  {
    "start": 628.38,
    "end": 641.15,
    "speaker": "老师",
    "text": "那现在如果老师把这两个垂直条件改成AC平行BD,"
  },
  {
    "start": 641.31,
    "end": 645.01,
    "speaker": "老师",
    "text": "那么AC和BD还会相等吗？"
  },
  {
    "start": 645.19,
    "end": 648.65,
    "speaker": "老师",
    "text": "请同学们试着求证一下，"
  },
  {
    "start": 648.65,
    "end": 651.27,
    "speaker": "老师",
    "text": "同学们完成了吗？"
  },
  {
    "start": 651.29,
    "end": 654.17,
    "speaker": "老师",
    "text": "让我们一起来交流一下。"
  },
  {
    "start": 654.49,
    "end": 698.38,
    "speaker": "老师",
    "text": "有已知直线a平行d,"
  },
  {
    "start": 698.38,
    "end": 702.88,
    "speaker": "老师",
    "text": "所以AB和CD也是平行的，"
  },
  {
    "start": 702.88,
    "end": 705.5,
    "speaker": "老师",
    "text": "又因为AC平行BD."
  },
  {
    "start": 705.5,
    "end": 708.66,
    "speaker": "老师",
    "text": "依据平行四边形的定义，"
  },
  {
    "start": 708.66,
    "end": 713.73,
    "speaker": "老师",
    "text": "我们可知四边形ACDB是一个平行四边形，"
  },
  {
    "start": 713.73,
    "end": 822.81,
    "speaker": "老师",
    "text": "平行四边形的对边相等，"
  },
  {
    "start": 822.81,
    "end": 825.09,
    "speaker": "老师",
    "text": "可证得ac等于bd."
  },
  {
    "start": 825.43,
    "end": 828.83,
    "speaker": "老师",
    "text": "下面我们一起来看一下证明过程。"
  },
  {
    "start": 828.83,
    "end": 834.84,
    "speaker": "老师",
    "text": "这里ACBD是平行直线AB之间所夹的一组平行线段，"
  },
  {
    "start": 834.84,
    "end": 840.32,
    "speaker": "老师",
    "text": "我们证得AC和BD相等。"
  },
  {
    "start": 840.96,
    "end": 843.7,
    "speaker": "老师",
    "text": "由此我们可以得到一个结论，"
  },
  {
    "start": 843.7,
    "end": 855.06,
    "speaker": "老师",
    "text": "夹在两条平行线间的平行线段一定相等。"
  },
  {
    "start": 855.36,
    "end": 861.83,
    "speaker": "老师",
    "text": "下面请同学们完成一道活动，"
  },
  {
    "start": 862.68,
    "end": 864.1,
    "speaker": "老师",
    "text": "探究如图，"
  },
  {
    "start": 864.1,
    "end": 866.94,
    "speaker": "老师",
    "text": "以方格子的格点为顶点，"
  },
  {
    "start": 867.0,
    "end": 869.96,
    "speaker": "老师",
    "text": "画出几个平行四边形，"
  },
  {
    "start": 870.34,
    "end": 876.44,
    "speaker": "老师",
    "text": "并说明你画图的方法和其中的道理。"
  },
  {
    "start": 876.44,
    "end": 887.46,
    "speaker": "老师",
    "text": "现在请同学们利用数学书上的方格纸画一画吧，"
  },
  {
    "start": 887.46,
    "end": 889.54,
    "speaker": "老师",
    "text": "同学们完成了吗？"
  },
  {
    "start": 889.9,
    "end": 906.69,
    "speaker": "老师",
    "text": "这里老师也在方格纸上画了两个四边形，"
  },
  {
    "start": 906.79,
    "end": 917.03,
    "speaker": "老师",
    "text": "我们一起来看一下老师所画的四边形是平行四边形吗？"
  },
  {
    "start": 917.15,
    "end": 920.24,
    "speaker": "老师",
    "text": "在第一幅图中，"
  },
  {
    "start": 920.38,
    "end": 924.24,
    "speaker": "老师",
    "text": "首尾顺势连接了格点ABCD,"
  },
  {
    "start": 924.26,
    "end": 931.6,
    "speaker": "老师",
    "text": "那这样得到的四边形是平行四边形吗？"
  },
  {
    "start": 931.6,
    "end": 933.66,
    "speaker": "老师",
    "text": "为什么呢？"
  },
  {
    "start": 933.66,
    "end": 938.3,
    "speaker": "老师",
    "text": "从方格子中我们可以知道AB是等于DC,"
  },
  {
    "start": 938.3,
    "end": 941.06,
    "speaker": "老师",
    "text": "并且AB还会平行DC."
  },
  {
    "start": 941.12,
    "end": 1051.9,
    "speaker": "老师",
    "text": "依据一组对边平行且相等的四边形是平行四边形，"
  },
  {
    "start": 1051.9,
    "end": 1052.86,
    "speaker": "老师",
    "text": "可得四边形，"
  },
  {
    "start": 1052.86,
    "end": 1056.54,
    "speaker": "老师",
    "text": "ABCD是一个平行四边形。"
  },
  {
    "start": 1056.7,
    "end": 1062.13,
    "speaker": "老师",
    "text": "我们下面再来看一下，"
  },
  {
    "start": 1062.13,
    "end": 1063.67,
    "speaker": "老师",
    "text": "第二，"
  },
  {
    "start": 1064.07,
    "end": 1070.23,
    "speaker": "老师",
    "text": "首尾顺着连接格点EFG."
  },
  {
    "start": 1070.29,
    "end": 1078.16,
    "speaker": "老师",
    "text": "那这样得到的四边形是平行四边形吗？"
  },
  {
    "start": 1079.34,
    "end": 1083.05,
    "speaker": "老师",
    "text": "你能说明道理吗？"
  },
  {
    "start": 1084.07,
    "end": 1087.5,
    "speaker": "老师",
    "text": "在方格子中，"
  },
  {
    "start": 1087.62,
    "end": 1091.6,
    "speaker": "老师",
    "text": "我们可以通过构造直角三角形，"
  },
  {
    "start": 1091.6,
    "end": 1096.69,
    "speaker": "老师",
    "text": "利用勾股定理求得EF和HG是相等的，"
  },
  {
    "start": 1096.69,
    "end": 1101.45,
    "speaker": "老师",
    "text": "EH和FG也是相等的，"
  },
  {
    "start": 1101.91,
    "end": 1110.4,
    "speaker": "老师",
    "text": "由两组对边分别相等的四边形是平行四边形，"
  },
  {
    "start": 1111.0,
    "end": 1115.36,
    "speaker": "老师",
    "text": "可得四边形。"
  },
  {
    "start": 1116.77,
    "end": 1123.21,
    "speaker": "老师",
    "text": "Efgh是一个平行四边形，"
  },
  {
    "start": 1123.63,
    "end": 1129.29,
    "speaker": "老师",
    "text": "相信同学们还有许多共同的画法。"
  },
  {
    "start": 1129.29,
    "end": 1140.86,
    "speaker": "老师",
    "text": "我们一定要依据平行四边形的判定方法来正确做出图形。"
  },
  {
    "start": 1140.86,
    "end": 1144.66,
    "speaker": "老师",
    "text": "下面请同学们来看一道例题，"
  },
  {
    "start": 1144.66,
    "end": 1146.64,
    "speaker": "老师",
    "text": "同学们完成了吗？"
  },
  {
    "start": 1146.64,
    "end": 1153.45,
    "speaker": "老师",
    "text": "让我们一起来交流一下。"
  },
  {
    "start": 1153.65,
    "end": 1165.12,
    "speaker": "老师",
    "text": "如图在平行四边形ABCD中点MN分别在AD和BC上点EF在BD上，"
  },
  {
    "start": 1165.12,
    "end": 1170.56,
    "speaker": "老师",
    "text": "且DM等于BNDF,"
  },
  {
    "start": 1171.72,
    "end": 1173.02,
    "speaker": "老师",
    "text": "等于BE."
  },
  {
    "start": 1173.02,
    "end": 1181.7,
    "speaker": "老师",
    "text": "求证四边形ENF是平行四边形，"
  },
  {
    "start": 1181.7,
    "end": 1184.46,
    "speaker": "老师",
    "text": "有已知EM等于DF,"
  },
  {
    "start": 1184.74,
    "end": 1195.72,
    "speaker": "老师",
    "text": "等于BE在三角形DF和三角形NBE中已经有两组边对应相等了。"
  },
  {
    "start": 1195.74,
    "end": 1203.01,
    "speaker": "老师",
    "text": "那我们可以证到这两个三角形全等吗？"
  },
  {
    "start": 1203.01,
    "end": 1209.49,
    "speaker": "老师",
    "text": "有已知四边形ABCD是一个平行四边形，"
  },
  {
    "start": 1209.63,
    "end": 1213.23,
    "speaker": "老师",
    "text": "所以AD会平行BC,"
  },
  {
    "start": 1213.71,
    "end": 1220.54,
    "speaker": "老师",
    "text": "两直线平行内错角相等，"
  },
  {
    "start": 1220.54,
    "end": 1229.2,
    "speaker": "老师",
    "text": "所以角MDF会等于角NBE,"
  },
  {
    "start": 1229.26,
    "end": 1237.6,
    "speaker": "老师",
    "text": "所以三角形MDF会全等于三角形NBE."
  },
  {
    "start": 1237.6,
    "end": 1244.86,
    "speaker": "老师",
    "text": "依据边角边由全等三角形的对应边相等，"
  },
  {
    "start": 1244.86,
    "end": 1250.57,
    "speaker": "老师",
    "text": "可证得NE会等于MI."
  },
  {
    "start": 1250.75,
    "end": 1257.03,
    "speaker": "老师",
    "text": "在四边形MENF中，"
  },
  {
    "start": 1257.03,
    "end": 1264.25,
    "speaker": "老师",
    "text": "我们已证到了一组对边相等了。"
  },
  {
    "start": 1264.33,
    "end": 1270.34,
    "speaker": "老师",
    "text": "依据平行四边形的判定方法，"
  },
  {
    "start": 1270.34,
    "end": 1275.26,
    "speaker": "老师",
    "text": "我们可以去证平行EN."
  },
  {
    "start": 1275.6,
    "end": 1278.82,
    "speaker": "老师",
    "text": "那怎么证得呢？"
  },
  {
    "start": 1279.68,
    "end": 1280.06,
    "speaker": "老师",
    "text": "有，"
  },
  {
    "start": 1280.06,
    "end": 1285.42,
    "speaker": "老师",
    "text": "刚才我们已经证到了两个三角形和三角形。"
  },
  {
    "start": 1285.42,
    "end": 1305.82,
    "speaker": "老师",
    "text": "Neb全等全等三角形的对应角相等可证得角MM等于角n一b由等角的补角相等可得角m e会等于角NEF,"
  },
  {
    "start": 1305.82,
    "end": 1308.38,
    "speaker": "老师",
    "text": "这是一组内错角，"
  },
  {
    "start": 1308.38,
    "end": 1309.74,
    "speaker": "老师",
    "text": "内错角相等，"
  },
  {
    "start": 1309.74,
    "end": 1311.4,
    "speaker": "老师",
    "text": "两直线平行，"
  },
  {
    "start": 1311.4,
    "end": 1371.69,
    "speaker": "老师",
    "text": "所以MF会平行EN由一组对边平行且相等的四边形是一个平行四边形，"
  },
  {
    "start": 1371.71,
    "end": 1374.77,
    "speaker": "老师",
    "text": "可证得四边形，"
  },
  {
    "start": 1374.85,
    "end": 1379.65,
    "speaker": "老师",
    "text": "MEN是一个平行四边形。"
  },
  {
    "start": 1379.65,
    "end": 1385.02,
    "speaker": "老师",
    "text": "下面我们来看一下具体的证明过程。"
  },
  {
    "start": 1385.04,
    "end": 1388.63,
    "speaker": "老师",
    "text": "因为四边形ABCD是平行四边形，"
  },
  {
    "start": 1388.63,
    "end": 1391.87,
    "speaker": "老师",
    "text": "所以AD平行BC,"
  },
  {
    "start": 1391.91,
    "end": 1395.41,
    "speaker": "老师",
    "text": "所以角MDF等于角NBE."
  },
  {
    "start": 1395.71,
    "end": 1399.57,
    "speaker": "老师",
    "text": "又因为DM等于BNDF等于BE,"
  },
  {
    "start": 1399.63,
    "end": 1412.68,
    "speaker": "老师",
    "text": "所以三角形MDF会全等于三角形NBE由全等三角形的对应边对应角相等。"
  },
  {
    "start": 1412.68,
    "end": 1422.36,
    "speaker": "老师",
    "text": "所以MF等于NE角MFD等于角n所以角MF等于角n一，"
  },
  {
    "start": 1422.38,
    "end": 1425.82,
    "speaker": "老师",
    "text": "所以MF平行NE."
  },
  {
    "start": 1426.0,
    "end": 1431.49,
    "speaker": "老师",
    "text": "所以四边形MENF是平行四边形。"
  },
  {
    "start": 1431.49,
    "end": 1529.04,
    "speaker": "老师",
    "text": "同学们在以正得MM等于n的前提下，"
  },
  {
    "start": 1529.04,
    "end": 1534.26,
    "speaker": "老师",
    "text": "我们还可以通过去证负e等于n来证得四边形。"
  },
  {
    "start": 1534.26,
    "end": 1537.48,
    "speaker": "老师",
    "text": "Men是一个平行四边形，"
  },
  {
    "start": 1537.48,
    "end": 1542.86,
    "speaker": "老师",
    "text": "依据两组对边分别相等的四边形是平行四边形。"
  },
  {
    "start": 1543.0,
    "end": 1548.5,
    "speaker": "老师",
    "text": "那怎么去证ME等于NF呢？"
  },
  {
    "start": 1548.5,
    "end": 1562.07,
    "speaker": "老师",
    "text": "我们可以去证三角形MED全等于三角形n b来自动这个证明方法就留给同学们课后思考。"
  },
  {
    "start": 1563.41,
    "end": 1566.25,
    "speaker": "老师",
    "text": "下面进入本节课的当糖检测环节，"
  },
  {
    "start": 1566.25,
    "end": 1570.13,
    "speaker": "老师",
    "text": "请同学们完成第一题，"
  },
  {
    "start": 1570.23,
    "end": 1572.27,
    "speaker": "老师",
    "text": "同学们完成了吗？"
  },
  {
    "start": 1572.27,
    "end": 1588.95,
    "speaker": "老师",
    "text": "让我们一起来看一下已知直线a平行b CE垂直BFG垂直b所以CE会等于FG,"
  },
  {
    "start": 1588.95,
    "end": 1598.17,
    "speaker": "老师",
    "text": "并且CE和FG的长度就是平行直线AB之间的距离，"
  },
  {
    "start": 1598.25,
    "end": 1602.21,
    "speaker": "老师",
    "text": "所以a选项和b选项是正确的。"
  },
  {
    "start": 1602.21,
    "end": 1605.77,
    "speaker": "老师",
    "text": "让我们看c选项，"
  },
  {
    "start": 1606.03,
    "end": 1614.02,
    "speaker": "老师",
    "text": "线段CD的长度就是a与b两条平行线间的距离，"
  },
  {
    "start": 1615.04,
    "end": 1620.66,
    "speaker": "老师",
    "text": "由平行线之间的距离定义可知，"
  },
  {
    "start": 1620.68,
    "end": 1627.96,
    "speaker": "老师",
    "text": "c选项是错误的那d选项AC等于BD,"
  },
  {
    "start": 1627.96,
    "end": 1631.4,
    "speaker": "老师",
    "text": "因为AB和CD是平行的，"
  },
  {
    "start": 1631.4,
    "end": 1636.72,
    "speaker": "老师",
    "text": "同时AC和BD也是平行的。"
  },
  {
    "start": 1636.72,
    "end": 1642.1,
    "speaker": "老师",
    "text": "依据平行四边形的定义可知，"
  },
  {
    "start": 1642.1,
    "end": 1646.12,
    "speaker": "老师",
    "text": "四边形ABDC是一个平行四边形，"
  },
  {
    "start": 1646.12,
    "end": 1652.25,
    "speaker": "老师",
    "text": "平行四边形的对边相等，"
  },
  {
    "start": 1652.79,
    "end": 1663.11,
    "speaker": "老师",
    "text": "所以AC会等于b所以这里选c接下来我们来看第二道检测题，"
  },
  {
    "start": 1663.19,
    "end": 1667.03,
    "speaker": "老师",
    "text": "同学们完成了吗？"
  },
  {
    "start": 1667.03,
    "end": 1670.31,
    "speaker": "老师",
    "text": "让我们一起来交流一下。"
  },
  {
    "start": 1670.31,
    "end": 1803.44,
    "speaker": "老师",
    "text": "此题研究的是两个三角形面积的数量关系，"
  },
  {
    "start": 1803.44,
    "end": 1809.46,
    "speaker": "老师",
    "text": "三角形的面积公式为二分之一的底乘高。"
  },
  {
    "start": 1809.96,
    "end": 1814.96,
    "speaker": "老师",
    "text": "从图中我们可以观察到，"
  },
  {
    "start": 1814.96,
    "end": 1819.68,
    "speaker": "老师",
    "text": "这两个三角形有一条公共边AB,"
  },
  {
    "start": 1819.9,
    "end": 1832.84,
    "speaker": "老师",
    "text": "如果三角形ABP二和三角形ABP三以AB为底的高相等。"
  },
  {
    "start": 1832.84,
    "end": 1838.27,
    "speaker": "老师",
    "text": "依据三角形的面积公式，"
  },
  {
    "start": 1838.41,
    "end": 1865.0,
    "speaker": "老师",
    "text": "同底等高的两个三角形面积是相等的那我们接下来我们就来看一下三角形ABP二和三角形ABP三以AB为底的高会相等吗？"
  },
  {
    "start": 1865.44,
    "end": 1882.75,
    "speaker": "老师",
    "text": "我们分别做三角形ABP二和三角形ABP三AB边上高由已知直线l平行AB."
  },
  {
    "start": 1882.83,
    "end": 1890.93,
    "speaker": "老师",
    "text": "那么p二c和p三d是相等的，"
  },
  {
    "start": 1891.17,
    "end": 1901.67,
    "speaker": "老师",
    "text": "所以三角形ABP二和三角形ABP三它们的面积会相等。"
  },
  {
    "start": 1901.67,
    "end": 1907.04,
    "speaker": "老师",
    "text": "下面我们一起来看一下具体的证明过程。"
  },
  {
    "start": 1907.04,
    "end": 1911.46,
    "speaker": "老师",
    "text": "解相等理由如下，"
  },
  {
    "start": 1911.46,
    "end": 1922.28,
    "speaker": "老师",
    "text": "作p二c垂直ABP三d垂直AB垂足分别为CD."
  },
  {
    "start": 1922.96,
    "end": 1934.46,
    "speaker": "老师",
    "text": "因为l平行ABP二c垂直ABP三d垂直AB,"
  },
  {
    "start": 1934.68,
    "end": 1956.51,
    "speaker": "老师",
    "text": "所以p二c会等于p三d所以二分之一p二c乘以AB等于二分之一p三d乘以AB,"
  },
  {
    "start": 1956.63,
    "end": 1975.55,
    "speaker": "老师",
    "text": "所以三角形ABP二和三角形ABP三的面积相等。"
  },
  {
    "start": 1975.55,
    "end": 1976.31,
    "speaker": "老师",
    "text": "同学们，"
  },
  {
    "start": 1976.31,
    "end": 1978.39,
    "speaker": "老师",
    "text": "你们都懂了吗？"
  },
  {
    "start": 1978.39,
    "end": 1981.89,
    "speaker": "老师",
    "text": "下面我们来看第三题，"
  },
  {
    "start": 1981.89,
    "end": 1982.29,
    "speaker": "老师",
    "text": "如图，"
  },
  {
    "start": 1982.29,
    "end": 2011.58,
    "speaker": "老师",
    "text": "在平行四边形ABCD中，"
  },
  {
    "start": 2011.62,
    "end": 2026.02,
    "speaker": "老师",
    "text": "角ABC等于七十度角ABC的平分线交AD于点e过点d作BE的平行线交BC于点f求角CDF的度数。"
  },
  {
    "start": 2026.02,
    "end": 2029.38,
    "speaker": "老师",
    "text": "同学们试着去求解一下吧。"
  },
  {
    "start": 2030.7,
    "end": 2032.52,
    "speaker": "老师",
    "text": "同学们完成了吗？"
  },
  {
    "start": 2032.52,
    "end": 2041.86,
    "speaker": "老师",
    "text": "让我们一起来看一下此题中我们已知的角度只有角ABC等于七十度，"
  },
  {
    "start": 2041.44,
    "end": 2041.86,
    "speaker": "老师",
    "text": "由四边形ABCD是一个平行四边形，"
  },
  {
    "start": 2041.44,
    "end": 2041.86,
    "speaker": "老师",
    "text": "平行四边形的对角相等可得，"
  },
  {
    "start": 2041.44,
    "end": 2041.86,
    "speaker": "老师",
    "text": "角ADC会等于角ABC等于七十度。"
  },
  {
    "start": 2041.44,
    "end": 2041.86,
    "speaker": "老师",
    "text": "那我们要求角CDF的度数，"
  },
  {
    "start": 2041.44,
    "end": 2041.86,
    "speaker": "老师",
    "text": "只要把角EDF的度数求出来，"
  },
  {
    "start": 2041.44,
    "end": 2041.86,
    "speaker": "老师",
    "text": "用角ADC减去角EDF,"
  },
  {
    "start": 2041.44,
    "end": 2041.86,
    "speaker": "老师",
    "text": "就能得到角CDF的度数。"
  },
  {
    "start": 2041.44,
    "end": 2041.86,
    "speaker": "老师",
    "text": "那怎么去求角EDF的度数呢？"
  },
  {
    "start": 2041.44,
    "end": 2041.86,
    "speaker": "老师",
    "text": "有已知BE平分角ABC,"
  },
  {
    "start": 2041.44,
    "end": 2041.86,
    "speaker": "老师",
    "text": "所以角ABE会等于角EBC等于二分之一的角ABC等于三十五度。"
  },
  {
    "start": 2041.44,
    "end": 2041.86,
    "speaker": "老师",
    "text": "又因为BE和FD是平行的，"
  },
  {
    "start": 2041.44,
    "end": 2041.86,
    "speaker": "老师",
    "text": "ED和BF也是平行的，"
  },
  {
    "start": 2041.44,
    "end": 2041.86,
    "speaker": "老师",
    "text": "所以四边形EBFD是一个平行四边形，"
  },
  {
    "start": 2041.44,
    "end": 2041.86,
    "speaker": "老师",
    "text": "平行四边形的对角相等，"
  },
  {
    "start": 2041.44,
    "end": 2041.86,
    "speaker": "老师",
    "text": "所以角EDF会等于角EBF等于三十五度。"
  },
  {
    "start": 2041.44,
    "end": 2041.86,
    "speaker": "老师",
    "text": "这样我们就求得了角CDF的度数等于三十五度。"
  },
  {
    "start": 2041.44,
    "end": 2041.86,
    "speaker": "老师",
    "text": "下面我们一起来看一下具体的解答过程。"
  },
  {
    "start": 2041.44,
    "end": 2041.86,
    "speaker": "老师",
    "text": "在平行四边形ABCD中，"
  },
  {
    "start": 2041.44,
    "end": 2041.86,
    "speaker": "老师",
    "text": "角ABC等于七十度，"
  },
  {
    "start": 2041.44,
    "end": 2041.86,
    "speaker": "老师",
    "text": "所以角ADC等于角ABC等于七十度。"
  },
  {
    "start": 2041.44,
    "end": 2041.86,
    "speaker": "老师",
    "text": "因为BE平分角ABC,"
  },
  {
    "start": 2041.44,
    "end": 2041.86,
    "speaker": "老师",
    "text": "所以角EBF等于角ABE等于三十五度。"
  },
  {
    "start": 2041.44,
    "end": 2041.86,
    "speaker": "老师",
    "text": "因为BE平行DFED平行BF,"
  },
  {
    "start": 2041.44,
    "end": 2041.86,
    "speaker": "老师",
    "text": "所以四边形BFDE是平行四边形，"
  },
  {
    "start": 2041.44,
    "end": 2041.86,
    "speaker": "老师",
    "text": "所以角EDF会等于角EDF等于三十五度。"
  },
  {
    "start": 2041.44,
    "end": 2041.86,
    "speaker": "老师",
    "text": "因为角CDF加角EDF等于角ADC,"
  },
  {
    "start": 2041.44,
    "end": 2041.86,
    "speaker": "老师",
    "text": "所以角CDF等于角ADC减角EDF等于三十五度。"
  },
  {
    "start": 2041.44,
    "end": 2041.86,
    "speaker": "老师",
    "text": "同学们，"
  },
  {
    "start": 2041.44,
    "end": 2041.86,
    "speaker": "老师",
    "text": "你们都做对了吗？"
  },
  {
    "start": 2041.44,
    "end": 2041.86,
    "speaker": "老师",
    "text": "相信同学们都能完成的很好。"
  },
  {
    "start": 2041.44,
    "end": 2041.86,
    "speaker": "老师",
    "text": "通过本节课的学习，"
  },
  {
    "start": 2041.44,
    "end": 2041.86,
    "speaker": "老师",
    "text": "同学们有什么收获吗？"
  },
  {
    "start": 2041.44,
    "end": 2041.86,
    "speaker": "老师",
    "text": "通过本节课的学习，"
  },
  {
    "start": 2041.44,
    "end": 2041.86,
    "speaker": "老师",
    "text": "我们学习了平行线之间的距离，"
  },
  {
    "start": 2041.44,
    "end": 2041.86,
    "speaker": "老师",
    "text": "还学习了夹在两条平行线之间的平行线段一定相等，"
  },
  {
    "start": 2041.44,
    "end": 2041.86,
    "speaker": "老师",
    "text": "它们都综合运用了平行四边形的性质和判定。"
  },
  {
    "start": 2041.44,
    "end": 2041.86,
    "speaker": "老师",
    "text": "下面是本节课的课后作业，"
  },
  {
    "start": 2041.44,
    "end": 2041.86,
    "speaker": "老师",
    "text": "请同学们认真完成，"
  },
  {
    "start": 2041.44,
    "end": 2041.86,
    "speaker": "老师",
    "text": "谢谢观看同学们再见。"
  }
]