[
  {
    "start": 9.31,
    "end": 17.57,
    "speaker": "老师",
    "text": "今天我们来学习八年级下册第三章图形的平移与旋转的第一节图形的平移的第三个课时。"
  },
  {
    "start": 17.63,
    "end": 19.07,
    "speaker": "老师",
    "text": "在这个课时当中，"
  },
  {
    "start": 19.07,
    "end": 23.21,
    "speaker": "老师",
    "text": "我们将掌握平面直角坐标系中图形，"
  },
  {
    "start": 23.39,
    "end": 29.89,
    "speaker": "老师",
    "text": "依次沿两个坐标轴方向平移后得到的图形与原来图形之间的关系，"
  },
  {
    "start": 29.97,
    "end": 35.95,
    "speaker": "老师",
    "text": "从而总结概括图形变化与坐标变化之间的变化规律，"
  },
  {
    "start": 35.95,
    "end": 39.85,
    "speaker": "老师",
    "text": "掌握两次平移与一次平移的转化。"
  },
  {
    "start": 39.85,
    "end": 44.57,
    "speaker": "老师",
    "text": "了解平面直角坐标系是树与形之间的桥梁，"
  },
  {
    "start": 44.57,
    "end": 47.09,
    "speaker": "老师",
    "text": "感受树形结合思想，"
  },
  {
    "start": 47.97,
    "end": 49.83,
    "speaker": "老师",
    "text": "初步建立空间管理。"
  },
  {
    "start": 49.85,
    "end": 50.15,
    "speaker": "老师",
    "text": "好，"
  },
  {
    "start": 50.15,
    "end": 53.25,
    "speaker": "老师",
    "text": "首先让我们来进行知识。"
  },
  {
    "start": 53.25,
    "end": 53.89,
    "speaker": "老师",
    "text": "回顾。"
  },
  {
    "start": 53.89,
    "end": 56.57,
    "speaker": "老师",
    "text": "大家还记得在上节课当中，"
  },
  {
    "start": 56.59,
    "end": 63.74,
    "speaker": "老师",
    "text": "我们在平面直角坐标系中图形平移与坐标变化之间的规律吗？"
  },
  {
    "start": 63.74,
    "end": 64.34,
    "speaker": "老师",
    "text": "是的，"
  },
  {
    "start": 64.64,
    "end": 67.76,
    "speaker": "老师",
    "text": "在上节课当中，"
  },
  {
    "start": 67.82,
    "end": 72.58,
    "speaker": "老师",
    "text": "我们分别研究了图形向左向右向上、向下四个平移，"
  },
  {
    "start": 72.58,
    "end": 77.92,
    "speaker": "老师",
    "text": "那么它们对应的点坐标的变化规律，"
  },
  {
    "start": 77.92,
    "end": 79.8,
    "speaker": "老师",
    "text": "大家还记得吗？"
  },
  {
    "start": 79.8,
    "end": 80.42,
    "speaker": "老师",
    "text": "很好。"
  },
  {
    "start": 80.42,
    "end": 84.0,
    "speaker": "老师",
    "text": "如果图形向左平移a个单位，"
  },
  {
    "start": 84.0,
    "end": 86.88,
    "speaker": "老师",
    "text": "当a大于零的时候，"
  },
  {
    "start": 87.0,
    "end": 91.48,
    "speaker": "老师",
    "text": "我们说它的横坐标怎么样减a如果向右呢？"
  },
  {
    "start": 91.48,
    "end": 94.5,
    "speaker": "老师",
    "text": "对横坐标加a纵坐标怎么样不变？"
  },
  {
    "start": 94.76,
    "end": 97.87,
    "speaker": "老师",
    "text": "如果图形向上平移，"
  },
  {
    "start": 97.95,
    "end": 101.05,
    "speaker": "老师",
    "text": "b个单位当b大于零的时候，"
  },
  {
    "start": 101.09,
    "end": 103.41,
    "speaker": "老师",
    "text": "它的纵坐标加b而向下平移。"
  },
  {
    "start": 103.41,
    "end": 104.25,
    "speaker": "老师",
    "text": "是的，"
  },
  {
    "start": 104.25,
    "end": 110.23,
    "speaker": "老师",
    "text": "那么我们说它的纵坐标减b而对应的横坐标怎么样啊？"
  },
  {
    "start": 110.23,
    "end": 110.73,
    "speaker": "老师",
    "text": "不变。"
  },
  {
    "start": 110.73,
    "end": 117.6,
    "speaker": "老师",
    "text": "当然同时我们也研究了图形的点坐标变化也会怎么样，"
  },
  {
    "start": 117.74,
    "end": 118.04,
    "speaker": "老师",
    "text": "对，"
  },
  {
    "start": 118.04,
    "end": 121.48,
    "speaker": "老师",
    "text": "也会反过来影响我们的图形变化。"
  },
  {
    "start": 121.48,
    "end": 124.94,
    "speaker": "老师",
    "text": "它们之间是怎么样相互影响的。"
  },
  {
    "start": 124.94,
    "end": 125.84,
    "speaker": "老师",
    "text": "好，"
  },
  {
    "start": 126.06,
    "end": 130.5,
    "speaker": "老师",
    "text": "接下来为了考察大家的掌握情况，"
  },
  {
    "start": 130.5,
    "end": 136.71,
    "speaker": "老师",
    "text": "请大家看看老师给大家准备的几道口答题。"
  },
  {
    "start": 136.71,
    "end": 137.93,
    "speaker": "老师",
    "text": "第一题，"
  },
  {
    "start": 137.93,
    "end": 144.16,
    "speaker": "老师",
    "text": "在平面直角坐标系中将图形做如下变换时，"
  },
  {
    "start": 144.22,
    "end": 149.42,
    "speaker": "老师",
    "text": "图形上的点坐标将怎样变换呢？"
  },
  {
    "start": 149.84,
    "end": 150.68,
    "speaker": "老师",
    "text": "第一题，"
  },
  {
    "start": 150.68,
    "end": 154.14,
    "speaker": "老师",
    "text": "图形向右平移三个档，"
  },
  {
    "start": 154.14,
    "end": 156.5,
    "speaker": "老师",
    "text": "图形向右平移三个单位，"
  },
  {
    "start": 156.64,
    "end": 158.1,
    "speaker": "老师",
    "text": "那意味着很好，"
  },
  {
    "start": 158.1,
    "end": 160.48,
    "speaker": "老师",
    "text": "那就是横坐标加三，"
  },
  {
    "start": 160.48,
    "end": 162.49,
    "speaker": "老师",
    "text": "纵坐标不变。"
  },
  {
    "start": 162.49,
    "end": 171.43,
    "speaker": "老师",
    "text": "如果我们用XY来表示原来图形当中的点坐标，"
  },
  {
    "start": 171.67,
    "end": 177.57,
    "speaker": "老师",
    "text": "那么平移后变化的点坐标是什么呢？"
  },
  {
    "start": 177.57,
    "end": 178.23,
    "speaker": "老师",
    "text": "对，"
  },
  {
    "start": 178.35,
    "end": 183.87,
    "speaker": "老师",
    "text": "就是x加三逗号y我们往下看图形向下平移，"
  },
  {
    "start": 183.93,
    "end": 188.71,
    "speaker": "老师",
    "text": "两个单位对横坐标不变，"
  },
  {
    "start": 188.71,
    "end": 191.65,
    "speaker": "老师",
    "text": "纵坐标减二。"
  },
  {
    "start": 192.67,
    "end": 192.91,
    "speaker": "老师",
    "text": "好，"
  },
  {
    "start": 192.91,
    "end": 195.82,
    "speaker": "老师",
    "text": "接下来第二题，"
  },
  {
    "start": 195.82,
    "end": 204.73,
    "speaker": "老师",
    "text": "在平面直角坐标系中将图形上的点坐标做如下变换时，"
  },
  {
    "start": 204.81,
    "end": 207.33,
    "speaker": "老师",
    "text": "图形将怎样变换呢？"
  },
  {
    "start": 207.33,
    "end": 210.49,
    "speaker": "老师",
    "text": "我们来看一下横坐标不变，"
  },
  {
    "start": 210.49,
    "end": 214.37,
    "speaker": "老师",
    "text": "纵坐标加四怎么样啊？"
  },
  {
    "start": 214.37,
    "end": 216.03,
    "speaker": "老师",
    "text": "很好，"
  },
  {
    "start": 216.03,
    "end": 218.39,
    "speaker": "老师",
    "text": "图形怎么样向上平移，"
  },
  {
    "start": 218.39,
    "end": 220.53,
    "speaker": "老师",
    "text": "四个单位长度好继续。"
  },
  {
    "start": 220.53,
    "end": 223.74,
    "speaker": "老师",
    "text": "如果横坐标减一呢，"
  },
  {
    "start": 223.98,
    "end": 226.24,
    "speaker": "老师",
    "text": "横坐标减一呢？"
  },
  {
    "start": 226.32,
    "end": 226.68,
    "speaker": "老师",
    "text": "对了，"
  },
  {
    "start": 226.68,
    "end": 233.06,
    "speaker": "老师",
    "text": "那么它就是向左平移一个单位长度。"
  },
  {
    "start": 233.06,
    "end": 233.82,
    "speaker": "老师",
    "text": "同学们，"
  },
  {
    "start": 233.82,
    "end": 235.42,
    "speaker": "老师",
    "text": "你们对了吗？"
  },
  {
    "start": 235.68,
    "end": 237.49,
    "speaker": "老师",
    "text": "好的，"
  },
  {
    "start": 237.71,
    "end": 247.16,
    "speaker": "老师",
    "text": "接下来我们将学习我们今天的新课内容的第一个部分图形变化引起的坐标变化规律。"
  },
  {
    "start": 247.88,
    "end": 250.44,
    "speaker": "老师",
    "text": "首先我们来研究点的变化。"
  },
  {
    "start": 250.44,
    "end": 251.7,
    "speaker": "老师",
    "text": "首先看题，"
  },
  {
    "start": 252.08,
    "end": 253.46,
    "speaker": "老师",
    "text": "如图，"
  },
  {
    "start": 253.6,
    "end": 262.35,
    "speaker": "老师",
    "text": "在平面直角坐标系中点a的坐标二一，"
  },
  {
    "start": 262.55,
    "end": 264.45,
    "speaker": "老师",
    "text": "先将它向下平移，"
  },
  {
    "start": 264.45,
    "end": 266.13,
    "speaker": "老师",
    "text": "两个单位长度，"
  },
  {
    "start": 266.39,
    "end": 268.29,
    "speaker": "老师",
    "text": "再向右平移，"
  },
  {
    "start": 268.51,
    "end": 271.63,
    "speaker": "老师",
    "text": "三个单位长度得到a撇。"
  },
  {
    "start": 273.36,
    "end": 276.28,
    "speaker": "老师",
    "text": "你能找到a撇的位置吗？"
  },
  {
    "start": 276.28,
    "end": 276.84,
    "speaker": "老师",
    "text": "啊，"
  },
  {
    "start": 276.84,
    "end": 279.96,
    "speaker": "老师",
    "text": "我相信这个难不倒大家。"
  },
  {
    "start": 280.3,
    "end": 284.32,
    "speaker": "老师",
    "text": "我们来看图加点a向下平移两个单位，"
  },
  {
    "start": 284.32,
    "end": 287.59,
    "speaker": "老师",
    "text": "再向右平移三个单位。"
  },
  {
    "start": 287.59,
    "end": 288.17,
    "speaker": "老师",
    "text": "哎，"
  },
  {
    "start": 288.17,
    "end": 292.33,
    "speaker": "老师",
    "text": "我们找到了点a撇的什么位置，"
  },
  {
    "start": 292.33,
    "end": 293.41,
    "speaker": "老师",
    "text": "很好，"
  },
  {
    "start": 293.43,
    "end": 295.09,
    "speaker": "老师",
    "text": "继续往下，"
  },
  {
    "start": 295.09,
    "end": 299.61,
    "speaker": "老师",
    "text": "你还能想到其他的平移方式吗？"
  },
  {
    "start": 299.69,
    "end": 300.15,
    "speaker": "老师",
    "text": "哦，"
  },
  {
    "start": 300.33,
    "end": 302.77,
    "speaker": "老师",
    "text": "有的同学就会想，"
  },
  {
    "start": 302.91,
    "end": 307.03,
    "speaker": "老师",
    "text": "老师我换一个先后顺序吧，"
  },
  {
    "start": 307.49,
    "end": 311.81,
    "speaker": "老师",
    "text": "我将点a先向右平移三个单位，"
  },
  {
    "start": 311.81,
    "end": 314.77,
    "speaker": "老师",
    "text": "再向下平移两个单位可以吗？"
  },
  {
    "start": 314.77,
    "end": 315.49,
    "speaker": "老师",
    "text": "当然可以。"
  },
  {
    "start": 315.49,
    "end": 317.45,
    "speaker": "老师",
    "text": "同学们太聪明了。"
  },
  {
    "start": 317.61,
    "end": 322.78,
    "speaker": "老师",
    "text": "那接下来我们来看第三题，"
  },
  {
    "start": 323.26,
    "end": 328.26,
    "speaker": "老师",
    "text": "a点能否通过一次平移到达a撇点的位置呢？"
  },
  {
    "start": 328.26,
    "end": 329.22,
    "speaker": "老师",
    "text": "如果能，"
  },
  {
    "start": 329.22,
    "end": 335.55,
    "speaker": "老师",
    "text": "请指出平移方向和距离。"
  },
  {
    "start": 335.55,
    "end": 336.09,
    "speaker": "老师",
    "text": "好，"
  },
  {
    "start": 336.09,
    "end": 341.93,
    "speaker": "老师",
    "text": "我们看到图形点a和点a撇是不是可以直接过来呢？"
  },
  {
    "start": 341.93,
    "end": 342.33,
    "speaker": "老师",
    "text": "哦，"
  },
  {
    "start": 342.37,
    "end": 343.47,
    "speaker": "老师",
    "text": "同学们说，"
  },
  {
    "start": 343.47,
    "end": 346.4,
    "speaker": "老师",
    "text": "老师当然可以呀，"
  },
  {
    "start": 346.4,
    "end": 350.17,
    "speaker": "老师",
    "text": "我们改变一下我们的平移方向，"
  },
  {
    "start": 350.17,
    "end": 351.95,
    "speaker": "老师",
    "text": "直接从点a怎么样连接，"
  },
  {
    "start": 351.95,
    "end": 353.33,
    "speaker": "老师",
    "text": "直接到达点VP."
  },
  {
    "start": 353.37,
    "end": 354.21,
    "speaker": "老师",
    "text": "好，"
  },
  {
    "start": 354.89,
    "end": 359.29,
    "speaker": "老师",
    "text": "那么这个时候它的平移距离是多少呢？"
  },
  {
    "start": 359.29,
    "end": 362.55,
    "speaker": "老师",
    "text": "我们能不能计算得到呢？"
  },
  {
    "start": 362.55,
    "end": 364.39,
    "speaker": "老师",
    "text": "想一下啊，"
  },
  {
    "start": 364.41,
    "end": 366.63,
    "speaker": "老师",
    "text": "勾股定理对吗？"
  },
  {
    "start": 366.63,
    "end": 371.51,
    "speaker": "老师",
    "text": "我们只要在这个地方构造一个直角三角形，"
  },
  {
    "start": 371.51,
    "end": 384.25,
    "speaker": "老师",
    "text": "大家看到它的两条直角边长分别是向下平移两个单位的两个单位长度向右平移三个单位的单位长度。"
  },
  {
    "start": 384.67,
    "end": 386.11,
    "speaker": "老师",
    "text": "看到没有，"
  },
  {
    "start": 386.23,
    "end": 393.0,
    "speaker": "老师",
    "text": "三个单位长度好二三再计算它的什么斜边非常好。"
  },
  {
    "start": 393.0,
    "end": 398.32,
    "speaker": "老师",
    "text": "那么这个长度是多少呢？"
  },
  {
    "start": 398.32,
    "end": 401.27,
    "speaker": "老师",
    "text": "根号十三个单位长度好，"
  },
  {
    "start": 401.53,
    "end": 407.37,
    "speaker": "老师",
    "text": "因此我们说能它的平移方向是什么呢？"
  },
  {
    "start": 408.01,
    "end": 412.31,
    "speaker": "老师",
    "text": "是沿着点a到点a撇的方向，"
  },
  {
    "start": 412.51,
    "end": 416.73,
    "speaker": "老师",
    "text": "平移了根号十三个单位长度。"
  },
  {
    "start": 416.83,
    "end": 417.29,
    "speaker": "老师",
    "text": "好，"
  },
  {
    "start": 417.29,
    "end": 421.51,
    "speaker": "老师",
    "text": "接下来我们还准备了第四小题请，"
  },
  {
    "start": 421.51,
    "end": 424.81,
    "speaker": "老师",
    "text": "你写出a点和a撇点的坐标，"
  },
  {
    "start": 424.81,
    "end": 427.71,
    "speaker": "老师",
    "text": "它们之间发生了怎样的变化？"
  },
  {
    "start": 427.77,
    "end": 428.41,
    "speaker": "老师",
    "text": "好，"
  },
  {
    "start": 428.55,
    "end": 431.68,
    "speaker": "老师",
    "text": "a告诉我们了是二一，"
  },
  {
    "start": 431.68,
    "end": 435.48,
    "speaker": "老师",
    "text": "那a撇我们能读得出来吗？"
  },
  {
    "start": 435.48,
    "end": 435.66,
    "speaker": "老师",
    "text": "对，"
  },
  {
    "start": 435.66,
    "end": 437.92,
    "speaker": "老师",
    "text": "五负一好，"
  },
  {
    "start": 437.92,
    "end": 439.42,
    "speaker": "老师",
    "text": "我们把它写出来，"
  },
  {
    "start": 439.72,
    "end": 443.62,
    "speaker": "老师",
    "text": "我们来观察一下a到AP横坐标怎么样？"
  },
  {
    "start": 443.62,
    "end": 444.02,
    "speaker": "老师",
    "text": "哎，"
  },
  {
    "start": 444.02,
    "end": 446.52,
    "speaker": "老师",
    "text": "横坐标加三对吧？"
  },
  {
    "start": 446.52,
    "end": 446.94,
    "speaker": "老师",
    "text": "好，"
  },
  {
    "start": 446.94,
    "end": 448.62,
    "speaker": "老师",
    "text": "纵坐标一到负一，"
  },
  {
    "start": 448.62,
    "end": 449.82,
    "speaker": "老师",
    "text": "纵坐标怎么样？"
  },
  {
    "start": 449.88,
    "end": 450.7,
    "speaker": "老师",
    "text": "纵坐标减二。"
  },
  {
    "start": 450.7,
    "end": 451.02,
    "speaker": "老师",
    "text": "好，"
  },
  {
    "start": 451.02,
    "end": 457.93,
    "speaker": "老师",
    "text": "下面我们来研究图形当中余的变化。"
  },
  {
    "start": 458.05,
    "end": 471.25,
    "speaker": "老师",
    "text": "首先看到将图形中的余f向下平移两个单位长度再向右平移三个单位长度得到新于f撇。"
  },
  {
    "start": 471.33,
    "end": 472.37,
    "speaker": "老师",
    "text": "第一题，"
  },
  {
    "start": 472.75,
    "end": 477.45,
    "speaker": "老师",
    "text": "在平面直角坐标系中画出于f撇，"
  },
  {
    "start": 477.45,
    "end": 479.69,
    "speaker": "老师",
    "text": "你能画出来了吗？"
  },
  {
    "start": 479.69,
    "end": 480.13,
    "speaker": "老师",
    "text": "对，"
  },
  {
    "start": 480.33,
    "end": 488.61,
    "speaker": "老师",
    "text": "我们可以用上节课的知识来画平移后的图形，"
  },
  {
    "start": 488.61,
    "end": 492.13,
    "speaker": "老师",
    "text": "我们可以先找什么先找关键点，"
  },
  {
    "start": 492.13,
    "end": 492.93,
    "speaker": "老师",
    "text": "对吗？"
  },
  {
    "start": 492.99,
    "end": 493.57,
    "speaker": "老师",
    "text": "好，"
  },
  {
    "start": 493.67,
    "end": 499.19,
    "speaker": "老师",
    "text": "再把关键点平移之后怎么样连接起来就可以了啊，"
  },
  {
    "start": 499.25,
    "end": 503.46,
    "speaker": "老师",
    "text": "那么老师在这里呢给大家准备了动画，"
  },
  {
    "start": 503.46,
    "end": 506.88,
    "speaker": "老师",
    "text": "首先我们将于向下平移两个单位长度，"
  },
  {
    "start": 506.88,
    "end": 516.26,
    "speaker": "老师",
    "text": "再将鱼向右平移三个单位长度。"
  },
  {
    "start": 516.26,
    "end": 517.02,
    "speaker": "老师",
    "text": "同学们，"
  },
  {
    "start": 517.02,
    "end": 519.12,
    "speaker": "老师",
    "text": "你们画对了吗？"
  },
  {
    "start": 519.14,
    "end": 519.64,
    "speaker": "老师",
    "text": "好，"
  },
  {
    "start": 519.74,
    "end": 528.94,
    "speaker": "老师",
    "text": "接下来第二题能否将于f撇看成是与f经过一次平移得到的。"
  },
  {
    "start": 528.94,
    "end": 530.99,
    "speaker": "老师",
    "text": "如果能，"
  },
  {
    "start": 530.99,
    "end": 534.59,
    "speaker": "老师",
    "text": "请指出平移的方向和平移的距离。"
  },
  {
    "start": 534.59,
    "end": 537.21,
    "speaker": "老师",
    "text": "他们通过一次平移得到吗？"
  },
  {
    "start": 537.33,
    "end": 542.02,
    "speaker": "老师",
    "text": "我们刚刚想到了我们曾经研究了什么？"
  },
  {
    "start": 542.02,
    "end": 545.84,
    "speaker": "老师",
    "text": "研究了低远的两次平移到一次平移的转化。"
  },
  {
    "start": 545.84,
    "end": 553.36,
    "speaker": "老师",
    "text": "那么这些这条鱼是不是也是由若干个这样的点组成的呢？"
  },
  {
    "start": 553.54,
    "end": 557.12,
    "speaker": "老师",
    "text": "我想应该也是怎么样可以的。"
  },
  {
    "start": 557.12,
    "end": 558.37,
    "speaker": "老师",
    "text": "好，"
  },
  {
    "start": 558.65,
    "end": 562.35,
    "speaker": "老师",
    "text": "我们用动画给大家演示一下哦，"
  },
  {
    "start": 562.35,
    "end": 563.71,
    "speaker": "老师",
    "text": "果不其然，"
  },
  {
    "start": 563.71,
    "end": 568.87,
    "speaker": "老师",
    "text": "它确实可以通过一次平移得到。"
  },
  {
    "start": 569.03,
    "end": 574.9,
    "speaker": "老师",
    "text": "那么它的平移方向和平移距离，"
  },
  {
    "start": 574.98,
    "end": 578.92,
    "speaker": "老师",
    "text": "我们该怎么描述呢？"
  },
  {
    "start": 579.04,
    "end": 579.78,
    "speaker": "老师",
    "text": "好的，"
  },
  {
    "start": 579.78,
    "end": 583.47,
    "speaker": "老师",
    "text": "首先我们看到平移的方向，"
  },
  {
    "start": 583.47,
    "end": 588.31,
    "speaker": "老师",
    "text": "我们看到这里有一组什么对应点，"
  },
  {
    "start": 588.39,
    "end": 594.95,
    "speaker": "老师",
    "text": "那么我能不能用对应点之间的点坐标来描述呢？"
  },
  {
    "start": 594.95,
    "end": 595.63,
    "speaker": "老师",
    "text": "是的，"
  },
  {
    "start": 595.77,
    "end": 601.09,
    "speaker": "老师",
    "text": "我们可以这样叙述这一点的坐标是什么？"
  },
  {
    "start": 601.09,
    "end": 606.41,
    "speaker": "老师",
    "text": "零零这一点的坐标是三负二。"
  },
  {
    "start": 606.59,
    "end": 614.29,
    "speaker": "老师",
    "text": "我们可以说这个图形是沿着由点零零到点三负二的方向移动。"
  },
  {
    "start": 614.49,
    "end": 619.15,
    "speaker": "老师",
    "text": "那移动了多少个单位长度呢？"
  },
  {
    "start": 619.31,
    "end": 619.97,
    "speaker": "老师",
    "text": "对，"
  },
  {
    "start": 620.13,
    "end": 624.13,
    "speaker": "老师",
    "text": "我们仍然可以用勾股定理计算，"
  },
  {
    "start": 624.17,
    "end": 631.44,
    "speaker": "老师",
    "text": "得到这个长度是几啊？"
  },
  {
    "start": 631.7,
    "end": 632.98,
    "speaker": "老师",
    "text": "二三，"
  },
  {
    "start": 633.04,
    "end": 636.9,
    "speaker": "老师",
    "text": "所以它移动的距离是根号十三。"
  },
  {
    "start": 637.06,
    "end": 637.6,
    "speaker": "老师",
    "text": "好，"
  },
  {
    "start": 637.6,
    "end": 641.22,
    "speaker": "老师",
    "text": "接下来我们来看到第三问，"
  },
  {
    "start": 641.24,
    "end": 643.88,
    "speaker": "老师",
    "text": "在UF和UF撇中，"
  },
  {
    "start": 643.88,
    "end": 648.31,
    "speaker": "老师",
    "text": "对应点的坐标之间有什么关系呢？"
  },
  {
    "start": 648.31,
    "end": 648.57,
    "speaker": "老师",
    "text": "哦，"
  },
  {
    "start": 648.57,
    "end": 655.54,
    "speaker": "老师",
    "text": "这条黑色的鱼是鱼f哎，"
  },
  {
    "start": 655.54,
    "end": 658.48,
    "speaker": "老师",
    "text": "这条橙色的是与f撇啊，"
  },
  {
    "start": 658.6,
    "end": 662.14,
    "speaker": "老师",
    "text": "它们之间有什么关系呢？"
  },
  {
    "start": 663.07,
    "end": 663.63,
    "speaker": "老师",
    "text": "啊，"
  },
  {
    "start": 665.09,
    "end": 667.27,
    "speaker": "老师",
    "text": "是的，"
  },
  {
    "start": 667.35,
    "end": 671.82,
    "speaker": "老师",
    "text": "我看可以借助上节课学习的，"
  },
  {
    "start": 671.82,
    "end": 673.92,
    "speaker": "老师",
    "text": "用表格的方式来完成它。"
  },
  {
    "start": 673.96,
    "end": 674.42,
    "speaker": "老师",
    "text": "好，"
  },
  {
    "start": 674.8,
    "end": 685.11,
    "speaker": "老师",
    "text": "第一行是我们原来的与f当中一些顶点的坐标。"
  },
  {
    "start": 685.11,
    "end": 695.65,
    "speaker": "老师",
    "text": "那么接下来我们可以把平移两次后得到的与f撇的对应的顶点的坐标填到相应的表格当中。"
  },
  {
    "start": 695.69,
    "end": 696.05,
    "speaker": "老师",
    "text": "哎，"
  },
  {
    "start": 696.05,
    "end": 702.93,
    "speaker": "老师",
    "text": "我们来看一下这个点三负二八二六负二八负一八负三以及七负四。"
  },
  {
    "start": 702.93,
    "end": 703.27,
    "speaker": "老师",
    "text": "好，"
  },
  {
    "start": 703.43,
    "end": 707.73,
    "speaker": "老师",
    "text": "我们将这些点怎么样对应着填进去。"
  },
  {
    "start": 707.73,
    "end": 716.67,
    "speaker": "老师",
    "text": "这个时候我们就来观察一下它们对应点的坐标之间有怎样的关系。"
  },
  {
    "start": 716.81,
    "end": 719.91,
    "speaker": "老师",
    "text": "首先我们来看一下，"
  },
  {
    "start": 719.91,
    "end": 720.57,
    "speaker": "老师",
    "text": "嗯，"
  },
  {
    "start": 720.57,
    "end": 722.93,
    "speaker": "老师",
    "text": "横纵坐标都发生了改变，"
  },
  {
    "start": 722.93,
    "end": 725.17,
    "speaker": "老师",
    "text": "那么这种改变有没有规律呢？"
  },
  {
    "start": 725.17,
    "end": 725.37,
    "speaker": "老师",
    "text": "好，"
  },
  {
    "start": 725.37,
    "end": 730.59,
    "speaker": "老师",
    "text": "我们来继续观察零三五八三六五八五八四七。"
  },
  {
    "start": 730.89,
    "end": 731.27,
    "speaker": "老师",
    "text": "哦，"
  },
  {
    "start": 731.27,
    "end": 734.76,
    "speaker": "老师",
    "text": "有的同学马上知道，"
  },
  {
    "start": 734.76,
    "end": 735.42,
    "speaker": "老师",
    "text": "老师，"
  },
  {
    "start": 735.42,
    "end": 738.76,
    "speaker": "老师",
    "text": "我知道它的横坐标加了三，"
  },
  {
    "start": 738.84,
    "end": 739.52,
    "speaker": "老师",
    "text": "对吧？"
  },
  {
    "start": 739.52,
    "end": 739.88,
    "speaker": "老师",
    "text": "好，"
  },
  {
    "start": 739.88,
    "end": 743.88,
    "speaker": "老师",
    "text": "那纵坐标零负二一负一负一负三负二负四。"
  },
  {
    "start": 744.12,
    "end": 744.72,
    "speaker": "老师",
    "text": "哎，"
  },
  {
    "start": 745.14,
    "end": 749.6,
    "speaker": "老师",
    "text": "老师我也知道它的纵坐标怎么样。"
  },
  {
    "start": 749.72,
    "end": 750.18,
    "speaker": "老师",
    "text": "哎，"
  },
  {
    "start": 750.18,
    "end": 752.1,
    "speaker": "老师",
    "text": "纵坐标减二，"
  },
  {
    "start": 752.1,
    "end": 752.4,
    "speaker": "老师",
    "text": "哎，"
  },
  {
    "start": 752.4,
    "end": 758.56,
    "speaker": "老师",
    "text": "这不就跟我们上节课学的知识是差不多的吗？"
  },
  {
    "start": 758.58,
    "end": 759.74,
    "speaker": "老师",
    "text": "我们看一下，"
  },
  {
    "start": 759.74,
    "end": 763.26,
    "speaker": "老师",
    "text": "我们往右平移了几个单位，"
  },
  {
    "start": 763.26,
    "end": 765.34,
    "speaker": "老师",
    "text": "三个单位，"
  },
  {
    "start": 765.34,
    "end": 768.58,
    "speaker": "老师",
    "text": "所以横坐标怎么样啊，"
  },
  {
    "start": 768.82,
    "end": 771.42,
    "speaker": "老师",
    "text": "增加了三往下平移了两个单位，"
  },
  {
    "start": 771.42,
    "end": 773.9,
    "speaker": "老师",
    "text": "因此它的纵坐标减了。"
  },
  {
    "start": 773.9,
    "end": 774.64,
    "speaker": "老师",
    "text": "二是的，"
  },
  {
    "start": 774.72,
    "end": 778.25,
    "speaker": "老师",
    "text": "其实现在我们探索的内容就是将图形怎么样。"
  },
  {
    "start": 778.25,
    "end": 778.45,
    "speaker": "老师",
    "text": "哎，"
  },
  {
    "start": 778.45,
    "end": 781.29,
    "speaker": "老师",
    "text": "沿坐标轴进行两次平移，"
  },
  {
    "start": 781.29,
    "end": 786.91,
    "speaker": "老师",
    "text": "分别沿x轴和y轴方向平移一次，"
  },
  {
    "start": 787.15,
    "end": 790.99,
    "speaker": "老师",
    "text": "就是将上节课学习的内容怎么样啊？"
  },
  {
    "start": 790.99,
    "end": 791.51,
    "speaker": "老师",
    "text": "哎，"
  },
  {
    "start": 791.59,
    "end": 793.43,
    "speaker": "老师",
    "text": "稍微整合了一下。"
  },
  {
    "start": 793.43,
    "end": 795.17,
    "speaker": "老师",
    "text": "同学们，"
  },
  {
    "start": 795.17,
    "end": 796.85,
    "speaker": "老师",
    "text": "你们明白了吗？"
  },
  {
    "start": 796.87,
    "end": 797.27,
    "speaker": "老师",
    "text": "好，"
  },
  {
    "start": 797.27,
    "end": 799.93,
    "speaker": "老师",
    "text": "接下来我们来看我们该怎么表示呢？"
  },
  {
    "start": 799.97,
    "end": 803.21,
    "speaker": "老师",
    "text": "对我们原来的点坐标用XY表示。"
  },
  {
    "start": 803.21,
    "end": 804.93,
    "speaker": "老师",
    "text": "那么现在的呢，"
  },
  {
    "start": 804.93,
    "end": 807.27,
    "speaker": "老师",
    "text": "对现在的可以表示成什么？"
  },
  {
    "start": 807.27,
    "end": 808.77,
    "speaker": "老师",
    "text": "X加三和y减二。"
  },
  {
    "start": 808.77,
    "end": 809.25,
    "speaker": "老师",
    "text": "好，"
  },
  {
    "start": 809.25,
    "end": 814.61,
    "speaker": "老师",
    "text": "那么下面我们把前面所学的知识稍微的整理一下，"
  },
  {
    "start": 814.63,
    "end": 819.75,
    "speaker": "老师",
    "text": "一个图形依次沿x轴方向y轴方向平移后，"
  },
  {
    "start": 819.75,
    "end": 822.79,
    "speaker": "老师",
    "text": "所得图形与原来的图形相比，"
  },
  {
    "start": 822.79,
    "end": 825.07,
    "speaker": "老师",
    "text": "位置有什么变化？"
  },
  {
    "start": 825.07,
    "end": 826.73,
    "speaker": "老师",
    "text": "位置有什么变化哦，"
  },
  {
    "start": 826.81,
    "end": 828.65,
    "speaker": "老师",
    "text": "可以怎么样，"
  },
  {
    "start": 828.65,
    "end": 831.21,
    "speaker": "老师",
    "text": "可以向左向右向上向下，"
  },
  {
    "start": 831.33,
    "end": 831.93,
    "speaker": "老师",
    "text": "对不对？"
  },
  {
    "start": 831.93,
    "end": 835.61,
    "speaker": "老师",
    "text": "我们可以把它怎么样综合一下，"
  },
  {
    "start": 835.61,
    "end": 836.92,
    "speaker": "老师",
    "text": "对了，"
  },
  {
    "start": 836.92,
    "end": 838.1,
    "speaker": "老师",
    "text": "可以综合一下，"
  },
  {
    "start": 838.1,
    "end": 842.18,
    "speaker": "老师",
    "text": "可以综合一下变成什么。"
  },
  {
    "start": 842.24,
    "end": 842.98,
    "speaker": "老师",
    "text": "好，"
  },
  {
    "start": 843.02,
    "end": 844.16,
    "speaker": "老师",
    "text": "我们来看一下，"
  },
  {
    "start": 844.16,
    "end": 847.58,
    "speaker": "老师",
    "text": "我们可以把它综合一下，"
  },
  {
    "start": 847.88,
    "end": 850.68,
    "speaker": "老师",
    "text": "变成以下四种情况，"
  },
  {
    "start": 850.68,
    "end": 857.56,
    "speaker": "老师",
    "text": "分别是向右向上、向右向下、向左向上、向左和什么向下，"
  },
  {
    "start": 857.58,
    "end": 858.48,
    "speaker": "老师",
    "text": "对不对？"
  },
  {
    "start": 858.9,
    "end": 859.38,
    "speaker": "老师",
    "text": "好，"
  },
  {
    "start": 859.38,
    "end": 862.6,
    "speaker": "老师",
    "text": "跟上节课表述方法是类似的，"
  },
  {
    "start": 862.78,
    "end": 866.14,
    "speaker": "老师",
    "text": "我们向右向左分别用a表示。"
  },
  {
    "start": 866.2,
    "end": 866.58,
    "speaker": "老师",
    "text": "哎，"
  },
  {
    "start": 866.58,
    "end": 869.46,
    "speaker": "老师",
    "text": "平移了a个单位长度，"
  },
  {
    "start": 869.5,
    "end": 871.9,
    "speaker": "老师",
    "text": "同时a是怎么样啊？"
  },
  {
    "start": 871.9,
    "end": 873.92,
    "speaker": "老师",
    "text": "A是大于零的，"
  },
  {
    "start": 873.92,
    "end": 878.78,
    "speaker": "老师",
    "text": "那么上下平移我们表示是设它为平移了b个单位长度啊，"
  },
  {
    "start": 878.78,
    "end": 881.34,
    "speaker": "老师",
    "text": "b也是怎么样啊大于零的。"
  },
  {
    "start": 883.68,
    "end": 895.61,
    "speaker": "老师",
    "text": "所以首先我们来分四种情况来描述它的位置变化来进行对应的讨论。"
  },
  {
    "start": 895.61,
    "end": 895.79,
    "speaker": "老师",
    "text": "好，"
  },
  {
    "start": 895.79,
    "end": 900.85,
    "speaker": "老师",
    "text": "那接下来为了描述它们对应点的坐标呢，"
  },
  {
    "start": 900.93,
    "end": 903.49,
    "speaker": "老师",
    "text": "我们设原来图形上的点坐标，"
  },
  {
    "start": 903.49,
    "end": 905.05,
    "speaker": "老师",
    "text": "为什么XY?"
  },
  {
    "start": 905.05,
    "end": 905.53,
    "speaker": "老师",
    "text": "好，"
  },
  {
    "start": 905.77,
    "end": 911.45,
    "speaker": "老师",
    "text": "那接下来我们对照的完成这个表格，"
  },
  {
    "start": 911.49,
    "end": 916.53,
    "speaker": "老师",
    "text": "如果向右平移a个单位长度，"
  },
  {
    "start": 916.53,
    "end": 924.7,
    "speaker": "老师",
    "text": "横坐标怎么样？"
  },
  {
    "start": 924.7,
    "end": 926.12,
    "speaker": "老师",
    "text": "加a好，"
  },
  {
    "start": 926.16,
    "end": 928.52,
    "speaker": "老师",
    "text": "向上平移b个单位长度呢？"
  },
  {
    "start": 928.52,
    "end": 934.67,
    "speaker": "老师",
    "text": "对了，"
  },
  {
    "start": 934.67,
    "end": 936.89,
    "speaker": "老师",
    "text": "纵坐标怎么样啊？"
  },
  {
    "start": 936.95,
    "end": 938.49,
    "speaker": "老师",
    "text": "加b好，"
  },
  {
    "start": 938.49,
    "end": 939.57,
    "speaker": "老师",
    "text": "同样的，"
  },
  {
    "start": 939.65,
    "end": 941.97,
    "speaker": "老师",
    "text": "如果是向右向下，"
  },
  {
    "start": 941.97,
    "end": 947.51,
    "speaker": "老师",
    "text": "那么就是什么样横坐标加a纵坐标减b好，"
  },
  {
    "start": 947.79,
    "end": 950.06,
    "speaker": "老师",
    "text": "如果是向左向上，"
  },
  {
    "start": 950.08,
    "end": 952.82,
    "speaker": "老师",
    "text": "那就是横坐标怎么样？"
  },
  {
    "start": 952.82,
    "end": 955.76,
    "speaker": "老师",
    "text": "横坐标减a横坐标加b好，"
  },
  {
    "start": 955.76,
    "end": 958.5,
    "speaker": "老师",
    "text": "最后一个向左向下。"
  },
  {
    "start": 958.5,
    "end": 962.5,
    "speaker": "老师",
    "text": "那么是横坐标减a纵坐标怎么样啊？"
  },
  {
    "start": 962.52,
    "end": 963.58,
    "speaker": "老师",
    "text": "减b好，"
  },
  {
    "start": 963.68,
    "end": 969.32,
    "speaker": "老师",
    "text": "这就是我们总结了刚刚的前半段的内容。"
  },
  {
    "start": 969.32,
    "end": 974.78,
    "speaker": "老师",
    "text": "其实这个内容跟上节课学的是相近的，"
  },
  {
    "start": 974.78,
    "end": 979.61,
    "speaker": "老师",
    "text": "只不过是把单纯的一次平移，"
  },
  {
    "start": 979.61,
    "end": 985.07,
    "speaker": "老师",
    "text": "这个时候变成什么两次平移。"
  },
  {
    "start": 985.07,
    "end": 985.33,
    "speaker": "老师",
    "text": "好，"
  },
  {
    "start": 985.33,
    "end": 987.53,
    "speaker": "老师",
    "text": "所以我们首先得到的是，"
  },
  {
    "start": 987.53,
    "end": 991.99,
    "speaker": "老师",
    "text": "今天学习的内容就是图形变化与什么，"
  },
  {
    "start": 992.05,
    "end": 998.09,
    "speaker": "老师",
    "text": "对与坐标变化之间的什么之间的规律探索。"
  },
  {
    "start": 998.23,
    "end": 1001.75,
    "speaker": "老师",
    "text": "当然我们还掌握了一样东西，"
  },
  {
    "start": 1001.87,
    "end": 1003.95,
    "speaker": "老师",
    "text": "那就是一个图形。"
  },
  {
    "start": 1003.95,
    "end": 1007.09,
    "speaker": "老师",
    "text": "如果沿x轴方向y轴方向平移后，"
  },
  {
    "start": 1007.09,
    "end": 1013.95,
    "speaker": "老师",
    "text": "所得到的图形可以怎么样？"
  },
  {
    "start": 1014.25,
    "end": 1020.85,
    "speaker": "老师",
    "text": "可以看成是由原来的图形经过一次平移得到的，"
  },
  {
    "start": 1021.59,
    "end": 1024.03,
    "speaker": "老师",
    "text": "也就是说可以由两次平移，"
  },
  {
    "start": 1024.11,
    "end": 1026.15,
    "speaker": "老师",
    "text": "怎么样转化为一次拼音。"
  },
  {
    "start": 1026.15,
    "end": 1027.65,
    "speaker": "老师",
    "text": "同学们，"
  },
  {
    "start": 1027.71,
    "end": 1030.31,
    "speaker": "老师",
    "text": "你们明白了吗？"
  },
  {
    "start": 1030.55,
    "end": 1031.31,
    "speaker": "老师",
    "text": "好，"
  },
  {
    "start": 1031.39,
    "end": 1033.47,
    "speaker": "老师",
    "text": "我们继续往下。"
  },
  {
    "start": 1033.73,
    "end": 1034.37,
    "speaker": "老师",
    "text": "同学们，"
  },
  {
    "start": 1034.37,
    "end": 1038.53,
    "speaker": "老师",
    "text": "刚刚我们研究的是图形变化引起的坐标变化。"
  },
  {
    "start": 1038.57,
    "end": 1046.67,
    "speaker": "老师",
    "text": "下面我们来研究我们的坐标变化引起的图形变化规律。"
  },
  {
    "start": 1047.03,
    "end": 1050.39,
    "speaker": "老师",
    "text": "首先我们来看题，"
  },
  {
    "start": 1050.57,
    "end": 1057.49,
    "speaker": "老师",
    "text": "先将图中与f的每个顶点的横坐标分别加二纵坐标不变，"
  },
  {
    "start": 1057.71,
    "end": 1062.93,
    "speaker": "老师",
    "text": "得到余g再将余g的每个顶点的纵坐标分别减三，"
  },
  {
    "start": 1063.03,
    "end": 1064.55,
    "speaker": "老师",
    "text": "横坐标不变，"
  },
  {
    "start": 1064.67,
    "end": 1074.73,
    "speaker": "老师",
    "text": "得到与h与h与原来的与f相比有什么变化与否，"
  },
  {
    "start": 1074.73,
    "end": 1080.71,
    "speaker": "老师",
    "text": "将与h看成是与f经过一次平移得到的呢？"
  },
  {
    "start": 1080.71,
    "end": 1081.43,
    "speaker": "老师",
    "text": "好，"
  },
  {
    "start": 1081.63,
    "end": 1083.75,
    "speaker": "老师",
    "text": "首先我们来想想看，"
  },
  {
    "start": 1083.91,
    "end": 1088.96,
    "speaker": "老师",
    "text": "第一个横坐标加二纵坐标不变。"
  },
  {
    "start": 1089.06,
    "end": 1093.42,
    "speaker": "老师",
    "text": "那怎么来表述会更清楚一点呢？"
  },
  {
    "start": 1093.44,
    "end": 1097.22,
    "speaker": "老师",
    "text": "我们可以借助我们的表格，"
  },
  {
    "start": 1097.28,
    "end": 1105.8,
    "speaker": "老师",
    "text": "首先我们将原来与f的每个顶点的坐标怎么样？"
  },
  {
    "start": 1105.8,
    "end": 1107.37,
    "speaker": "老师",
    "text": "哎，"
  },
  {
    "start": 1107.57,
    "end": 1109.15,
    "speaker": "老师",
    "text": "填进去。"
  },
  {
    "start": 1109.17,
    "end": 1109.41,
    "speaker": "老师",
    "text": "好，"
  },
  {
    "start": 1109.41,
    "end": 1112.11,
    "speaker": "老师",
    "text": "然后按照题目要求，"
  },
  {
    "start": 1112.31,
    "end": 1118.46,
    "speaker": "老师",
    "text": "横坐标加二完成我们的第二行表格。"
  },
  {
    "start": 1119.64,
    "end": 1122.62,
    "speaker": "老师",
    "text": "那么它们分别是什么呢？"
  },
  {
    "start": 1122.82,
    "end": 1130.02,
    "speaker": "老师",
    "text": "我们来看一下二零其次五零七一七负一和六负二。"
  },
  {
    "start": 1130.36,
    "end": 1131.0,
    "speaker": "老师",
    "text": "好，"
  },
  {
    "start": 1131.02,
    "end": 1133.06,
    "speaker": "老师",
    "text": "我们把它填进去。"
  },
  {
    "start": 1133.06,
    "end": 1134.41,
    "speaker": "老师",
    "text": "好，"
  },
  {
    "start": 1134.57,
    "end": 1136.81,
    "speaker": "老师",
    "text": "接下来我们将这些哎，"
  },
  {
    "start": 1136.81,
    "end": 1140.52,
    "speaker": "老师",
    "text": "我们将这些点怎么样啊？"
  },
  {
    "start": 1141.08,
    "end": 1147.7,
    "speaker": "老师",
    "text": "在平面直角坐标系当中把它怎么描出来。"
  },
  {
    "start": 1147.9,
    "end": 1149.49,
    "speaker": "老师",
    "text": "好，"
  },
  {
    "start": 1149.51,
    "end": 1151.41,
    "speaker": "老师",
    "text": "描出来之后，"
  },
  {
    "start": 1151.65,
    "end": 1154.81,
    "speaker": "老师",
    "text": "按原有顺序顺次连接。"
  },
  {
    "start": 1154.93,
    "end": 1156.83,
    "speaker": "老师",
    "text": "我们来观察一下，"
  },
  {
    "start": 1157.05,
    "end": 1165.66,
    "speaker": "老师",
    "text": "这个时候我们得到的余g和原来的余f相比发生了怎样的变化啊，"
  },
  {
    "start": 1165.84,
    "end": 1166.42,
    "speaker": "老师",
    "text": "很好，"
  },
  {
    "start": 1166.42,
    "end": 1167.8,
    "speaker": "老师",
    "text": "向右平移了，"
  },
  {
    "start": 1168.84,
    "end": 1171.06,
    "speaker": "老师",
    "text": "两个单位长度。"
  },
  {
    "start": 1171.48,
    "end": 1172.1,
    "speaker": "老师",
    "text": "好，"
  },
  {
    "start": 1172.12,
    "end": 1172.88,
    "speaker": "老师",
    "text": "往下，"
  },
  {
    "start": 1172.88,
    "end": 1175.96,
    "speaker": "老师",
    "text": "我们如果再加余g的，"
  },
  {
    "start": 1175.96,
    "end": 1180.04,
    "speaker": "老师",
    "text": "每个顶点的纵坐标分别减三，"
  },
  {
    "start": 1180.04,
    "end": 1181.42,
    "speaker": "老师",
    "text": "横坐标不变，"
  },
  {
    "start": 1181.46,
    "end": 1183.94,
    "speaker": "老师",
    "text": "注意是在余g的基础上，"
  },
  {
    "start": 1183.94,
    "end": 1186.56,
    "speaker": "老师",
    "text": "纵坐标干嘛减三啊，"
  },
  {
    "start": 1186.56,
    "end": 1190.36,
    "speaker": "老师",
    "text": "我们这个时候完成第三行的表格，"
  },
  {
    "start": 1190.36,
    "end": 1196.94,
    "speaker": "老师",
    "text": "它们分别是二负三七一五负三七负二七负四和六负五好。"
  },
  {
    "start": 1197.04,
    "end": 1199.88,
    "speaker": "老师",
    "text": "填完这些表格之后，"
  },
  {
    "start": 1199.88,
    "end": 1203.04,
    "speaker": "老师",
    "text": "我们同样的跟刚才一样，"
  },
  {
    "start": 1203.04,
    "end": 1208.9,
    "speaker": "老师",
    "text": "在平面直角坐标系当中将这些点哎描出来，"
  },
  {
    "start": 1208.98,
    "end": 1212.58,
    "speaker": "老师",
    "text": "然后将它们连接顺次连接好。"
  },
  {
    "start": 1212.58,
    "end": 1215.14,
    "speaker": "老师",
    "text": "这个时候我们观察一下，"
  },
  {
    "start": 1215.14,
    "end": 1221.08,
    "speaker": "老师",
    "text": "我们得到的与h和原来的与g相比怎么了？"
  },
  {
    "start": 1221.08,
    "end": 1221.92,
    "speaker": "老师",
    "text": "对了，"
  },
  {
    "start": 1222.38,
    "end": 1225.64,
    "speaker": "老师",
    "text": "它向下平移了三个单位长度。"
  },
  {
    "start": 1225.64,
    "end": 1226.0,
    "speaker": "老师",
    "text": "好，"
  },
  {
    "start": 1226.0,
    "end": 1235.35,
    "speaker": "老师",
    "text": "同样的这个时候我们来看看能否将于h看成是与f经过一次平移得到呢？"
  },
  {
    "start": 1235.35,
    "end": 1235.81,
    "speaker": "老师",
    "text": "啊，"
  },
  {
    "start": 1235.97,
    "end": 1238.81,
    "speaker": "老师",
    "text": "有的同学说当然可以了，"
  },
  {
    "start": 1238.81,
    "end": 1244.23,
    "speaker": "老师",
    "text": "我可以沿着沿着零零到二负三的方向怎么样啊，"
  },
  {
    "start": 1244.23,
    "end": 1248.19,
    "speaker": "老师",
    "text": "平移那平移多少个单位长度呢？"
  },
  {
    "start": 1248.35,
    "end": 1248.73,
    "speaker": "老师",
    "text": "对，"
  },
  {
    "start": 1248.73,
    "end": 1254.23,
    "speaker": "老师",
    "text": "我们用勾股定理再次计算一下三个单位，"
  },
  {
    "start": 1254.23,
    "end": 1257.31,
    "speaker": "老师",
    "text": "两个单位这边长度为对的。"
  },
  {
    "start": 1257.31,
    "end": 1258.89,
    "speaker": "老师",
    "text": "它的答案是，"
  },
  {
    "start": 1259.09,
    "end": 1278.21,
    "speaker": "老师",
    "text": "我们可以将于h看程式于f沿点零零到点二负三的方向平移多少个对根号十三个单位长度得到。"
  },
  {
    "start": 1278.21,
    "end": 1279.93,
    "speaker": "老师",
    "text": "同学们，"
  },
  {
    "start": 1279.93,
    "end": 1284.47,
    "speaker": "老师",
    "text": "你们明白了吗？"
  },
  {
    "start": 1284.49,
    "end": 1284.75,
    "speaker": "老师",
    "text": "好，"
  },
  {
    "start": 1284.75,
    "end": 1291.24,
    "speaker": "老师",
    "text": "由此我们可以继续往下进行一个小小的总结。"
  },
  {
    "start": 1291.48,
    "end": 1296.62,
    "speaker": "老师",
    "text": "我们刚刚通过坐标变化怎么样啊？"
  },
  {
    "start": 1296.62,
    "end": 1297.04,
    "speaker": "老师",
    "text": "哎，"
  },
  {
    "start": 1297.4,
    "end": 1301.76,
    "speaker": "老师",
    "text": "讨论了是如何引起图形的变变化，"
  },
  {
    "start": 1301.76,
    "end": 1304.86,
    "speaker": "老师",
    "text": "图形的变化规律。"
  },
  {
    "start": 1305.18,
    "end": 1305.68,
    "speaker": "老师",
    "text": "好，"
  },
  {
    "start": 1306.02,
    "end": 1310.12,
    "speaker": "老师",
    "text": "我们简单总结一下。"
  },
  {
    "start": 1310.12,
    "end": 1319.13,
    "speaker": "老师",
    "text": "我们看到如果我们将它的点坐标横坐标加a纵坐标加b我们看一下。"
  },
  {
    "start": 1319.25,
    "end": 1322.65,
    "speaker": "老师",
    "text": "那么此时当a和b都大于零的时候，"
  },
  {
    "start": 1322.67,
    "end": 1332.08,
    "speaker": "老师",
    "text": "我们说对应的我们可以推得图形向右平移了a个单位长度，"
  },
  {
    "start": 1332.42,
    "end": 1336.2,
    "speaker": "老师",
    "text": "向上平移了b个单位长度。"
  },
  {
    "start": 1336.44,
    "end": 1337.02,
    "speaker": "老师",
    "text": "好，"
  },
  {
    "start": 1337.02,
    "end": 1346.88,
    "speaker": "老师",
    "text": "如果我们将横坐标加a纵坐标减b我们可以得到图形向右平移了，"
  },
  {
    "start": 1346.88,
    "end": 1352.66,
    "speaker": "老师",
    "text": "a个单位长度向下平移了b个单位长度。"
  },
  {
    "start": 1352.66,
    "end": 1353.62,
    "speaker": "老师",
    "text": "同样的，"
  },
  {
    "start": 1353.62,
    "end": 1361.46,
    "speaker": "老师",
    "text": "如果横坐标加a纵坐标加b我们说图形向左平移了a个单位长度，"
  },
  {
    "start": 1361.46,
    "end": 1363.9,
    "speaker": "老师",
    "text": "向下平移了b个单位长度。"
  },
  {
    "start": 1363.9,
    "end": 1374.53,
    "speaker": "老师",
    "text": "最后如果横坐标减a纵坐标减b那么我们可以推得图形向左平移了a个单位长度，"
  },
  {
    "start": 1374.99,
    "end": 1377.93,
    "speaker": "老师",
    "text": "向下平移了b个单位长度。"
  },
  {
    "start": 1377.93,
    "end": 1380.79,
    "speaker": "老师",
    "text": "那实际上我们可以得到这样的结论，"
  },
  {
    "start": 1380.79,
    "end": 1384.57,
    "speaker": "老师",
    "text": "那就是图形变化引起了坐标变化。"
  },
  {
    "start": 1384.65,
    "end": 1386.05,
    "speaker": "老师",
    "text": "反过来怎么样？"
  },
  {
    "start": 1386.09,
    "end": 1386.77,
    "speaker": "老师",
    "text": "对了，"
  },
  {
    "start": 1386.77,
    "end": 1391.63,
    "speaker": "老师",
    "text": "坐标变化也会引起图形变化，"
  },
  {
    "start": 1391.63,
    "end": 1395.75,
    "speaker": "老师",
    "text": "它们之间的变化规律是一致的。"
  },
  {
    "start": 1395.99,
    "end": 1397.17,
    "speaker": "老师",
    "text": "好，"
  },
  {
    "start": 1397.17,
    "end": 1400.47,
    "speaker": "老师",
    "text": "下面我们来看道例题如图，"
  },
  {
    "start": 1400.47,
    "end": 1410.51,
    "speaker": "老师",
    "text": "四边形ABCD各顶点的坐标分别为a负三五b负四三c负一一d负一四。"
  },
  {
    "start": 1410.51,
    "end": 1414.05,
    "speaker": "老师",
    "text": "将四边形ABCD先向上，"
  },
  {
    "start": 1414.23,
    "end": 1417.17,
    "speaker": "老师",
    "text": "平均三个单位，"
  },
  {
    "start": 1417.17,
    "end": 1421.39,
    "speaker": "老师",
    "text": "再向右平移四个单位，"
  },
  {
    "start": 1421.39,
    "end": 1422.63,
    "speaker": "老师",
    "text": "长度得到四边形，"
  },
  {
    "start": 1423.05,
    "end": 1428.79,
    "speaker": "老师",
    "text": "a撇、b撇、c撇、d撇第一。"
  },
  {
    "start": 1428.87,
    "end": 1429.39,
    "speaker": "老师",
    "text": "问，"
  },
  {
    "start": 1429.51,
    "end": 1437.02,
    "speaker": "老师",
    "text": "请问这两个四边形对应点的横坐标有什么关系？"
  },
  {
    "start": 1437.02,
    "end": 1445.06,
    "speaker": "老师",
    "text": "纵坐标呢分别写出点a撇、b撇、c撇、d撇的坐标。"
  },
  {
    "start": 1445.12,
    "end": 1445.56,
    "speaker": "老师",
    "text": "哎，"
  },
  {
    "start": 1445.6,
    "end": 1447.54,
    "speaker": "老师",
    "text": "同学们思考一下啊，"
  },
  {
    "start": 1447.54,
    "end": 1448.98,
    "speaker": "老师",
    "text": "是不是很简单，"
  },
  {
    "start": 1448.98,
    "end": 1450.34,
    "speaker": "老师",
    "text": "刚才我们说过了，"
  },
  {
    "start": 1450.48,
    "end": 1455.42,
    "speaker": "老师",
    "text": "如果我们将图形进行向上平移三个单位长度，"
  },
  {
    "start": 1455.98,
    "end": 1458.66,
    "speaker": "老师",
    "text": "那么对应纵坐标怎么样？"
  },
  {
    "start": 1458.7,
    "end": 1461.3,
    "speaker": "老师",
    "text": "对纵坐标加三。"
  },
  {
    "start": 1461.3,
    "end": 1467.36,
    "speaker": "老师",
    "text": "如果图形向右平移四个单位长度，"
  },
  {
    "start": 1467.36,
    "end": 1468.12,
    "speaker": "老师",
    "text": "那很好，"
  },
  {
    "start": 1468.14,
    "end": 1469.2,
    "speaker": "老师",
    "text": "横坐标怎么样？"
  },
  {
    "start": 1469.2,
    "end": 1471.46,
    "speaker": "老师",
    "text": "对横坐标加四。"
  },
  {
    "start": 1471.46,
    "end": 1472.06,
    "speaker": "老师",
    "text": "好，"
  },
  {
    "start": 1472.06,
    "end": 1475.82,
    "speaker": "老师",
    "text": "因此我们很快可以得出对应的规律。"
  },
  {
    "start": 1475.88,
    "end": 1477.08,
    "speaker": "老师",
    "text": "好，"
  },
  {
    "start": 1477.08,
    "end": 1483.9,
    "speaker": "老师",
    "text": "那接下来如何来写出a撇、b撇、c撇d撇的坐标呢？"
  },
  {
    "start": 1483.9,
    "end": 1485.55,
    "speaker": "老师",
    "text": "对你有两种方式，"
  },
  {
    "start": 1486.4,
    "end": 1505.94,
    "speaker": "老师",
    "text": "第一种方式可以根据我们刚才总结的这个结论来对应的填出它们的对应点，"
  },
  {
    "start": 1505.94,
    "end": 1507.68,
    "speaker": "老师",
    "text": "这是一种方式吧。"
  },
  {
    "start": 1507.68,
    "end": 1509.4,
    "speaker": "老师",
    "text": "好，"
  },
  {
    "start": 1509.56,
    "end": 1511.16,
    "speaker": "老师",
    "text": "我们来口答一下，"
  },
  {
    "start": 1511.52,
    "end": 1515.94,
    "speaker": "老师",
    "text": "第一个横坐标加四纵坐标怎么样啊？"
  },
  {
    "start": 1515.96,
    "end": 1517.86,
    "speaker": "老师",
    "text": "加三得到的是什么？"
  },
  {
    "start": 1517.86,
    "end": 1518.24,
    "speaker": "老师",
    "text": "对，"
  },
  {
    "start": 1518.24,
    "end": 1519.3,
    "speaker": "老师",
    "text": "一八好，"
  },
  {
    "start": 1519.3,
    "end": 1523.48,
    "speaker": "老师",
    "text": "紧接着是零六、三四和三七。"
  },
  {
    "start": 1523.7,
    "end": 1525.68,
    "speaker": "老师",
    "text": "当然也有的同学说，"
  },
  {
    "start": 1525.88,
    "end": 1534.49,
    "speaker": "老师",
    "text": "老师我直接从图形当中就可以读出它们的点坐标当然也没有问题，"
  },
  {
    "start": 1534.49,
    "end": 1540.49,
    "speaker": "老师",
    "text": "因为在这里图形已经直接给大家呈现出来了。"
  },
  {
    "start": 1540.49,
    "end": 1541.48,
    "speaker": "老师",
    "text": "好，"
  },
  {
    "start": 1542.27,
    "end": 1543.03,
    "speaker": "老师",
    "text": "第二题，"
  },
  {
    "start": 1543.03,
    "end": 1555.07,
    "speaker": "老师",
    "text": "如果将四边形a撇、b撇、c撇、d撇看成是由四边形ABCD经过一次平移得到的，"
  },
  {
    "start": 1555.07,
    "end": 1562.37,
    "speaker": "老师",
    "text": "那么请举出这一平移的方向和平移距离哦，"
  },
  {
    "start": 1562.37,
    "end": 1563.85,
    "speaker": "老师",
    "text": "平移方向。"
  },
  {
    "start": 1563.85,
    "end": 1568.49,
    "speaker": "老师",
    "text": "那刚刚我们是怎么找的呀？"
  },
  {
    "start": 1568.55,
    "end": 1569.01,
    "speaker": "老师",
    "text": "对，"
  },
  {
    "start": 1569.7,
    "end": 1570.72,
    "speaker": "老师",
    "text": "我们找什么？"
  },
  {
    "start": 1570.72,
    "end": 1570.96,
    "speaker": "老师",
    "text": "对，"
  },
  {
    "start": 1570.96,
    "end": 1574.24,
    "speaker": "老师",
    "text": "我们找他的一组一组对应点很好，"
  },
  {
    "start": 1574.93,
    "end": 1577.07,
    "speaker": "老师",
    "text": "我们连接连接AA."
  },
  {
    "start": 1577.07,
    "end": 1577.61,
    "speaker": "老师",
    "text": "撇，"
  },
  {
    "start": 1577.61,
    "end": 1582.55,
    "speaker": "老师",
    "text": "这个时候我们可以这样描述，"
  },
  {
    "start": 1582.55,
    "end": 1591.03,
    "speaker": "老师",
    "text": "a将四边形ABCD沿着沿着什么沿着由点a到a撇的方向平移。"
  },
  {
    "start": 1591.23,
    "end": 1594.99,
    "speaker": "老师",
    "text": "那它的平移距离啊很好。"
  },
  {
    "start": 1594.99,
    "end": 1606.76,
    "speaker": "老师",
    "text": "我们可以继续构造我们的对构造我们的直角三角形好，"
  },
  {
    "start": 1606.92,
    "end": 1611.22,
    "speaker": "老师",
    "text": "分别沿铅垂方向和水平方向做了两条线。"
  },
  {
    "start": 1611.22,
    "end": 1614.68,
    "speaker": "老师",
    "text": "这个时候形成了一个什么？"
  },
  {
    "start": 1614.84,
    "end": 1615.68,
    "speaker": "老师",
    "text": "对，"
  },
  {
    "start": 1615.76,
    "end": 1620.44,
    "speaker": "老师",
    "text": "形成了一个直角三角形，"
  },
  {
    "start": 1620.46,
    "end": 1623.78,
    "speaker": "老师",
    "text": "它的长度分别是三和四，"
  },
  {
    "start": 1623.78,
    "end": 1628.44,
    "speaker": "老师",
    "text": "所以AA撇的长度为多少？"
  },
  {
    "start": 1628.44,
    "end": 1629.6,
    "speaker": "老师",
    "text": "很好五好。"
  },
  {
    "start": 1629.6,
    "end": 1630.32,
    "speaker": "老师",
    "text": "因此，"
  },
  {
    "start": 1630.32,
    "end": 1637.73,
    "speaker": "老师",
    "text": "我们给出这样的描述，"
  },
  {
    "start": 1637.73,
    "end": 1644.28,
    "speaker": "老师",
    "text": "连接AA撇AA撇通过勾股定理可以计算出等于五。"
  },
  {
    "start": 1644.28,
    "end": 1651.82,
    "speaker": "老师",
    "text": "那么四边形a撇、b撇、c撇、d撇可以看成是原来的四边形ABCD,"
  },
  {
    "start": 1651.84,
    "end": 1652.92,
    "speaker": "老师",
    "text": "经过一次平移，"
  },
  {
    "start": 1652.96,
    "end": 1657.4,
    "speaker": "老师",
    "text": "得到平移的方向是由a到a撇的方向，"
  },
  {
    "start": 1657.5,
    "end": 1659.66,
    "speaker": "老师",
    "text": "平移距离是五个单位长度。"
  },
  {
    "start": 1659.66,
    "end": 1660.2,
    "speaker": "老师",
    "text": "好，"
  },
  {
    "start": 1660.22,
    "end": 1662.96,
    "speaker": "老师",
    "text": "那接下来我们同学来试试吧，"
  },
  {
    "start": 1662.96,
    "end": 1665.68,
    "speaker": "老师",
    "text": "我们做几道随堂练习，"
  },
  {
    "start": 1665.78,
    "end": 1667.52,
    "speaker": "老师",
    "text": "请大家读题。"
  },
  {
    "start": 1667.64,
    "end": 1668.36,
    "speaker": "老师",
    "text": "嗯嗯，"
  },
  {
    "start": 1668.36,
    "end": 1668.96,
    "speaker": "老师",
    "text": "嗯嗯，"
  },
  {
    "start": 1669.06,
    "end": 1669.54,
    "speaker": "老师",
    "text": "好，"
  },
  {
    "start": 1669.54,
    "end": 1672.14,
    "speaker": "老师",
    "text": "我们来讲评一下。"
  },
  {
    "start": 1672.14,
    "end": 1673.08,
    "speaker": "老师",
    "text": "第一题，"
  },
  {
    "start": 1673.08,
    "end": 1677.92,
    "speaker": "老师",
    "text": "在平面直角坐标系中将点a向上平移三个单位长度，"
  },
  {
    "start": 1677.92,
    "end": 1681.92,
    "speaker": "老师",
    "text": "再向左平移两个单位长度得到点a撇，"
  },
  {
    "start": 1681.92,
    "end": 1683.32,
    "speaker": "老师",
    "text": "我们写出a撇的坐标。"
  },
  {
    "start": 1683.32,
    "end": 1683.62,
    "speaker": "老师",
    "text": "好，"
  },
  {
    "start": 1683.62,
    "end": 1686.66,
    "speaker": "老师",
    "text": "我们看到向上平移三个单位长度，"
  },
  {
    "start": 1686.66,
    "end": 1692.15,
    "speaker": "老师",
    "text": "那纵坐标干嘛a加三啊得到是几啊？"
  },
  {
    "start": 1692.15,
    "end": 1696.87,
    "speaker": "老师",
    "text": "一好向左平移两个单位长度横坐标怎么样减二，"
  },
  {
    "start": 1697.07,
    "end": 1698.25,
    "speaker": "老师",
    "text": "得到的是负一，"
  },
  {
    "start": 1698.25,
    "end": 1703.33,
    "speaker": "老师",
    "text": "因此第一道题我们选a你做对了吗？"
  },
  {
    "start": 1703.33,
    "end": 1703.93,
    "speaker": "老师",
    "text": "好，"
  },
  {
    "start": 1703.93,
    "end": 1706.55,
    "speaker": "老师",
    "text": "接下来我们看第二题，"
  },
  {
    "start": 1706.55,
    "end": 1716.45,
    "speaker": "老师",
    "text": "在平面直角坐标系中将线段AB的两个端点坐标分别为a负一负一、b一二平移线段AB得到了线段，"
  },
  {
    "start": 1716.45,
    "end": 1722.07,
    "speaker": "老师",
    "text": "a撇b撇已知a撇的坐标是三一则点b撇的坐标为多少？"
  },
  {
    "start": 1722.07,
    "end": 1722.49,
    "speaker": "老师",
    "text": "哎，"
  },
  {
    "start": 1722.57,
    "end": 1725.19,
    "speaker": "老师",
    "text": "我们看到这是平移形成的。"
  },
  {
    "start": 1725.19,
    "end": 1728.42,
    "speaker": "老师",
    "text": "那么我们首先要找到它的，"
  },
  {
    "start": 1728.42,
    "end": 1732.6,
    "speaker": "老师",
    "text": "对它是如何平移得到的那我们找什么先找先找。"
  },
  {
    "start": 1732.6,
    "end": 1737.14,
    "speaker": "老师",
    "text": "对应点首先看到平移后得到了a撇，"
  },
  {
    "start": 1737.18,
    "end": 1741.63,
    "speaker": "老师",
    "text": "那么这一组坐标之间发生了怎样的变化呢？"
  },
  {
    "start": 1741.63,
    "end": 1744.19,
    "speaker": "老师",
    "text": "我们首先观察横坐标，"
  },
  {
    "start": 1744.25,
    "end": 1746.79,
    "speaker": "老师",
    "text": "横坐标加四纵坐标加二很好，"
  },
  {
    "start": 1746.79,
    "end": 1756.12,
    "speaker": "老师",
    "text": "因此这里的变化就应该和从b到点b撇的变化是怎么样啊一致的。"
  },
  {
    "start": 1756.12,
    "end": 1759.79,
    "speaker": "老师",
    "text": "于是我们将b的坐标横坐标怎么样？"
  },
  {
    "start": 1759.79,
    "end": 1761.99,
    "speaker": "老师",
    "text": "哎也加四得到五，"
  },
  {
    "start": 1762.15,
    "end": 1763.17,
    "speaker": "老师",
    "text": "纵坐标加二，"
  },
  {
    "start": 1763.17,
    "end": 1763.71,
    "speaker": "老师",
    "text": "哎，"
  },
  {
    "start": 1764.05,
    "end": 1765.27,
    "speaker": "老师",
    "text": "得到四。"
  },
  {
    "start": 1765.27,
    "end": 1774.04,
    "speaker": "老师",
    "text": "所以第二题我们选的是b选项是不是很容易？"
  },
  {
    "start": 1774.2,
    "end": 1774.7,
    "speaker": "老师",
    "text": "好，"
  },
  {
    "start": 1774.74,
    "end": 1777.06,
    "speaker": "老师",
    "text": "接下来我们看到第三题。"
  },
  {
    "start": 1777.06,
    "end": 1777.56,
    "speaker": "老师",
    "text": "好，"
  },
  {
    "start": 1777.62,
    "end": 1785.84,
    "speaker": "老师",
    "text": "我们首先回答第一题图一与图二对应顶点的坐标有什么关系？"
  },
  {
    "start": 1785.84,
    "end": 1786.3,
    "speaker": "老师",
    "text": "哦，"
  },
  {
    "start": 1786.54,
    "end": 1790.02,
    "speaker": "老师",
    "text": "这个图和这个图对应的顶点坐标什么关系？"
  },
  {
    "start": 1790.02,
    "end": 1792.36,
    "speaker": "老师",
    "text": "那我们可以怎么处理？"
  },
  {
    "start": 1792.46,
    "end": 1792.78,
    "speaker": "老师",
    "text": "对，"
  },
  {
    "start": 1794.73,
    "end": 1798.78,
    "speaker": "老师",
    "text": "你可以跟以前一样，"
  },
  {
    "start": 1798.78,
    "end": 1803.68,
    "speaker": "老师",
    "text": "我们可以借助表格来处理，"
  },
  {
    "start": 1803.68,
    "end": 1806.56,
    "speaker": "老师",
    "text": "把这些顶点的坐标干嘛？"
  },
  {
    "start": 1806.56,
    "end": 1813.12,
    "speaker": "老师",
    "text": "把对应顶点的坐标列出一个表格来观察它们之间有什么变化。"
  },
  {
    "start": 1813.12,
    "end": 1819.13,
    "speaker": "老师",
    "text": "我相信同学们能很快得出结论，"
  },
  {
    "start": 1819.19,
    "end": 1819.85,
    "speaker": "老师",
    "text": "哎，"
  },
  {
    "start": 1819.85,
    "end": 1821.05,
    "speaker": "老师",
    "text": "是什么横坐标分别减少了五，"
  },
  {
    "start": 1821.05,
    "end": 1823.52,
    "speaker": "老师",
    "text": "纵坐标增加了四。"
  },
  {
    "start": 1823.52,
    "end": 1828.36,
    "speaker": "老师",
    "text": "但是在这里我们也可以借助第二问来完成。"
  },
  {
    "start": 1828.5,
    "end": 1835.43,
    "speaker": "老师",
    "text": "我们来看一下图二可以由图一经过怎样的变化得到，"
  },
  {
    "start": 1835.43,
    "end": 1837.69,
    "speaker": "老师",
    "text": "我们是不是可以先看它的变化，"
  },
  {
    "start": 1837.69,
    "end": 1839.19,
    "speaker": "老师",
    "text": "我们来感受一下。"
  },
  {
    "start": 1839.19,
    "end": 1841.49,
    "speaker": "老师",
    "text": "我们看到哈图一如何得到图二，"
  },
  {
    "start": 1841.49,
    "end": 1847.07,
    "speaker": "老师",
    "text": "比如说我们可以先将这个图怎么样，"
  },
  {
    "start": 1847.15,
    "end": 1847.75,
    "speaker": "老师",
    "text": "哎，"
  },
  {
    "start": 1847.75,
    "end": 1851.75,
    "speaker": "老师",
    "text": "我们可以先向上平移四个单位长度，"
  },
  {
    "start": 1851.75,
    "end": 1856.21,
    "speaker": "老师",
    "text": "再向左平移什么五个单位长度得到。"
  },
  {
    "start": 1856.35,
    "end": 1857.09,
    "speaker": "老师",
    "text": "唉，"
  },
  {
    "start": 1857.25,
    "end": 1860.77,
    "speaker": "老师",
    "text": "如果我们能先看到这样的图形变化，"
  },
  {
    "start": 1860.81,
    "end": 1866.68,
    "speaker": "老师",
    "text": "那我是不是反过来也可以得到第一题的结论呢？"
  },
  {
    "start": 1866.68,
    "end": 1873.82,
    "speaker": "老师",
    "text": "我们看到向上平移四个单位长度，"
  },
  {
    "start": 1873.82,
    "end": 1877.34,
    "speaker": "老师",
    "text": "我是不是可以直接得到纵坐标？"
  },
  {
    "start": 1877.4,
    "end": 1879.64,
    "speaker": "老师",
    "text": "怎么样加四哎，"
  },
  {
    "start": 1879.78,
    "end": 1881.3,
    "speaker": "老师",
    "text": "分别加了四。"
  },
  {
    "start": 1881.3,
    "end": 1881.7,
    "speaker": "老师",
    "text": "好，"
  },
  {
    "start": 1881.7,
    "end": 1884.08,
    "speaker": "老师",
    "text": "再向左平移五个单位长度。"
  },
  {
    "start": 1884.08,
    "end": 1884.6,
    "speaker": "老师",
    "text": "唉，"
  },
  {
    "start": 1884.74,
    "end": 1888.05,
    "speaker": "老师",
    "text": "我就得到横坐标怎么样啊？"
  },
  {
    "start": 1888.05,
    "end": 1888.53,
    "speaker": "老师",
    "text": "唉，"
  },
  {
    "start": 1888.53,
    "end": 1889.37,
    "speaker": "老师",
    "text": "横坐标减五，"
  },
  {
    "start": 1889.37,
    "end": 1891.99,
    "speaker": "老师",
    "text": "所以这两者之间是怎么样啊？"
  },
  {
    "start": 1891.99,
    "end": 1893.57,
    "speaker": "老师",
    "text": "是相互影响的，"
  },
  {
    "start": 1893.59,
    "end": 1907.66,
    "speaker": "老师",
    "text": "而且这个影响是怎么样一致的？"
  },
  {
    "start": 1907.66,
    "end": 1908.46,
    "speaker": "老师",
    "text": "好，"
  },
  {
    "start": 1908.48,
    "end": 1915.62,
    "speaker": "老师",
    "text": "那么除此之外我们还能不能得到别的通过别的变化来得到啊，"
  },
  {
    "start": 1915.82,
    "end": 1918.0,
    "speaker": "老师",
    "text": "自然是可以的。"
  },
  {
    "start": 1918.0,
    "end": 1921.96,
    "speaker": "老师",
    "text": "我们比如说我们可以改变方向，"
  },
  {
    "start": 1922.32,
    "end": 1924.06,
    "speaker": "老师",
    "text": "先怎么样，"
  },
  {
    "start": 1924.06,
    "end": 1924.36,
    "speaker": "老师",
    "text": "哎，"
  },
  {
    "start": 1924.36,
    "end": 1926.62,
    "speaker": "老师",
    "text": "先向左平移五个单位，"
  },
  {
    "start": 1926.62,
    "end": 1928.72,
    "speaker": "老师",
    "text": "再向上平移四个单位，"
  },
  {
    "start": 1928.72,
    "end": 1932.3,
    "speaker": "老师",
    "text": "我们也同样的可以由一得到什么二，"
  },
  {
    "start": 1932.42,
    "end": 1933.68,
    "speaker": "老师",
    "text": "对不对？"
  },
  {
    "start": 1933.68,
    "end": 1933.9,
    "speaker": "老师",
    "text": "好，"
  },
  {
    "start": 1933.9,
    "end": 1937.7,
    "speaker": "老师",
    "text": "当然当然我们还可以借助刚刚我们说的两次平移，"
  },
  {
    "start": 1937.7,
    "end": 1945.24,
    "speaker": "老师",
    "text": "可以转化成什么一次平移，"
  },
  {
    "start": 1945.8,
    "end": 1952.25,
    "speaker": "老师",
    "text": "我们能不能直接由图一直接到图二试试吧，"
  },
  {
    "start": 1952.41,
    "end": 1953.63,
    "speaker": "老师",
    "text": "看一下，"
  },
  {
    "start": 1953.63,
    "end": 1954.19,
    "speaker": "老师",
    "text": "哎，"
  },
  {
    "start": 1954.25,
    "end": 1956.99,
    "speaker": "老师",
    "text": "是不是很轻松的过去了。"
  },
  {
    "start": 1956.99,
    "end": 1960.27,
    "speaker": "老师",
    "text": "那么如果能一次平移得到它的方向和距离，"
  },
  {
    "start": 1960.27,
    "end": 1962.03,
    "speaker": "老师",
    "text": "你能不能描述出来呢？"
  },
  {
    "start": 1962.03,
    "end": 1966.09,
    "speaker": "老师",
    "text": "我们同样的找到一组一组对应点的连线，"
  },
  {
    "start": 1966.09,
    "end": 1971.77,
    "speaker": "老师",
    "text": "这个时候我们如何来描述它的方向？"
  },
  {
    "start": 1971.77,
    "end": 1979.11,
    "speaker": "老师",
    "text": "对我们用点坐标来描述我们说图一由从一负一开始沿着到什么负四三，"
  },
  {
    "start": 1979.11,
    "end": 1979.67,
    "speaker": "老师",
    "text": "看到没有？"
  },
  {
    "start": 1979.67,
    "end": 1983.68,
    "speaker": "老师",
    "text": "从一负一到点负四三的方向怎么样啊？"
  },
  {
    "start": 1983.82,
    "end": 1984.62,
    "speaker": "老师",
    "text": "移动。"
  },
  {
    "start": 1984.68,
    "end": 1985.12,
    "speaker": "老师",
    "text": "好，"
  },
  {
    "start": 1985.12,
    "end": 1987.22,
    "speaker": "老师",
    "text": "那么它的长度是的，"
  },
  {
    "start": 1987.26,
    "end": 1990.96,
    "speaker": "老师",
    "text": "我们还是通过勾股定理来计算得到。"
  },
  {
    "start": 1991.4,
    "end": 1995.44,
    "speaker": "老师",
    "text": "我们可以看到这里他的水平千垂，"
  },
  {
    "start": 1995.44,
    "end": 2000.28,
    "speaker": "老师",
    "text": "我们是不是可以构造一个直角三角形水平方向？"
  },
  {
    "start": 2000.28,
    "end": 2001.24,
    "speaker": "老师",
    "text": "几个单位长度。"
  },
  {
    "start": 2001.24,
    "end": 2001.42,
    "speaker": "老师",
    "text": "哎，"
  },
  {
    "start": 2001.42,
    "end": 2006.44,
    "speaker": "老师",
    "text": "五个实际上就是它平移的对吧？"
  },
  {
    "start": 2006.46,
    "end": 2009.74,
    "speaker": "老师",
    "text": "它向左平移了五个单位，"
  },
  {
    "start": 2009.88,
    "end": 2012.36,
    "speaker": "老师",
    "text": "这个长度就是几啊五好往上哎，"
  },
  {
    "start": 2012.38,
    "end": 2014.58,
    "speaker": "老师",
    "text": "往上平了几个四个单位。"
  },
  {
    "start": 2014.58,
    "end": 2016.62,
    "speaker": "老师",
    "text": "那么这个长度就是什么？"
  },
  {
    "start": 2016.62,
    "end": 2016.96,
    "speaker": "老师",
    "text": "四，"
  },
  {
    "start": 2016.96,
    "end": 2022.4,
    "speaker": "老师",
    "text": "所以我们很快可以计算出五的平方加上四的平方，"
  },
  {
    "start": 2022.42,
    "end": 2024.78,
    "speaker": "老师",
    "text": "开根号很号根号四十一。"
  },
  {
    "start": 2024.9,
    "end": 2027.82,
    "speaker": "老师",
    "text": "所以这个我们时后说，"
  },
  {
    "start": 2027.82,
    "end": 2033.08,
    "speaker": "老师",
    "text": "我们说图一可以一次通过平移得到。"
  },
  {
    "start": 2033.14,
    "end": 2041.14,
    "speaker": "老师",
    "text": "图二它是沿着点一负一到点负四三的方向，"
  },
  {
    "start": 2041.28,
    "end": 2047.84,
    "speaker": "老师",
    "text": "平移了根号四十一个单位长度得到。"
  },
  {
    "start": 2047.84,
    "end": 2051.22,
    "speaker": "老师",
    "text": "当然这道题目还有其他的很多方式来得到。"
  },
  {
    "start": 2051.22,
    "end": 2054.44,
    "speaker": "老师",
    "text": "比如说除一向上平移四个单位，"
  },
  {
    "start": 2054.46,
    "end": 2056.46,
    "speaker": "老师",
    "text": "然后怎么样？"
  },
  {
    "start": 2056.64,
    "end": 2057.34,
    "speaker": "老师",
    "text": "哎，"
  },
  {
    "start": 2057.36,
    "end": 2058.08,
    "speaker": "老师",
    "text": "对了，"
  },
  {
    "start": 2058.08,
    "end": 2063.88,
    "speaker": "老师",
    "text": "我们可以让它沿着y轴怎么样对称过去，"
  },
  {
    "start": 2063.94,
    "end": 2066.16,
    "speaker": "老师",
    "text": "是不是也可以得到什么呢？"
  },
  {
    "start": 2066.16,
    "end": 2066.7,
    "speaker": "老师",
    "text": "哎，"
  },
  {
    "start": 2066.7,
    "end": 2067.22,
    "speaker": "老师",
    "text": "对，"
  },
  {
    "start": 2067.24,
    "end": 2068.18,
    "speaker": "老师",
    "text": "也可以得到。"
  },
  {
    "start": 2068.18,
    "end": 2068.56,
    "speaker": "老师",
    "text": "图二。"
  },
  {
    "start": 2068.56,
    "end": 2068.86,
    "speaker": "老师",
    "text": "好，"
  },
  {
    "start": 2068.86,
    "end": 2071.7,
    "speaker": "老师",
    "text": "同学们可以继续课后思考，"
  },
  {
    "start": 2071.7,
    "end": 2074.94,
    "speaker": "老师",
    "text": "看看能不能通过其他的方式得到。"
  },
  {
    "start": 2074.94,
    "end": 2076.23,
    "speaker": "老师",
    "text": "好，"
  },
  {
    "start": 2076.41,
    "end": 2079.23,
    "speaker": "老师",
    "text": "接下来我们来进行一维思维，"
  },
  {
    "start": 2079.23,
    "end": 2082.87,
    "speaker": "老师",
    "text": "拓展题请大家阅读习题。"
  },
  {
    "start": 2082.87,
    "end": 2083.23,
    "speaker": "老师",
    "text": "好，"
  },
  {
    "start": 2083.23,
    "end": 2085.55,
    "speaker": "老师",
    "text": "我们来看第一问，"
  },
  {
    "start": 2085.55,
    "end": 2090.64,
    "speaker": "老师",
    "text": "你认为小红所写的三个顶点坐标正确吗？"
  },
  {
    "start": 2091.08,
    "end": 2091.8,
    "speaker": "老师",
    "text": "哦，"
  },
  {
    "start": 2091.82,
    "end": 2100.12,
    "speaker": "老师",
    "text": "有题目我们知道三角形ABC通过平移得到三角形a撇b撇c撇。"
  },
  {
    "start": 2100.12,
    "end": 2100.68,
    "speaker": "老师",
    "text": "好，"
  },
  {
    "start": 2100.68,
    "end": 2104.02,
    "speaker": "老师",
    "text": "它给出了ABC三个顶点坐标。"
  },
  {
    "start": 2104.58,
    "end": 2111.12,
    "speaker": "老师",
    "text": "而小红呢也对应的写出了a撇、b撇、c撇三个顶点坐标。"
  },
  {
    "start": 2111.24,
    "end": 2111.68,
    "speaker": "老师",
    "text": "好，"
  },
  {
    "start": 2111.7,
    "end": 2115.56,
    "speaker": "老师",
    "text": "这个时候我们把这两组坐标放到一块儿，"
  },
  {
    "start": 2115.56,
    "end": 2116.94,
    "speaker": "老师",
    "text": "我们来比较一下，"
  },
  {
    "start": 2116.98,
    "end": 2120.18,
    "speaker": "老师",
    "text": "我们来看一看啊。"
  },
  {
    "start": 2120.42,
    "end": 2127.16,
    "speaker": "老师",
    "text": "首先我们来看一下横坐标零零不变负一方减一一二加一。"
  },
  {
    "start": 2127.16,
    "end": 2135.07,
    "speaker": "老师",
    "text": "这个时候我们就想啊哎它的横坐标怎么变化是不一致的呢？"
  },
  {
    "start": 2135.25,
    "end": 2137.67,
    "speaker": "老师",
    "text": "如果它是平移得到的，"
  },
  {
    "start": 2137.67,
    "end": 2141.55,
    "speaker": "老师",
    "text": "那么对应点的坐标变化应该怎么样啊？"
  },
  {
    "start": 2141.55,
    "end": 2142.01,
    "speaker": "老师",
    "text": "一致，"
  },
  {
    "start": 2142.23,
    "end": 2146.94,
    "speaker": "老师",
    "text": "但是这里是怎么样啊不一致的。"
  },
  {
    "start": 2146.94,
    "end": 2150.62,
    "speaker": "老师",
    "text": "所以毫无疑问我们可以得出结论，"
  },
  {
    "start": 2150.94,
    "end": 2156.43,
    "speaker": "老师",
    "text": "小红的写的三个顶点的坐标是怎么样啊？"
  },
  {
    "start": 2156.43,
    "end": 2157.69,
    "speaker": "老师",
    "text": "是不正确的，"
  },
  {
    "start": 2157.69,
    "end": 2163.21,
    "speaker": "老师",
    "text": "因为它与原来的点坐标对应点之间的横坐标变化写的是怎么样啊，"
  },
  {
    "start": 2163.21,
    "end": 2164.05,
    "speaker": "老师",
    "text": "不一致的。"
  },
  {
    "start": 2164.05,
    "end": 2164.83,
    "speaker": "老师",
    "text": "好，"
  },
  {
    "start": 2164.83,
    "end": 2166.73,
    "speaker": "老师",
    "text": "那接下来我们看第二问，"
  },
  {
    "start": 2166.73,
    "end": 2171.53,
    "speaker": "老师",
    "text": "如果小红所写的三个顶点的坐标都正确，"
  },
  {
    "start": 2171.53,
    "end": 2175.43,
    "speaker": "老师",
    "text": "三个顶点的横坐标中只有一个正确。"
  },
  {
    "start": 2175.43,
    "end": 2180.81,
    "speaker": "老师",
    "text": "那么你能帮小红正确的写出三个顶点的坐标吗？"
  },
  {
    "start": 2180.81,
    "end": 2181.05,
    "speaker": "老师",
    "text": "哎，"
  },
  {
    "start": 2181.05,
    "end": 2182.97,
    "speaker": "老师",
    "text": "她说纵坐标都正确，"
  },
  {
    "start": 2182.97,
    "end": 2185.43,
    "speaker": "老师",
    "text": "我们可以观察一下是不是正确的。"
  },
  {
    "start": 2185.57,
    "end": 2187.07,
    "speaker": "老师",
    "text": "我们来看一下哈，"
  },
  {
    "start": 2187.07,
    "end": 2189.37,
    "speaker": "老师",
    "text": "哎三零纵坐标减三零负三，"
  },
  {
    "start": 2189.37,
    "end": 2192.67,
    "speaker": "老师",
    "text": "纵坐标也减三零负三也减三。"
  },
  {
    "start": 2192.67,
    "end": 2193.41,
    "speaker": "老师",
    "text": "哎，"
  },
  {
    "start": 2193.67,
    "end": 2195.07,
    "speaker": "老师",
    "text": "这个时候我发现哎，"
  },
  {
    "start": 2195.07,
    "end": 2202.05,
    "speaker": "老师",
    "text": "小红写的这三组点的纵坐标与原来的对应点的纵坐标的变化是怎么样是一致的，"
  },
  {
    "start": 2202.07,
    "end": 2202.77,
    "speaker": "老师",
    "text": "对不对？"
  },
  {
    "start": 2202.77,
    "end": 2202.99,
    "speaker": "老师",
    "text": "好，"
  },
  {
    "start": 2202.99,
    "end": 2203.89,
    "speaker": "老师",
    "text": "那既然如此，"
  },
  {
    "start": 2203.89,
    "end": 2210.87,
    "speaker": "老师",
    "text": "他说这三个顶点的横坐标当中只有一个是正确的那谁是正确的，"
  },
  {
    "start": 2210.87,
    "end": 2212.19,
    "speaker": "老师",
    "text": "我们能确定吗？"
  },
  {
    "start": 2212.37,
    "end": 2214.51,
    "speaker": "老师",
    "text": "是a撇b撇还是c撇呢？"
  },
  {
    "start": 2214.51,
    "end": 2214.87,
    "speaker": "老师",
    "text": "哦，"
  },
  {
    "start": 2214.87,
    "end": 2217.73,
    "speaker": "老师",
    "text": "我不确定不确定该怎么办呢？"
  },
  {
    "start": 2217.73,
    "end": 2219.51,
    "speaker": "老师",
    "text": "对了，"
  },
  {
    "start": 2219.53,
    "end": 2220.53,
    "speaker": "老师",
    "text": "分类讨论。"
  },
  {
    "start": 2220.89,
    "end": 2222.75,
    "speaker": "老师",
    "text": "比如说第一个，"
  },
  {
    "start": 2222.75,
    "end": 2225.77,
    "speaker": "老师",
    "text": "如果我们认为a撇，"
  },
  {
    "start": 2225.77,
    "end": 2227.53,
    "speaker": "老师",
    "text": "也就是这个零零啊，"
  },
  {
    "start": 2227.53,
    "end": 2230.29,
    "speaker": "老师",
    "text": "我们认为这个坐标是对的。"
  },
  {
    "start": 2230.29,
    "end": 2237.05,
    "speaker": "老师",
    "text": "那么我们首先可以确定它的横坐标变化怎么样，"
  },
  {
    "start": 2237.07,
    "end": 2239.55,
    "speaker": "老师",
    "text": "对横坐标是不变的。"
  },
  {
    "start": 2239.67,
    "end": 2247.91,
    "speaker": "老师",
    "text": "因此我们就可以得到正确的b撇和c撇的点坐标。"
  },
  {
    "start": 2247.91,
    "end": 2249.87,
    "speaker": "老师",
    "text": "看到哈横坐标不变，"
  },
  {
    "start": 2249.87,
    "end": 2253.85,
    "speaker": "老师",
    "text": "那么b撇的横坐标仍然也是什么负一，"
  },
  {
    "start": 2253.85,
    "end": 2254.45,
    "speaker": "老师",
    "text": "纵坐标呢也是一。"
  },
  {
    "start": 2254.15,
    "end": 2254.45,
    "speaker": "老师",
    "text": "因此我们得到第一个答案，"
  },
  {
    "start": 2254.15,
    "end": 2254.45,
    "speaker": "老师",
    "text": "b撇和c撇的答案。"
  },
  {
    "start": 2254.15,
    "end": 2254.45,
    "speaker": "老师",
    "text": "好，"
  },
  {
    "start": 2254.15,
    "end": 2254.45,
    "speaker": "老师",
    "text": "紧接着讨论完了a撇，"
  },
  {
    "start": 2254.15,
    "end": 2254.45,
    "speaker": "老师",
    "text": "那我讨论什么b撇。"
  },
  {
    "start": 2254.15,
    "end": 2254.45,
    "speaker": "老师",
    "text": "好，"
  },
  {
    "start": 2254.15,
    "end": 2254.45,
    "speaker": "老师",
    "text": "如果b撇的坐标是对的，"
  },
  {
    "start": 2254.15,
    "end": 2254.45,
    "speaker": "老师",
    "text": "那么它的横坐标变换是怎么样？"
  },
  {
    "start": 2254.15,
    "end": 2254.45,
    "speaker": "老师",
    "text": "对了，"
  },
  {
    "start": 2254.15,
    "end": 2254.45,
    "speaker": "老师",
    "text": "它的横坐标变化是减一是减一吧。"
  },
  {
    "start": 2254.15,
    "end": 2254.45,
    "speaker": "老师",
    "text": "好，"
  },
  {
    "start": 2254.15,
    "end": 2254.45,
    "speaker": "老师",
    "text": "因此我们带着这个变化来改变a撇和c撇。"
  },
  {
    "start": 2254.15,
    "end": 2254.45,
    "speaker": "老师",
    "text": "那么a撇和a相比也怎么样？"
  },
  {
    "start": 2254.15,
    "end": 2254.45,
    "speaker": "老师",
    "text": "横坐标减一，"
  },
  {
    "start": 2254.15,
    "end": 2254.45,
    "speaker": "老师",
    "text": "所以是负一零。"
  },
  {
    "start": 2254.15,
    "end": 2254.45,
    "speaker": "老师",
    "text": "好，"
  },
  {
    "start": 2254.15,
    "end": 2254.45,
    "speaker": "老师",
    "text": "第二个CC和c撇看到没有？"
  },
  {
    "start": 2254.15,
    "end": 2254.45,
    "speaker": "老师",
    "text": "C和c撇好，"
  },
  {
    "start": 2254.15,
    "end": 2254.45,
    "speaker": "老师",
    "text": "那么它也是怎么样哎，"
  },
  {
    "start": 2254.15,
    "end": 2254.45,
    "speaker": "老师",
    "text": "保持一致性，"
  },
  {
    "start": 2254.15,
    "end": 2254.45,
    "speaker": "老师",
    "text": "横坐标怎么样也减一，"
  },
  {
    "start": 2254.15,
    "end": 2254.45,
    "speaker": "老师",
    "text": "那么c撇的坐标应该是什么？"
  },
  {
    "start": 2254.15,
    "end": 2254.45,
    "speaker": "老师",
    "text": "对了，"
  },
  {
    "start": 2254.15,
    "end": 2254.45,
    "speaker": "老师",
    "text": "零负三好。"
  },
  {
    "start": 2254.15,
    "end": 2254.45,
    "speaker": "老师",
    "text": "最后一个，"
  },
  {
    "start": 2254.15,
    "end": 2254.45,
    "speaker": "老师",
    "text": "如果我们认为电撇的坐标是正确的，"
  },
  {
    "start": 2254.15,
    "end": 2254.45,
    "speaker": "老师",
    "text": "我们来看一下c边怎么样，"
  },
  {
    "start": 2254.15,
    "end": 2254.45,
    "speaker": "老师",
    "text": "横坐标加一对不对。"
  },
  {
    "start": 2254.15,
    "end": 2254.45,
    "speaker": "老师",
    "text": "好，"
  },
  {
    "start": 2254.15,
    "end": 2254.45,
    "speaker": "老师",
    "text": "同样的带着这个坐标变化，"
  },
  {
    "start": 2254.15,
    "end": 2254.45,
    "speaker": "老师",
    "text": "我们来改变a撇和b撇的坐标。"
  },
  {
    "start": 2254.15,
    "end": 2254.45,
    "speaker": "老师",
    "text": "这里横坐标加一，"
  },
  {
    "start": 2254.15,
    "end": 2254.45,
    "speaker": "老师",
    "text": "这里得到的a撇是一零b撇是什么？"
  },
  {
    "start": 2254.15,
    "end": 2254.45,
    "speaker": "老师",
    "text": "很号零负三好。"
  },
  {
    "start": 2254.15,
    "end": 2254.45,
    "speaker": "老师",
    "text": "这就是我们得到的这道题的三种情况的对应三组答案。"
  },
  {
    "start": 2254.15,
    "end": 2254.45,
    "speaker": "老师",
    "text": "同学们，"
  },
  {
    "start": 2254.15,
    "end": 2254.45,
    "speaker": "老师",
    "text": "你理解了吗？"
  },
  {
    "start": 2254.15,
    "end": 2254.45,
    "speaker": "老师",
    "text": "好，"
  },
  {
    "start": 2254.15,
    "end": 2254.45,
    "speaker": "老师",
    "text": "今天的新课内容我们就上到这里，"
  },
  {
    "start": 2254.15,
    "end": 2254.45,
    "speaker": "老师",
    "text": "我们同学们可以进行一个简单的反思，"
  },
  {
    "start": 2254.15,
    "end": 2254.45,
    "speaker": "老师",
    "text": "看看我们都学到了什么，"
  },
  {
    "start": 2254.15,
    "end": 2254.45,
    "speaker": "老师",
    "text": "悟到了什么，"
  },
  {
    "start": 2254.15,
    "end": 2254.45,
    "speaker": "老师",
    "text": "有什么收获。"
  },
  {
    "start": 2254.15,
    "end": 2254.45,
    "speaker": "老师",
    "text": "那么老师呢也给大家准备了一个简单的总结。"
  },
  {
    "start": 2254.15,
    "end": 2254.45,
    "speaker": "老师",
    "text": "第一个我们总结概括图形沿x轴y轴两次平移变化与坐标平移变化之间的规律。"
  },
  {
    "start": 2254.15,
    "end": 2254.45,
    "speaker": "老师",
    "text": "我们将图形沿x轴方向哎平移a个单位长度，"
  },
  {
    "start": 2254.15,
    "end": 2254.45,
    "speaker": "老师",
    "text": "沿y轴方向平移b个单位长度，"
  },
  {
    "start": 2254.15,
    "end": 2254.45,
    "speaker": "老师",
    "text": "那么我们对应得到它的横坐标。"
  },
  {
    "start": 2254.15,
    "end": 2254.45,
    "speaker": "老师",
    "text": "如果是往左移，"
  },
  {
    "start": 2254.15,
    "end": 2254.45,
    "speaker": "老师",
    "text": "那就是几往右移就怎么样啊，"
  },
  {
    "start": 2254.15,
    "end": 2254.45,
    "speaker": "老师",
    "text": "加a那纵坐标往上移就是加往下移就怎么样啊，"
  },
  {
    "start": 2254.15,
    "end": 2254.45,
    "speaker": "老师",
    "text": "减b好，"
  },
  {
    "start": 2254.15,
    "end": 2254.45,
    "speaker": "老师",
    "text": "那么这两者之间是可以怎么样啊？"
  },
  {
    "start": 2254.15,
    "end": 2254.45,
    "speaker": "老师",
    "text": "相互引起变化的图形变化，"
  },
  {
    "start": 2254.15,
    "end": 2254.45,
    "speaker": "老师",
    "text": "可以引起坐标变化，"
  },
  {
    "start": 2254.15,
    "end": 2254.45,
    "speaker": "老师",
    "text": "坐标变化也可以引起什么图形变化？"
  },
  {
    "start": 2254.15,
    "end": 2254.45,
    "speaker": "老师",
    "text": "好，"
  },
  {
    "start": 2254.15,
    "end": 2254.45,
    "speaker": "老师",
    "text": "同样的第二点，"
  },
  {
    "start": 2254.15,
    "end": 2254.45,
    "speaker": "老师",
    "text": "我们说一个图形，"
  },
  {
    "start": 2254.15,
    "end": 2254.45,
    "speaker": "老师",
    "text": "如果沿x轴y轴方向平移后，"
  },
  {
    "start": 2254.15,
    "end": 2254.45,
    "speaker": "老师",
    "text": "所得到的图形可以看成是什么？"
  },
  {
    "start": 2254.15,
    "end": 2254.45,
    "speaker": "老师",
    "text": "对，"
  },
  {
    "start": 2254.15,
    "end": 2254.45,
    "speaker": "老师",
    "text": "可以看成是由原来的图形通过一次平移得到啊，"
  },
  {
    "start": 2254.15,
    "end": 2254.45,
    "speaker": "老师",
    "text": "它的平移方向恰好是可以描述为一组对应点的移动方向。"
  },
  {
    "start": 2254.15,
    "end": 2254.45,
    "speaker": "老师",
    "text": "那它的平移距离呢？"
  },
  {
    "start": 2254.15,
    "end": 2254.45,
    "speaker": "老师",
    "text": "对，"
  },
  {
    "start": 2254.15,
    "end": 2254.45,
    "speaker": "老师",
    "text": "实际上就是由于水平方向和牵直方向平移的两个单位长度所构成的直角三角形的两条直角边对应的对对应的斜边的长度根号a方加b方。"
  },
  {
    "start": 2254.15,
    "end": 2254.45,
    "speaker": "老师",
    "text": "好，"
  },
  {
    "start": 2254.15,
    "end": 2254.45,
    "speaker": "老师",
    "text": "同学们，"
  },
  {
    "start": 2254.15,
    "end": 2254.45,
    "speaker": "老师",
    "text": "今天的这节课就上到这里，"
  },
  {
    "start": 2254.15,
    "end": 2254.45,
    "speaker": "老师",
    "text": "这是老师给大家布置的作业。"
  },
  {
    "start": 2254.15,
    "end": 2254.45,
    "speaker": "老师",
    "text": "同学们再见。"
  }
]