[
  {
    "start": 9.14,
    "end": 10.04,
    "speaker": "老师",
    "text": "同学们好，"
  },
  {
    "start": 10.04,
    "end": 10.88,
    "speaker": "老师",
    "text": "上一节课。"
  },
  {
    "start": 10.88,
    "end": 18.87,
    "speaker": "老师",
    "text": "我们学习了一元一次不等式和一次函数之间的关系。"
  },
  {
    "start": 18.89,
    "end": 23.21,
    "speaker": "老师",
    "text": "我们既可以运用函数、图像解不等式，"
  },
  {
    "start": 23.23,
    "end": 25.45,
    "speaker": "老师",
    "text": "也可以运用解不等式，"
  },
  {
    "start": 25.45,
    "end": 28.15,
    "speaker": "老师",
    "text": "帮助研究函数问题，"
  },
  {
    "start": 28.17,
    "end": 31.27,
    "speaker": "老师",
    "text": "二者相互渗透、互相作用。"
  },
  {
    "start": 31.37,
    "end": 37.66,
    "speaker": "老师",
    "text": "不等式与函数是紧密联系着的一个整体。"
  },
  {
    "start": 37.66,
    "end": 47.7,
    "speaker": "老师",
    "text": "那么本节课呢我们就来利用一次函数、一元一次不等式及一元一次方程这三者之间的关系，"
  },
  {
    "start": 47.7,
    "end": 52.42,
    "speaker": "老师",
    "text": "来解决我们生活中比较复杂的实际问题。"
  },
  {
    "start": 52.42,
    "end": 55.08,
    "speaker": "老师",
    "text": "在我们的实际生活中，"
  },
  {
    "start": 55.08,
    "end": 63.78,
    "speaker": "老师",
    "text": "经常会看到这样的打折销售的问题。"
  },
  {
    "start": 63.88,
    "end": 67.2,
    "speaker": "老师",
    "text": "这样在我们的现实生活中，"
  },
  {
    "start": 67.26,
    "end": 71.6,
    "speaker": "老师",
    "text": "同种商品总是有各种优惠活动，"
  },
  {
    "start": 71.6,
    "end": 76.62,
    "speaker": "老师",
    "text": "我们该如何选择才能使利润最大化呢？"
  },
  {
    "start": 76.62,
    "end": 80.96,
    "speaker": "老师",
    "text": "下面我们具体的看到这样一个例子，"
  },
  {
    "start": 80.96,
    "end": 85.74,
    "speaker": "老师",
    "text": "某电信公司有甲乙两种手机收费业务，"
  },
  {
    "start": 85.74,
    "end": 88.8,
    "speaker": "老师",
    "text": "甲种业务规定月租费十元，"
  },
  {
    "start": 89.0,
    "end": 92.08,
    "speaker": "老师",
    "text": "每通话一分钟收费零点三元。"
  },
  {
    "start": 92.36,
    "end": 95.24,
    "speaker": "老师",
    "text": "乙种业务不收月租费，"
  },
  {
    "start": 95.24,
    "end": 99.08,
    "speaker": "老师",
    "text": "但每通话一分钟收费零点四元。"
  },
  {
    "start": 99.08,
    "end": 104.27,
    "speaker": "老师",
    "text": "你认为何时选择甲种业务对顾客更合算？"
  },
  {
    "start": 104.37,
    "end": 109.98,
    "speaker": "老师",
    "text": "何时选择乙种业务对顾客更合算？"
  },
  {
    "start": 109.98,
    "end": 112.6,
    "speaker": "老师",
    "text": "请同学们想一想，"
  },
  {
    "start": 112.6,
    "end": 116.88,
    "speaker": "老师",
    "text": "你觉得哪一种业务比较合算？"
  },
  {
    "start": 116.96,
    "end": 121.05,
    "speaker": "老师",
    "text": "可能有的同学会说甲种业务核算，"
  },
  {
    "start": 121.05,
    "end": 126.86,
    "speaker": "老师",
    "text": "因为甲种业务每分钟收费是零点三元。"
  },
  {
    "start": 126.86,
    "end": 133.29,
    "speaker": "老师",
    "text": "可能也有同学会说乙种业务比较合算，"
  },
  {
    "start": 133.29,
    "end": 138.61,
    "speaker": "老师",
    "text": "因为乙种业务它没有月租费。"
  },
  {
    "start": 139.31,
    "end": 143.42,
    "speaker": "老师",
    "text": "那有的同学也会说不能确定，"
  },
  {
    "start": 143.42,
    "end": 145.72,
    "speaker": "老师",
    "text": "为什么不能确定呢？"
  },
  {
    "start": 145.72,
    "end": 146.24,
    "speaker": "老师",
    "text": "对了，"
  },
  {
    "start": 146.24,
    "end": 154.13,
    "speaker": "老师",
    "text": "我们这两种业务的收费应该跟什么有关呢？"
  },
  {
    "start": 154.15,
    "end": 154.75,
    "speaker": "老师",
    "text": "很好，"
  },
  {
    "start": 155.07,
    "end": 162.64,
    "speaker": "老师",
    "text": "它是跟我们的通话时长有很大的关系的。"
  },
  {
    "start": 163.0,
    "end": 168.95,
    "speaker": "老师",
    "text": "所以像这种问题，"
  },
  {
    "start": 169.05,
    "end": 171.67,
    "speaker": "老师",
    "text": "它是一个什么问题呢？"
  },
  {
    "start": 171.81,
    "end": 176.67,
    "speaker": "老师",
    "text": "它是一个方案选择性的问题。"
  },
  {
    "start": 176.77,
    "end": 179.43,
    "speaker": "老师",
    "text": "像这种问题，"
  },
  {
    "start": 179.43,
    "end": 194.7,
    "speaker": "老师",
    "text": "我们就要先把这个甲乙两种业务所需要的费用与这个通话时间之间的函数关系式先列出来，"
  },
  {
    "start": 194.94,
    "end": 197.14,
    "speaker": "老师",
    "text": "然后再来进行比较。"
  },
  {
    "start": 197.14,
    "end": 198.74,
    "speaker": "老师",
    "text": "那么比较分三种，"
  },
  {
    "start": 199.16,
    "end": 201.62,
    "speaker": "老师",
    "text": "情况大于等于和小于。"
  },
  {
    "start": 201.62,
    "end": 204.96,
    "speaker": "老师",
    "text": "所以现在我们就来设顾客，"
  },
  {
    "start": 204.96,
    "end": 207.7,
    "speaker": "老师",
    "text": "每月通话时长为x分钟，"
  },
  {
    "start": 207.7,
    "end": 213.34,
    "speaker": "老师",
    "text": "那么甲种业务每个月的消费额就为y一元，"
  },
  {
    "start": 213.34,
    "end": 222.87,
    "speaker": "老师",
    "text": "乙种业务每个月的消费额就为y二元。"
  },
  {
    "start": 222.95,
    "end": 224.15,
    "speaker": "老师",
    "text": "根据题意，"
  },
  {
    "start": 224.15,
    "end": 228.47,
    "speaker": "老师",
    "text": "我们很快的可以列出这两个函数表达式。"
  },
  {
    "start": 228.47,
    "end": 236.67,
    "speaker": "老师",
    "text": "Y二只有月租费的y一就等于十加零点三XY二等于零点四x."
  },
  {
    "start": 236.67,
    "end": 239.37,
    "speaker": "老师",
    "text": "那么何时选择甲种业务？"
  },
  {
    "start": 239.37,
    "end": 242.75,
    "speaker": "老师",
    "text": "何时选择乙种业务？"
  },
  {
    "start": 242.77,
    "end": 252.76,
    "speaker": "老师",
    "text": "下面我们就来一起看当甲乙两种业务消费额一样的时候，"
  },
  {
    "start": 252.78,
    "end": 256.32,
    "speaker": "老师",
    "text": "也就是y一等于y二的时候，"
  },
  {
    "start": 256.44,
    "end": 265.4,
    "speaker": "老师",
    "text": "我们可以得到方程十加零点三x等于零点四x解得s等于一百。"
  },
  {
    "start": 265.4,
    "end": 270.49,
    "speaker": "老师",
    "text": "当甲乙两种业务消费额不一样的时候，"
  },
  {
    "start": 270.49,
    "end": 274.75,
    "speaker": "老师",
    "text": "由y一大于y二得到十加零点三，"
  },
  {
    "start": 274.75,
    "end": 279.35,
    "speaker": "老师",
    "text": "x大于零点四x解得x小于一百。"
  },
  {
    "start": 279.37,
    "end": 280.52,
    "speaker": "老师",
    "text": "那也就是说，"
  },
  {
    "start": 284.42,
    "end": 287.42,
    "speaker": "老师",
    "text": "此时选择哪种业务比较合算？"
  },
  {
    "start": 287.42,
    "end": 290.0,
    "speaker": "老师",
    "text": "那么由y一小于y二，"
  },
  {
    "start": 290.0,
    "end": 293.7,
    "speaker": "老师",
    "text": "我们可以得到不等式十加零点三，"
  },
  {
    "start": 293.7,
    "end": 298.58,
    "speaker": "老师",
    "text": "x小于零点四x解得x大于百。"
  },
  {
    "start": 298.66,
    "end": 303.1,
    "speaker": "老师",
    "text": "也就是说此时选择甲种业务比较合算。"
  },
  {
    "start": 303.1,
    "end": 312.25,
    "speaker": "老师",
    "text": "那么也就是说这两种业务的收费不仅跟他提供的业务有关，"
  },
  {
    "start": 315.27,
    "end": 318.75,
    "speaker": "老师",
    "text": "还跟我们的通话时长有着很大的关系。"
  },
  {
    "start": 318.75,
    "end": 326.03,
    "speaker": "老师",
    "text": "所以同学们不能够只凭想象的认为甲种业务核算或者是乙种业务核算，"
  },
  {
    "start": 326.03,
    "end": 329.47,
    "speaker": "老师",
    "text": "应该通过我们的知识来进行计算，"
  },
  {
    "start": 329.47,
    "end": 332.25,
    "speaker": "老师",
    "text": "才能够得到正确的答案。"
  },
  {
    "start": 332.25,
    "end": 332.61,
    "speaker": "老师",
    "text": "好，"
  },
  {
    "start": 332.61,
    "end": 339.67,
    "speaker": "老师",
    "text": "所以当顾客每个月的通话时长等于一百分钟的时候，"
  },
  {
    "start": 339.67,
    "end": 343.19,
    "speaker": "老师",
    "text": "选择甲乙两种业务一样合算。"
  },
  {
    "start": 343.19,
    "end": 347.97,
    "speaker": "老师",
    "text": "如果通话时长大于一百分钟，"
  },
  {
    "start": 347.97,
    "end": 350.23,
    "speaker": "老师",
    "text": "选择甲种业务，"
  },
  {
    "start": 350.23,
    "end": 350.97,
    "speaker": "老师",
    "text": "比较合算。"
  },
  {
    "start": 350.97,
    "end": 355.91,
    "speaker": "老师",
    "text": "如果通话时长小于一百分钟，"
  },
  {
    "start": 355.91,
    "end": 357.55,
    "speaker": "老师",
    "text": "选择乙种业务，"
  },
  {
    "start": 357.55,
    "end": 358.81,
    "speaker": "老师",
    "text": "比较合算。"
  },
  {
    "start": 358.81,
    "end": 361.25,
    "speaker": "老师",
    "text": "那么我们回过头去，"
  },
  {
    "start": 361.25,
    "end": 364.27,
    "speaker": "老师",
    "text": "我们看到这种方法，"
  },
  {
    "start": 364.27,
    "end": 374.33,
    "speaker": "老师",
    "text": "实际上就是把我们的函数转化成我们的不等式来进行比较，"
  },
  {
    "start": 374.33,
    "end": 382.67,
    "speaker": "老师",
    "text": "最后得到最终的答案。"
  },
  {
    "start": 382.67,
    "end": 384.17,
    "speaker": "老师",
    "text": "还有没有其他的方法呢？"
  },
  {
    "start": 384.17,
    "end": 384.55,
    "speaker": "老师",
    "text": "嗯，"
  },
  {
    "start": 384.55,
    "end": 389.15,
    "speaker": "老师",
    "text": "很好利用我们上节课的经验，"
  },
  {
    "start": 389.15,
    "end": 397.05,
    "speaker": "老师",
    "text": "我们这个题目还可以用函数图像的方法来解决。"
  },
  {
    "start": 398.33,
    "end": 420.02,
    "speaker": "老师",
    "text": "现在呢我们就在同一坐标系中画出这两个函数图像，"
  },
  {
    "start": 420.22,
    "end": 425.2,
    "speaker": "老师",
    "text": "y一等于十加零点三x它与y轴的交点是零食。"
  },
  {
    "start": 425.54,
    "end": 425.9,
    "speaker": "老师",
    "text": "嗯，"
  },
  {
    "start": 425.9,
    "end": 439.92,
    "speaker": "老师",
    "text": "现在我们来看到这里有一个零点三，"
  },
  {
    "start": 439.92,
    "end": 442.86,
    "speaker": "老师",
    "text": "我们最好取x等于一百的时候，"
  },
  {
    "start": 442.86,
    "end": 463.27,
    "speaker": "老师",
    "text": "求出y一等于四十，"
  },
  {
    "start": 463.27,
    "end": 466.15,
    "speaker": "老师",
    "text": "所以y一的图像过一百四十，"
  },
  {
    "start": 466.15,
    "end": 466.99,
    "speaker": "老师",
    "text": "这一点。"
  },
  {
    "start": 467.25,
    "end": 467.81,
    "speaker": "老师",
    "text": "好，"
  },
  {
    "start": 467.81,
    "end": 471.95,
    "speaker": "老师",
    "text": "现在y一的图像我们就做出来了。"
  },
  {
    "start": 471.99,
    "end": 476.26,
    "speaker": "老师",
    "text": "Y二的图像那就更好画了。"
  },
  {
    "start": 476.48,
    "end": 480.16,
    "speaker": "老师",
    "text": "它是一个正比例函数，"
  },
  {
    "start": 480.2,
    "end": 481.8,
    "speaker": "老师",
    "text": "它一定过原点，"
  },
  {
    "start": 481.8,
    "end": 483.58,
    "speaker": "老师",
    "text": "还过哪一点呢？"
  },
  {
    "start": 483.6,
    "end": 486.66,
    "speaker": "老师",
    "text": "对它也过一百四十，"
  },
  {
    "start": 486.66,
    "end": 489.84,
    "speaker": "老师",
    "text": "这点同样的画头像的时候，"
  },
  {
    "start": 489.84,
    "end": 501.09,
    "speaker": "老师",
    "text": "一定要跟老师一样啊啊仔细来。"
  },
  {
    "start": 501.09,
    "end": 501.35,
    "speaker": "老师",
    "text": "好，"
  },
  {
    "start": 501.35,
    "end": 505.49,
    "speaker": "老师",
    "text": "我们来看到这个图像这两条图像相交的时候，"
  },
  {
    "start": 505.49,
    "end": 509.38,
    "speaker": "老师",
    "text": "也就是y一等于y二的时候，"
  },
  {
    "start": 509.38,
    "end": 510.78,
    "speaker": "老师",
    "text": "对应的横坐标是一百。"
  },
  {
    "start": 510.78,
    "end": 516.91,
    "speaker": "老师",
    "text": "所以我们从图像上就能够很快的得到x等于一百的时候，"
  },
  {
    "start": 516.91,
    "end": 520.37,
    "speaker": "老师",
    "text": "这两个业务收费额是一样的。"
  },
  {
    "start": 520.37,
    "end": 530.07,
    "speaker": "老师",
    "text": "那么现在我们来看在直线x等于一百的左边的时候，"
  },
  {
    "start": 530.07,
    "end": 532.11,
    "speaker": "老师",
    "text": "y一在y二的上方。"
  },
  {
    "start": 532.11,
    "end": 534.61,
    "speaker": "老师",
    "text": "它的实意意是什么呢？"
  },
  {
    "start": 534.69,
    "end": 542.41,
    "speaker": "老师",
    "text": "也就是说这个时候甲种业务的收费比乙种业务的收费要多。"
  },
  {
    "start": 542.45,
    "end": 546.36,
    "speaker": "老师",
    "text": "所以这个时候我们要选择一种业务比较合算。"
  },
  {
    "start": 547.51,
    "end": 549.91,
    "speaker": "老师",
    "text": "也就是当x小于一百的时候，"
  },
  {
    "start": 549.91,
    "end": 552.51,
    "speaker": "老师",
    "text": "我们选择一种业务。"
  },
  {
    "start": 552.63,
    "end": 564.4,
    "speaker": "老师",
    "text": "那么我们再看到在x等于一百的右边的时候，"
  },
  {
    "start": 564.4,
    "end": 569.63,
    "speaker": "老师",
    "text": "函数y二的图像在y一的上方三。"
  },
  {
    "start": 569.63,
    "end": 578.54,
    "speaker": "老师",
    "text": "它的实际也就是说这个时候甲种业务的收费比乙种业务的收费要低。"
  },
  {
    "start": 578.54,
    "end": 585.25,
    "speaker": "老师",
    "text": "所以此时我们选择甲种业务比较合算。"
  },
  {
    "start": 585.33,
    "end": 587.85,
    "speaker": "老师",
    "text": "当x大于一百的时候，"
  },
  {
    "start": 587.85,
    "end": 591.47,
    "speaker": "老师",
    "text": "我们选择甲种业务比较合算。"
  },
  {
    "start": 591.47,
    "end": 592.27,
    "speaker": "老师",
    "text": "好了，"
  },
  {
    "start": 592.27,
    "end": 595.31,
    "speaker": "老师",
    "text": "我们可以看得到这一个题目，"
  },
  {
    "start": 595.31,
    "end": 601.85,
    "speaker": "老师",
    "text": "用代数的方法和用函数图像的方法很快的就解决出来了。"
  },
  {
    "start": 601.85,
    "end": 603.01,
    "speaker": "老师",
    "text": "同学们，"
  },
  {
    "start": 603.01,
    "end": 605.08,
    "speaker": "老师",
    "text": "我们知道，"
  },
  {
    "start": 605.08,
    "end": 607.48,
    "speaker": "老师",
    "text": "随着生活水平的提高，"
  },
  {
    "start": 607.48,
    "end": 610.4,
    "speaker": "老师",
    "text": "人们越来越懂得享受生活，"
  },
  {
    "start": 610.4,
    "end": 613.74,
    "speaker": "老师",
    "text": "经常会带着自己的家人，"
  },
  {
    "start": 613.74,
    "end": 622.59,
    "speaker": "老师",
    "text": "或者约上自己的朋友出去旅游。"
  },
  {
    "start": 622.63,
    "end": 629.27,
    "speaker": "老师",
    "text": "怎么某单位计划在新年期间组织员工到某地旅游，"
  },
  {
    "start": 629.29,
    "end": 636.28,
    "speaker": "老师",
    "text": "参加旅游的人数估计为十到二十五人。"
  },
  {
    "start": 636.28,
    "end": 640.82,
    "speaker": "老师",
    "text": "甲乙两家旅行社的服务质量相同，"
  },
  {
    "start": 640.82,
    "end": 644.0,
    "speaker": "老师",
    "text": "且报价都是每人两百元。"
  },
  {
    "start": 644.0,
    "end": 645.36,
    "speaker": "老师",
    "text": "经过协商，"
  },
  {
    "start": 645.36,
    "end": 652.5,
    "speaker": "老师",
    "text": "甲旅行社表示给每位游客七五折优惠。"
  },
  {
    "start": 652.64,
    "end": 654.36,
    "speaker": "老师",
    "text": "乙旅行社表示，"
  },
  {
    "start": 654.36,
    "end": 661.39,
    "speaker": "老师",
    "text": "给先免去一位游客的旅游费用，"
  },
  {
    "start": 661.39,
    "end": 665.91,
    "speaker": "老师",
    "text": "然后给予批余游客八折优惠。"
  },
  {
    "start": 665.91,
    "end": 674.24,
    "speaker": "老师",
    "text": "该选择哪一家旅行社支付的旅游费用较少好？"
  },
  {
    "start": 674.28,
    "end": 676.98,
    "speaker": "老师",
    "text": "我们来看到这个题目，"
  },
  {
    "start": 677.1,
    "end": 681.59,
    "speaker": "老师",
    "text": "请同学们先想一想，"
  },
  {
    "start": 681.87,
    "end": 686.21,
    "speaker": "老师",
    "text": "你觉得哪一家旅行社的旅游费用较少。"
  },
  {
    "start": 686.21,
    "end": 688.49,
    "speaker": "老师",
    "text": "可能有的同学会说，"
  },
  {
    "start": 688.49,
    "end": 695.95,
    "speaker": "老师",
    "text": "假旅行社因为假旅行社给予每位游客都是七五折优惠。"
  },
  {
    "start": 696.11,
    "end": 700.59,
    "speaker": "老师",
    "text": "也有的同学会说一夜旅行社，"
  },
  {
    "start": 700.59,
    "end": 705.46,
    "speaker": "老师",
    "text": "因为一旅行社先免去一个人的费用，"
  },
  {
    "start": 705.46,
    "end": 708.93,
    "speaker": "老师",
    "text": "然后其他的还打八折。"
  },
  {
    "start": 708.93,
    "end": 709.81,
    "speaker": "老师",
    "text": "好了。"
  },
  {
    "start": 710.03,
    "end": 714.53,
    "speaker": "老师",
    "text": "由于我的同学会说不能确定对了啊，"
  },
  {
    "start": 714.73,
    "end": 718.79,
    "speaker": "老师",
    "text": "这个题目跟我们上一题是很类似的，"
  },
  {
    "start": 718.79,
    "end": 721.95,
    "speaker": "老师",
    "text": "它也是一个抉择性的问题。"
  },
  {
    "start": 721.95,
    "end": 725.89,
    "speaker": "老师",
    "text": "这个甲乙两甲旅行社的这个收费，"
  },
  {
    "start": 725.89,
    "end": 727.51,
    "speaker": "老师",
    "text": "他跟什么有关呢？"
  },
  {
    "start": 727.51,
    "end": 728.23,
    "speaker": "老师",
    "text": "对，"
  },
  {
    "start": 728.23,
    "end": 732.6,
    "speaker": "老师",
    "text": "跟我们的人数是有很大的关系的。"
  },
  {
    "start": 732.82,
    "end": 735.42,
    "speaker": "老师",
    "text": "所以这个时候同样的，"
  },
  {
    "start": 735.42,
    "end": 747.48,
    "speaker": "老师",
    "text": "我们要把甲乙两家旅行社所要支付的这个旅游费用与这个人数之间的关系列出来，"
  },
  {
    "start": 747.54,
    "end": 750.4,
    "speaker": "老师",
    "text": "然后才能够做比较。"
  },
  {
    "start": 750.46,
    "end": 758.62,
    "speaker": "老师",
    "text": "同样的也是分为大于小于或者是等于来进行比较好。"
  },
  {
    "start": 758.68,
    "end": 770.91,
    "speaker": "老师",
    "text": "下面我们就设该单位参加这次旅游的人数是x人选择甲旅行社的时候，"
  },
  {
    "start": 770.91,
    "end": 775.55,
    "speaker": "老师",
    "text": "所需要的费用为y一元。"
  },
  {
    "start": 775.63,
    "end": 777.57,
    "speaker": "老师",
    "text": "选择乙旅行社的时候，"
  },
  {
    "start": 778.84,
    "end": 782.32,
    "speaker": "老师",
    "text": "所需要的费用为y二元。"
  },
  {
    "start": 782.32,
    "end": 784.46,
    "speaker": "老师",
    "text": "根据题目的意思，"
  },
  {
    "start": 784.74,
    "end": 789.93,
    "speaker": "老师",
    "text": "我们可以列出y一和二y二的函数表达式，"
  },
  {
    "start": 791.31,
    "end": 795.07,
    "speaker": "老师",
    "text": "甲旅行社只给每位游客七五折优惠。"
  },
  {
    "start": 795.09,
    "end": 799.05,
    "speaker": "老师",
    "text": "那么y一就等于两百乘以零点七五s,"
  },
  {
    "start": 799.25,
    "end": 807.45,
    "speaker": "老师",
    "text": "也就是即y一等于一百五十x乙旅行社先免去一位游客的费用，"
  },
  {
    "start": 807.45,
    "end": 812.87,
    "speaker": "老师",
    "text": "免去一位以后还剩下s减一位。"
  },
  {
    "start": 813.65,
    "end": 814.09,
    "speaker": "老师",
    "text": "对，"
  },
  {
    "start": 814.09,
    "end": 818.21,
    "speaker": "老师",
    "text": "y二就等于三两百乘以零点八乘以x减一，"
  },
  {
    "start": 818.21,
    "end": 823.66,
    "speaker": "老师",
    "text": "也就是记y二等于一百六十x减一百六。"
  },
  {
    "start": 823.66,
    "end": 833.98,
    "speaker": "老师",
    "text": "那么下面我们就来通过大于等于和小于这三种情况来进行比较。"
  },
  {
    "start": 833.98,
    "end": 835.92,
    "speaker": "老师",
    "text": "是由y一等于y二，"
  },
  {
    "start": 836.0,
    "end": 842.18,
    "speaker": "老师",
    "text": "我们得到方程一百五十x等于一百六十，"
  },
  {
    "start": 842.18,
    "end": 844.06,
    "speaker": "老师",
    "text": "x减一百六十，"
  },
  {
    "start": 844.06,
    "end": 847.8,
    "speaker": "老师",
    "text": "解得x等于十六。"
  },
  {
    "start": 847.8,
    "end": 850.47,
    "speaker": "老师",
    "text": "由y一大于y二，"
  },
  {
    "start": 850.47,
    "end": 852.93,
    "speaker": "老师",
    "text": "我们得到不等式，"
  },
  {
    "start": 852.93,
    "end": 857.23,
    "speaker": "老师",
    "text": "一百五十x大于一百六十x减一百六，"
  },
  {
    "start": 857.23,
    "end": 862.21,
    "speaker": "老师",
    "text": "解得x小于十六。"
  },
  {
    "start": 862.21,
    "end": 865.6,
    "speaker": "老师",
    "text": "由y一小于y二，"
  },
  {
    "start": 865.6,
    "end": 873.56,
    "speaker": "老师",
    "text": "我们得到一百五十x小于一百x减去一百六，"
  },
  {
    "start": 873.62,
    "end": 875.52,
    "speaker": "老师",
    "text": "解得x大于十六。"
  },
  {
    "start": 875.52,
    "end": 887.77,
    "speaker": "老师",
    "text": "那也就是说我们参加的旅游人数注意啊是在十到二十五人之间的。"
  },
  {
    "start": 887.77,
    "end": 889.79,
    "speaker": "老师",
    "text": "所以也就是说，"
  },
  {
    "start": 890.01,
    "end": 893.51,
    "speaker": "老师",
    "text": "当x等于十六个人的时候，"
  },
  {
    "start": 893.51,
    "end": 900.22,
    "speaker": "老师",
    "text": "甲乙两家旅行社的收费是相同的当x大于十六，"
  },
  {
    "start": 900.24,
    "end": 903.08,
    "speaker": "老师",
    "text": "小于等于二十五的时候，"
  },
  {
    "start": 903.32,
    "end": 905.58,
    "speaker": "老师",
    "text": "选择甲旅行社费用较少。"
  },
  {
    "start": 905.58,
    "end": 909.64,
    "speaker": "老师",
    "text": "当x大于等于十小于十六的时候，"
  },
  {
    "start": 909.64,
    "end": 913.64,
    "speaker": "老师",
    "text": "选择一旅行色费用比较少。"
  },
  {
    "start": 913.64,
    "end": 914.32,
    "speaker": "老师",
    "text": "哎，"
  },
  {
    "start": 914.36,
    "end": 922.64,
    "speaker": "老师",
    "text": "我们发现这两家旅行社的收费不仅跟他们的优惠政策有关，"
  },
  {
    "start": 922.9,
    "end": 930.0,
    "speaker": "老师",
    "text": "还跟我们这个人数有很大的关系。"
  },
  {
    "start": 930.48,
    "end": 938.28,
    "speaker": "老师",
    "text": "那么这个题目同学们还有没有别的解法呢？"
  },
  {
    "start": 938.5,
    "end": 957.99,
    "speaker": "老师",
    "text": "对我们这一个题目也可以用函数图像的方法来进行解决。"
  },
  {
    "start": 957.99,
    "end": 965.37,
    "speaker": "老师",
    "text": "同学们可以下去把这两个函数图像画出来，"
  },
  {
    "start": 965.45,
    "end": 967.99,
    "speaker": "老师",
    "text": "然后来解决这个问题。"
  },
  {
    "start": 968.09,
    "end": 968.67,
    "speaker": "老师",
    "text": "好了，"
  },
  {
    "start": 968.67,
    "end": 971.93,
    "speaker": "老师",
    "text": "那么通过我们这两个问题的解答，"
  },
  {
    "start": 971.97,
    "end": 982.6,
    "speaker": "老师",
    "text": "同学们应该知道了以后在遇到像这种决策性的问题的时候，"
  },
  {
    "start": 982.6,
    "end": 985.11,
    "speaker": "老师",
    "text": "不要草率的下结论。"
  },
  {
    "start": 985.15,
    "end": 988.51,
    "speaker": "老师",
    "text": "比方说我们今天学完了以后，"
  },
  {
    "start": 988.51,
    "end": 1000.61,
    "speaker": "老师",
    "text": "你可以下去计算一下自己的手机到底选择哪个套餐比较划算。"
  },
  {
    "start": 1001.64,
    "end": 1005.06,
    "speaker": "老师",
    "text": "或者以后在旅游的时候，"
  },
  {
    "start": 1005.44,
    "end": 1008.16,
    "speaker": "老师",
    "text": "我们一定要做好精打细算，"
  },
  {
    "start": 1008.16,
    "end": 1020.64,
    "speaker": "老师",
    "text": "看哪一家旅行社给出的优惠政策比较划算。"
  },
  {
    "start": 1020.66,
    "end": 1027.98,
    "speaker": "老师",
    "text": "下面呢请同学们根据这两题的分析来思考这样个问题。"
  },
  {
    "start": 1028.8,
    "end": 1029.92,
    "speaker": "老师",
    "text": "像这种方案，"
  },
  {
    "start": 1030.42,
    "end": 1034.96,
    "speaker": "老师",
    "text": "选择题进问题的解题思路是怎样的？"
  },
  {
    "start": 1034.96,
    "end": 1035.34,
    "speaker": "老师",
    "text": "好，"
  },
  {
    "start": 1035.34,
    "end": 1037.74,
    "speaker": "老师",
    "text": "同学们都说的不错啊，"
  },
  {
    "start": 1037.74,
    "end": 1040.71,
    "speaker": "老师",
    "text": "现在我们一起来看。"
  },
  {
    "start": 1040.71,
    "end": 1045.22,
    "speaker": "老师",
    "text": "首先我们肯定要理清题意，"
  },
  {
    "start": 1045.22,
    "end": 1052.22,
    "speaker": "老师",
    "text": "把我们的实际问题转化成我们的数学问题。"
  },
  {
    "start": 1052.28,
    "end": 1065.01,
    "speaker": "老师",
    "text": "然后根据题意分别写出方案AB的函数解析式YAYB然后将方案AB进行比较，"
  },
  {
    "start": 1065.01,
    "end": 1092.86,
    "speaker": "老师",
    "text": "分三种情况来进行比较大于小于和等于，"
  },
  {
    "start": 1093.5,
    "end": 1097.98,
    "speaker": "老师",
    "text": "从而分别得到自变量的取值范围。"
  },
  {
    "start": 1097.98,
    "end": 1107.62,
    "speaker": "老师",
    "text": "紧接着就根据实际情况选择方案了，"
  },
  {
    "start": 1107.66,
    "end": 1109.78,
    "speaker": "老师",
    "text": "同学们学会了吗？"
  },
  {
    "start": 1109.78,
    "end": 1110.26,
    "speaker": "老师",
    "text": "好，"
  },
  {
    "start": 1110.26,
    "end": 1111.2,
    "speaker": "老师",
    "text": "很好。"
  },
  {
    "start": 1111.32,
    "end": 1113.9,
    "speaker": "老师",
    "text": "那么通过这个思路，"
  },
  {
    "start": 1113.9,
    "end": 1122.5,
    "speaker": "老师",
    "text": "你能不能来总结一下解这一类问题的一般步骤是怎样的呢？"
  },
  {
    "start": 1122.58,
    "end": 1123.18,
    "speaker": "老师",
    "text": "好了，"
  },
  {
    "start": 1123.18,
    "end": 1126.5,
    "speaker": "老师",
    "text": "那么像这里类型的实际问题，"
  },
  {
    "start": 1126.5,
    "end": 1131.52,
    "speaker": "老师",
    "text": "我们要解决像这种决策型的实际问题，"
  },
  {
    "start": 1131.64,
    "end": 1135.42,
    "speaker": "老师",
    "text": "它的一般步骤应该是怎样的呢？"
  },
  {
    "start": 1135.42,
    "end": 1138.76,
    "speaker": "老师",
    "text": "首先，"
  },
  {
    "start": 1139.02,
    "end": 1139.8,
    "speaker": "老师",
    "text": "第一步，"
  },
  {
    "start": 1139.8,
    "end": 1143.2,
    "speaker": "老师",
    "text": "理清题目中的数量关系，"
  },
  {
    "start": 1143.24,
    "end": 1147.76,
    "speaker": "老师",
    "text": "把这些数量关系分解为几个函数关系。"
  },
  {
    "start": 1147.76,
    "end": 1148.7,
    "speaker": "老师",
    "text": "第二步，"
  },
  {
    "start": 1148.7,
    "end": 1163.82,
    "speaker": "老师",
    "text": "列出这些函数关系式。"
  },
  {
    "start": 1163.82,
    "end": 1164.68,
    "speaker": "老师",
    "text": "第三步，"
  },
  {
    "start": 1164.68,
    "end": 1172.59,
    "speaker": "老师",
    "text": "根据题意将列出的函数关系式转化为不等式。"
  },
  {
    "start": 1172.61,
    "end": 1173.83,
    "speaker": "老师",
    "text": "对了，"
  },
  {
    "start": 1174.01,
    "end": 1179.13,
    "speaker": "老师",
    "text": "那么第四就是解不等式了。"
  },
  {
    "start": 1179.17,
    "end": 1180.37,
    "speaker": "老师",
    "text": "第五步，"
  },
  {
    "start": 1180.41,
    "end": 1186.06,
    "speaker": "老师",
    "text": "就是选择符合题意的不等式的解集，"
  },
  {
    "start": 1186.06,
    "end": 1189.07,
    "speaker": "老师",
    "text": "最后做出解答。"
  },
  {
    "start": 1189.07,
    "end": 1189.51,
    "speaker": "老师",
    "text": "好了，"
  },
  {
    "start": 1189.51,
    "end": 1196.02,
    "speaker": "老师",
    "text": "下面我们就带着这个经验，"
  },
  {
    "start": 1196.02,
    "end": 1198.42,
    "speaker": "老师",
    "text": "一起到商场里去逛一逛，"
  },
  {
    "start": 1198.42,
    "end": 1202.36,
    "speaker": "老师",
    "text": "看商家又是怎么吸引顾客的，"
  },
  {
    "start": 1202.36,
    "end": 1203.76,
    "speaker": "老师",
    "text": "我们又该怎么抉择？"
  },
  {
    "start": 1203.76,
    "end": 1209.16,
    "speaker": "老师",
    "text": "某学校计划购买若干台电脑，"
  },
  {
    "start": 1209.54,
    "end": 1211.36,
    "speaker": "老师",
    "text": "现从两家商场了解到，"
  },
  {
    "start": 1211.36,
    "end": 1212.42,
    "speaker": "老师",
    "text": "同一型号电脑，"
  },
  {
    "start": 1212.42,
    "end": 1217.4,
    "speaker": "老师",
    "text": "每一台报价均为六千元，"
  },
  {
    "start": 1218.48,
    "end": 1220.72,
    "speaker": "老师",
    "text": "并且多买都有一定的优惠。"
  },
  {
    "start": 1220.72,
    "end": 1225.75,
    "speaker": "老师",
    "text": "甲商场的优惠条件是第一台按原报价收费，"
  },
  {
    "start": 1225.75,
    "end": 1229.91,
    "speaker": "老师",
    "text": "其余每一台优惠百分之二十五。"
  },
  {
    "start": 1230.71,
    "end": 1240.58,
    "speaker": "老师",
    "text": "乙商场的优惠条件是每一台优惠百分之二十。"
  },
  {
    "start": 1240.58,
    "end": 1240.98,
    "speaker": "老师",
    "text": "问，"
  },
  {
    "start": 1241.16,
    "end": 1245.16,
    "speaker": "老师",
    "text": "什么情况下到甲商场购买更优惠，"
  },
  {
    "start": 1245.58,
    "end": 1249.88,
    "speaker": "老师",
    "text": "什么情况下到乙商场购买更优惠？"
  },
  {
    "start": 1249.88,
    "end": 1253.93,
    "speaker": "老师",
    "text": "什么情况下链家商场的收费相同？"
  },
  {
    "start": 1254.39,
    "end": 1254.83,
    "speaker": "老师",
    "text": "好，"
  },
  {
    "start": 1254.83,
    "end": 1257.43,
    "speaker": "老师",
    "text": "根据我们上面总结的经验，"
  },
  {
    "start": 1257.55,
    "end": 1261.45,
    "speaker": "老师",
    "text": "我们知道在这个问题里面，"
  },
  {
    "start": 1261.45,
    "end": 1282.16,
    "speaker": "老师",
    "text": "我们首先要列出甲乙两个商场的收费与这个所买的电脑台数之间的一个函数关系式才能够进行比较很好。"
  },
  {
    "start": 1282.16,
    "end": 1287.67,
    "speaker": "老师",
    "text": "那么这个时候我们就设要买x台电脑，"
  },
  {
    "start": 1287.67,
    "end": 1293.47,
    "speaker": "老师",
    "text": "购买甲商场的电脑所需要的费用为y一元。"
  },
  {
    "start": 1293.47,
    "end": 1298.09,
    "speaker": "老师",
    "text": "购买乙商场电脑所需要的费用，"
  },
  {
    "start": 1298.09,
    "end": 1299.25,
    "speaker": "老师",
    "text": "为什么呢？"
  },
  {
    "start": 1299.25,
    "end": 1311.1,
    "speaker": "老师",
    "text": "Y二元那么折有y一就在于我们可以看得到甲商场的优惠条件是怎样的啊。"
  },
  {
    "start": 1311.1,
    "end": 1313.1,
    "speaker": "老师",
    "text": "每一台按原价收费，"
  },
  {
    "start": 1313.58,
    "end": 1318.56,
    "speaker": "老师",
    "text": "其余每一台优惠百分之二十五，"
  },
  {
    "start": 1318.56,
    "end": 1320.76,
    "speaker": "老师",
    "text": "优惠百分之二十五，"
  },
  {
    "start": 1320.76,
    "end": 1321.82,
    "speaker": "老师",
    "text": "是什么意思呢？"
  },
  {
    "start": 1322.04,
    "end": 1322.52,
    "speaker": "老师",
    "text": "哎，"
  },
  {
    "start": 1322.86,
    "end": 1323.84,
    "speaker": "老师",
    "text": "对了，"
  },
  {
    "start": 1324.02,
    "end": 1326.18,
    "speaker": "老师",
    "text": "邮费百分之二十五，"
  },
  {
    "start": 1326.22,
    "end": 1329.13,
    "speaker": "老师",
    "text": "也就是打七五折，"
  },
  {
    "start": 1329.55,
    "end": 1334.3,
    "speaker": "老师",
    "text": "所以y一应该等于六千，"
  },
  {
    "start": 1334.3,
    "end": 1336.1,
    "speaker": "老师",
    "text": "加上s减一，"
  },
  {
    "start": 1336.12,
    "end": 1339.42,
    "speaker": "老师",
    "text": "剩下打七五零样乘以六千，"
  },
  {
    "start": 1339.42,
    "end": 1343.89,
    "speaker": "老师",
    "text": "再乘以一减百分之二十五。"
  },
  {
    "start": 1343.89,
    "end": 1348.89,
    "speaker": "老师",
    "text": "化简以后就得到四千五百s加上一千五百，"
  },
  {
    "start": 1348.89,
    "end": 1359.18,
    "speaker": "老师",
    "text": "那么y二我们再回去看一下乙商场的优惠条件是每一台优惠百分之二十，"
  },
  {
    "start": 1359.18,
    "end": 1359.54,
    "speaker": "老师",
    "text": "对，"
  },
  {
    "start": 1359.54,
    "end": 1363.58,
    "speaker": "老师",
    "text": "优惠百分之二十，"
  },
  {
    "start": 1363.58,
    "end": 1368.55,
    "speaker": "老师",
    "text": "也就是打八折，"
  },
  {
    "start": 1368.57,
    "end": 1375.35,
    "speaker": "老师",
    "text": "所以y二应该等于六千s乘以百分之八十。"
  },
  {
    "start": 1375.35,
    "end": 1384.48,
    "speaker": "老师",
    "text": "化简以后等于四千八百s好了，"
  },
  {
    "start": 1384.54,
    "end": 1391.23,
    "speaker": "老师",
    "text": "函数表达式我们列出来了。"
  },
  {
    "start": 1391.33,
    "end": 1394.67,
    "speaker": "老师",
    "text": "根据我们前面总结的步骤，"
  },
  {
    "start": 1394.71,
    "end": 1395.37,
    "speaker": "老师",
    "text": "下面，"
  },
  {
    "start": 1395.37,
    "end": 1402.69,
    "speaker": "老师",
    "text": "我们就要通过这个大于等于小于这三种情况来进行。"
  },
  {
    "start": 1402.73,
    "end": 1406.75,
    "speaker": "老师",
    "text": "比较了当y一小于y二的时候，"
  },
  {
    "start": 1406.91,
    "end": 1415.37,
    "speaker": "老师",
    "text": "我们得到不等式四千五百x加上一千五百小于四千八百x解得s大于五。"
  },
  {
    "start": 1415.39,
    "end": 1419.97,
    "speaker": "老师",
    "text": "所以当所购买的电脑超过五台的时候，"
  },
  {
    "start": 1419.97,
    "end": 1424.47,
    "speaker": "老师",
    "text": "我们到假商场购买更优惠。"
  },
  {
    "start": 1424.71,
    "end": 1429.13,
    "speaker": "老师",
    "text": "当y一大于y二的时候，"
  },
  {
    "start": 1429.13,
    "end": 1432.25,
    "speaker": "老师",
    "text": "我们可以得到不等式四啊，"
  },
  {
    "start": 1432.25,
    "end": 1443.24,
    "speaker": "老师",
    "text": "四千五百x加上一千五百大于四千八百x解得x小于五，"
  },
  {
    "start": 1443.24,
    "end": 1454.12,
    "speaker": "老师",
    "text": "也就是即当所购买的电脑少于五台的时候，"
  },
  {
    "start": 1454.14,
    "end": 1457.63,
    "speaker": "老师",
    "text": "到你商场买更优惠。"
  },
  {
    "start": 1458.63,
    "end": 1460.29,
    "speaker": "老师",
    "text": "当y一等于y二的时候，"
  },
  {
    "start": 1460.29,
    "end": 1470.38,
    "speaker": "老师",
    "text": "也就是即四千五百x加上一千五百等于四千八百x解得x等于五。"
  },
  {
    "start": 1471.48,
    "end": 1496.74,
    "speaker": "老师",
    "text": "也就是说我们所购买的电脑为五台的时候，"
  },
  {
    "start": 1496.74,
    "end": 1499.61,
    "speaker": "老师",
    "text": "两家两家商场的收费相同，"
  },
  {
    "start": 1499.61,
    "end": 1504.58,
    "speaker": "老师",
    "text": "同学们做对了吗？"
  },
  {
    "start": 1504.58,
    "end": 1505.28,
    "speaker": "老师",
    "text": "好了，"
  },
  {
    "start": 1505.28,
    "end": 1511.55,
    "speaker": "老师",
    "text": "电脑买回来了以后，"
  },
  {
    "start": 1511.55,
    "end": 1515.46,
    "speaker": "老师",
    "text": "我们就要进行分配了。"
  },
  {
    "start": 1515.46,
    "end": 1526.39,
    "speaker": "老师",
    "text": "下面呢我们就来看到这样一个方案分配最优的问题。"
  },
  {
    "start": 1526.39,
    "end": 1538.14,
    "speaker": "老师",
    "text": "温州市教委决定分别送给文成教育局八台电脑、泰顺教育局十台电脑。"
  },
  {
    "start": 1540.71,
    "end": 1545.73,
    "speaker": "老师",
    "text": "但现在仅有十二台需在杭州买六台。"
  },
  {
    "start": 1545.73,
    "end": 1549.54,
    "speaker": "老师",
    "text": "从市教委运一台电脑到文成，"
  },
  {
    "start": 1549.56,
    "end": 1557.62,
    "speaker": "老师",
    "text": "泰顺的运费分别为三十元和五十元。"
  },
  {
    "start": 1557.68,
    "end": 1560.16,
    "speaker": "老师",
    "text": "从杭州运一台电脑到文成，"
  },
  {
    "start": 1561.76,
    "end": 1565.0,
    "speaker": "老师",
    "text": "泰顺的运费分别为八十元和四十元，"
  },
  {
    "start": 1565.0,
    "end": 1568.94,
    "speaker": "老师",
    "text": "要求总的运费不超过八百四十元。"
  },
  {
    "start": 1568.94,
    "end": 1569.28,
    "speaker": "老师",
    "text": "问，"
  },
  {
    "start": 1569.28,
    "end": 1571.26,
    "speaker": "老师",
    "text": "有几种教育方案，"
  },
  {
    "start": 1571.26,
    "end": 1577.69,
    "speaker": "老师",
    "text": "并指出运费最低的方案嗯，"
  },
  {
    "start": 1577.69,
    "end": 1580.76,
    "speaker": "老师",
    "text": "这个题目有点复杂，"
  },
  {
    "start": 1581.08,
    "end": 1584.47,
    "speaker": "老师",
    "text": "涉及到了很多的量。"
  },
  {
    "start": 1584.47,
    "end": 1585.61,
    "speaker": "老师",
    "text": "读完题目，"
  },
  {
    "start": 1585.61,
    "end": 1591.4,
    "speaker": "老师",
    "text": "我们应该知道它是一个电脑分配的问题，"
  },
  {
    "start": 1591.42,
    "end": 1594.22,
    "speaker": "老师",
    "text": "那么这里面就产生了什么呢？"
  },
  {
    "start": 1594.22,
    "end": 1600.75,
    "speaker": "老师",
    "text": "运费是从哪两个地方往哪两个地方分配电脑？"
  },
  {
    "start": 1600.75,
    "end": 1604.07,
    "speaker": "老师",
    "text": "我们首先要弄清楚这一点啊，"
  },
  {
    "start": 1604.07,
    "end": 1608.41,
    "speaker": "老师",
    "text": "相对于这种复杂性的问题，"
  },
  {
    "start": 1608.41,
    "end": 1611.75,
    "speaker": "老师",
    "text": "我们最好可以画一个分析图来进行分析。"
  },
  {
    "start": 1611.75,
    "end": 1614.71,
    "speaker": "老师",
    "text": "朋友们可以先思考一下。"
  },
  {
    "start": 1614.71,
    "end": 1615.01,
    "speaker": "老师",
    "text": "好，"
  },
  {
    "start": 1615.01,
    "end": 1619.25,
    "speaker": "老师",
    "text": "那么怎样画一个分析图来分析呢？"
  },
  {
    "start": 1619.25,
    "end": 1623.79,
    "speaker": "老师",
    "text": "下面可能有的同学画的是方格，"
  },
  {
    "start": 1623.79,
    "end": 1627.37,
    "speaker": "老师",
    "text": "现在看到老师画的这个图形，"
  },
  {
    "start": 1627.37,
    "end": 1633.2,
    "speaker": "老师",
    "text": "我们正好是从杭州和市教委要调配电脑到泰顺和文城。"
  },
  {
    "start": 1633.56,
    "end": 1635.72,
    "speaker": "老师",
    "text": "我们利用这个让一个菱形图，"
  },
  {
    "start": 1635.72,
    "end": 1643.35,
    "speaker": "老师",
    "text": "把这四者之间的关系联联系起来。"
  },
  {
    "start": 1643.45,
    "end": 1644.45,
    "speaker": "老师",
    "text": "好了，"
  },
  {
    "start": 1644.45,
    "end": 1645.57,
    "speaker": "老师",
    "text": "怎样分配？"
  },
  {
    "start": 1645.75,
    "end": 1648.69,
    "speaker": "老师",
    "text": "我们看一下啊，"
  },
  {
    "start": 1648.81,
    "end": 1650.69,
    "speaker": "老师",
    "text": "他说的通杭州，"
  },
  {
    "start": 1650.69,
    "end": 1654.29,
    "speaker": "老师",
    "text": "我要买六台电脑，"
  },
  {
    "start": 1654.29,
    "end": 1659.35,
    "speaker": "老师",
    "text": "从市教委要调十二台电脑，"
  },
  {
    "start": 1659.35,
    "end": 1661.56,
    "speaker": "老师",
    "text": "总共是十八台，"
  },
  {
    "start": 1661.56,
    "end": 1666.95,
    "speaker": "老师",
    "text": "正好满足文成和泰顺的需要。"
  },
  {
    "start": 1667.03,
    "end": 1671.49,
    "speaker": "老师",
    "text": "然后现在就是怎么样掉，"
  },
  {
    "start": 1671.49,
    "end": 1673.27,
    "speaker": "老师",
    "text": "那怎样掉什么意思呢？"
  },
  {
    "start": 1673.27,
    "end": 1673.57,
    "speaker": "老师",
    "text": "对，"
  },
  {
    "start": 1673.57,
    "end": 1680.69,
    "speaker": "老师",
    "text": "那肯定优先要想到从杭州到底调多少台到文成，"
  },
  {
    "start": 1680.75,
    "end": 1682.59,
    "speaker": "老师",
    "text": "调多少台到泰顺，"
  },
  {
    "start": 1682.59,
    "end": 1686.52,
    "speaker": "老师",
    "text": "或者是从市郊委调多少台到文成，"
  },
  {
    "start": 1686.52,
    "end": 1689.68,
    "speaker": "老师",
    "text": "要多少台到开深呢？"
  },
  {
    "start": 1689.68,
    "end": 1696.81,
    "speaker": "老师",
    "text": "那这个时候我们就色从杭州调x排到开升，"
  },
  {
    "start": 1696.81,
    "end": 1704.07,
    "speaker": "老师",
    "text": "或者你也可以设从杭州调x来到文成一样的啊，"
  },
  {
    "start": 1704.07,
    "end": 1710.13,
    "speaker": "老师",
    "text": "你也可以设从市交为调x达到完乘啊。"
  },
  {
    "start": 1710.15,
    "end": 1710.57,
    "speaker": "老师",
    "text": "好，"
  },
  {
    "start": 1710.57,
    "end": 1715.69,
    "speaker": "老师",
    "text": "现在我们再来看从杭州调x台到太孙，"
  },
  {
    "start": 1715.69,
    "end": 1719.15,
    "speaker": "老师",
    "text": "杭州还剩下几台。"
  },
  {
    "start": 1719.51,
    "end": 1720.15,
    "speaker": "老师",
    "text": "对了，"
  },
  {
    "start": 1720.15,
    "end": 1723.23,
    "speaker": "老师",
    "text": "还剩下六减一斯塔。"
  },
  {
    "start": 1723.31,
    "end": 1728.15,
    "speaker": "老师",
    "text": "我们刚刚说了，"
  },
  {
    "start": 1728.15,
    "end": 1734.63,
    "speaker": "老师",
    "text": "这两个地方的电脑台数正好可以满足上下这两个地方的电脑台数。"
  },
  {
    "start": 1735.81,
    "end": 1739.79,
    "speaker": "老师",
    "text": "所以算一下杭州剩下的电脑肯定要运到文成去，"
  },
  {
    "start": 1739.79,
    "end": 1745.98,
    "speaker": "老师",
    "text": "所以从杭州运到文成的电脑应该是六节s台。"
  },
  {
    "start": 1745.98,
    "end": 1748.92,
    "speaker": "老师",
    "text": "好，"
  },
  {
    "start": 1749.0,
    "end": 1755.91,
    "speaker": "老师",
    "text": "我们再看从市教委运到泰顺的电脑应该是多少台呢？"
  },
  {
    "start": 1755.99,
    "end": 1758.91,
    "speaker": "老师",
    "text": "拍摄已经有多少台了？"
  },
  {
    "start": 1759.67,
    "end": 1760.27,
    "speaker": "老师",
    "text": "对了，"
  },
  {
    "start": 1760.51,
    "end": 1761.51,
    "speaker": "老师",
    "text": "来s台了。"
  },
  {
    "start": 1761.67,
    "end": 1769.01,
    "speaker": "老师",
    "text": "所以这个时候我们只要从事教委再来运营十减s台就可以了。"
  },
  {
    "start": 1769.11,
    "end": 1769.67,
    "speaker": "老师",
    "text": "好，"
  },
  {
    "start": 1769.67,
    "end": 1771.11,
    "speaker": "老师",
    "text": "泰盛运走了，"
  },
  {
    "start": 1771.11,
    "end": 1772.11,
    "speaker": "老师",
    "text": "十减x台，"
  },
  {
    "start": 1772.43,
    "end": 1773.65,
    "speaker": "老师",
    "text": "还剩多少台？"
  },
  {
    "start": 1773.65,
    "end": 1774.23,
    "speaker": "老师",
    "text": "对了，"
  },
  {
    "start": 1774.23,
    "end": 1776.59,
    "speaker": "老师",
    "text": "还剩二加百一十台，"
  },
  {
    "start": 1776.59,
    "end": 1779.91,
    "speaker": "老师",
    "text": "正好都调到文成去。"
  },
  {
    "start": 1779.91,
    "end": 1783.14,
    "speaker": "老师",
    "text": "好了，"
  },
  {
    "start": 1784.47,
    "end": 1787.53,
    "speaker": "老师",
    "text": "现在位置是不是出来了，"
  },
  {
    "start": 1787.59,
    "end": 1792.4,
    "speaker": "老师",
    "text": "请问让我们算的是什么？"
  },
  {
    "start": 1792.4,
    "end": 1793.28,
    "speaker": "老师",
    "text": "总运费？"
  },
  {
    "start": 1793.28,
    "end": 1794.48,
    "speaker": "老师",
    "text": "对了啊，"
  },
  {
    "start": 1794.54,
    "end": 1807.17,
    "speaker": "老师",
    "text": "这个总运费我们来看到市教委运一台电脑到文成和泰顺的运费分别是三十元和五十元。"
  },
  {
    "start": 1807.17,
    "end": 1815.29,
    "speaker": "老师",
    "text": "杭州运一台电脑到文成和泰顺的运费分别是八十元和四十元。"
  },
  {
    "start": 1815.29,
    "end": 1823.33,
    "speaker": "老师",
    "text": "所以这个时候我们就可以用含x的代数式来表示这个运费了。"
  },
  {
    "start": 1823.35,
    "end": 1823.77,
    "speaker": "老师",
    "text": "好，"
  },
  {
    "start": 1823.77,
    "end": 1826.15,
    "speaker": "老师",
    "text": "下面我们来看了，"
  },
  {
    "start": 1826.17,
    "end": 1829.94,
    "speaker": "老师",
    "text": "我们就设中运费为多少呢？"
  },
  {
    "start": 1829.94,
    "end": 1830.42,
    "speaker": "老师",
    "text": "Y元，"
  },
  {
    "start": 1830.42,
    "end": 1838.01,
    "speaker": "老师",
    "text": "那么我们可以得到函数表达式，"
  },
  {
    "start": 1838.01,
    "end": 1845.87,
    "speaker": "老师",
    "text": "y等于三十乘以括号二加x加上五十乘以十减x加上八十乘以六减x加上四十。"
  },
  {
    "start": 1845.87,
    "end": 1847.37,
    "speaker": "老师",
    "text": "X化简以后，"
  },
  {
    "start": 1847.37,
    "end": 1849.81,
    "speaker": "老师",
    "text": "y应该等于负六十x加上一千零四十。"
  },
  {
    "start": 1849.81,
    "end": 1853.09,
    "speaker": "老师",
    "text": "那么通过这个函数表达式，"
  },
  {
    "start": 1853.09,
    "end": 1858.38,
    "speaker": "老师",
    "text": "我们也不能够知道它到底是怎样的一个分配方案呢。"
  },
  {
    "start": 1858.38,
    "end": 1858.64,
    "speaker": "老师",
    "text": "好，"
  },
  {
    "start": 1858.64,
    "end": 1860.04,
    "speaker": "老师",
    "text": "我们再回过头去看，"
  },
  {
    "start": 1860.04,
    "end": 1864.02,
    "speaker": "老师",
    "text": "在这个题目里面还有一句很关键的话，"
  },
  {
    "start": 1864.04,
    "end": 1864.22,
    "speaker": "老师",
    "text": "嗯，"
  },
  {
    "start": 1864.22,
    "end": 1864.76,
    "speaker": "老师",
    "text": "很好，"
  },
  {
    "start": 1865.02,
    "end": 1867.14,
    "speaker": "老师",
    "text": "这一局关键画在哪里呢？"
  },
  {
    "start": 1867.14,
    "end": 1874.41,
    "speaker": "老师",
    "text": "总的运费总的运费不超过八百四十元，"
  },
  {
    "start": 1874.41,
    "end": 1876.53,
    "speaker": "老师",
    "text": "什么意思呢？"
  },
  {
    "start": 1876.53,
    "end": 1877.13,
    "speaker": "老师",
    "text": "哎，"
  },
  {
    "start": 1877.13,
    "end": 1881.88,
    "speaker": "老师",
    "text": "也就是这个运费要小于等于八百四十，"
  },
  {
    "start": 1881.88,
    "end": 1888.86,
    "speaker": "老师",
    "text": "而我们刚刚已经用含x的代数式来表示了这个总的运费y."
  },
  {
    "start": 1888.88,
    "end": 1898.91,
    "speaker": "老师",
    "text": "所以也就是我们这里的y的值应该小于等于八百四十。"
  },
  {
    "start": 1898.97,
    "end": 1902.11,
    "speaker": "老师",
    "text": "由此我们就得到这样一个不等式解，"
  },
  {
    "start": 1902.11,
    "end": 1906.0,
    "speaker": "老师",
    "text": "这个不等式x大于等于三分之十。"
  },
  {
    "start": 1906.06,
    "end": 1908.72,
    "speaker": "老师",
    "text": "好，"
  },
  {
    "start": 1908.72,
    "end": 1913.06,
    "speaker": "老师",
    "text": "x我们刚刚设的是从杭州运x台电脑到泰顺，"
  },
  {
    "start": 1913.06,
    "end": 1919.36,
    "speaker": "老师",
    "text": "我们到在杭州总共司购买了多少台电脑六台电脑。"
  },
  {
    "start": 1919.36,
    "end": 1919.66,
    "speaker": "老师",
    "text": "对了，"
  },
  {
    "start": 1919.66,
    "end": 1923.32,
    "speaker": "老师",
    "text": "而且电脑的台数应该是什么呀？"
  },
  {
    "start": 1923.4,
    "end": 1924.2,
    "speaker": "老师",
    "text": "整数，"
  },
  {
    "start": 1924.2,
    "end": 1930.36,
    "speaker": "老师",
    "text": "所以这个x既要大于等于三分之十，"
  },
  {
    "start": 1930.58,
    "end": 1932.98,
    "speaker": "老师",
    "text": "又要小于等于六，"
  },
  {
    "start": 1932.98,
    "end": 1934.66,
    "speaker": "老师",
    "text": "还要取整数。"
  },
  {
    "start": 1934.66,
    "end": 1955.83,
    "speaker": "老师",
    "text": "那么所以x的值就只能等于四或者是五或者是六。"
  },
  {
    "start": 1956.15,
    "end": 1959.29,
    "speaker": "老师",
    "text": "那由此我们就可以知道，"
  },
  {
    "start": 1959.29,
    "end": 1965.01,
    "speaker": "老师",
    "text": "应该是总共有几种分配方案呢。"
  },
  {
    "start": 1965.05,
    "end": 1965.85,
    "speaker": "老师",
    "text": "哎，"
  },
  {
    "start": 1965.87,
    "end": 1966.57,
    "speaker": "老师",
    "text": "对了，"
  },
  {
    "start": 1966.57,
    "end": 1972.82,
    "speaker": "老师",
    "text": "三种分配方案，"
  },
  {
    "start": 1972.82,
    "end": 1975.4,
    "speaker": "老师",
    "text": "这个题目到时候解决完了吗？"
  },
  {
    "start": 1975.5,
    "end": 1976.24,
    "speaker": "老师",
    "text": "没有，"
  },
  {
    "start": 1976.24,
    "end": 1986.46,
    "speaker": "老师",
    "text": "还有疑问要我们求怎么让你指出运费最低的方案。"
  },
  {
    "start": 1986.46,
    "end": 1987.28,
    "speaker": "老师",
    "text": "好了，"
  },
  {
    "start": 1987.58,
    "end": 1993.92,
    "speaker": "老师",
    "text": "我们刚刚已经分析出来了，"
  },
  {
    "start": 1994.52,
    "end": 1997.0,
    "speaker": "老师",
    "text": "总共有三种方案。"
  },
  {
    "start": 1997.02,
    "end": 2000.35,
    "speaker": "老师",
    "text": "那么三种方案呢，"
  },
  {
    "start": 2000.35,
    "end": 2006.15,
    "speaker": "老师",
    "text": "当s等于四的时候，"
  },
  {
    "start": 2006.15,
    "end": 2008.81,
    "speaker": "老师",
    "text": "当x等于五的时候，"
  },
  {
    "start": 2008.81,
    "end": 2013.98,
    "speaker": "老师",
    "text": "当x等于六的时候，"
  },
  {
    "start": 2013.98,
    "end": 2027.86,
    "speaker": "老师",
    "text": "可能有同学现在呢就把哎当x等于四的时候代进来好算一个y的值。"
  },
  {
    "start": 2028.14,
    "end": 2034.02,
    "speaker": "老师",
    "text": "X等于五的时候代进去算一个y的值。"
  },
  {
    "start": 2034.02,
    "end": 2038.33,
    "speaker": "老师",
    "text": "X等于六的时候算去代进去，"
  },
  {
    "start": 2038.33,
    "end": 2040.59,
    "speaker": "老师",
    "text": "算出除一个y的值，"
  },
  {
    "start": 2041.09,
    "end": 2047.31,
    "speaker": "老师",
    "text": "把这三个y的值进行来比较，"
  },
  {
    "start": 2049.97,
    "end": 2052.64,
    "speaker": "老师",
    "text": "看谁最小费用就最低。"
  },
  {
    "start": 2054.67,
    "end": 2055.07,
    "speaker": "老师",
    "text": "好，"
  },
  {
    "start": 2055.33,
    "end": 2056.8,
    "speaker": "老师",
    "text": "没错，"
  },
  {
    "start": 2056.8,
    "end": 2061.69,
    "speaker": "老师",
    "text": "这样老师还要告诉你一个更简便的方法。"
  },
  {
    "start": 2061.69,
    "end": 2062.3,
    "speaker": "老师",
    "text": "我们看到这个函数表达式，"
  },
  {
    "start": 2061.97,
    "end": 2062.3,
    "speaker": "老师",
    "text": "这个函数表达式是y等于负六十，"
  },
  {
    "start": 2061.97,
    "end": 2062.3,
    "speaker": "老师",
    "text": "x加一千零四十，"
  },
  {
    "start": 2061.97,
    "end": 2062.3,
    "speaker": "老师",
    "text": "它也就是等于一千零四十，"
  },
  {
    "start": 2061.97,
    "end": 2062.3,
    "speaker": "老师",
    "text": "减去六十x好，"
  },
  {
    "start": 2061.97,
    "end": 2062.3,
    "speaker": "老师",
    "text": "我们一个常数要减去一个数，"
  },
  {
    "start": 2061.97,
    "end": 2062.3,
    "speaker": "老师",
    "text": "使得y的值最小的话，"
  },
  {
    "start": 2061.97,
    "end": 2062.3,
    "speaker": "老师",
    "text": "那么减的这个数就要怎么样？"
  },
  {
    "start": 2061.97,
    "end": 2062.3,
    "speaker": "老师",
    "text": "最大很好啊，"
  },
  {
    "start": 2061.97,
    "end": 2062.3,
    "speaker": "老师",
    "text": "反应斯取何值时，"
  },
  {
    "start": 2061.97,
    "end": 2062.3,
    "speaker": "老师",
    "text": "六是x最大呢哎x等于六的时候。"
  },
  {
    "start": 2061.97,
    "end": 2062.3,
    "speaker": "老师",
    "text": "所以由此我们就得到，"
  },
  {
    "start": 2061.97,
    "end": 2062.3,
    "speaker": "老师",
    "text": "当x等于六的时候，"
  },
  {
    "start": 2061.97,
    "end": 2062.3,
    "speaker": "老师",
    "text": "费用最低。"
  },
  {
    "start": 2061.97,
    "end": 2062.3,
    "speaker": "老师",
    "text": "那么x等于六的时候是什么意思呢？"
  },
  {
    "start": 2061.97,
    "end": 2062.3,
    "speaker": "老师",
    "text": "对了，"
  },
  {
    "start": 2061.97,
    "end": 2062.3,
    "speaker": "老师",
    "text": "也就是说，"
  },
  {
    "start": 2061.97,
    "end": 2062.3,
    "speaker": "老师",
    "text": "从杭州运六台电脑到泰顺，"
  },
  {
    "start": 2061.97,
    "end": 2062.3,
    "speaker": "老师",
    "text": "从市教委运四台电脑到泰顺，"
  },
  {
    "start": 2061.97,
    "end": 2062.3,
    "speaker": "老师",
    "text": "从市教委运八台电脑到文成，"
  },
  {
    "start": 2061.97,
    "end": 2062.3,
    "speaker": "老师",
    "text": "这个总费用最低。"
  },
  {
    "start": 2061.97,
    "end": 2062.3,
    "speaker": "老师",
    "text": "好了，"
  },
  {
    "start": 2061.97,
    "end": 2062.3,
    "speaker": "老师",
    "text": "现在我们可以看得到，"
  },
  {
    "start": 2061.97,
    "end": 2062.3,
    "speaker": "老师",
    "text": "我们利用函数和一元一次不等式之间的这个联系，"
  },
  {
    "start": 2061.97,
    "end": 2062.3,
    "speaker": "老师",
    "text": "也解决了这一种方案分配最优的问题。"
  },
  {
    "start": 2061.97,
    "end": 2062.3,
    "speaker": "老师",
    "text": "下面我们一起来看一看我们今天这一节课的主要内容。"
  },
  {
    "start": 2061.97,
    "end": 2062.3,
    "speaker": "老师",
    "text": "这一节课我们主要学习了一元一次不等式与一次函数在决策型应用题中的运用。"
  },
  {
    "start": 2061.97,
    "end": 2062.3,
    "speaker": "老师",
    "text": "首先，"
  },
  {
    "start": 2061.97,
    "end": 2062.3,
    "speaker": "老师",
    "text": "我们要省清题意，"
  },
  {
    "start": 2061.97,
    "end": 2062.3,
    "speaker": "老师",
    "text": "把实际问题抽象成我们的数学问题。"
  },
  {
    "start": 2061.97,
    "end": 2062.3,
    "speaker": "老师",
    "text": "根据题意选出两个函数表达式，"
  },
  {
    "start": 2061.97,
    "end": 2062.3,
    "speaker": "老师",
    "text": "两个函数表达式学好了以后，"
  },
  {
    "start": 2061.97,
    "end": 2062.3,
    "speaker": "老师",
    "text": "我们可以从形的角度来进行解决，"
  },
  {
    "start": 2061.97,
    "end": 2062.3,
    "speaker": "老师",
    "text": "可以画出函数图像，"
  },
  {
    "start": 2061.97,
    "end": 2062.3,
    "speaker": "老师",
    "text": "然后分析这个图像得到最终的答案。"
  },
  {
    "start": 2061.97,
    "end": 2062.3,
    "speaker": "老师",
    "text": "我们也可以把这两个函数表达式转化成我们不等式的问题来进行解决。"
  },
  {
    "start": 2061.97,
    "end": 2062.3,
    "speaker": "老师",
    "text": "然后解不等式得到最终的答案。"
  },
  {
    "start": 2061.97,
    "end": 2062.3,
    "speaker": "老师",
    "text": "好了，"
  },
  {
    "start": 2061.97,
    "end": 2062.3,
    "speaker": "老师",
    "text": "同学们都学会了吗？"
  },
  {
    "start": 2061.97,
    "end": 2062.3,
    "speaker": "老师",
    "text": "很好，"
  },
  {
    "start": 2061.97,
    "end": 2062.3,
    "speaker": "老师",
    "text": "这是今天的作业，"
  },
  {
    "start": 2061.97,
    "end": 2062.3,
    "speaker": "老师",
    "text": "同样呢一定要认真完成哦。"
  },
  {
    "start": 2061.97,
    "end": 2062.3,
    "speaker": "老师",
    "text": "好，"
  },
  {
    "start": 2061.97,
    "end": 2062.3,
    "speaker": "老师",
    "text": "同学们再见。"
  }
]