[
  {
    "start": 4.04,
    "end": 10.37,
    "speaker": "老师",
    "text": "嗯，"
  },
  {
    "start": 10.37,
    "end": 11.29,
    "speaker": "老师",
    "text": "同学们好，"
  },
  {
    "start": 11.29,
    "end": 13.72,
    "speaker": "老师",
    "text": "我们又见面了。"
  },
  {
    "start": 13.72,
    "end": 14.36,
    "speaker": "老师",
    "text": "今天，"
  },
  {
    "start": 14.38,
    "end": 20.34,
    "speaker": "老师",
    "text": "我们将继续对书本上习题十九点二的内容进行学习。"
  },
  {
    "start": 20.46,
    "end": 26.76,
    "speaker": "老师",
    "text": "我们首先来回顾一下上节课的最后一道题目。"
  },
  {
    "start": 26.76,
    "end": 28.44,
    "speaker": "老师",
    "text": "图中的折线表示，"
  },
  {
    "start": 28.44,
    "end": 31.21,
    "speaker": "老师",
    "text": "一骑车人离家的距离，"
  },
  {
    "start": 32.01,
    "end": 34.51,
    "speaker": "老师",
    "text": "y与时加x的关系。"
  },
  {
    "start": 34.51,
    "end": 37.24,
    "speaker": "老师",
    "text": "骑车人九点离开家，"
  },
  {
    "start": 37.24,
    "end": 38.76,
    "speaker": "老师",
    "text": "十五点回到家，"
  },
  {
    "start": 38.8,
    "end": 43.02,
    "speaker": "老师",
    "text": "请你根据这个折线图回答下列问题。"
  },
  {
    "start": 43.04,
    "end": 48.01,
    "speaker": "老师",
    "text": "因为这个题上节课我们已经讲解，"
  },
  {
    "start": 48.01,
    "end": 49.93,
    "speaker": "老师",
    "text": "这节课就不再重复。"
  },
  {
    "start": 49.95,
    "end": 56.27,
    "speaker": "老师",
    "text": "请同学们再次来观看一下这个函数的图像，"
  },
  {
    "start": 56.27,
    "end": 63.59,
    "speaker": "老师",
    "text": "并思考这个图像该如何用函数解析式儿来表示呢？"
  },
  {
    "start": 63.81,
    "end": 66.27,
    "speaker": "老师",
    "text": "有同学提到，"
  },
  {
    "start": 66.27,
    "end": 69.53,
    "speaker": "老师",
    "text": "这个函数的图像是一条折线，"
  },
  {
    "start": 69.53,
    "end": 73.8,
    "speaker": "老师",
    "text": "对于自变量的不同取值范围，"
  },
  {
    "start": 73.8,
    "end": 79.17,
    "speaker": "老师",
    "text": "我们的函数表达式儿也不相同，"
  },
  {
    "start": 79.21,
    "end": 83.77,
    "speaker": "老师",
    "text": "将具有这种特征的函数称为分段函数。"
  },
  {
    "start": 83.79,
    "end": 92.04,
    "speaker": "老师",
    "text": "比如说书本上九十五页的这个函数也是一个分段函数。"
  },
  {
    "start": 92.04,
    "end": 95.6,
    "speaker": "老师",
    "text": "关于分段函数呢要注意以下几点。"
  },
  {
    "start": 95.96,
    "end": 97.2,
    "speaker": "老师",
    "text": "第一点，"
  },
  {
    "start": 97.2,
    "end": 107.83,
    "speaker": "老师",
    "text": "写分段函数的关系式是应在每个关系式的后面注明自变量的取值范围。"
  },
  {
    "start": 108.13,
    "end": 116.37,
    "speaker": "老师",
    "text": "比如说说明当零小于等于x小于等于二时，"
  },
  {
    "start": 116.59,
    "end": 121.11,
    "speaker": "老师",
    "text": "我y是等于五x的当x大于二时，"
  },
  {
    "start": 122.11,
    "end": 133.02,
    "speaker": "老师",
    "text": "y是等于四x加二的这两段函数合在一起组成了一个分段函数。"
  },
  {
    "start": 133.78,
    "end": 135.34,
    "speaker": "老师",
    "text": "第二点，"
  },
  {
    "start": 135.48,
    "end": 139.32,
    "speaker": "老师",
    "text": "求分段函数的函数值时，"
  },
  {
    "start": 139.32,
    "end": 143.42,
    "speaker": "老师",
    "text": "应先确定自变量的值在哪个范围内，"
  },
  {
    "start": 143.42,
    "end": 146.9,
    "speaker": "老师",
    "text": "然后代入相应的关系式。"
  },
  {
    "start": 146.94,
    "end": 149.48,
    "speaker": "老师",
    "text": "求值再一次以这个为例，"
  },
  {
    "start": 149.74,
    "end": 152.67,
    "speaker": "老师",
    "text": "假设我x等于一的话，"
  },
  {
    "start": 153.05,
    "end": 158.27,
    "speaker": "老师",
    "text": "应该代入很好代入上面的这个函数关系式。"
  },
  {
    "start": 158.27,
    "end": 160.32,
    "speaker": "老师",
    "text": "那么假设我x是十呢，"
  },
  {
    "start": 162.68,
    "end": 167.34,
    "speaker": "老师",
    "text": "我们又应该代入第二个函数关系式了。"
  },
  {
    "start": 168.0,
    "end": 168.68,
    "speaker": "老师",
    "text": "好，"
  },
  {
    "start": 168.72,
    "end": 175.97,
    "speaker": "老师",
    "text": "我们一起来看一个有关于分段函数的问题吧。"
  },
  {
    "start": 176.21,
    "end": 180.33,
    "speaker": "老师",
    "text": "若函数x大于等于零时，"
  },
  {
    "start": 180.47,
    "end": 184.11,
    "speaker": "老师",
    "text": "y等于二x加一x小于零时，"
  },
  {
    "start": 184.11,
    "end": 188.18,
    "speaker": "老师",
    "text": "y等于四x则当x等于二时。"
  },
  {
    "start": 188.18,
    "end": 191.64,
    "speaker": "老师",
    "text": "函数y的值是多少呢？"
  },
  {
    "start": 192.36,
    "end": 193.0,
    "speaker": "老师",
    "text": "显然，"
  },
  {
    "start": 193.0,
    "end": 198.99,
    "speaker": "老师",
    "text": "这是一个已知自变量求函数值的问题，"
  },
  {
    "start": 198.99,
    "end": 202.79,
    "speaker": "老师",
    "text": "我们需要用到代入的思想。"
  },
  {
    "start": 202.83,
    "end": 204.65,
    "speaker": "老师",
    "text": "可问题来了，"
  },
  {
    "start": 204.65,
    "end": 208.11,
    "speaker": "老师",
    "text": "这有两个函数关系式，"
  },
  {
    "start": 208.11,
    "end": 213.01,
    "speaker": "老师",
    "text": "我应该将自变量的值带入哪一个进行求解呢？"
  },
  {
    "start": 213.01,
    "end": 214.69,
    "speaker": "老师",
    "text": "有同学说的，"
  },
  {
    "start": 214.69,
    "end": 221.45,
    "speaker": "老师",
    "text": "因为x等于二是在x大于等于零的范围内，"
  },
  {
    "start": 221.81,
    "end": 229.17,
    "speaker": "老师",
    "text": "所以我应该代入第一个函数关系式啊，"
  },
  {
    "start": 229.59,
    "end": 232.66,
    "speaker": "老师",
    "text": "很好。"
  },
  {
    "start": 233.22,
    "end": 237.3,
    "speaker": "老师",
    "text": "那么我们一起来代一代吧。"
  },
  {
    "start": 237.38,
    "end": 240.32,
    "speaker": "老师",
    "text": "X等于二的时候，"
  },
  {
    "start": 240.48,
    "end": 246.76,
    "speaker": "老师",
    "text": "y是等于二乘二加一算出来的值是五。"
  },
  {
    "start": 246.78,
    "end": 254.96,
    "speaker": "老师",
    "text": "由此我们知道了当x等于二时y的值是五好。"
  },
  {
    "start": 254.96,
    "end": 262.62,
    "speaker": "老师",
    "text": "我们解决了已知自变量求函数值的问题。"
  },
  {
    "start": 262.68,
    "end": 264.7,
    "speaker": "老师",
    "text": "那么反过来，"
  },
  {
    "start": 265.34,
    "end": 283.37,
    "speaker": "老师",
    "text": "已知函数值求自变量的问题，"
  },
  {
    "start": 283.53,
    "end": 286.09,
    "speaker": "老师",
    "text": "你又能解决吗？"
  },
  {
    "start": 286.21,
    "end": 288.65,
    "speaker": "老师",
    "text": "一起来试一试吧。"
  },
  {
    "start": 288.65,
    "end": 294.64,
    "speaker": "老师",
    "text": "若x大于等于二十y等于三，"
  },
  {
    "start": 294.64,
    "end": 295.36,
    "speaker": "老师",
    "text": "x加一，"
  },
  {
    "start": 295.36,
    "end": 296.98,
    "speaker": "老师",
    "text": "x小于二十y等于三，"
  },
  {
    "start": 296.98,
    "end": 301.59,
    "speaker": "老师",
    "text": "x减一则当y等于八时，"
  },
  {
    "start": 301.59,
    "end": 305.63,
    "speaker": "老师",
    "text": "自变量x的值是现在已知函数值，"
  },
  {
    "start": 305.91,
    "end": 311.83,
    "speaker": "老师",
    "text": "能帮助我们确定代入哪个函数关系式吗？"
  },
  {
    "start": 311.83,
    "end": 313.31,
    "speaker": "老师",
    "text": "不能的话，"
  },
  {
    "start": 313.31,
    "end": 314.21,
    "speaker": "老师",
    "text": "又该如何呀？"
  },
  {
    "start": 314.21,
    "end": 314.59,
    "speaker": "老师",
    "text": "很好，"
  },
  {
    "start": 314.59,
    "end": 316.59,
    "speaker": "老师",
    "text": "有同学提到了，"
  },
  {
    "start": 316.59,
    "end": 320.65,
    "speaker": "老师",
    "text": "我们可以对它进行分类讨论。"
  },
  {
    "start": 321.01,
    "end": 326.33,
    "speaker": "老师",
    "text": "假设属于第一段函数关系式啊，"
  },
  {
    "start": 326.33,
    "end": 329.35,
    "speaker": "老师",
    "text": "当x大于等于二时，"
  },
  {
    "start": 329.69,
    "end": 333.27,
    "speaker": "老师",
    "text": "我的y值是八代入进去，"
  },
  {
    "start": 333.45,
    "end": 339.66,
    "speaker": "老师",
    "text": "算出x的值是三分之七。"
  },
  {
    "start": 339.66,
    "end": 341.86,
    "speaker": "老师",
    "text": "到了这里的时候啊，"
  },
  {
    "start": 342.46,
    "end": 346.55,
    "speaker": "老师",
    "text": "同学们要注意一下，"
  },
  {
    "start": 346.67,
    "end": 352.23,
    "speaker": "老师",
    "text": "三分之七在x大于等于二的范围内吧。"
  },
  {
    "start": 352.23,
    "end": 354.45,
    "speaker": "老师",
    "text": "在所以符合条件，"
  },
  {
    "start": 354.59,
    "end": 360.58,
    "speaker": "老师",
    "text": "那么我们再继续分类x小于二的时候，"
  },
  {
    "start": 360.58,
    "end": 362.72,
    "speaker": "老师",
    "text": "再次令y的值为八，"
  },
  {
    "start": 362.72,
    "end": 364.54,
    "speaker": "老师",
    "text": "算出来x是三，"
  },
  {
    "start": 364.54,
    "end": 366.62,
    "speaker": "老师",
    "text": "那x等于三，"
  },
  {
    "start": 366.64,
    "end": 370.82,
    "speaker": "老师",
    "text": "在x小于二的范围内吗？"
  },
  {
    "start": 370.82,
    "end": 371.9,
    "speaker": "老师",
    "text": "不在，"
  },
  {
    "start": 372.12,
    "end": 377.19,
    "speaker": "老师",
    "text": "所以应该将它舍去。"
  },
  {
    "start": 377.19,
    "end": 383.62,
    "speaker": "老师",
    "text": "所以就知道了当y的值等于八的时候，"
  },
  {
    "start": 384.57,
    "end": 388.55,
    "speaker": "老师",
    "text": "我的自变量x的值是三分之七。"
  },
  {
    "start": 388.71,
    "end": 400.39,
    "speaker": "老师",
    "text": "其实啊分段函数是我数学这个大家庭当中必不可少的成员，"
  },
  {
    "start": 400.43,
    "end": 448.47,
    "speaker": "老师",
    "text": "他在生活当中也是随处可见的。"
  },
  {
    "start": 448.49,
    "end": 449.15,
    "speaker": "老师",
    "text": "那么，"
  },
  {
    "start": 449.77,
    "end": 455.48,
    "speaker": "老师",
    "text": "你能列举出生活中分段函数的实例吗？"
  },
  {
    "start": 455.58,
    "end": 460.35,
    "speaker": "老师",
    "text": "有同学已经想到了很好，"
  },
  {
    "start": 461.12,
    "end": 463.8,
    "speaker": "老师",
    "text": "比如说出租车计费问题，"
  },
  {
    "start": 463.9,
    "end": 470.68,
    "speaker": "老师",
    "text": "阶梯水费、电费缴纳个人所得税等等。"
  },
  {
    "start": 470.68,
    "end": 477.58,
    "speaker": "老师",
    "text": "那么一起来看一个生活中分段函数的实例吧。"
  },
  {
    "start": 478.32,
    "end": 481.82,
    "speaker": "老师",
    "text": "课本九十九页的第一十一题，"
  },
  {
    "start": 481.88,
    "end": 486.55,
    "speaker": "老师",
    "text": "从a地向b地打长途电话，"
  },
  {
    "start": 486.55,
    "end": 490.68,
    "speaker": "老师",
    "text": "通话时间不超过三分钟，"
  },
  {
    "start": 491.74,
    "end": 494.6,
    "speaker": "老师",
    "text": "收费二点四元，"
  },
  {
    "start": 494.82,
    "end": 499.95,
    "speaker": "老师",
    "text": "超过三分钟后每分加收一元。"
  },
  {
    "start": 499.95,
    "end": 502.01,
    "speaker": "老师",
    "text": "写出通话费。"
  },
  {
    "start": 502.01,
    "end": 507.91,
    "speaker": "老师",
    "text": "用y关于通话时间x的函数解析式有十元钱时，"
  },
  {
    "start": 508.11,
    "end": 510.23,
    "speaker": "老师",
    "text": "打一次电话，"
  },
  {
    "start": 510.23,
    "end": 515.14,
    "speaker": "老师",
    "text": "最多可以通话多长时间？"
  },
  {
    "start": 515.5,
    "end": 522.25,
    "speaker": "老师",
    "text": "本题中的x取整数不足一分钟的通话时间，"
  },
  {
    "start": 522.35,
    "end": 524.81,
    "speaker": "老师",
    "text": "按一分钟计费，"
  },
  {
    "start": 524.85,
    "end": 531.47,
    "speaker": "老师",
    "text": "显然这是一个分段函数问题，"
  },
  {
    "start": 531.51,
    "end": 537.49,
    "speaker": "老师",
    "text": "它分类的标准就是通话时间是否超过三分钟，"
  },
  {
    "start": 537.81,
    "end": 540.23,
    "speaker": "老师",
    "text": "不超过三分钟，"
  },
  {
    "start": 540.23,
    "end": 543.29,
    "speaker": "老师",
    "text": "收费二点四元。"
  },
  {
    "start": 543.35,
    "end": 545.07,
    "speaker": "老师",
    "text": "也就是说，"
  },
  {
    "start": 545.31,
    "end": 551.26,
    "speaker": "老师",
    "text": "我通话时间是一分钟收费二点四元，"
  },
  {
    "start": 551.58,
    "end": 556.88,
    "speaker": "老师",
    "text": "通话时间是两分钟，"
  },
  {
    "start": 556.98,
    "end": 561.3,
    "speaker": "老师",
    "text": "收费二点四元。"
  },
  {
    "start": 561.82,
    "end": 566.02,
    "speaker": "老师",
    "text": "只要我的x大于零小于等于三，"
  },
  {
    "start": 566.08,
    "end": 569.24,
    "speaker": "老师",
    "text": "我所缴纳的费用都是二点四元。"
  },
  {
    "start": 569.4,
    "end": 570.12,
    "speaker": "老师",
    "text": "好，"
  },
  {
    "start": 570.18,
    "end": 576.51,
    "speaker": "老师",
    "text": "接下来超过三分钟后每分加收一元。"
  },
  {
    "start": 576.97,
    "end": 586.61,
    "speaker": "老师",
    "text": "也就是说超过三分钟后前面的三分钟还是按二点四元收费。"
  },
  {
    "start": 586.61,
    "end": 590.89,
    "speaker": "老师",
    "text": "后面呢超过一分钟加收一元，"
  },
  {
    "start": 590.89,
    "end": 594.03,
    "speaker": "老师",
    "text": "超过两分钟加收两元，"
  },
  {
    "start": 594.15,
    "end": 598.94,
    "speaker": "老师",
    "text": "超过三分钟加收三元。"
  },
  {
    "start": 598.98,
    "end": 605.8,
    "speaker": "老师",
    "text": "那么我现在通话的时间是x超过了对x减三分钟。"
  },
  {
    "start": 605.8,
    "end": 610.66,
    "speaker": "老师",
    "text": "因此呢x大于三的时候呢，"
  },
  {
    "start": 610.66,
    "end": 613.56,
    "speaker": "老师",
    "text": "我分为两段收费，"
  },
  {
    "start": 613.56,
    "end": 617.52,
    "speaker": "老师",
    "text": "前面的二点四元，"
  },
  {
    "start": 617.54,
    "end": 623.24,
    "speaker": "老师",
    "text": "后面的超过的时间每分钟加收一元，"
  },
  {
    "start": 623.44,
    "end": 630.14,
    "speaker": "老师",
    "text": "通过化简得到x减零点六。"
  },
  {
    "start": 630.36,
    "end": 636.45,
    "speaker": "老师",
    "text": "接下来我将这两段合起来写，"
  },
  {
    "start": 636.87,
    "end": 643.52,
    "speaker": "老师",
    "text": "就得到了这样子的一个形式。"
  },
  {
    "start": 643.52,
    "end": 647.62,
    "speaker": "老师",
    "text": "请同学们注意了，"
  },
  {
    "start": 647.62,
    "end": 656.64,
    "speaker": "老师",
    "text": "自变量的取值范围要跟着相应的函数关系式的后面好，"
  },
  {
    "start": 656.88,
    "end": 660.04,
    "speaker": "老师",
    "text": "题目中还有问题，"
  },
  {
    "start": 660.04,
    "end": 664.45,
    "speaker": "老师",
    "text": "他说有十元钱时，"
  },
  {
    "start": 664.51,
    "end": 666.49,
    "speaker": "老师",
    "text": "打一次电话，"
  },
  {
    "start": 666.49,
    "end": 669.39,
    "speaker": "老师",
    "text": "最多可以通话，"
  },
  {
    "start": 669.79,
    "end": 673.23,
    "speaker": "老师",
    "text": "多长时间有十元钱，"
  },
  {
    "start": 673.57,
    "end": 681.01,
    "speaker": "老师",
    "text": "也就是说我的y是等于十的。"
  },
  {
    "start": 681.01,
    "end": 681.53,
    "speaker": "老师",
    "text": "显然，"
  },
  {
    "start": 681.53,
    "end": 685.13,
    "speaker": "老师",
    "text": "我们要利用第二个函数关系式，"
  },
  {
    "start": 685.13,
    "end": 692.77,
    "speaker": "老师",
    "text": "令它的y等于十可以解出x是等于十点六的。"
  },
  {
    "start": 692.77,
    "end": 694.99,
    "speaker": "老师",
    "text": "问题来了，"
  },
  {
    "start": 694.99,
    "end": 698.59,
    "speaker": "老师",
    "text": "题目要求本题中x取整数，"
  },
  {
    "start": 698.59,
    "end": 702.77,
    "speaker": "老师",
    "text": "那么x究竟是取十还是取十一呢？"
  },
  {
    "start": 702.97,
    "end": 703.55,
    "speaker": "老师",
    "text": "对，"
  },
  {
    "start": 703.97,
    "end": 712.83,
    "speaker": "老师",
    "text": "题目中又说了不足一分钟的通话时间，"
  },
  {
    "start": 712.83,
    "end": 715.79,
    "speaker": "老师",
    "text": "按一分钟计费，"
  },
  {
    "start": 716.07,
    "end": 723.59,
    "speaker": "老师",
    "text": "因此我的十点六分钟其实相当于十一分钟。"
  },
  {
    "start": 723.83,
    "end": 732.01,
    "speaker": "老师",
    "text": "那么我十元钱够打十一分钟吗？"
  },
  {
    "start": 732.15,
    "end": 733.97,
    "speaker": "老师",
    "text": "不够的，"
  },
  {
    "start": 733.97,
    "end": 739.54,
    "speaker": "老师",
    "text": "所以我的x必须要取十十元钱，"
  },
  {
    "start": 739.54,
    "end": 742.0,
    "speaker": "老师",
    "text": "只能够通话十分钟。"
  },
  {
    "start": 742.28,
    "end": 746.24,
    "speaker": "老师",
    "text": "如果同学们还不是很放心的话，"
  },
  {
    "start": 746.24,
    "end": 754.54,
    "speaker": "老师",
    "text": "我们可以分别令x等于十x等于十一来算一下。"
  },
  {
    "start": 754.68,
    "end": 765.31,
    "speaker": "老师",
    "text": "假设我x等于十代的通话费用y应该是等于将x等于十代入。"
  },
  {
    "start": 765.41,
    "end": 854.16,
    "speaker": "老师",
    "text": "这个关系式当中算出来是等于九点四远，"
  },
  {
    "start": 854.16,
    "end": 856.06,
    "speaker": "老师",
    "text": "我十元钱够的，"
  },
  {
    "start": 856.06,
    "end": 861.83,
    "speaker": "老师",
    "text": "实际上我还有一点点的结余。"
  },
  {
    "start": 861.99,
    "end": 871.35,
    "speaker": "老师",
    "text": "假设x等于十一呢算出来y就等于十一减零点六，"
  },
  {
    "start": 871.35,
    "end": 873.63,
    "speaker": "老师",
    "text": "也就是十点四元。"
  },
  {
    "start": 874.01,
    "end": 878.11,
    "speaker": "老师",
    "text": "显然我的钱是不够用的，"
  },
  {
    "start": 878.43,
    "end": 883.66,
    "speaker": "老师",
    "text": "再次说明了我们的x应当取十。"
  },
  {
    "start": 883.8,
    "end": 890.48,
    "speaker": "老师",
    "text": "所以说呀面对小数的时候，"
  },
  {
    "start": 890.48,
    "end": 895.39,
    "speaker": "老师",
    "text": "四舍五入并不是通用的方法，"
  },
  {
    "start": 895.43,
    "end": 902.11,
    "speaker": "老师",
    "text": "而是应该根据具体情境具体进行分析。"
  },
  {
    "start": 902.11,
    "end": 908.5,
    "speaker": "老师",
    "text": "那么我们讲完了手机通话收费的问题，"
  },
  {
    "start": 908.5,
    "end": 914.9,
    "speaker": "老师",
    "text": "紧接着一起来看一个商场促销的问题吧。"
  },
  {
    "start": 914.9,
    "end": 919.56,
    "speaker": "老师",
    "text": "请同学们认真读题并思考。"
  },
  {
    "start": 919.6,
    "end": 921.06,
    "speaker": "老师",
    "text": "这里有两家商场，"
  },
  {
    "start": 921.06,
    "end": 924.94,
    "speaker": "老师",
    "text": "我们就一家一家来看吧。"
  },
  {
    "start": 925.3,
    "end": 927.88,
    "speaker": "老师",
    "text": "首先是假商场，"
  },
  {
    "start": 928.06,
    "end": 936.46,
    "speaker": "老师",
    "text": "商场中所有商品都按八折出售。"
  },
  {
    "start": 937.22,
    "end": 938.8,
    "speaker": "老师",
    "text": "也就是说，"
  },
  {
    "start": 938.84,
    "end": 941.96,
    "speaker": "老师",
    "text": "无论商品原价是多少，"
  },
  {
    "start": 942.52,
    "end": 947.7,
    "speaker": "老师",
    "text": "我实际收费都是在原价，"
  },
  {
    "start": 948.85,
    "end": 960.85,
    "speaker": "老师",
    "text": "也就是x的基础上乘以百分之八十实际上就是百分之八十。"
  },
  {
    "start": 960.85,
    "end": 972.88,
    "speaker": "老师",
    "text": "X计算可得呢零点八x接着乙商场我们就要考虑它的商品原价是否超过两百元呢？"
  },
  {
    "start": 972.9,
    "end": 977.34,
    "speaker": "老师",
    "text": "如果没有超过两百元的话，"
  },
  {
    "start": 977.34,
    "end": 984.75,
    "speaker": "老师",
    "text": "他就正常收费商品原价是多少就收多少。"
  },
  {
    "start": 985.01,
    "end": 989.3,
    "speaker": "老师",
    "text": "如果超过了两百元呢，"
  },
  {
    "start": 989.46,
    "end": 995.0,
    "speaker": "老师",
    "text": "超过两百元后的价格部分打七折，"
  },
  {
    "start": 995.44,
    "end": 999.92,
    "speaker": "老师",
    "text": "说明前面的两百元是正常收费的，"
  },
  {
    "start": 999.96,
    "end": 1003.42,
    "speaker": "老师",
    "text": "超过部分才打七折。"
  },
  {
    "start": 1003.42,
    "end": 1010.66,
    "speaker": "老师",
    "text": "那么我的商品原价是x超过部分就是x减两百。"
  },
  {
    "start": 1010.7,
    "end": 1017.39,
    "speaker": "老师",
    "text": "因此要对这一部分超过部分的价格打七折，"
  },
  {
    "start": 1017.39,
    "end": 1019.47,
    "speaker": "老师",
    "text": "也就是乘以零点七，"
  },
  {
    "start": 1019.73,
    "end": 1022.33,
    "speaker": "老师",
    "text": "最终化简得到零点七，"
  },
  {
    "start": 1022.39,
    "end": 1024.51,
    "speaker": "老师",
    "text": "x加六十。"
  },
  {
    "start": 1024.63,
    "end": 1028.03,
    "speaker": "老师",
    "text": "我们依旧将这两段函数合起来写，"
  },
  {
    "start": 1028.03,
    "end": 1031.27,
    "speaker": "老师",
    "text": "就得到这样的一个形式，"
  },
  {
    "start": 1031.45,
    "end": 1038.37,
    "speaker": "老师",
    "text": "再次提型自变量应跟着相应的函数关系式的后面，"
  },
  {
    "start": 1038.37,
    "end": 1040.71,
    "speaker": "老师",
    "text": "这就是第一问了。"
  },
  {
    "start": 1040.95,
    "end": 1042.06,
    "speaker": "老师",
    "text": "第二问，"
  },
  {
    "start": 1042.81,
    "end": 1050.42,
    "speaker": "老师",
    "text": "在同一直角坐标系中画出一种函数的图像，"
  },
  {
    "start": 1050.46,
    "end": 1058.58,
    "speaker": "老师",
    "text": "首先我们要画直角坐标系标出x轴y轴坐标原点单位长度。"
  },
  {
    "start": 1058.58,
    "end": 1065.43,
    "speaker": "老师",
    "text": "因为此题中啊涉及到的金额呢比较大，"
  },
  {
    "start": 1065.43,
    "end": 1070.37,
    "speaker": "老师",
    "text": "老师横纵坐标都以一百为单位长度。"
  },
  {
    "start": 1070.61,
    "end": 1077.77,
    "speaker": "老师",
    "text": "当然你也可以选择其他的恰当的数值作为单位长度，"
  },
  {
    "start": 1077.77,
    "end": 1082.06,
    "speaker": "老师",
    "text": "接着画出一中的函数图像。"
  },
  {
    "start": 1082.06,
    "end": 1086.8,
    "speaker": "老师",
    "text": "看一下一中涉及哪些函数关系式啊。"
  },
  {
    "start": 1087.2,
    "end": 1099.07,
    "speaker": "老师",
    "text": "第一个是y等于零点八x第二个呢零小于等于x小于等于两百时，"
  },
  {
    "start": 1099.21,
    "end": 1102.97,
    "speaker": "老师",
    "text": "y等于x第三个x大于两百时，"
  },
  {
    "start": 1103.17,
    "end": 1106.53,
    "speaker": "老师",
    "text": "y等于零点七x加六十。"
  },
  {
    "start": 1106.53,
    "end": 1113.43,
    "speaker": "老师",
    "text": "实际上是涉及了三个函数关系式，"
  },
  {
    "start": 1113.43,
    "end": 1115.47,
    "speaker": "老师",
    "text": "我们一一将它画出来吧。"
  },
  {
    "start": 1115.71,
    "end": 1126.28,
    "speaker": "老师",
    "text": "首先第一个y等于零点八x它是经过原点零到零的那我们再取一个点就可以了。"
  },
  {
    "start": 1126.28,
    "end": 1134.09,
    "speaker": "老师",
    "text": "我可以让x等于两百算出y的值就是一百六。"
  },
  {
    "start": 1134.09,
    "end": 1140.49,
    "speaker": "老师",
    "text": "那么由原点和我们的两百一百六就得到了y等于零点八x的图像。"
  },
  {
    "start": 1140.49,
    "end": 1140.83,
    "speaker": "老师",
    "text": "好，"
  },
  {
    "start": 1141.13,
    "end": 1149.96,
    "speaker": "老师",
    "text": "第二个零小于等于x小于等于两百时，"
  },
  {
    "start": 1149.96,
    "end": 1158.9,
    "speaker": "老师",
    "text": "y等于x同学们在这个自变量的取值范围内选两个点吧，"
  },
  {
    "start": 1158.9,
    "end": 1162.84,
    "speaker": "老师",
    "text": "老师选的一个是零逗零，"
  },
  {
    "start": 1162.88,
    "end": 1166.75,
    "speaker": "老师",
    "text": "一个是两百逗两百，"
  },
  {
    "start": 1166.79,
    "end": 1170.83,
    "speaker": "老师",
    "text": "由此得到了这段的图像。"
  },
  {
    "start": 1170.89,
    "end": 1171.41,
    "speaker": "老师",
    "text": "好，"
  },
  {
    "start": 1171.43,
    "end": 1175.81,
    "speaker": "老师",
    "text": "第三个依旧是选取两个点。"
  },
  {
    "start": 1175.81,
    "end": 1182.35,
    "speaker": "老师",
    "text": "老师选的一个点呢是x等于三百代进去，"
  },
  {
    "start": 1182.35,
    "end": 1185.48,
    "speaker": "老师",
    "text": "y的值就等于二百七，"
  },
  {
    "start": 1185.48,
    "end": 1190.96,
    "speaker": "老师",
    "text": "所以一个是三百二百七。"
  },
  {
    "start": 1191.0,
    "end": 1202.21,
    "speaker": "老师",
    "text": "还有一个呢老师选的是x等于四百代入进行计算的话，"
  },
  {
    "start": 1202.31,
    "end": 1206.53,
    "speaker": "老师",
    "text": "得数相应的函数值是三百四。"
  },
  {
    "start": 1206.63,
    "end": 1214.76,
    "speaker": "老师",
    "text": "由此后面这一段的函数图像也能够得到了。"
  },
  {
    "start": 1214.94,
    "end": 1221.15,
    "speaker": "老师",
    "text": "实际上啊甲商场的函数图像它是一条过原点的射线。"
  },
  {
    "start": 1221.15,
    "end": 1224.59,
    "speaker": "老师",
    "text": "乙商场呢它是个分段函数，"
  },
  {
    "start": 1225.01,
    "end": 1228.71,
    "speaker": "老师",
    "text": "它的图像呢实际上是一条折线。"
  },
  {
    "start": 1228.97,
    "end": 1229.55,
    "speaker": "老师",
    "text": "第三，"
  },
  {
    "start": 1229.55,
    "end": 1229.89,
    "speaker": "老师",
    "text": "问，"
  },
  {
    "start": 1230.35,
    "end": 1239.3,
    "speaker": "老师",
    "text": "春节期间如何选择这两家商场购物更省钱？"
  },
  {
    "start": 1239.32,
    "end": 1244.36,
    "speaker": "老师",
    "text": "那么我们就要看一下这个函数的图像。"
  },
  {
    "start": 1244.48,
    "end": 1248.62,
    "speaker": "老师",
    "text": "当x大于两百的时候，"
  },
  {
    "start": 1248.7,
    "end": 1253.58,
    "speaker": "老师",
    "text": "甲乙商场其实是有一个交点的。"
  },
  {
    "start": 1253.62,
    "end": 1257.34,
    "speaker": "老师",
    "text": "说明针对此时的商品原价，"
  },
  {
    "start": 1257.48,
    "end": 1262.86,
    "speaker": "老师",
    "text": "甲乙商场的收费是相同的，"
  },
  {
    "start": 1263.0,
    "end": 1266.28,
    "speaker": "老师",
    "text": "焦点两侧的情况不同，"
  },
  {
    "start": 1266.28,
    "end": 1275.0,
    "speaker": "老师",
    "text": "那么交点坐标的求取就非常重要。"
  },
  {
    "start": 1275.04,
    "end": 1278.14,
    "speaker": "老师",
    "text": "这个点的坐标该怎么求呢？"
  },
  {
    "start": 1278.14,
    "end": 1280.6,
    "speaker": "老师",
    "text": "这个点就在红色的线上，"
  },
  {
    "start": 1281.08,
    "end": 1285.82,
    "speaker": "老师",
    "text": "又在x大于两百的这部分黄色的线上。"
  },
  {
    "start": 1286.02,
    "end": 1294.33,
    "speaker": "老师",
    "text": "所以我可以将这两部分的函数解析式儿进行联立。"
  },
  {
    "start": 1294.75,
    "end": 1298.17,
    "speaker": "老师",
    "text": "你可以通过代入消元法，"
  },
  {
    "start": 1298.65,
    "end": 1303.85,
    "speaker": "老师",
    "text": "得出x等于六百y等于四百八，"
  },
  {
    "start": 1303.91,
    "end": 1308.95,
    "speaker": "老师",
    "text": "也就是我们这个交点的坐标了。"
  },
  {
    "start": 1309.05,
    "end": 1315.87,
    "speaker": "老师",
    "text": "我们过这个焦点画一条与x轴垂直的线，"
  },
  {
    "start": 1316.01,
    "end": 1325.57,
    "speaker": "老师",
    "text": "我们就会知道这条垂线所对应的自变量的值就是六百。"
  },
  {
    "start": 1325.57,
    "end": 1326.59,
    "speaker": "老师",
    "text": "好，"
  },
  {
    "start": 1326.63,
    "end": 1335.47,
    "speaker": "老师",
    "text": "我们来看这个垂线的左侧任意画一条与x轴垂直的线，"
  },
  {
    "start": 1336.03,
    "end": 1338.23,
    "speaker": "老师",
    "text": "我们一起看一看。"
  },
  {
    "start": 1338.49,
    "end": 1343.1,
    "speaker": "老师",
    "text": "当自变量相同的时候，"
  },
  {
    "start": 1343.1,
    "end": 1358.76,
    "speaker": "老师",
    "text": "黄色线上的点对应的函数值更大红色线上的点呢对应的函数值更小。"
  },
  {
    "start": 1358.76,
    "end": 1360.6,
    "speaker": "老师",
    "text": "其实在这个区域内，"
  },
  {
    "start": 1360.6,
    "end": 1364.04,
    "speaker": "老师",
    "text": "对于相同的自变量的话，"
  },
  {
    "start": 1364.04,
    "end": 1370.62,
    "speaker": "老师",
    "text": "红色的线在黄色线的下方，"
  },
  {
    "start": 1370.74,
    "end": 1377.74,
    "speaker": "老师",
    "text": "也就是说去假商场购物更省钱。"
  },
  {
    "start": 1377.9,
    "end": 1378.26,
    "speaker": "老师",
    "text": "好，"
  },
  {
    "start": 1378.26,
    "end": 1384.36,
    "speaker": "老师",
    "text": "紧接着我们要看它自变量的取值范围。"
  },
  {
    "start": 1384.86,
    "end": 1387.78,
    "speaker": "老师",
    "text": "这个区域呢是在x等于零，"
  },
  {
    "start": 1387.78,
    "end": 1393.14,
    "speaker": "老师",
    "text": "也就是y轴的更侧x等于六百的左侧。"
  },
  {
    "start": 1393.2,
    "end": 1396.92,
    "speaker": "老师",
    "text": "所以我自变量的取值范围是零，"
  },
  {
    "start": 1396.92,
    "end": 1400.76,
    "speaker": "老师",
    "text": "小于等于x小于六百时，"
  },
  {
    "start": 1400.76,
    "end": 1404.22,
    "speaker": "老师",
    "text": "甲商场更省钱。"
  },
  {
    "start": 1404.4,
    "end": 1408.55,
    "speaker": "老师",
    "text": "假设x正好是六百的话，"
  },
  {
    "start": 1408.55,
    "end": 1412.25,
    "speaker": "老师",
    "text": "那么甲乙商场对了，"
  },
  {
    "start": 1412.25,
    "end": 1418.1,
    "speaker": "老师",
    "text": "实际上花费是一样多的。"
  },
  {
    "start": 1418.48,
    "end": 1542.3,
    "speaker": "老师",
    "text": "紧接着看这个垂线的右侧再次画一条与x轴垂直的线，"
  },
  {
    "start": 1542.52,
    "end": 1546.18,
    "speaker": "老师",
    "text": "我们这个线是任意画的。"
  },
  {
    "start": 1546.2,
    "end": 1547.62,
    "speaker": "老师",
    "text": "你看一看，"
  },
  {
    "start": 1547.66,
    "end": 1551.02,
    "speaker": "老师",
    "text": "对于相同的自变量来说的话，"
  },
  {
    "start": 1551.26,
    "end": 1556.0,
    "speaker": "老师",
    "text": "红色线上的点函数值是更大的。"
  },
  {
    "start": 1556.1,
    "end": 1559.28,
    "speaker": "老师",
    "text": "黄色线上点函数值更小，"
  },
  {
    "start": 1559.56,
    "end": 1565.94,
    "speaker": "老师",
    "text": "也就是在这个区域内自变量相同时，"
  },
  {
    "start": 1565.98,
    "end": 1574.77,
    "speaker": "老师",
    "text": "黄色的线在红色线的下方去以商场购物更省钱。"
  },
  {
    "start": 1574.91,
    "end": 1575.61,
    "speaker": "老师",
    "text": "好，"
  },
  {
    "start": 1575.63,
    "end": 1579.72,
    "speaker": "老师",
    "text": "又来看自变量的取值范围了。"
  },
  {
    "start": 1579.72,
    "end": 1584.24,
    "speaker": "老师",
    "text": "这个区域全部是在x等于六百的右侧，"
  },
  {
    "start": 1584.24,
    "end": 1587.94,
    "speaker": "老师",
    "text": "所以x大于六百的时候，"
  },
  {
    "start": 1588.0,
    "end": 1590.5,
    "speaker": "老师",
    "text": "乙商场更加的省钱。"
  },
  {
    "start": 1590.5,
    "end": 1595.8,
    "speaker": "老师",
    "text": "最终我们将三种情况合在一起写，"
  },
  {
    "start": 1595.8,
    "end": 1597.82,
    "speaker": "老师",
    "text": "我们就能够得到。"
  },
  {
    "start": 1597.94,
    "end": 1602.26,
    "speaker": "老师",
    "text": "当我的商品原价不超过六百元时，"
  },
  {
    "start": 1602.26,
    "end": 1605.3,
    "speaker": "老师",
    "text": "假商场购物更省钱。"
  },
  {
    "start": 1605.3,
    "end": 1609.95,
    "speaker": "老师",
    "text": "当商品原价正好是六百元时，"
  },
  {
    "start": 1610.83,
    "end": 1613.61,
    "speaker": "老师",
    "text": "两个商场购物花费一样。"
  },
  {
    "start": 1613.61,
    "end": 1617.15,
    "speaker": "老师",
    "text": "当商品原价超过六百元时，"
  },
  {
    "start": 1617.15,
    "end": 1619.69,
    "speaker": "老师",
    "text": "以商场购物更省钱。"
  },
  {
    "start": 1619.71,
    "end": 1621.05,
    "speaker": "老师",
    "text": "关于这道题，"
  },
  {
    "start": 1621.05,
    "end": 1621.99,
    "speaker": "老师",
    "text": "你明白了吗？"
  },
  {
    "start": 1622.19,
    "end": 1628.06,
    "speaker": "老师",
    "text": "我们紧接着再试一个题吧。"
  },
  {
    "start": 1628.14,
    "end": 1636.0,
    "speaker": "老师",
    "text": "请同学们认真读题并思考为响应绿色出行号召，"
  },
  {
    "start": 1636.0,
    "end": 1642.19,
    "speaker": "老师",
    "text": "越来越多市民选择租用共享单车出行。"
  },
  {
    "start": 1642.19,
    "end": 1654.51,
    "speaker": "老师",
    "text": "已知某共享单车公司为市民提供了手机支付和会员卡支付两种方式。"
  },
  {
    "start": 1654.51,
    "end": 1656.87,
    "speaker": "老师",
    "text": "如图描述了两种方式，"
  },
  {
    "start": 1656.87,
    "end": 1663.42,
    "speaker": "老师",
    "text": "应支付金额y与骑行时间x之间的函数关系式。"
  },
  {
    "start": 1663.42,
    "end": 1669.1,
    "speaker": "老师",
    "text": "根据图像回答下列问题，"
  },
  {
    "start": 1669.1,
    "end": 1669.96,
    "speaker": "老师",
    "text": "第一，"
  },
  {
    "start": 1669.96,
    "end": 1677.45,
    "speaker": "老师",
    "text": "问求手机支付金额y与骑行时间x的函数关系式。"
  },
  {
    "start": 1677.49,
    "end": 1682.38,
    "speaker": "老师",
    "text": "我们来看一下这个函数的图像，"
  },
  {
    "start": 1683.19,
    "end": 1686.93,
    "speaker": "老师",
    "text": "它横轴表示的是骑行时间，"
  },
  {
    "start": 1687.51,
    "end": 1690.03,
    "speaker": "老师",
    "text": "用了字母x来表示。"
  },
  {
    "start": 1690.15,
    "end": 1694.7,
    "speaker": "老师",
    "text": "纵轴表示的是两种支付方式，"
  },
  {
    "start": 1695.0,
    "end": 1701.14,
    "speaker": "老师",
    "text": "应支付的金额用了字母y表示。"
  },
  {
    "start": 1701.14,
    "end": 1701.8,
    "speaker": "老师",
    "text": "第一问，"
  },
  {
    "start": 1702.1,
    "end": 1705.96,
    "speaker": "老师",
    "text": "手机支付金额与骑行时间x的函数关系上，"
  },
  {
    "start": 1705.96,
    "end": 1713.62,
    "speaker": "老师",
    "text": "我们观察这个图像啊会发现在零到零点五的这段时间内，"
  },
  {
    "start": 1714.0,
    "end": 1715.66,
    "speaker": "老师",
    "text": "y值一直为零。"
  },
  {
    "start": 1715.66,
    "end": 1716.62,
    "speaker": "老师",
    "text": "实际上，"
  },
  {
    "start": 1716.62,
    "end": 1719.18,
    "speaker": "老师",
    "text": "手机支付是不收费的，"
  },
  {
    "start": 1719.22,
    "end": 1723.25,
    "speaker": "老师",
    "text": "大于零点五之后才开始收费。"
  },
  {
    "start": 1723.25,
    "end": 1727.61,
    "speaker": "老师",
    "text": "显然这是一个分段函数的问题，"
  },
  {
    "start": 1727.69,
    "end": 1731.01,
    "speaker": "老师",
    "text": "我们要对它进行分类讨论。"
  },
  {
    "start": 1731.19,
    "end": 1736.03,
    "speaker": "老师",
    "text": "当零小于等于x小于零点五时，"
  },
  {
    "start": 1736.03,
    "end": 1737.49,
    "speaker": "老师",
    "text": "y是等于零的，"
  },
  {
    "start": 1737.61,
    "end": 1742.3,
    "speaker": "老师",
    "text": "大于零点五的时候，"
  },
  {
    "start": 1742.3,
    "end": 1745.64,
    "speaker": "老师",
    "text": "我观察到它是一条射线，"
  },
  {
    "start": 1745.66,
    "end": 1755.45,
    "speaker": "老师",
    "text": "那么我们就可以设它的解析式为y等于KX加b寻找两个点的坐标，"
  },
  {
    "start": 1755.45,
    "end": 1758.37,
    "speaker": "老师",
    "text": "代入其中你找到了吗？"
  },
  {
    "start": 1758.43,
    "end": 1765.79,
    "speaker": "老师",
    "text": "我们可以代入x等于零点五的时候y等于零，"
  },
  {
    "start": 1765.79,
    "end": 1768.67,
    "speaker": "老师",
    "text": "我们也可以代入呢，"
  },
  {
    "start": 1769.23,
    "end": 1773.65,
    "speaker": "老师",
    "text": "x等于一的时候y等于零点五。"
  },
  {
    "start": 1773.67,
    "end": 1774.63,
    "speaker": "老师",
    "text": "由此啊，"
  },
  {
    "start": 1774.63,
    "end": 1789.52,
    "speaker": "老师",
    "text": "我们将这两个点的横坐标当做x纵坐标当做相应的y就能够得到关于KB的二元一次方程组了。"
  },
  {
    "start": 1789.54,
    "end": 1792.63,
    "speaker": "老师",
    "text": "通过加减消元法，"
  },
  {
    "start": 1792.63,
    "end": 1795.81,
    "speaker": "老师",
    "text": "我可以得出k与b的值，"
  },
  {
    "start": 1795.83,
    "end": 1800.85,
    "speaker": "老师",
    "text": "也就知道了当x大于等于零点五的时候，"
  },
  {
    "start": 1800.87,
    "end": 1804.07,
    "speaker": "老师",
    "text": "y是等于x减零点五的。"
  },
  {
    "start": 1804.07,
    "end": 1806.06,
    "speaker": "老师",
    "text": "同时在这个地方啊，"
  },
  {
    "start": 1806.76,
    "end": 1812.7,
    "speaker": "老师",
    "text": "同学们也可以将零点五放在上面这一段。"
  },
  {
    "start": 1812.72,
    "end": 1819.87,
    "speaker": "老师",
    "text": "这里写零小于等于x小于等于零点五，"
  },
  {
    "start": 1819.89,
    "end": 1823.07,
    "speaker": "老师",
    "text": "下边呢就写x大于零点五，"
  },
  {
    "start": 1823.07,
    "end": 1827.33,
    "speaker": "老师",
    "text": "零点五可以放在第一段，"
  },
  {
    "start": 1827.57,
    "end": 1829.19,
    "speaker": "老师",
    "text": "也可以放在第二段，"
  },
  {
    "start": 1829.19,
    "end": 1833.73,
    "speaker": "老师",
    "text": "但是千万不要把它给漏了。"
  },
  {
    "start": 1833.75,
    "end": 1839.95,
    "speaker": "老师",
    "text": "接着我们把这两段函数关系式合在一起写，"
  },
  {
    "start": 1839.95,
    "end": 1847.68,
    "speaker": "老师",
    "text": "就得到了手机支付金额与骑行时间的函数关系式了。"
  },
  {
    "start": 1847.84,
    "end": 1848.46,
    "speaker": "老师",
    "text": "好，"
  },
  {
    "start": 1848.7,
    "end": 1852.2,
    "speaker": "老师",
    "text": "紧接着我们来看一看。"
  },
  {
    "start": 1852.2,
    "end": 1852.86,
    "speaker": "老师",
    "text": "第二，"
  },
  {
    "start": 1853.42,
    "end": 1853.86,
    "speaker": "老师",
    "text": "问，"
  },
  {
    "start": 1853.86,
    "end": 1857.4,
    "speaker": "老师",
    "text": "李老师经常骑行共享单车，"
  },
  {
    "start": 1857.5,
    "end": 1867.89,
    "speaker": "老师",
    "text": "请根据不同的骑行时间帮他确定选择哪种支付方式比较合算。"
  },
  {
    "start": 1868.05,
    "end": 1875.63,
    "speaker": "老师",
    "text": "那么我们能盲目的说哪种方式更合算吗？"
  },
  {
    "start": 1875.63,
    "end": 1876.73,
    "speaker": "老师",
    "text": "显然是不行的。"
  },
  {
    "start": 1876.73,
    "end": 1886.38,
    "speaker": "老师",
    "text": "我们要根据李老师的骑行时间来判断我们观察它的图像。"
  },
  {
    "start": 1886.5,
    "end": 1886.8,
    "speaker": "老师",
    "text": "啊，"
  },
  {
    "start": 1886.8,
    "end": 1891.78,
    "speaker": "老师",
    "text": "发现x大于零点五的时候，"
  },
  {
    "start": 1891.88,
    "end": 1899.12,
    "speaker": "老师",
    "text": "手机支付和会员卡支付呢实际上是有一个交点的说明。"
  },
  {
    "start": 1899.12,
    "end": 1903.54,
    "speaker": "老师",
    "text": "针对某一骑行时间两种支付方式，"
  },
  {
    "start": 1903.54,
    "end": 1907.7,
    "speaker": "老师",
    "text": "所付的费用是相同的。"
  },
  {
    "start": 1908.5,
    "end": 1913.17,
    "speaker": "老师",
    "text": "那么我们要求这个交点的坐标，"
  },
  {
    "start": 1913.17,
    "end": 1914.41,
    "speaker": "老师",
    "text": "从图像上来看，"
  },
  {
    "start": 1914.77,
    "end": 1920.14,
    "speaker": "老师",
    "text": "它记在这部分黄色的线上，"
  },
  {
    "start": 1920.14,
    "end": 1925.46,
    "speaker": "老师",
    "text": "又在这部分白色的线上。"
  },
  {
    "start": 1925.56,
    "end": 1934.45,
    "speaker": "老师",
    "text": "我只要将这两条线所对应的函数解析式儿联立就可以。"
  },
  {
    "start": 1934.45,
    "end": 1937.49,
    "speaker": "老师",
    "text": "可是问题来了，"
  },
  {
    "start": 1937.85,
    "end": 1944.63,
    "speaker": "老师",
    "text": "并不知道会员卡支付的函数关系式啊，"
  },
  {
    "start": 1944.77,
    "end": 1953.34,
    "speaker": "老师",
    "text": "所以我们要先求会员卡支付的函数关系式儿观察一下，"
  },
  {
    "start": 1953.96,
    "end": 1957.54,
    "speaker": "老师",
    "text": "它是经过原点的一条射线，"
  },
  {
    "start": 1957.54,
    "end": 1963.53,
    "speaker": "老师",
    "text": "所以我可以设它的解析式为y等于AX,"
  },
  {
    "start": 1963.53,
    "end": 1968.77,
    "speaker": "老师",
    "text": "其中a是不等于零的，"
  },
  {
    "start": 1968.89,
    "end": 1972.68,
    "speaker": "老师",
    "text": "找一个点代路径，"
  },
  {
    "start": 1972.78,
    "end": 1982.03,
    "speaker": "老师",
    "text": "横坐标当做x纵坐标当做y通过解方程算出a的值，"
  },
  {
    "start": 1982.09,
    "end": 1989.52,
    "speaker": "老师",
    "text": "也就得到了会员卡支付的函数关系式。"
  },
  {
    "start": 1989.52,
    "end": 1996.48,
    "speaker": "老师",
    "text": "接着我要求交点的坐标可以将二者的解析式联立，"
  },
  {
    "start": 1996.6,
    "end": 2001.85,
    "speaker": "老师",
    "text": "或者直接令它们的y相等，"
  },
  {
    "start": 2001.85,
    "end": 2004.13,
    "speaker": "老师",
    "text": "就能够算出x的值。"
  },
  {
    "start": 2004.17,
    "end": 2016.3,
    "speaker": "老师",
    "text": "我们过焦点画一条与x轴垂直的线垂线所对应的横轴上的值呢就是这个交点的横坐标。"
  },
  {
    "start": 2016.3,
    "end": 2016.89,
    "speaker": "老师",
    "text": "二。"
  },
  {
    "start": 2017.59,
    "end": 2019.21,
    "speaker": "老师",
    "text": "我们来看一下，"
  },
  {
    "start": 2019.21,
    "end": 2025.11,
    "speaker": "老师",
    "text": "在这个垂线的左侧任意画一条与x轴垂直的线，"
  },
  {
    "start": 2025.41,
    "end": 2027.81,
    "speaker": "老师",
    "text": "自变量相同的时候，"
  },
  {
    "start": 2027.81,
    "end": 2031.55,
    "speaker": "老师",
    "text": "白色线上的点函数值更大，"
  },
  {
    "start": 2031.69,
    "end": 2035.21,
    "speaker": "老师",
    "text": "黄色线上的点函数值更小。"
  },
  {
    "start": 2035.27,
    "end": 2041.45,
    "speaker": "老师",
    "text": "也就是在这个区域内相同自变量的时候，"
  },
  {
    "start": 2041.45,
    "end": 2049.03,
    "speaker": "老师",
    "text": "黄色的线是在白色线的下方的手机支付更合算。"
  },
  {
    "start": 2049.05,
    "end": 2053.81,
    "speaker": "老师",
    "text": "看一看这一段自变量的取值范围。"
  },
  {
    "start": 2053.81,
    "end": 2057.61,
    "speaker": "老师",
    "text": "它是在x等于零的右侧，"
  },
  {
    "start": 2057.61,
    "end": 2059.73,
    "speaker": "老师",
    "text": "x等于二的左侧，"
  },
  {
    "start": 2059.73,
    "end": 2063.83,
    "speaker": "老师",
    "text": "也就是零小于等于x小于二十，"
  },
  {
    "start": 2063.83,
    "end": 2066.71,
    "speaker": "老师",
    "text": "手机支付更合算。"
  },
  {
    "start": 2066.93,
    "end": 2070.77,
    "speaker": "老师",
    "text": "如果x正好是等于二的话，"
  },
  {
    "start": 2070.89,
    "end": 2073.51,
    "speaker": "老师",
    "text": "两种支付方式一样。"
  },
  {
    "start": 2073.67,
    "end": 2075.97,
    "speaker": "老师",
    "text": "紧接着看右侧了，"
  },
  {
    "start": 2075.97,
    "end": 2083.94,
    "speaker": "老师",
    "text": "依旧是画一条与x轴垂直的线自变量相同的时候，"
  },
  {
    "start": 2083.94,
    "end": 2087.57,
    "speaker": "老师",
    "text": "黄色线上的点函数值更大，"
  },
  {
    "start": 2087.57,
    "end": 2091.49,
    "speaker": "老师",
    "text": "白色线上点函数值更小。"
  },
  {
    "start": 2091.49,
    "end": 2094.01,
    "speaker": "老师",
    "text": "那么在这个区域内，"
  },
  {
    "start": 2094.17,
    "end": 2098.66,
    "speaker": "老师",
    "text": "也就是对于相同自变量的时候，"
  },
  {
    "start": 2098.66,
    "end": 2099.55,
    "speaker": "老师",
    "text": "白色的线在黄色线的下方会员卡支付更加的合算。"
  },
  {
    "start": 2099.02,
    "end": 2099.55,
    "speaker": "老师",
    "text": "好，"
  },
  {
    "start": 2099.02,
    "end": 2099.55,
    "speaker": "老师",
    "text": "这个区域全都是在x等于二的右侧的。"
  },
  {
    "start": 2099.02,
    "end": 2099.55,
    "speaker": "老师",
    "text": "所以呀x大于二的时候会员卡支付更合算。"
  },
  {
    "start": 2099.02,
    "end": 2099.55,
    "speaker": "老师",
    "text": "紧接着我们将三种情况合在一起写，"
  },
  {
    "start": 2099.02,
    "end": 2099.55,
    "speaker": "老师",
    "text": "使这个题呢更加的完整。"
  },
  {
    "start": 2099.02,
    "end": 2099.55,
    "speaker": "老师",
    "text": "这道题啊讲到这儿，"
  },
  {
    "start": 2099.02,
    "end": 2099.55,
    "speaker": "老师",
    "text": "我们这节课呢也即将进入尾声了。"
  },
  {
    "start": 2099.02,
    "end": 2099.55,
    "speaker": "老师",
    "text": "其实啊一道道题就像大海中的朵朵浪花，"
  },
  {
    "start": 2099.02,
    "end": 2099.55,
    "speaker": "老师",
    "text": "谁又能踏遍每一朵浪花呢？"
  },
  {
    "start": 2099.02,
    "end": 2099.55,
    "speaker": "老师",
    "text": "题目是永远做不完的。"
  },
  {
    "start": 2099.02,
    "end": 2099.55,
    "speaker": "老师",
    "text": "但是，"
  },
  {
    "start": 2099.02,
    "end": 2099.55,
    "speaker": "老师",
    "text": "如果你能够在学习知识、运用知识的过程当中，"
  },
  {
    "start": 2099.02,
    "end": 2099.55,
    "speaker": "老师",
    "text": "总结出知识背后蕴含的规律性东西，"
  },
  {
    "start": 2099.02,
    "end": 2099.55,
    "speaker": "老师",
    "text": "你就能够跳出题海，"
  },
  {
    "start": 2099.02,
    "end": 2099.55,
    "speaker": "老师",
    "text": "从而做到举一反三了。"
  },
  {
    "start": 2099.02,
    "end": 2099.55,
    "speaker": "老师",
    "text": "而题目背后的这种规律性东西就是思想方法。"
  },
  {
    "start": 2099.02,
    "end": 2099.55,
    "speaker": "老师",
    "text": "我们从实际问题出发，"
  },
  {
    "start": 2099.02,
    "end": 2099.55,
    "speaker": "老师",
    "text": "抽象概括出数学模型，"
  },
  {
    "start": 2099.02,
    "end": 2099.55,
    "speaker": "老师",
    "text": "通过推理演算得到数学模型的解，"
  },
  {
    "start": 2099.02,
    "end": 2099.55,
    "speaker": "老师",
    "text": "从而呢还原说明实际问题的解。"
  },
  {
    "start": 2099.02,
    "end": 2099.55,
    "speaker": "老师",
    "text": "并且呢主要利用了分类讨论的思想，"
  },
  {
    "start": 2099.02,
    "end": 2099.55,
    "speaker": "老师",
    "text": "并且辅以数形结合代入的思想，"
  },
  {
    "start": 2099.02,
    "end": 2099.55,
    "speaker": "老师",
    "text": "让同学们能够感受到数学与生活息息相关的体会到运用数学的意识。"
  },
  {
    "start": 2099.02,
    "end": 2099.55,
    "speaker": "老师",
    "text": "实际上数学是难于生活，"
  },
  {
    "start": 2099.02,
    "end": 2099.55,
    "speaker": "老师",
    "text": "易于生活而又用于生活的这是我们今天的课后作业。"
  },
  {
    "start": 2099.02,
    "end": 2099.55,
    "speaker": "老师",
    "text": "希望同学们利用课外的时间多加的学习，"
  },
  {
    "start": 2099.02,
    "end": 2099.55,
    "speaker": "老师",
    "text": "巩固，"
  },
  {
    "start": 2099.02,
    "end": 2099.55,
    "speaker": "老师",
    "text": "多思考、多总结，"
  },
  {
    "start": 2099.02,
    "end": 2099.55,
    "speaker": "老师",
    "text": "从而呢能够做到举一反三。"
  },
  {
    "start": 2099.02,
    "end": 2099.55,
    "speaker": "老师",
    "text": "这节课就上到这里了，"
  },
  {
    "start": 2099.02,
    "end": 2099.55,
    "speaker": "老师",
    "text": "同学们再见。"
  }
]