[
  {
    "start": 9.48,
    "end": 11.37,
    "speaker": "老师",
    "text": "同学们好，"
  },
  {
    "start": 11.37,
    "end": 18.5,
    "speaker": "老师",
    "text": "今天陈老师带领大家一起学习第一章三角形的证明。"
  },
  {
    "start": 18.5,
    "end": 23.3,
    "speaker": "老师",
    "text": "第四节角平分线第二故事。"
  },
  {
    "start": 23.3,
    "end": 30.3,
    "speaker": "老师",
    "text": "上节课我们学习了角平线的性质，"
  },
  {
    "start": 30.3,
    "end": 35.82,
    "speaker": "老师",
    "text": "角平分线上的点到角两边的距离相等。"
  },
  {
    "start": 35.82,
    "end": 48.67,
    "speaker": "老师",
    "text": "接着我们又学习了他的也就是角底分线的在一个角的内部到角的两边，"
  },
  {
    "start": 49.07,
    "end": 54.52,
    "speaker": "老师",
    "text": "距离相等的点在这个角的平分线上。"
  },
  {
    "start": 54.52,
    "end": 63.92,
    "speaker": "老师",
    "text": "今天老师要带领大家一起来研究三角形的角平分线的有高温。"
  },
  {
    "start": 63.92,
    "end": 65.28,
    "speaker": "老师",
    "text": "同学们，"
  },
  {
    "start": 65.28,
    "end": 73.1,
    "speaker": "老师",
    "text": "三角形有几个角平线呢？"
  },
  {
    "start": 73.1,
    "end": 73.58,
    "speaker": "老师",
    "text": "很好，"
  },
  {
    "start": 73.74,
    "end": 74.86,
    "speaker": "老师",
    "text": "有三个啊，"
  },
  {
    "start": 74.86,
    "end": 83.16,
    "speaker": "老师",
    "text": "那么我们能不能用折纸的方法得出它的角中线呢？"
  },
  {
    "start": 83.2,
    "end": 83.73,
    "speaker": "老师",
    "text": "好，"
  },
  {
    "start": 84.72,
    "end": 88.63,
    "speaker": "老师",
    "text": "下面老师带领大家一起来折一折。"
  },
  {
    "start": 88.63,
    "end": 93.55,
    "speaker": "老师",
    "text": "这里有一个三角形纸片，"
  },
  {
    "start": 93.57,
    "end": 99.03,
    "speaker": "老师",
    "text": "我们经过三角形的一个顶点，"
  },
  {
    "start": 99.21,
    "end": 106.61,
    "speaker": "老师",
    "text": "把他的两边所在的直线重合，"
  },
  {
    "start": 106.61,
    "end": 110.89,
    "speaker": "老师",
    "text": "这样对折可以得到一条角平分线用。"
  },
  {
    "start": 120.63,
    "end": 125.41,
    "speaker": "老师",
    "text": "同样方法我们继续得出它。"
  },
  {
    "start": 125.41,
    "end": 128.64,
    "speaker": "老师",
    "text": "另外两条角平分线，"
  },
  {
    "start": 128.64,
    "end": 137.85,
    "speaker": "老师",
    "text": "大家看到这三条角平线怎么样啊，"
  },
  {
    "start": 137.99,
    "end": 141.81,
    "speaker": "老师",
    "text": "是不是相加于一个点呢？"
  },
  {
    "start": 142.81,
    "end": 143.27,
    "speaker": "老师",
    "text": "对吧？"
  },
  {
    "start": 143.27,
    "end": 149.98,
    "speaker": "老师",
    "text": "那么这个点它还有什么限质呢？"
  },
  {
    "start": 150.1,
    "end": 156.67,
    "speaker": "老师",
    "text": "我们可以大概的来猜想一下这个焦点在这个角的平分线上，"
  },
  {
    "start": 156.67,
    "end": 160.92,
    "speaker": "老师",
    "text": "根据角平线的性质，"
  },
  {
    "start": 160.94,
    "end": 168.11,
    "speaker": "老师",
    "text": "它绕三角形的这个短边的距离和这条专备的距离是相等的。"
  },
  {
    "start": 168.11,
    "end": 171.21,
    "speaker": "老师",
    "text": "而它也在这个角的平分线上，"
  },
  {
    "start": 171.21,
    "end": 177.2,
    "speaker": "老师",
    "text": "那么他的短的距离和长的距离也是相等的。"
  },
  {
    "start": 177.2,
    "end": 188.55,
    "speaker": "老师",
    "text": "所以我们可以猜一下这个焦点又有什么性质呢？"
  },
  {
    "start": 188.55,
    "end": 194.63,
    "speaker": "老师",
    "text": "它会到三角形三条边的距离相等。"
  },
  {
    "start": 194.65,
    "end": 194.96,
    "speaker": "老师",
    "text": "好，"
  },
  {
    "start": 195.62,
    "end": 202.92,
    "speaker": "老师",
    "text": "那么下面呢我们来嗯我们的发现与猜想，"
  },
  {
    "start": 202.94,
    "end": 203.6,
    "speaker": "老师",
    "text": "命题，"
  },
  {
    "start": 203.6,
    "end": 209.91,
    "speaker": "老师",
    "text": "三角形的三条角圆线相交于一边，"
  },
  {
    "start": 209.91,
    "end": 215.83,
    "speaker": "老师",
    "text": "并且这一点到三条边的距离相等，"
  },
  {
    "start": 216.09,
    "end": 219.73,
    "speaker": "老师",
    "text": "这是一个人字命题，"
  },
  {
    "start": 219.73,
    "end": 224.09,
    "speaker": "老师",
    "text": "要证明它是真命题。"
  },
  {
    "start": 224.09,
    "end": 226.87,
    "speaker": "老师",
    "text": "首先按照前面的学习，"
  },
  {
    "start": 227.13,
    "end": 233.93,
    "speaker": "老师",
    "text": "我们要先找到它的什么条件和结论。"
  },
  {
    "start": 233.93,
    "end": 243.14,
    "speaker": "老师",
    "text": "对那么这道题的条件是什么呢？"
  },
  {
    "start": 243.14,
    "end": 247.79,
    "speaker": "老师",
    "text": "三角形的三条角平分线对吧？"
  },
  {
    "start": 247.79,
    "end": 252.77,
    "speaker": "老师",
    "text": "结论呢啊相交于一点，"
  },
  {
    "start": 252.77,
    "end": 255.73,
    "speaker": "老师",
    "text": "并且这一点到三条边的距离相等，"
  },
  {
    "start": 255.75,
    "end": 259.62,
    "speaker": "老师",
    "text": "简单七分。"
  },
  {
    "start": 259.62,
    "end": 264.12,
    "speaker": "老师",
    "text": "那这里三条线相交于一撇。"
  },
  {
    "start": 264.38,
    "end": 267.96,
    "speaker": "老师",
    "text": "同学们有没有类似的活动经验呢？"
  },
  {
    "start": 267.96,
    "end": 270.05,
    "speaker": "老师",
    "text": "在什么地方？"
  },
  {
    "start": 270.05,
    "end": 274.15,
    "speaker": "老师",
    "text": "我们也曾遇到过这样的责任呢。"
  },
  {
    "start": 274.53,
    "end": 274.73,
    "speaker": "老师",
    "text": "嗯，"
  },
  {
    "start": 274.73,
    "end": 275.21,
    "speaker": "老师",
    "text": "好，"
  },
  {
    "start": 275.43,
    "end": 284.28,
    "speaker": "老师",
    "text": "大家知道三角形它的三条边的垂直平分线也会怎么样呢？"
  },
  {
    "start": 284.28,
    "end": 286.42,
    "speaker": "老师",
    "text": "相交于一点，"
  },
  {
    "start": 286.56,
    "end": 293.23,
    "speaker": "老师",
    "text": "并且这个点到三角形三个顶点距离相等，"
  },
  {
    "start": 293.23,
    "end": 301.67,
    "speaker": "老师",
    "text": "所以可以仿照前面的学习来证明角无线为什么也相交于。"
  },
  {
    "start": 301.69,
    "end": 304.64,
    "speaker": "老师",
    "text": "那么我们在画图的时候，"
  },
  {
    "start": 304.64,
    "end": 306.42,
    "speaker": "老师",
    "text": "是画三条角平线呢，"
  },
  {
    "start": 306.42,
    "end": 309.51,
    "speaker": "老师",
    "text": "还是给两条角平线呢。"
  },
  {
    "start": 309.61,
    "end": 315.56,
    "speaker": "老师",
    "text": "我们说我们只要做出那样调整一线，"
  },
  {
    "start": 315.56,
    "end": 320.26,
    "speaker": "老师",
    "text": "然后再来证明第三条角正线也经过这个焦点，"
  },
  {
    "start": 320.26,
    "end": 320.84,
    "speaker": "老师",
    "text": "对吧？"
  },
  {
    "start": 320.84,
    "end": 327.65,
    "speaker": "老师",
    "text": "或者说这个交点在第三个角的平分线上，"
  },
  {
    "start": 327.65,
    "end": 331.61,
    "speaker": "老师",
    "text": "这种方法就是用于证明三条线相交于一点的方法。"
  },
  {
    "start": 331.61,
    "end": 335.64,
    "speaker": "老师",
    "text": "我们先得到两线的焦点，"
  },
  {
    "start": 335.64,
    "end": 342.09,
    "speaker": "老师",
    "text": "再来判断这个焦点是否在第三条线上好，"
  },
  {
    "start": 342.09,
    "end": 344.65,
    "speaker": "老师",
    "text": "这是三周一点我们就解决了。"
  },
  {
    "start": 345.35,
    "end": 350.61,
    "speaker": "老师",
    "text": "那么我们还要证明到三条边的距离相等，"
  },
  {
    "start": 350.61,
    "end": 354.83,
    "speaker": "老师",
    "text": "所以接下来这个图形还要做什么呢？"
  },
  {
    "start": 354.83,
    "end": 355.27,
    "speaker": "老师",
    "text": "啊，"
  },
  {
    "start": 355.31,
    "end": 361.57,
    "speaker": "老师",
    "text": "显然是要做出他到三条腿的距离啊，"
  },
  {
    "start": 361.57,
    "end": 366.73,
    "speaker": "老师",
    "text": "上节课我们也讲到了点到直线的距离是什么？"
  },
  {
    "start": 367.09,
    "end": 370.37,
    "speaker": "老师",
    "text": "是对这个点向直线做垂线，"
  },
  {
    "start": 370.37,
    "end": 381.48,
    "speaker": "老师",
    "text": "垂线段的长就叫做点到直线的距离。"
  },
  {
    "start": 381.48,
    "end": 387.35,
    "speaker": "老师",
    "text": "所以我们得到这个交点以后啊，"
  },
  {
    "start": 387.35,
    "end": 392.69,
    "speaker": "老师",
    "text": "我们还要做三条垂线段，"
  },
  {
    "start": 392.89,
    "end": 395.87,
    "speaker": "老师",
    "text": "这就是东西。"
  },
  {
    "start": 395.87,
    "end": 396.31,
    "speaker": "老师",
    "text": "好了，"
  },
  {
    "start": 396.31,
    "end": 399.45,
    "speaker": "老师",
    "text": "经过这样的一些分析，"
  },
  {
    "start": 400.47,
    "end": 407.76,
    "speaker": "老师",
    "text": "我想同学们应该会写出全部的已知和求证的吧。"
  },
  {
    "start": 407.78,
    "end": 414.14,
    "speaker": "老师",
    "text": "已知在三角形ABC中，"
  },
  {
    "start": 414.14,
    "end": 442.85,
    "speaker": "老师",
    "text": "角平分线BF与角平分线c为相交于点p过点p分别做ABBCAC的垂线，"
  },
  {
    "start": 442.85,
    "end": 445.62,
    "speaker": "老师",
    "text": "垂轴分别是BEF,"
  },
  {
    "start": 446.25,
    "end": 450.66,
    "speaker": "老师",
    "text": "这就是题目的一个条件，"
  },
  {
    "start": 450.68,
    "end": 454.52,
    "speaker": "老师",
    "text": "两个平分三个垂直求证什么哎，"
  },
  {
    "start": 454.52,
    "end": 456.83,
    "speaker": "老师",
    "text": "求证第一个结论，"
  },
  {
    "start": 456.87,
    "end": 460.41,
    "speaker": "老师",
    "text": "角a的可能是经过的处理。"
  },
  {
    "start": 460.41,
    "end": 462.41,
    "speaker": "老师",
    "text": "第二者，"
  },
  {
    "start": 462.41,
    "end": 463.13,
    "speaker": "老师",
    "text": "段PD等于，"
  },
  {
    "start": 463.13,
    "end": 468.74,
    "speaker": "老师",
    "text": "请大家思考一下怎么证明。"
  },
  {
    "start": 468.74,
    "end": 469.02,
    "speaker": "老师",
    "text": "好，"
  },
  {
    "start": 469.02,
    "end": 474.08,
    "speaker": "老师",
    "text": "下面老师带着大家一起来证明一下，"
  },
  {
    "start": 474.3,
    "end": 487.73,
    "speaker": "老师",
    "text": "因为BM是三角形ABC的角平线点p在BM上，"
  },
  {
    "start": 487.73,
    "end": 490.45,
    "speaker": "老师",
    "text": "且垂直BAB垂直BC."
  },
  {
    "start": 490.45,
    "end": 494.85,
    "speaker": "老师",
    "text": "我们指出了BP是角直线，"
  },
  {
    "start": 494.85,
    "end": 497.73,
    "speaker": "老师",
    "text": "还指出了两个垂直，"
  },
  {
    "start": 497.73,
    "end": 500.45,
    "speaker": "老师",
    "text": "我们得到什么结论很好，"
  },
  {
    "start": 500.45,
    "end": 503.38,
    "speaker": "老师",
    "text": "AB等于k一啊，"
  },
  {
    "start": 503.38,
    "end": 509.2,
    "speaker": "老师",
    "text": "这就是上节课的的。"
  },
  {
    "start": 509.34,
    "end": 512.6,
    "speaker": "老师",
    "text": "假如了现在的性质，"
  },
  {
    "start": 512.62,
    "end": 515.7,
    "speaker": "老师",
    "text": "同样的道理，"
  },
  {
    "start": 515.7,
    "end": 519.74,
    "speaker": "老师",
    "text": "点p也在角ACD的平等线上，"
  },
  {
    "start": 519.74,
    "end": 525.83,
    "speaker": "老师",
    "text": "而PEPF分别是到它两边的距离里，"
  },
  {
    "start": 526.37,
    "end": 528.07,
    "speaker": "老师",
    "text": "所以呢我们能得到。"
  },
  {
    "start": 528.27,
    "end": 528.71,
    "speaker": "老师",
    "text": "嗯，"
  },
  {
    "start": 528.71,
    "end": 532.66,
    "speaker": "老师",
    "text": "所以AD等于对这样的话，"
  },
  {
    "start": 532.66,
    "end": 535.82,
    "speaker": "老师",
    "text": "本图的第二节呢就先被证明出来了啊，"
  },
  {
    "start": 535.82,
    "end": 538.5,
    "speaker": "老师",
    "text": "就先证出来了。"
  },
  {
    "start": 538.5,
    "end": 539.3,
    "speaker": "老师",
    "text": "很简单，"
  },
  {
    "start": 539.3,
    "end": 541.38,
    "speaker": "老师",
    "text": "是不是？"
  },
  {
    "start": 541.4,
    "end": 551.85,
    "speaker": "老师",
    "text": "最后我们还要说一下点p是不是在角一角平分线上呢？"
  },
  {
    "start": 551.85,
    "end": 556.39,
    "speaker": "老师",
    "text": "大家请看PD等于PS,"
  },
  {
    "start": 559.59,
    "end": 567.2,
    "speaker": "老师",
    "text": "并且PDPF又分别垂直AB和OC."
  },
  {
    "start": 567.2,
    "end": 572.22,
    "speaker": "老师",
    "text": "所以显然在角BA这的平分线上，"
  },
  {
    "start": 572.22,
    "end": 572.88,
    "speaker": "老师",
    "text": "哎，"
  },
  {
    "start": 572.92,
    "end": 580.56,
    "speaker": "老师",
    "text": "这个直面的依据上节课学的另外一个知识讲，"
  },
  {
    "start": 580.64,
    "end": 595.14,
    "speaker": "老师",
    "text": "我们现在因此三角形的三条角平线相交于点平啊，"
  },
  {
    "start": 595.14,
    "end": 601.75,
    "speaker": "老师",
    "text": "这个命题这给我们证明出了它是一个真命题，"
  },
  {
    "start": 601.75,
    "end": 602.01,
    "speaker": "老师",
    "text": "哎，"
  },
  {
    "start": 602.01,
    "end": 608.7,
    "speaker": "老师",
    "text": "我们可以把它呢称之为三角形角平线的形质，"
  },
  {
    "start": 608.7,
    "end": 614.04,
    "speaker": "老师",
    "text": "三角形的三条角平分线相交于一，"
  },
  {
    "start": 614.04,
    "end": 618.61,
    "speaker": "老师",
    "text": "并且这一点到三条边的距离相等。"
  },
  {
    "start": 618.61,
    "end": 619.29,
    "speaker": "老师",
    "text": "同学们，"
  },
  {
    "start": 619.57,
    "end": 621.47,
    "speaker": "老师",
    "text": "你记住了吗？"
  },
  {
    "start": 621.47,
    "end": 623.77,
    "speaker": "老师",
    "text": "下面我们来看一个实际例子。"
  },
  {
    "start": 623.77,
    "end": 636.29,
    "speaker": "老师",
    "text": "如此三条公路两两相交现计划在疫区内修建一个加油站，"
  },
  {
    "start": 636.29,
    "end": 647.34,
    "speaker": "老师",
    "text": "要求加油站到三条公路的距离成等选择加油站的位置，"
  },
  {
    "start": 647.36,
    "end": 652.4,
    "speaker": "老师",
    "text": "相信大家已经心里有数了吧。"
  },
  {
    "start": 652.42,
    "end": 656.51,
    "speaker": "老师",
    "text": "波请注意，"
  },
  {
    "start": 656.51,
    "end": 680.99,
    "speaker": "老师",
    "text": "这里面有一个设置条件，"
  },
  {
    "start": 681.09,
    "end": 682.85,
    "speaker": "老师",
    "text": "在疫情的好，"
  },
  {
    "start": 683.33,
    "end": 687.01,
    "speaker": "老师",
    "text": "我们把它推算成一个数学问题，"
  },
  {
    "start": 689.04,
    "end": 694.16,
    "speaker": "老师",
    "text": "相当于就是在三角形的什么内选取一个点，"
  },
  {
    "start": 694.16,
    "end": 705.74,
    "speaker": "老师",
    "text": "使这个点到三条边的距离相等。"
  },
  {
    "start": 705.8,
    "end": 717.19,
    "speaker": "老师",
    "text": "因此可以按照我们刚刚讲的这种三角形的角一线性质，"
  },
  {
    "start": 717.19,
    "end": 723.54,
    "speaker": "老师",
    "text": "是不是就可以很轻松的把梯准找到啦。"
  },
  {
    "start": 723.54,
    "end": 723.94,
    "speaker": "老师",
    "text": "哎，"
  },
  {
    "start": 723.94,
    "end": 730.84,
    "speaker": "老师",
    "text": "我们只要做出三角形的，"
  },
  {
    "start": 730.84,
    "end": 733.48,
    "speaker": "老师",
    "text": "然后找一线这个焦点区，"
  },
  {
    "start": 733.48,
    "end": 736.61,
    "speaker": "老师",
    "text": "就是我们所需的明白了吧？"
  },
  {
    "start": 737.17,
    "end": 737.97,
    "speaker": "老师",
    "text": "好，"
  },
  {
    "start": 738.03,
    "end": 742.06,
    "speaker": "老师",
    "text": "现在老师把题目改一下，"
  },
  {
    "start": 742.06,
    "end": 747.92,
    "speaker": "老师",
    "text": "如果把限制条件在疫区内去掉，"
  },
  {
    "start": 747.92,
    "end": 751.49,
    "speaker": "老师",
    "text": "又该如何选择呢？"
  },
  {
    "start": 751.49,
    "end": 754.47,
    "speaker": "老师",
    "text": "这东西是思考。"
  },
  {
    "start": 754.47,
    "end": 756.3,
    "speaker": "老师",
    "text": "好，"
  },
  {
    "start": 756.3,
    "end": 758.94,
    "speaker": "老师",
    "text": "这样的位置有几处呢，"
  },
  {
    "start": 758.96,
    "end": 764.9,
    "speaker": "老师",
    "text": "是不是还是这个热力处呢？"
  },
  {
    "start": 764.9,
    "end": 766.3,
    "speaker": "老师",
    "text": "其确答案不是。"
  },
  {
    "start": 766.3,
    "end": 778.22,
    "speaker": "老师",
    "text": "同样我再来三角形ABC的内部有一个合适的位置。"
  },
  {
    "start": 778.32,
    "end": 786.04,
    "speaker": "老师",
    "text": "那么在车内呢还有没有啊？"
  },
  {
    "start": 786.04,
    "end": 790.68,
    "speaker": "老师",
    "text": "我们做角ABC外角的等分线，"
  },
  {
    "start": 790.72,
    "end": 800.38,
    "speaker": "老师",
    "text": "并且做角BOCY角的这两条甲状线，"
  },
  {
    "start": 800.38,
    "end": 804.72,
    "speaker": "老师",
    "text": "它也相交于一个点。"
  },
  {
    "start": 804.72,
    "end": 805.98,
    "speaker": "老师",
    "text": "大哥，"
  },
  {
    "start": 806.32,
    "end": 813.56,
    "speaker": "老师",
    "text": "这是他满不满足大夫的要求呢。"
  },
  {
    "start": 813.56,
    "end": 813.98,
    "speaker": "老师",
    "text": "来，"
  },
  {
    "start": 814.48,
    "end": 819.48,
    "speaker": "老师",
    "text": "请看二在角ABCY角的平分线上，"
  },
  {
    "start": 819.54,
    "end": 824.03,
    "speaker": "老师",
    "text": "那么它的这个角两边的距离是相等的，"
  },
  {
    "start": 824.03,
    "end": 829.57,
    "speaker": "老师",
    "text": "也就是到BC的距离和到AB的距离下，"
  },
  {
    "start": 829.57,
    "end": 830.37,
    "speaker": "老师",
    "text": "对吧？"
  },
  {
    "start": 830.71,
    "end": 831.43,
    "speaker": "老师",
    "text": "同理，"
  },
  {
    "start": 831.51,
    "end": 837.57,
    "speaker": "老师",
    "text": "p二在角BAC外角的平分线上，"
  },
  {
    "start": 837.57,
    "end": 840.29,
    "speaker": "老师",
    "text": "那么他的AB的距离等于到AC的距离。"
  },
  {
    "start": 840.29,
    "end": 844.17,
    "speaker": "老师",
    "text": "三点仍然满足倒三角形三条边的距离。"
  },
  {
    "start": 844.17,
    "end": 844.65,
    "speaker": "老师",
    "text": "好，"
  },
  {
    "start": 844.77,
    "end": 853.71,
    "speaker": "老师",
    "text": "同样这个第二点还有没有其他的位置呢？"
  },
  {
    "start": 853.71,
    "end": 855.13,
    "speaker": "老师",
    "text": "对了，"
  },
  {
    "start": 855.91,
    "end": 863.51,
    "speaker": "老师",
    "text": "我们也可以做角BAC外角的平分线，"
  },
  {
    "start": 863.73,
    "end": 876.19,
    "speaker": "老师",
    "text": "以及角BCA外角的平分线得到焦点，"
  },
  {
    "start": 876.31,
    "end": 887.27,
    "speaker": "老师",
    "text": "这个点仍然满足到三条边的距离相等，"
  },
  {
    "start": 887.27,
    "end": 945.54,
    "speaker": "老师",
    "text": "还有没有别的点啊？"
  },
  {
    "start": 945.54,
    "end": 949.88,
    "speaker": "老师",
    "text": "但尔他下面还有一个，"
  },
  {
    "start": 950.36,
    "end": 956.37,
    "speaker": "老师",
    "text": "因此这样的位置一共有四种啊，"
  },
  {
    "start": 956.41,
    "end": 960.11,
    "speaker": "老师",
    "text": "一共有四处好了，"
  },
  {
    "start": 960.17,
    "end": 964.75,
    "speaker": "老师",
    "text": "怎么这位小红呢？"
  },
  {
    "start": 964.75,
    "end": 966.63,
    "speaker": "老师",
    "text": "慢慢明白了一个问，"
  },
  {
    "start": 966.63,
    "end": 983.26,
    "speaker": "老师",
    "text": "他说上一节课学习甲平分线判定定理时什么要强调再找另一个，"
  },
  {
    "start": 983.26,
    "end": 986.76,
    "speaker": "老师",
    "text": "大家知道为什么了吧？"
  },
  {
    "start": 986.76,
    "end": 987.24,
    "speaker": "老师",
    "text": "哎，"
  },
  {
    "start": 989.97,
    "end": 998.3,
    "speaker": "老师",
    "text": "原因就是在角的外部其实也存在着嘞到早两度距离相等的点。"
  },
  {
    "start": 998.3,
    "end": 1003.44,
    "speaker": "老师",
    "text": "但是我们讲一根线是在讲内部，"
  },
  {
    "start": 1003.44,
    "end": 1014.0,
    "speaker": "老师",
    "text": "所以我们要强调是在讲内部啊呃这就对我们数学的严谨性是不是好。"
  },
  {
    "start": 1014.0,
    "end": 1019.71,
    "speaker": "老师",
    "text": "那么下面我们再来看一个在三角形ABC中，"
  },
  {
    "start": 1024.9,
    "end": 1037.08,
    "speaker": "老师",
    "text": "角a b等于九十度甲b等于这样说。"
  },
  {
    "start": 1037.58,
    "end": 1039.76,
    "speaker": "老师",
    "text": "Abc是角平分线，"
  },
  {
    "start": 1040.76,
    "end": 1053.46,
    "speaker": "老师",
    "text": "AB与c相交于点FI垂直、AB垂直、BC垂直分别为嗯所证f一等于，"
  },
  {
    "start": 1053.46,
    "end": 1055.8,
    "speaker": "老师",
    "text": "请大家思考，"
  },
  {
    "start": 1056.38,
    "end": 1057.26,
    "speaker": "老师",
    "text": "对吧？"
  },
  {
    "start": 1057.26,
    "end": 1058.58,
    "speaker": "老师",
    "text": "看见没？"
  },
  {
    "start": 1058.58,
    "end": 1060.66,
    "speaker": "老师",
    "text": "这道题目的，"
  },
  {
    "start": 1060.66,
    "end": 1066.82,
    "speaker": "老师",
    "text": "题目、条件和啊图形相应来说比较复杂。"
  },
  {
    "start": 1066.82,
    "end": 1081.41,
    "speaker": "老师",
    "text": "但是呢我们要善于来寻找他的解皮的蛛丝马迹。"
  },
  {
    "start": 1081.41,
    "end": 1086.31,
    "speaker": "老师",
    "text": "首先我们从结论来看，"
  },
  {
    "start": 1086.31,
    "end": 1094.28,
    "speaker": "老师",
    "text": "我们要证明FE等于该怎么办呢？"
  },
  {
    "start": 1094.28,
    "end": 1096.6,
    "speaker": "老师",
    "text": "仔细观察图形可以发现，"
  },
  {
    "start": 1096.6,
    "end": 1104.54,
    "speaker": "老师",
    "text": "三角形FEM与三角形FBN应该是一种全等三角形。"
  },
  {
    "start": 1104.54,
    "end": 1107.58,
    "speaker": "老师",
    "text": "所以我们从他为突破口，"
  },
  {
    "start": 1107.58,
    "end": 1111.37,
    "speaker": "老师",
    "text": "只要我们把成本解决了，"
  },
  {
    "start": 1111.69,
    "end": 1118.46,
    "speaker": "老师",
    "text": "那么这个结论自然而然就证明出来了。"
  },
  {
    "start": 1118.56,
    "end": 1126.36,
    "speaker": "老师",
    "text": "这两个三角形会全等吗？"
  },
  {
    "start": 1126.36,
    "end": 1130.59,
    "speaker": "老师",
    "text": "我们再进一步来观察条件，"
  },
  {
    "start": 1130.59,
    "end": 1143.09,
    "speaker": "老师",
    "text": "给了三角形两个标角的条件，"
  },
  {
    "start": 1143.09,
    "end": 1146.71,
    "speaker": "老师",
    "text": "还有了两条角平线的条件。"
  },
  {
    "start": 1146.71,
    "end": 1150.09,
    "speaker": "老师",
    "text": "那种职位两个垂直的条件，"
  },
  {
    "start": 1150.11,
    "end": 1152.81,
    "speaker": "老师",
    "text": "AB和是三角形的两条角横线，"
  },
  {
    "start": 1152.81,
    "end": 1161.62,
    "speaker": "老师",
    "text": "FMM分别是到角两三角形两边的距离。"
  },
  {
    "start": 1161.62,
    "end": 1166.33,
    "speaker": "老师",
    "text": "由此同学们想到了什么呢？"
  },
  {
    "start": 1169.51,
    "end": 1170.65,
    "speaker": "老师",
    "text": "嗯，"
  },
  {
    "start": 1172.98,
    "end": 1173.61,
    "speaker": "老师",
    "text": "好，"
  },
  {
    "start": 1174.4,
    "end": 1177.91,
    "speaker": "老师",
    "text": "根据刚刚的学习，"
  },
  {
    "start": 1179.68,
    "end": 1183.99,
    "speaker": "老师",
    "text": "三角形三条角和的线相交于一片。"
  },
  {
    "start": 1183.99,
    "end": 1191.08,
    "speaker": "老师",
    "text": "这个焦点f到三角形三边的距离会相等，"
  },
  {
    "start": 1191.2,
    "end": 1195.69,
    "speaker": "老师",
    "text": "也就是说FM是等于完蛋啊，"
  },
  {
    "start": 1195.69,
    "end": 1199.57,
    "speaker": "老师",
    "text": "所以这两个三角形全等我们还缺条件，"
  },
  {
    "start": 1199.57,
    "end": 1201.71,
    "speaker": "老师",
    "text": "已经有了一种成长。"
  },
  {
    "start": 1201.71,
    "end": 1209.64,
    "speaker": "老师",
    "text": "有了一台下面我们是去判出边相等的，"
  },
  {
    "start": 1209.64,
    "end": 1215.93,
    "speaker": "老师",
    "text": "还是只看究角相等的，"
  },
  {
    "start": 1216.84,
    "end": 1220.74,
    "speaker": "老师",
    "text": "相信大家都有了自己的答案。"
  },
  {
    "start": 1220.74,
    "end": 1225.58,
    "speaker": "老师",
    "text": "假如我们是看究边相等，"
  },
  {
    "start": 1225.9,
    "end": 1228.28,
    "speaker": "老师",
    "text": "那我就只能去证明EM等于DN."
  },
  {
    "start": 1228.84,
    "end": 1237.12,
    "speaker": "老师",
    "text": "这个看上去是一件不容易的事情，"
  },
  {
    "start": 1238.93,
    "end": 1239.75,
    "speaker": "老师",
    "text": "不符合本案的。"
  },
  {
    "start": 1239.75,
    "end": 1244.73,
    "speaker": "老师",
    "text": "而如果我们去探究它的锐角相等的话，"
  },
  {
    "start": 1244.93,
    "end": 1250.2,
    "speaker": "老师",
    "text": "那么我们有两条路是证明角FEF等于角f呃，"
  },
  {
    "start": 1250.2,
    "end": 1256.78,
    "speaker": "老师",
    "text": "这一组照片二的位置，"
  },
  {
    "start": 1256.78,
    "end": 1265.57,
    "speaker": "老师",
    "text": "这两个锐角的度数能不能求出来呢？"
  },
  {
    "start": 1266.56,
    "end": 1269.26,
    "speaker": "老师",
    "text": "甲FBO,"
  },
  {
    "start": 1270.02,
    "end": 1274.62,
    "speaker": "老师",
    "text": "大家请看在三角形ABC中，"
  },
  {
    "start": 1274.62,
    "end": 1279.05,
    "speaker": "老师",
    "text": "它是这个直角三角形的一个锐角。"
  },
  {
    "start": 1279.05,
    "end": 1288.16,
    "speaker": "老师",
    "text": "而这个直角形它另外一个较小的锐角就是可以减害的。"
  },
  {
    "start": 1288.22,
    "end": 1293.45,
    "speaker": "老师",
    "text": "一所以找FDN,"
  },
  {
    "start": 1293.45,
    "end": 1295.29,
    "speaker": "老师",
    "text": "它是本级是误误。"
  },
  {
    "start": 1295.29,
    "end": 1309.57,
    "speaker": "老师",
    "text": "因此我们再求一下角MEF甲FEF他是三角形AEC的什么right,"
  },
  {
    "start": 1309.57,
    "end": 1317.94,
    "speaker": "老师",
    "text": "而三角形ABC它的两个位角是也是可求的。"
  },
  {
    "start": 1318.14,
    "end": 1322.97,
    "speaker": "老师",
    "text": "比如说角EAC是三十度，"
  },
  {
    "start": 1322.99,
    "end": 1325.61,
    "speaker": "老师",
    "text": "角EC是四十五度，"
  },
  {
    "start": 1325.61,
    "end": 1326.73,
    "speaker": "老师",
    "text": "对吧？"
  },
  {
    "start": 1326.73,
    "end": 1330.35,
    "speaker": "老师",
    "text": "这个word呢也是技术的，"
  },
  {
    "start": 1331.05,
    "end": 1340.69,
    "speaker": "老师",
    "text": "所以我们看成这两个三角形的较大的一组锐角相等是完全是可行的，"
  },
  {
    "start": 1340.69,
    "end": 1342.03,
    "speaker": "老师",
    "text": "也很轻松。"
  },
  {
    "start": 1342.03,
    "end": 1349.39,
    "speaker": "老师",
    "text": "我们还有一条路可表现这两个较小的锐角，"
  },
  {
    "start": 1349.39,
    "end": 1355.09,
    "speaker": "老师",
    "text": "EMEFM和角EFN突然两个较小的锐角，"
  },
  {
    "start": 1355.09,
    "end": 1358.0,
    "speaker": "老师",
    "text": "它们会不会相等呢？"
  },
  {
    "start": 1358.0,
    "end": 1360.32,
    "speaker": "老师",
    "text": "如果是走这条路，"
  },
  {
    "start": 1360.32,
    "end": 1364.6,
    "speaker": "老师",
    "text": "那么显然比证明那两个七十五度角要难一些，"
  },
  {
    "start": 1364.6,
    "end": 1367.54,
    "speaker": "老师",
    "text": "但是这度其实也是可行的啊，"
  },
  {
    "start": 1367.54,
    "end": 1370.03,
    "speaker": "老师",
    "text": "等一下我们再讲好了，"
  },
  {
    "start": 1370.97,
    "end": 1371.59,
    "speaker": "老师",
    "text": "总而言之，"
  },
  {
    "start": 1371.59,
    "end": 1378.59,
    "speaker": "老师",
    "text": "这两个小三角形它们有两组角一组边对应相等啊，"
  },
  {
    "start": 1378.59,
    "end": 1383.39,
    "speaker": "老师",
    "text": "所以它们会全等。"
  },
  {
    "start": 1383.39,
    "end": 1383.73,
    "speaker": "老师",
    "text": "好，"
  },
  {
    "start": 1383.73,
    "end": 1389.48,
    "speaker": "老师",
    "text": "下面我们来看一下他的。"
  },
  {
    "start": 1389.48,
    "end": 1389.72,
    "speaker": "老师",
    "text": "对，"
  },
  {
    "start": 1389.72,
    "end": 1390.98,
    "speaker": "老师",
    "text": "因为AB平分角，"
  },
  {
    "start": 1390.98,
    "end": 1403.04,
    "speaker": "老师",
    "text": "BOCCE平分角ACDFF垂直OBFN垂直BC."
  },
  {
    "start": 1403.04,
    "end": 1412.53,
    "speaker": "老师",
    "text": "所以f带鱼啊这里面取出来两个平的两个垂子得到了FM,"
  },
  {
    "start": 1412.53,
    "end": 1415.65,
    "speaker": "老师",
    "text": "等于FN."
  },
  {
    "start": 1415.65,
    "end": 1417.63,
    "speaker": "老师",
    "text": "他的依据是什么？"
  },
  {
    "start": 1417.63,
    "end": 1421.23,
    "speaker": "老师",
    "text": "这是我们这节课的主题，"
  },
  {
    "start": 1421.25,
    "end": 1431.07,
    "speaker": "老师",
    "text": "三角形角平分线的交点到三边的距离相等啊，"
  },
  {
    "start": 1431.07,
    "end": 1436.81,
    "speaker": "老师",
    "text": "然后我们再来进行一些角度的计算。"
  },
  {
    "start": 1436.81,
    "end": 1441.27,
    "speaker": "老师",
    "text": "第一步算出角BAC等于三十度啊，"
  },
  {
    "start": 1441.27,
    "end": 1446.05,
    "speaker": "老师",
    "text": "进而得到这两个小角都是十五度，"
  },
  {
    "start": 1446.05,
    "end": 1447.63,
    "speaker": "老师",
    "text": "这个很简单吧。"
  },
  {
    "start": 1447.63,
    "end": 1447.81,
    "speaker": "老师",
    "text": "好，"
  },
  {
    "start": 1447.81,
    "end": 1450.84,
    "speaker": "老师",
    "text": "因此就可以得到角ADC的度数了。"
  },
  {
    "start": 1451.71,
    "end": 1451.99,
    "speaker": "老师",
    "text": "呃，"
  },
  {
    "start": 1451.99,
    "end": 1460.22,
    "speaker": "老师",
    "text": "角ABC等于九十度减一十五度等于七十五度啊。"
  },
  {
    "start": 1460.22,
    "end": 1467.08,
    "speaker": "老师",
    "text": "三角形ADC是个直角三角形，"
  },
  {
    "start": 1467.08,
    "end": 1470.13,
    "speaker": "老师",
    "text": "两个内角互余好，"
  },
  {
    "start": 1476.0,
    "end": 1478.04,
    "speaker": "老师",
    "text": "还可以得到啊，"
  },
  {
    "start": 1478.04,
    "end": 1482.74,
    "speaker": "老师",
    "text": "角AC是四十五度啊，"
  },
  {
    "start": 1482.74,
    "end": 1484.24,
    "speaker": "老师",
    "text": "对角平分线是吧？"
  },
  {
    "start": 1484.24,
    "end": 1488.01,
    "speaker": "老师",
    "text": "九十度除以二，"
  },
  {
    "start": 1490.7,
    "end": 1492.84,
    "speaker": "老师",
    "text": "这样的话就可以算出角，"
  },
  {
    "start": 1492.84,
    "end": 1500.82,
    "speaker": "老师",
    "text": "BC等于三十度加四十五度也等于七十五度啊，"
  },
  {
    "start": 1500.82,
    "end": 1508.74,
    "speaker": "老师",
    "text": "就是三角形的外角等于不相邻的两内角之和。"
  },
  {
    "start": 1508.74,
    "end": 1514.97,
    "speaker": "老师",
    "text": "于是在这两个侧扇形中啊，"
  },
  {
    "start": 1514.97,
    "end": 1517.99,
    "speaker": "老师",
    "text": "他们有一组较大的锐角，"
  },
  {
    "start": 1517.99,
    "end": 1518.63,
    "speaker": "老师",
    "text": "是七十五度，"
  },
  {
    "start": 1518.63,
    "end": 1520.9,
    "speaker": "老师",
    "text": "有一组直角。"
  },
  {
    "start": 1521.56,
    "end": 1529.74,
    "speaker": "老师",
    "text": "另外还有什么我们根据三角形角平分线的性质，"
  },
  {
    "start": 1608.31,
    "end": 1609.91,
    "speaker": "老师",
    "text": "得到的FM等于a轴，"
  },
  {
    "start": 1609.91,
    "end": 1612.83,
    "speaker": "老师",
    "text": "所以他们全在啊，"
  },
  {
    "start": 1612.83,
    "end": 1626.61,
    "speaker": "老师",
    "text": "所以呢f一就等于f什么事这个问题得到的解决啊。"
  },
  {
    "start": 1626.61,
    "end": 1629.13,
    "speaker": "老师",
    "text": "下面呢老师把它对试一下，"
  },
  {
    "start": 1630.36,
    "end": 1637.5,
    "speaker": "老师",
    "text": "你试一下删除其他的一个导致吧。"
  },
  {
    "start": 1637.5,
    "end": 1642.12,
    "speaker": "老师",
    "text": "大家知道八八百块钱三十了吗？"
  },
  {
    "start": 1642.4,
    "end": 1648.16,
    "speaker": "老师",
    "text": "把角a点九十度这个中间删除了，"
  },
  {
    "start": 1648.26,
    "end": 1653.92,
    "speaker": "老师",
    "text": "那么此时结论呢就仍然倒定，"
  },
  {
    "start": 1654.02,
    "end": 1655.44,
    "speaker": "老师",
    "text": "这可是奇怪了哈。"
  },
  {
    "start": 1655.62,
    "end": 1656.16,
    "speaker": "老师",
    "text": "同学们，"
  },
  {
    "start": 1656.16,
    "end": 1665.58,
    "speaker": "老师",
    "text": "我们再来一次来分析这个题目条件呢仍然还是有两条角平线、两个垂直，"
  },
  {
    "start": 1665.58,
    "end": 1672.6,
    "speaker": "老师",
    "text": "所以我们仍然可以得到FM这两个三角形。"
  },
  {
    "start": 1673.06,
    "end": 1676.1,
    "speaker": "老师",
    "text": "从几何值观来看，"
  },
  {
    "start": 1676.1,
    "end": 1677.72,
    "speaker": "老师",
    "text": "他们还是全等。"
  },
  {
    "start": 1677.74,
    "end": 1680.62,
    "speaker": "老师",
    "text": "所以我们仍然以这个成本为突破口啊，"
  },
  {
    "start": 1680.62,
    "end": 1698.74,
    "speaker": "老师",
    "text": "已经有了一组直角一组边。"
  },
  {
    "start": 1698.74,
    "end": 1707.05,
    "speaker": "老师",
    "text": "所以它和前面那道题的方法本质上是一样的，"
  },
  {
    "start": 1707.91,
    "end": 1713.28,
    "speaker": "老师",
    "text": "就是要再找到一组角相等就可以了。"
  },
  {
    "start": 1713.28,
    "end": 1714.62,
    "speaker": "老师",
    "text": "是不是这样啊？"
  },
  {
    "start": 1714.62,
    "end": 1718.04,
    "speaker": "老师",
    "text": "那么再来证明一种角上的有两条路口，"
  },
  {
    "start": 1718.04,
    "end": 1732.89,
    "speaker": "老师",
    "text": "一种就是你去证明角MEF等于角f或者是证明角EFM等于角。"
  },
  {
    "start": 1732.89,
    "end": 1738.63,
    "speaker": "老师",
    "text": "在不知道角ACB的度数情况下，"
  },
  {
    "start": 1738.63,
    "end": 1743.93,
    "speaker": "老师",
    "text": "这两个较大的锐角那就给我们相反有一些困难，"
  },
  {
    "start": 1743.93,
    "end": 1749.11,
    "speaker": "老师",
    "text": "我们可以尝试来证明这两个较小的位角相等。"
  },
  {
    "start": 1749.11,
    "end": 1752.94,
    "speaker": "老师",
    "text": "那么怎么来证明这两个较小的位角相等呢？"
  },
  {
    "start": 1753.6,
    "end": 1754.18,
    "speaker": "老师",
    "text": "小红，"
  },
  {
    "start": 1754.18,
    "end": 1756.02,
    "speaker": "老师",
    "text": "他明白了自己的思路，"
  },
  {
    "start": 1756.02,
    "end": 1757.21,
    "speaker": "老师",
    "text": "他说，"
  },
  {
    "start": 1757.21,
    "end": 1760.98,
    "speaker": "老师",
    "text": "第一位先得到角AFC等于一百二十度。"
  },
  {
    "start": 1760.98,
    "end": 1765.56,
    "speaker": "老师",
    "text": "当然这个对顶角e二和这一就就等一八十。"
  },
  {
    "start": 1765.56,
    "end": 1765.82,
    "speaker": "老师",
    "text": "好，"
  },
  {
    "start": 1765.82,
    "end": 1769.14,
    "speaker": "老师",
    "text": "同学们这两个角为什么是一百二十度呢？"
  },
  {
    "start": 1769.14,
    "end": 1771.34,
    "speaker": "老师",
    "text": "请大家思考一下。"
  },
  {
    "start": 1771.34,
    "end": 1771.64,
    "speaker": "老师",
    "text": "好，"
  },
  {
    "start": 1771.64,
    "end": 1776.54,
    "speaker": "老师",
    "text": "我想同学们已经有了自己答案了。"
  },
  {
    "start": 1776.54,
    "end": 1779.15,
    "speaker": "老师",
    "text": "根据三角形的内角和，"
  },
  {
    "start": 1779.15,
    "end": 1784.82,
    "speaker": "老师",
    "text": "我们可以求出角BAC加角BCA一百八十，"
  },
  {
    "start": 1784.82,
    "end": 1794.8,
    "speaker": "老师",
    "text": "下面两个大小的和是一百二十度，"
  },
  {
    "start": 1794.8,
    "end": 1798.84,
    "speaker": "老师",
    "text": "而AF和CF是角平的线。"
  },
  {
    "start": 1798.84,
    "end": 1803.2,
    "speaker": "老师",
    "text": "所以底下两个小角的和就是多少度呢？"
  },
  {
    "start": 1803.2,
    "end": 1805.5,
    "speaker": "老师",
    "text": "最后等于那两个大枣合的一半，"
  },
  {
    "start": 1805.5,
    "end": 1813.29,
    "speaker": "老师",
    "text": "大概也就是角FAC加角FCA等于六十。"
  },
  {
    "start": 1814.22,
    "end": 1821.16,
    "speaker": "老师",
    "text": "然后我们再根据三角形内角和就可以求得角AFC,"
  },
  {
    "start": 1821.16,
    "end": 1823.1,
    "speaker": "老师",
    "text": "就等于多少度啊，"
  },
  {
    "start": 1823.82,
    "end": 1825.38,
    "speaker": "老师",
    "text": "一百二十度啊，"
  },
  {
    "start": 1825.5,
    "end": 1831.02,
    "speaker": "老师",
    "text": "所以角AFC呀等于角EFD等于八十度就等一等搞懂了吗？"
  },
  {
    "start": 1831.02,
    "end": 1831.24,
    "speaker": "老师",
    "text": "好，"
  },
  {
    "start": 1831.24,
    "end": 1833.74,
    "speaker": "老师",
    "text": "我们再来看第二个，"
  },
  {
    "start": 1833.74,
    "end": 1836.6,
    "speaker": "老师",
    "text": "求周角MF一百八十度。"
  },
  {
    "start": 1836.6,
    "end": 1841.09,
    "speaker": "老师",
    "text": "那么这两个黄色的线段所夹的角，"
  },
  {
    "start": 1842.88,
    "end": 1844.76,
    "speaker": "老师",
    "text": "它也是一百二十度，"
  },
  {
    "start": 1844.76,
    "end": 1846.72,
    "speaker": "老师",
    "text": "这是为什么呢？"
  },
  {
    "start": 1847.08,
    "end": 1848.22,
    "speaker": "老师",
    "text": "请大家思考，"
  },
  {
    "start": 1850.4,
    "end": 1852.28,
    "speaker": "老师",
    "text": "好在四边形BFFN中，"
  },
  {
    "start": 1852.28,
    "end": 1854.02,
    "speaker": "老师",
    "text": "我们有一个小常识吧，"
  },
  {
    "start": 1854.02,
    "end": 1856.61,
    "speaker": "老师",
    "text": "四边形的内角和是三百，"
  },
  {
    "start": 1856.97,
    "end": 1858.79,
    "speaker": "老师",
    "text": "对吧？"
  },
  {
    "start": 1858.79,
    "end": 1863.74,
    "speaker": "老师",
    "text": "他三个内角分别是九十九、十和六十度，"
  },
  {
    "start": 1863.74,
    "end": 1871.24,
    "speaker": "老师",
    "text": "所以呢在这四个内角吧就可以用三百六十度减九十度减九十度减六十度等于一百二十度，"
  },
  {
    "start": 1871.24,
    "end": 1874.63,
    "speaker": "老师",
    "text": "因此角EFB等于角MFN."
  },
  {
    "start": 1874.63,
    "end": 1879.1,
    "speaker": "老师",
    "text": "这样的话我们能想到什么呢？"
  },
  {
    "start": 1879.1,
    "end": 1879.94,
    "speaker": "老师",
    "text": "哎，"
  },
  {
    "start": 1880.34,
    "end": 1883.76,
    "speaker": "老师",
    "text": "我们就没想到角一等于角二了。"
  },
  {
    "start": 1883.76,
    "end": 1887.44,
    "speaker": "老师",
    "text": "大家看左边这个小角叫角一，"
  },
  {
    "start": 1887.5,
    "end": 1892.27,
    "speaker": "老师",
    "text": "右边这个小角叫角二，"
  },
  {
    "start": 1892.27,
    "end": 1895.73,
    "speaker": "老师",
    "text": "中间这个叫角三啊。"
  },
  {
    "start": 1897.34,
    "end": 1902.35,
    "speaker": "老师",
    "text": "因为角EFD是一百二十度，"
  },
  {
    "start": 1902.35,
    "end": 1903.12,
    "speaker": "老师",
    "text": "也就是角一加角三等于一百二，"
  },
  {
    "start": 1902.83,
    "end": 1903.12,
    "speaker": "老师",
    "text": "对吧？"
  },
  {
    "start": 1902.83,
    "end": 1903.12,
    "speaker": "老师",
    "text": "而这两个黄色线段的夹角也是一百，"
  },
  {
    "start": 1902.83,
    "end": 1903.12,
    "speaker": "老师",
    "text": "所以角二再角三也是一百二啊，"
  },
  {
    "start": 1902.83,
    "end": 1903.12,
    "speaker": "老师",
    "text": "通过本身的性质就可以得到角一等于角二。"
  },
  {
    "start": 1902.83,
    "end": 1903.12,
    "speaker": "老师",
    "text": "因此这两个三角形的全等的一个最关键的条件就被我们推导出来了啊，"
  },
  {
    "start": 1902.83,
    "end": 1903.12,
    "speaker": "老师",
    "text": "再加上前面的直角和黄色的线段相等，"
  },
  {
    "start": 1902.83,
    "end": 1903.12,
    "speaker": "老师",
    "text": "就可以证出这两个r个三角形全等，"
  },
  {
    "start": 1902.83,
    "end": 1903.12,
    "speaker": "老师",
    "text": "从而也就得到了我们的结论。"
  },
  {
    "start": 1902.83,
    "end": 1903.12,
    "speaker": "老师",
    "text": "啊，"
  },
  {
    "start": 1902.83,
    "end": 1903.12,
    "speaker": "老师",
    "text": "所以这道感题能告诉我们单条件，"
  },
  {
    "start": 1902.83,
    "end": 1903.12,
    "speaker": "老师",
    "text": "有的时候啊，"
  },
  {
    "start": 1902.83,
    "end": 1903.12,
    "speaker": "老师",
    "text": "我们可原告用一些非常规的手段。"
  },
  {
    "start": 1902.83,
    "end": 1903.12,
    "speaker": "老师",
    "text": "什么叫非常规手段？"
  },
  {
    "start": 1902.83,
    "end": 1903.12,
    "speaker": "老师",
    "text": "并不是把每个角分别的求出来，"
  },
  {
    "start": 1902.83,
    "end": 1903.12,
    "speaker": "老师",
    "text": "求出来求出来，"
  },
  {
    "start": 1902.83,
    "end": 1903.12,
    "speaker": "老师",
    "text": "而是可能用一些整体的思想啊，"
  },
  {
    "start": 1902.83,
    "end": 1903.12,
    "speaker": "老师",
    "text": "那么这也就说明他的本质是更需要啊，"
  },
  {
    "start": 1902.83,
    "end": 1903.12,
    "speaker": "老师",
    "text": "已知三角形ABC的三个内角啊，"
  },
  {
    "start": 1902.83,
    "end": 1903.12,
    "speaker": "老师",
    "text": "只要已知角边的六十度就可以了啊。"
  },
  {
    "start": 1902.83,
    "end": 1903.12,
    "speaker": "老师",
    "text": "好，"
  },
  {
    "start": 1902.83,
    "end": 1903.12,
    "speaker": "老师",
    "text": "本节课我们就上到这里。"
  },
  {
    "start": 1902.83,
    "end": 1903.12,
    "speaker": "老师",
    "text": "最后我们来看一下啊，"
  },
  {
    "start": 1902.83,
    "end": 1903.12,
    "speaker": "老师",
    "text": "今天的主要内容是呢啊学习了三角形的角平的一些性质，"
  },
  {
    "start": 1902.83,
    "end": 1903.12,
    "speaker": "老师",
    "text": "三角形的三条角平线相交于点，"
  },
  {
    "start": 1902.83,
    "end": 1903.12,
    "speaker": "老师",
    "text": "并且这一点到三条边的距离相等。"
  },
  {
    "start": 1902.83,
    "end": 1903.12,
    "speaker": "老师",
    "text": "同时我们在做题的时候啊，"
  },
  {
    "start": 1902.83,
    "end": 1903.12,
    "speaker": "老师",
    "text": "要充分省清利用已知条件，"
  },
  {
    "start": 1902.83,
    "end": 1903.12,
    "speaker": "老师",
    "text": "有些条件具有限制范围的作用，"
  },
  {
    "start": 1902.83,
    "end": 1903.12,
    "speaker": "老师",
    "text": "它决定了法案的个数。"
  },
  {
    "start": 1902.83,
    "end": 1903.12,
    "speaker": "老师",
    "text": "啊，"
  },
  {
    "start": 1902.83,
    "end": 1903.12,
    "speaker": "老师",
    "text": "比如说我们的第一症，"
  },
  {
    "start": 1902.83,
    "end": 1903.12,
    "speaker": "老师",
    "text": "他长到了丈人找的妹妹啊，"
  },
  {
    "start": 1902.83,
    "end": 1903.12,
    "speaker": "老师",
    "text": "在阴影区域内，"
  },
  {
    "start": 1902.83,
    "end": 1903.12,
    "speaker": "老师",
    "text": "那么这样的话它就只有一个键。"
  },
  {
    "start": 1902.83,
    "end": 1903.12,
    "speaker": "老师",
    "text": "但是如果没有这种限制条件，"
  },
  {
    "start": 1902.83,
    "end": 1903.12,
    "speaker": "老师",
    "text": "那它就有四个键了，"
  },
  {
    "start": 1902.83,
    "end": 1903.12,
    "speaker": "老师",
    "text": "对吧？"
  },
  {
    "start": 1902.83,
    "end": 1903.12,
    "speaker": "老师",
    "text": "而且是通过删除某个条件有相同的职位，"
  },
  {
    "start": 1902.83,
    "end": 1903.12,
    "speaker": "老师",
    "text": "这就是一个追的溯源的过程。"
  },
  {
    "start": 1902.83,
    "end": 1903.12,
    "speaker": "老师",
    "text": "事实上，"
  },
  {
    "start": 1902.83,
    "end": 1903.12,
    "speaker": "老师",
    "text": "同学们啊如果说能够对某些团队进行更深入的思考啊，"
  },
  {
    "start": 1902.83,
    "end": 1903.12,
    "speaker": "老师",
    "text": "你就会发现它的本质，"
  },
  {
    "start": 1902.83,
    "end": 1903.12,
    "speaker": "老师",
    "text": "从而达到整一层通一片的效果。"
  },
  {
    "start": 1902.83,
    "end": 1903.12,
    "speaker": "老师",
    "text": "今天的周业有两项。"
  },
  {
    "start": 1902.83,
    "end": 1903.12,
    "speaker": "老师",
    "text": "好，"
  },
  {
    "start": 1902.83,
    "end": 1903.12,
    "speaker": "老师",
    "text": "这节课上到这里，"
  },
  {
    "start": 1902.83,
    "end": 1903.12,
    "speaker": "老师",
    "text": "同学们再见。"
  }
]