[
  {
    "start": 9.34,
    "end": 11.02,
    "speaker": "老师",
    "text": "同学们好，"
  },
  {
    "start": 11.02,
    "end": 13.32,
    "speaker": "老师",
    "text": "通过前面几节课的学习，"
  },
  {
    "start": 13.32,
    "end": 18.6,
    "speaker": "老师",
    "text": "我们发现不等式与等式的相似度很高。"
  },
  {
    "start": 18.6,
    "end": 21.2,
    "speaker": "老师",
    "text": "我们大家都知道，"
  },
  {
    "start": 21.2,
    "end": 26.37,
    "speaker": "老师",
    "text": "在等式王国中有一个方程家族，"
  },
  {
    "start": 26.37,
    "end": 33.32,
    "speaker": "老师",
    "text": "在方程家族中有一元叫一元一次方程。"
  },
  {
    "start": 33.62,
    "end": 47.47,
    "speaker": "老师",
    "text": "下面我们就来回忆一下什么叫一元一次方程。"
  },
  {
    "start": 47.47,
    "end": 52.62,
    "speaker": "老师",
    "text": "我们把只含有一个未知数，"
  },
  {
    "start": 52.62,
    "end": 53.84,
    "speaker": "老师",
    "text": "即一元，"
  },
  {
    "start": 53.86,
    "end": 59.36,
    "speaker": "老师",
    "text": "并且未知数的最高次数为一，"
  },
  {
    "start": 59.44,
    "end": 66.66,
    "speaker": "老师",
    "text": "即一次的整式方程叫做一元一次方程。"
  },
  {
    "start": 66.68,
    "end": 68.18,
    "speaker": "老师",
    "text": "那么同学们，"
  },
  {
    "start": 68.38,
    "end": 80.08,
    "speaker": "老师",
    "text": "你还记得解一元一次方程的一般步骤吗？"
  },
  {
    "start": 80.16,
    "end": 82.13,
    "speaker": "老师",
    "text": "对了，"
  },
  {
    "start": 82.13,
    "end": 85.28,
    "speaker": "老师",
    "text": "它有五个步骤，"
  },
  {
    "start": 85.66,
    "end": 88.92,
    "speaker": "老师",
    "text": "第一步去分离。"
  },
  {
    "start": 89.06,
    "end": 91.18,
    "speaker": "老师",
    "text": "第二步，"
  },
  {
    "start": 91.24,
    "end": 94.06,
    "speaker": "老师",
    "text": "去括号第三步，"
  },
  {
    "start": 95.71,
    "end": 96.88,
    "speaker": "老师",
    "text": "移项第四步，"
  },
  {
    "start": 97.91,
    "end": 102.71,
    "speaker": "老师",
    "text": "合并同类项第五步，"
  },
  {
    "start": 102.97,
    "end": 104.77,
    "speaker": "老师",
    "text": "细速化为一。"
  },
  {
    "start": 106.23,
    "end": 112.47,
    "speaker": "老师",
    "text": "同学们都知道整式王勃当中有成元一元一次方程，"
  },
  {
    "start": 112.47,
    "end": 145.99,
    "speaker": "老师",
    "text": "那么不等式王国当中是不是也存在着一元一次不等式呢？"
  },
  {
    "start": 145.99,
    "end": 147.41,
    "speaker": "老师",
    "text": "答案是肯定的。"
  },
  {
    "start": 147.41,
    "end": 154.26,
    "speaker": "老师",
    "text": "我们今天就来学习一元一次不等式，"
  },
  {
    "start": 154.26,
    "end": 159.49,
    "speaker": "老师",
    "text": "请同学们来观察下列不等式。"
  },
  {
    "start": 159.53,
    "end": 165.66,
    "speaker": "老师",
    "text": "第一个二x减二点五，"
  },
  {
    "start": 165.66,
    "end": 168.5,
    "speaker": "老师",
    "text": "大于等于十五。"
  },
  {
    "start": 168.74,
    "end": 175.53,
    "speaker": "老师",
    "text": "第二个x小于等于八点七五，"
  },
  {
    "start": 175.53,
    "end": 177.65,
    "speaker": "老师",
    "text": "第三个x小于四，"
  },
  {
    "start": 177.65,
    "end": 188.82,
    "speaker": "老师",
    "text": "第四个五加三x大于两百四十。"
  },
  {
    "start": 188.82,
    "end": 202.0,
    "speaker": "老师",
    "text": "同学们观察一下这些不等式有哪些共同的特点呢？"
  },
  {
    "start": 202.0,
    "end": 203.52,
    "speaker": "老师",
    "text": "好，"
  },
  {
    "start": 203.52,
    "end": 204.96,
    "speaker": "老师",
    "text": "我们一起来看。"
  },
  {
    "start": 205.0,
    "end": 212.28,
    "speaker": "老师",
    "text": "我们发现这些不等式的左右两边都是整式。"
  },
  {
    "start": 212.3,
    "end": 228.06,
    "speaker": "老师",
    "text": "同时第一个不等式整个不等式当中只含有一个未知数，"
  },
  {
    "start": 228.06,
    "end": 230.08,
    "speaker": "老师",
    "text": "x第二个也是如此。"
  },
  {
    "start": 230.08,
    "end": 239.38,
    "speaker": "老师",
    "text": "第三个也是第四个也是并且这些未知数的最高次数都是一。"
  },
  {
    "start": 239.4,
    "end": 243.72,
    "speaker": "老师",
    "text": "那我们来看一下这样的不等式，"
  },
  {
    "start": 243.72,
    "end": 249.54,
    "speaker": "老师",
    "text": "看了哈这些不等式两边都是整式。"
  },
  {
    "start": 249.54,
    "end": 252.78,
    "speaker": "老师",
    "text": "同时只含有一个未知数，"
  },
  {
    "start": 252.78,
    "end": 274.28,
    "speaker": "老师",
    "text": "并且未知数的最高次数是一。"
  },
  {
    "start": 274.34,
    "end": 280.9,
    "speaker": "老师",
    "text": "像这样的不等式叫做一元一次不等式，"
  },
  {
    "start": 282.06,
    "end": 286.26,
    "speaker": "老师",
    "text": "我们就收获了一元一次不等式的定义。"
  },
  {
    "start": 286.52,
    "end": 290.18,
    "speaker": "老师",
    "text": "我们来看一下，"
  },
  {
    "start": 290.18,
    "end": 301.5,
    "speaker": "老师",
    "text": "如果将这里面四个不等式的不等号全部改为等号，"
  },
  {
    "start": 301.52,
    "end": 311.56,
    "speaker": "老师",
    "text": "同学们会发现它是我们非常熟悉的一元一次方程，"
  },
  {
    "start": 311.58,
    "end": 321.51,
    "speaker": "老师",
    "text": "那么我们就来比较一下一元一次方程与一元一次不等式。"
  },
  {
    "start": 321.55,
    "end": 329.61,
    "speaker": "老师",
    "text": "一元一次方程表示的是等量关系用等号连接。"
  },
  {
    "start": 331.13,
    "end": 335.29,
    "speaker": "老师",
    "text": "一元一次不等式表示的是不等关系，"
  },
  {
    "start": 335.29,
    "end": 338.02,
    "speaker": "老师",
    "text": "用不等号连接，"
  },
  {
    "start": 338.02,
    "end": 346.5,
    "speaker": "老师",
    "text": "发现他们的相似度还是很高的。"
  },
  {
    "start": 346.54,
    "end": 352.42,
    "speaker": "老师",
    "text": "下面我们来找一下一元一次不等式。"
  },
  {
    "start": 352.74,
    "end": 359.46,
    "speaker": "老师",
    "text": "下列不等式当中属于一元依次不等式的。"
  },
  {
    "start": 359.5,
    "end": 360.0,
    "speaker": "老师",
    "text": "有，"
  },
  {
    "start": 360.22,
    "end": 373.24,
    "speaker": "老师",
    "text": "我们看到第一个四大于一这个不等式当中并没有含有未知数，"
  },
  {
    "start": 373.44,
    "end": 386.14,
    "speaker": "老师",
    "text": "所以它不是第二个x减一大于二x我们发现这个不等式的左右两边都是整式，"
  },
  {
    "start": 386.18,
    "end": 400.53,
    "speaker": "老师",
    "text": "同时左右两边都只含有同一个未知数x并且最高次数都是一。"
  },
  {
    "start": 400.53,
    "end": 406.64,
    "speaker": "老师",
    "text": "所以第二个是我们看到第三个，"
  },
  {
    "start": 406.64,
    "end": 409.5,
    "speaker": "老师",
    "text": "第三个是负二小于零，"
  },
  {
    "start": 410.62,
    "end": 412.6,
    "speaker": "老师",
    "text": "它跟第一个一样，"
  },
  {
    "start": 412.6,
    "end": 414.86,
    "speaker": "老师",
    "text": "也不是我们来看到。"
  },
  {
    "start": 414.92,
    "end": 426.79,
    "speaker": "老师",
    "text": "第四个四x减三小于二y在这里他满足条件不等式的左右两边都是整式，"
  },
  {
    "start": 426.79,
    "end": 435.09,
    "speaker": "老师",
    "text": "并且所含未知数的项的次数是一。"
  },
  {
    "start": 435.27,
    "end": 439.62,
    "speaker": "老师",
    "text": "但是在这个不等式的左右，"
  },
  {
    "start": 439.7,
    "end": 444.4,
    "speaker": "老师",
    "text": "两边含有了两个未知数，"
  },
  {
    "start": 444.4,
    "end": 448.35,
    "speaker": "老师",
    "text": "一个是x一个是y,"
  },
  {
    "start": 448.35,
    "end": 453.77,
    "speaker": "老师",
    "text": "因此它不是一元一次不等式。"
  },
  {
    "start": 453.77,
    "end": 463.93,
    "speaker": "老师",
    "text": "所以这里的答案应该是只有二，"
  },
  {
    "start": 463.93,
    "end": 469.12,
    "speaker": "老师",
    "text": "我们会认识会辨别一元一次不等式。"
  },
  {
    "start": 469.6,
    "end": 480.13,
    "speaker": "老师",
    "text": "接下来我们就来解一下一元一次不等式。"
  },
  {
    "start": 480.49,
    "end": 497.18,
    "speaker": "老师",
    "text": "首先我们看到例一解不等式三减x小于二x加六，"
  },
  {
    "start": 497.18,
    "end": 502.36,
    "speaker": "老师",
    "text": "并把它的解集表示在数轴上解。"
  },
  {
    "start": 502.38,
    "end": 505.86,
    "speaker": "老师",
    "text": "首先，"
  },
  {
    "start": 505.94,
    "end": 509.74,
    "speaker": "老师",
    "text": "我们根据不等式的基本性质，"
  },
  {
    "start": 509.74,
    "end": 513.79,
    "speaker": "老师",
    "text": "一、两边都减二，"
  },
  {
    "start": 513.79,
    "end": 519.83,
    "speaker": "老师",
    "text": "x减三得到三减x减二，"
  },
  {
    "start": 519.83,
    "end": 522.25,
    "speaker": "老师",
    "text": "x减三小于二，"
  },
  {
    "start": 522.25,
    "end": 524.03,
    "speaker": "老师",
    "text": "x加六减二，"
  },
  {
    "start": 524.05,
    "end": 525.98,
    "speaker": "老师",
    "text": "x减三，"
  },
  {
    "start": 525.98,
    "end": 530.58,
    "speaker": "老师",
    "text": "合并同类项的负三x小于三。"
  },
  {
    "start": 530.68,
    "end": 534.06,
    "speaker": "老师",
    "text": "根据不等式的基本性质，"
  },
  {
    "start": 534.06,
    "end": 542.56,
    "speaker": "老师",
    "text": "三两边同时除以负三负三是一个负数。"
  },
  {
    "start": 542.58,
    "end": 548.9,
    "speaker": "老师",
    "text": "所以不等号的方向要发生改变，"
  },
  {
    "start": 548.9,
    "end": 553.14,
    "speaker": "老师",
    "text": "从而就可以得到x大于负。"
  },
  {
    "start": 553.28,
    "end": 560.39,
    "speaker": "老师",
    "text": "我们要把这个不等式的解集表示，"
  },
  {
    "start": 560.39,
    "end": 561.64,
    "speaker": "老师",
    "text": "在数轴上，"
  },
  {
    "start": 562.58,
    "end": 568.66,
    "speaker": "老师",
    "text": "这是我们上一节课讲的内容。"
  },
  {
    "start": 568.72,
    "end": 575.25,
    "speaker": "老师",
    "text": "我们把不等式的解集表示，"
  },
  {
    "start": 575.25,
    "end": 580.99,
    "speaker": "老师",
    "text": "在数轴上先得画一个标准的数轴，"
  },
  {
    "start": 580.99,
    "end": 583.57,
    "speaker": "老师",
    "text": "这里x大于负一，"
  },
  {
    "start": 583.57,
    "end": 586.67,
    "speaker": "老师",
    "text": "说明负一，"
  },
  {
    "start": 587.35,
    "end": 589.13,
    "speaker": "老师",
    "text": "没有取等号。"
  },
  {
    "start": 589.13,
    "end": 595.38,
    "speaker": "老师",
    "text": "我们要在数轴上找到表示负一的点的位置，"
  },
  {
    "start": 595.4,
    "end": 606.51,
    "speaker": "老师",
    "text": "并且标上一个空心圆圈，"
  },
  {
    "start": 606.63,
    "end": 614.33,
    "speaker": "老师",
    "text": "根据我们的法则大于向右。"
  },
  {
    "start": 614.41,
    "end": 624.77,
    "speaker": "老师",
    "text": "所以这个不等式的解集在数轴上表示如下，"
  },
  {
    "start": 624.85,
    "end": 632.12,
    "speaker": "老师",
    "text": "有同学说老师这里要写的文字太多了，"
  },
  {
    "start": 632.54,
    "end": 641.64,
    "speaker": "老师",
    "text": "能不能类比着解一元一次方程一样，"
  },
  {
    "start": 641.64,
    "end": 646.62,
    "speaker": "老师",
    "text": "用简单明了的语言概括它的步骤呢？"
  },
  {
    "start": 646.82,
    "end": 654.21,
    "speaker": "老师",
    "text": "那我们一起来做一个比较，"
  },
  {
    "start": 654.25,
    "end": 657.0,
    "speaker": "老师",
    "text": "左边是解方程，"
  },
  {
    "start": 657.0,
    "end": 666.86,
    "speaker": "老师",
    "text": "第一步去国好德三减三，"
  },
  {
    "start": 666.92,
    "end": 668.5,
    "speaker": "老师",
    "text": "x等于二，"
  },
  {
    "start": 668.5,
    "end": 679.21,
    "speaker": "老师",
    "text": "x加十八一上午负三，"
  },
  {
    "start": 679.31,
    "end": 681.23,
    "speaker": "老师",
    "text": "x减二，"
  },
  {
    "start": 682.66,
    "end": 686.47,
    "speaker": "老师",
    "text": "x等于十八减三，"
  },
  {
    "start": 687.15,
    "end": 698.28,
    "speaker": "老师",
    "text": "合并同类项得负x等于十五系数化为一的x等于负三。"
  },
  {
    "start": 698.28,
    "end": 702.12,
    "speaker": "老师",
    "text": "如果我将这个等号改为大于号，"
  },
  {
    "start": 702.12,
    "end": 708.23,
    "speaker": "老师",
    "text": "就变成了我们刚才所讲的一元依次不等式。"
  },
  {
    "start": 708.23,
    "end": 720.3,
    "speaker": "老师",
    "text": "那我们就来解这个一元一次不等式。"
  },
  {
    "start": 720.3,
    "end": 726.32,
    "speaker": "老师",
    "text": "第一步去括号第二步，"
  },
  {
    "start": 726.5,
    "end": 728.64,
    "speaker": "老师",
    "text": "两边同时减二，"
  },
  {
    "start": 728.64,
    "end": 729.78,
    "speaker": "老师",
    "text": "x减三得负三，"
  },
  {
    "start": 729.78,
    "end": 730.94,
    "speaker": "老师",
    "text": "x减二，"
  },
  {
    "start": 730.94,
    "end": 735.19,
    "speaker": "老师",
    "text": "x大于十八减三，"
  },
  {
    "start": 735.33,
    "end": 739.17,
    "speaker": "老师",
    "text": "合并同类项格负x大于食物，"
  },
  {
    "start": 739.35,
    "end": 750.5,
    "speaker": "老师",
    "text": "两边同时除以负得负是一个负数。"
  },
  {
    "start": 750.56,
    "end": 756.24,
    "speaker": "老师",
    "text": "根据不等式的基本性质，"
  },
  {
    "start": 756.42,
    "end": 762.19,
    "speaker": "老师",
    "text": "三两边同时除以一个负数，"
  },
  {
    "start": 762.19,
    "end": 768.55,
    "speaker": "老师",
    "text": "不等号的方向要发生改变。"
  },
  {
    "start": 768.67,
    "end": 773.99,
    "speaker": "老师",
    "text": "所以这里的大于号要改为小于号。"
  },
  {
    "start": 774.25,
    "end": 776.52,
    "speaker": "老师",
    "text": "同学们，"
  },
  {
    "start": 776.64,
    "end": 793.52,
    "speaker": "老师",
    "text": "我们来比较一下左边解方程的第一步和右边解一元一次不等式的第一步是一样的，"
  },
  {
    "start": 793.68,
    "end": 801.5,
    "speaker": "老师",
    "text": "都是取括号右边解一元一次不等式的。"
  },
  {
    "start": 801.68,
    "end": 807.6,
    "speaker": "老师",
    "text": "第二步是同时减去二x减三。"
  },
  {
    "start": 807.78,
    "end": 819.52,
    "speaker": "老师",
    "text": "其二x在右边变到左边变成了负二x三，"
  },
  {
    "start": 819.52,
    "end": 824.88,
    "speaker": "老师",
    "text": "在左边变到右边变成了负三。"
  },
  {
    "start": 824.88,
    "end": 833.27,
    "speaker": "老师",
    "text": "它和我们解方程的结果一样，"
  },
  {
    "start": 833.27,
    "end": 841.25,
    "speaker": "老师",
    "text": "所以我们可以把这个两边同时减二x减三类似的，"
  },
  {
    "start": 841.55,
    "end": 847.23,
    "speaker": "老师",
    "text": "跟我们方程一样改为移项。"
  },
  {
    "start": 847.23,
    "end": 847.95,
    "speaker": "老师",
    "text": "第三步，"
  },
  {
    "start": 848.37,
    "end": 849.95,
    "speaker": "老师",
    "text": "两者是一样的，"
  },
  {
    "start": 849.95,
    "end": 853.86,
    "speaker": "老师",
    "text": "我们再来看第四步，"
  },
  {
    "start": 853.86,
    "end": 859.2,
    "speaker": "老师",
    "text": "解一元一次方程是系数化为一。"
  },
  {
    "start": 859.44,
    "end": 868.63,
    "speaker": "老师",
    "text": "解一元一次不等式是两边同时除以负，"
  },
  {
    "start": 868.63,
    "end": 874.53,
    "speaker": "老师",
    "text": "两边同时除以负，"
  },
  {
    "start": 874.61,
    "end": 879.83,
    "speaker": "老师",
    "text": "其目的是将负x的系数负变成一。"
  },
  {
    "start": 879.83,
    "end": 885.17,
    "speaker": "老师",
    "text": "所以我们这个两边同时除以负，"
  },
  {
    "start": 885.17,
    "end": 890.57,
    "speaker": "老师",
    "text": "也可以把它化简为叫做系数化为一。"
  },
  {
    "start": 890.71,
    "end": 907.79,
    "speaker": "老师",
    "text": "我们发现解一元一次不等式与解一元一次方程的方法步骤非常的类似，"
  },
  {
    "start": 907.83,
    "end": 914.56,
    "speaker": "老师",
    "text": "带着这些简洁明了的步骤，"
  },
  {
    "start": 914.56,
    "end": 925.57,
    "speaker": "老师",
    "text": "我们来进行第二个例题的讲解。"
  },
  {
    "start": 925.57,
    "end": 939.16,
    "speaker": "老师",
    "text": "解不等式二分之x减二大于等于三分之七减x并把它的锦集表示在数轴上，"
  },
  {
    "start": 939.24,
    "end": 943.03,
    "speaker": "老师",
    "text": "这里有分母。"
  },
  {
    "start": 943.09,
    "end": 945.73,
    "speaker": "老师",
    "text": "第一步姐去分母德，"
  },
  {
    "start": 945.87,
    "end": 954.76,
    "speaker": "老师",
    "text": "我们根据不等式的基本性质，"
  },
  {
    "start": 954.8,
    "end": 959.3,
    "speaker": "老师",
    "text": "二两边同时乘以六，"
  },
  {
    "start": 959.44,
    "end": 969.0,
    "speaker": "老师",
    "text": "也就是去分母得三乘以x减二，"
  },
  {
    "start": 969.06,
    "end": 995.15,
    "speaker": "老师",
    "text": "大于等于二乘以括号七减x括号去国好德三x减六大于等于十四减二x一项得三x加二x大于等于十四加六。"
  },
  {
    "start": 995.15,
    "end": 1018.56,
    "speaker": "老师",
    "text": "合并同类项的五x大于等于二十系数化为一得x大于等于四。"
  },
  {
    "start": 1018.62,
    "end": 1025.96,
    "speaker": "老师",
    "text": "我们要把它的锦集表示在数轴上。"
  },
  {
    "start": 1025.96,
    "end": 1026.88,
    "speaker": "老师",
    "text": "同样的，"
  },
  {
    "start": 1026.88,
    "end": 1028.8,
    "speaker": "老师",
    "text": "刚才讲了，"
  },
  {
    "start": 1028.8,
    "end": 1032.31,
    "speaker": "老师",
    "text": "先画一个标准，"
  },
  {
    "start": 1032.97,
    "end": 1033.67,
    "speaker": "老师",
    "text": "数轴，"
  },
  {
    "start": 1033.77,
    "end": 1040.65,
    "speaker": "老师",
    "text": "找到数轴上表示四的数的位置，"
  },
  {
    "start": 1040.67,
    "end": 1042.75,
    "speaker": "老师",
    "text": "这里四取了等号，"
  },
  {
    "start": 1042.75,
    "end": 1047.97,
    "speaker": "老师",
    "text": "所以刺包含在几级内。"
  },
  {
    "start": 1047.97,
    "end": 1048.83,
    "speaker": "老师",
    "text": "因此，"
  },
  {
    "start": 1048.87,
    "end": 1055.67,
    "speaker": "老师",
    "text": "我们在四那你就应该用实心原点，"
  },
  {
    "start": 1055.77,
    "end": 1058.65,
    "speaker": "老师",
    "text": "根据大于向右的原则。"
  },
  {
    "start": 1058.65,
    "end": 1065.12,
    "speaker": "老师",
    "text": "这个不等式的解集在数轴上表示，"
  },
  {
    "start": 1065.12,
    "end": 1065.88,
    "speaker": "老师",
    "text": "如下，"
  },
  {
    "start": 1065.88,
    "end": 1073.59,
    "speaker": "老师",
    "text": "我们发现用了这种简洁明了的步骤，"
  },
  {
    "start": 1073.59,
    "end": 1081.58,
    "speaker": "老师",
    "text": "是不是所写的东西比上节的所写的东西要少一些。"
  },
  {
    "start": 1081.94,
    "end": 1092.31,
    "speaker": "老师",
    "text": "下面我们来归纳一下减一元一次不等式的步骤。"
  },
  {
    "start": 1092.31,
    "end": 1097.11,
    "speaker": "老师",
    "text": "第一步去分母，"
  },
  {
    "start": 1097.69,
    "end": 1103.64,
    "speaker": "老师",
    "text": "其依据是不等式的基本性质二或者三。"
  },
  {
    "start": 1106.49,
    "end": 1107.99,
    "speaker": "老师",
    "text": "第二步，"
  },
  {
    "start": 1107.99,
    "end": 1114.46,
    "speaker": "老师",
    "text": "去括号依据是整式乘法法则。"
  },
  {
    "start": 1117.65,
    "end": 1119.49,
    "speaker": "老师",
    "text": "第三步，"
  },
  {
    "start": 1119.55,
    "end": 1126.75,
    "speaker": "老师",
    "text": "移项依据是不等式的基本性质。"
  },
  {
    "start": 1126.75,
    "end": 1127.23,
    "speaker": "老师",
    "text": "一。"
  },
  {
    "start": 1127.23,
    "end": 1129.13,
    "speaker": "老师",
    "text": "第四步，"
  },
  {
    "start": 1129.15,
    "end": 1139.5,
    "speaker": "老师",
    "text": "合并同类项，"
  },
  {
    "start": 1139.5,
    "end": 1143.32,
    "speaker": "老师",
    "text": "依据是合并同类项法则。"
  },
  {
    "start": 1143.4,
    "end": 1145.16,
    "speaker": "老师",
    "text": "第五步，"
  },
  {
    "start": 1145.3,
    "end": 1146.78,
    "speaker": "老师",
    "text": "系数化为一，"
  },
  {
    "start": 1147.02,
    "end": 1153.57,
    "speaker": "老师",
    "text": "其依据是不等式的基本性质二或者三，"
  },
  {
    "start": 1153.57,
    "end": 1164.32,
    "speaker": "老师",
    "text": "这是我们解一元一次不等式的一般步骤。"
  },
  {
    "start": 1164.32,
    "end": 1172.92,
    "speaker": "老师",
    "text": "同时请大家要注意一点，"
  },
  {
    "start": 1172.92,
    "end": 1185.56,
    "speaker": "老师",
    "text": "写不等式的解集时要把表示未知数的字母写在不等号的左边。"
  },
  {
    "start": 1185.56,
    "end": 1189.88,
    "speaker": "老师",
    "text": "带着这些简洁明了的步骤，"
  },
  {
    "start": 1189.92,
    "end": 1196.53,
    "speaker": "老师",
    "text": "我们来看到巩固练习。"
  },
  {
    "start": 1196.67,
    "end": 1203.36,
    "speaker": "老师",
    "text": "一解不等式四乘以括号x减一，"
  },
  {
    "start": 1203.36,
    "end": 1210.13,
    "speaker": "老师",
    "text": "括号加三大于等于三，"
  },
  {
    "start": 1210.13,
    "end": 1216.3,
    "speaker": "老师",
    "text": "x解去括号得四，"
  },
  {
    "start": 1216.78,
    "end": 1225.26,
    "speaker": "老师",
    "text": "x减四加三大于等于三x一项得四，"
  },
  {
    "start": 1225.26,
    "end": 1227.3,
    "speaker": "老师",
    "text": "x减三，"
  },
  {
    "start": 1227.3,
    "end": 1231.38,
    "speaker": "老师",
    "text": "x大于等于四减三，"
  },
  {
    "start": 1231.38,
    "end": 1236.03,
    "speaker": "老师",
    "text": "合并同类项和x大于等于一。"
  },
  {
    "start": 1236.03,
    "end": 1255.56,
    "speaker": "老师",
    "text": "我们来看到第二解不等式二分之一加x小于等于三分之一，"
  },
  {
    "start": 1255.56,
    "end": 1264.72,
    "speaker": "老师",
    "text": "加二x加一并把解集在数轴上表示出来，"
  },
  {
    "start": 1264.72,
    "end": 1269.63,
    "speaker": "老师",
    "text": "请同学们拿出草稿纸写一下这道题。"
  },
  {
    "start": 1269.63,
    "end": 1270.07,
    "speaker": "老师",
    "text": "好，"
  },
  {
    "start": 1270.25,
    "end": 1303.09,
    "speaker": "老师",
    "text": "我们一起来且区分五德三乘以括号一加x括号小于等于二乘以括号一加二x括号加六去过浩德三加三x小于等于二加四x加六，"
  },
  {
    "start": 1303.09,
    "end": 1311.72,
    "speaker": "老师",
    "text": "一向德三x减四x小于等于二加六减三。"
  },
  {
    "start": 1311.78,
    "end": 1341.26,
    "speaker": "老师",
    "text": "合并同类项的负x小于等于不服系数化为一得x大于等于负。"
  },
  {
    "start": 1341.26,
    "end": 1346.91,
    "speaker": "老师",
    "text": "把紧急要在数轴上表示出来，"
  },
  {
    "start": 1346.91,
    "end": 1351.51,
    "speaker": "老师",
    "text": "这里我们就不再重复了。"
  },
  {
    "start": 1352.36,
    "end": 1356.6,
    "speaker": "老师",
    "text": "这个不等式的解集在数轴上表示，"
  },
  {
    "start": 1356.6,
    "end": 1357.2,
    "speaker": "老师",
    "text": "如下，"
  },
  {
    "start": 1357.2,
    "end": 1358.32,
    "speaker": "老师",
    "text": "同学们，"
  },
  {
    "start": 1358.44,
    "end": 1362.1,
    "speaker": "老师",
    "text": "你们都做对了吗？"
  },
  {
    "start": 1362.1,
    "end": 1364.24,
    "speaker": "老师",
    "text": "我把这道题变一下，"
  },
  {
    "start": 1364.24,
    "end": 1371.13,
    "speaker": "老师",
    "text": "若求适合原不等式的最小负整数解呢，"
  },
  {
    "start": 1371.13,
    "end": 1373.97,
    "speaker": "老师",
    "text": "若题目改为这个，"
  },
  {
    "start": 1373.97,
    "end": 1380.42,
    "speaker": "老师",
    "text": "那么同学们还得根据刚才所写的步骤，"
  },
  {
    "start": 1380.42,
    "end": 1388.03,
    "speaker": "老师",
    "text": "这样把它写到这一步为止。"
  },
  {
    "start": 1388.13,
    "end": 1395.08,
    "speaker": "老师",
    "text": "原不等式的最小负整数解，"
  },
  {
    "start": 1395.12,
    "end": 1402.05,
    "speaker": "老师",
    "text": "我们得到原不等式的解集是x大于等于负五，"
  },
  {
    "start": 1402.05,
    "end": 1415.44,
    "speaker": "老师",
    "text": "那么它的最小负整数解就是x等于下面请同学们开动脑筋。"
  },
  {
    "start": 1415.46,
    "end": 1417.48,
    "speaker": "老师",
    "text": "看到下面这个题，"
  },
  {
    "start": 1417.48,
    "end": 1422.5,
    "speaker": "老师",
    "text": "这是某同学解不等式的过程，"
  },
  {
    "start": 1422.5,
    "end": 1425.61,
    "speaker": "老师",
    "text": "请大家认真仔细的看。"
  },
  {
    "start": 1425.61,
    "end": 1428.16,
    "speaker": "老师",
    "text": "请问它的过程有错误吗？"
  },
  {
    "start": 1428.22,
    "end": 1429.98,
    "speaker": "老师",
    "text": "如果有错误，"
  },
  {
    "start": 1429.98,
    "end": 1434.67,
    "speaker": "老师",
    "text": "请你指出来，"
  },
  {
    "start": 1434.67,
    "end": 1437.83,
    "speaker": "老师",
    "text": "你们知道它有几处错误吗？"
  },
  {
    "start": 1437.83,
    "end": 1444.27,
    "speaker": "老师",
    "text": "我们来看第一步去分母的时候，"
  },
  {
    "start": 1444.27,
    "end": 1446.95,
    "speaker": "老师",
    "text": "是根据不等式的基本性质，"
  },
  {
    "start": 1446.95,
    "end": 1449.31,
    "speaker": "老师",
    "text": "二两边同时乘了八，"
  },
  {
    "start": 1449.31,
    "end": 1453.6,
    "speaker": "老师",
    "text": "你有没有发现他的问题在哪里？"
  },
  {
    "start": 1453.64,
    "end": 1457.56,
    "speaker": "老师",
    "text": "两边同时乘以八，"
  },
  {
    "start": 1457.56,
    "end": 1459.08,
    "speaker": "老师",
    "text": "每一项都要乘八，"
  },
  {
    "start": 1459.08,
    "end": 1462.24,
    "speaker": "老师",
    "text": "他偏偏这个三没有乘以八，"
  },
  {
    "start": 1462.24,
    "end": 1464.5,
    "speaker": "老师",
    "text": "所以他偏心了。"
  },
  {
    "start": 1464.5,
    "end": 1472.46,
    "speaker": "老师",
    "text": "因此第一步的错误在这里，"
  },
  {
    "start": 1472.5,
    "end": 1476.93,
    "speaker": "老师",
    "text": "你们不能偏心哦。"
  },
  {
    "start": 1477.8,
    "end": 1546.64,
    "speaker": "老师",
    "text": "第二去括号第一个括号三乘以y加一的和没有错。"
  },
  {
    "start": 1569.61,
    "end": 1612.09,
    "speaker": "老师",
    "text": "你有没有发现他在做去第二个国号的时候，"
  },
  {
    "start": 1612.09,
    "end": 1617.53,
    "speaker": "老师",
    "text": "父王乘以y减一的差括号前面是负数，"
  },
  {
    "start": 1617.53,
    "end": 1621.32,
    "speaker": "老师",
    "text": "那么负二去乘以负一的时候，"
  },
  {
    "start": 1621.36,
    "end": 1623.31,
    "speaker": "老师",
    "text": "它得到是负二，"
  },
  {
    "start": 1623.47,
    "end": 1625.01,
    "speaker": "老师",
    "text": "应该是正二，"
  },
  {
    "start": 1625.01,
    "end": 1632.83,
    "speaker": "老师",
    "text": "所以这一步也错了，"
  },
  {
    "start": 1632.87,
    "end": 1641.41,
    "speaker": "老师",
    "text": "可能有的同学就不会再看下去，"
  },
  {
    "start": 1641.41,
    "end": 1646.66,
    "speaker": "老师",
    "text": "我们再来看看他还有错误吗？"
  },
  {
    "start": 1646.68,
    "end": 1647.16,
    "speaker": "老师",
    "text": "对，"
  },
  {
    "start": 1647.16,
    "end": 1650.29,
    "speaker": "老师",
    "text": "我们看到这里，"
  },
  {
    "start": 1650.29,
    "end": 1655.33,
    "speaker": "老师",
    "text": "当它的系数化为一的时候，"
  },
  {
    "start": 1655.33,
    "end": 1658.55,
    "speaker": "老师",
    "text": "两边同时除的是五。"
  },
  {
    "start": 1658.55,
    "end": 1665.92,
    "speaker": "老师",
    "text": "可能有的同学就跟他一样犯着错，"
  },
  {
    "start": 1665.92,
    "end": 1672.54,
    "speaker": "老师",
    "text": "看到负号就容易激动，"
  },
  {
    "start": 1672.66,
    "end": 1678.16,
    "speaker": "老师",
    "text": "就想到要改变不等号的方向。"
  },
  {
    "start": 1678.3,
    "end": 1687.16,
    "speaker": "老师",
    "text": "这里两边同时除的是五根据不等式的基本性质，"
  },
  {
    "start": 1687.16,
    "end": 1696.93,
    "speaker": "老师",
    "text": "二、不达到的方向不要发生改变。"
  },
  {
    "start": 1697.11,
    "end": 1700.46,
    "speaker": "老师",
    "text": "而这里发生了改变，"
  },
  {
    "start": 1700.46,
    "end": 1709.21,
    "speaker": "老师",
    "text": "所以这里也是错，"
  },
  {
    "start": 1709.21,
    "end": 1714.68,
    "speaker": "老师",
    "text": "因此本题有三处错误。"
  },
  {
    "start": 1714.68,
    "end": 1719.14,
    "speaker": "老师",
    "text": "下面我们一起来把这道题解一下。"
  },
  {
    "start": 1719.18,
    "end": 1725.4,
    "speaker": "老师",
    "text": "解去分五德去华汉一项，"
  },
  {
    "start": 1725.4,
    "end": 1731.47,
    "speaker": "老师",
    "text": "何必同类项系数画喂一二。"
  },
  {
    "start": 1731.79,
    "end": 1742.12,
    "speaker": "老师",
    "text": "同学们注意哈它的三个错误，"
  },
  {
    "start": 1742.12,
    "end": 1747.71,
    "speaker": "老师",
    "text": "我们在这里都纠正过来，"
  },
  {
    "start": 1747.71,
    "end": 1755.09,
    "speaker": "老师",
    "text": "希望你们在做作业的时候也要认真细致一点，"
  },
  {
    "start": 1755.11,
    "end": 1759.29,
    "speaker": "老师",
    "text": "不要再犯刚才他所犯的错。"
  },
  {
    "start": 1760.25,
    "end": 1765.19,
    "speaker": "老师",
    "text": "下面我们看到拓展及升体第一题，"
  },
  {
    "start": 1765.19,
    "end": 1772.18,
    "speaker": "老师",
    "text": "关于x的不等式二x减a小于等于负一的解集，"
  },
  {
    "start": 1773.48,
    "end": 1774.7,
    "speaker": "老师",
    "text": "如图所示，"
  },
  {
    "start": 1774.76,
    "end": 1778.27,
    "speaker": "老师",
    "text": "则a的取值是多少？"
  },
  {
    "start": 1778.27,
    "end": 1782.09,
    "speaker": "老师",
    "text": "同学们，"
  },
  {
    "start": 1782.09,
    "end": 1788.05,
    "speaker": "老师",
    "text": "根据数轴上给的解集，"
  },
  {
    "start": 1788.05,
    "end": 1793.69,
    "speaker": "老师",
    "text": "我们会非常容易的，"
  },
  {
    "start": 1793.91,
    "end": 1797.14,
    "speaker": "老师",
    "text": "知道x是小于等于负一。"
  },
  {
    "start": 1797.14,
    "end": 1803.56,
    "speaker": "老师",
    "text": "我们再来看一下我们这个不等式是关于x的不等式。"
  },
  {
    "start": 1804.28,
    "end": 1809.07,
    "speaker": "老师",
    "text": "所以我们在根据不等式的基本性质，"
  },
  {
    "start": 1809.07,
    "end": 1818.47,
    "speaker": "老师",
    "text": "一两边同时加上一个a也就是一项的二x小于等于a减一，"
  },
  {
    "start": 1819.03,
    "end": 1821.69,
    "speaker": "老师",
    "text": "将x的系数化为一得，"
  },
  {
    "start": 1821.69,
    "end": 1828.77,
    "speaker": "老师",
    "text": "就得到我们的x小于等于二分之a减一。"
  },
  {
    "start": 1828.79,
    "end": 1837.1,
    "speaker": "老师",
    "text": "数轴上的解集告诉我们，"
  },
  {
    "start": 1837.16,
    "end": 1840.1,
    "speaker": "老师",
    "text": "x是小于等于负一，"
  },
  {
    "start": 1840.36,
    "end": 1847.59,
    "speaker": "老师",
    "text": "所以二分之a减一就应该等于负一，"
  },
  {
    "start": 1847.59,
    "end": 1854.26,
    "speaker": "老师",
    "text": "从而解得a等于负一。"
  },
  {
    "start": 1855.62,
    "end": 1864.53,
    "speaker": "老师",
    "text": "因此本题的答案是选b接下来我们看到。"
  },
  {
    "start": 1865.92,
    "end": 1866.52,
    "speaker": "老师",
    "text": "第二，"
  },
  {
    "start": 1866.52,
    "end": 1873.26,
    "speaker": "老师",
    "text": "请大家也思考一下啊，"
  },
  {
    "start": 1873.26,
    "end": 1882.93,
    "speaker": "老师",
    "text": "若关于x的方程三乘以括号x加四括号等于二，"
  },
  {
    "start": 1883.17,
    "end": 1903.79,
    "speaker": "老师",
    "text": "a七加五的解大于关于x的方程四分之括号四a加一括号x等于三分之a乘以三，"
  },
  {
    "start": 1903.79,
    "end": 1910.18,
    "speaker": "老师",
    "text": "x减四括号的积是确定a的取值范围。"
  },
  {
    "start": 1910.18,
    "end": 1921.49,
    "speaker": "老师",
    "text": "我们看到这里第一个方程的解大于第二个方程的解。"
  },
  {
    "start": 1921.49,
    "end": 1928.23,
    "speaker": "老师",
    "text": "所以我们得把第一个方程的解可以求出来，"
  },
  {
    "start": 1928.31,
    "end": 1932.11,
    "speaker": "老师",
    "text": "把第二个方程的解求出来，"
  },
  {
    "start": 1932.11,
    "end": 1940.49,
    "speaker": "老师",
    "text": "再根据这里的不等词大于列出一个关于a的不等式，"
  },
  {
    "start": 1940.49,
    "end": 1943.28,
    "speaker": "老师",
    "text": "从而就可以作答。"
  },
  {
    "start": 1943.28,
    "end": 1949.81,
    "speaker": "老师",
    "text": "因为解一元一次方程是以前学的内容，"
  },
  {
    "start": 1949.81,
    "end": 1959.72,
    "speaker": "老师",
    "text": "所以我们直接得出第一个方程的解释x等于三分之二a减七。"
  },
  {
    "start": 1959.98,
    "end": 1962.06,
    "speaker": "老师",
    "text": "第二个方程的解释，"
  },
  {
    "start": 1962.06,
    "end": 1973.09,
    "speaker": "老师",
    "text": "x等于负三分之十六a所以三分之二a减七大于负三分之十六a接下来我们就解这个不等式区分五德二a减七大于负十六a一向得二a加十六a大于七。"
  },
  {
    "start": 1972.7,
    "end": 1973.09,
    "speaker": "老师",
    "text": "合并同类项的失败大于七，"
  },
  {
    "start": 1972.7,
    "end": 1973.09,
    "speaker": "老师",
    "text": "系数化为一得a大于十八分之七，"
  },
  {
    "start": 1972.7,
    "end": 1973.09,
    "speaker": "老师",
    "text": "所以a的取值范围是a大于十八分之七，"
  },
  {
    "start": 1972.7,
    "end": 1973.09,
    "speaker": "老师",
    "text": "你们做对了吗？"
  },
  {
    "start": 1972.7,
    "end": 1973.09,
    "speaker": "老师",
    "text": "同学们通过这一节课，"
  },
  {
    "start": 1972.7,
    "end": 1973.09,
    "speaker": "老师",
    "text": "你学到了什么？"
  },
  {
    "start": 1972.7,
    "end": 1973.09,
    "speaker": "老师",
    "text": "我们一起来小结一下这节课我们学到了一元一次不等式的定义，"
  },
  {
    "start": 1972.7,
    "end": 1973.09,
    "speaker": "老师",
    "text": "还学到了解一元一次不等式的步骤，"
  },
  {
    "start": 1972.7,
    "end": 1973.09,
    "speaker": "老师",
    "text": "分为五步，"
  },
  {
    "start": 1972.7,
    "end": 1973.09,
    "speaker": "老师",
    "text": "第一步，"
  },
  {
    "start": 1972.7,
    "end": 1973.09,
    "speaker": "老师",
    "text": "去分母。"
  },
  {
    "start": 1972.7,
    "end": 1973.09,
    "speaker": "老师",
    "text": "第二步、去括号、第三步一项、第四步和并同类项。"
  },
  {
    "start": 1972.7,
    "end": 1973.09,
    "speaker": "老师",
    "text": "第五步，"
  },
  {
    "start": 1972.7,
    "end": 1973.09,
    "speaker": "老师",
    "text": "系数化为一，"
  },
  {
    "start": 1972.7,
    "end": 1973.09,
    "speaker": "老师",
    "text": "其依据分别是不等式的基本性质二三、整式的乘法法则，"
  },
  {
    "start": 1972.7,
    "end": 1973.09,
    "speaker": "老师",
    "text": "不等式的基本性质一、合并同类项法则以及不等式的基本性质。"
  },
  {
    "start": 1972.7,
    "end": 1973.09,
    "speaker": "老师",
    "text": "二三，"
  },
  {
    "start": 1972.7,
    "end": 1973.09,
    "speaker": "老师",
    "text": "相信大家应该掌握的很好。"
  },
  {
    "start": 1972.7,
    "end": 1973.09,
    "speaker": "老师",
    "text": "接下来看到今天的作业，"
  },
  {
    "start": 1972.7,
    "end": 1973.09,
    "speaker": "老师",
    "text": "第一教材四十八面习题二点四，"
  },
  {
    "start": 1972.7,
    "end": 1973.09,
    "speaker": "老师",
    "text": "第二预习下一节课的内容，"
  },
  {
    "start": 1972.7,
    "end": 1973.09,
    "speaker": "老师",
    "text": "今天的课就到此结束，"
  },
  {
    "start": 1972.7,
    "end": 1973.09,
    "speaker": "老师",
    "text": "谢谢大家，"
  },
  {
    "start": 1972.7,
    "end": 1973.09,
    "speaker": "老师",
    "text": "同学们再见。"
  }
]