[
  {
    "start": 9.1,
    "end": 9.44,
    "speaker": "老师",
    "text": "好，"
  },
  {
    "start": 9.44,
    "end": 10.22,
    "speaker": "老师",
    "text": "同学们，"
  },
  {
    "start": 10.22,
    "end": 11.16,
    "speaker": "老师",
    "text": "大家好，"
  },
  {
    "start": 11.16,
    "end": 13.3,
    "speaker": "老师",
    "text": "我们现在开始上课了。"
  },
  {
    "start": 13.3,
    "end": 19.26,
    "speaker": "老师",
    "text": "那今天我们来继续学习一下这个一元一次不等式组。"
  },
  {
    "start": 19.26,
    "end": 24.86,
    "speaker": "老师",
    "text": "首先我们来明确一下这节课的学习目标。"
  },
  {
    "start": 24.86,
    "end": 25.38,
    "speaker": "老师",
    "text": "第一，"
  },
  {
    "start": 25.38,
    "end": 27.38,
    "speaker": "老师",
    "text": "进一步熟练掌握利用数轴，"
  },
  {
    "start": 27.38,
    "end": 31.46,
    "speaker": "老师",
    "text": "找出一元一次不等式组的解集。"
  },
  {
    "start": 31.46,
    "end": 31.84,
    "speaker": "老师",
    "text": "第二，"
  },
  {
    "start": 31.84,
    "end": 35.4,
    "speaker": "老师",
    "text": "体验解一元一次不等式组的方法的多样性，"
  },
  {
    "start": 35.4,
    "end": 40.2,
    "speaker": "老师",
    "text": "并掌握解一元一次不等式组的基本方法。"
  },
  {
    "start": 40.2,
    "end": 40.8,
    "speaker": "老师",
    "text": "第三，"
  },
  {
    "start": 40.9,
    "end": 43.84,
    "speaker": "老师",
    "text": "理解不等式组解集有四种情况，"
  },
  {
    "start": 43.84,
    "end": 46.88,
    "speaker": "老师",
    "text": "能根据具体题目总结解不等式组的口诀，"
  },
  {
    "start": 46.88,
    "end": 48.08,
    "speaker": "老师",
    "text": "并来简单应用。"
  },
  {
    "start": 48.24,
    "end": 50.56,
    "speaker": "老师",
    "text": "这第三点是我们本节课的重点和难点。"
  },
  {
    "start": 50.56,
    "end": 54.14,
    "speaker": "老师",
    "text": "回顾一下上一节课，"
  },
  {
    "start": 54.14,
    "end": 55.88,
    "speaker": "老师",
    "text": "我们主要学习了哪些知识？"
  },
  {
    "start": 55.88,
    "end": 57.04,
    "speaker": "老师",
    "text": "第一个，"
  },
  {
    "start": 57.04,
    "end": 62.37,
    "speaker": "老师",
    "text": "我们学习了一元一次不等式组的相关概念，"
  },
  {
    "start": 62.37,
    "end": 63.61,
    "speaker": "老师",
    "text": "首先是它的定义，"
  },
  {
    "start": 63.61,
    "end": 65.93,
    "speaker": "老师",
    "text": "这个定义要把握这两点。"
  },
  {
    "start": 65.93,
    "end": 70.63,
    "speaker": "老师",
    "text": "第一个它是关于同一个未知数，"
  },
  {
    "start": 70.73,
    "end": 75.07,
    "speaker": "老师",
    "text": "因为它还是一元。"
  },
  {
    "start": 75.09,
    "end": 77.57,
    "speaker": "老师",
    "text": "第二个呢组成的几个一不等式，"
  },
  {
    "start": 77.89,
    "end": 84.35,
    "speaker": "老师",
    "text": "全部都是一元一次不等式在学习了它的解集的概念。"
  },
  {
    "start": 84.45,
    "end": 88.85,
    "speaker": "老师",
    "text": "解集是指所含的各个不等式的解集的公共部分。"
  },
  {
    "start": 88.85,
    "end": 89.33,
    "speaker": "老师",
    "text": "第三个，"
  },
  {
    "start": 89.33,
    "end": 91.19,
    "speaker": "老师",
    "text": "学习了解不等式组，"
  },
  {
    "start": 91.19,
    "end": 94.05,
    "speaker": "老师",
    "text": "也就是求不等式组解集的过程。"
  },
  {
    "start": 94.67,
    "end": 95.67,
    "speaker": "老师",
    "text": "第二个，"
  },
  {
    "start": 95.79,
    "end": 99.95,
    "speaker": "老师",
    "text": "我们还学习了解一元一次不等式组的方法。"
  },
  {
    "start": 100.09,
    "end": 101.71,
    "speaker": "老师",
    "text": "步骤主要有三步，"
  },
  {
    "start": 101.71,
    "end": 102.27,
    "speaker": "老师",
    "text": "第一步，"
  },
  {
    "start": 102.27,
    "end": 106.21,
    "speaker": "老师",
    "text": "分别求出组成的各个不等式的解集。"
  },
  {
    "start": 106.21,
    "end": 111.69,
    "speaker": "老师",
    "text": "第二个利用数轴找出这几个不等式解集的公共部分。"
  },
  {
    "start": 111.69,
    "end": 112.83,
    "speaker": "老师",
    "text": "第三个，"
  },
  {
    "start": 112.85,
    "end": 120.37,
    "speaker": "老师",
    "text": "根据几个不等式解集的公共部分，"
  },
  {
    "start": 120.37,
    "end": 123.65,
    "speaker": "老师",
    "text": "写出这个不等式组的解集。"
  },
  {
    "start": 123.67,
    "end": 126.03,
    "speaker": "老师",
    "text": "如果找不到公共部分呢，"
  },
  {
    "start": 126.03,
    "end": 127.47,
    "speaker": "老师",
    "text": "我们就认为是无解。"
  },
  {
    "start": 127.47,
    "end": 127.87,
    "speaker": "老师",
    "text": "好，"
  },
  {
    "start": 127.87,
    "end": 138.22,
    "speaker": "老师",
    "text": "那同学们来看一下这个情景在什么条件下长度为三厘米、七厘米x厘米的三条线段可以围成一个三角形。"
  },
  {
    "start": 138.22,
    "end": 138.52,
    "speaker": "老师",
    "text": "好，"
  },
  {
    "start": 138.52,
    "end": 139.08,
    "speaker": "老师",
    "text": "很好，"
  },
  {
    "start": 139.08,
    "end": 139.64,
    "speaker": "老师",
    "text": "我们知道。"
  },
  {
    "start": 139.64,
    "end": 144.76,
    "speaker": "老师",
    "text": "第二能构成一个三角形，"
  },
  {
    "start": 144.92,
    "end": 151.97,
    "speaker": "老师",
    "text": "要满足这个任意两边之和大于第三边，"
  },
  {
    "start": 152.78,
    "end": 160.26,
    "speaker": "老师",
    "text": "三角形的任意两边之差小于第三边。"
  },
  {
    "start": 160.3,
    "end": 165.94,
    "speaker": "老师",
    "text": "所以我们这里的x应该要满足最大。"
  },
  {
    "start": 166.1,
    "end": 174.7,
    "speaker": "老师",
    "text": "它要小于这个三加七x最小最小也要大于这个七减三。"
  },
  {
    "start": 174.7,
    "end": 182.16,
    "speaker": "老师",
    "text": "那我们就可以得到x应该要满足这两个条件。"
  },
  {
    "start": 182.16,
    "end": 185.7,
    "speaker": "老师",
    "text": "那从而我们就可以得到x小于十，"
  },
  {
    "start": 185.7,
    "end": 195.26,
    "speaker": "老师",
    "text": "而且要大于四这两个条件同时都要满足。"
  },
  {
    "start": 195.26,
    "end": 201.77,
    "speaker": "老师",
    "text": "那我们也可以借助数轴找到这个x满足的这个要求。"
  },
  {
    "start": 201.77,
    "end": 203.61,
    "speaker": "老师",
    "text": "当然这里也很明显，"
  },
  {
    "start": 203.61,
    "end": 207.05,
    "speaker": "老师",
    "text": "能看出来x要大于四小于十。"
  },
  {
    "start": 207.05,
    "end": 211.2,
    "speaker": "老师",
    "text": "我们再来解一下这个不等式组。"
  },
  {
    "start": 211.2,
    "end": 215.54,
    "speaker": "老师",
    "text": "昨天我们知道解不等式组有三步，"
  },
  {
    "start": 215.56,
    "end": 219.55,
    "speaker": "老师",
    "text": "第一步解出所含的每一个不等式。"
  },
  {
    "start": 219.55,
    "end": 223.56,
    "speaker": "老师",
    "text": "那我们首先要把它用序号区别开来，"
  },
  {
    "start": 223.56,
    "end": 224.1,
    "speaker": "老师",
    "text": "标个一啊，"
  },
  {
    "start": 224.1,
    "end": 232.93,
    "speaker": "老师",
    "text": "在解不等式一这里可以通过移项在系数化为一，"
  },
  {
    "start": 232.95,
    "end": 233.23,
    "speaker": "老师",
    "text": "呃，"
  },
  {
    "start": 233.23,
    "end": 241.71,
    "speaker": "老师",
    "text": "容易得到第一个不等式的解集x小于二分之三。"
  },
  {
    "start": 241.71,
    "end": 243.33,
    "speaker": "老师",
    "text": "第二个，"
  },
  {
    "start": 243.51,
    "end": 248.5,
    "speaker": "老师",
    "text": "我们也通过移项和系数化为一。"
  },
  {
    "start": 250.69,
    "end": 260.6,
    "speaker": "老师",
    "text": "但是在这里我们要注意通过移项把四s移过来变成负四s把五移到右边变成一减五，"
  },
  {
    "start": 260.62,
    "end": 263.28,
    "speaker": "老师",
    "text": "再得到复合并同类项。"
  },
  {
    "start": 263.28,
    "end": 263.58,
    "speaker": "老师",
    "text": "好，"
  },
  {
    "start": 263.58,
    "end": 265.42,
    "speaker": "老师",
    "text": "在这里要注意了，"
  },
  {
    "start": 265.42,
    "end": 268.03,
    "speaker": "老师",
    "text": "这里两边同时除以负三，"
  },
  {
    "start": 268.03,
    "end": 273.11,
    "speaker": "老师",
    "text": "这边除以负三同时除以一个负数，"
  },
  {
    "start": 273.11,
    "end": 277.48,
    "speaker": "老师",
    "text": "不等号的方向发生了改变。"
  },
  {
    "start": 277.48,
    "end": 280.86,
    "speaker": "老师",
    "text": "所以这里解不等式二得x小于三分之四。"
  },
  {
    "start": 280.86,
    "end": 284.72,
    "speaker": "老师",
    "text": "在这里我们把它每解每一个不等式的过程，"
  },
  {
    "start": 284.72,
    "end": 287.32,
    "speaker": "老师",
    "text": "可以直接写在草稿纸上，"
  },
  {
    "start": 287.34,
    "end": 294.42,
    "speaker": "老师",
    "text": "这里只需要写答案。"
  },
  {
    "start": 294.42,
    "end": 300.58,
    "speaker": "老师",
    "text": "然后我们第二步在同一条数轴上表示出它们的解集。"
  },
  {
    "start": 301.36,
    "end": 303.48,
    "speaker": "老师",
    "text": "注意这里两个数的大小关系，"
  },
  {
    "start": 303.8,
    "end": 309.82,
    "speaker": "老师",
    "text": "这三分之四是一又三分之一，"
  },
  {
    "start": 309.82,
    "end": 313.5,
    "speaker": "老师",
    "text": "这个二分之三是一又二分之一，"
  },
  {
    "start": 313.5,
    "end": 315.94,
    "speaker": "老师",
    "text": "所以二分之三要大一点。"
  },
  {
    "start": 315.94,
    "end": 319.5,
    "speaker": "老师",
    "text": "在空心圆圈向左小于。"
  },
  {
    "start": 322.06,
    "end": 322.32,
    "speaker": "老师",
    "text": "好，"
  },
  {
    "start": 322.32,
    "end": 324.72,
    "speaker": "老师",
    "text": "那我们来找一下它的公共部分，"
  },
  {
    "start": 324.72,
    "end": 329.21,
    "speaker": "老师",
    "text": "找他们公共部分既要满足小于三分之四，"
  },
  {
    "start": 329.21,
    "end": 334.85,
    "speaker": "老师",
    "text": "又满足二分之三。"
  },
  {
    "start": 334.85,
    "end": 344.89,
    "speaker": "老师",
    "text": "大家看一下这里公共部分这两个重合的两种颜色重合的部分在哪里啊？"
  },
  {
    "start": 344.89,
    "end": 347.87,
    "speaker": "老师",
    "text": "是不是就是小于三分之四啊，"
  },
  {
    "start": 347.87,
    "end": 353.75,
    "speaker": "老师",
    "text": "是不是在这里三分之四到二分之三之间，"
  },
  {
    "start": 353.75,
    "end": 359.66,
    "speaker": "老师",
    "text": "它不是他们的公共模糊，"
  },
  {
    "start": 359.72,
    "end": 367.11,
    "speaker": "老师",
    "text": "它不在我们的小于三十四范围内。"
  },
  {
    "start": 367.11,
    "end": 378.42,
    "speaker": "老师",
    "text": "所以我们就下结论原不等式组的解集为x小于三分之四。"
  },
  {
    "start": 378.42,
    "end": 378.7,
    "speaker": "老师",
    "text": "好，"
  },
  {
    "start": 378.7,
    "end": 381.48,
    "speaker": "老师",
    "text": "我们再来看下一题。"
  },
  {
    "start": 381.48,
    "end": 384.71,
    "speaker": "老师",
    "text": "在这里，"
  },
  {
    "start": 384.71,
    "end": 389.75,
    "speaker": "老师",
    "text": "我们同样首先在草稿纸上把每一个不等式解出来。"
  },
  {
    "start": 391.27,
    "end": 393.45,
    "speaker": "老师",
    "text": "这里我们还是同样先标标出序号。"
  },
  {
    "start": 393.45,
    "end": 397.89,
    "speaker": "老师",
    "text": "第一个先去过号三x加三，"
  },
  {
    "start": 397.89,
    "end": 400.04,
    "speaker": "老师",
    "text": "在移项一向改变负号，"
  },
  {
    "start": 402.12,
    "end": 404.58,
    "speaker": "老师",
    "text": "负号一不来就变成正二。"
  },
  {
    "start": 404.7,
    "end": 411.68,
    "speaker": "老师",
    "text": "在何碧红泪笑不等号的方向不发生改变。"
  },
  {
    "start": 411.68,
    "end": 413.74,
    "speaker": "老师",
    "text": "这里是二分之五好，"
  },
  {
    "start": 413.74,
    "end": 417.53,
    "speaker": "老师",
    "text": "我们再来解。"
  },
  {
    "start": 417.53,
    "end": 418.21,
    "speaker": "老师",
    "text": "第二个，"
  },
  {
    "start": 419.03,
    "end": 426.78,
    "speaker": "老师",
    "text": "这里我们也可以直接去分母，"
  },
  {
    "start": 427.08,
    "end": 434.56,
    "speaker": "老师",
    "text": "也可以直接选择先移项把负二分之三x移过来变成正二分之三x负一移过来变成正一，"
  },
  {
    "start": 434.56,
    "end": 442.9,
    "speaker": "老师",
    "text": "这合并同类项刚好是二x同样系数化为一除以正号，"
  },
  {
    "start": 442.94,
    "end": 446.02,
    "speaker": "老师",
    "text": "不等号的方向不发生改变。"
  },
  {
    "start": 446.02,
    "end": 447.46,
    "speaker": "老师",
    "text": "好，"
  },
  {
    "start": 447.46,
    "end": 448.32,
    "speaker": "老师",
    "text": "第二步，"
  },
  {
    "start": 448.32,
    "end": 452.87,
    "speaker": "老师",
    "text": "我们再来找到它们的公共部分，"
  },
  {
    "start": 452.87,
    "end": 457.63,
    "speaker": "老师",
    "text": "利用数轴二分之五在二点五空心向右，"
  },
  {
    "start": 461.43,
    "end": 463.21,
    "speaker": "老师",
    "text": "这里实心向右。"
  },
  {
    "start": 463.21,
    "end": 463.51,
    "speaker": "老师",
    "text": "好，"
  },
  {
    "start": 463.51,
    "end": 469.1,
    "speaker": "老师",
    "text": "同学们观察一下这里的公共部分在哪里呢？"
  },
  {
    "start": 469.1,
    "end": 483.78,
    "speaker": "老师",
    "text": "那我们可以看到这两种颜色的重合的部分是不是？"
  },
  {
    "start": 483.78,
    "end": 485.4,
    "speaker": "老师",
    "text": "那就是x大于等于四，"
  },
  {
    "start": 485.4,
    "end": 488.39,
    "speaker": "老师",
    "text": "在二分之五到四之间，"
  },
  {
    "start": 488.39,
    "end": 492.37,
    "speaker": "老师",
    "text": "它不属于我们这个x大于等于四这块，"
  },
  {
    "start": 492.37,
    "end": 496.25,
    "speaker": "老师",
    "text": "所以这个公共部分在x大于等于四。"
  },
  {
    "start": 496.49,
    "end": 502.14,
    "speaker": "老师",
    "text": "那我们再下结论不等式组的解集为x大于等于四。"
  },
  {
    "start": 502.14,
    "end": 502.48,
    "speaker": "老师",
    "text": "好，"
  },
  {
    "start": 502.48,
    "end": 505.88,
    "speaker": "老师",
    "text": "同学们再来思考一下这道题，"
  },
  {
    "start": 505.88,
    "end": 511.22,
    "speaker": "老师",
    "text": "这是否存在实数x使得满足这两个条件呢？"
  },
  {
    "start": 511.22,
    "end": 511.4,
    "speaker": "老师",
    "text": "好，"
  },
  {
    "start": 511.4,
    "end": 511.84,
    "speaker": "老师",
    "text": "很好，"
  },
  {
    "start": 511.84,
    "end": 513.62,
    "speaker": "老师",
    "text": "这里不存在，"
  },
  {
    "start": 513.62,
    "end": 514.3,
    "speaker": "老师",
    "text": "为什么呢？"
  },
  {
    "start": 514.3,
    "end": 524.72,
    "speaker": "老师",
    "text": "因为x同时要满足这两个条件，"
  },
  {
    "start": 524.72,
    "end": 534.55,
    "speaker": "老师",
    "text": "那我们就可以把它联立这这个不等式组。"
  },
  {
    "start": 534.55,
    "end": 540.35,
    "speaker": "老师",
    "text": "那我们首先来解出这个不等式组的解集。"
  },
  {
    "start": 540.37,
    "end": 543.57,
    "speaker": "老师",
    "text": "如果有这个公共部分，"
  },
  {
    "start": 543.79,
    "end": 554.23,
    "speaker": "老师",
    "text": "那我们就存在x如果这里找不到这个解集是无解的话，"
  },
  {
    "start": 554.71,
    "end": 558.89,
    "speaker": "老师",
    "text": "那就不存在这个x那很容易。"
  },
  {
    "start": 558.89,
    "end": 562.15,
    "speaker": "老师",
    "text": "我们解到不等式一得到x小于二。"
  },
  {
    "start": 562.15,
    "end": 565.71,
    "speaker": "老师",
    "text": "不等式二得到x大于六。"
  },
  {
    "start": 565.71,
    "end": 571.11,
    "speaker": "老师",
    "text": "在我们在数轴上来看一下，"
  },
  {
    "start": 571.11,
    "end": 575.61,
    "speaker": "老师",
    "text": "找一找它们的公共部分，"
  },
  {
    "start": 575.61,
    "end": 581.73,
    "speaker": "老师",
    "text": "看一看这两个解集有没有公共部分呀。"
  },
  {
    "start": 581.73,
    "end": 582.55,
    "speaker": "老师",
    "text": "对，"
  },
  {
    "start": 582.81,
    "end": 585.56,
    "speaker": "老师",
    "text": "是不是没有功夫呢？"
  },
  {
    "start": 585.56,
    "end": 588.58,
    "speaker": "老师",
    "text": "它没有香蕉肉，"
  },
  {
    "start": 588.6,
    "end": 594.39,
    "speaker": "老师",
    "text": "所以没有公共部分，"
  },
  {
    "start": 594.39,
    "end": 598.72,
    "speaker": "老师",
    "text": "我们就下结论原不等式组无解无解的话，"
  },
  {
    "start": 598.72,
    "end": 609.63,
    "speaker": "老师",
    "text": "所以这里就不存在不存在实数x同时满足这两个条件。"
  },
  {
    "start": 609.63,
    "end": 610.2,
    "speaker": "老师",
    "text": "好，"
  },
  {
    "start": 611.42,
    "end": 617.35,
    "speaker": "老师",
    "text": "接下来我们再来看一下这里下面三个不等式组的解集，"
  },
  {
    "start": 617.35,
    "end": 624.6,
    "speaker": "老师",
    "text": "然后再来看一下它们有哪些规律。"
  },
  {
    "start": 624.6,
    "end": 628.6,
    "speaker": "老师",
    "text": "那第一个我们在数轴上表示大于三，"
  },
  {
    "start": 630.1,
    "end": 630.78,
    "speaker": "老师",
    "text": "再大于六，"
  },
  {
    "start": 630.78,
    "end": 642.02,
    "speaker": "老师",
    "text": "找到他们的公共部分是不是大于哎呦，"
  },
  {
    "start": 642.02,
    "end": 644.94,
    "speaker": "老师",
    "text": "所以这个解集就是x大六，"
  },
  {
    "start": 645.0,
    "end": 648.32,
    "speaker": "老师",
    "text": "第二个也都是两个大于号，"
  },
  {
    "start": 648.44,
    "end": 650.9,
    "speaker": "老师",
    "text": "同样在数轴上表示出来大于二，"
  },
  {
    "start": 651.02,
    "end": 652.26,
    "speaker": "老师",
    "text": "大于负三，"
  },
  {
    "start": 652.32,
    "end": 655.96,
    "speaker": "老师",
    "text": "那它的公共部分在是不是大于二？"
  },
  {
    "start": 655.96,
    "end": 661.9,
    "speaker": "老师",
    "text": "就这一块两个线段重合的部分，"
  },
  {
    "start": 661.9,
    "end": 663.94,
    "speaker": "老师",
    "text": "所以x大于二。"
  },
  {
    "start": 663.94,
    "end": 666.5,
    "speaker": "老师",
    "text": "再来看第三个大于负二，"
  },
  {
    "start": 666.5,
    "end": 668.44,
    "speaker": "老师",
    "text": "大于负六，"
  },
  {
    "start": 668.44,
    "end": 674.74,
    "speaker": "老师",
    "text": "这里也两也都是两个大于号，"
  },
  {
    "start": 674.76,
    "end": 682.15,
    "speaker": "老师",
    "text": "那找到它的公共部分是大于负二。"
  },
  {
    "start": 683.48,
    "end": 686.88,
    "speaker": "老师",
    "text": "在这里好同学们来观察一下，"
  },
  {
    "start": 686.94,
    "end": 689.32,
    "speaker": "老师",
    "text": "结合这三个不等式组，"
  },
  {
    "start": 689.82,
    "end": 692.86,
    "speaker": "老师",
    "text": "他们有什么共同的特点呢？"
  },
  {
    "start": 692.86,
    "end": 693.14,
    "speaker": "老师",
    "text": "哎，"
  },
  {
    "start": 693.14,
    "end": 693.58,
    "speaker": "老师",
    "text": "很好。"
  },
  {
    "start": 693.58,
    "end": 696.91,
    "speaker": "老师",
    "text": "这三个不等式组，"
  },
  {
    "start": 696.91,
    "end": 706.03,
    "speaker": "老师",
    "text": "它的每一个不等式组里面所含的两个不等式都是大于号，"
  },
  {
    "start": 706.51,
    "end": 714.42,
    "speaker": "老师",
    "text": "在体现到它的这个数轴的解集上面都是取于大于较大的数，"
  },
  {
    "start": 714.42,
    "end": 718.68,
    "speaker": "老师",
    "text": "大于六大于这个较大的数，"
  },
  {
    "start": 718.68,
    "end": 720.56,
    "speaker": "老师",
    "text": "这里也是大于较大的数。"
  },
  {
    "start": 720.56,
    "end": 727.52,
    "speaker": "老师",
    "text": "所以我们可以这么说，"
  },
  {
    "start": 727.52,
    "end": 732.67,
    "speaker": "老师",
    "text": "如果同为大于号的话，"
  },
  {
    "start": 732.67,
    "end": 740.94,
    "speaker": "老师",
    "text": "我们的解集是取大于较大的数。"
  },
  {
    "start": 740.96,
    "end": 749.58,
    "speaker": "老师",
    "text": "那我们可以这个总结归纳为同大取大同为大于号的话，"
  },
  {
    "start": 749.58,
    "end": 751.46,
    "speaker": "老师",
    "text": "同为大于号的话，"
  },
  {
    "start": 751.46,
    "end": 757.55,
    "speaker": "老师",
    "text": "那我们取较大的数，"
  },
  {
    "start": 757.55,
    "end": 763.51,
    "speaker": "老师",
    "text": "这里负二比负六大取大于较大的数，"
  },
  {
    "start": 763.59,
    "end": 768.05,
    "speaker": "老师",
    "text": "作为它的呃不等式组的解集，"
  },
  {
    "start": 768.05,
    "end": 769.57,
    "speaker": "老师",
    "text": "所以叫同大渠大。"
  },
  {
    "start": 769.57,
    "end": 772.18,
    "speaker": "老师",
    "text": "我们再来看一下这三个，"
  },
  {
    "start": 773.1,
    "end": 778.79,
    "speaker": "老师",
    "text": "首先也同样在数轴上把它们分别表示出来，"
  },
  {
    "start": 779.41,
    "end": 782.17,
    "speaker": "老师",
    "text": "找到它们的公共部分。"
  },
  {
    "start": 782.41,
    "end": 784.44,
    "speaker": "老师",
    "text": "小于等于三，"
  },
  {
    "start": 784.44,
    "end": 785.28,
    "speaker": "老师",
    "text": "小于等于七，"
  },
  {
    "start": 785.28,
    "end": 787.74,
    "speaker": "老师",
    "text": "这里两个都是小于，"
  },
  {
    "start": 787.74,
    "end": 789.5,
    "speaker": "老师",
    "text": "我小于等于。"
  },
  {
    "start": 789.5,
    "end": 793.66,
    "speaker": "老师",
    "text": "那它的公共部分是不是在小于等于三，"
  },
  {
    "start": 793.66,
    "end": 796.52,
    "speaker": "老师",
    "text": "在这里小于等于二，"
  },
  {
    "start": 796.52,
    "end": 800.42,
    "speaker": "老师",
    "text": "再小于等于负五，"
  },
  {
    "start": 800.42,
    "end": 809.17,
    "speaker": "老师",
    "text": "那公共部分就在小于等于负，"
  },
  {
    "start": 809.17,
    "end": 811.01,
    "speaker": "老师",
    "text": "这里是小于负一，"
  },
  {
    "start": 811.01,
    "end": 816.21,
    "speaker": "老师",
    "text": "小于负一小于四。"
  },
  {
    "start": 816.39,
    "end": 822.33,
    "speaker": "老师",
    "text": "那它们的公共部分是在小取小于负一这两段线段重合的部分，"
  },
  {
    "start": 822.33,
    "end": 827.71,
    "speaker": "老师",
    "text": "那这里我们得能得到什么规律呢？"
  },
  {
    "start": 827.71,
    "end": 828.01,
    "speaker": "老师",
    "text": "啊，"
  },
  {
    "start": 828.01,
    "end": 828.99,
    "speaker": "老师",
    "text": "很好，"
  },
  {
    "start": 829.13,
    "end": 846.89,
    "speaker": "老师",
    "text": "这里我们发现这三组它都每一个不等式组里面的两个不等号都是小于等于或者小于。"
  },
  {
    "start": 847.96,
    "end": 850.68,
    "speaker": "老师",
    "text": "那我们可以这么认为，"
  },
  {
    "start": 850.68,
    "end": 859.57,
    "speaker": "老师",
    "text": "同为小于号或小于等于那我们取小于较小的数，"
  },
  {
    "start": 859.99,
    "end": 864.45,
    "speaker": "老师",
    "text": "作为它的这个公共部分，"
  },
  {
    "start": 864.45,
    "end": 868.85,
    "speaker": "老师",
    "text": "也就是不等式组的解析。"
  },
  {
    "start": 868.85,
    "end": 871.78,
    "speaker": "老师",
    "text": "这里三比较小，"
  },
  {
    "start": 871.78,
    "end": 874.4,
    "speaker": "老师",
    "text": "所以取小于等于三。"
  },
  {
    "start": 874.4,
    "end": 876.26,
    "speaker": "老师",
    "text": "这里负五比较小，"
  },
  {
    "start": 876.26,
    "end": 878.62,
    "speaker": "老师",
    "text": "所以取小于累付。"
  },
  {
    "start": 878.62,
    "end": 883.06,
    "speaker": "老师",
    "text": "所以我们可以归纳为同小同为小于号，"
  },
  {
    "start": 883.06,
    "end": 888.31,
    "speaker": "老师",
    "text": "同小取小去想。"
  },
  {
    "start": 888.55,
    "end": 889.7,
    "speaker": "老师",
    "text": "好，"
  },
  {
    "start": 894.36,
    "end": 897.38,
    "speaker": "老师",
    "text": "我们再来看一下下面这一组。"
  },
  {
    "start": 897.98,
    "end": 900.64,
    "speaker": "老师",
    "text": "这里面呢三组是有大一号，"
  },
  {
    "start": 900.64,
    "end": 905.52,
    "speaker": "老师",
    "text": "每个里面也有有大一号，"
  },
  {
    "start": 905.52,
    "end": 906.22,
    "speaker": "老师",
    "text": "有小一号，"
  },
  {
    "start": 907.62,
    "end": 910.41,
    "speaker": "老师",
    "text": "有大一号，"
  },
  {
    "start": 910.41,
    "end": 912.45,
    "speaker": "老师",
    "text": "有小一号。"
  },
  {
    "start": 912.45,
    "end": 912.73,
    "speaker": "老师",
    "text": "好，"
  },
  {
    "start": 912.73,
    "end": 921.17,
    "speaker": "老师",
    "text": "我们来看一下这是大于三小于七公共部分在三和七之间，"
  },
  {
    "start": 921.17,
    "end": 923.06,
    "speaker": "老师",
    "text": "在小于负二，"
  },
  {
    "start": 923.06,
    "end": 924.46,
    "speaker": "老师",
    "text": "大于负五，"
  },
  {
    "start": 924.46,
    "end": 935.03,
    "speaker": "老师",
    "text": "它的公共部分在负五和负二中间在这里是大于等于负一，"
  },
  {
    "start": 935.03,
    "end": 936.27,
    "speaker": "老师",
    "text": "小于四，"
  },
  {
    "start": 936.27,
    "end": 941.11,
    "speaker": "老师",
    "text": "公共部分在他们中间。"
  },
  {
    "start": 941.11,
    "end": 947.32,
    "speaker": "老师",
    "text": "那我们这里可以发现什么共同特点呢？"
  },
  {
    "start": 947.38,
    "end": 947.98,
    "speaker": "老师",
    "text": "哎，"
  },
  {
    "start": 947.98,
    "end": 948.32,
    "speaker": "老师",
    "text": "很好，"
  },
  {
    "start": 948.32,
    "end": 950.34,
    "speaker": "老师",
    "text": "这里三组它都是大于较小的数，"
  },
  {
    "start": 950.34,
    "end": 951.94,
    "speaker": "老师",
    "text": "小于较大的数，"
  },
  {
    "start": 951.94,
    "end": 958.74,
    "speaker": "老师",
    "text": "大鱼叫小数小叫大数大于等于叫小数小于较大数。"
  },
  {
    "start": 958.74,
    "end": 968.81,
    "speaker": "老师",
    "text": "那我们的解集是在它们这两个数的中间找。"
  },
  {
    "start": 968.81,
    "end": 978.29,
    "speaker": "老师",
    "text": "所以我们可以用这样的一句话归纳大小小大中间的大小小大中间找，"
  },
  {
    "start": 979.59,
    "end": 983.37,
    "speaker": "老师",
    "text": "也就是说大于较小的数小于较大的数。"
  },
  {
    "start": 983.37,
    "end": 988.96,
    "speaker": "老师",
    "text": "我们在这个中间找。"
  },
  {
    "start": 988.96,
    "end": 989.96,
    "speaker": "老师",
    "text": "好，"
  },
  {
    "start": 990.22,
    "end": 996.17,
    "speaker": "老师",
    "text": "我们再来看最后一组。"
  },
  {
    "start": 996.17,
    "end": 1000.99,
    "speaker": "老师",
    "text": "这里也是这个有小于号，"
  },
  {
    "start": 1000.99,
    "end": 1001.51,
    "speaker": "老师",
    "text": "有大于号，"
  },
  {
    "start": 1001.51,
    "end": 1003.79,
    "speaker": "老师",
    "text": "每一个里面有小于号，"
  },
  {
    "start": 1003.81,
    "end": 1005.23,
    "speaker": "老师",
    "text": "有大于号。"
  },
  {
    "start": 1005.23,
    "end": 1005.45,
    "speaker": "老师",
    "text": "好，"
  },
  {
    "start": 1005.45,
    "end": 1007.21,
    "speaker": "老师",
    "text": "小于三大于七。"
  },
  {
    "start": 1007.21,
    "end": 1007.53,
    "speaker": "老师",
    "text": "哎，"
  },
  {
    "start": 1007.53,
    "end": 1010.43,
    "speaker": "老师",
    "text": "发现这里没有公共部分，"
  },
  {
    "start": 1010.43,
    "end": 1011.65,
    "speaker": "老师",
    "text": "所以它是无解，"
  },
  {
    "start": 1011.65,
    "end": 1013.01,
    "speaker": "老师",
    "text": "这里同样大于负二。"
  },
  {
    "start": 1013.01,
    "end": 1015.59,
    "speaker": "老师",
    "text": "小鱼铺没有公共部分，"
  },
  {
    "start": 1015.65,
    "end": 1017.74,
    "speaker": "老师",
    "text": "那是无解，"
  },
  {
    "start": 1017.74,
    "end": 1022.25,
    "speaker": "老师",
    "text": "这里是小于等于负一大于四，"
  },
  {
    "start": 1022.27,
    "end": 1025.05,
    "speaker": "老师",
    "text": "所以也没有公共的，"
  },
  {
    "start": 1025.21,
    "end": 1029.12,
    "speaker": "老师",
    "text": "所以也是无解。"
  },
  {
    "start": 1030.5,
    "end": 1031.04,
    "speaker": "老师",
    "text": "哎，"
  },
  {
    "start": 1031.26,
    "end": 1032.82,
    "speaker": "老师",
    "text": "这里也是符号，"
  },
  {
    "start": 1032.82,
    "end": 1034.06,
    "speaker": "老师",
    "text": "两个不等号，"
  },
  {
    "start": 1034.06,
    "end": 1036.08,
    "speaker": "老师",
    "text": "也是一个大于号，"
  },
  {
    "start": 1036.08,
    "end": 1038.57,
    "speaker": "老师",
    "text": "一个小于号，"
  },
  {
    "start": 1038.57,
    "end": 1042.7,
    "speaker": "老师",
    "text": "或者说大于号小于等于号。"
  },
  {
    "start": 1042.7,
    "end": 1044.12,
    "speaker": "老师",
    "text": "他怎么会无解呢？"
  },
  {
    "start": 1044.12,
    "end": 1048.75,
    "speaker": "老师",
    "text": "跟我们前面有什么不同之处呢？"
  },
  {
    "start": 1048.75,
    "end": 1049.11,
    "speaker": "老师",
    "text": "哎，"
  },
  {
    "start": 1049.11,
    "end": 1049.69,
    "speaker": "老师",
    "text": "很好，"
  },
  {
    "start": 1049.69,
    "end": 1053.56,
    "speaker": "老师",
    "text": "因为这里是小于较小的数，"
  },
  {
    "start": 1053.56,
    "end": 1054.32,
    "speaker": "老师",
    "text": "大于较大的数，"
  },
  {
    "start": 1054.32,
    "end": 1056.1,
    "speaker": "老师",
    "text": "小于较小的数大于较大的数，"
  },
  {
    "start": 1056.64,
    "end": 1057.82,
    "speaker": "老师",
    "text": "小于等于叫小数，"
  },
  {
    "start": 1057.82,
    "end": 1059.05,
    "speaker": "老师",
    "text": "大于叫大数。"
  },
  {
    "start": 1059.81,
    "end": 1066.14,
    "speaker": "老师",
    "text": "那我们就没有地方找到它的公共部位。"
  },
  {
    "start": 1066.16,
    "end": 1073.7,
    "speaker": "老师",
    "text": "所以我们可以归纳为大大大于大的小小小一小如处长，"
  },
  {
    "start": 1073.72,
    "end": 1076.59,
    "speaker": "老师",
    "text": "大大小小无处找活。"
  },
  {
    "start": 1076.59,
    "end": 1086.77,
    "speaker": "老师",
    "text": "我们还可以通过这样的一个图形数学语言和文字记忆来帮助我们来理解和记忆。"
  },
  {
    "start": 1086.77,
    "end": 1096.89,
    "speaker": "老师",
    "text": "那首先第一组图形是体现到都是向右，"
  },
  {
    "start": 1096.97,
    "end": 1100.21,
    "speaker": "老师",
    "text": "都是两个大于好，"
  },
  {
    "start": 1100.21,
    "end": 1104.77,
    "speaker": "老师",
    "text": "那解集是大于这个较大的，"
  },
  {
    "start": 1106.3,
    "end": 1108.22,
    "speaker": "老师",
    "text": "所以我们叫同大取大。"
  },
  {
    "start": 1108.22,
    "end": 1110.66,
    "speaker": "老师",
    "text": "第二个图形是都是向左，"
  },
  {
    "start": 1110.66,
    "end": 1111.66,
    "speaker": "老师",
    "text": "都是小于号。"
  },
  {
    "start": 1111.66,
    "end": 1115.36,
    "speaker": "老师",
    "text": "那同小呢我们取较小的叫小的，"
  },
  {
    "start": 1115.36,
    "end": 1117.2,
    "speaker": "老师",
    "text": "这里是大于小的，"
  },
  {
    "start": 1117.2,
    "end": 1118.2,
    "speaker": "老师",
    "text": "小于大的，"
  },
  {
    "start": 1118.2,
    "end": 1123.09,
    "speaker": "老师",
    "text": "我们就解集在它们中间，"
  },
  {
    "start": 1123.93,
    "end": 1128.76,
    "speaker": "老师",
    "text": "所以大小小大中间找大一大的小一叫小的，"
  },
  {
    "start": 1128.76,
    "end": 1130.26,
    "speaker": "老师",
    "text": "所以这个解集就无处找，"
  },
  {
    "start": 1130.26,
    "end": 1131.88,
    "speaker": "老师",
    "text": "那就是无解。"
  },
  {
    "start": 1131.88,
    "end": 1136.83,
    "speaker": "老师",
    "text": "那最后一个我们来看一下，"
  },
  {
    "start": 1136.89,
    "end": 1146.96,
    "speaker": "老师",
    "text": "它是大于等于a小于等于a图形是都在这个a这个地方，"
  },
  {
    "start": 1147.44,
    "end": 1148.56,
    "speaker": "老师",
    "text": "一个向左，"
  },
  {
    "start": 1148.56,
    "end": 1152.26,
    "speaker": "老师",
    "text": "一个向右，"
  },
  {
    "start": 1152.26,
    "end": 1155.27,
    "speaker": "老师",
    "text": "而且有等于号。"
  },
  {
    "start": 1156.03,
    "end": 1166.54,
    "speaker": "老师",
    "text": "那我们这里解集公共部分是不是只有一个a呀？"
  },
  {
    "start": 1166.54,
    "end": 1166.94,
    "speaker": "老师",
    "text": "大于谁？"
  },
  {
    "start": 1166.94,
    "end": 1185.93,
    "speaker": "老师",
    "text": "那大于等于小于等于那只有一个a所以解集就等于这个我们可以叫大小等同取等值。"
  },
  {
    "start": 1186.35,
    "end": 1191.2,
    "speaker": "老师",
    "text": "当然我们主要是看这四前面四个，"
  },
  {
    "start": 1193.46,
    "end": 1199.06,
    "speaker": "老师",
    "text": "最后一个是特殊情况大小，"
  },
  {
    "start": 1199.06,
    "end": 1200.82,
    "speaker": "老师",
    "text": "等容取等值。"
  },
  {
    "start": 1200.82,
    "end": 1204.15,
    "speaker": "老师",
    "text": "好，"
  },
  {
    "start": 1204.15,
    "end": 1208.26,
    "speaker": "老师",
    "text": "同学们跟着老师再把这个口诀读一遍。"
  },
  {
    "start": 1209.99,
    "end": 1216.51,
    "speaker": "老师",
    "text": "哈同大渠大同小取小大小小大中间等，"
  },
  {
    "start": 1216.51,
    "end": 1220.53,
    "speaker": "老师",
    "text": "大大小小如处找，"
  },
  {
    "start": 1220.53,
    "end": 1222.21,
    "speaker": "老师",
    "text": "大小等同取等值。"
  },
  {
    "start": 1222.21,
    "end": 1223.59,
    "speaker": "老师",
    "text": "好，"
  },
  {
    "start": 1223.59,
    "end": 1227.53,
    "speaker": "老师",
    "text": "那下面我们能不能利用刚才的口诀，"
  },
  {
    "start": 1227.53,
    "end": 1231.39,
    "speaker": "老师",
    "text": "直接说出这些不等式组的解集呢？"
  },
  {
    "start": 1231.47,
    "end": 1231.77,
    "speaker": "老师",
    "text": "好，"
  },
  {
    "start": 1231.77,
    "end": 1232.85,
    "speaker": "老师",
    "text": "很好，"
  },
  {
    "start": 1232.87,
    "end": 1235.31,
    "speaker": "老师",
    "text": "第一个这都是大于号，"
  },
  {
    "start": 1235.35,
    "end": 1236.61,
    "speaker": "老师",
    "text": "就同大取大。"
  },
  {
    "start": 1236.61,
    "end": 1242.93,
    "speaker": "老师",
    "text": "所以这里是x大于二都是小于号同小取小。"
  },
  {
    "start": 1243.51,
    "end": 1245.93,
    "speaker": "老师",
    "text": "所以这里解集是x小于一，"
  },
  {
    "start": 1246.11,
    "end": 1249.23,
    "speaker": "老师",
    "text": "这里一个大于号，"
  },
  {
    "start": 1249.23,
    "end": 1250.15,
    "speaker": "老师",
    "text": "一个小于号，"
  },
  {
    "start": 1250.33,
    "end": 1254.72,
    "speaker": "老师",
    "text": "它属于哪种情况呢？"
  },
  {
    "start": 1255.85,
    "end": 1257.11,
    "speaker": "老师",
    "text": "是大于小的小于大的，"
  },
  {
    "start": 1257.11,
    "end": 1261.07,
    "speaker": "老师",
    "text": "所以就大小小大中间找就是大一小药。"
  },
  {
    "start": 1261.07,
    "end": 1263.62,
    "speaker": "老师",
    "text": "这里是小鱼较小，"
  },
  {
    "start": 1263.82,
    "end": 1268.06,
    "speaker": "老师",
    "text": "大鱼叫大的那大大小小无处找，"
  },
  {
    "start": 1268.24,
    "end": 1269.84,
    "speaker": "老师",
    "text": "就是无解。"
  },
  {
    "start": 1269.84,
    "end": 1270.02,
    "speaker": "老师",
    "text": "好，"
  },
  {
    "start": 1270.02,
    "end": 1272.66,
    "speaker": "老师",
    "text": "大家看这里同想去想，"
  },
  {
    "start": 1272.66,
    "end": 1274.06,
    "speaker": "老师",
    "text": "就小鱼，"
  },
  {
    "start": 1274.06,
    "end": 1278.73,
    "speaker": "老师",
    "text": "我的同大取大大于负一，"
  },
  {
    "start": 1278.75,
    "end": 1281.03,
    "speaker": "老师",
    "text": "这里是就是大鱼叫大的，"
  },
  {
    "start": 1281.03,
    "end": 1282.41,
    "speaker": "老师",
    "text": "还大鱼叫小的哦，"
  },
  {
    "start": 1283.93,
    "end": 1288.01,
    "speaker": "老师",
    "text": "大于较大的大大小小无处找如解，"
  },
  {
    "start": 1288.39,
    "end": 1311.18,
    "speaker": "老师",
    "text": "这大于小的小于大的大小小大中间找这里同大取大就大于七，"
  },
  {
    "start": 1311.34,
    "end": 1318.23,
    "speaker": "老师",
    "text": "从小取小小于负，"
  },
  {
    "start": 1318.89,
    "end": 1330.58,
    "speaker": "老师",
    "text": "这是哎大于小的小一大的，"
  },
  {
    "start": 1330.58,
    "end": 1338.63,
    "speaker": "老师",
    "text": "就大小小大中间找这些大一大的，"
  },
  {
    "start": 1338.63,
    "end": 1341.43,
    "speaker": "老师",
    "text": "小一小的，"
  },
  {
    "start": 1341.43,
    "end": 1342.97,
    "speaker": "老师",
    "text": "就大大小小无处找。"
  },
  {
    "start": 1342.97,
    "end": 1343.29,
    "speaker": "老师",
    "text": "好，"
  },
  {
    "start": 1343.29,
    "end": 1343.89,
    "speaker": "老师",
    "text": "同学们，"
  },
  {
    "start": 1343.89,
    "end": 1344.89,
    "speaker": "老师",
    "text": "你们会了吗？"
  },
  {
    "start": 1344.93,
    "end": 1353.53,
    "speaker": "老师",
    "text": "下面我们再看这个例题解不等式负五小于二x加一小于六。"
  },
  {
    "start": 1353.79,
    "end": 1359.92,
    "speaker": "老师",
    "text": "那前面我们知道，"
  },
  {
    "start": 1359.92,
    "end": 1361.96,
    "speaker": "老师",
    "text": "这里其实就是一个不等式组。"
  },
  {
    "start": 1361.96,
    "end": 1367.2,
    "speaker": "老师",
    "text": "因为二x加一既要满足小于用，"
  },
  {
    "start": 1367.2,
    "end": 1368.96,
    "speaker": "老师",
    "text": "又要满足大于负五。"
  },
  {
    "start": 1368.96,
    "end": 1373.82,
    "speaker": "老师",
    "text": "所以我们首首先把它变成不等式组的形式，"
  },
  {
    "start": 1373.9,
    "end": 1378.2,
    "speaker": "老师",
    "text": "再来解不等式组的解集先标一二。"
  },
  {
    "start": 1378.28,
    "end": 1383.84,
    "speaker": "老师",
    "text": "这里我们很好解到不等式一得到x大于负三，"
  },
  {
    "start": 1383.84,
    "end": 1386.81,
    "speaker": "老师",
    "text": "不等式二得到x小于二点五。"
  },
  {
    "start": 1386.81,
    "end": 1392.56,
    "speaker": "老师",
    "text": "那我们来看看能不能利用刚才的口诀得到它的公共部分，"
  },
  {
    "start": 1400.02,
    "end": 1404.05,
    "speaker": "老师",
    "text": "就是得到不等式组的解集呢？"
  },
  {
    "start": 1404.05,
    "end": 1406.79,
    "speaker": "老师",
    "text": "这里是大小两种符号都有，"
  },
  {
    "start": 1406.79,
    "end": 1409.37,
    "speaker": "老师",
    "text": "这是大于小的小于大的，"
  },
  {
    "start": 1409.37,
    "end": 1413.18,
    "speaker": "老师",
    "text": "是不是中间找的。"
  },
  {
    "start": 1413.28,
    "end": 1424.07,
    "speaker": "老师",
    "text": "所以我们就会得到不等式组的解集为x在中间找大于负三小于二点五。"
  },
  {
    "start": 1424.07,
    "end": 1432.05,
    "speaker": "老师",
    "text": "那我们这里可以得到了这个在解不等式组的第二步的时候，"
  },
  {
    "start": 1432.05,
    "end": 1434.61,
    "speaker": "老师",
    "text": "找他的公共部分的时候，"
  },
  {
    "start": 1434.61,
    "end": 1438.38,
    "speaker": "老师",
    "text": "我们可以利用口诀啊，"
  },
  {
    "start": 1441.39,
    "end": 1450.62,
    "speaker": "老师",
    "text": "也就是同大取代从小群小那大小小大中间的那大大小小的就无处长就是无解。"
  },
  {
    "start": 1451.95,
    "end": 1456.5,
    "speaker": "老师",
    "text": "最后再写出不等式组的解集。"
  },
  {
    "start": 1456.5,
    "end": 1463.07,
    "speaker": "老师",
    "text": "那同学们在刚才可以看到，"
  },
  {
    "start": 1463.07,
    "end": 1470.24,
    "speaker": "老师",
    "text": "在这里我们如果比较简单的话，"
  },
  {
    "start": 1470.24,
    "end": 1473.76,
    "speaker": "老师",
    "text": "是不是也可以利用口诀，"
  },
  {
    "start": 1473.76,
    "end": 1475.08,
    "speaker": "老师",
    "text": "也可以来的比较快。"
  },
  {
    "start": 1475.08,
    "end": 1484.12,
    "speaker": "老师",
    "text": "当然前面利用数轴也更形象直观。"
  },
  {
    "start": 1484.2,
    "end": 1484.6,
    "speaker": "老师",
    "text": "好，"
  },
  {
    "start": 1484.6,
    "end": 1492.18,
    "speaker": "老师",
    "text": "下面我们再来解一下这个不等式组。"
  },
  {
    "start": 1492.18,
    "end": 1503.7,
    "speaker": "老师",
    "text": "这里有三个不等式构成的那我们同样先第一步解出它每一个不等式的解集，"
  },
  {
    "start": 1503.7,
    "end": 1504.5,
    "speaker": "老师",
    "text": "这里很好解。"
  },
  {
    "start": 1504.5,
    "end": 1511.82,
    "speaker": "老师",
    "text": "第一个x大于负二，"
  },
  {
    "start": 1511.82,
    "end": 1515.46,
    "speaker": "老师",
    "text": "第二个x大于三，"
  },
  {
    "start": 1515.46,
    "end": 1520.06,
    "speaker": "老师",
    "text": "第三个x小于等于六。"
  },
  {
    "start": 1520.06,
    "end": 1524.31,
    "speaker": "老师",
    "text": "那在这里我们三个的时候，"
  },
  {
    "start": 1524.31,
    "end": 1527.33,
    "speaker": "老师",
    "text": "刚才利用的口诀的话，"
  },
  {
    "start": 1527.33,
    "end": 1528.95,
    "speaker": "老师",
    "text": "可能就不是那么方便。"
  },
  {
    "start": 1528.95,
    "end": 1538.76,
    "speaker": "老师",
    "text": "所以在这里我们还是借助于数轴来找一下它的公共部分，"
  },
  {
    "start": 1538.76,
    "end": 1543.56,
    "speaker": "老师",
    "text": "小于等于这三个解集的公共部分。"
  },
  {
    "start": 1543.56,
    "end": 1547.0,
    "speaker": "老师",
    "text": "那我们在这里可以看到，"
  },
  {
    "start": 1547.08,
    "end": 1558.52,
    "speaker": "老师",
    "text": "这三种颜色的分别重叠的部分是不是就在x大于三小于等于六x这三个重叠的部分就是他的公共模板。"
  },
  {
    "start": 1558.74,
    "end": 1559.02,
    "speaker": "老师",
    "text": "好，"
  },
  {
    "start": 1559.02,
    "end": 1563.58,
    "speaker": "老师",
    "text": "所以我们就可以下结论原不等式组的解集为x大于三，"
  },
  {
    "start": 1563.58,
    "end": 1567.84,
    "speaker": "老师",
    "text": "小于等于六。"
  },
  {
    "start": 1567.84,
    "end": 1570.14,
    "speaker": "老师",
    "text": "那碰到这种多个的时候，"
  },
  {
    "start": 1570.14,
    "end": 1573.5,
    "speaker": "老师",
    "text": "我们还是利用数轴比较形象，"
  },
  {
    "start": 1573.5,
    "end": 1576.94,
    "speaker": "老师",
    "text": "直观啊好再来解这个不等式组，"
  },
  {
    "start": 1576.94,
    "end": 1583.33,
    "speaker": "老师",
    "text": "并求它的非负整数解。"
  },
  {
    "start": 1583.33,
    "end": 1587.95,
    "speaker": "老师",
    "text": "同样我们把它写成不等式组的形式，"
  },
  {
    "start": 1587.95,
    "end": 1590.64,
    "speaker": "老师",
    "text": "用大括号再标一二决定。"
  },
  {
    "start": 1590.64,
    "end": 1593.87,
    "speaker": "老师",
    "text": "一我在这里先解除，"
  },
  {
    "start": 1593.87,
    "end": 1595.89,
    "speaker": "老师",
    "text": "第一个看一下，"
  },
  {
    "start": 1595.95,
    "end": 1598.29,
    "speaker": "老师",
    "text": "先去分母，"
  },
  {
    "start": 1598.29,
    "end": 1601.02,
    "speaker": "老师",
    "text": "两边同时乘以三，"
  },
  {
    "start": 1601.02,
    "end": 1604.4,
    "speaker": "老师",
    "text": "然后再移项归移过来，"
  },
  {
    "start": 1604.4,
    "end": 1605.18,
    "speaker": "老师",
    "text": "加一就是六，"
  },
  {
    "start": 1605.18,
    "end": 1606.46,
    "speaker": "老师",
    "text": "在系数化为一，"
  },
  {
    "start": 1606.46,
    "end": 1610.57,
    "speaker": "老师",
    "text": "不等号的方向不变，"
  },
  {
    "start": 1614.47,
    "end": 1615.89,
    "speaker": "老师",
    "text": "再给他看。"
  },
  {
    "start": 1615.89,
    "end": 1616.51,
    "speaker": "老师",
    "text": "第二个，"
  },
  {
    "start": 1616.51,
    "end": 1621.9,
    "speaker": "老师",
    "text": "先去分母两边同时乘以三不等号的方向不不改变，"
  },
  {
    "start": 1621.9,
    "end": 1622.94,
    "speaker": "老师",
    "text": "在一巷，"
  },
  {
    "start": 1623.84,
    "end": 1632.54,
    "speaker": "老师",
    "text": "在合并同类项系数化为一，"
  },
  {
    "start": 1632.54,
    "end": 1636.52,
    "speaker": "老师",
    "text": "这是x大于等于这里负八除以二，"
  },
  {
    "start": 1636.52,
    "end": 1640.13,
    "speaker": "老师",
    "text": "处于正二不等化的方向不发生改变。"
  },
  {
    "start": 1640.13,
    "end": 1640.97,
    "speaker": "老师",
    "text": "好，"
  },
  {
    "start": 1640.97,
    "end": 1643.81,
    "speaker": "老师",
    "text": "这里我们可以利用这个口诀，"
  },
  {
    "start": 1643.81,
    "end": 1645.53,
    "speaker": "老师",
    "text": "这是大于小小于大的，"
  },
  {
    "start": 1645.53,
    "end": 1652.0,
    "speaker": "老师",
    "text": "就大小小大中间找，"
  },
  {
    "start": 1652.04,
    "end": 1659.05,
    "speaker": "老师",
    "text": "那就是x大于等于负四小于八。"
  },
  {
    "start": 1660.32,
    "end": 1662.68,
    "speaker": "老师",
    "text": "最后我们来找一下它的非负整数解，"
  },
  {
    "start": 1662.68,
    "end": 1666.71,
    "speaker": "老师",
    "text": "这个非负是什么意思嘞？"
  },
  {
    "start": 1666.75,
    "end": 1677.76,
    "speaker": "老师",
    "text": "首先是零或正，"
  },
  {
    "start": 1677.82,
    "end": 1683.52,
    "speaker": "老师",
    "text": "而且是要整数。"
  },
  {
    "start": 1683.52,
    "end": 1686.04,
    "speaker": "老师",
    "text": "那在这里面满足的有哪些哪些呢？"
  },
  {
    "start": 1686.04,
    "end": 1694.27,
    "speaker": "老师",
    "text": "首先是零在里面再到七这个八没有，"
  },
  {
    "start": 1694.27,
    "end": 1697.11,
    "speaker": "老师",
    "text": "所以这里大家注意。"
  },
  {
    "start": 1697.11,
    "end": 1697.41,
    "speaker": "老师",
    "text": "好，"
  },
  {
    "start": 1697.41,
    "end": 1701.39,
    "speaker": "老师",
    "text": "那下面我们再来思考一下这道题。"
  },
  {
    "start": 1702.11,
    "end": 1708.81,
    "speaker": "老师",
    "text": "这里题目还有两个字母AB告诉了这个不等式组，"
  },
  {
    "start": 1708.81,
    "end": 1711.96,
    "speaker": "老师",
    "text": "它的解集是负一到一，"
  },
  {
    "start": 1711.96,
    "end": 1712.88,
    "speaker": "老师",
    "text": "那求它的值。"
  },
  {
    "start": 1712.88,
    "end": 1717.18,
    "speaker": "老师",
    "text": "那同学们这个题目该怎么思考呢？"
  },
  {
    "start": 1717.18,
    "end": 1722.92,
    "speaker": "老师",
    "text": "这个题目是跟我们之前解不等式组的题目啊，"
  },
  {
    "start": 1722.98,
    "end": 1724.02,
    "speaker": "老师",
    "text": "是反过来，"
  },
  {
    "start": 1724.02,
    "end": 1726.86,
    "speaker": "老师",
    "text": "他这里是逆向问题，"
  },
  {
    "start": 1732.59,
    "end": 1740.35,
    "speaker": "老师",
    "text": "先告诉了剪辑。"
  },
  {
    "start": 1740.35,
    "end": 1742.85,
    "speaker": "老师",
    "text": "那程这里面的AB,"
  },
  {
    "start": 1742.85,
    "end": 1746.57,
    "speaker": "老师",
    "text": "那这种问题我们还是剩下的思维来理解，"
  },
  {
    "start": 1746.57,
    "end": 1748.51,
    "speaker": "老师",
    "text": "否则你就不好操作了。"
  },
  {
    "start": 1748.57,
    "end": 1753.18,
    "speaker": "老师",
    "text": "因为告诉这个不等式组，"
  },
  {
    "start": 1753.18,
    "end": 1759.64,
    "speaker": "老师",
    "text": "它的解集就是它我们还是能能照样去先解出这两个不等式，"
  },
  {
    "start": 1759.64,
    "end": 1766.2,
    "speaker": "老师",
    "text": "把它化为x大于小于x大于a或者x小于a的形式啊，"
  },
  {
    "start": 1766.2,
    "end": 1770.04,
    "speaker": "老师",
    "text": "这两个先都解出来来看一下，"
  },
  {
    "start": 1770.04,
    "end": 1775.73,
    "speaker": "老师",
    "text": "先还是解出每一个不等式，"
  },
  {
    "start": 1775.73,
    "end": 1779.77,
    "speaker": "老师",
    "text": "用这个含有a的字母把它表示出来。"
  },
  {
    "start": 1779.77,
    "end": 1783.0,
    "speaker": "老师",
    "text": "那这里就是二x小于一加a x小于，"
  },
  {
    "start": 1783.0,
    "end": 1784.98,
    "speaker": "老师",
    "text": "这个是x好，"
  },
  {
    "start": 1784.98,
    "end": 1788.3,
    "speaker": "老师",
    "text": "我们看到这两个公共部分是什么呢？"
  },
  {
    "start": 1788.3,
    "end": 1792.07,
    "speaker": "老师",
    "text": "当然他要有公共部分对吧？"
  },
  {
    "start": 1792.07,
    "end": 1792.31,
    "speaker": "老师",
    "text": "哎，"
  },
  {
    "start": 1792.31,
    "end": 1793.91,
    "speaker": "老师",
    "text": "要有功能特征，"
  },
  {
    "start": 1794.85,
    "end": 1800.15,
    "speaker": "老师",
    "text": "它的解集就不是这个了，"
  },
  {
    "start": 1800.15,
    "end": 1801.03,
    "speaker": "老师",
    "text": "它有解集，"
  },
  {
    "start": 1801.03,
    "end": 1801.77,
    "speaker": "老师",
    "text": "所以它有功能。"
  },
  {
    "start": 1801.77,
    "end": 1805.08,
    "speaker": "老师",
    "text": "那我们再来看接助数轴，"
  },
  {
    "start": 1805.22,
    "end": 1806.2,
    "speaker": "老师",
    "text": "那x大鱼，"
  },
  {
    "start": 1806.46,
    "end": 1817.25,
    "speaker": "老师",
    "text": "我们看一下三加二b向右小鱼二分之一加a那二分之一加a肯定要在这个右边，"
  },
  {
    "start": 1817.39,
    "end": 1818.31,
    "speaker": "老师",
    "text": "他有解集，"
  },
  {
    "start": 1818.63,
    "end": 1818.99,
    "speaker": "老师",
    "text": "对吧？"
  },
  {
    "start": 1818.99,
    "end": 1819.19,
    "speaker": "老师",
    "text": "哎，"
  },
  {
    "start": 1819.19,
    "end": 1819.67,
    "speaker": "老师",
    "text": "可以，"
  },
  {
    "start": 1819.67,
    "end": 1823.97,
    "speaker": "老师",
    "text": "那这个剪辑就在有解集，"
  },
  {
    "start": 1823.97,
    "end": 1827.01,
    "speaker": "老师",
    "text": "肯定他要在他的右边在左边的话，"
  },
  {
    "start": 1827.01,
    "end": 1828.87,
    "speaker": "老师",
    "text": "就没有解集了。"
  },
  {
    "start": 1828.87,
    "end": 1834.36,
    "speaker": "老师",
    "text": "那它的解集就是好，"
  },
  {
    "start": 1834.36,
    "end": 1858.88,
    "speaker": "老师",
    "text": "这个不等式组的解集是x大于三加二b小于二分之一加a拿u行围来告诉的这个解集是负一大于负一小一。"
  },
  {
    "start": 1858.98,
    "end": 1861.96,
    "speaker": "老师",
    "text": "所以其实这两个就是一回事，"
  },
  {
    "start": 1862.5,
    "end": 1863.88,
    "speaker": "老师",
    "text": "对不对？"
  },
  {
    "start": 1865.01,
    "end": 1876.49,
    "speaker": "老师",
    "text": "它是一样的同一回事，"
  },
  {
    "start": 1876.49,
    "end": 1877.49,
    "speaker": "老师",
    "text": "姐集又是他，"
  },
  {
    "start": 1877.49,
    "end": 1881.08,
    "speaker": "老师",
    "text": "这个姐集又是他，"
  },
  {
    "start": 1881.14,
    "end": 1885.3,
    "speaker": "老师",
    "text": "那我们可以得到什么呀？"
  },
  {
    "start": 1885.3,
    "end": 1888.66,
    "speaker": "老师",
    "text": "所以我们就得到这个其实就是等于负一，"
  },
  {
    "start": 1888.66,
    "end": 1892.98,
    "speaker": "老师",
    "text": "这个切入是等于一。"
  },
  {
    "start": 1892.98,
    "end": 1899.98,
    "speaker": "老师",
    "text": "并且如果它不等于这两个端点分别不对应，"
  },
  {
    "start": 1900.0,
    "end": 1905.56,
    "speaker": "老师",
    "text": "等于负一和一的话，"
  },
  {
    "start": 1905.56,
    "end": 1908.76,
    "speaker": "老师",
    "text": "那这个解集就不是负一到一了，"
  },
  {
    "start": 1909.83,
    "end": 1912.07,
    "speaker": "老师",
    "text": "那就是其他的，"
  },
  {
    "start": 1912.07,
    "end": 1913.01,
    "speaker": "老师",
    "text": "对不对？"
  },
  {
    "start": 1915.78,
    "end": 1917.0,
    "speaker": "老师",
    "text": "我们来看一下，"
  },
  {
    "start": 1917.04,
    "end": 1919.42,
    "speaker": "老师",
    "text": "如果说这里是，"
  },
  {
    "start": 1919.42,
    "end": 1921.91,
    "speaker": "老师",
    "text": "如果它不等于负一，"
  },
  {
    "start": 1921.91,
    "end": 1923.15,
    "speaker": "老师",
    "text": "它等于零，"
  },
  {
    "start": 1923.15,
    "end": 1928.54,
    "speaker": "老师",
    "text": "那这个x解集就是x大于零了。"
  },
  {
    "start": 1928.54,
    "end": 1933.17,
    "speaker": "老师",
    "text": "所以因为这个解集就是负一到一，"
  },
  {
    "start": 1933.17,
    "end": 1938.55,
    "speaker": "老师",
    "text": "所以这两个端点刚好就是负一到一，"
  },
  {
    "start": 1938.55,
    "end": 1942.88,
    "speaker": "老师",
    "text": "那我们就可以把AB解出来。"
  },
  {
    "start": 1943.53,
    "end": 1943.83,
    "speaker": "老师",
    "text": "好，"
  },
  {
    "start": 1943.83,
    "end": 1947.81,
    "speaker": "老师",
    "text": "这里可以解到b等于负二a等于一，"
  },
  {
    "start": 1948.07,
    "end": 1951.82,
    "speaker": "老师",
    "text": "从而求到最后的值是负六。"
  },
  {
    "start": 1952.98,
    "end": 1955.5,
    "speaker": "老师",
    "text": "所以这样的题目啊，"
  },
  {
    "start": 1955.5,
    "end": 1957.52,
    "speaker": "老师",
    "text": "它是逆向思维，"
  },
  {
    "start": 1957.52,
    "end": 1960.1,
    "speaker": "老师",
    "text": "它先告诉了解集，"
  },
  {
    "start": 1960.1,
    "end": 1964.29,
    "speaker": "老师",
    "text": "再反过来求这里面的字母，"
  },
  {
    "start": 1964.29,
    "end": 1967.13,
    "speaker": "老师",
    "text": "我们还是顺向的去解解出来。"
  },
  {
    "start": 1967.13,
    "end": 1968.28,
    "speaker": "老师",
    "text": "解出来之后啊，"
  },
  {
    "start": 1969.27,
    "end": 1972.13,
    "speaker": "老师",
    "text": "它的解集就是在剪辑，"
  },
  {
    "start": 1973.63,
    "end": 1974.51,
    "speaker": "老师",
    "text": "就是这个，"
  },
  {
    "start": 1974.51,
    "end": 1981.05,
    "speaker": "老师",
    "text": "然后跟我们的已知条件的这个解集啊，"
  },
  {
    "start": 1981.13,
    "end": 1981.51,
    "speaker": "老师",
    "text": "哎，"
  },
  {
    "start": 1981.51,
    "end": 1985.7,
    "speaker": "老师",
    "text": "它是代表同一回事，"
  },
  {
    "start": 1985.7,
    "end": 1994.67,
    "speaker": "老师",
    "text": "所以这两个端点就刚好是对应相等。"
  },
  {
    "start": 1994.67,
    "end": 1995.11,
    "speaker": "老师",
    "text": "好，"
  },
  {
    "start": 1996.37,
    "end": 2011.65,
    "speaker": "老师",
    "text": "我们再来看下面大家思考一下这道题这个不等式组有解求m的范围，"
  },
  {
    "start": 2011.65,
    "end": 2014.41,
    "speaker": "老师",
    "text": "这里也是带于字母m那跟刚才一样，"
  },
  {
    "start": 2014.41,
    "end": 2016.07,
    "speaker": "老师",
    "text": "我们这样的题目啊，"
  },
  {
    "start": 2016.67,
    "end": 2023.23,
    "speaker": "老师",
    "text": "肯定利用口诀不太方便，"
  },
  {
    "start": 2023.37,
    "end": 2027.18,
    "speaker": "老师",
    "text": "然后利用数轴比较形象直观。"
  },
  {
    "start": 2027.54,
    "end": 2033.94,
    "speaker": "老师",
    "text": "首先我们得到第一个x小于x小于等于三加m,"
  },
  {
    "start": 2033.94,
    "end": 2036.22,
    "speaker": "老师",
    "text": "而且下面一个x大于OM减三。"
  },
  {
    "start": 2036.26,
    "end": 2040.27,
    "speaker": "老师",
    "text": "再来找它的公共部分告诉的是有解，"
  },
  {
    "start": 2041.44,
    "end": 2045.3,
    "speaker": "老师",
    "text": "所以它是有公共部分。"
  },
  {
    "start": 2045.3,
    "end": 2048.96,
    "speaker": "老师",
    "text": "那我们先来定好一个小于等于三江，"
  },
  {
    "start": 2049.3,
    "end": 2050.4,
    "speaker": "老师",
    "text": "这里是向左。"
  },
  {
    "start": 2050.4,
    "end": 2050.68,
    "speaker": "老师",
    "text": "好，"
  },
  {
    "start": 2050.68,
    "end": 2056.92,
    "speaker": "老师",
    "text": "再来看这个怎么表示出来呢？"
  },
  {
    "start": 2056.92,
    "end": 2060.85,
    "speaker": "老师",
    "text": "二m加减三应该在哪里呢？"
  },
  {
    "start": 2060.85,
    "end": 2065.17,
    "speaker": "老师",
    "text": "如果二m二m减三在三加m的右边，"
  },
  {
    "start": 2065.17,
    "end": 2069.54,
    "speaker": "老师",
    "text": "如果在这里的话，"
  },
  {
    "start": 2069.82,
    "end": 2071.2,
    "speaker": "老师",
    "text": "大家看一下。"
  },
  {
    "start": 2071.2,
    "end": 2078.21,
    "speaker": "老师",
    "text": "如果二m减三在三加m的右边啊大于它，"
  },
  {
    "start": 2078.21,
    "end": 2080.17,
    "speaker": "老师",
    "text": "这将会导致是无解。"
  },
  {
    "start": 2080.53,
    "end": 2082.23,
    "speaker": "老师",
    "text": "所以我们看不能在右边，"
  },
  {
    "start": 2082.49,
    "end": 2085.7,
    "speaker": "老师",
    "text": "那能不能在左边呢？"
  },
  {
    "start": 2085.7,
    "end": 2087.4,
    "speaker": "老师",
    "text": "看一下二m减三，"
  },
  {
    "start": 2087.4,
    "end": 2090.38,
    "speaker": "老师",
    "text": "在三加m的左边，"
  },
  {
    "start": 2090.4,
    "end": 2092.58,
    "speaker": "老师",
    "text": "那这里是不是有公共部分呢？"
  },
  {
    "start": 2092.58,
    "end": 2093.7,
    "speaker": "老师",
    "text": "是不是就有姐？"
  },
  {
    "start": 2093.7,
    "end": 2095.44,
    "speaker": "老师",
    "text": "所以它在左边可以，"
  },
  {
    "start": 2095.44,
    "end": 2098.85,
    "speaker": "老师",
    "text": "那除了在右边和左边，"
  },
  {
    "start": 2098.85,
    "end": 2099.83,
    "speaker": "老师",
    "text": "你不要漏掉了，"
  },
  {
    "start": 2099.83,
    "end": 2106.01,
    "speaker": "老师",
    "text": "可能还在这个三加m这个地方。"
  },
  {
    "start": 2106.07,
    "end": 2112.59,
    "speaker": "老师",
    "text": "所以如果说RM减三在三加m重合会怎么样？"
  },
  {
    "start": 2112.59,
    "end": 2113.38,
    "speaker": "老师",
    "text": "重合的话，"
  },
  {
    "start": 2115.64,
    "end": 2118.66,
    "speaker": "老师",
    "text": "那就是他们两个一样的举个例子，"
  },
  {
    "start": 2118.66,
    "end": 2119.24,
    "speaker": "老师",
    "text": "这是一，"
  },
  {
    "start": 2119.24,
    "end": 2120.66,
    "speaker": "老师",
    "text": "这是一，"
  },
  {
    "start": 2120.66,
    "end": 2123.22,
    "speaker": "老师",
    "text": "那就是x小于等于x大于，"
  },
  {
    "start": 2123.22,
    "end": 2124.86,
    "speaker": "老师",
    "text": "还有没有减也没有减。"
  },
  {
    "start": 2124.86,
    "end": 2127.4,
    "speaker": "老师",
    "text": "因为这里是有实有实心，"
  },
  {
    "start": 2127.42,
    "end": 2128.34,
    "speaker": "老师",
    "text": "小于等于它，"
  },
  {
    "start": 2128.74,
    "end": 2130.52,
    "speaker": "老师",
    "text": "但是这边是空心，"
  },
  {
    "start": 2130.52,
    "end": 2134.26,
    "speaker": "老师",
    "text": "所以它们没有没有解。"
  },
  {
    "start": 2134.28,
    "end": 2135.04,
    "speaker": "老师",
    "text": "哎，"
  },
  {
    "start": 2135.04,
    "end": 2139.23,
    "speaker": "老师",
    "text": "小于等于一大一的话，"
  },
  {
    "start": 2139.23,
    "end": 2139.87,
    "speaker": "老师",
    "text": "它没有解。"
  },
  {
    "start": 2140.19,
    "end": 2141.75,
    "speaker": "老师",
    "text": "如果这里有等号是可以的，"
  },
  {
    "start": 2141.75,
    "end": 2141.9,
    "speaker": "老师",
    "text": "所以我们得到二m减三。"
  },
  {
    "start": 2141.75,
    "end": 2141.9,
    "speaker": "老师",
    "text": "在商家铺的左边是可以的，"
  },
  {
    "start": 2141.75,
    "end": 2141.9,
    "speaker": "老师",
    "text": "在它的右边不行，"
  },
  {
    "start": 2141.75,
    "end": 2141.9,
    "speaker": "老师",
    "text": "在它上面也不行，"
  },
  {
    "start": 2141.75,
    "end": 2141.9,
    "speaker": "老师",
    "text": "这里不能等号啊，"
  },
  {
    "start": 2141.75,
    "end": 2141.9,
    "speaker": "老师",
    "text": "所以最后得到m小于六，"
  },
  {
    "start": 2141.75,
    "end": 2141.9,
    "speaker": "老师",
    "text": "这里要注意分类讨论，"
  },
  {
    "start": 2141.75,
    "end": 2141.9,
    "speaker": "老师",
    "text": "分类讨论。"
  },
  {
    "start": 2141.75,
    "end": 2141.9,
    "speaker": "老师",
    "text": "如果这个题目把有解改成无解怎么样呢？"
  },
  {
    "start": 2141.75,
    "end": 2141.9,
    "speaker": "老师",
    "text": "那刚才我们看到在OM减三，"
  },
  {
    "start": 2141.75,
    "end": 2141.9,
    "speaker": "老师",
    "text": "在它的右边的话，"
  },
  {
    "start": 2141.75,
    "end": 2141.9,
    "speaker": "老师",
    "text": "它是无解。"
  },
  {
    "start": 2141.75,
    "end": 2141.9,
    "speaker": "老师",
    "text": "这两个没有公共部分。"
  },
  {
    "start": 2141.75,
    "end": 2141.9,
    "speaker": "老师",
    "text": "所以说无解的话就是OM减三大于三加m还有在它上面在它上面是不是也是无解，"
  },
  {
    "start": 2141.75,
    "end": 2141.9,
    "speaker": "老师",
    "text": "也是无解，"
  },
  {
    "start": 2141.75,
    "end": 2141.9,
    "speaker": "老师",
    "text": "可以等于也是无解。"
  },
  {
    "start": 2141.75,
    "end": 2141.9,
    "speaker": "老师",
    "text": "因为这里这边是要大于等于这边是小于，"
  },
  {
    "start": 2141.75,
    "end": 2141.9,
    "speaker": "老师",
    "text": "它也没有公共部分，"
  },
  {
    "start": 2141.75,
    "end": 2141.9,
    "speaker": "老师",
    "text": "所以我们得到m大于等于六。"
  },
  {
    "start": 2141.75,
    "end": 2141.9,
    "speaker": "老师",
    "text": "当然我们还可以根据刚才求出的有解是m小于六。"
  },
  {
    "start": 2141.75,
    "end": 2141.9,
    "speaker": "老师",
    "text": "那反过来，"
  },
  {
    "start": 2141.75,
    "end": 2141.9,
    "speaker": "老师",
    "text": "它的对立面就是无解，"
  },
  {
    "start": 2141.75,
    "end": 2141.9,
    "speaker": "老师",
    "text": "就是大于等于六啊，"
  },
  {
    "start": 2141.75,
    "end": 2141.9,
    "speaker": "老师",
    "text": "这个题目比较难，"
  },
  {
    "start": 2141.75,
    "end": 2141.9,
    "speaker": "老师",
    "text": "大家可以课后看这个录像，"
  },
  {
    "start": 2141.75,
    "end": 2141.9,
    "speaker": "老师",
    "text": "再来把它认真体会消化一下。"
  },
  {
    "start": 2141.75,
    "end": 2141.9,
    "speaker": "老师",
    "text": "好，"
  },
  {
    "start": 2141.75,
    "end": 2141.9,
    "speaker": "老师",
    "text": "那我们今天来总结一下，"
  },
  {
    "start": 2141.75,
    "end": 2141.9,
    "speaker": "老师",
    "text": "学到了什么呀？"
  },
  {
    "start": 2141.75,
    "end": 2141.9,
    "speaker": "老师",
    "text": "主要学到了这个解一元一次负等式组，"
  },
  {
    "start": 2141.75,
    "end": 2141.9,
    "speaker": "老师",
    "text": "它的另外一种方法，"
  },
  {
    "start": 2141.75,
    "end": 2141.9,
    "speaker": "老师",
    "text": "对吧？"
  },
  {
    "start": 2141.75,
    "end": 2141.9,
    "speaker": "老师",
    "text": "就是它的第二步，"
  },
  {
    "start": 2141.75,
    "end": 2141.9,
    "speaker": "老师",
    "text": "第一步人照样是求不等式组的各个不等式的解集。"
  },
  {
    "start": 2141.75,
    "end": 2141.9,
    "speaker": "老师",
    "text": "第二个有两种方法可以利用数轴去找公共部分，"
  },
  {
    "start": 2141.75,
    "end": 2141.9,
    "speaker": "老师",
    "text": "也可以利用我们总结的这节课总结的口诀。"
  },
  {
    "start": 2141.75,
    "end": 2141.9,
    "speaker": "老师",
    "text": "好，"
  },
  {
    "start": 2141.75,
    "end": 2141.9,
    "speaker": "老师",
    "text": "同学们再跟着老师一起读一遍，"
  },
  {
    "start": 2141.75,
    "end": 2141.9,
    "speaker": "老师",
    "text": "同大曲大，"
  },
  {
    "start": 2141.75,
    "end": 2141.9,
    "speaker": "老师",
    "text": "从小去想大小小大，"
  },
  {
    "start": 2141.75,
    "end": 2141.9,
    "speaker": "老师",
    "text": "中间找大大小小无处找。"
  },
  {
    "start": 2141.75,
    "end": 2141.9,
    "speaker": "老师",
    "text": "最后一步写出这个不等式组的解集。"
  },
  {
    "start": 2141.75,
    "end": 2141.9,
    "speaker": "老师",
    "text": "这本节课蕴含的数学思想有第一个树形结合思想。"
  },
  {
    "start": 2141.75,
    "end": 2141.9,
    "speaker": "老师",
    "text": "第二个，"
  },
  {
    "start": 2141.75,
    "end": 2141.9,
    "speaker": "老师",
    "text": "从特殊到一般在刚才总结这个口诀的时候，"
  },
  {
    "start": 2141.75,
    "end": 2141.9,
    "speaker": "老师",
    "text": "从特殊到一般的思想，"
  },
  {
    "start": 2141.75,
    "end": 2141.9,
    "speaker": "老师",
    "text": "还有我们的分类讨论思想。"
  },
  {
    "start": 2141.75,
    "end": 2141.9,
    "speaker": "老师",
    "text": "像这里讨论它们俩个位置关系分左右边，"
  },
  {
    "start": 2141.75,
    "end": 2141.9,
    "speaker": "老师",
    "text": "左边还有在它上面。"
  },
  {
    "start": 2141.75,
    "end": 2141.9,
    "speaker": "老师",
    "text": "好，"
  },
  {
    "start": 2141.75,
    "end": 2141.9,
    "speaker": "老师",
    "text": "这里是这节课的作业。"
  },
  {
    "start": 2141.75,
    "end": 2141.9,
    "speaker": "老师",
    "text": "好，"
  },
  {
    "start": 2141.75,
    "end": 2141.9,
    "speaker": "老师",
    "text": "这节课就到这里。"
  },
  {
    "start": 2141.75,
    "end": 2141.9,
    "speaker": "老师",
    "text": "好，"
  },
  {
    "start": 2141.75,
    "end": 2141.9,
    "speaker": "老师",
    "text": "谢谢大家。"
  }
]