[
  {
    "start": 3.93,
    "end": 9.3,
    "speaker": "老师",
    "text": "嗯，"
  },
  {
    "start": 9.3,
    "end": 10.62,
    "speaker": "老师",
    "text": "同学们好，"
  },
  {
    "start": 10.74,
    "end": 16.77,
    "speaker": "老师",
    "text": "我是南昌市红谷滩新区实验学校李彦林老师七年级。"
  },
  {
    "start": 16.77,
    "end": 23.65,
    "speaker": "老师",
    "text": "我们已经学习了数据的收集整理以及描述。"
  },
  {
    "start": 23.65,
    "end": 30.08,
    "speaker": "老师",
    "text": "今天我们继续学习统计学第二十章数据的分析。"
  },
  {
    "start": 30.08,
    "end": 35.53,
    "speaker": "老师",
    "text": "第一节第一课时平均数，"
  },
  {
    "start": 35.85,
    "end": 45.19,
    "speaker": "老师",
    "text": "本章主要研究平均数、中位数、众数、方差等统计量的统计意义学习。"
  },
  {
    "start": 45.23,
    "end": 51.77,
    "speaker": "老师",
    "text": "如何利用这些统计量分析数据的集中趋势和离散情况，"
  },
  {
    "start": 51.77,
    "end": 56.51,
    "speaker": "老师",
    "text": "并通过研究如何用样本的平均数和方差，"
  },
  {
    "start": 56.53,
    "end": 60.01,
    "speaker": "老师",
    "text": "估计总体的平均数和方差，"
  },
  {
    "start": 60.07,
    "end": 66.16,
    "speaker": "老师",
    "text": "进一步体会用样本估计总体的思想。"
  },
  {
    "start": 66.76,
    "end": 69.24,
    "speaker": "老师",
    "text": "老师这儿有个问题，"
  },
  {
    "start": 69.24,
    "end": 71.44,
    "speaker": "老师",
    "text": "根据这些数据，"
  },
  {
    "start": 71.5,
    "end": 76.29,
    "speaker": "老师",
    "text": "应为农科院选择甜玉米种子，"
  },
  {
    "start": 76.33,
    "end": 78.99,
    "speaker": "老师",
    "text": "提出怎样的建议呢？"
  },
  {
    "start": 79.01,
    "end": 81.86,
    "speaker": "老师",
    "text": "带着这个问题，"
  },
  {
    "start": 81.86,
    "end": 89.29,
    "speaker": "老师",
    "text": "我们开启数据的分析的学习之旅吧。"
  },
  {
    "start": 89.33,
    "end": 92.69,
    "speaker": "老师",
    "text": "我们先来看一个小游戏，"
  },
  {
    "start": 92.69,
    "end": 98.28,
    "speaker": "老师",
    "text": "如图ABCD四个杯子中装了不同数量的小球，"
  },
  {
    "start": 98.28,
    "end": 112.73,
    "speaker": "老师",
    "text": "你能让四个杯子中的小球数目相同吗？"
  },
  {
    "start": 112.73,
    "end": 118.23,
    "speaker": "老师",
    "text": "请同学们赶紧试一试吧。"
  },
  {
    "start": 118.77,
    "end": 119.35,
    "speaker": "老师",
    "text": "瞧，"
  },
  {
    "start": 119.57,
    "end": 124.97,
    "speaker": "老师",
    "text": "同学们的想法和老师是否心有灵犀呢？"
  },
  {
    "start": 124.97,
    "end": 133.95,
    "speaker": "老师",
    "text": "我们可以通过移多补少先和后分的方法来得到平均数，"
  },
  {
    "start": 133.97,
    "end": 141.08,
    "speaker": "老师",
    "text": "从而让四个杯子中的小球数目达到平均水平。"
  },
  {
    "start": 141.08,
    "end": 145.34,
    "speaker": "老师",
    "text": "我们再来看第二个问题，"
  },
  {
    "start": 145.34,
    "end": 171.96,
    "speaker": "老师",
    "text": "重庆七月中旬一周的最高气温如下，"
  },
  {
    "start": 172.22,
    "end": 179.38,
    "speaker": "老师",
    "text": "你能计算这一周的平均最高气温吗？"
  },
  {
    "start": 179.38,
    "end": 181.04,
    "speaker": "老师",
    "text": "赶紧算算吧，"
  },
  {
    "start": 181.04,
    "end": 188.1,
    "speaker": "老师",
    "text": "我们可以把这一周七天的气温相加，"
  },
  {
    "start": 188.1,
    "end": 191.14,
    "speaker": "老师",
    "text": "得到的和除以七可以得到。"
  },
  {
    "start": 191.14,
    "end": 200.0,
    "speaker": "老师",
    "text": "重庆七月中旬，"
  },
  {
    "start": 200.0,
    "end": 207.17,
    "speaker": "老师",
    "text": "一周的最高气温大约是三十六点九摄氏度。"
  },
  {
    "start": 207.17,
    "end": 214.97,
    "speaker": "老师",
    "text": "你还能回忆归纳出算术平均数的概念吗？"
  },
  {
    "start": 215.01,
    "end": 218.77,
    "speaker": "老师",
    "text": "我们一起来看看吧。"
  },
  {
    "start": 218.77,
    "end": 230.21,
    "speaker": "老师",
    "text": "一般的对于n个数x一、x二一直到XN,"
  },
  {
    "start": 230.23,
    "end": 236.89,
    "speaker": "老师",
    "text": "我们把x拔等于n分之x一加x二一直加到XN,"
  },
  {
    "start": 236.89,
    "end": 243.33,
    "speaker": "老师",
    "text": "叫做这n个数的算术平均数，"
  },
  {
    "start": 243.35,
    "end": 244.51,
    "speaker": "老师",
    "text": "简称平均数。"
  },
  {
    "start": 244.73,
    "end": 247.18,
    "speaker": "老师",
    "text": "请看问题。"
  },
  {
    "start": 247.18,
    "end": 251.72,
    "speaker": "老师",
    "text": "三、一家公司打算招聘一名英文翻译，"
  },
  {
    "start": 251.86,
    "end": 259.74,
    "speaker": "老师",
    "text": "对甲乙两位应试者进行了听说读写的英语水平测试，"
  },
  {
    "start": 259.74,
    "end": 263.67,
    "speaker": "老师",
    "text": "他们的各项成绩如表所示。"
  },
  {
    "start": 263.83,
    "end": 270.73,
    "speaker": "老师",
    "text": "如果公司想招一名综合能力较强的翻译，"
  },
  {
    "start": 270.73,
    "end": 279.94,
    "speaker": "老师",
    "text": "请计算两名应试者的平均成绩应该录用谁？"
  },
  {
    "start": 280.22,
    "end": 282.02,
    "speaker": "老师",
    "text": "我们先来思考。"
  },
  {
    "start": 282.02,
    "end": 283.56,
    "speaker": "老师",
    "text": "第一个问题，"
  },
  {
    "start": 283.6,
    "end": 289.18,
    "speaker": "老师",
    "text": "这家公司打算招聘一名英文翻译，"
  },
  {
    "start": 289.18,
    "end": 297.72,
    "speaker": "老师",
    "text": "对甲和乙哪几个方面进行了阴影水平测试呢？"
  },
  {
    "start": 298.14,
    "end": 309.45,
    "speaker": "老师",
    "text": "我们通过审题可以得到对听说读写四个方面进行了英语水平测试。"
  },
  {
    "start": 309.69,
    "end": 318.86,
    "speaker": "老师",
    "text": "那么甲和乙这四个方面的成绩又是多少呢？"
  },
  {
    "start": 318.86,
    "end": 320.34,
    "speaker": "老师",
    "text": "如表所示，"
  },
  {
    "start": 320.64,
    "end": 334.71,
    "speaker": "老师",
    "text": "我们可以得到甲听说读写的成绩分别是八十五、七十八、八十五、七十三，"
  },
  {
    "start": 334.99,
    "end": 386.72,
    "speaker": "老师",
    "text": "而乙听说读写的成绩分别是七十三、八十八、十二、八十三。"
  },
  {
    "start": 386.74,
    "end": 391.93,
    "speaker": "老师",
    "text": "公司想招一名综合能力较强的翻译，"
  },
  {
    "start": 391.93,
    "end": 399.27,
    "speaker": "老师",
    "text": "那也就是说听说读写这四个方面都同等重要。"
  },
  {
    "start": 399.41,
    "end": 409.03,
    "speaker": "老师",
    "text": "那么我们如何来计算这两名应试者的平均成绩呢？"
  },
  {
    "start": 409.03,
    "end": 410.69,
    "speaker": "老师",
    "text": "我们来看看吧。"
  },
  {
    "start": 410.69,
    "end": 417.47,
    "speaker": "老师",
    "text": "我们可以把甲和乙的听说读写的成绩相加，"
  },
  {
    "start": 417.47,
    "end": 427.54,
    "speaker": "老师",
    "text": "得到的和再除以四可以分别计算出甲和乙的平均成绩。"
  },
  {
    "start": 427.54,
    "end": 428.66,
    "speaker": "老师",
    "text": "很显然，"
  },
  {
    "start": 428.66,
    "end": 430.88,
    "speaker": "老师",
    "text": "甲的成绩比乙高，"
  },
  {
    "start": 430.88,
    "end": 441.48,
    "speaker": "老师",
    "text": "所以从成绩看应该录取甲这里的八十点二五和七十九点五，"
  },
  {
    "start": 441.48,
    "end": 444.5,
    "speaker": "老师",
    "text": "我们都把它叫做算术平均数。"
  },
  {
    "start": 444.5,
    "end": 452.86,
    "speaker": "老师",
    "text": "我们常用平均数表示一组数据的平均水平，"
  },
  {
    "start": 452.86,
    "end": 455.14,
    "speaker": "老师",
    "text": "老师把题目变一变。"
  },
  {
    "start": 457.23,
    "end": 458.73,
    "speaker": "老师",
    "text": "如果公司想招一名笔译，"
  },
  {
    "start": 458.73,
    "end": 470.92,
    "speaker": "老师",
    "text": "能力较强的翻译，"
  },
  {
    "start": 471.04,
    "end": 473.12,
    "speaker": "老师",
    "text": "听说读写的成绩，"
  },
  {
    "start": 473.12,
    "end": 478.62,
    "speaker": "老师",
    "text": "按照二比一比三比四的比确定计算，"
  },
  {
    "start": 478.62,
    "end": 488.43,
    "speaker": "老师",
    "text": "两名应试者的平均成绩，"
  },
  {
    "start": 488.43,
    "end": 492.12,
    "speaker": "老师",
    "text": "从他们的成绩看，"
  },
  {
    "start": 492.36,
    "end": 494.92,
    "speaker": "老师",
    "text": "又应该录取谁呢？"
  },
  {
    "start": 495.22,
    "end": 501.04,
    "speaker": "老师",
    "text": "如果用算术平均数来衡量他们的成绩，"
  },
  {
    "start": 501.04,
    "end": 502.66,
    "speaker": "老师",
    "text": "合理吗？"
  },
  {
    "start": 502.92,
    "end": 507.44,
    "speaker": "老师",
    "text": "让我们一起来思考这个问题吧。"
  },
  {
    "start": 507.92,
    "end": 514.12,
    "speaker": "老师",
    "text": "公司想招一名比例能力较强的翻译。"
  },
  {
    "start": 514.12,
    "end": 522.29,
    "speaker": "老师",
    "text": "那么在这四个方面中更侧重哪几个方面呢？"
  },
  {
    "start": 522.33,
    "end": 522.89,
    "speaker": "老师",
    "text": "没错，"
  },
  {
    "start": 522.89,
    "end": 529.93,
    "speaker": "老师",
    "text": "是读和写这两方面从题目中的听说读写的成绩，"
  },
  {
    "start": 529.93,
    "end": 581.28,
    "speaker": "老师",
    "text": "按照二、比一比三比四的比值来确定，"
  },
  {
    "start": 581.28,
    "end": 589.08,
    "speaker": "老师",
    "text": "我们也可以得到这四个方面的重要程度不一样。"
  },
  {
    "start": 589.2,
    "end": 590.14,
    "speaker": "老师",
    "text": "其中，"
  },
  {
    "start": 590.22,
    "end": 597.22,
    "speaker": "老师",
    "text": "读和写在比例中所占的比例较大，"
  },
  {
    "start": 598.17,
    "end": 604.23,
    "speaker": "老师",
    "text": "分别在十份中占三份和四份。"
  },
  {
    "start": 604.51,
    "end": 611.9,
    "speaker": "老师",
    "text": "那么用算术平均数来衡量他们的成绩，"
  },
  {
    "start": 611.9,
    "end": 615.64,
    "speaker": "老师",
    "text": "显然不合理，"
  },
  {
    "start": 616.18,
    "end": 621.41,
    "speaker": "老师",
    "text": "算术平均数解决不了问题。"
  },
  {
    "start": 621.47,
    "end": 625.67,
    "speaker": "老师",
    "text": "那么我们该怎么办呢？"
  },
  {
    "start": 625.75,
    "end": 628.63,
    "speaker": "老师",
    "text": "请同学们一起来看，"
  },
  {
    "start": 628.65,
    "end": 638.33,
    "speaker": "老师",
    "text": "我们可以把甲和乙听说读写的成绩分别乘以它们对应的比值相加之和，"
  },
  {
    "start": 639.08,
    "end": 641.48,
    "speaker": "老师",
    "text": "再除以它们的比例之和，"
  },
  {
    "start": 642.14,
    "end": 646.06,
    "speaker": "老师",
    "text": "从而得到甲和乙的平均数。"
  },
  {
    "start": 646.06,
    "end": 652.62,
    "speaker": "老师",
    "text": "显然乙的成绩比甲高，"
  },
  {
    "start": 652.62,
    "end": 656.58,
    "speaker": "老师",
    "text": "所以我们应该录取乙在这里二一三四。"
  },
  {
    "start": 656.58,
    "end": 674.39,
    "speaker": "老师",
    "text": "我们把它叫做全在孟子梁惠王上里面有权。"
  },
  {
    "start": 674.39,
    "end": 675.99,
    "speaker": "老师",
    "text": "然后知轻重的说，"
  },
  {
    "start": 676.03,
    "end": 679.47,
    "speaker": "老师",
    "text": "法权在古代有秤砣的意思。"
  },
  {
    "start": 679.47,
    "end": 681.15,
    "speaker": "老师",
    "text": "同学们都知道，"
  },
  {
    "start": 681.15,
    "end": 687.82,
    "speaker": "老师",
    "text": "秤是用来称量物体重量的东西，"
  },
  {
    "start": 687.82,
    "end": 689.54,
    "speaker": "老师",
    "text": "秤砣的位置不同，"
  },
  {
    "start": 691.69,
    "end": 696.79,
    "speaker": "老师",
    "text": "那么物体的重量也就不同。"
  },
  {
    "start": 696.81,
    "end": 700.25,
    "speaker": "老师",
    "text": "从数学的角度出发，"
  },
  {
    "start": 700.57,
    "end": 706.43,
    "speaker": "老师",
    "text": "全表示数据的重要程度。"
  },
  {
    "start": 706.45,
    "end": 717.27,
    "speaker": "老师",
    "text": "那么我们能把这种加权后的平均数的计算方法推广到一般吗？"
  },
  {
    "start": 717.93,
    "end": 721.35,
    "speaker": "老师",
    "text": "在实际问题中，"
  },
  {
    "start": 721.79,
    "end": 734.83,
    "speaker": "老师",
    "text": "一组数据里的各个数据的重要程度未必相同。"
  },
  {
    "start": 734.83,
    "end": 736.89,
    "speaker": "老师",
    "text": "因而在计算这组数据时，"
  },
  {
    "start": 739.13,
    "end": 744.94,
    "speaker": "老师",
    "text": "往往给每个数据一个全全的英文是wait,"
  },
  {
    "start": 745.08,
    "end": 749.18,
    "speaker": "老师",
    "text": "有表示数据重要程度的意思。"
  },
  {
    "start": 749.18,
    "end": 759.46,
    "speaker": "老师",
    "text": "一般的若n个数x一、x二一直到XN的全分别是w一、w二一直到WN,"
  },
  {
    "start": 759.46,
    "end": 765.07,
    "speaker": "老师",
    "text": "则x拔等于x一与WN的乘积，"
  },
  {
    "start": 767.03,
    "end": 769.35,
    "speaker": "老师",
    "text": "加上x二与WN的乘积，"
  },
  {
    "start": 769.51,
    "end": 771.37,
    "speaker": "老师",
    "text": "一直加到XN,"
  },
  {
    "start": 771.37,
    "end": 778.65,
    "speaker": "老师",
    "text": "与WN的乘积除以w一加w二一直加到WN,"
  },
  {
    "start": 778.71,
    "end": 786.19,
    "speaker": "老师",
    "text": "叫做这n个数的加权平均数。"
  },
  {
    "start": 786.19,
    "end": 786.59,
    "speaker": "老师",
    "text": "好，"
  },
  {
    "start": 786.59,
    "end": 790.86,
    "speaker": "老师",
    "text": "我们再回过头来看第一个问题，"
  },
  {
    "start": 790.86,
    "end": 799.06,
    "speaker": "老师",
    "text": "公司想招一名综合能力较强的翻译。"
  },
  {
    "start": 799.22,
    "end": 802.84,
    "speaker": "老师",
    "text": "那么实际上在这个问题中，"
  },
  {
    "start": 802.84,
    "end": 804.99,
    "speaker": "老师",
    "text": "综合能力较强，"
  },
  {
    "start": 805.97,
    "end": 809.71,
    "speaker": "老师",
    "text": "实际上也就代表着听说读写，"
  },
  {
    "start": 809.93,
    "end": 814.17,
    "speaker": "老师",
    "text": "它的重要程度是一样的。"
  },
  {
    "start": 814.17,
    "end": 827.97,
    "speaker": "老师",
    "text": "我们可以认为它们的比值分别是一比一比一比一。"
  },
  {
    "start": 827.97,
    "end": 830.36,
    "speaker": "老师",
    "text": "那么在这里对应的一，"
  },
  {
    "start": 831.18,
    "end": 836.75,
    "speaker": "老师",
    "text": "我们也可以把它认为它是隐藏的。"
  },
  {
    "start": 836.75,
    "end": 846.9,
    "speaker": "老师",
    "text": "全现在你能说说算术平均数与加权平均数的区别和联系吗？"
  },
  {
    "start": 846.9,
    "end": 853.18,
    "speaker": "老师",
    "text": "一、算术平均数是加权平均数的一种特殊情况，"
  },
  {
    "start": 853.18,
    "end": 856.61,
    "speaker": "老师",
    "text": "它特殊在各项的权相等。"
  },
  {
    "start": 861.89,
    "end": 868.25,
    "speaker": "老师",
    "text": "二、在实际问题中，"
  },
  {
    "start": 868.35,
    "end": 870.61,
    "speaker": "老师",
    "text": "当各项权不相等时，"
  },
  {
    "start": 870.61,
    "end": 872.57,
    "speaker": "老师",
    "text": "计算平均数时，"
  },
  {
    "start": 872.57,
    "end": 876.51,
    "speaker": "老师",
    "text": "就要采用加权平均数，"
  },
  {
    "start": 876.51,
    "end": 879.03,
    "speaker": "老师",
    "text": "当各项全相等时，"
  },
  {
    "start": 879.17,
    "end": 882.34,
    "speaker": "老师",
    "text": "计算平均数时，"
  },
  {
    "start": 882.62,
    "end": 886.62,
    "speaker": "老师",
    "text": "就要采用算术平均数。"
  },
  {
    "start": 886.8,
    "end": 889.12,
    "speaker": "老师",
    "text": "同学们明白了吗？"
  },
  {
    "start": 889.12,
    "end": 890.9,
    "speaker": "老师",
    "text": "好，"
  },
  {
    "start": 890.9,
    "end": 896.11,
    "speaker": "老师",
    "text": "那我们继续看问题。"
  },
  {
    "start": 896.11,
    "end": 906.37,
    "speaker": "老师",
    "text": "三、如果公司想招一名口语能力较强的翻译，"
  },
  {
    "start": 906.41,
    "end": 908.57,
    "speaker": "老师",
    "text": "则应该录取谁呢？"
  },
  {
    "start": 922.42,
    "end": 933.42,
    "speaker": "老师",
    "text": "听说读写的成绩按照三比三比二比二的比值来确定。"
  },
  {
    "start": 933.42,
    "end": 935.38,
    "speaker": "老师",
    "text": "通过题目的提示，"
  },
  {
    "start": 935.92,
    "end": 939.98,
    "speaker": "老师",
    "text": "口语能力较强以及给出的比值，"
  },
  {
    "start": 939.98,
    "end": 946.66,
    "speaker": "老师",
    "text": "我们很快可以找到在这四个方面中更侧重。"
  },
  {
    "start": 946.66,
    "end": 948.02,
    "speaker": "老师",
    "text": "哪几个方面呢？"
  },
  {
    "start": 948.02,
    "end": 950.25,
    "speaker": "老师",
    "text": "很明显是听和说，"
  },
  {
    "start": 952.5,
    "end": 958.92,
    "speaker": "老师",
    "text": "那么我们可以用加权平均数来解决这个问题，"
  },
  {
    "start": 958.92,
    "end": 965.45,
    "speaker": "老师",
    "text": "把甲和乙的听说读写的成绩分别乘以对应的权，"
  },
  {
    "start": 966.23,
    "end": 972.73,
    "speaker": "老师",
    "text": "然后相加之和除以全之和来得到甲和乙的加权平均数。"
  },
  {
    "start": 973.15,
    "end": 973.85,
    "speaker": "老师",
    "text": "显然，"
  },
  {
    "start": 973.87,
    "end": 975.59,
    "speaker": "老师",
    "text": "甲的成绩比乙高，"
  },
  {
    "start": 975.59,
    "end": 982.11,
    "speaker": "老师",
    "text": "我们应该录取甲将问题一二三我们来做比较，"
  },
  {
    "start": 982.11,
    "end": 984.43,
    "speaker": "老师",
    "text": "你能体会到权的作用吗？"
  },
  {
    "start": 984.43,
    "end": 994.81,
    "speaker": "老师",
    "text": "数据的权能够反映数据的相对重要的程度。"
  },
  {
    "start": 994.81,
    "end": 1000.39,
    "speaker": "老师",
    "text": "同样一张应试者的应聘成绩单，"
  },
  {
    "start": 1000.39,
    "end": 1004.13,
    "speaker": "老师",
    "text": "由于各个数据所附的传数不同，"
  },
  {
    "start": 1004.17,
    "end": 1021.59,
    "speaker": "老师",
    "text": "造成的录取结果截然不同。"
  },
  {
    "start": 1021.59,
    "end": 1021.95,
    "speaker": "老师",
    "text": "好，"
  },
  {
    "start": 1021.95,
    "end": 1030.91,
    "speaker": "老师",
    "text": "接下来让我们去运用刚刚所学的知识，"
  },
  {
    "start": 1030.91,
    "end": 1032.63,
    "speaker": "老师",
    "text": "来看看例题一吧。"
  },
  {
    "start": 1032.63,
    "end": 1034.81,
    "speaker": "老师",
    "text": "一次演讲比赛中，"
  },
  {
    "start": 1034.81,
    "end": 1045.32,
    "speaker": "老师",
    "text": "评委将从演讲内容、演讲能力、演讲效果三个方面为选手打分，"
  },
  {
    "start": 1045.32,
    "end": 1091.17,
    "speaker": "老师",
    "text": "各项成绩均按百分制，"
  },
  {
    "start": 1091.17,
    "end": 1094.97,
    "speaker": "老师",
    "text": "然后再按演讲内容占百分之五十，"
  },
  {
    "start": 1095.67,
    "end": 1098.73,
    "speaker": "老师",
    "text": "演讲能力占百分之四十，"
  },
  {
    "start": 1098.79,
    "end": 1110.0,
    "speaker": "老师",
    "text": "演讲效果占百分之十的比例计算选手的综合成绩百分制。"
  },
  {
    "start": 1110.0,
    "end": 1119.3,
    "speaker": "老师",
    "text": "进入决赛的前两名选手的单项成绩如下表所示，"
  },
  {
    "start": 1119.36,
    "end": 1122.5,
    "speaker": "老师",
    "text": "请决出两人的名次。"
  },
  {
    "start": 1122.5,
    "end": 1126.65,
    "speaker": "老师",
    "text": "我们先来思考一个问题，"
  },
  {
    "start": 1126.65,
    "end": 1135.23,
    "speaker": "老师",
    "text": "演讲内容、演讲、能力、演讲效果、三项成绩在总成绩中的重要程度。"
  },
  {
    "start": 1136.28,
    "end": 1138.46,
    "speaker": "老师",
    "text": "用什么数据说明呢？"
  },
  {
    "start": 1138.64,
    "end": 1139.4,
    "speaker": "老师",
    "text": "聪明，"
  },
  {
    "start": 1139.4,
    "end": 1142.2,
    "speaker": "老师",
    "text": "你很快就会发现，"
  },
  {
    "start": 1142.2,
    "end": 1147.46,
    "speaker": "老师",
    "text": "用了百分数来说明。"
  },
  {
    "start": 1147.48,
    "end": 1154.08,
    "speaker": "老师",
    "text": "其中演讲内容对应的全是百分之五十，"
  },
  {
    "start": 1154.58,
    "end": 1162.83,
    "speaker": "老师",
    "text": "演讲能力对应的全是百分之四十，"
  },
  {
    "start": 1162.83,
    "end": 1166.81,
    "speaker": "老师",
    "text": "而演讲效果对应的全是百分之十。"
  },
  {
    "start": 1166.81,
    "end": 1170.93,
    "speaker": "老师",
    "text": "那么接下来我们如何来决出名次呢？"
  },
  {
    "start": 1170.97,
    "end": 1175.01,
    "speaker": "老师",
    "text": "我们可以算出选手a和选手b的总得分，"
  },
  {
    "start": 1175.01,
    "end": 1226.8,
    "speaker": "老师",
    "text": "实质上就是计算出选手a和选手b的加权平均数。"
  },
  {
    "start": 1226.82,
    "end": 1237.4,
    "speaker": "老师",
    "text": "我们可以把选手a演讲内容、演讲能力、演讲效果的得分分别乘以对应的全，"
  },
  {
    "start": 1237.4,
    "end": 1243.28,
    "speaker": "老师",
    "text": "然后除以全值和得到选手a的最后得分是九十分。"
  },
  {
    "start": 1243.28,
    "end": 1244.68,
    "speaker": "老师",
    "text": "同样的，"
  },
  {
    "start": 1244.68,
    "end": 1251.72,
    "speaker": "老师",
    "text": "我们也可以得到选手b的最后得分是九十一分。"
  },
  {
    "start": 1251.8,
    "end": 1254.78,
    "speaker": "老师",
    "text": "通过加权平均数的大小比较，"
  },
  {
    "start": 1254.78,
    "end": 1267.13,
    "speaker": "老师",
    "text": "我们可以决出选手b获得第一名选手a获得第二名。"
  },
  {
    "start": 1267.13,
    "end": 1270.35,
    "speaker": "老师",
    "text": "至此权的表现形式有两种，"
  },
  {
    "start": 1270.35,
    "end": 1274.47,
    "speaker": "老师",
    "text": "除了我们前面所学的比例形式，"
  },
  {
    "start": 1274.47,
    "end": 1277.45,
    "speaker": "老师",
    "text": "也可以是百分数的形式。"
  },
  {
    "start": 1277.45,
    "end": 1283.04,
    "speaker": "老师",
    "text": "请同学们再来思考一个问题。"
  },
  {
    "start": 1283.4,
    "end": 1289.17,
    "speaker": "老师",
    "text": "在这个表格中，"
  },
  {
    "start": 1289.25,
    "end": 1313.96,
    "speaker": "老师",
    "text": "两名选手的单项成绩都是两个九十五分，"
  },
  {
    "start": 1313.96,
    "end": 1325.09,
    "speaker": "老师",
    "text": "与一个八十五分为什么？"
  },
  {
    "start": 1325.09,
    "end": 1327.57,
    "speaker": "老师",
    "text": "他们的最后得分不同呢，"
  },
  {
    "start": 1327.63,
    "end": 1330.71,
    "speaker": "老师",
    "text": "从中你能体会到权的作用吗？"
  },
  {
    "start": 1330.71,
    "end": 1333.94,
    "speaker": "老师",
    "text": "我们一起来看一看，"
  },
  {
    "start": 1334.1,
    "end": 1339.88,
    "speaker": "老师",
    "text": "选手a和选手b演讲效果都是九十五分。"
  },
  {
    "start": 1339.88,
    "end": 1344.65,
    "speaker": "老师",
    "text": "但是选手a的九十五分是演讲能力，"
  },
  {
    "start": 1344.65,
    "end": 1349.21,
    "speaker": "老师",
    "text": "b的九十五分是演讲内容。"
  },
  {
    "start": 1349.21,
    "end": 1352.95,
    "speaker": "老师",
    "text": "而根据题意可知，"
  },
  {
    "start": 1353.03,
    "end": 1362.18,
    "speaker": "老师",
    "text": "演讲内容所占的权重比演讲能力所占的权重大。"
  },
  {
    "start": 1362.22,
    "end": 1369.7,
    "speaker": "老师",
    "text": "所以a的九十五分就不如b的九十五分，"
  },
  {
    "start": 1369.86,
    "end": 1373.74,
    "speaker": "老师",
    "text": "在综合成绩中占的分值大。"
  },
  {
    "start": 1373.8,
    "end": 1381.13,
    "speaker": "老师",
    "text": "在此更能显示出权的重要性到此，"
  },
  {
    "start": 1381.13,
    "end": 1391.95,
    "speaker": "老师",
    "text": "我们已经学习了加权平均数在实际生活中的广泛运用与价值。"
  },
  {
    "start": 1392.25,
    "end": 1398.45,
    "speaker": "老师",
    "text": "接下来请同学们小试牛刀来做几道练习吧。"
  },
  {
    "start": 1398.47,
    "end": 1400.95,
    "speaker": "老师",
    "text": "请看第一个练习，"
  },
  {
    "start": 1400.97,
    "end": 1403.77,
    "speaker": "老师",
    "text": "一组数据为二五五六七，"
  },
  {
    "start": 1403.77,
    "end": 1408.52,
    "speaker": "老师",
    "text": "则这组数据的平均数是多少呢？"
  },
  {
    "start": 1421.49,
    "end": 1423.84,
    "speaker": "老师",
    "text": "赶紧开动脑筋算算吧。"
  },
  {
    "start": 1424.59,
    "end": 1432.21,
    "speaker": "老师",
    "text": "由于这组数据中每个数据的重要程度都是一样的，"
  },
  {
    "start": 1432.21,
    "end": 1437.69,
    "speaker": "老师",
    "text": "所以我们可以使用算术平均数来解决这个问题。"
  },
  {
    "start": 1437.69,
    "end": 1443.7,
    "speaker": "老师",
    "text": "X八等于二加五加五加六加七除以五。"
  },
  {
    "start": 1443.7,
    "end": 1468.63,
    "speaker": "老师",
    "text": "最后第一道题的答案是五，"
  },
  {
    "start": 1468.63,
    "end": 1471.52,
    "speaker": "老师",
    "text": "你做对了吗？"
  },
  {
    "start": 1471.52,
    "end": 1474.92,
    "speaker": "老师",
    "text": "我们再来看第二个练习，"
  },
  {
    "start": 1474.98,
    "end": 1478.12,
    "speaker": "老师",
    "text": "如果已知一组数据，"
  },
  {
    "start": 1478.12,
    "end": 1481.2,
    "speaker": "老师",
    "text": "二三四x六的平均数是五则，"
  },
  {
    "start": 1481.42,
    "end": 1484.64,
    "speaker": "老师",
    "text": "这组数据中的x又是多少呢？"
  },
  {
    "start": 1484.66,
    "end": 1485.56,
    "speaker": "老师",
    "text": "同样的，"
  },
  {
    "start": 1485.56,
    "end": 1502.74,
    "speaker": "老师",
    "text": "我们可以利用算术平均数来得到五分之二加三加四加x加六等于五的这个等式，"
  },
  {
    "start": 1502.82,
    "end": 1505.4,
    "speaker": "老师",
    "text": "从而解得x等于十。"
  },
  {
    "start": 1505.56,
    "end": 1506.39,
    "speaker": "老师",
    "text": "同学们，"
  },
  {
    "start": 1508.33,
    "end": 1510.15,
    "speaker": "老师",
    "text": "你又做对了吗？"
  },
  {
    "start": 1510.15,
    "end": 1512.01,
    "speaker": "老师",
    "text": "好，"
  },
  {
    "start": 1512.05,
    "end": 1517.67,
    "speaker": "老师",
    "text": "接下来我们看到练习三已知一组数据，"
  },
  {
    "start": 1517.81,
    "end": 1526.45,
    "speaker": "老师",
    "text": "四十三、二十四的全数分别是六分之一、三分之一、二分之一。"
  },
  {
    "start": 1526.49,
    "end": 1535.78,
    "speaker": "老师",
    "text": "这组数据中所占比重最大的数据是哪一个呢？"
  },
  {
    "start": 1535.78,
    "end": 1540.15,
    "speaker": "老师",
    "text": "这组加权平均数又是多少呢？"
  },
  {
    "start": 1540.15,
    "end": 1543.92,
    "speaker": "老师",
    "text": "有些同学很快就得到了。"
  },
  {
    "start": 1543.92,
    "end": 1558.07,
    "speaker": "老师",
    "text": "第一空的答案是二十四通过把六分之一三分之一二分之一来进行大小比较，"
  },
  {
    "start": 1558.07,
    "end": 1564.23,
    "speaker": "老师",
    "text": "我们可以知道二十四所占的比重最大。"
  },
  {
    "start": 1564.23,
    "end": 1610.54,
    "speaker": "老师",
    "text": "那么这组加权平均数的答案，"
  },
  {
    "start": 1610.54,
    "end": 1612.82,
    "speaker": "老师",
    "text": "同学们算出来了吗？"
  },
  {
    "start": 1612.84,
    "end": 1615.97,
    "speaker": "老师",
    "text": "我们一起来看看吧。"
  },
  {
    "start": 1615.97,
    "end": 1637.21,
    "speaker": "老师",
    "text": "X八等于六分之一加三分之一加二分之一分之四乘以六分之一加十三乘以三分之一加二十四乘以二分之一的和最后它的结果等于十七。"
  },
  {
    "start": 1637.21,
    "end": 1642.21,
    "speaker": "老师",
    "text": "我们来看到练习。"
  },
  {
    "start": 1642.21,
    "end": 1643.83,
    "speaker": "老师",
    "text": "四、某次歌唱比赛，"
  },
  {
    "start": 1643.83,
    "end": 1647.13,
    "speaker": "老师",
    "text": "两名选手的成绩如下表所示，"
  },
  {
    "start": 1647.13,
    "end": 1651.5,
    "speaker": "老师",
    "text": "若按三项平均值取第一名，"
  },
  {
    "start": 1651.5,
    "end": 1657.79,
    "speaker": "老师",
    "text": "则谁是第一名？"
  },
  {
    "start": 1657.83,
    "end": 1658.93,
    "speaker": "老师",
    "text": "通过提议，"
  },
  {
    "start": 1658.95,
    "end": 1664.61,
    "speaker": "老师",
    "text": "我们发现按三项平均值取第一名，"
  },
  {
    "start": 1664.75,
    "end": 1672.83,
    "speaker": "老师",
    "text": "那么就代表创新唱功、综合知识、这三项测试成绩同样重要。"
  },
  {
    "start": 1672.85,
    "end": 1677.35,
    "speaker": "老师",
    "text": "我们可以启用算术平均数来计算，"
  },
  {
    "start": 1677.35,
    "end": 1678.63,
    "speaker": "老师",
    "text": "通过计算，"
  },
  {
    "start": 1678.63,
    "end": 1726.08,
    "speaker": "老师",
    "text": "我们可以得到选手a他的得分大约是七十四点。"
  },
  {
    "start": 1726.18,
    "end": 1734.84,
    "speaker": "老师",
    "text": "六七分选手b的得分约等于七十六点三三分，"
  },
  {
    "start": 1734.84,
    "end": 1742.28,
    "speaker": "老师",
    "text": "所以我们就得到了选手b是第一名。"
  },
  {
    "start": 1742.28,
    "end": 1743.42,
    "speaker": "老师",
    "text": "同样的，"
  },
  {
    "start": 1743.42,
    "end": 1745.46,
    "speaker": "老师",
    "text": "老师把问题变一变，"
  },
  {
    "start": 1745.46,
    "end": 1752.79,
    "speaker": "老师",
    "text": "若三项测试得分按三比六比一的比例确定个人的测试成绩。"
  },
  {
    "start": 1752.79,
    "end": 1755.95,
    "speaker": "老师",
    "text": "此时第一名是谁呢？"
  },
  {
    "start": 1756.19,
    "end": 1764.35,
    "speaker": "老师",
    "text": "相信同学们肯定很快能够知道。"
  },
  {
    "start": 1764.35,
    "end": 1767.31,
    "speaker": "老师",
    "text": "通过已知条件三比六比一，"
  },
  {
    "start": 1767.31,
    "end": 1775.54,
    "speaker": "老师",
    "text": "赋予了创新唱功、综合知识三项测试成绩的全其中，"
  },
  {
    "start": 1776.42,
    "end": 1779.24,
    "speaker": "老师",
    "text": "唱功所占的比重更重。"
  },
  {
    "start": 1779.26,
    "end": 1841.47,
    "speaker": "老师",
    "text": "所以我们可以使用加权平均数的公式来得到选手a和选手b他们的加权平均数选手a的平均分是七十九点三分，"
  },
  {
    "start": 1841.47,
    "end": 1844.97,
    "speaker": "老师",
    "text": "选手b的平均分是七十六点九分。"
  },
  {
    "start": 1845.09,
    "end": 1849.38,
    "speaker": "老师",
    "text": "所以此时第一名是选手a好，"
  },
  {
    "start": 1849.76,
    "end": 1852.88,
    "speaker": "老师",
    "text": "我们请同学们继续看练习。"
  },
  {
    "start": 1852.88,
    "end": 1857.03,
    "speaker": "老师",
    "text": "五、某公司欲招聘一名公关人员，"
  },
  {
    "start": 1858.25,
    "end": 1862.29,
    "speaker": "老师",
    "text": "对甲乙两位应试者进行了面试和笔试，"
  },
  {
    "start": 1862.29,
    "end": 1868.75,
    "speaker": "老师",
    "text": "他们的成绩百分之如下表所示，"
  },
  {
    "start": 1869.21,
    "end": 1874.94,
    "speaker": "老师",
    "text": "如果公司认为面试和笔试成绩同等重要，"
  },
  {
    "start": 1874.94,
    "end": 1878.55,
    "speaker": "老师",
    "text": "从他们的成绩看，"
  },
  {
    "start": 1878.67,
    "end": 1880.27,
    "speaker": "老师",
    "text": "谁将被录取呢？"
  },
  {
    "start": 1880.29,
    "end": 1884.63,
    "speaker": "老师",
    "text": "我们找题目中的关键词同等重要，"
  },
  {
    "start": 1884.79,
    "end": 1892.03,
    "speaker": "老师",
    "text": "那就意味着面试成绩和笔试成绩我们可以看作一比一。"
  },
  {
    "start": 1892.21,
    "end": 1899.61,
    "speaker": "老师",
    "text": "所以我们可以使用算术平均数来解决这个问题，"
  },
  {
    "start": 1899.61,
    "end": 1905.29,
    "speaker": "老师",
    "text": "从而得到甲的平均分是八十八分，"
  },
  {
    "start": 1905.29,
    "end": 1949.61,
    "speaker": "老师",
    "text": "乙的平均分是八十七点五分，"
  },
  {
    "start": 1953.51,
    "end": 1960.19,
    "speaker": "老师",
    "text": "所以甲的平均成绩高于乙的平均成绩录取奖。"
  },
  {
    "start": 1960.53,
    "end": 1965.25,
    "speaker": "老师",
    "text": "如果公司认为作为公关人员，"
  },
  {
    "start": 1965.25,
    "end": 1970.93,
    "speaker": "老师",
    "text": "面试成绩应该比笔试成绩更重要，"
  },
  {
    "start": 1970.95,
    "end": 1976.25,
    "speaker": "老师",
    "text": "并分别赋予他们六和四的船计算。"
  },
  {
    "start": 1976.31,
    "end": 1981.79,
    "speaker": "老师",
    "text": "甲乙两人各自的平均成绩，"
  },
  {
    "start": 1981.95,
    "end": 1984.39,
    "speaker": "老师",
    "text": "谁将被录取？"
  },
  {
    "start": 1984.39,
    "end": 1984.79,
    "speaker": "老师",
    "text": "同样的，"
  },
  {
    "start": 1984.79,
    "end": 1989.69,
    "speaker": "老师",
    "text": "我们找关键字赋予了他们六和四的权。"
  },
  {
    "start": 1989.85,
    "end": 1995.38,
    "speaker": "老师",
    "text": "那么显然在面试和笔试中，"
  },
  {
    "start": 1995.38,
    "end": 1998.9,
    "speaker": "老师",
    "text": "面试所占的比重更大。"
  },
  {
    "start": 1998.94,
    "end": 2010.02,
    "speaker": "老师",
    "text": "所以我们可以使用加权平均数来计算甲和乙的平均成绩。"
  },
  {
    "start": 2010.04,
    "end": 2015.72,
    "speaker": "老师",
    "text": "我们可以得到甲的平均成绩是八十七点六分，"
  },
  {
    "start": 2016.69,
    "end": 2020.45,
    "speaker": "老师",
    "text": "而乙的平均成绩是八十八点四分。"
  },
  {
    "start": 2020.45,
    "end": 2024.83,
    "speaker": "老师",
    "text": "所以在这个问题中，"
  },
  {
    "start": 2024.83,
    "end": 2029.7,
    "speaker": "老师",
    "text": "乙的平均成绩高于甲的平均成绩，"
  },
  {
    "start": 2029.7,
    "end": 2032.2,
    "speaker": "老师",
    "text": "我们应该录取乙，"
  },
  {
    "start": 2032.28,
    "end": 2034.6,
    "speaker": "老师",
    "text": "请看练习。"
  },
  {
    "start": 2034.68,
    "end": 2036.98,
    "speaker": "老师",
    "text": "六、晨光中学规定，"
  },
  {
    "start": 2036.98,
    "end": 2041.95,
    "speaker": "老师",
    "text": "学生的学期体育成绩满分为一百，"
  },
  {
    "start": 2042.01,
    "end": 2048.51,
    "speaker": "老师",
    "text": "其中早锻炼及体育课外活动占百分之二十。"
  },
  {
    "start": 2048.63,
    "end": 2053.44,
    "speaker": "老师",
    "text": "期中考试成绩占百分之三十，"
  },
  {
    "start": 2053.44,
    "end": 2057.43,
    "speaker": "老师",
    "text": "期末考试成绩占百分之五十，"
  },
  {
    "start": 2057.43,
    "end": 2066.07,
    "speaker": "老师",
    "text": "小童的三项成绩百分之依次是九十五、九十八、十五。"
  },
  {
    "start": 2069.02,
    "end": 2073.56,
    "speaker": "老师",
    "text": "小童这学期的体育成绩是多少呢？"
  },
  {
    "start": 2073.76,
    "end": 2076.84,
    "speaker": "老师",
    "text": "请同学们赶紧算一算吧。"
  },
  {
    "start": 2076.84,
    "end": 2080.52,
    "speaker": "老师",
    "text": "我们来看一看老师的答案。"
  },
  {
    "start": 2080.54,
    "end": 2089.11,
    "speaker": "老师",
    "text": "鱿鱼这三项成绩分别占百分之二十、百分之三十和百分之五十，"
  },
  {
    "start": 2089.11,
    "end": 2094.48,
    "speaker": "老师",
    "text": "那么其中期末考试所占的比重更大。"
  },
  {
    "start": 2094.9,
    "end": 2095.34,
    "speaker": "老师",
    "text": "我们可以采用加权平均数的方法，"
  },
  {
    "start": 2095.14,
    "end": 2095.34,
    "speaker": "老师",
    "text": "把三项成绩分别乘以对应的权，"
  },
  {
    "start": 2095.14,
    "end": 2095.34,
    "speaker": "老师",
    "text": "然后得到的和除以全之和。"
  },
  {
    "start": 2095.14,
    "end": 2095.34,
    "speaker": "老师",
    "text": "从而我们可以算出小童这学期的体育成绩是八十八点五分。"
  },
  {
    "start": 2095.14,
    "end": 2095.34,
    "speaker": "老师",
    "text": "那么今天的新课内容我们就学完了。"
  },
  {
    "start": 2095.14,
    "end": 2095.34,
    "speaker": "老师",
    "text": "同学们，"
  },
  {
    "start": 2095.14,
    "end": 2095.34,
    "speaker": "老师",
    "text": "你们学到了什么呢？"
  },
  {
    "start": 2095.14,
    "end": 2095.34,
    "speaker": "老师",
    "text": "有什么体会呢？"
  },
  {
    "start": 2095.14,
    "end": 2095.34,
    "speaker": "老师",
    "text": "这节课我们学习了平均数与加权平均数算术平均数和加权平均数的两个公式，"
  },
  {
    "start": 2095.14,
    "end": 2095.34,
    "speaker": "老师",
    "text": "并且了解了算术平均数和加权平均数的区别和联系，"
  },
  {
    "start": 2095.14,
    "end": 2095.34,
    "speaker": "老师",
    "text": "还知道了加权平均数的意义。"
  },
  {
    "start": 2095.14,
    "end": 2095.34,
    "speaker": "老师",
    "text": "在一组数据中，"
  },
  {
    "start": 2095.14,
    "end": 2095.34,
    "speaker": "老师",
    "text": "由于每个数据的权不同，"
  },
  {
    "start": 2095.14,
    "end": 2095.34,
    "speaker": "老师",
    "text": "所以计算平均数时用加权平均数才符合实际。"
  },
  {
    "start": 2095.14,
    "end": 2095.34,
    "speaker": "老师",
    "text": "我们还知道了数据全的意义，"
  },
  {
    "start": 2095.14,
    "end": 2095.34,
    "speaker": "老师",
    "text": "数据的权能够反映数据的相对重要程度。"
  },
  {
    "start": 2095.14,
    "end": 2095.34,
    "speaker": "老师",
    "text": "而权的表现形式总共可以分类为三种。"
  },
  {
    "start": 2095.14,
    "end": 2095.34,
    "speaker": "老师",
    "text": "第一种直接以数据形式给出或者比例形式给出，"
  },
  {
    "start": 2095.14,
    "end": 2095.34,
    "speaker": "老师",
    "text": "再或者百分数的形式给出。"
  },
  {
    "start": 2095.14,
    "end": 2095.34,
    "speaker": "老师",
    "text": "最后，"
  },
  {
    "start": 2095.14,
    "end": 2095.34,
    "speaker": "老师",
    "text": "我们今天的巩固性作业是习题二十点一课本一百二十一页、第三题和一百二十二页。"
  },
  {
    "start": 2095.14,
    "end": 2095.34,
    "speaker": "老师",
    "text": "第四题，"
  },
  {
    "start": 2095.14,
    "end": 2095.34,
    "speaker": "老师",
    "text": "提高性的作业是习题二十点一课本一百二十二页。"
  },
  {
    "start": 2095.14,
    "end": 2095.34,
    "speaker": "老师",
    "text": "综合运用第五题，"
  },
  {
    "start": 2095.14,
    "end": 2095.34,
    "speaker": "老师",
    "text": "今天的课我们就上到这里，"
  },
  {
    "start": 2095.14,
    "end": 2095.34,
    "speaker": "老师",
    "text": "同学们再见。"
  }
]