[
  {
    "start": 9.65,
    "end": 10.61,
    "speaker": "老师",
    "text": "同学们，"
  },
  {
    "start": 10.61,
    "end": 11.99,
    "speaker": "老师",
    "text": "大家好，"
  },
  {
    "start": 12.15,
    "end": 19.42,
    "speaker": "老师",
    "text": "今天我们一起来学习八年级数学下册第四章图形的平移和旋转。"
  },
  {
    "start": 19.42,
    "end": 21.1,
    "speaker": "老师",
    "text": "在日常生活当中，"
  },
  {
    "start": 21.1,
    "end": 24.32,
    "speaker": "老师",
    "text": "我们有很多运动的现象。"
  },
  {
    "start": 24.32,
    "end": 27.58,
    "speaker": "老师",
    "text": "比如说在游乐场里的旋转木马，"
  },
  {
    "start": 28.22,
    "end": 30.15,
    "speaker": "老师",
    "text": "荡起的海盗船，"
  },
  {
    "start": 30.15,
    "end": 31.63,
    "speaker": "老师",
    "text": "转动的摩天轮。"
  },
  {
    "start": 31.63,
    "end": 34.52,
    "speaker": "老师",
    "text": "还有在日常生活当中，"
  },
  {
    "start": 35.76,
    "end": 38.94,
    "speaker": "老师",
    "text": "随传送带运动的箱子，"
  },
  {
    "start": 38.94,
    "end": 40.72,
    "speaker": "老师",
    "text": "推动的窗户，"
  },
  {
    "start": 40.82,
    "end": 42.54,
    "speaker": "老师",
    "text": "还有蝴蝶震动的翅膀。"
  },
  {
    "start": 42.54,
    "end": 46.08,
    "speaker": "老师",
    "text": "那么这些物体的运动有什么特点？"
  },
  {
    "start": 46.08,
    "end": 50.14,
    "speaker": "老师",
    "text": "它蕴含着怎样的运动和变化形式呢？"
  },
  {
    "start": 50.14,
    "end": 53.84,
    "speaker": "老师",
    "text": "根据目前我们所学的知识，"
  },
  {
    "start": 53.96,
    "end": 56.06,
    "speaker": "老师",
    "text": "我们不难发现，"
  },
  {
    "start": 56.06,
    "end": 57.54,
    "speaker": "老师",
    "text": "它们有的是旋转，"
  },
  {
    "start": 57.64,
    "end": 60.13,
    "speaker": "老师",
    "text": "有的是平移，"
  },
  {
    "start": 60.21,
    "end": 66.06,
    "speaker": "老师",
    "text": "而有的是我们七年级所学的翻折，"
  },
  {
    "start": 66.06,
    "end": 69.1,
    "speaker": "老师",
    "text": "这些我们都可以称之为图形变换。"
  },
  {
    "start": 69.1,
    "end": 73.2,
    "speaker": "老师",
    "text": "那本章我们将在小学学习的基础上，"
  },
  {
    "start": 73.34,
    "end": 78.16,
    "speaker": "老师",
    "text": "进一步的来认识平面图形当中的平移和旋转，"
  },
  {
    "start": 78.16,
    "end": 81.49,
    "speaker": "老师",
    "text": "探索它们的性质，"
  },
  {
    "start": 81.49,
    "end": 87.07,
    "speaker": "老师",
    "text": "认识并欣赏它们在自然界和现实生活中的应用。"
  },
  {
    "start": 87.07,
    "end": 93.74,
    "speaker": "老师",
    "text": "下面我们开始学习第一节图形的平移的第一个课时。"
  },
  {
    "start": 93.76,
    "end": 96.26,
    "speaker": "老师",
    "text": "在这个课时当中，"
  },
  {
    "start": 96.26,
    "end": 100.62,
    "speaker": "老师",
    "text": "我们将理解平移的概念，"
  },
  {
    "start": 100.62,
    "end": 102.04,
    "speaker": "老师",
    "text": "探索平移的基本性质，"
  },
  {
    "start": 102.04,
    "end": 105.38,
    "speaker": "老师",
    "text": "并且学习进行简单的平移画图。"
  },
  {
    "start": 105.48,
    "end": 116.22,
    "speaker": "老师",
    "text": "那么同学们在小学数学的学习的基础上已经对平移有所了解了。"
  },
  {
    "start": 116.22,
    "end": 122.82,
    "speaker": "老师",
    "text": "那么你能列举出一些含有平移现象的实际例子吗？"
  },
  {
    "start": 122.82,
    "end": 125.32,
    "speaker": "老师",
    "text": "在住宅楼或宾馆，"
  },
  {
    "start": 125.32,
    "end": 128.04,
    "speaker": "老师",
    "text": "人们坐电梯上下楼，"
  },
  {
    "start": 128.04,
    "end": 133.18,
    "speaker": "老师",
    "text": "人和电梯就是在上下平移。"
  },
  {
    "start": 133.22,
    "end": 134.84,
    "speaker": "老师",
    "text": "在地铁火车站，"
  },
  {
    "start": 134.84,
    "end": 139.22,
    "speaker": "老师",
    "text": "常看到人站在自动扶梯上上下下，"
  },
  {
    "start": 139.22,
    "end": 144.03,
    "speaker": "老师",
    "text": "那也是在平移汽车沿直线行驶，"
  },
  {
    "start": 144.03,
    "end": 146.23,
    "speaker": "老师",
    "text": "车身和车上的人在拼。"
  },
  {
    "start": 146.33,
    "end": 149.39,
    "speaker": "老师",
    "text": "移旅游景点的缆车沿索道上山下山，"
  },
  {
    "start": 149.39,
    "end": 151.29,
    "speaker": "老师",
    "text": "那也是在拼。"
  },
  {
    "start": 151.49,
    "end": 151.83,
    "speaker": "老师",
    "text": "好，"
  },
  {
    "start": 151.83,
    "end": 156.28,
    "speaker": "老师",
    "text": "我们听了两位小朋友所举的例子，"
  },
  {
    "start": 156.28,
    "end": 161.96,
    "speaker": "老师",
    "text": "实际上在日常生活当中还有很多平率的现象。"
  },
  {
    "start": 161.96,
    "end": 165.84,
    "speaker": "老师",
    "text": "比如说老师现在在推课这块白板，"
  },
  {
    "start": 165.84,
    "end": 169.63,
    "speaker": "老师",
    "text": "那么白板随着凹槽移动，"
  },
  {
    "start": 169.63,
    "end": 170.89,
    "speaker": "老师",
    "text": "这也是平移。"
  },
  {
    "start": 170.89,
    "end": 174.47,
    "speaker": "老师",
    "text": "再比如说小朋友在操场上，"
  },
  {
    "start": 174.47,
    "end": 178.17,
    "speaker": "老师",
    "text": "随着滑滑梯顺着滑滑梯滑下来，"
  },
  {
    "start": 178.27,
    "end": 180.67,
    "speaker": "老师",
    "text": "那么这也是平移。"
  },
  {
    "start": 180.67,
    "end": 184.22,
    "speaker": "老师",
    "text": "那么还有在小学的时候，"
  },
  {
    "start": 184.22,
    "end": 186.9,
    "speaker": "老师",
    "text": "我们曾经学习过，"
  },
  {
    "start": 186.94,
    "end": 191.69,
    "speaker": "老师",
    "text": "在方格纸当中将一个图形进行平移。"
  },
  {
    "start": 191.69,
    "end": 198.97,
    "speaker": "老师",
    "text": "那么你们能不能试着将小船向左平移七个单位呢？"
  },
  {
    "start": 198.97,
    "end": 201.27,
    "speaker": "老师",
    "text": "我想这难不倒大家，"
  },
  {
    "start": 201.27,
    "end": 204.33,
    "speaker": "老师",
    "text": "只要我们找准向左的方向数好，"
  },
  {
    "start": 204.59,
    "end": 206.25,
    "speaker": "老师",
    "text": "七格的位置，"
  },
  {
    "start": 206.39,
    "end": 215.76,
    "speaker": "老师",
    "text": "我们在对应的位置上便可以画出我们平移的小船，"
  },
  {
    "start": 215.76,
    "end": 217.12,
    "speaker": "老师",
    "text": "你画对了吗？"
  },
  {
    "start": 217.12,
    "end": 218.02,
    "speaker": "老师",
    "text": "好的，"
  },
  {
    "start": 218.24,
    "end": 224.03,
    "speaker": "老师",
    "text": "那么根据刚刚我们举的这么多平移的现象，"
  },
  {
    "start": 224.03,
    "end": 226.59,
    "speaker": "老师",
    "text": "那么大家思考一下，"
  },
  {
    "start": 227.11,
    "end": 231.16,
    "speaker": "老师",
    "text": "它们都有什么共同的特征呢？"
  },
  {
    "start": 232.54,
    "end": 234.14,
    "speaker": "老师",
    "text": "我们不难发现，"
  },
  {
    "start": 234.18,
    "end": 238.28,
    "speaker": "老师",
    "text": "实际上这些平移现象都是沿着直线运动的。"
  },
  {
    "start": 238.44,
    "end": 238.92,
    "speaker": "老师",
    "text": "好，"
  },
  {
    "start": 239.1,
    "end": 243.16,
    "speaker": "老师",
    "text": "那接下来我们再思考第二个问题，"
  },
  {
    "start": 243.34,
    "end": 250.62,
    "speaker": "老师",
    "text": "平移前后的物体的大小、形状和位置是否发生了变化呢？"
  },
  {
    "start": 250.62,
    "end": 251.96,
    "speaker": "老师",
    "text": "我们观察一下，"
  },
  {
    "start": 251.98,
    "end": 256.92,
    "speaker": "老师",
    "text": "很显然这两艘小船以及我们前面举的那些例子，"
  },
  {
    "start": 256.92,
    "end": 259.72,
    "speaker": "老师",
    "text": "它的大小和形状都没有发生改变，"
  },
  {
    "start": 259.72,
    "end": 262.18,
    "speaker": "老师",
    "text": "仅仅是位置发生了改变。"
  },
  {
    "start": 262.18,
    "end": 264.02,
    "speaker": "老师",
    "text": "很好。"
  },
  {
    "start": 264.2,
    "end": 270.48,
    "speaker": "老师",
    "text": "那么所以我们在这节课当中的第一个内容，"
  },
  {
    "start": 270.48,
    "end": 274.08,
    "speaker": "老师",
    "text": "我们就要对平移进行一个认识，"
  },
  {
    "start": 274.08,
    "end": 276.26,
    "speaker": "老师",
    "text": "给它下这样一个定义。"
  },
  {
    "start": 276.44,
    "end": 279.36,
    "speaker": "老师",
    "text": "我们来看到书本上也有这个内容，"
  },
  {
    "start": 279.36,
    "end": 282.42,
    "speaker": "老师",
    "text": "我们可以试着把它画下来，"
  },
  {
    "start": 282.42,
    "end": 284.94,
    "speaker": "老师",
    "text": "并且理解一下。"
  },
  {
    "start": 284.94,
    "end": 290.36,
    "speaker": "老师",
    "text": "平移是指在平面中将图形沿某个方向移动一定的距离。"
  },
  {
    "start": 290.36,
    "end": 293.82,
    "speaker": "老师",
    "text": "这样的图形运动我们称之为平移。"
  },
  {
    "start": 293.82,
    "end": 295.8,
    "speaker": "老师",
    "text": "大家可以关注一下，"
  },
  {
    "start": 295.8,
    "end": 302.03,
    "speaker": "老师",
    "text": "在这个概念当中实际上有这么几个点。"
  },
  {
    "start": 302.03,
    "end": 303.96,
    "speaker": "老师",
    "text": "第一，"
  },
  {
    "start": 303.96,
    "end": 309.56,
    "speaker": "老师",
    "text": "我们目前学习的是平面当中的。"
  },
  {
    "start": 309.68,
    "end": 318.82,
    "speaker": "老师",
    "text": "其次就是刚刚我们谈到的所有的平移，"
  },
  {
    "start": 318.82,
    "end": 323.4,
    "speaker": "老师",
    "text": "都是沿着某一个方向要移动，"
  },
  {
    "start": 323.88,
    "end": 327.16,
    "speaker": "老师",
    "text": "什么一定的距离。"
  },
  {
    "start": 327.3,
    "end": 333.11,
    "speaker": "老师",
    "text": "所以我们在学习的时候，"
  },
  {
    "start": 333.11,
    "end": 335.67,
    "speaker": "老师",
    "text": "要抓住它的关键点。"
  },
  {
    "start": 336.13,
    "end": 345.81,
    "speaker": "老师",
    "text": "下面我们一起来看一下三角形的平移。"
  },
  {
    "start": 345.97,
    "end": 354.27,
    "speaker": "老师",
    "text": "我们将三角形ABC沿着箭头的方向移到三角形DEF的位置。"
  },
  {
    "start": 354.47,
    "end": 365.45,
    "speaker": "老师",
    "text": "这时我们看到ABC三点移动到了DEF这三点的位置。"
  },
  {
    "start": 365.45,
    "end": 372.66,
    "speaker": "老师",
    "text": "我们说点a和点d是一组对应点线段AB和线段DE,"
  },
  {
    "start": 372.66,
    "end": 387.22,
    "speaker": "老师",
    "text": "我们说是一组对应线段同样的角BAC这个角和角EDF这个角我们说是一组对应角。"
  },
  {
    "start": 387.5,
    "end": 403.16,
    "speaker": "老师",
    "text": "那么你在图形当中还能找出其他的对应点对应线段和对应角吗？"
  },
  {
    "start": 403.72,
    "end": 407.78,
    "speaker": "老师",
    "text": "相信这也难不倒大家。"
  },
  {
    "start": 407.92,
    "end": 411.9,
    "speaker": "老师",
    "text": "我们还可以发现，"
  },
  {
    "start": 411.9,
    "end": 414.16,
    "speaker": "老师",
    "text": "点b与点e是一组对应点，"
  },
  {
    "start": 414.16,
    "end": 417.08,
    "speaker": "老师",
    "text": "点c和点f是另一组对应点。"
  },
  {
    "start": 417.08,
    "end": 417.7,
    "speaker": "老师",
    "text": "同样的，"
  },
  {
    "start": 417.7,
    "end": 426.59,
    "speaker": "老师",
    "text": "我们还可以得到线段BC和线段EF是一组对应线段。"
  },
  {
    "start": 426.61,
    "end": 431.41,
    "speaker": "老师",
    "text": "线段AC与线段DF是一组对应线段。"
  },
  {
    "start": 431.41,
    "end": 435.01,
    "speaker": "老师",
    "text": "那么对应角有哪些呢？"
  },
  {
    "start": 435.01,
    "end": 435.77,
    "speaker": "老师",
    "text": "是的，"
  },
  {
    "start": 435.77,
    "end": 442.26,
    "speaker": "老师",
    "text": "我们会发现角ABC和角DEF是一组对应角，"
  },
  {
    "start": 442.26,
    "end": 448.01,
    "speaker": "老师",
    "text": "以及角BCA和角EFD是一组对应角。"
  },
  {
    "start": 448.01,
    "end": 450.2,
    "speaker": "老师",
    "text": "同学们，"
  },
  {
    "start": 450.2,
    "end": 452.0,
    "speaker": "老师",
    "text": "你们说对了吗？"
  },
  {
    "start": 452.0,
    "end": 452.54,
    "speaker": "老师",
    "text": "好，"
  },
  {
    "start": 453.35,
    "end": 462.75,
    "speaker": "老师",
    "text": "那么我们把刚刚一些移动的例子动态的给大家呈现了一下。"
  },
  {
    "start": 462.75,
    "end": 467.09,
    "speaker": "老师",
    "text": "那我们思考一下决定平移的条件是什么呢？"
  },
  {
    "start": 467.33,
    "end": 468.45,
    "speaker": "老师",
    "text": "是的，"
  },
  {
    "start": 468.69,
    "end": 478.09,
    "speaker": "老师",
    "text": "从前面的定义和图像当中，"
  },
  {
    "start": 478.13,
    "end": 479.29,
    "speaker": "老师",
    "text": "我们不难发现，"
  },
  {
    "start": 479.29,
    "end": 484.59,
    "speaker": "老师",
    "text": "实际上决定图形平移的条件有两个，"
  },
  {
    "start": 484.59,
    "end": 487.38,
    "speaker": "老师",
    "text": "一个是移动的方向，"
  },
  {
    "start": 488.27,
    "end": 491.23,
    "speaker": "老师",
    "text": "还有是移动的距离所决定的。"
  },
  {
    "start": 491.23,
    "end": 491.47,
    "speaker": "老师",
    "text": "好，"
  },
  {
    "start": 491.47,
    "end": 501.39,
    "speaker": "老师",
    "text": "接下来我们来学习我们下一节下一个环节的内容，"
  },
  {
    "start": 501.39,
    "end": 505.65,
    "speaker": "老师",
    "text": "图形平移的性质。"
  },
  {
    "start": 506.85,
    "end": 511.14,
    "speaker": "老师",
    "text": "我们拿出一个四边形的直白，"
  },
  {
    "start": 511.14,
    "end": 513.42,
    "speaker": "老师",
    "text": "将它沿某一个方向平移，"
  },
  {
    "start": 514.08,
    "end": 515.98,
    "speaker": "老师",
    "text": "一定的距离。"
  },
  {
    "start": 515.98,
    "end": 521.78,
    "speaker": "老师",
    "text": "我们用几何滑板来演示一下这个平移的过程。"
  },
  {
    "start": 522.02,
    "end": 527.04,
    "speaker": "老师",
    "text": "那么我们观察图形来看看在以下三个问题的作答。"
  },
  {
    "start": 527.04,
    "end": 527.42,
    "speaker": "老师",
    "text": "好，"
  },
  {
    "start": 529.21,
    "end": 532.01,
    "speaker": "老师",
    "text": "大家可以先阅读一下这三道题。"
  },
  {
    "start": 532.01,
    "end": 532.45,
    "speaker": "老师",
    "text": "好，"
  },
  {
    "start": 532.45,
    "end": 536.61,
    "speaker": "老师",
    "text": "接下来我给大家展示一下这个动画。"
  },
  {
    "start": 536.61,
    "end": 547.24,
    "speaker": "老师",
    "text": "首先我们将这个四边形的纸板把它抽象成我们的四边形。"
  },
  {
    "start": 547.36,
    "end": 556.06,
    "speaker": "老师",
    "text": "我们将四边形ABCD沿着箭头所指的方向运动到四边形EFGH的位置。"
  },
  {
    "start": 556.06,
    "end": 559.88,
    "speaker": "老师",
    "text": "我们看到以下的几个问题，"
  },
  {
    "start": 559.88,
    "end": 561.32,
    "speaker": "老师",
    "text": "在图形变化当中，"
  },
  {
    "start": 561.32,
    "end": 563.62,
    "speaker": "老师",
    "text": "我们不难发现，"
  },
  {
    "start": 563.62,
    "end": 569.02,
    "speaker": "老师",
    "text": "图形的平移并不改变运动前和运动后的大小和形状。"
  },
  {
    "start": 569.02,
    "end": 570.06,
    "speaker": "老师",
    "text": "换句话说，"
  },
  {
    "start": 570.06,
    "end": 572.64,
    "speaker": "老师",
    "text": "这两个四边形是全等的，"
  },
  {
    "start": 572.64,
    "end": 576.5,
    "speaker": "老师",
    "text": "因此我们很快得到怎样的结论呢？"
  },
  {
    "start": 576.5,
    "end": 577.34,
    "speaker": "老师",
    "text": "很好，"
  },
  {
    "start": 577.38,
    "end": 579.6,
    "speaker": "老师",
    "text": "我们很快的可以得到。"
  },
  {
    "start": 579.6,
    "end": 581.24,
    "speaker": "老师",
    "text": "在这两幅图当中，"
  },
  {
    "start": 581.24,
    "end": 586.07,
    "speaker": "老师",
    "text": "我们有哪些是对应相等的呢？"
  },
  {
    "start": 586.09,
    "end": 587.91,
    "speaker": "老师",
    "text": "对它的对应线段，"
  },
  {
    "start": 587.91,
    "end": 589.81,
    "speaker": "老师",
    "text": "比如说AB和EF,"
  },
  {
    "start": 589.85,
    "end": 591.47,
    "speaker": "老师",
    "text": "AD和EH线段，"
  },
  {
    "start": 591.47,
    "end": 600.43,
    "speaker": "老师",
    "text": "CD和GH以及线段BC和线段FG这四条线四组线段都是对应线段，"
  },
  {
    "start": 600.43,
    "end": 603.33,
    "speaker": "老师",
    "text": "它们应该怎么样呢？"
  },
  {
    "start": 603.65,
    "end": 604.63,
    "speaker": "老师",
    "text": "相等很好。"
  },
  {
    "start": 604.63,
    "end": 609.19,
    "speaker": "老师",
    "text": "那么又由于这两个四边形是全等的，"
  },
  {
    "start": 609.19,
    "end": 613.03,
    "speaker": "老师",
    "text": "那么它们前后的对应角怎么样？"
  },
  {
    "start": 613.03,
    "end": 613.63,
    "speaker": "老师",
    "text": "对了，"
  },
  {
    "start": 613.81,
    "end": 617.66,
    "speaker": "老师",
    "text": "它们前后的对应角也是相等的。"
  },
  {
    "start": 617.66,
    "end": 628.57,
    "speaker": "老师",
    "text": "所以我们很快的是不是就回答了第一个问题和第二个问题呢？"
  },
  {
    "start": 628.57,
    "end": 630.79,
    "speaker": "老师",
    "text": "我们看一下，"
  },
  {
    "start": 631.01,
    "end": 635.89,
    "speaker": "老师",
    "text": "第一个问题，"
  },
  {
    "start": 635.89,
    "end": 638.81,
    "speaker": "老师",
    "text": "在图中任意选取一组对应线段，"
  },
  {
    "start": 638.99,
    "end": 641.03,
    "speaker": "老师",
    "text": "它们之间有怎样的关系？"
  },
  {
    "start": 641.03,
    "end": 644.72,
    "speaker": "老师",
    "text": "刚刚我们说了是相等，"
  },
  {
    "start": 644.72,
    "end": 648.94,
    "speaker": "老师",
    "text": "第二个任意选一组对应角这两个角有什么关系？"
  },
  {
    "start": 648.94,
    "end": 652.15,
    "speaker": "老师",
    "text": "那么由全等也可以得到，"
  },
  {
    "start": 652.15,
    "end": 654.41,
    "speaker": "老师",
    "text": "它们的对应角也是相等的。"
  },
  {
    "start": 654.41,
    "end": 654.77,
    "speaker": "老师",
    "text": "哎，"
  },
  {
    "start": 654.91,
    "end": 660.51,
    "speaker": "老师",
    "text": "这个时候同学们会不会考虑这样一个问题呢？"
  },
  {
    "start": 660.51,
    "end": 663.39,
    "speaker": "老师",
    "text": "题目要我们探索两条线段之间有怎样的关系？"
  },
  {
    "start": 663.39,
    "end": 665.31,
    "speaker": "老师",
    "text": "两条线段之间的关系，"
  },
  {
    "start": 665.91,
    "end": 670.89,
    "speaker": "老师",
    "text": "除了刚刚我们所说的数量关系，"
  },
  {
    "start": 670.89,
    "end": 675.58,
    "speaker": "老师",
    "text": "那是不是也要考虑它的位置关系呢？"
  },
  {
    "start": 675.99,
    "end": 676.49,
    "speaker": "老师",
    "text": "好了，"
  },
  {
    "start": 676.49,
    "end": 677.39,
    "speaker": "老师",
    "text": "同学们，"
  },
  {
    "start": 677.39,
    "end": 679.27,
    "speaker": "老师",
    "text": "我们来观察一下。"
  },
  {
    "start": 679.27,
    "end": 682.45,
    "speaker": "老师",
    "text": "如果我们任取一组对应线段，"
  },
  {
    "start": 682.57,
    "end": 686.53,
    "speaker": "老师",
    "text": "比如说AD和EH,"
  },
  {
    "start": 686.53,
    "end": 692.56,
    "speaker": "老师",
    "text": "那我们来看一看有怎样的位置关系呢？"
  },
  {
    "start": 692.56,
    "end": 692.92,
    "speaker": "老师",
    "text": "哦，"
  },
  {
    "start": 693.36,
    "end": 697.5,
    "speaker": "老师",
    "text": "我们不难发现，"
  },
  {
    "start": 697.54,
    "end": 698.54,
    "speaker": "老师",
    "text": "嗯，"
  },
  {
    "start": 698.6,
    "end": 702.79,
    "speaker": "老师",
    "text": "老师我觉得它这个像是平行的，"
  },
  {
    "start": 702.79,
    "end": 704.85,
    "speaker": "老师",
    "text": "因为我感觉它挺像的哦，"
  },
  {
    "start": 704.85,
    "end": 705.59,
    "speaker": "老师",
    "text": "很好，"
  },
  {
    "start": 705.59,
    "end": 708.17,
    "speaker": "老师",
    "text": "大家的几何直观能力还是挺强的。"
  },
  {
    "start": 708.17,
    "end": 711.89,
    "speaker": "老师",
    "text": "但是我们怎么来说明它是平行的呢？"
  },
  {
    "start": 712.27,
    "end": 712.67,
    "speaker": "老师",
    "text": "嗯，"
  },
  {
    "start": 712.67,
    "end": 716.09,
    "speaker": "老师",
    "text": "有的同学想到了小学的时候，"
  },
  {
    "start": 716.25,
    "end": 719.15,
    "speaker": "老师",
    "text": "我们学过用什么呀？"
  },
  {
    "start": 719.15,
    "end": 719.53,
    "speaker": "老师",
    "text": "哎，"
  },
  {
    "start": 719.53,
    "end": 723.42,
    "speaker": "老师",
    "text": "我们学过用方式来怎么样？"
  },
  {
    "start": 723.42,
    "end": 726.12,
    "speaker": "老师",
    "text": "来看看它是不是平行的，"
  },
  {
    "start": 726.12,
    "end": 727.2,
    "speaker": "老师",
    "text": "对不对？"
  },
  {
    "start": 727.2,
    "end": 727.4,
    "speaker": "老师",
    "text": "好，"
  },
  {
    "start": 727.4,
    "end": 728.98,
    "speaker": "老师",
    "text": "我们也可以试试啊。"
  },
  {
    "start": 729.08,
    "end": 731.8,
    "speaker": "老师",
    "text": "那推三角板的方式大家还记得吗？"
  },
  {
    "start": 731.8,
    "end": 733.94,
    "speaker": "老师",
    "text": "一天二靠怎么样啊？"
  },
  {
    "start": 734.4,
    "end": 734.98,
    "speaker": "老师",
    "text": "三滑。"
  },
  {
    "start": 734.98,
    "end": 735.34,
    "speaker": "老师",
    "text": "哎，"
  },
  {
    "start": 735.46,
    "end": 737.18,
    "speaker": "老师",
    "text": "我们试了一下，"
  },
  {
    "start": 737.56,
    "end": 740.72,
    "speaker": "老师",
    "text": "感觉好像也是平行的耶，"
  },
  {
    "start": 740.92,
    "end": 741.52,
    "speaker": "老师",
    "text": "对不对？"
  },
  {
    "start": 741.52,
    "end": 742.02,
    "speaker": "老师",
    "text": "好的，"
  },
  {
    "start": 742.02,
    "end": 747.24,
    "speaker": "老师",
    "text": "那在这个地方老师也给大家教一个方法，"
  },
  {
    "start": 747.24,
    "end": 749.24,
    "speaker": "老师",
    "text": "大家看看有没有道理。"
  },
  {
    "start": 749.24,
    "end": 755.71,
    "speaker": "老师",
    "text": "我们以对应线段AD和EH为b我们在线段AD上任取一个点。"
  },
  {
    "start": 755.71,
    "end": 760.73,
    "speaker": "老师",
    "text": "我们过这个点做和平移方向相平平行的直线。"
  },
  {
    "start": 760.93,
    "end": 761.33,
    "speaker": "老师",
    "text": "好，"
  },
  {
    "start": 761.33,
    "end": 764.01,
    "speaker": "老师",
    "text": "这个时候我们来看一下，"
  },
  {
    "start": 764.03,
    "end": 767.95,
    "speaker": "老师",
    "text": "当我们做了这个平行线之后，"
  },
  {
    "start": 767.95,
    "end": 772.07,
    "speaker": "老师",
    "text": "我们有没有发现这个时候这个地方会形成什么？"
  },
  {
    "start": 772.07,
    "end": 777.02,
    "speaker": "老师",
    "text": "对这个地方会形成两个什么两个角。"
  },
  {
    "start": 777.02,
    "end": 777.26,
    "speaker": "老师",
    "text": "好，"
  },
  {
    "start": 777.26,
    "end": 781.5,
    "speaker": "老师",
    "text": "大家看到这个位置这里形成的这两个角，"
  },
  {
    "start": 781.5,
    "end": 783.84,
    "speaker": "老师",
    "text": "它们有怎样的关系呢？"
  },
  {
    "start": 783.84,
    "end": 784.6,
    "speaker": "老师",
    "text": "是的，"
  },
  {
    "start": 784.6,
    "end": 786.76,
    "speaker": "老师",
    "text": "我们前面说过了，"
  },
  {
    "start": 786.76,
    "end": 790.1,
    "speaker": "老师",
    "text": "平移不改变图形的大小和形状。"
  },
  {
    "start": 790.1,
    "end": 792.38,
    "speaker": "老师",
    "text": "那么我们可以看到，"
  },
  {
    "start": 792.38,
    "end": 797.69,
    "speaker": "老师",
    "text": "当这个角移动到这个位置的时候，"
  },
  {
    "start": 797.69,
    "end": 799.99,
    "speaker": "老师",
    "text": "它的大小是不是怎么样啊？"
  },
  {
    "start": 799.99,
    "end": 808.5,
    "speaker": "老师",
    "text": "不变哦，"
  },
  {
    "start": 808.52,
    "end": 810.12,
    "speaker": "老师",
    "text": "而这两个角恰好又是什么？"
  },
  {
    "start": 810.12,
    "end": 810.46,
    "speaker": "老师",
    "text": "对，"
  },
  {
    "start": 810.46,
    "end": 818.59,
    "speaker": "老师",
    "text": "恰好又是线段AD和线段EH被我做的这条线怎么样啊，"
  },
  {
    "start": 818.77,
    "end": 822.74,
    "speaker": "老师",
    "text": "所截形成的同位角同位角相等。"
  },
  {
    "start": 822.74,
    "end": 827.34,
    "speaker": "老师",
    "text": "那么这两条直线是不是就怎么样啊？"
  },
  {
    "start": 827.36,
    "end": 828.3,
    "speaker": "老师",
    "text": "很好，"
  },
  {
    "start": 828.42,
    "end": 830.02,
    "speaker": "老师",
    "text": "他就怎么样啊，"
  },
  {
    "start": 830.02,
    "end": 831.1,
    "speaker": "老师",
    "text": "平行。"
  },
  {
    "start": 831.66,
    "end": 832.22,
    "speaker": "老师",
    "text": "好，"
  },
  {
    "start": 832.22,
    "end": 838.0,
    "speaker": "老师",
    "text": "这是老师给大家介绍一个小方法，"
  },
  {
    "start": 838.0,
    "end": 842.1,
    "speaker": "老师",
    "text": "你们听明白了吗？"
  },
  {
    "start": 842.26,
    "end": 851.78,
    "speaker": "老师",
    "text": "当然我们可以用同样的方法来推导出其他的对应线段也是怎么样的平行的啊。"
  },
  {
    "start": 851.92,
    "end": 852.38,
    "speaker": "老师",
    "text": "好了，"
  },
  {
    "start": 852.38,
    "end": 855.22,
    "speaker": "老师",
    "text": "其实今天的探索还是非常有意思的。"
  },
  {
    "start": 855.22,
    "end": 855.46,
    "speaker": "老师",
    "text": "好，"
  },
  {
    "start": 855.46,
    "end": 863.33,
    "speaker": "老师",
    "text": "接下来我们继续往下，"
  },
  {
    "start": 864.85,
    "end": 872.41,
    "speaker": "老师",
    "text": "我们小结一下啊，"
  },
  {
    "start": 872.57,
    "end": 882.06,
    "speaker": "老师",
    "text": "我们刚刚探索到了什么呢？"
  },
  {
    "start": 882.06,
    "end": 892.77,
    "speaker": "老师",
    "text": "我们探索到了对应线段是相等的啊，"
  },
  {
    "start": 892.99,
    "end": 894.27,
    "speaker": "老师",
    "text": "也是怎么样啊？"
  },
  {
    "start": 894.27,
    "end": 896.47,
    "speaker": "老师",
    "text": "平行的对应角也是相等的，"
  },
  {
    "start": 896.47,
    "end": 897.11,
    "speaker": "老师",
    "text": "对不对？"
  },
  {
    "start": 897.17,
    "end": 897.53,
    "speaker": "老师",
    "text": "好，"
  },
  {
    "start": 897.53,
    "end": 899.81,
    "speaker": "老师",
    "text": "那经过了这些探索之后，"
  },
  {
    "start": 899.81,
    "end": 911.57,
    "speaker": "老师",
    "text": "这个时候我们再想一想还会不会有什么特殊的情况呢？"
  },
  {
    "start": 911.59,
    "end": 911.89,
    "speaker": "老师",
    "text": "嗯，"
  },
  {
    "start": 911.89,
    "end": 916.17,
    "speaker": "老师",
    "text": "我们试着来改变一下我们的平移方向。"
  },
  {
    "start": 916.17,
    "end": 917.51,
    "speaker": "老师",
    "text": "大家来看看好，"
  },
  {
    "start": 917.51,
    "end": 920.05,
    "speaker": "老师",
    "text": "大家看一下老师的改变平移方向哈。"
  },
  {
    "start": 920.49,
    "end": 929.57,
    "speaker": "老师",
    "text": "我们把这个平移方向改成水平的a一，"
  },
  {
    "start": 929.57,
    "end": 933.37,
    "speaker": "老师",
    "text": "这个时候你又发现会有怎样的特殊情况出现了呢？"
  },
  {
    "start": 933.37,
    "end": 936.66,
    "speaker": "老师",
    "text": "我们来看一下对应线段，"
  },
  {
    "start": 937.55,
    "end": 942.19,
    "speaker": "老师",
    "text": "我们会发现对应线段AD和对应线段EH怎么样哦，"
  },
  {
    "start": 942.19,
    "end": 945.89,
    "speaker": "老师",
    "text": "它出现在了同一条什么？"
  },
  {
    "start": 945.89,
    "end": 946.13,
    "speaker": "老师",
    "text": "对了，"
  },
  {
    "start": 946.13,
    "end": 949.78,
    "speaker": "老师",
    "text": "它出现在了同一条直线上好了。"
  },
  {
    "start": 950.14,
    "end": 956.6,
    "speaker": "老师",
    "text": "那么这个时候刚才我们说的对应线段平行且相等，"
  },
  {
    "start": 956.62,
    "end": 960.82,
    "speaker": "老师",
    "text": "还是否完整呢？"
  },
  {
    "start": 960.88,
    "end": 961.12,
    "speaker": "老师",
    "text": "对，"
  },
  {
    "start": 961.12,
    "end": 963.82,
    "speaker": "老师",
    "text": "它是不完整的。"
  },
  {
    "start": 963.82,
    "end": 972.14,
    "speaker": "老师",
    "text": "那么在这个地方我们要加一个什么呢？"
  },
  {
    "start": 972.14,
    "end": 972.7,
    "speaker": "老师",
    "text": "对了，"
  },
  {
    "start": 972.7,
    "end": 977.26,
    "speaker": "老师",
    "text": "我们可以这样加对应线段平行怎么样或在同意直线上且相等，"
  },
  {
    "start": 977.3,
    "end": 979.3,
    "speaker": "老师",
    "text": "明白了吗？"
  },
  {
    "start": 979.3,
    "end": 979.62,
    "speaker": "老师",
    "text": "好，"
  },
  {
    "start": 979.62,
    "end": 983.43,
    "speaker": "老师",
    "text": "那另外一个内容是什么？"
  },
  {
    "start": 983.43,
    "end": 985.21,
    "speaker": "老师",
    "text": "是对in脚香的好的，"
  },
  {
    "start": 985.21,
    "end": 988.43,
    "speaker": "老师",
    "text": "我们顺利的探索完了我们这里的两个问题。"
  },
  {
    "start": 988.43,
    "end": 990.73,
    "speaker": "老师",
    "text": "第一个问题和第二个问题。"
  },
  {
    "start": 990.73,
    "end": 991.07,
    "speaker": "老师",
    "text": "好，"
  },
  {
    "start": 991.21,
    "end": 996.45,
    "speaker": "老师",
    "text": "接下来我们来看到第三个问题。"
  },
  {
    "start": 996.69,
    "end": 1004.13,
    "speaker": "老师",
    "text": "第三个问题说线段AEBFCHCGDH分别是对应点所连的线段，"
  },
  {
    "start": 1004.51,
    "end": 1007.67,
    "speaker": "老师",
    "text": "它们之间有怎样的关系？"
  },
  {
    "start": 1007.67,
    "end": 1008.13,
    "speaker": "老师",
    "text": "好了，"
  },
  {
    "start": 1008.13,
    "end": 1010.28,
    "speaker": "老师",
    "text": "我们来看一下，"
  },
  {
    "start": 1010.28,
    "end": 1012.92,
    "speaker": "老师",
    "text": "我们先还原到原来那幅图。"
  },
  {
    "start": 1012.92,
    "end": 1013.22,
    "speaker": "老师",
    "text": "好，"
  },
  {
    "start": 1013.22,
    "end": 1018.6,
    "speaker": "老师",
    "text": "我们来看一下这里好AE VH CGDH."
  },
  {
    "start": 1018.72,
    "end": 1019.06,
    "speaker": "老师",
    "text": "好，"
  },
  {
    "start": 1019.06,
    "end": 1021.7,
    "speaker": "老师",
    "text": "我们把这四条理出来了。"
  },
  {
    "start": 1021.88,
    "end": 1026.96,
    "speaker": "老师",
    "text": "那么这四条线段是怎么关系呢？"
  },
  {
    "start": 1027.18,
    "end": 1027.44,
    "speaker": "老师",
    "text": "呃，"
  },
  {
    "start": 1027.44,
    "end": 1037.76,
    "speaker": "老师",
    "text": "基于前面的经验，"
  },
  {
    "start": 1038.1,
    "end": 1045.4,
    "speaker": "老师",
    "text": "我们可以这样去考虑，"
  },
  {
    "start": 1045.92,
    "end": 1051.39,
    "speaker": "老师",
    "text": "首先它相等吗？"
  },
  {
    "start": 1054.28,
    "end": 1057.14,
    "speaker": "老师",
    "text": "其次它的位置关系是不是平行呢？"
  },
  {
    "start": 1057.14,
    "end": 1057.54,
    "speaker": "老师",
    "text": "好，"
  },
  {
    "start": 1057.72,
    "end": 1062.36,
    "speaker": "老师",
    "text": "我们来看一下，"
  },
  {
    "start": 1062.58,
    "end": 1064.58,
    "speaker": "老师",
    "text": "第一个它相等。"
  },
  {
    "start": 1064.68,
    "end": 1069.04,
    "speaker": "老师",
    "text": "我们思考一下我们的平行定义。"
  },
  {
    "start": 1069.12,
    "end": 1071.24,
    "speaker": "老师",
    "text": "平行的定义是什么？"
  },
  {
    "start": 1071.24,
    "end": 1074.92,
    "speaker": "老师",
    "text": "是沿着某一个方向移动一定的距离，"
  },
  {
    "start": 1074.92,
    "end": 1075.78,
    "speaker": "老师",
    "text": "对不对？"
  },
  {
    "start": 1075.78,
    "end": 1075.98,
    "speaker": "老师",
    "text": "好，"
  },
  {
    "start": 1075.98,
    "end": 1078.82,
    "speaker": "老师",
    "text": "那么沿着某一个方向移动一定的什么距离？"
  },
  {
    "start": 1078.82,
    "end": 1079.48,
    "speaker": "老师",
    "text": "好，"
  },
  {
    "start": 1079.48,
    "end": 1080.9,
    "speaker": "老师",
    "text": "那么既然距离是确定的，"
  },
  {
    "start": 1080.9,
    "end": 1085.88,
    "speaker": "老师",
    "text": "那么BFCHAEDH这四条线段实际上都是对应的什么平移的距离，"
  },
  {
    "start": 1085.92,
    "end": 1089.44,
    "speaker": "老师",
    "text": "因此它长度应该怎么样相等的很好。"
  },
  {
    "start": 1089.44,
    "end": 1093.96,
    "speaker": "老师",
    "text": "那么其次其次我们再思考，"
  },
  {
    "start": 1094.08,
    "end": 1098.23,
    "speaker": "老师",
    "text": "那它是平行的吗？"
  },
  {
    "start": 1098.23,
    "end": 1099.83,
    "speaker": "老师",
    "text": "有的人会说，"
  },
  {
    "start": 1100.01,
    "end": 1102.49,
    "speaker": "老师",
    "text": "老师当然是平行的呀，"
  },
  {
    "start": 1102.49,
    "end": 1104.99,
    "speaker": "老师",
    "text": "它是同一个方向啊，"
  },
  {
    "start": 1104.99,
    "end": 1107.59,
    "speaker": "老师",
    "text": "既然是同一个方向，"
  },
  {
    "start": 1107.59,
    "end": 1109.69,
    "speaker": "老师",
    "text": "那不就是平行的吗？"
  },
  {
    "start": 1109.73,
    "end": 1113.13,
    "speaker": "老师",
    "text": "对同学们这一点思考的很好。"
  },
  {
    "start": 1113.13,
    "end": 1113.73,
    "speaker": "老师",
    "text": "再者，"
  },
  {
    "start": 1113.75,
    "end": 1118.05,
    "speaker": "老师",
    "text": "那它会不会出现跟对应线段一样的关系，"
  },
  {
    "start": 1118.07,
    "end": 1120.35,
    "speaker": "老师",
    "text": "在同一条直线上呢？"
  },
  {
    "start": 1120.35,
    "end": 1121.53,
    "speaker": "老师",
    "text": "同样的，"
  },
  {
    "start": 1121.63,
    "end": 1125.11,
    "speaker": "老师",
    "text": "我们移动我们刚刚的平移方向，"
  },
  {
    "start": 1125.17,
    "end": 1128.65,
    "speaker": "老师",
    "text": "我们把我们的平移方向改变一下。"
  },
  {
    "start": 1128.65,
    "end": 1131.95,
    "speaker": "老师",
    "text": "这个时候我们发现什么？"
  },
  {
    "start": 1131.95,
    "end": 1132.49,
    "speaker": "老师",
    "text": "对了，"
  },
  {
    "start": 1132.49,
    "end": 1141.77,
    "speaker": "老师",
    "text": "这个时候我们会发现图形当中的线段AE和图形当中的线段d的h怎么样啊，"
  },
  {
    "start": 1141.85,
    "end": 1145.37,
    "speaker": "老师",
    "text": "落到了同一条直线上好。"
  },
  {
    "start": 1145.37,
    "end": 1147.57,
    "speaker": "老师",
    "text": "因此因此我们的第三点，"
  },
  {
    "start": 1147.65,
    "end": 1153.66,
    "speaker": "老师",
    "text": "我们说对硬EM连接的线段怎么样啊，"
  },
  {
    "start": 1153.76,
    "end": 1156.96,
    "speaker": "老师",
    "text": "平行或在同一直线上且相等。"
  },
  {
    "start": 1156.96,
    "end": 1157.42,
    "speaker": "老师",
    "text": "好，"
  },
  {
    "start": 1157.5,
    "end": 1159.14,
    "speaker": "老师",
    "text": "那么我们整理一下。"
  },
  {
    "start": 1159.24,
    "end": 1159.72,
    "speaker": "老师",
    "text": "好，"
  },
  {
    "start": 1159.74,
    "end": 1161.64,
    "speaker": "老师",
    "text": "这里出现了几点，"
  },
  {
    "start": 1161.64,
    "end": 1165.64,
    "speaker": "老师",
    "text": "对一点两点三点分别是对线段对角和什么对点。"
  },
  {
    "start": 1165.64,
    "end": 1166.18,
    "speaker": "老师",
    "text": "好，"
  },
  {
    "start": 1166.3,
    "end": 1167.32,
    "speaker": "老师",
    "text": "当然了，"
  },
  {
    "start": 1167.32,
    "end": 1170.58,
    "speaker": "老师",
    "text": "我们也可以试着怎么样啊，"
  },
  {
    "start": 1170.58,
    "end": 1175.36,
    "speaker": "老师",
    "text": "我们可以试着改变一下四边形的形状哦。"
  },
  {
    "start": 1175.62,
    "end": 1180.68,
    "speaker": "老师",
    "text": "比如说我们可以把这个四边形的形状换一下啊，"
  },
  {
    "start": 1180.68,
    "end": 1182.2,
    "speaker": "老师",
    "text": "我们把这个位置完儿，"
  },
  {
    "start": 1182.2,
    "end": 1183.42,
    "speaker": "老师",
    "text": "大家可以看一下，"
  },
  {
    "start": 1183.42,
    "end": 1185.28,
    "speaker": "老师",
    "text": "这是我们的平移方向，"
  },
  {
    "start": 1185.36,
    "end": 1187.2,
    "speaker": "老师",
    "text": "我们也可以改变一下，"
  },
  {
    "start": 1187.2,
    "end": 1188.28,
    "speaker": "老师",
    "text": "四边形的形状，"
  },
  {
    "start": 1188.28,
    "end": 1189.44,
    "speaker": "老师",
    "text": "也可以改变一下。"
  },
  {
    "start": 1189.44,
    "end": 1192.9,
    "speaker": "老师",
    "text": "那么以上我们得到的这些结论怎么样啊，"
  },
  {
    "start": 1192.9,
    "end": 1194.88,
    "speaker": "老师",
    "text": "你会发现它依然是成立的。"
  },
  {
    "start": 1195.04,
    "end": 1195.48,
    "speaker": "老师",
    "text": "好，"
  },
  {
    "start": 1195.78,
    "end": 1203.16,
    "speaker": "老师",
    "text": "因此我们回来我们来解决今天的第二个内容，"
  },
  {
    "start": 1203.24,
    "end": 1207.9,
    "speaker": "老师",
    "text": "也就是课本上给大家总结的关于平移的什么性质。"
  },
  {
    "start": 1207.98,
    "end": 1208.6,
    "speaker": "老师",
    "text": "很好，"
  },
  {
    "start": 1208.6,
    "end": 1212.26,
    "speaker": "老师",
    "text": "这是我们的第二个内容，"
  },
  {
    "start": 1212.28,
    "end": 1213.46,
    "speaker": "老师",
    "text": "关于平移的性质。"
  },
  {
    "start": 1213.46,
    "end": 1217.3,
    "speaker": "老师",
    "text": "而第一个内容呢是关于它的一些定义。"
  },
  {
    "start": 1217.3,
    "end": 1220.68,
    "speaker": "老师",
    "text": "那么在这里强调的是方向和距离。"
  },
  {
    "start": 1220.68,
    "end": 1221.16,
    "speaker": "老师",
    "text": "好，"
  },
  {
    "start": 1221.34,
    "end": 1227.1,
    "speaker": "老师",
    "text": "那接下来我们把书本上关于平移的性质，"
  },
  {
    "start": 1227.1,
    "end": 1232.47,
    "speaker": "老师",
    "text": "我们一起边画边际边理解一下。"
  },
  {
    "start": 1232.47,
    "end": 1240.44,
    "speaker": "老师",
    "text": "我们来看一下一个图形和它所经过平移所得到的图形中对应点连接的线段平行或在一条直线上，"
  },
  {
    "start": 1241.37,
    "end": 1245.29,
    "speaker": "老师",
    "text": "且相等对应线段平行或在一条直线上，"
  },
  {
    "start": 1245.29,
    "end": 1246.39,
    "speaker": "老师",
    "text": "且相等对角相等。"
  },
  {
    "start": 1246.39,
    "end": 1246.57,
    "speaker": "老师",
    "text": "好，"
  },
  {
    "start": 1246.57,
    "end": 1247.89,
    "speaker": "老师",
    "text": "当然这个时候的话呢，"
  },
  {
    "start": 1247.89,
    "end": 1250.51,
    "speaker": "老师",
    "text": "我们为了便于大家来理解。"
  },
  {
    "start": 1250.51,
    "end": 1253.27,
    "speaker": "老师",
    "text": "那么我们下面准备了两种啊，"
  },
  {
    "start": 1253.27,
    "end": 1254.49,
    "speaker": "老师",
    "text": "一种是文字或图形，"
  },
  {
    "start": 1254.49,
    "end": 1256.37,
    "speaker": "老师",
    "text": "另外一种是几何语言符号，"
  },
  {
    "start": 1256.37,
    "end": 1260.99,
    "speaker": "老师",
    "text": "我们来结合的来理解学习一下。"
  },
  {
    "start": 1261.03,
    "end": 1261.73,
    "speaker": "老师",
    "text": "好，"
  },
  {
    "start": 1261.73,
    "end": 1265.95,
    "speaker": "老师",
    "text": "第一个我们曾谈到平移前后的两个图形是怎么样啊？"
  },
  {
    "start": 1265.95,
    "end": 1266.49,
    "speaker": "老师",
    "text": "全等的。"
  },
  {
    "start": 1266.49,
    "end": 1266.85,
    "speaker": "老师",
    "text": "好，"
  },
  {
    "start": 1278.65,
    "end": 1281.71,
    "speaker": "老师",
    "text": "所以它可以表示成为，"
  },
  {
    "start": 1281.85,
    "end": 1285.85,
    "speaker": "老师",
    "text": "因为它是平移得到的，"
  },
  {
    "start": 1285.85,
    "end": 1291.11,
    "speaker": "老师",
    "text": "所以三角形ABC全等于三角形DEF."
  },
  {
    "start": 1291.13,
    "end": 1291.53,
    "speaker": "老师",
    "text": "好，"
  },
  {
    "start": 1291.53,
    "end": 1297.43,
    "speaker": "老师",
    "text": "当然还谈到了比较简单的对应角相等。"
  },
  {
    "start": 1297.43,
    "end": 1308.87,
    "speaker": "老师",
    "text": "那我们特别是用不同颜色的符号给大家标识的。"
  },
  {
    "start": 1308.87,
    "end": 1311.61,
    "speaker": "老师",
    "text": "大家看到了这些都是什么对应角，"
  },
  {
    "start": 1311.61,
    "end": 1313.11,
    "speaker": "老师",
    "text": "它们是相等的。"
  },
  {
    "start": 1313.29,
    "end": 1315.63,
    "speaker": "老师",
    "text": "那么在几何语言描述的时候，"
  },
  {
    "start": 1315.63,
    "end": 1317.33,
    "speaker": "老师",
    "text": "我们也可以直接这样写到。"
  },
  {
    "start": 1317.33,
    "end": 1318.55,
    "speaker": "老师",
    "text": "因为平移，"
  },
  {
    "start": 1318.67,
    "end": 1321.61,
    "speaker": "老师",
    "text": "所以它们的三组对应角相等。"
  },
  {
    "start": 1321.61,
    "end": 1323.51,
    "speaker": "老师",
    "text": "那么我们可以依序而用。"
  },
  {
    "start": 1323.51,
    "end": 1324.01,
    "speaker": "老师",
    "text": "好，"
  },
  {
    "start": 1324.01,
    "end": 1326.7,
    "speaker": "老师",
    "text": "那接下来继续往下。"
  },
  {
    "start": 1326.7,
    "end": 1327.0,
    "speaker": "老师",
    "text": "好，"
  },
  {
    "start": 1327.0,
    "end": 1329.68,
    "speaker": "老师",
    "text": "第三个看到哈对应线段啊，"
  },
  {
    "start": 1329.8,
    "end": 1354.7,
    "speaker": "老师",
    "text": "这是两幅图形，"
  },
  {
    "start": 1354.7,
    "end": 1357.06,
    "speaker": "老师",
    "text": "对应线段是怎么样啊？"
  },
  {
    "start": 1357.06,
    "end": 1357.96,
    "speaker": "老师",
    "text": "相等的啊，"
  },
  {
    "start": 1357.96,
    "end": 1362.4,
    "speaker": "老师",
    "text": "并且对应线段是平行看到了吧，"
  },
  {
    "start": 1362.5,
    "end": 1364.28,
    "speaker": "老师",
    "text": "或在同一条，"
  },
  {
    "start": 1364.28,
    "end": 1367.0,
    "speaker": "老师",
    "text": "你看这两个是怎么样的，"
  },
  {
    "start": 1367.0,
    "end": 1368.48,
    "speaker": "老师",
    "text": "在同一条直线上。"
  },
  {
    "start": 1368.48,
    "end": 1372.28,
    "speaker": "老师",
    "text": "那么它的几何语言呢啊几何语言也不复杂，"
  },
  {
    "start": 1372.28,
    "end": 1373.1,
    "speaker": "老师",
    "text": "也不复杂啊，"
  },
  {
    "start": 1373.34,
    "end": 1374.04,
    "speaker": "老师",
    "text": "最后平移，"
  },
  {
    "start": 1374.04,
    "end": 1375.54,
    "speaker": "老师",
    "text": "所以平行或共线，"
  },
  {
    "start": 1375.54,
    "end": 1377.1,
    "speaker": "老师",
    "text": "并且对应线段相等。"
  },
  {
    "start": 1377.1,
    "end": 1377.34,
    "speaker": "老师",
    "text": "好，"
  },
  {
    "start": 1377.34,
    "end": 1385.48,
    "speaker": "老师",
    "text": "最后一个好对应点所连的线段平行或在同一条直线上。"
  },
  {
    "start": 1385.48,
    "end": 1386.12,
    "speaker": "老师",
    "text": "啊，"
  },
  {
    "start": 1386.2,
    "end": 1390.82,
    "speaker": "老师",
    "text": "那么这个呢我们也可以结合这幅图来理解它啊。"
  },
  {
    "start": 1390.82,
    "end": 1391.04,
    "speaker": "老师",
    "text": "好，"
  },
  {
    "start": 1391.04,
    "end": 1392.54,
    "speaker": "老师",
    "text": "接下来我们继续往下。"
  },
  {
    "start": 1392.54,
    "end": 1393.98,
    "speaker": "老师",
    "text": "在我写的这性质当中呢，"
  },
  {
    "start": 1393.98,
    "end": 1395.66,
    "speaker": "老师",
    "text": "实际上和黑板上呈现的呢，"
  },
  {
    "start": 1395.8,
    "end": 1397.74,
    "speaker": "老师",
    "text": "它就多了一个什么。"
  },
  {
    "start": 1397.74,
    "end": 1397.98,
    "speaker": "老师",
    "text": "对，"
  },
  {
    "start": 1397.98,
    "end": 1400.9,
    "speaker": "老师",
    "text": "多了一个我们所说的平移，"
  },
  {
    "start": 1400.9,
    "end": 1401.98,
    "speaker": "老师",
    "text": "不改变什么，"
  },
  {
    "start": 1401.98,
    "end": 1407.14,
    "speaker": "老师",
    "text": "对不改变图形的形状和什么和大小。"
  },
  {
    "start": 1407.16,
    "end": 1410.42,
    "speaker": "老师",
    "text": "所以的话呢前后是怎么样啊？"
  },
  {
    "start": 1410.42,
    "end": 1413.02,
    "speaker": "老师",
    "text": "全等的才多了一个这个啊。"
  },
  {
    "start": 1413.02,
    "end": 1413.36,
    "speaker": "老师",
    "text": "好，"
  },
  {
    "start": 1413.36,
    "end": 1414.32,
    "speaker": "老师",
    "text": "那继续啊，"
  },
  {
    "start": 1414.32,
    "end": 1417.68,
    "speaker": "老师",
    "text": "我们通过刚才的学习了解了平移的定义，"
  },
  {
    "start": 1417.72,
    "end": 1420.08,
    "speaker": "老师",
    "text": "了解了性质。"
  },
  {
    "start": 1420.08,
    "end": 1424.28,
    "speaker": "老师",
    "text": "那我们做两道题试试，"
  },
  {
    "start": 1424.28,
    "end": 1429.24,
    "speaker": "老师",
    "text": "大家来阅读一下。"
  },
  {
    "start": 1429.24,
    "end": 1431.34,
    "speaker": "老师",
    "text": "行好第一道题，"
  },
  {
    "start": 1431.34,
    "end": 1435.16,
    "speaker": "老师",
    "text": "下列现象中属于平移的是好，"
  },
  {
    "start": 1435.16,
    "end": 1439.12,
    "speaker": "老师",
    "text": "这里选什么啊？"
  },
  {
    "start": 1439.12,
    "end": 1440.08,
    "speaker": "老师",
    "text": "很好，"
  },
  {
    "start": 1440.08,
    "end": 1443.0,
    "speaker": "老师",
    "text": "我们选的是a啊升降梯，"
  },
  {
    "start": 1443.06,
    "end": 1444.82,
    "speaker": "老师",
    "text": "从一楼升到五楼。"
  },
  {
    "start": 1444.84,
    "end": 1452.46,
    "speaker": "老师",
    "text": "那么BCD这三个都不符合平移的定义啊，"
  },
  {
    "start": 1452.46,
    "end": 1454.28,
    "speaker": "老师",
    "text": "所以我们不选好。"
  },
  {
    "start": 1454.28,
    "end": 1456.2,
    "speaker": "老师",
    "text": "第二个对第二个，"
  },
  {
    "start": 1456.2,
    "end": 1460.24,
    "speaker": "老师",
    "text": "我们说我们平移是沿什么沿某一个方向移动一定的距离。"
  },
  {
    "start": 1460.24,
    "end": 1461.28,
    "speaker": "老师",
    "text": "换句话说，"
  },
  {
    "start": 1461.4,
    "end": 1468.17,
    "speaker": "老师",
    "text": "这个图形当中的任何一个点怎么样？"
  },
  {
    "start": 1468.17,
    "end": 1470.27,
    "speaker": "老师",
    "text": "它移动的距离都是怎么样？"
  },
  {
    "start": 1470.27,
    "end": 1471.57,
    "speaker": "老师",
    "text": "都是相等的很好。"
  },
  {
    "start": 1471.61,
    "end": 1474.71,
    "speaker": "老师",
    "text": "因此这道题我们选择的是什么呢？"
  },
  {
    "start": 1474.95,
    "end": 1476.13,
    "speaker": "老师",
    "text": "对了，"
  },
  {
    "start": 1476.15,
    "end": 1478.65,
    "speaker": "老师",
    "text": "我们选择的是c选项。"
  },
  {
    "start": 1478.65,
    "end": 1479.15,
    "speaker": "老师",
    "text": "好，"
  },
  {
    "start": 1479.15,
    "end": 1481.37,
    "speaker": "老师",
    "text": "接下来我们继续往下，"
  },
  {
    "start": 1481.47,
    "end": 1485.59,
    "speaker": "老师",
    "text": "请大家阅读一下第三题和第四题。"
  },
  {
    "start": 1485.67,
    "end": 1488.01,
    "speaker": "老师",
    "text": "好，"
  },
  {
    "start": 1488.21,
    "end": 1491.23,
    "speaker": "老师",
    "text": "首先我们来看到第三题。"
  },
  {
    "start": 1491.23,
    "end": 1492.13,
    "speaker": "老师",
    "text": "第三题，"
  },
  {
    "start": 1492.13,
    "end": 1499.97,
    "speaker": "老师",
    "text": "我们说将三角形ABC沿着射线的方向平移到a撇，"
  },
  {
    "start": 1500.35,
    "end": 1501.97,
    "speaker": "老师",
    "text": "b撇c撇的位置，"
  },
  {
    "start": 1502.11,
    "end": 1506.67,
    "speaker": "老师",
    "text": "则三角形ABC移动的距离是什么？"
  },
  {
    "start": 1506.67,
    "end": 1509.23,
    "speaker": "老师",
    "text": "那么这个地方我们看一下很容易混淆，"
  },
  {
    "start": 1509.43,
    "end": 1510.79,
    "speaker": "老师",
    "text": "这是一个易错题，"
  },
  {
    "start": 1510.79,
    "end": 1512.96,
    "speaker": "老师",
    "text": "比较容易混淆。"
  },
  {
    "start": 1512.96,
    "end": 1516.76,
    "speaker": "老师",
    "text": "那么我们怎么来判断它的答案呢？"
  },
  {
    "start": 1516.76,
    "end": 1519.74,
    "speaker": "老师",
    "text": "其实最好的方式就是什么？"
  },
  {
    "start": 1519.74,
    "end": 1521.51,
    "speaker": "老师",
    "text": "找对应点，"
  },
  {
    "start": 1521.51,
    "end": 1524.98,
    "speaker": "老师",
    "text": "那我们再来看一下a选项线段BC,"
  },
  {
    "start": 1525.82,
    "end": 1528.16,
    "speaker": "老师",
    "text": "这是对应点吗？"
  },
  {
    "start": 1528.22,
    "end": 1528.62,
    "speaker": "老师",
    "text": "哦，"
  },
  {
    "start": 1528.62,
    "end": 1529.46,
    "speaker": "老师",
    "text": "不是，"
  },
  {
    "start": 1529.5,
    "end": 1539.36,
    "speaker": "老师",
    "text": "我们看到b的对应点是谁？"
  },
  {
    "start": 1539.36,
    "end": 1539.7,
    "speaker": "老师",
    "text": "对，"
  },
  {
    "start": 1539.7,
    "end": 1545.71,
    "speaker": "老师",
    "text": "b的对应点平移之后是到什么到b撇的位置，"
  },
  {
    "start": 1545.99,
    "end": 1547.27,
    "speaker": "老师",
    "text": "大家看到没有？"
  },
  {
    "start": 1547.27,
    "end": 1550.13,
    "speaker": "老师",
    "text": "是这个位置是到b撇的位置，"
  },
  {
    "start": 1550.17,
    "end": 1551.13,
    "speaker": "老师",
    "text": "看到了吧？"
  },
  {
    "start": 1551.21,
    "end": 1551.65,
    "speaker": "老师",
    "text": "好，"
  },
  {
    "start": 1551.65,
    "end": 1555.51,
    "speaker": "老师",
    "text": "所以这选项当中有没有这个部分呢？"
  },
  {
    "start": 1555.59,
    "end": 1555.87,
    "speaker": "老师",
    "text": "哦，"
  },
  {
    "start": 1555.87,
    "end": 1556.89,
    "speaker": "老师",
    "text": "有的看到没有？"
  },
  {
    "start": 1556.89,
    "end": 1558.69,
    "speaker": "老师",
    "text": "正好是什么？"
  },
  {
    "start": 1559.07,
    "end": 1561.51,
    "speaker": "老师",
    "text": "C选项BD撇，"
  },
  {
    "start": 1561.51,
    "end": 1569.94,
    "speaker": "老师",
    "text": "而其他的b选项和d选项线段BC撇到线段CB撇它都不是我们的平移什么。"
  },
  {
    "start": 1570.63,
    "end": 1571.11,
    "speaker": "老师",
    "text": "对，"
  },
  {
    "start": 1571.31,
    "end": 1573.67,
    "speaker": "老师",
    "text": "都不是我们的对应点，"
  },
  {
    "start": 1573.67,
    "end": 1577.91,
    "speaker": "老师",
    "text": "所以它不是我们平移的距离。"
  },
  {
    "start": 1577.91,
    "end": 1578.21,
    "speaker": "老师",
    "text": "好，"
  },
  {
    "start": 1578.21,
    "end": 1581.73,
    "speaker": "老师",
    "text": "那接下来我们往下看第四题，"
  },
  {
    "start": 1582.15,
    "end": 1586.03,
    "speaker": "老师",
    "text": "将三角形ABE向右平移，"
  },
  {
    "start": 1586.03,
    "end": 1588.43,
    "speaker": "老师",
    "text": "两厘米得到DCF."
  },
  {
    "start": 1588.43,
    "end": 1588.95,
    "speaker": "老师",
    "text": "好，"
  },
  {
    "start": 1589.35,
    "end": 1591.37,
    "speaker": "老师",
    "text": "如果ABE的周长是十六哦，"
  },
  {
    "start": 1591.37,
    "end": 1591.99,
    "speaker": "老师",
    "text": "这一块啊，"
  },
  {
    "start": 1591.99,
    "end": 1594.59,
    "speaker": "老师",
    "text": "这三段是十六。"
  },
  {
    "start": 1594.59,
    "end": 1595.01,
    "speaker": "老师",
    "text": "好，"
  },
  {
    "start": 1595.09,
    "end": 1598.29,
    "speaker": "老师",
    "text": "那么四边形ABFD的周长是多少？"
  },
  {
    "start": 1598.29,
    "end": 1598.53,
    "speaker": "老师",
    "text": "好，"
  },
  {
    "start": 1598.53,
    "end": 1599.73,
    "speaker": "老师",
    "text": "我们比较一下，"
  },
  {
    "start": 1600.07,
    "end": 1603.67,
    "speaker": "老师",
    "text": "对于这个三角形而言，"
  },
  {
    "start": 1603.79,
    "end": 1605.55,
    "speaker": "老师",
    "text": "看到没有？"
  },
  {
    "start": 1605.55,
    "end": 1607.55,
    "speaker": "老师",
    "text": "它平移到了这个位置，"
  },
  {
    "start": 1607.55,
    "end": 1611.33,
    "speaker": "老师",
    "text": "而我们要求的却是ABFD."
  },
  {
    "start": 1611.35,
    "end": 1614.45,
    "speaker": "老师",
    "text": "那么比较一下前后的这个三角形，"
  },
  {
    "start": 1614.47,
    "end": 1614.99,
    "speaker": "老师",
    "text": "哎，"
  },
  {
    "start": 1614.99,
    "end": 1616.09,
    "speaker": "老师",
    "text": "它是全等的，"
  },
  {
    "start": 1616.09,
    "end": 1620.27,
    "speaker": "老师",
    "text": "那么对应线段也是相等的，"
  },
  {
    "start": 1620.27,
    "end": 1622.79,
    "speaker": "老师",
    "text": "对应点之间的连线也是怎么样相等的。"
  },
  {
    "start": 1622.79,
    "end": 1623.17,
    "speaker": "老师",
    "text": "好，"
  },
  {
    "start": 1623.33,
    "end": 1628.06,
    "speaker": "老师",
    "text": "其次其次这个四边形我们看一下，"
  },
  {
    "start": 1628.06,
    "end": 1629.08,
    "speaker": "老师",
    "text": "相对于这个三角形，"
  },
  {
    "start": 1629.08,
    "end": 1631.08,
    "speaker": "老师",
    "text": "周长是十六的这个三角形而言，"
  },
  {
    "start": 1631.08,
    "end": 1633.4,
    "speaker": "老师",
    "text": "它多了什么变化了什么呢？"
  },
  {
    "start": 1633.4,
    "end": 1639.04,
    "speaker": "老师",
    "text": "我们会发现其中a一这条边是不是移动了DF这条边哎，"
  },
  {
    "start": 1639.1,
    "end": 1641.6,
    "speaker": "老师",
    "text": "这条边是不变的。"
  },
  {
    "start": 1641.64,
    "end": 1642.62,
    "speaker": "老师",
    "text": "好，"
  },
  {
    "start": 1642.62,
    "end": 1644.14,
    "speaker": "老师",
    "text": "除此之外它还怎么样？"
  },
  {
    "start": 1644.14,
    "end": 1644.86,
    "speaker": "老师",
    "text": "对了，"
  },
  {
    "start": 1644.86,
    "end": 1649.02,
    "speaker": "老师",
    "text": "它还多了AD和EF这两段而多的这两段的长度，"
  },
  {
    "start": 1649.34,
    "end": 1651.6,
    "speaker": "老师",
    "text": "我们知道吗？"
  },
  {
    "start": 1651.74,
    "end": 1652.2,
    "speaker": "老师",
    "text": "哦，"
  },
  {
    "start": 1652.2,
    "end": 1652.98,
    "speaker": "老师",
    "text": "很简单，"
  },
  {
    "start": 1653.12,
    "end": 1653.7,
    "speaker": "老师",
    "text": "为什么？"
  },
  {
    "start": 1653.7,
    "end": 1659.37,
    "speaker": "老师",
    "text": "他说了它是往右平移两厘米，"
  },
  {
    "start": 1659.37,
    "end": 1667.86,
    "speaker": "老师",
    "text": "那毫无疑问这是对应点的什么？"
  },
  {
    "start": 1667.86,
    "end": 1672.82,
    "speaker": "老师",
    "text": "对对应点连线它对应点连线的长度上面是二，"
  },
  {
    "start": 1672.82,
    "end": 1674.92,
    "speaker": "老师",
    "text": "下面也是几啊，"
  },
  {
    "start": 1674.92,
    "end": 1675.46,
    "speaker": "老师",
    "text": "也是二。"
  },
  {
    "start": 1675.46,
    "end": 1679.02,
    "speaker": "老师",
    "text": "所以这道题的答案是多少呢？"
  },
  {
    "start": 1679.02,
    "end": 1679.42,
    "speaker": "老师",
    "text": "很好，"
  },
  {
    "start": 1679.42,
    "end": 1680.78,
    "speaker": "老师",
    "text": "这道题的答案，"
  },
  {
    "start": 1680.8,
    "end": 1682.28,
    "speaker": "老师",
    "text": "我们说是十六，"
  },
  {
    "start": 1682.28,
    "end": 1684.8,
    "speaker": "老师",
    "text": "加上两个二等于二十。"
  },
  {
    "start": 1684.8,
    "end": 1685.4,
    "speaker": "老师",
    "text": "同学们，"
  },
  {
    "start": 1685.58,
    "end": 1687.14,
    "speaker": "老师",
    "text": "你思考对了吗？"
  },
  {
    "start": 1687.14,
    "end": 1687.38,
    "speaker": "老师",
    "text": "好，"
  },
  {
    "start": 1687.38,
    "end": 1692.18,
    "speaker": "老师",
    "text": "接下来我们来学习我们今天的第三块知识，"
  },
  {
    "start": 1692.18,
    "end": 1693.62,
    "speaker": "老师",
    "text": "利用平移作图。"
  },
  {
    "start": 1693.62,
    "end": 1694.06,
    "speaker": "老师",
    "text": "好，"
  },
  {
    "start": 1694.06,
    "end": 1695.7,
    "speaker": "老师",
    "text": "请大家先读题。"
  },
  {
    "start": 1695.74,
    "end": 1696.06,
    "speaker": "老师",
    "text": "好，"
  },
  {
    "start": 1696.06,
    "end": 1701.54,
    "speaker": "老师",
    "text": "我们来看请你指出平移的方向和平移的距离。"
  },
  {
    "start": 1701.54,
    "end": 1705.42,
    "speaker": "老师",
    "text": "题目当中条卷明确说出顶点a移动到了顶点，"
  },
  {
    "start": 1705.42,
    "end": 1706.76,
    "speaker": "老师",
    "text": "什么到了点d的位置，"
  },
  {
    "start": 1706.76,
    "end": 1707.06,
    "speaker": "老师",
    "text": "对吧？"
  },
  {
    "start": 1707.06,
    "end": 1710.44,
    "speaker": "老师",
    "text": "顶点a移动到了点d的位置。"
  },
  {
    "start": 1710.44,
    "end": 1712.12,
    "speaker": "老师",
    "text": "那么它的平移方向是什么？"
  },
  {
    "start": 1712.12,
    "end": 1712.78,
    "speaker": "老师",
    "text": "对了，"
  },
  {
    "start": 1712.78,
    "end": 1717.66,
    "speaker": "老师",
    "text": "它的平移方向在这个地方我们只需要连接，"
  },
  {
    "start": 1717.66,
    "end": 1718.0,
    "speaker": "老师",
    "text": "哎，"
  },
  {
    "start": 1718.06,
    "end": 1722.56,
    "speaker": "老师",
    "text": "我们只需要连接AD就可以了。"
  },
  {
    "start": 1722.56,
    "end": 1727.85,
    "speaker": "老师",
    "text": "那么它的方向实际上就是点a到点d的方向。"
  },
  {
    "start": 1727.89,
    "end": 1730.09,
    "speaker": "老师",
    "text": "那么平移距离呢很好，"
  },
  {
    "start": 1730.09,
    "end": 1739.89,
    "speaker": "老师",
    "text": "平移距离其实恰恰就是线段AD的长度。"
  },
  {
    "start": 1739.89,
    "end": 1740.29,
    "speaker": "老师",
    "text": "好了，"
  },
  {
    "start": 1740.29,
    "end": 1743.57,
    "speaker": "老师",
    "text": "接下来我们来解决第二个问题，"
  },
  {
    "start": 1743.57,
    "end": 1746.09,
    "speaker": "老师",
    "text": "请你画出平移后的三角形，"
  },
  {
    "start": 1746.09,
    "end": 1747.73,
    "speaker": "老师",
    "text": "平移后的三角形。"
  },
  {
    "start": 1747.73,
    "end": 1750.21,
    "speaker": "老师",
    "text": "我们确定了方向，"
  },
  {
    "start": 1750.21,
    "end": 1753.45,
    "speaker": "老师",
    "text": "确定了距离应该是没有问题的，"
  },
  {
    "start": 1753.47,
    "end": 1754.39,
    "speaker": "老师",
    "text": "对不对？"
  },
  {
    "start": 1754.39,
    "end": 1754.63,
    "speaker": "老师",
    "text": "好，"
  },
  {
    "start": 1754.63,
    "end": 1757.45,
    "speaker": "老师",
    "text": "那我们怎么来解决呢？"
  },
  {
    "start": 1757.83,
    "end": 1763.31,
    "speaker": "老师",
    "text": "其实画三角形只要怎么样，"
  },
  {
    "start": 1763.37,
    "end": 1763.67,
    "speaker": "老师",
    "text": "对，"
  },
  {
    "start": 1763.67,
    "end": 1765.43,
    "speaker": "老师",
    "text": "只要确定点就可以了。"
  },
  {
    "start": 1765.77,
    "end": 1775.38,
    "speaker": "老师",
    "text": "那么我们可以试着找出点b和点c怎么样平移后的对应点就可以了，"
  },
  {
    "start": 1776.16,
    "end": 1777.48,
    "speaker": "老师",
    "text": "对不对？"
  },
  {
    "start": 1777.74,
    "end": 1778.68,
    "speaker": "老师",
    "text": "好，"
  },
  {
    "start": 1779.04,
    "end": 1782.18,
    "speaker": "老师",
    "text": "那么我们用什么来画呢？"
  },
  {
    "start": 1782.18,
    "end": 1787.56,
    "speaker": "老师",
    "text": "借助什么原理来画呢？"
  },
  {
    "start": 1787.56,
    "end": 1788.04,
    "speaker": "老师",
    "text": "很好，"
  },
  {
    "start": 1788.04,
    "end": 1791.44,
    "speaker": "老师",
    "text": "那么这里不是写了吗？"
  },
  {
    "start": 1792.18,
    "end": 1795.16,
    "speaker": "老师",
    "text": "对应点连接的线段怎么样啊？"
  },
  {
    "start": 1795.58,
    "end": 1797.56,
    "speaker": "老师",
    "text": "平行且相等。"
  },
  {
    "start": 1797.56,
    "end": 1797.88,
    "speaker": "老师",
    "text": "好，"
  },
  {
    "start": 1797.88,
    "end": 1800.76,
    "speaker": "老师",
    "text": "那我们试着可不可以用它来试试呢？"
  },
  {
    "start": 1800.76,
    "end": 1806.08,
    "speaker": "老师",
    "text": "我们想象一下我们过b点做什么，"
  },
  {
    "start": 1806.08,
    "end": 1806.5,
    "speaker": "老师",
    "text": "对，"
  },
  {
    "start": 1806.5,
    "end": 1808.72,
    "speaker": "老师",
    "text": "我们过b点过这个地方，"
  },
  {
    "start": 1808.72,
    "end": 1814.18,
    "speaker": "老师",
    "text": "我们在这个地方我们想象一下过b点可以做条什么线，"
  },
  {
    "start": 1814.18,
    "end": 1814.66,
    "speaker": "老师",
    "text": "哎，"
  },
  {
    "start": 1814.66,
    "end": 1819.58,
    "speaker": "老师",
    "text": "做一条平行线跟AD干嘛平行且相等。"
  },
  {
    "start": 1819.58,
    "end": 1822.2,
    "speaker": "老师",
    "text": "先确定b的什么平移后的对应点，"
  },
  {
    "start": 1822.42,
    "end": 1826.1,
    "speaker": "老师",
    "text": "再过c点做一条平行线跟AD平行，"
  },
  {
    "start": 1826.1,
    "end": 1830.9,
    "speaker": "老师",
    "text": "然后将它们怎么样啊相等来找到c点平移后的什么对应点，"
  },
  {
    "start": 1830.9,
    "end": 1833.3,
    "speaker": "老师",
    "text": "然后将它们怎么样啊，"
  },
  {
    "start": 1833.3,
    "end": 1834.48,
    "speaker": "老师",
    "text": "顺次连接即可。"
  },
  {
    "start": 1834.48,
    "end": 1834.8,
    "speaker": "老师",
    "text": "好，"
  },
  {
    "start": 1834.8,
    "end": 1837.38,
    "speaker": "老师",
    "text": "我们用动画试给大家来看看好。"
  },
  {
    "start": 1837.38,
    "end": 1841.08,
    "speaker": "老师",
    "text": "首先过b点做BE平行且等于AD."
  },
  {
    "start": 1841.08,
    "end": 1842.1,
    "speaker": "老师",
    "text": "再过十一点，"
  },
  {
    "start": 1842.1,
    "end": 1843.6,
    "speaker": "老师",
    "text": "你坐CF平行，"
  },
  {
    "start": 1843.62,
    "end": 1844.56,
    "speaker": "老师",
    "text": "且等于AD."
  },
  {
    "start": 1844.56,
    "end": 1844.92,
    "speaker": "老师",
    "text": "好，"
  },
  {
    "start": 1844.92,
    "end": 1849.22,
    "speaker": "老师",
    "text": "这个时候分别找到了BC两点平移后的对应点EF,"
  },
  {
    "start": 1849.22,
    "end": 1851.56,
    "speaker": "老师",
    "text": "然后将它们怎么样顺次连接。"
  },
  {
    "start": 1851.56,
    "end": 1852.18,
    "speaker": "老师",
    "text": "好，"
  },
  {
    "start": 1852.18,
    "end": 1856.84,
    "speaker": "老师",
    "text": "那这个时候有同学可能就要问到了，"
  },
  {
    "start": 1856.92,
    "end": 1857.56,
    "speaker": "老师",
    "text": "老师，"
  },
  {
    "start": 1857.86,
    "end": 1860.02,
    "speaker": "老师",
    "text": "我怎么做平行线呢？"
  },
  {
    "start": 1860.02,
    "end": 1860.26,
    "speaker": "老师",
    "text": "啊，"
  },
  {
    "start": 1860.26,
    "end": 1863.39,
    "speaker": "老师",
    "text": "我还是给大家准备了什么三角板，"
  },
  {
    "start": 1863.39,
    "end": 1866.05,
    "speaker": "老师",
    "text": "我们可以用什么方式啊？"
  },
  {
    "start": 1866.05,
    "end": 1866.95,
    "speaker": "老师",
    "text": "对了，"
  },
  {
    "start": 1867.03,
    "end": 1871.63,
    "speaker": "老师",
    "text": "我们可以用推三角板的方式来画平行线。"
  },
  {
    "start": 1871.63,
    "end": 1876.53,
    "speaker": "老师",
    "text": "那么大家还记得是怎么来推三角板吗？"
  },
  {
    "start": 1876.53,
    "end": 1876.81,
    "speaker": "老师",
    "text": "哎，"
  },
  {
    "start": 1876.81,
    "end": 1879.1,
    "speaker": "老师",
    "text": "我们的口诀是什么？"
  },
  {
    "start": 1879.1,
    "end": 1880.62,
    "speaker": "老师",
    "text": "一贴耳靠三滑。"
  },
  {
    "start": 1880.7,
    "end": 1881.1,
    "speaker": "老师",
    "text": "好，"
  },
  {
    "start": 1881.1,
    "end": 1889.28,
    "speaker": "老师",
    "text": "我们把它贴上去，"
  },
  {
    "start": 1889.28,
    "end": 1890.32,
    "speaker": "老师",
    "text": "看到了没有？"
  },
  {
    "start": 1890.32,
    "end": 1892.62,
    "speaker": "老师",
    "text": "可以把它怎么样啊？"
  },
  {
    "start": 1892.62,
    "end": 1893.0,
    "speaker": "老师",
    "text": "好，"
  },
  {
    "start": 1893.02,
    "end": 1895.28,
    "speaker": "老师",
    "text": "可以延长一点点啊，"
  },
  {
    "start": 1895.28,
    "end": 1900.55,
    "speaker": "老师",
    "text": "我们把它怎么样啊？"
  },
  {
    "start": 1900.89,
    "end": 1901.71,
    "speaker": "老师",
    "text": "滑下来，"
  },
  {
    "start": 1901.79,
    "end": 1905.54,
    "speaker": "老师",
    "text": "然后做平行线就行了。"
  },
  {
    "start": 1905.54,
    "end": 1906.8,
    "speaker": "老师",
    "text": "看到了没有？"
  },
  {
    "start": 1906.8,
    "end": 1908.4,
    "speaker": "老师",
    "text": "这个平行线非常好，"
  },
  {
    "start": 1908.4,
    "end": 1911.66,
    "speaker": "老师",
    "text": "然后再借助刻度来量取它的长度即可。"
  },
  {
    "start": 1911.66,
    "end": 1911.9,
    "speaker": "老师",
    "text": "好，"
  },
  {
    "start": 1911.9,
    "end": 1917.98,
    "speaker": "老师",
    "text": "这就是我们简单的关于呃利用平移的性质来作图。"
  },
  {
    "start": 1917.98,
    "end": 1923.01,
    "speaker": "老师",
    "text": "那么这道题除了这个方法之外外，"
  },
  {
    "start": 1923.01,
    "end": 1926.4,
    "speaker": "老师",
    "text": "还有没有别的方法呢？"
  },
  {
    "start": 1926.4,
    "end": 1926.98,
    "speaker": "老师",
    "text": "好，"
  },
  {
    "start": 1926.98,
    "end": 1928.52,
    "speaker": "老师",
    "text": "我们继续往下看，"
  },
  {
    "start": 1931.36,
    "end": 1934.78,
    "speaker": "老师",
    "text": "好看一下还有没有别的方法？"
  },
  {
    "start": 1934.78,
    "end": 1935.2,
    "speaker": "老师",
    "text": "行。"
  },
  {
    "start": 1935.2,
    "end": 1935.5,
    "speaker": "老师",
    "text": "嗯，"
  },
  {
    "start": 1935.5,
    "end": 1941.16,
    "speaker": "老师",
    "text": "有的同学想老师你刚刚讲了对应点连接的线段平行且相等，"
  },
  {
    "start": 1941.36,
    "end": 1948.33,
    "speaker": "老师",
    "text": "那我能不能用对应线段平行且相等来来做呢？"
  },
  {
    "start": 1948.35,
    "end": 1948.83,
    "speaker": "老师",
    "text": "哦，"
  },
  {
    "start": 1949.29,
    "end": 1954.05,
    "speaker": "老师",
    "text": "大家看看刚刚我们选取的是把点来移动。"
  },
  {
    "start": 1954.05,
    "end": 1958.11,
    "speaker": "老师",
    "text": "那这个时候我可不可以把线段AB移动到这个位置，"
  },
  {
    "start": 1958.11,
    "end": 1961.43,
    "speaker": "老师",
    "text": "把线段AC来试着移动到这个位置可以吗？"
  },
  {
    "start": 1961.43,
    "end": 1961.71,
    "speaker": "老师",
    "text": "哦，"
  },
  {
    "start": 1961.71,
    "end": 1964.87,
    "speaker": "老师",
    "text": "这确实是一个很好的主意，"
  },
  {
    "start": 1964.87,
    "end": 1966.45,
    "speaker": "老师",
    "text": "我们来尝试一下。"
  },
  {
    "start": 1966.45,
    "end": 1969.73,
    "speaker": "老师",
    "text": "过点d作DE平行且等于AB,"
  },
  {
    "start": 1969.87,
    "end": 1972.87,
    "speaker": "老师",
    "text": "再过点d做DF平行且等于AC,"
  },
  {
    "start": 1972.87,
    "end": 1977.22,
    "speaker": "老师",
    "text": "然后连接什么？"
  },
  {
    "start": 1977.26,
    "end": 1977.62,
    "speaker": "老师",
    "text": "哎，"
  },
  {
    "start": 1977.62,
    "end": 1979.18,
    "speaker": "老师",
    "text": "连接EF即可。"
  },
  {
    "start": 1979.2,
    "end": 1980.74,
    "speaker": "老师",
    "text": "大家听明白了吗？"
  },
  {
    "start": 1980.74,
    "end": 1981.4,
    "speaker": "老师",
    "text": "好的，"
  },
  {
    "start": 1981.4,
    "end": 1982.82,
    "speaker": "老师",
    "text": "我们来总结一下。"
  },
  {
    "start": 1982.82,
    "end": 1987.86,
    "speaker": "老师",
    "text": "刚刚我们采用了两个方法来做平移的图形。"
  },
  {
    "start": 1988.2,
    "end": 1989.28,
    "speaker": "老师",
    "text": "第一个方法，"
  },
  {
    "start": 1989.28,
    "end": 1992.34,
    "speaker": "老师",
    "text": "其实我们可以简单总结一下，"
  },
  {
    "start": 1992.34,
    "end": 1996.76,
    "speaker": "老师",
    "text": "它就是干嘛找点把点进行平移对吧？"
  },
  {
    "start": 1996.76,
    "end": 1997.14,
    "speaker": "老师",
    "text": "好，"
  },
  {
    "start": 1997.14,
    "end": 2000.84,
    "speaker": "老师",
    "text": "然后平移之后把点干嘛，"
  },
  {
    "start": 2000.84,
    "end": 2002.45,
    "speaker": "老师",
    "text": "顺次连接就可以了。"
  },
  {
    "start": 2003.08,
    "end": 2003.52,
    "speaker": "老师",
    "text": "好，"
  },
  {
    "start": 2003.52,
    "end": 2004.4,
    "speaker": "老师",
    "text": "第二个方法，"
  },
  {
    "start": 2004.4,
    "end": 2007.21,
    "speaker": "老师",
    "text": "实际上它是平移什么？"
  },
  {
    "start": 2007.21,
    "end": 2007.67,
    "speaker": "老师",
    "text": "对了，"
  },
  {
    "start": 2007.67,
    "end": 2009.41,
    "speaker": "老师",
    "text": "它是平移线段。"
  },
  {
    "start": 2009.47,
    "end": 2011.17,
    "speaker": "老师",
    "text": "那我们要找关键的线段，"
  },
  {
    "start": 2011.17,
    "end": 2015.33,
    "speaker": "老师",
    "text": "然后把平移以后的对应线段怎么样啊画出来，"
  },
  {
    "start": 2015.33,
    "end": 2016.95,
    "speaker": "老师",
    "text": "然后连接一下即可。"
  },
  {
    "start": 2016.95,
    "end": 2018.91,
    "speaker": "老师",
    "text": "比如说如果是三角形，"
  },
  {
    "start": 2018.91,
    "end": 2021.91,
    "speaker": "老师",
    "text": "那我只要做两条对应线段，"
  },
  {
    "start": 2021.91,
    "end": 2026.76,
    "speaker": "老师",
    "text": "然后把第三个一连就行了。"
  },
  {
    "start": 2026.76,
    "end": 2027.12,
    "speaker": "老师",
    "text": "好，"
  },
  {
    "start": 2030.07,
    "end": 2032.61,
    "speaker": "老师",
    "text": "那么刚刚我们也说过了，"
  },
  {
    "start": 2032.75,
    "end": 2036.11,
    "speaker": "老师",
    "text": "其中平移点我们利用的原理是什么？"
  },
  {
    "start": 2036.35,
    "end": 2039.79,
    "speaker": "老师",
    "text": "利用的是对应点所连的线段怎么样啊，"
  },
  {
    "start": 2039.79,
    "end": 2040.89,
    "speaker": "老师",
    "text": "平行且相等，"
  },
  {
    "start": 2040.89,
    "end": 2042.51,
    "speaker": "老师",
    "text": "而平移线段。"
  },
  {
    "start": 2042.51,
    "end": 2045.33,
    "speaker": "老师",
    "text": "利用的是对应点的平行呃，"
  },
  {
    "start": 2045.33,
    "end": 2047.51,
    "speaker": "老师",
    "text": "对应线段怎么样啊，"
  },
  {
    "start": 2047.51,
    "end": 2050.27,
    "speaker": "老师",
    "text": "平行截相能得到的啊。"
  },
  {
    "start": 2050.41,
    "end": 2055.36,
    "speaker": "老师",
    "text": "那最后我们来看一下我们的四维拓展题，"
  },
  {
    "start": 2055.48,
    "end": 2058.04,
    "speaker": "老师",
    "text": "老师给大家带来的四维拓展体。"
  },
  {
    "start": 2058.12,
    "end": 2061.47,
    "speaker": "老师",
    "text": "如图是一块长方形的草地，"
  },
  {
    "start": 2061.47,
    "end": 2062.71,
    "speaker": "老师",
    "text": "长为二十一米，"
  },
  {
    "start": 2062.71,
    "end": 2063.75,
    "speaker": "老师",
    "text": "宽为十五米。"
  },
  {
    "start": 2063.75,
    "end": 2071.84,
    "speaker": "老师",
    "text": "在草地上有两条宽为一米的小道。"
  },
  {
    "start": 2071.84,
    "end": 2075.48,
    "speaker": "老师",
    "text": "长方形的草地上除了小道以外要长满青草，"
  },
  {
    "start": 2075.48,
    "end": 2079.88,
    "speaker": "老师",
    "text": "那么请你求出长草部分的面积为多少？"
  },
  {
    "start": 2079.9,
    "end": 2085.96,
    "speaker": "老师",
    "text": "那也就是求图形当中什么对图形当中黄色区域的面积是多少？"
  },
  {
    "start": 2085.96,
    "end": 2087.9,
    "speaker": "老师",
    "text": "那么大家思考一下，"
  },
  {
    "start": 2088.04,
    "end": 2092.48,
    "speaker": "老师",
    "text": "这个黄色的面积能不能单独的去求条件够吗？"
  },
  {
    "start": 2092.56,
    "end": 2092.9,
    "speaker": "老师",
    "text": "哦，"
  },
  {
    "start": 2092.9,
    "end": 2095.1,
    "speaker": "老师",
    "text": "我们知道这个是二十一，"
  },
  {
    "start": 2095.1,
    "end": 2096.3,
    "speaker": "老师",
    "text": "这个是一米，"
  },
  {
    "start": 2096.3,
    "end": 2099.36,
    "speaker": "老师",
    "text": "那么左边和右边的黄色长方形的长，"
  },
  {
    "start": 2099.58,
    "end": 2100.58,
    "speaker": "老师",
    "text": "我们能确定。"
  },
  {
    "start": 2100.58,
    "end": 2101.22,
    "speaker": "老师",
    "text": "对，"
  },
  {
    "start": 2101.24,
    "end": 2103.08,
    "speaker": "老师",
    "text": "我们是确定不了，"
  },
  {
    "start": 2103.08,
    "end": 2104.18,
    "speaker": "老师",
    "text": "那怎么办啊？"
  },
  {
    "start": 2104.56,
    "end": 2105.32,
    "speaker": "老师",
    "text": "老师，"
  },
  {
    "start": 2105.32,
    "end": 2107.78,
    "speaker": "老师",
    "text": "我知道有同学肯定会想到的，"
  },
  {
    "start": 2107.78,
    "end": 2109.6,
    "speaker": "老师",
    "text": "这里会可以用什么？"
  },
  {
    "start": 2109.6,
    "end": 2112.92,
    "speaker": "老师",
    "text": "用平移的方式将这些图形怎么样啊，"
  },
  {
    "start": 2112.92,
    "end": 2114.12,
    "speaker": "老师",
    "text": "移动到一块儿。"
  },
  {
    "start": 2114.24,
    "end": 2115.22,
    "speaker": "老师",
    "text": "对了，"
  },
  {
    "start": 2115.9,
    "end": 2116.34,
    "speaker": "老师",
    "text": "好，"
  },
  {
    "start": 2116.44,
    "end": 2118.34,
    "speaker": "老师",
    "text": "我们来试着来试一下。"
  },
  {
    "start": 2118.34,
    "end": 2118.89,
    "speaker": "老师",
    "text": "好，"
  },
  {
    "start": 2121.43,
    "end": 2122.32,
    "speaker": "老师",
    "text": "有的同学会想到把图形右边的图形移到什么左边，"
  },
  {
    "start": 2122.11,
    "end": 2122.32,
    "speaker": "老师",
    "text": "然后呢再把整个下面的整个的一部分移到上面哦，"
  },
  {
    "start": 2122.11,
    "end": 2122.32,
    "speaker": "老师",
    "text": "我们会发现这个时候它就组合成了一个什么形长方形。"
  },
  {
    "start": 2122.11,
    "end": 2122.32,
    "speaker": "老师",
    "text": "而对于这个长方形而言，"
  },
  {
    "start": 2122.11,
    "end": 2122.32,
    "speaker": "老师",
    "text": "它的长和宽我们能确定。"
  },
  {
    "start": 2122.11,
    "end": 2122.32,
    "speaker": "老师",
    "text": "很显然长我们可以理解为是什么二十一减去我们刚刚移动的什么一米，"
  },
  {
    "start": 2122.11,
    "end": 2122.32,
    "speaker": "老师",
    "text": "而它的宽在这个地方十五减去下面移动的这个宽一米，"
  },
  {
    "start": 2122.11,
    "end": 2122.32,
    "speaker": "老师",
    "text": "那我们可以得到上的宽是多少十四，"
  },
  {
    "start": 2122.11,
    "end": 2122.32,
    "speaker": "老师",
    "text": "那是不是很快就可以求出来呢？"
  },
  {
    "start": 2122.11,
    "end": 2122.32,
    "speaker": "老师",
    "text": "同样除了这种平移方式之外，"
  },
  {
    "start": 2122.11,
    "end": 2122.32,
    "speaker": "老师",
    "text": "还可以怎么平移呢？"
  },
  {
    "start": 2122.11,
    "end": 2122.32,
    "speaker": "老师",
    "text": "我们刚刚移动的是黄色区域，"
  },
  {
    "start": 2122.11,
    "end": 2122.32,
    "speaker": "老师",
    "text": "那么现在我们试着把白色区域也移动一下。"
  },
  {
    "start": 2122.11,
    "end": 2122.32,
    "speaker": "老师",
    "text": "好，"
  },
  {
    "start": 2122.11,
    "end": 2122.32,
    "speaker": "老师",
    "text": "我们把我们的我们的小道路，"
  },
  {
    "start": 2122.11,
    "end": 2122.32,
    "speaker": "老师",
    "text": "白色的道路分别往左和往右平。"
  },
  {
    "start": 2122.11,
    "end": 2122.32,
    "speaker": "老师",
    "text": "这个时候我们会发现哎，"
  },
  {
    "start": 2122.11,
    "end": 2122.32,
    "speaker": "老师",
    "text": "黄色的区域也跃染我们的屏幕之上。"
  },
  {
    "start": 2122.11,
    "end": 2122.32,
    "speaker": "老师",
    "text": "同样的道理，"
  },
  {
    "start": 2122.11,
    "end": 2122.32,
    "speaker": "老师",
    "text": "我们可以求出这一段宽是十五减一，"
  },
  {
    "start": 2122.11,
    "end": 2122.32,
    "speaker": "老师",
    "text": "这一段长是二十一减一。"
  },
  {
    "start": 2122.11,
    "end": 2122.32,
    "speaker": "老师",
    "text": "所以它们草地的面积是二百八十平方米，"
  },
  {
    "start": 2122.11,
    "end": 2122.32,
    "speaker": "老师",
    "text": "大家注意要记得写答哟。"
  },
  {
    "start": 2122.11,
    "end": 2122.32,
    "speaker": "老师",
    "text": "好，"
  },
  {
    "start": 2122.11,
    "end": 2122.32,
    "speaker": "老师",
    "text": "继续往下。"
  },
  {
    "start": 2122.11,
    "end": 2122.32,
    "speaker": "老师",
    "text": "我们来看到我们的辨识题，"
  },
  {
    "start": 2122.11,
    "end": 2122.32,
    "speaker": "老师",
    "text": "嗯，"
  },
  {
    "start": 2122.11,
    "end": 2122.32,
    "speaker": "老师",
    "text": "我们将刚才的小道从直道变成了什么道？"
  },
  {
    "start": 2122.11,
    "end": 2122.32,
    "speaker": "老师",
    "text": "对了，"
  },
  {
    "start": 2122.11,
    "end": 2122.32,
    "speaker": "老师",
    "text": "变成了弯道啊，"
  },
  {
    "start": 2122.11,
    "end": 2122.32,
    "speaker": "老师",
    "text": "变成了弯道。"
  },
  {
    "start": 2122.11,
    "end": 2122.32,
    "speaker": "老师",
    "text": "好，"
  },
  {
    "start": 2122.11,
    "end": 2122.32,
    "speaker": "老师",
    "text": "那么变成弯道之后，"
  },
  {
    "start": 2122.11,
    "end": 2122.32,
    "speaker": "老师",
    "text": "我们能不能求出长草部分的面积呢？"
  },
  {
    "start": 2122.11,
    "end": 2122.32,
    "speaker": "老师",
    "text": "我们试着用刚才的思路想一想，"
  },
  {
    "start": 2122.11,
    "end": 2122.32,
    "speaker": "老师",
    "text": "这一块部分能不能也平移到左侧呢？"
  },
  {
    "start": 2122.11,
    "end": 2122.32,
    "speaker": "老师",
    "text": "我们试一下哎也平移过去了，"
  },
  {
    "start": 2122.11,
    "end": 2122.32,
    "speaker": "老师",
    "text": "对不对？"
  },
  {
    "start": 2122.11,
    "end": 2122.32,
    "speaker": "老师",
    "text": "好，"
  },
  {
    "start": 2122.11,
    "end": 2122.32,
    "speaker": "老师",
    "text": "那么这个时候它就留下了一个一个规则的，"
  },
  {
    "start": 2122.11,
    "end": 2122.32,
    "speaker": "老师",
    "text": "对不对？"
  },
  {
    "start": 2122.11,
    "end": 2122.32,
    "speaker": "老师",
    "text": "留下了一个规则的长方形。"
  },
  {
    "start": 2122.11,
    "end": 2122.32,
    "speaker": "老师",
    "text": "而这个空白部分的长方形的宽为形一长为多少？"
  },
  {
    "start": 2122.11,
    "end": 2122.32,
    "speaker": "老师",
    "text": "十五，"
  },
  {
    "start": 2122.11,
    "end": 2122.32,
    "speaker": "老师",
    "text": "所以它的面积也很好求。"
  },
  {
    "start": 2122.11,
    "end": 2122.32,
    "speaker": "老师",
    "text": "那么就是有黄色部分的啊，"
  },
  {
    "start": 2122.11,
    "end": 2122.32,
    "speaker": "老师",
    "text": "黄色部分的二十一减一得到它的长为二十，"
  },
  {
    "start": 2122.11,
    "end": 2122.32,
    "speaker": "老师",
    "text": "宽不变是十五，"
  },
  {
    "start": 2122.11,
    "end": 2122.32,
    "speaker": "老师",
    "text": "所以长草部分的面积为三百平方米。"
  },
  {
    "start": 2122.11,
    "end": 2122.32,
    "speaker": "老师",
    "text": "好了，"
  },
  {
    "start": 2122.11,
    "end": 2122.32,
    "speaker": "老师",
    "text": "那么这节课的基本内容到这里，"
  },
  {
    "start": 2122.11,
    "end": 2122.32,
    "speaker": "老师",
    "text": "我们可以试着反思一下。"
  },
  {
    "start": 2122.11,
    "end": 2122.32,
    "speaker": "老师",
    "text": "好，"
  },
  {
    "start": 2122.11,
    "end": 2122.32,
    "speaker": "老师",
    "text": "那老师给大家总结一下，"
  },
  {
    "start": 2122.11,
    "end": 2122.32,
    "speaker": "老师",
    "text": "其实今天的内容主要是谈到图形变换当中的一个细小部分，"
  },
  {
    "start": 2122.11,
    "end": 2122.32,
    "speaker": "老师",
    "text": "是我们的平移变换。"
  },
  {
    "start": 2122.11,
    "end": 2122.32,
    "speaker": "老师",
    "text": "那从平移变换当中，"
  },
  {
    "start": 2122.11,
    "end": 2122.32,
    "speaker": "老师",
    "text": "我们主要谈到三个内容，"
  },
  {
    "start": 2122.11,
    "end": 2122.32,
    "speaker": "老师",
    "text": "定义、性质和作图。"
  },
  {
    "start": 2122.11,
    "end": 2122.32,
    "speaker": "老师",
    "text": "那么定义我们要强调的是，"
  },
  {
    "start": 2122.11,
    "end": 2122.32,
    "speaker": "老师",
    "text": "沿某个方向移动的一定的距离，"
  },
  {
    "start": 2122.11,
    "end": 2122.32,
    "speaker": "老师",
    "text": "就是它的两要素。"
  },
  {
    "start": 2122.11,
    "end": 2122.32,
    "speaker": "老师",
    "text": "而平移的距离，"
  },
  {
    "start": 2122.11,
    "end": 2122.32,
    "speaker": "老师",
    "text": "平移的性质包含了什么呢？"
  },
  {
    "start": 2122.11,
    "end": 2122.32,
    "speaker": "老师",
    "text": "对，"
  },
  {
    "start": 2122.11,
    "end": 2122.32,
    "speaker": "老师",
    "text": "包含了第一大点不改变图形的形状和大小，"
  },
  {
    "start": 2122.11,
    "end": 2122.32,
    "speaker": "老师",
    "text": "以及第二大点对应点对应线段和对应角之间的关系。"
  },
  {
    "start": 2122.11,
    "end": 2122.32,
    "speaker": "老师",
    "text": "最后我们还学习了平移作图，"
  },
  {
    "start": 2122.11,
    "end": 2122.32,
    "speaker": "老师",
    "text": "在这个作图当中，"
  },
  {
    "start": 2122.11,
    "end": 2122.32,
    "speaker": "老师",
    "text": "希望大家能够灵活运用。"
  },
  {
    "start": 2122.11,
    "end": 2122.32,
    "speaker": "老师",
    "text": "有的时候我们可以找点，"
  },
  {
    "start": 2122.11,
    "end": 2122.32,
    "speaker": "老师",
    "text": "有的时候可以找什么线段。"
  },
  {
    "start": 2122.11,
    "end": 2122.32,
    "speaker": "老师",
    "text": "好，"
  },
  {
    "start": 2122.11,
    "end": 2122.32,
    "speaker": "老师",
    "text": "那么这是老师给大家布置的作业。"
  },
  {
    "start": 2122.11,
    "end": 2122.32,
    "speaker": "老师",
    "text": "好，"
  },
  {
    "start": 2122.11,
    "end": 2122.32,
    "speaker": "老师",
    "text": "同学们再见。"
  }
]