[
  {
    "start": 3.98,
    "end": 11.41,
    "speaker": "老师",
    "text": "嗯，"
  },
  {
    "start": 11.41,
    "end": 12.53,
    "speaker": "老师",
    "text": "亲爱的同学们，"
  },
  {
    "start": 12.53,
    "end": 13.53,
    "speaker": "老师",
    "text": "你们好，"
  },
  {
    "start": 13.53,
    "end": 14.93,
    "speaker": "老师",
    "text": "我们又见面了。"
  },
  {
    "start": 14.93,
    "end": 16.83,
    "speaker": "老师",
    "text": "大家还记得我吗？"
  },
  {
    "start": 16.83,
    "end": 20.85,
    "speaker": "老师",
    "text": "我是来自江西农业大学附属中学的冷老师。"
  },
  {
    "start": 20.85,
    "end": 24.37,
    "speaker": "老师",
    "text": "看来啊同学们现在还没能回到校园，"
  },
  {
    "start": 24.37,
    "end": 25.49,
    "speaker": "老师",
    "text": "不过没关系，"
  },
  {
    "start": 25.49,
    "end": 29.24,
    "speaker": "老师",
    "text": "相信这一天很快就会到来的。"
  },
  {
    "start": 29.26,
    "end": 35.84,
    "speaker": "老师",
    "text": "那么今天老师将继续陪伴着大家一起来学习菱形的相关知识。"
  },
  {
    "start": 35.84,
    "end": 42.59,
    "speaker": "老师",
    "text": "首先让我们一起来回顾一下菱形的定义以及性质。"
  },
  {
    "start": 42.59,
    "end": 47.73,
    "speaker": "老师",
    "text": "我们知道有一组邻边相等的平行四边形，"
  },
  {
    "start": 47.73,
    "end": 48.87,
    "speaker": "老师",
    "text": "那就是菱形。"
  },
  {
    "start": 49.27,
    "end": 52.37,
    "speaker": "老师",
    "text": "菱形呢它是特殊的平行四边形，"
  },
  {
    "start": 52.37,
    "end": 56.19,
    "speaker": "老师",
    "text": "因此它具有平行四边形所有的性质，"
  },
  {
    "start": 56.59,
    "end": 61.99,
    "speaker": "老师",
    "text": "同时它还拥有一些自己的特殊性质。"
  },
  {
    "start": 61.99,
    "end": 62.83,
    "speaker": "老师",
    "text": "同学们，"
  },
  {
    "start": 62.83,
    "end": 70.09,
    "speaker": "老师",
    "text": "请看我们可以从边角对角线三个方面来总结菱形的性质。"
  },
  {
    "start": 70.15,
    "end": 75.02,
    "speaker": "老师",
    "text": "菱形的边两组对边平行，"
  },
  {
    "start": 75.1,
    "end": 81.26,
    "speaker": "老师",
    "text": "那么四条边呢是相等的那菱形的角呢哎对角相等，"
  },
  {
    "start": 81.28,
    "end": 82.4,
    "speaker": "老师",
    "text": "菱角互补。"
  },
  {
    "start": 82.66,
    "end": 85.7,
    "speaker": "老师",
    "text": "那菱形的对角线呢，"
  },
  {
    "start": 85.7,
    "end": 87.3,
    "speaker": "老师",
    "text": "菱形的对角线，"
  },
  {
    "start": 87.3,
    "end": 89.48,
    "speaker": "老师",
    "text": "它不仅互相平分，"
  },
  {
    "start": 90.19,
    "end": 91.71,
    "speaker": "老师",
    "text": "而且还是垂直的。"
  },
  {
    "start": 91.71,
    "end": 95.99,
    "speaker": "老师",
    "text": "同时呢还有每一条对角线平分一组对角。"
  },
  {
    "start": 96.01,
    "end": 98.81,
    "speaker": "老师",
    "text": "同学们不要忘了菱形，"
  },
  {
    "start": 98.81,
    "end": 100.75,
    "speaker": "老师",
    "text": "还有一个重要的性质，"
  },
  {
    "start": 101.23,
    "end": 104.89,
    "speaker": "老师",
    "text": "那就是它是轴对称图形。"
  },
  {
    "start": 104.89,
    "end": 108.65,
    "speaker": "老师",
    "text": "那么今天我们又将学习菱形的什么知识呢？"
  },
  {
    "start": 108.65,
    "end": 109.01,
    "speaker": "老师",
    "text": "没错，"
  },
  {
    "start": 109.01,
    "end": 113.31,
    "speaker": "老师",
    "text": "菱形的判定在学习平行四边形的时候啊，"
  },
  {
    "start": 113.31,
    "end": 118.15,
    "speaker": "老师",
    "text": "老师已经教给了大家对于一个图形的定义。"
  },
  {
    "start": 118.21,
    "end": 122.35,
    "speaker": "老师",
    "text": "我们应该辩证的既看到性质，"
  },
  {
    "start": 122.45,
    "end": 123.91,
    "speaker": "老师",
    "text": "又看到判定。"
  },
  {
    "start": 123.91,
    "end": 129.38,
    "speaker": "老师",
    "text": "所以菱形的第一条判定方法其实大家已经掌握了，"
  },
  {
    "start": 130.26,
    "end": 139.28,
    "speaker": "老师",
    "text": "那就是有一组邻边相等的平行四边形叫做菱形。"
  },
  {
    "start": 139.28,
    "end": 140.16,
    "speaker": "老师",
    "text": "好，"
  },
  {
    "start": 140.16,
    "end": 143.53,
    "speaker": "老师",
    "text": "我们用几何语言来表述它，"
  },
  {
    "start": 143.53,
    "end": 147.81,
    "speaker": "老师",
    "text": "就应该是因为四边形ABCD是平行四边形，"
  },
  {
    "start": 147.81,
    "end": 149.93,
    "speaker": "老师",
    "text": "AB等于AD."
  },
  {
    "start": 149.93,
    "end": 152.97,
    "speaker": "老师",
    "text": "所以四边形ABCD呢是菱形。"
  },
  {
    "start": 152.97,
    "end": 156.39,
    "speaker": "老师",
    "text": "那么菱形还有其他的判定方法吗？"
  },
  {
    "start": 156.49,
    "end": 161.95,
    "speaker": "老师",
    "text": "现在啊我们已经学习了平行四边形和矩形，"
  },
  {
    "start": 161.95,
    "end": 164.93,
    "speaker": "老师",
    "text": "大家一定已经积累了一些经验。"
  },
  {
    "start": 165.72,
    "end": 167.74,
    "speaker": "老师",
    "text": "对于一个图形的判定，"
  },
  {
    "start": 167.74,
    "end": 172.48,
    "speaker": "老师",
    "text": "我们呢可以从这个图形特殊的性质着手，"
  },
  {
    "start": 172.54,
    "end": 179.15,
    "speaker": "老师",
    "text": "从性质的命命题来探索图形的判定方法。"
  },
  {
    "start": 179.17,
    "end": 182.37,
    "speaker": "老师",
    "text": "那么今天我们也不例外。"
  },
  {
    "start": 182.45,
    "end": 188.19,
    "speaker": "老师",
    "text": "同学们请看菱形的特殊性质呢主要有这三条。"
  },
  {
    "start": 188.23,
    "end": 193.09,
    "speaker": "老师",
    "text": "首先我们先写出这三条性质的命命题，"
  },
  {
    "start": 193.09,
    "end": 198.6,
    "speaker": "老师",
    "text": "那就是四条边都相等的四边形是菱形，"
  },
  {
    "start": 198.78,
    "end": 202.04,
    "speaker": "老师",
    "text": "对角线互相垂直的四边形是菱形，"
  },
  {
    "start": 202.04,
    "end": 210.4,
    "speaker": "老师",
    "text": "以及每一条对角线平分一组对角的四边形是菱形。"
  },
  {
    "start": 210.4,
    "end": 215.46,
    "speaker": "老师",
    "text": "那么这三个命题真的可以用作菱形的判定吗？"
  },
  {
    "start": 215.48,
    "end": 215.9,
    "speaker": "老师",
    "text": "好，"
  },
  {
    "start": 215.92,
    "end": 220.5,
    "speaker": "老师",
    "text": "那么它们呢还要经过我们严密的几何论证。"
  },
  {
    "start": 220.5,
    "end": 225.66,
    "speaker": "老师",
    "text": "咱们呢一个一个来看四条边都相等的四边形，"
  },
  {
    "start": 226.49,
    "end": 235.05,
    "speaker": "老师",
    "text": "是菱形面对的这样的一个文字命题。"
  },
  {
    "start": 235.13,
    "end": 239.69,
    "speaker": "老师",
    "text": "那么我们需要证明它，"
  },
  {
    "start": 239.77,
    "end": 244.06,
    "speaker": "老师",
    "text": "首先呢就要将它转化为我们的数学语言。"
  },
  {
    "start": 244.06,
    "end": 244.47,
    "speaker": "老师",
    "text": "好，"
  },
  {
    "start": 245.15,
    "end": 245.97,
    "speaker": "老师",
    "text": "同学们，"
  },
  {
    "start": 245.97,
    "end": 246.49,
    "speaker": "老师",
    "text": "请看，"
  },
  {
    "start": 246.67,
    "end": 250.99,
    "speaker": "老师",
    "text": "我们要明确它的已知求证，"
  },
  {
    "start": 250.99,
    "end": 253.45,
    "speaker": "老师",
    "text": "并且啊画出图形来。"
  },
  {
    "start": 253.45,
    "end": 253.73,
    "speaker": "老师",
    "text": "如图，"
  },
  {
    "start": 253.73,
    "end": 266.85,
    "speaker": "老师",
    "text": "四边形ABCD当中AB等于BC等于CD等于AD求证四边形ABCD是菱形。"
  },
  {
    "start": 267.01,
    "end": 268.71,
    "speaker": "老师",
    "text": "同学们，"
  },
  {
    "start": 268.71,
    "end": 273.62,
    "speaker": "老师",
    "text": "你们现在知道几种菱形的判定方法呀，"
  },
  {
    "start": 273.7,
    "end": 274.24,
    "speaker": "老师",
    "text": "一种，"
  },
  {
    "start": 274.24,
    "end": 276.04,
    "speaker": "老师",
    "text": "那就是它的定义，"
  },
  {
    "start": 276.06,
    "end": 281.6,
    "speaker": "老师",
    "text": "一组邻边相等的平行四边形，"
  },
  {
    "start": 282.0,
    "end": 284.76,
    "speaker": "老师",
    "text": "那就是菱形好。"
  },
  {
    "start": 284.94,
    "end": 286.08,
    "speaker": "老师",
    "text": "同学们，"
  },
  {
    "start": 286.08,
    "end": 295.66,
    "speaker": "老师",
    "text": "我们看已知条件当中已经给了我们AB等于BC等于CD等于AD."
  },
  {
    "start": 295.66,
    "end": 299.07,
    "speaker": "老师",
    "text": "我们已经有了邻边相等，"
  },
  {
    "start": 299.07,
    "end": 302.33,
    "speaker": "老师",
    "text": "那么四边形ABCD它是平行四边形吗？"
  },
  {
    "start": 302.33,
    "end": 303.19,
    "speaker": "老师",
    "text": "没错，"
  },
  {
    "start": 303.19,
    "end": 310.43,
    "speaker": "老师",
    "text": "我们只需要将题目给我们的已知条件一分为二就可以得到AB,"
  },
  {
    "start": 311.05,
    "end": 315.27,
    "speaker": "老师",
    "text": "等于CDBC等于AD."
  },
  {
    "start": 315.27,
    "end": 324.04,
    "speaker": "老师",
    "text": "那么两组对边分别相等的四边形呢就是平行四边形，"
  },
  {
    "start": 324.04,
    "end": 326.12,
    "speaker": "老师",
    "text": "而又拥有一组邻边相等，"
  },
  {
    "start": 326.12,
    "end": 328.48,
    "speaker": "老师",
    "text": "因此四边形ABCD是菱形。"
  },
  {
    "start": 328.48,
    "end": 331.96,
    "speaker": "老师",
    "text": "那么经过刚才的几何证明呢，"
  },
  {
    "start": 331.96,
    "end": 337.44,
    "speaker": "老师",
    "text": "我们就又得到了一种关于菱形的判定方法。"
  },
  {
    "start": 337.44,
    "end": 341.76,
    "speaker": "老师",
    "text": "那就是四条边都相等的四边形是菱形，"
  },
  {
    "start": 341.76,
    "end": 344.02,
    "speaker": "老师",
    "text": "用几何语言来表述它。"
  },
  {
    "start": 344.02,
    "end": 348.66,
    "speaker": "老师",
    "text": "就应该是因为在四边形ABCD当中，"
  },
  {
    "start": 348.76,
    "end": 350.44,
    "speaker": "老师",
    "text": "AB等于BC,"
  },
  {
    "start": 350.86,
    "end": 353.86,
    "speaker": "老师",
    "text": "等于CD等于AD."
  },
  {
    "start": 353.86,
    "end": 356.68,
    "speaker": "老师",
    "text": "所以四边形ABCD是菱形。"
  },
  {
    "start": 356.68,
    "end": 361.72,
    "speaker": "老师",
    "text": "现在大家已经知道了两种菱形的判定方法了，"
  },
  {
    "start": 361.72,
    "end": 364.16,
    "speaker": "老师",
    "text": "大家掌握的如何呢？"
  },
  {
    "start": 364.18,
    "end": 367.68,
    "speaker": "老师",
    "text": "我们一起来看一看下列命题中正确的是。"
  },
  {
    "start": 367.68,
    "end": 367.94,
    "speaker": "老师",
    "text": "好，"
  },
  {
    "start": 367.94,
    "end": 378.24,
    "speaker": "老师",
    "text": "我们一个一个来看a一组邻边相等的四边形是菱形a这似乎是菱形的定义，"
  },
  {
    "start": 378.24,
    "end": 379.32,
    "speaker": "老师",
    "text": "真的是这样吗？"
  },
  {
    "start": 379.42,
    "end": 379.76,
    "speaker": "老师",
    "text": "哎，"
  },
  {
    "start": 379.76,
    "end": 382.56,
    "speaker": "老师",
    "text": "有同学已经发现了，"
  },
  {
    "start": 382.72,
    "end": 385.5,
    "speaker": "老师",
    "text": "这里的四边形应该为平行四边形，"
  },
  {
    "start": 385.94,
    "end": 388.98,
    "speaker": "老师",
    "text": "因此a选项错误。"
  },
  {
    "start": 388.98,
    "end": 389.34,
    "speaker": "老师",
    "text": "好，"
  },
  {
    "start": 389.36,
    "end": 393.74,
    "speaker": "老师",
    "text": "b选项三条边相等的四边形是菱形。"
  },
  {
    "start": 393.74,
    "end": 398.62,
    "speaker": "老师",
    "text": "刚才呢我们已经证明了四条边相等的四边形是菱形。"
  },
  {
    "start": 398.62,
    "end": 400.22,
    "speaker": "老师",
    "text": "那么三条边呢，"
  },
  {
    "start": 400.22,
    "end": 409.08,
    "speaker": "老师",
    "text": "显然这个命题啊我们非常容易可以找出它的反例来同学们请看图形。"
  },
  {
    "start": 409.58,
    "end": 410.5,
    "speaker": "老师",
    "text": "哎，"
  },
  {
    "start": 410.6,
    "end": 413.52,
    "speaker": "老师",
    "text": "如果说这三条边相等，"
  },
  {
    "start": 413.52,
    "end": 415.52,
    "speaker": "老师",
    "text": "那么这是菱形吗？"
  },
  {
    "start": 415.52,
    "end": 416.92,
    "speaker": "老师",
    "text": "显然不是，"
  },
  {
    "start": 416.92,
    "end": 440.55,
    "speaker": "老师",
    "text": "那么c选项三条边相等的四边形是菱形没有问题。"
  },
  {
    "start": 440.55,
    "end": 441.51,
    "speaker": "老师",
    "text": "哎，"
  },
  {
    "start": 441.51,
    "end": 447.73,
    "speaker": "老师",
    "text": "b选项四个角相等的四边形同学们是什么图形呢？"
  },
  {
    "start": 447.83,
    "end": 448.73,
    "speaker": "老师",
    "text": "没错，"
  },
  {
    "start": 448.75,
    "end": 449.75,
    "speaker": "老师",
    "text": "应该是矩形。"
  },
  {
    "start": 449.75,
    "end": 457.29,
    "speaker": "老师",
    "text": "所以啊这道题目我们应该选的是c看来大家已经会运用菱形的判定方法了。"
  },
  {
    "start": 457.29,
    "end": 461.72,
    "speaker": "老师",
    "text": "那么能不能运用菱形的判定来画一个菱形呢？"
  },
  {
    "start": 461.74,
    "end": 462.32,
    "speaker": "老师",
    "text": "同学们，"
  },
  {
    "start": 462.52,
    "end": 464.6,
    "speaker": "老师",
    "text": "请看已知线段AC,"
  },
  {
    "start": 464.66,
    "end": 471.96,
    "speaker": "老师",
    "text": "你能用尺规作图的方法做一个菱形ABCD吗？"
  },
  {
    "start": 471.96,
    "end": 476.5,
    "speaker": "老师",
    "text": "使AC为菱形的一条对角线。"
  },
  {
    "start": 476.58,
    "end": 477.1,
    "speaker": "老师",
    "text": "好，"
  },
  {
    "start": 477.12,
    "end": 480.46,
    "speaker": "老师",
    "text": "现在呀请大家拿出尺规来，"
  },
  {
    "start": 480.46,
    "end": 482.62,
    "speaker": "老师",
    "text": "自己先动手试一试。"
  },
  {
    "start": 482.78,
    "end": 483.52,
    "speaker": "老师",
    "text": "好了，"
  },
  {
    "start": 483.64,
    "end": 487.82,
    "speaker": "老师",
    "text": "同学们我们一起回到这道题目当中来。"
  },
  {
    "start": 487.82,
    "end": 492.39,
    "speaker": "老师",
    "text": "题目要求我们做一个菱形ABCD,"
  },
  {
    "start": 492.39,
    "end": 499.99,
    "speaker": "老师",
    "text": "那也就意味着这个菱形的四个顶点的位置应该是至关重要的。"
  },
  {
    "start": 499.99,
    "end": 508.66,
    "speaker": "老师",
    "text": "观察图形我们发现图形当中已经给我们规定了a和c的位置。"
  },
  {
    "start": 508.74,
    "end": 515.59,
    "speaker": "老师",
    "text": "那么另外两个顶点应该在哪里呢？"
  },
  {
    "start": 515.77,
    "end": 519.99,
    "speaker": "老师",
    "text": "根据菱形的性质，"
  },
  {
    "start": 519.99,
    "end": 526.55,
    "speaker": "老师",
    "text": "我们知道菱形的四条边都是相等的，"
  },
  {
    "start": 526.55,
    "end": 531.43,
    "speaker": "老师",
    "text": "也就意味着另外两个点到a和c的距离应该是相等的。"
  },
  {
    "start": 531.43,
    "end": 537.15,
    "speaker": "老师",
    "text": "同学们到线段两端距离相等的点应该在哪里呢？"
  },
  {
    "start": 537.15,
    "end": 537.51,
    "speaker": "老师",
    "text": "没错，"
  },
  {
    "start": 537.51,
    "end": 542.19,
    "speaker": "老师",
    "text": "应该在这条线段的垂直平分线上。"
  },
  {
    "start": 542.19,
    "end": 546.83,
    "speaker": "老师",
    "text": "因此啊我们可以仿照线段垂直平分线的画法来进行作图。"
  },
  {
    "start": 546.83,
    "end": 548.27,
    "speaker": "老师",
    "text": "大家请看，"
  },
  {
    "start": 548.27,
    "end": 551.25,
    "speaker": "老师",
    "text": "我们可以分别以AC为圆心，"
  },
  {
    "start": 551.31,
    "end": 556.51,
    "speaker": "老师",
    "text": "以大于二分之一AC的长为半径作弧。"
  },
  {
    "start": 556.53,
    "end": 557.41,
    "speaker": "老师",
    "text": "好，"
  },
  {
    "start": 557.41,
    "end": 558.51,
    "speaker": "老师",
    "text": "同学们，"
  },
  {
    "start": 558.51,
    "end": 560.69,
    "speaker": "老师",
    "text": "请看两弧呢会有两个交点，"
  },
  {
    "start": 560.69,
    "end": 566.17,
    "speaker": "老师",
    "text": "我们分别标记为b点和d点，"
  },
  {
    "start": 566.17,
    "end": 569.45,
    "speaker": "老师",
    "text": "之后再依次连接ABCD四个点。"
  },
  {
    "start": 569.91,
    "end": 574.45,
    "speaker": "老师",
    "text": "现在是不是有AB等于BC等于CD等于AD了呢？"
  },
  {
    "start": 574.45,
    "end": 574.75,
    "speaker": "老师",
    "text": "哎，"
  },
  {
    "start": 574.75,
    "end": 579.56,
    "speaker": "老师",
    "text": "四条边都相等的四边形是菱形。"
  },
  {
    "start": 579.62,
    "end": 580.04,
    "speaker": "老师",
    "text": "好了，"
  },
  {
    "start": 580.04,
    "end": 584.7,
    "speaker": "老师",
    "text": "那么现在我们已经知道两种判定方法了。"
  },
  {
    "start": 584.7,
    "end": 590.86,
    "speaker": "老师",
    "text": "接下来呀我们将对菱形的第二个性质的逆命题来进行验证。"
  },
  {
    "start": 590.9,
    "end": 592.46,
    "speaker": "老师",
    "text": "同学们看一看，"
  },
  {
    "start": 592.46,
    "end": 597.26,
    "speaker": "老师",
    "text": "好对角线互相垂直的四边形是菱形吗？"
  },
  {
    "start": 597.52,
    "end": 630.26,
    "speaker": "老师",
    "text": "有同学立马就反应过来了，"
  },
  {
    "start": 630.28,
    "end": 632.3,
    "speaker": "老师",
    "text": "老师不是这个命题啊，"
  },
  {
    "start": 632.3,
    "end": 633.38,
    "speaker": "老师",
    "text": "它是一个假命题，"
  },
  {
    "start": 633.44,
    "end": 634.4,
    "speaker": "老师",
    "text": "为什么呢？"
  },
  {
    "start": 634.5,
    "end": 637.9,
    "speaker": "老师",
    "text": "因为我们可以举出反例来，"
  },
  {
    "start": 637.98,
    "end": 645.52,
    "speaker": "老师",
    "text": "同学们请看我呢任意的画两条线段垂直之后啊，"
  },
  {
    "start": 645.52,
    "end": 651.6,
    "speaker": "老师",
    "text": "将这两条线段的四个顶点进行连接来，"
  },
  {
    "start": 651.74,
    "end": 656.18,
    "speaker": "老师",
    "text": "它呢满足对角线互相垂直的四边形。"
  },
  {
    "start": 656.18,
    "end": 660.43,
    "speaker": "老师",
    "text": "但是它是菱形吗？"
  },
  {
    "start": 660.43,
    "end": 661.33,
    "speaker": "老师",
    "text": "显然不是，"
  },
  {
    "start": 661.33,
    "end": 667.01,
    "speaker": "老师",
    "text": "那么是不是就意味着对角线互相垂直是不能进行菱形的判定？"
  },
  {
    "start": 667.01,
    "end": 669.27,
    "speaker": "老师",
    "text": "我们再进一步思考，"
  },
  {
    "start": 669.27,
    "end": 672.45,
    "speaker": "老师",
    "text": "同学们菱形它不仅是四边形，"
  },
  {
    "start": 672.45,
    "end": 675.61,
    "speaker": "老师",
    "text": "它还是平行四边形。"
  },
  {
    "start": 675.75,
    "end": 682.15,
    "speaker": "老师",
    "text": "因此啊我们这里把四边形的这个图形范围再一步缩小，"
  },
  {
    "start": 682.15,
    "end": 683.95,
    "speaker": "老师",
    "text": "把它变成对角线，"
  },
  {
    "start": 683.95,
    "end": 687.13,
    "speaker": "老师",
    "text": "互相垂直的平行四边形是菱形吗？"
  },
  {
    "start": 687.13,
    "end": 687.73,
    "speaker": "老师",
    "text": "好，"
  },
  {
    "start": 688.03,
    "end": 691.49,
    "speaker": "老师",
    "text": "现在呀请大家自己先进行证明。"
  },
  {
    "start": 691.49,
    "end": 691.85,
    "speaker": "老师",
    "text": "好了，"
  },
  {
    "start": 691.85,
    "end": 692.75,
    "speaker": "老师",
    "text": "同学们，"
  },
  {
    "start": 692.75,
    "end": 701.3,
    "speaker": "老师",
    "text": "我们再一起回到题目当中来面对这样的一个文字证明。"
  },
  {
    "start": 701.3,
    "end": 701.72,
    "speaker": "老师",
    "text": "没错，"
  },
  {
    "start": 701.72,
    "end": 706.32,
    "speaker": "老师",
    "text": "第一步将它转化为数学语言，"
  },
  {
    "start": 706.44,
    "end": 709.6,
    "speaker": "老师",
    "text": "明确已知求证以及画出图形来。"
  },
  {
    "start": 709.6,
    "end": 713.9,
    "speaker": "老师",
    "text": "如图四边形ABCD是平行四边形，"
  },
  {
    "start": 713.9,
    "end": 722.59,
    "speaker": "老师",
    "text": "对角线ACBD相交于点o并且呢还有AC垂直于BD."
  },
  {
    "start": 722.61,
    "end": 723.05,
    "speaker": "老师",
    "text": "好，"
  },
  {
    "start": 723.05,
    "end": 728.61,
    "speaker": "老师",
    "text": "我们将条件标上求证平行四边形ABCD是菱形。"
  },
  {
    "start": 728.61,
    "end": 729.33,
    "speaker": "老师",
    "text": "同学们，"
  },
  {
    "start": 729.51,
    "end": 748.49,
    "speaker": "老师",
    "text": "我们已经知道了两种的菱形判定，"
  },
  {
    "start": 748.49,
    "end": 749.35,
    "speaker": "老师",
    "text": "对不对？"
  },
  {
    "start": 749.35,
    "end": 749.89,
    "speaker": "老师",
    "text": "好，"
  },
  {
    "start": 749.89,
    "end": 754.05,
    "speaker": "老师",
    "text": "那么这道题目应该离哪一道判定更近一些呢？"
  },
  {
    "start": 754.05,
    "end": 754.45,
    "speaker": "老师",
    "text": "没错，"
  },
  {
    "start": 754.45,
    "end": 756.95,
    "speaker": "老师",
    "text": "应该是定义判定。"
  },
  {
    "start": 757.01,
    "end": 762.51,
    "speaker": "老师",
    "text": "因为题目已经给了我们四边形ABCD是平行四边形呢，"
  },
  {
    "start": 762.51,
    "end": 767.97,
    "speaker": "老师",
    "text": "因此我们只需要证明有一组邻边相等，"
  },
  {
    "start": 767.97,
    "end": 769.11,
    "speaker": "老师",
    "text": "那就可以了。"
  },
  {
    "start": 769.11,
    "end": 769.53,
    "speaker": "老师",
    "text": "好，"
  },
  {
    "start": 769.53,
    "end": 773.89,
    "speaker": "老师",
    "text": "我们再回到图形当中来看题目呢，"
  },
  {
    "start": 773.91,
    "end": 776.61,
    "speaker": "老师",
    "text": "给了我们对角线的相关的条件。"
  },
  {
    "start": 776.61,
    "end": 783.42,
    "speaker": "老师",
    "text": "而我们知道平行四边形的对角线会怎么样，"
  },
  {
    "start": 783.42,
    "end": 786.04,
    "speaker": "老师",
    "text": "互相平分，"
  },
  {
    "start": 786.04,
    "end": 790.64,
    "speaker": "老师",
    "text": "也就是OA和OC应该是相等的。"
  },
  {
    "start": 790.8,
    "end": 791.24,
    "speaker": "老师",
    "text": "哎，"
  },
  {
    "start": 791.3,
    "end": 801.17,
    "speaker": "老师",
    "text": "这个时候大家就发现了BD其实是AC的什么呢？"
  },
  {
    "start": 801.17,
    "end": 805.31,
    "speaker": "老师",
    "text": "垂直平分线刚才画图的时候呢，"
  },
  {
    "start": 805.31,
    "end": 807.15,
    "speaker": "老师",
    "text": "我们已经说了，"
  },
  {
    "start": 807.15,
    "end": 813.59,
    "speaker": "老师",
    "text": "垂直平分线上的点到线段两端的距离相等，"
  },
  {
    "start": 813.59,
    "end": 817.81,
    "speaker": "老师",
    "text": "因此啊就由AB等于BC."
  },
  {
    "start": 818.09,
    "end": 823.25,
    "speaker": "老师",
    "text": "这就不就有了一组邻边也相等吗？"
  },
  {
    "start": 823.33,
    "end": 828.11,
    "speaker": "老师",
    "text": "而一组邻边相等的平行四边形就是菱形啊。"
  },
  {
    "start": 828.11,
    "end": 828.45,
    "speaker": "老师",
    "text": "好，"
  },
  {
    "start": 828.45,
    "end": 832.85,
    "speaker": "老师",
    "text": "大家再一起来回顾一下整道题目的证明思路。"
  },
  {
    "start": 832.85,
    "end": 833.75,
    "speaker": "老师",
    "text": "好了，"
  },
  {
    "start": 840.28,
    "end": 842.26,
    "speaker": "老师",
    "text": "同学们经过刚才的证明呢，"
  },
  {
    "start": 842.26,
    "end": 845.18,
    "speaker": "老师",
    "text": "我们发现菱形判定的方法呀，"
  },
  {
    "start": 845.18,
    "end": 846.3,
    "speaker": "老师",
    "text": "我们又多了一条，"
  },
  {
    "start": 846.3,
    "end": 852.17,
    "speaker": "老师",
    "text": "那就是对角线互相垂直的平行四边形是菱形，"
  },
  {
    "start": 852.19,
    "end": 854.97,
    "speaker": "老师",
    "text": "把它转化为我们的几何语言，"
  },
  {
    "start": 854.97,
    "end": 886.76,
    "speaker": "老师",
    "text": "就应该是在平行四边形ABCD中AC垂直于BD,"
  },
  {
    "start": 886.76,
    "end": 889.88,
    "speaker": "老师",
    "text": "所以呢那就有平行四边形，"
  },
  {
    "start": 889.9,
    "end": 891.85,
    "speaker": "老师",
    "text": "ABCD是菱形。"
  },
  {
    "start": 892.77,
    "end": 898.85,
    "speaker": "老师",
    "text": "接下来呀我们到一道具体的题目当中，"
  },
  {
    "start": 899.25,
    "end": 903.75,
    "speaker": "老师",
    "text": "看看大家是否会运用。"
  },
  {
    "start": 903.91,
    "end": 906.79,
    "speaker": "老师",
    "text": "大家请看，"
  },
  {
    "start": 906.85,
    "end": 907.81,
    "speaker": "老师",
    "text": "如图，"
  },
  {
    "start": 907.81,
    "end": 916.35,
    "speaker": "老师",
    "text": "平行四边形ABCD的两条对角线ACBD相交于点o好，"
  },
  {
    "start": 916.39,
    "end": 918.15,
    "speaker": "老师",
    "text": "AB等于五，"
  },
  {
    "start": 918.15,
    "end": 921.13,
    "speaker": "老师",
    "text": "我们将线段标出AB等于五，"
  },
  {
    "start": 921.15,
    "end": 922.13,
    "speaker": "老师",
    "text": "OA等于四。"
  },
  {
    "start": 922.13,
    "end": 922.55,
    "speaker": "老师",
    "text": "好，"
  },
  {
    "start": 922.73,
    "end": 924.47,
    "speaker": "老师",
    "text": "OB呢等于三，"
  },
  {
    "start": 924.47,
    "end": 927.39,
    "speaker": "老师",
    "text": "求证四边形ABCD是菱形。"
  },
  {
    "start": 927.41,
    "end": 927.75,
    "speaker": "老师",
    "text": "哎，"
  },
  {
    "start": 927.75,
    "end": 932.74,
    "speaker": "老师",
    "text": "大家一下就发现了三四五为三角形的三条边，"
  },
  {
    "start": 932.88,
    "end": 935.02,
    "speaker": "老师",
    "text": "这是一组什么呢？"
  },
  {
    "start": 935.02,
    "end": 935.72,
    "speaker": "老师",
    "text": "勾股数，"
  },
  {
    "start": 935.8,
    "end": 942.3,
    "speaker": "老师",
    "text": "也就是说三角形OAB它应该是一个直角三角形。"
  },
  {
    "start": 942.4,
    "end": 948.22,
    "speaker": "老师",
    "text": "那么再根据对角线互相垂直的平行四边形是菱形，"
  },
  {
    "start": 948.32,
    "end": 952.88,
    "speaker": "老师",
    "text": "那么一下子我们就可以证明四边形ABCD呀，"
  },
  {
    "start": 952.88,
    "end": 954.44,
    "speaker": "老师",
    "text": "应该是菱形了。"
  },
  {
    "start": 954.44,
    "end": 954.68,
    "speaker": "老师",
    "text": "好，"
  },
  {
    "start": 954.68,
    "end": 960.2,
    "speaker": "老师",
    "text": "大家呢再一起来看一看整道题目的证明过程。"
  },
  {
    "start": 960.38,
    "end": 961.16,
    "speaker": "老师",
    "text": "好了，"
  },
  {
    "start": 961.38,
    "end": 963.24,
    "speaker": "老师",
    "text": "同学们，"
  },
  {
    "start": 963.24,
    "end": 969.96,
    "speaker": "老师",
    "text": "现在呀咱们还剩下第三个特殊性质的匿命题没有验证。"
  },
  {
    "start": 970.08,
    "end": 979.86,
    "speaker": "老师",
    "text": "我们一起来看一看每一条对角线平分一组对角的四边形是菱形吗？"
  },
  {
    "start": 979.86,
    "end": 983.68,
    "speaker": "老师",
    "text": "先请同学们呢自己进行证明吧。"
  },
  {
    "start": 983.86,
    "end": 984.86,
    "speaker": "老师",
    "text": "好了，"
  },
  {
    "start": 984.88,
    "end": 988.98,
    "speaker": "老师",
    "text": "同学们我们一起来看到这个题目。"
  },
  {
    "start": 988.98,
    "end": 989.54,
    "speaker": "老师",
    "text": "当然，"
  },
  {
    "start": 989.88,
    "end": 999.03,
    "speaker": "老师",
    "text": "首先第一步要写出我们的已知求证以及画出图形来。"
  },
  {
    "start": 999.03,
    "end": 1000.09,
    "speaker": "老师",
    "text": "已知如图，"
  },
  {
    "start": 1000.09,
    "end": 1004.29,
    "speaker": "老师",
    "text": "在四边形ABCD中，"
  },
  {
    "start": 1005.09,
    "end": 1006.41,
    "speaker": "老师",
    "text": "对角线AC,"
  },
  {
    "start": 1006.41,
    "end": 1008.47,
    "speaker": "老师",
    "text": "平分角BAD和角BCD,"
  },
  {
    "start": 1009.01,
    "end": 1012.83,
    "speaker": "老师",
    "text": "那BD呢平分角ABC和角ADC,"
  },
  {
    "start": 1012.83,
    "end": 1015.59,
    "speaker": "老师",
    "text": "求证四边形ABCD是菱形。"
  },
  {
    "start": 1015.59,
    "end": 1022.19,
    "speaker": "老师",
    "text": "我们发现这里呢其实给了我们两条线段平分了四个角。"
  },
  {
    "start": 1022.19,
    "end": 1025.45,
    "speaker": "老师",
    "text": "那么为了方便我们的讲解，"
  },
  {
    "start": 1025.45,
    "end": 1030.29,
    "speaker": "老师",
    "text": "我们用数字把评分之后的每个角表示出来，"
  },
  {
    "start": 1030.29,
    "end": 1037.32,
    "speaker": "老师",
    "text": "并且我们用相同的颜色来把相等的角表示出来。"
  },
  {
    "start": 1037.58,
    "end": 1040.14,
    "speaker": "老师",
    "text": "同学们请看，"
  },
  {
    "start": 1040.14,
    "end": 1051.16,
    "speaker": "老师",
    "text": "也就是现在有了角一等于角二角三等于角四角五等于角六以及角七等于角八。"
  },
  {
    "start": 1054.19,
    "end": 1061.71,
    "speaker": "老师",
    "text": "这四组相等的角对于我们证明菱形这中间好像并没有什么太大的联系。"
  },
  {
    "start": 1061.71,
    "end": 1073.03,
    "speaker": "老师",
    "text": "那么呀我们就走到这个角当中去看看这当中有没有可以让我们用的信息。"
  },
  {
    "start": 1073.19,
    "end": 1077.55,
    "speaker": "老师",
    "text": "同学们看一看角一等于角二角三等于角四。"
  },
  {
    "start": 1077.55,
    "end": 1077.85,
    "speaker": "老师",
    "text": "唉，"
  },
  {
    "start": 1077.85,
    "end": 1097.02,
    "speaker": "老师",
    "text": "我就发现了在三角形ABC和三角形ADC当中内角和为一百八十度，"
  },
  {
    "start": 1097.18,
    "end": 1099.84,
    "speaker": "老师",
    "text": "而且呢它有两个角是相等的，"
  },
  {
    "start": 1099.84,
    "end": 1106.91,
    "speaker": "老师",
    "text": "因此我们可以得到啊角ABC和角ADC应该是相等的，"
  },
  {
    "start": 1106.93,
    "end": 1111.94,
    "speaker": "老师",
    "text": "而BD呢又刚好是这两个角的平分线。"
  },
  {
    "start": 1111.94,
    "end": 1117.66,
    "speaker": "老师",
    "text": "所以有角五角六角七角八应该都是相等的那这个时候我们就发现，"
  },
  {
    "start": 1117.66,
    "end": 1120.94,
    "speaker": "老师",
    "text": "因为角五等于角七等角对等边，"
  },
  {
    "start": 1120.94,
    "end": 1123.88,
    "speaker": "老师",
    "text": "所以有AB等于AD."
  },
  {
    "start": 1123.9,
    "end": 1125.38,
    "speaker": "老师",
    "text": "同样的道理，"
  },
  {
    "start": 1125.38,
    "end": 1126.38,
    "speaker": "老师",
    "text": "角六等于角八，"
  },
  {
    "start": 1126.76,
    "end": 1129.98,
    "speaker": "老师",
    "text": "那就有BC等于CD."
  },
  {
    "start": 1129.98,
    "end": 1130.28,
    "speaker": "老师",
    "text": "好，"
  },
  {
    "start": 1130.28,
    "end": 1135.46,
    "speaker": "老师",
    "text": "那我们呢用不同的符号啊把它表示出来。"
  },
  {
    "start": 1135.64,
    "end": 1140.5,
    "speaker": "老师",
    "text": "现在呀我们是不是离菱形已经更进一步了呢？"
  },
  {
    "start": 1140.52,
    "end": 1145.54,
    "speaker": "老师",
    "text": "因为我们已经有两组邻边相等了呀。"
  },
  {
    "start": 1145.64,
    "end": 1148.8,
    "speaker": "老师",
    "text": "如果我能够证明AB等于BC,"
  },
  {
    "start": 1148.82,
    "end": 1152.02,
    "speaker": "老师",
    "text": "或者是证明AD等于CD,"
  },
  {
    "start": 1152.06,
    "end": 1154.82,
    "speaker": "老师",
    "text": "这不就有了四条边都相等了吗？"
  },
  {
    "start": 1154.82,
    "end": 1155.22,
    "speaker": "老师",
    "text": "好，"
  },
  {
    "start": 1155.22,
    "end": 1156.58,
    "speaker": "老师",
    "text": "如何去证呢？"
  },
  {
    "start": 1156.64,
    "end": 1165.36,
    "speaker": "老师",
    "text": "我们呢把刚才的方法再用一次角五等于角六角七等于角八。"
  },
  {
    "start": 1165.36,
    "end": 1170.08,
    "speaker": "老师",
    "text": "那么在三角形ABD和三角形CBD当中，"
  },
  {
    "start": 1170.08,
    "end": 1170.44,
    "speaker": "老师",
    "text": "哎，"
  },
  {
    "start": 1170.56,
    "end": 1172.06,
    "speaker": "老师",
    "text": "两组角相等，"
  },
  {
    "start": 1172.36,
    "end": 1175.4,
    "speaker": "老师",
    "text": "剩下的角BAD是不是就等于角BCD呢？"
  },
  {
    "start": 1175.4,
    "end": 1175.7,
    "speaker": "老师",
    "text": "好，"
  },
  {
    "start": 1175.7,
    "end": 1179.5,
    "speaker": "老师",
    "text": "我们呢用红色把它标识出来，"
  },
  {
    "start": 1179.5,
    "end": 1180.42,
    "speaker": "老师",
    "text": "这两个角相等，"
  },
  {
    "start": 1180.42,
    "end": 1186.44,
    "speaker": "老师",
    "text": "那也就意味这两个角的一半角一和角三也是相等的。"
  },
  {
    "start": 1186.88,
    "end": 1191.36,
    "speaker": "老师",
    "text": "那么等角对等边我们就可以得到AB,"
  },
  {
    "start": 1191.42,
    "end": 1192.06,
    "speaker": "老师",
    "text": "等于BC,"
  },
  {
    "start": 1192.06,
    "end": 1198.64,
    "speaker": "老师",
    "text": "从而呢可以得出这个四边形ABCD的四条边都是相等的了。"
  },
  {
    "start": 1198.64,
    "end": 1198.98,
    "speaker": "老师",
    "text": "好，"
  },
  {
    "start": 1198.98,
    "end": 1201.92,
    "speaker": "老师",
    "text": "那么这个图形是不是就是菱形了呀？"
  },
  {
    "start": 1201.92,
    "end": 1202.58,
    "speaker": "老师",
    "text": "同学们，"
  },
  {
    "start": 1202.7,
    "end": 1207.6,
    "speaker": "老师",
    "text": "我们再一起来完整的回顾一下这道题目的证明思路。"
  },
  {
    "start": 1207.6,
    "end": 1208.12,
    "speaker": "老师",
    "text": "好了，"
  },
  {
    "start": 1208.75,
    "end": 1211.69,
    "speaker": "老师",
    "text": "同学们经过刚才的证明呢，"
  },
  {
    "start": 1211.69,
    "end": 1216.55,
    "speaker": "老师",
    "text": "我们又得到了一种关于菱形的判定方法，"
  },
  {
    "start": 1216.55,
    "end": 1221.03,
    "speaker": "老师",
    "text": "那就是每一条对角线平分一组对小的四边形啊，"
  },
  {
    "start": 1221.03,
    "end": 1221.95,
    "speaker": "老师",
    "text": "就是菱形。"
  },
  {
    "start": 1222.07,
    "end": 1226.01,
    "speaker": "老师",
    "text": "其实呢菱形的判定方法呀还不止这些。"
  },
  {
    "start": 1226.19,
    "end": 1236.15,
    "speaker": "老师",
    "text": "比如说我们知道对角线互相垂直的平行四边形是菱形，"
  },
  {
    "start": 1236.15,
    "end": 1242.01,
    "speaker": "老师",
    "text": "而我们又知道对角线互相平分的四边形是平行四边形，"
  },
  {
    "start": 1242.01,
    "end": 1249.97,
    "speaker": "老师",
    "text": "那是不是我们也可以说对角线互相垂直且平分的四边形是菱形了呢？"
  },
  {
    "start": 1249.97,
    "end": 1258.07,
    "speaker": "老师",
    "text": "我们的课本呢对用的多的前面的这三种方法进行了概括，"
  },
  {
    "start": 1258.07,
    "end": 1261.71,
    "speaker": "老师",
    "text": "把它们呢叫做菱形的判定定理。"
  },
  {
    "start": 1262.07,
    "end": 1262.81,
    "speaker": "老师",
    "text": "当然，"
  },
  {
    "start": 1262.81,
    "end": 1267.23,
    "speaker": "老师",
    "text": "数学的学习呢不仅需要有虚心的态度，"
  },
  {
    "start": 1267.23,
    "end": 1269.89,
    "speaker": "老师",
    "text": "更加需要有批判的精神。"
  },
  {
    "start": 1270.37,
    "end": 1276.25,
    "speaker": "老师",
    "text": "老师相信课本呢并不会束缚同学们探究的步伐，"
  },
  {
    "start": 1276.25,
    "end": 1281.07,
    "speaker": "老师",
    "text": "你们一定可以找出更多关于菱形的判定方法。"
  },
  {
    "start": 1281.07,
    "end": 1287.64,
    "speaker": "老师",
    "text": "那么这里呢老师还是要提醒大家，"
  },
  {
    "start": 1287.66,
    "end": 1291.16,
    "speaker": "老师",
    "text": "我们菱形的判定方法呀，"
  },
  {
    "start": 1291.18,
    "end": 1293.52,
    "speaker": "老师",
    "text": "有的立足于平行四边形，"
  },
  {
    "start": 1293.56,
    "end": 1295.72,
    "speaker": "老师",
    "text": "而有的呢立足于四边形。"
  },
  {
    "start": 1295.72,
    "end": 1299.58,
    "speaker": "老师",
    "text": "那么在具体的运用过程当中，"
  },
  {
    "start": 1299.58,
    "end": 1302.1,
    "speaker": "老师",
    "text": "同学们一定要注意区分，"
  },
  {
    "start": 1302.22,
    "end": 1304.05,
    "speaker": "老师",
    "text": "避免混淆。"
  },
  {
    "start": 1304.05,
    "end": 1304.41,
    "speaker": "老师",
    "text": "好。"
  },
  {
    "start": 1304.43,
    "end": 1306.73,
    "speaker": "老师",
    "text": "现在菱形的判定，"
  },
  {
    "start": 1306.73,
    "end": 1308.47,
    "speaker": "老师",
    "text": "大家掌握的如何呢？"
  },
  {
    "start": 1308.47,
    "end": 1310.17,
    "speaker": "老师",
    "text": "我们一起来试一试吧。"
  },
  {
    "start": 1310.17,
    "end": 1344.98,
    "speaker": "老师",
    "text": "判断下列说法，"
  },
  {
    "start": 1344.98,
    "end": 1349.82,
    "speaker": "老师",
    "text": "正确的是第一个对角线互相垂直的四边形是菱形，"
  },
  {
    "start": 1349.82,
    "end": 1350.42,
    "speaker": "老师",
    "text": "对吗？"
  },
  {
    "start": 1350.44,
    "end": 1350.76,
    "speaker": "老师",
    "text": "哎，"
  },
  {
    "start": 1350.76,
    "end": 1352.62,
    "speaker": "老师",
    "text": "这个显然不对，"
  },
  {
    "start": 1352.62,
    "end": 1356.04,
    "speaker": "老师",
    "text": "刚才呢我们已经举出了反例。"
  },
  {
    "start": 1356.04,
    "end": 1356.32,
    "speaker": "老师",
    "text": "好，"
  },
  {
    "start": 1356.32,
    "end": 1361.01,
    "speaker": "老师",
    "text": "第二个对角线互相垂直平分的四边形是菱形，"
  },
  {
    "start": 1361.01,
    "end": 1362.75,
    "speaker": "老师",
    "text": "是不是正确的呢？"
  },
  {
    "start": 1362.75,
    "end": 1363.11,
    "speaker": "老师",
    "text": "没错，"
  },
  {
    "start": 1363.11,
    "end": 1367.13,
    "speaker": "老师",
    "text": "刚才呀老师已经提到过这个方法了，"
  },
  {
    "start": 1367.15,
    "end": 1370.29,
    "speaker": "老师",
    "text": "因此第二个应该是正确的。"
  },
  {
    "start": 1370.29,
    "end": 1372.27,
    "speaker": "老师",
    "text": "我们再来看一看，"
  },
  {
    "start": 1372.35,
    "end": 1374.55,
    "speaker": "老师",
    "text": "对角线互相垂直，"
  },
  {
    "start": 1374.63,
    "end": 1377.37,
    "speaker": "老师",
    "text": "且有一组邻边相等的四边形是菱形，"
  },
  {
    "start": 1377.37,
    "end": 1379.13,
    "speaker": "老师",
    "text": "这个命题是否正确呢？"
  },
  {
    "start": 1379.13,
    "end": 1381.19,
    "speaker": "老师",
    "text": "如果它正确，"
  },
  {
    "start": 1381.19,
    "end": 1382.99,
    "speaker": "老师",
    "text": "我们需要几何证明，"
  },
  {
    "start": 1382.99,
    "end": 1384.25,
    "speaker": "老师",
    "text": "如果它不正确，"
  },
  {
    "start": 1384.25,
    "end": 1385.25,
    "speaker": "老师",
    "text": "我们怎么办？"
  },
  {
    "start": 1385.25,
    "end": 1385.77,
    "speaker": "老师",
    "text": "哎，"
  },
  {
    "start": 1385.79,
    "end": 1387.85,
    "speaker": "老师",
    "text": "举一个反例就可以了。"
  },
  {
    "start": 1387.89,
    "end": 1392.39,
    "speaker": "老师",
    "text": "同学们请看老师呢画出线段老师的垂直平分线。"
  },
  {
    "start": 1392.49,
    "end": 1395.72,
    "speaker": "老师",
    "text": "Bd之后呢依次连接ABCD."
  },
  {
    "start": 1395.72,
    "end": 1395.96,
    "speaker": "老师",
    "text": "好，"
  },
  {
    "start": 1395.96,
    "end": 1401.13,
    "speaker": "老师",
    "text": "现在画出的这个图形是不是对角线互相垂直哎，"
  },
  {
    "start": 1401.39,
    "end": 1402.37,
    "speaker": "老师",
    "text": "垂直平分线，"
  },
  {
    "start": 1402.37,
    "end": 1405.73,
    "speaker": "老师",
    "text": "因此呢有AB等于BC,"
  },
  {
    "start": 1405.93,
    "end": 1409.31,
    "speaker": "老师",
    "text": "也就是有一组邻边相等，"
  },
  {
    "start": 1409.43,
    "end": 1410.63,
    "speaker": "老师",
    "text": "它是菱形吗？"
  },
  {
    "start": 1410.81,
    "end": 1411.79,
    "speaker": "老师",
    "text": "显然不是。"
  },
  {
    "start": 1411.79,
    "end": 1414.39,
    "speaker": "老师",
    "text": "因此这个命题错d呢，"
  },
  {
    "start": 1414.39,
    "end": 1417.39,
    "speaker": "老师",
    "text": "我们再来看最后一个两条邻边相等，"
  },
  {
    "start": 1417.61,
    "end": 1422.85,
    "speaker": "老师",
    "text": "且一条对角线平分一组对角的四边形是菱形，"
  },
  {
    "start": 1422.85,
    "end": 1424.99,
    "speaker": "老师",
    "text": "这个又是否正确呢？"
  },
  {
    "start": 1424.99,
    "end": 1429.67,
    "speaker": "老师",
    "text": "其实啊我们同样可以用这个图形来解释它。"
  },
  {
    "start": 1429.67,
    "end": 1430.99,
    "speaker": "老师",
    "text": "大家看一看，"
  },
  {
    "start": 1431.25,
    "end": 1434.63,
    "speaker": "老师",
    "text": "既然BD是AC的垂直平分线，"
  },
  {
    "start": 1434.63,
    "end": 1441.05,
    "speaker": "老师",
    "text": "那也就意味着BD所在的直线应该是整个图形的。"
  },
  {
    "start": 1441.25,
    "end": 1441.95,
    "speaker": "老师",
    "text": "什么呀？"
  },
  {
    "start": 1441.95,
    "end": 1444.13,
    "speaker": "老师",
    "text": "对称轴那不就有了，"
  },
  {
    "start": 1444.21,
    "end": 1444.91,
    "speaker": "老师",
    "text": "哎，"
  },
  {
    "start": 1445.72,
    "end": 1447.64,
    "speaker": "老师",
    "text": "这两个角相等，"
  },
  {
    "start": 1447.94,
    "end": 1450.32,
    "speaker": "老师",
    "text": "而这两个角呢相等吗？"
  },
  {
    "start": 1450.32,
    "end": 1450.6,
    "speaker": "老师",
    "text": "好，"
  },
  {
    "start": 1450.6,
    "end": 1458.27,
    "speaker": "老师",
    "text": "也就是满足我们命题当中的一组邻边相等，"
  },
  {
    "start": 1458.27,
    "end": 1463.07,
    "speaker": "老师",
    "text": "并且有一条对角线平分一组对角是菱形吗？"
  },
  {
    "start": 1463.07,
    "end": 1464.09,
    "speaker": "老师",
    "text": "显然不是菱形。"
  },
  {
    "start": 1464.11,
    "end": 1468.23,
    "speaker": "老师",
    "text": "因此啊最后一个命题也是错误的。"
  },
  {
    "start": 1468.59,
    "end": 1469.13,
    "speaker": "老师",
    "text": "好，"
  },
  {
    "start": 1469.13,
    "end": 1473.64,
    "speaker": "老师",
    "text": "接下来呢我们乘胜追击，"
  },
  {
    "start": 1473.72,
    "end": 1479.01,
    "speaker": "老师",
    "text": "同学们呢先自己完成一下这道题目，"
  },
  {
    "start": 1479.01,
    "end": 1480.23,
    "speaker": "老师",
    "text": "大家思自己思考。"
  },
  {
    "start": 1480.23,
    "end": 1480.59,
    "speaker": "老师",
    "text": "好了，"
  },
  {
    "start": 1480.59,
    "end": 1482.33,
    "speaker": "老师",
    "text": "同学们，"
  },
  {
    "start": 1482.33,
    "end": 1485.49,
    "speaker": "老师",
    "text": "我们一起啊来看一看这道题。"
  },
  {
    "start": 1485.49,
    "end": 1490.19,
    "speaker": "老师",
    "text": "一边长为九的平行四边形的两条，"
  },
  {
    "start": 1490.19,
    "end": 1510.68,
    "speaker": "老师",
    "text": "对角线的长分别为一十二和六倍的根号五。"
  },
  {
    "start": 1510.68,
    "end": 1514.62,
    "speaker": "老师",
    "text": "那么平行四边形的面积是什么呢？"
  },
  {
    "start": 1514.68,
    "end": 1514.96,
    "speaker": "老师",
    "text": "哎，"
  },
  {
    "start": 1514.96,
    "end": 1520.66,
    "speaker": "老师",
    "text": "我们发现这道题目并没有给我们图形，"
  },
  {
    "start": 1520.66,
    "end": 1521.64,
    "speaker": "老师",
    "text": "没关系，"
  },
  {
    "start": 1521.64,
    "end": 1525.18,
    "speaker": "老师",
    "text": "我们可以自己来画一个平行四边形来看。"
  },
  {
    "start": 1525.18,
    "end": 1530.2,
    "speaker": "老师",
    "text": "我呢画了一个平行四边形ABCD好再来，"
  },
  {
    "start": 1530.68,
    "end": 1534.85,
    "speaker": "老师",
    "text": "看看条件一边长为九。"
  },
  {
    "start": 1535.03,
    "end": 1535.51,
    "speaker": "老师",
    "text": "哎，"
  },
  {
    "start": 1535.61,
    "end": 1538.81,
    "speaker": "老师",
    "text": "平行四边形哪条边长为九呢？"
  },
  {
    "start": 1538.81,
    "end": 1541.25,
    "speaker": "老师",
    "text": "这个呀我们暂时不能确定，"
  },
  {
    "start": 1541.25,
    "end": 1544.61,
    "speaker": "老师",
    "text": "所以这个条件我们先放一放，"
  },
  {
    "start": 1544.67,
    "end": 1545.05,
    "speaker": "老师",
    "text": "好，"
  },
  {
    "start": 1545.05,
    "end": 1548.37,
    "speaker": "老师",
    "text": "对角线的长分别为一十二和六倍的根号五。"
  },
  {
    "start": 1548.37,
    "end": 1552.73,
    "speaker": "老师",
    "text": "这个我们知道平行四边形的对角线是互相平分的，"
  },
  {
    "start": 1552.73,
    "end": 1557.55,
    "speaker": "老师",
    "text": "因此啊我们可以在图上进行相应的标出。"
  },
  {
    "start": 1557.55,
    "end": 1562.91,
    "speaker": "老师",
    "text": "同学们请看好现在让我们求平行四边形的面积，"
  },
  {
    "start": 1562.91,
    "end": 1569.43,
    "speaker": "老师",
    "text": "同学们是不是已经在求底乘以高了呢？"
  },
  {
    "start": 1569.49,
    "end": 1570.09,
    "speaker": "老师",
    "text": "好，"
  },
  {
    "start": 1570.27,
    "end": 1572.54,
    "speaker": "老师",
    "text": "看到这道题目，"
  },
  {
    "start": 1572.54,
    "end": 1581.08,
    "speaker": "老师",
    "text": "我们发现呢无论边长九是AB等于九或者是AD等于九。"
  },
  {
    "start": 1581.1,
    "end": 1581.42,
    "speaker": "老师",
    "text": "好，"
  },
  {
    "start": 1581.42,
    "end": 1583.22,
    "speaker": "老师",
    "text": "我们标出来。"
  },
  {
    "start": 1583.88,
    "end": 1593.92,
    "speaker": "老师",
    "text": "无论是AD等于九或者是AB等于九。"
  },
  {
    "start": 1593.92,
    "end": 1598.28,
    "speaker": "老师",
    "text": "其实呢我们都可以得出一个一个什么呢？"
  },
  {
    "start": 1598.28,
    "end": 1602.92,
    "speaker": "老师",
    "text": "一个已知三条边边长的三角形。"
  },
  {
    "start": 1602.92,
    "end": 1606.89,
    "speaker": "老师",
    "text": "同学们看是不是这样，"
  },
  {
    "start": 1606.89,
    "end": 1614.9,
    "speaker": "老师",
    "text": "这个三角形或者是这个三角形都已知三条边的边长啊，"
  },
  {
    "start": 1614.9,
    "end": 1621.08,
    "speaker": "老师",
    "text": "那么再来看这三条边有怎样的数量关系呢？"
  },
  {
    "start": 1621.32,
    "end": 1621.91,
    "speaker": "老师",
    "text": "哎，"
  },
  {
    "start": 1624.43,
    "end": 1628.67,
    "speaker": "老师",
    "text": "熟练的同学可能就发现了他们呢符合勾股定理的逆定理。"
  },
  {
    "start": 1629.13,
    "end": 1677.42,
    "speaker": "老师",
    "text": "那么这个三角形它就是一个直角三角形，"
  },
  {
    "start": 1677.42,
    "end": 1683.28,
    "speaker": "老师",
    "text": "无论是三角形AOD或者是三角形AOB是直角三角形，"
  },
  {
    "start": 1683.28,
    "end": 1686.9,
    "speaker": "老师",
    "text": "我们都可以得到AC与BD是垂直的。"
  },
  {
    "start": 1686.92,
    "end": 1691.59,
    "speaker": "老师",
    "text": "那么对角线互相垂直的平行四边形是菱形。"
  },
  {
    "start": 1691.59,
    "end": 1708.51,
    "speaker": "老师",
    "text": "因此啊这个平行四边形的面积我们可以用对角线的积再除以二来计算得到，"
  },
  {
    "start": 1708.75,
    "end": 1712.61,
    "speaker": "老师",
    "text": "也就是三十六倍的根号五。"
  },
  {
    "start": 1712.63,
    "end": 1714.65,
    "speaker": "老师",
    "text": "同学们，"
  },
  {
    "start": 1714.83,
    "end": 1717.04,
    "speaker": "老师",
    "text": "你们算对了吗？"
  },
  {
    "start": 1717.04,
    "end": 1717.28,
    "speaker": "老师",
    "text": "好，"
  },
  {
    "start": 1717.28,
    "end": 1723.24,
    "speaker": "老师",
    "text": "接下来呀我们再来思考这样一个问题，"
  },
  {
    "start": 1723.26,
    "end": 1726.42,
    "speaker": "老师",
    "text": "把两张等宽的纸条交叉重叠，"
  },
  {
    "start": 1726.46,
    "end": 1733.41,
    "speaker": "老师",
    "text": "你能判断重叠部分ABCD的形状吗？"
  },
  {
    "start": 1733.43,
    "end": 1735.79,
    "speaker": "老师",
    "text": "先请大家自己思考一下。"
  },
  {
    "start": 1736.09,
    "end": 1737.41,
    "speaker": "老师",
    "text": "好了，"
  },
  {
    "start": 1737.41,
    "end": 1743.91,
    "speaker": "老师",
    "text": "同学们我们一起回到这道题目当中。"
  },
  {
    "start": 1743.97,
    "end": 1745.8,
    "speaker": "老师",
    "text": "来这里呢，"
  },
  {
    "start": 1745.8,
    "end": 1750.3,
    "speaker": "老师",
    "text": "题目给的我们等宽的纸条，"
  },
  {
    "start": 1750.38,
    "end": 1753.28,
    "speaker": "老师",
    "text": "其实啊是有两层含义。"
  },
  {
    "start": 1753.28,
    "end": 1758.06,
    "speaker": "老师",
    "text": "第一指的是每一张纸条，"
  },
  {
    "start": 1758.74,
    "end": 1767.48,
    "speaker": "老师",
    "text": "它内部应该是等宽的那也就意味着每一张纸条它的对边应该是什么关系呢？"
  },
  {
    "start": 1767.48,
    "end": 1767.84,
    "speaker": "老师",
    "text": "哎，"
  },
  {
    "start": 1768.1,
    "end": 1770.0,
    "speaker": "老师",
    "text": "平行的关系好。"
  },
  {
    "start": 1770.0,
    "end": 1770.58,
    "speaker": "老师",
    "text": "第二呢，"
  },
  {
    "start": 1770.58,
    "end": 1772.38,
    "speaker": "老师",
    "text": "指的是这两张纸条，"
  },
  {
    "start": 1772.5,
    "end": 1776.4,
    "speaker": "老师",
    "text": "它们的宽度应该是相等的。"
  },
  {
    "start": 1776.4,
    "end": 1779.52,
    "speaker": "老师",
    "text": "那么根据等宽的第一个含义，"
  },
  {
    "start": 1779.52,
    "end": 1782.62,
    "speaker": "老师",
    "text": "我们就可以知道了。"
  },
  {
    "start": 1782.62,
    "end": 1785.86,
    "speaker": "老师",
    "text": "两张都是对边平行的纸条，"
  },
  {
    "start": 1786.48,
    "end": 1790.76,
    "speaker": "老师",
    "text": "它们交叉重叠会形成一个什么图形呢？"
  },
  {
    "start": 1790.76,
    "end": 1791.54,
    "speaker": "老师",
    "text": "没错，"
  },
  {
    "start": 1791.56,
    "end": 1794.5,
    "speaker": "老师",
    "text": "这在平行四边形当中啊，"
  },
  {
    "start": 1794.5,
    "end": 1798.38,
    "speaker": "老师",
    "text": "我们就已经思考过这个问题，"
  },
  {
    "start": 1798.68,
    "end": 1803.85,
    "speaker": "老师",
    "text": "它应该是一个平行四边形。"
  },
  {
    "start": 1803.85,
    "end": 1804.91,
    "speaker": "老师",
    "text": "好之后呢，"
  },
  {
    "start": 1804.91,
    "end": 1814.25,
    "speaker": "老师",
    "text": "我们再来把两张纸条的宽度在图中进行标出。"
  },
  {
    "start": 1814.25,
    "end": 1821.78,
    "speaker": "老师",
    "text": "我们可以啊过点a做BC和CD的垂线，"
  },
  {
    "start": 1821.86,
    "end": 1823.64,
    "speaker": "老师",
    "text": "分别垂足标为e和f."
  },
  {
    "start": 1823.64,
    "end": 1825.12,
    "speaker": "老师",
    "text": "这个时候呢，"
  },
  {
    "start": 1825.32,
    "end": 1829.26,
    "speaker": "老师",
    "text": "我们就发现AE和AF应该是相等的。"
  },
  {
    "start": 1829.26,
    "end": 1837.22,
    "speaker": "老师",
    "text": "而四边形ABCD是什么图形平行四边形，"
  },
  {
    "start": 1837.3,
    "end": 1843.62,
    "speaker": "老师",
    "text": "因此有对角ABC等于角ADC."
  },
  {
    "start": 1843.62,
    "end": 1848.84,
    "speaker": "老师",
    "text": "另外呢我们还有两个直角，"
  },
  {
    "start": 1848.84,
    "end": 1853.97,
    "speaker": "老师",
    "text": "同学们看在这两个三角形当中角角边，"
  },
  {
    "start": 1853.97,
    "end": 1854.21,
    "speaker": "老师",
    "text": "哎，"
  },
  {
    "start": 1854.21,
    "end": 1859.89,
    "speaker": "老师",
    "text": "我们就可以判断三角形ABE全等于三角形ADF,"
  },
  {
    "start": 1859.89,
    "end": 1864.37,
    "speaker": "老师",
    "text": "从而可以得出对应边AB等于AD."
  },
  {
    "start": 1864.37,
    "end": 1867.89,
    "speaker": "老师",
    "text": "而平行四边形的一组邻边相等，"
  },
  {
    "start": 1867.89,
    "end": 1874.56,
    "speaker": "老师",
    "text": "那么这个平行四边形是没错，"
  },
  {
    "start": 1874.94,
    "end": 1876.08,
    "speaker": "老师",
    "text": "菱形。"
  },
  {
    "start": 1876.28,
    "end": 1881.85,
    "speaker": "老师",
    "text": "因此啊四边形ABCD它应该是菱形。"
  },
  {
    "start": 1881.91,
    "end": 1882.45,
    "speaker": "老师",
    "text": "好了，"
  },
  {
    "start": 1882.45,
    "end": 1888.35,
    "speaker": "老师",
    "text": "同学们最后啊我们再来看一个难度稍微大一点的题目，"
  },
  {
    "start": 1888.35,
    "end": 1890.97,
    "speaker": "老师",
    "text": "先请同学们自己思考完成。"
  },
  {
    "start": 1891.05,
    "end": 1891.63,
    "speaker": "老师",
    "text": "好了，"
  },
  {
    "start": 1891.63,
    "end": 1897.86,
    "speaker": "老师",
    "text": "同学们我们知道对于一个几何证明题呢，"
  },
  {
    "start": 1897.86,
    "end": 1901.5,
    "speaker": "老师",
    "text": "我们要么从已知条件入手，"
  },
  {
    "start": 1901.5,
    "end": 1903.4,
    "speaker": "老师",
    "text": "要么从结论入手，"
  },
  {
    "start": 1903.4,
    "end": 1908.87,
    "speaker": "老师",
    "text": "要么呢把这两者啊往中间凑一凑。"
  },
  {
    "start": 1908.87,
    "end": 1912.95,
    "speaker": "老师",
    "text": "那么首先我们先来看这道题目的条件。"
  },
  {
    "start": 1912.95,
    "end": 1922.21,
    "speaker": "老师",
    "text": "如图三角形ABC中AC的垂直平分线MN交AB于点d交AC于点OCE,"
  },
  {
    "start": 1922.21,
    "end": 1927.33,
    "speaker": "老师",
    "text": "平行于AB交MN于点e之后呢再连接AE和CD."
  },
  {
    "start": 1927.49,
    "end": 1930.87,
    "speaker": "老师",
    "text": "求证四边形ADCE是菱形。"
  },
  {
    "start": 1930.87,
    "end": 1931.35,
    "speaker": "老师",
    "text": "好，"
  },
  {
    "start": 1931.35,
    "end": 1937.51,
    "speaker": "老师",
    "text": "我们再来看一看条件给了我们MN是AC的垂直平分线，"
  },
  {
    "start": 1937.51,
    "end": 1941.93,
    "speaker": "老师",
    "text": "因此我们可以得到MN和AC应该是垂直的关系。"
  },
  {
    "start": 1941.93,
    "end": 1943.05,
    "speaker": "老师",
    "text": "不仅如此，"
  },
  {
    "start": 1943.09,
    "end": 1948.33,
    "speaker": "老师",
    "text": "还有OA等于OC再来回到图形当中。"
  },
  {
    "start": 1948.33,
    "end": 1955.71,
    "speaker": "老师",
    "text": "我们发现呢哎AC和DE刚好是我们要求证的四边形ADCE的对角线。"
  },
  {
    "start": 1955.81,
    "end": 1962.23,
    "speaker": "老师",
    "text": "而我们知道对角线互相垂直的平行四边形，"
  },
  {
    "start": 1962.23,
    "end": 1963.75,
    "speaker": "老师",
    "text": "那就是菱形了。"
  },
  {
    "start": 1963.79,
    "end": 1967.67,
    "speaker": "老师",
    "text": "那么ABCE是不是平行四边形呢？"
  },
  {
    "start": 1967.95,
    "end": 1968.99,
    "speaker": "老师",
    "text": "我们再来看，"
  },
  {
    "start": 1968.99,
    "end": 1973.45,
    "speaker": "老师",
    "text": "如果要证明ADCE是平行四边形，"
  },
  {
    "start": 1973.47,
    "end": 1975.57,
    "speaker": "老师",
    "text": "我们可以从边入手，"
  },
  {
    "start": 1975.57,
    "end": 1976.99,
    "speaker": "老师",
    "text": "可以从角入手，"
  },
  {
    "start": 1976.99,
    "end": 1982.5,
    "speaker": "老师",
    "text": "还可以从对角线入手来回到图形当中。"
  },
  {
    "start": 1982.5,
    "end": 1985.72,
    "speaker": "老师",
    "text": "不是已经给了我们OA等于OC吗？"
  },
  {
    "start": 1985.72,
    "end": 1988.76,
    "speaker": "老师",
    "text": "也就是说o点已经平分了一条对角线。"
  },
  {
    "start": 1988.76,
    "end": 1992.61,
    "speaker": "老师",
    "text": "如果我们再证明OD和OE相等，"
  },
  {
    "start": 1992.61,
    "end": 1995.53,
    "speaker": "老师",
    "text": "这不就是对角线互相平分了吗？"
  },
  {
    "start": 1995.53,
    "end": 1995.79,
    "speaker": "老师",
    "text": "好，"
  },
  {
    "start": 1995.79,
    "end": 1998.15,
    "speaker": "老师",
    "text": "再来看题目当中的条件，"
  },
  {
    "start": 1998.15,
    "end": 2000.63,
    "speaker": "老师",
    "text": "给了我们CE平行于AB."
  },
  {
    "start": 2000.65,
    "end": 2001.01,
    "speaker": "老师",
    "text": "好，"
  },
  {
    "start": 2001.17,
    "end": 2006.6,
    "speaker": "老师",
    "text": "我们把它标上CE平行于AB有了平行，"
  },
  {
    "start": 2006.6,
    "end": 2007.66,
    "speaker": "老师",
    "text": "那就有没错，"
  },
  {
    "start": 2007.84,
    "end": 2009.56,
    "speaker": "老师",
    "text": "角相等内错角相等。"
  },
  {
    "start": 2009.2,
    "end": 2009.56,
    "speaker": "老师",
    "text": "哎，"
  },
  {
    "start": 2009.2,
    "end": 2009.56,
    "speaker": "老师",
    "text": "这个时候我就发现了，"
  },
  {
    "start": 2009.2,
    "end": 2009.56,
    "speaker": "老师",
    "text": "在三角形ADO和三角形CEO当中有分别有两个直角，"
  },
  {
    "start": 2009.2,
    "end": 2009.56,
    "speaker": "老师",
    "text": "同时呢这里还有一组角相等，"
  },
  {
    "start": 2009.2,
    "end": 2009.56,
    "speaker": "老师",
    "text": "还有呢哎这一条边是相等的。"
  },
  {
    "start": 2009.2,
    "end": 2009.56,
    "speaker": "老师",
    "text": "因此这两个三角形应该是全等的关系，"
  },
  {
    "start": 2009.2,
    "end": 2009.56,
    "speaker": "老师",
    "text": "三角形全等，"
  },
  {
    "start": 2009.2,
    "end": 2009.56,
    "speaker": "老师",
    "text": "从而我们就可以得到对应边OD等于OE."
  },
  {
    "start": 2009.2,
    "end": 2009.56,
    "speaker": "老师",
    "text": "这个时候就有对角线互相平分，"
  },
  {
    "start": 2009.2,
    "end": 2009.56,
    "speaker": "老师",
    "text": "好四边形ABCE是平行四边形，"
  },
  {
    "start": 2009.2,
    "end": 2009.56,
    "speaker": "老师",
    "text": "而对角线又垂直，"
  },
  {
    "start": 2009.2,
    "end": 2009.56,
    "speaker": "老师",
    "text": "所以四边形ABCE应该是什么呢？"
  },
  {
    "start": 2009.2,
    "end": 2009.56,
    "speaker": "老师",
    "text": "菱形。"
  },
  {
    "start": 2009.2,
    "end": 2009.56,
    "speaker": "老师",
    "text": "好，"
  },
  {
    "start": 2009.2,
    "end": 2009.56,
    "speaker": "老师",
    "text": "那么对于这道题目，"
  },
  {
    "start": 2009.2,
    "end": 2009.56,
    "speaker": "老师",
    "text": "我们知道平行四边形啊其实有很多证明的方法来看。"
  },
  {
    "start": 2009.2,
    "end": 2009.56,
    "speaker": "老师",
    "text": "刚才我们在证明三角形ADO和三角形CEO全等的时候，"
  },
  {
    "start": 2009.2,
    "end": 2009.56,
    "speaker": "老师",
    "text": "如果我不用OD等于OE,"
  },
  {
    "start": 2009.2,
    "end": 2009.56,
    "speaker": "老师",
    "text": "而我用的是AD等于CE,"
  },
  {
    "start": 2009.2,
    "end": 2009.56,
    "speaker": "老师",
    "text": "是不是有一组对边平行且相等的四边形也是平行四边形呢？"
  },
  {
    "start": 2009.2,
    "end": 2009.56,
    "speaker": "老师",
    "text": "因此啊这道题目的证明方法其实很多。"
  },
  {
    "start": 2009.2,
    "end": 2009.56,
    "speaker": "老师",
    "text": "除此之外呢我们还可以用一组邻边相等的平行四边形来证明它是菱形。"
  },
  {
    "start": 2009.2,
    "end": 2009.56,
    "speaker": "老师",
    "text": "另外还可以用四条边相等的四边形来证明它是菱形。"
  },
  {
    "start": 2009.2,
    "end": 2009.56,
    "speaker": "老师",
    "text": "那么其他的方法呀就留着同学们课后自己去思考完成老师这里啊列出了这这道题目的，"
  },
  {
    "start": 2009.2,
    "end": 2009.56,
    "speaker": "老师",
    "text": "其中一种解题思路，"
  },
  {
    "start": 2009.2,
    "end": 2009.56,
    "speaker": "老师",
    "text": "同学们呢可以参考一下。"
  },
  {
    "start": 2009.2,
    "end": 2009.56,
    "speaker": "老师",
    "text": "好了，"
  },
  {
    "start": 2009.2,
    "end": 2009.56,
    "speaker": "老师",
    "text": "时间过得真快，"
  },
  {
    "start": 2009.2,
    "end": 2009.56,
    "speaker": "老师",
    "text": "我们这节课呢又已经接近尾声了。"
  },
  {
    "start": 2009.2,
    "end": 2009.56,
    "speaker": "老师",
    "text": "到了课程的最后，"
  },
  {
    "start": 2009.2,
    "end": 2009.56,
    "speaker": "老师",
    "text": "我们还是要来一起反思，"
  },
  {
    "start": 2009.2,
    "end": 2009.56,
    "speaker": "老师",
    "text": "总结一下，"
  },
  {
    "start": 2009.2,
    "end": 2009.56,
    "speaker": "老师",
    "text": "这节课我们都学了什么呢？"
  },
  {
    "start": 2009.2,
    "end": 2009.56,
    "speaker": "老师",
    "text": "这节课呢其实啊我们主要对菱形的判定方法进行了研究总结，"
  },
  {
    "start": 2009.2,
    "end": 2009.56,
    "speaker": "老师",
    "text": "得到了菱形的判定定理。"
  },
  {
    "start": 2009.2,
    "end": 2009.56,
    "speaker": "老师",
    "text": "那么同学们在运用的时候，"
  },
  {
    "start": 2009.2,
    "end": 2009.56,
    "speaker": "老师",
    "text": "一定要注意区分，"
  },
  {
    "start": 2009.2,
    "end": 2009.56,
    "speaker": "老师",
    "text": "到底是立足于平行四边形还是立足于四边形好了。"
  },
  {
    "start": 2009.2,
    "end": 2009.56,
    "speaker": "老师",
    "text": "那么对于今天的学习，"
  },
  {
    "start": 2009.2,
    "end": 2009.56,
    "speaker": "老师",
    "text": "同学们又有哪些数学感悟呢？"
  },
  {
    "start": 2009.2,
    "end": 2009.56,
    "speaker": "老师",
    "text": "其实我们今天的学习完全是类比了之前学习平行四边形以及矩形的方法，"
  },
  {
    "start": 2009.2,
    "end": 2009.56,
    "speaker": "老师",
    "text": "对菱形的判定进行了类比学习。"
  },
  {
    "start": 2009.2,
    "end": 2009.56,
    "speaker": "老师",
    "text": "不仅如此啊，"
  },
  {
    "start": 2009.2,
    "end": 2009.56,
    "speaker": "老师",
    "text": "老师还想告诉大家，"
  },
  {
    "start": 2009.2,
    "end": 2009.56,
    "speaker": "老师",
    "text": "在我们的学习当中，"
  },
  {
    "start": 2009.2,
    "end": 2009.56,
    "speaker": "老师",
    "text": "不仅呢要有虚心的态度，"
  },
  {
    "start": 2009.2,
    "end": 2009.56,
    "speaker": "老师",
    "text": "更要有批判的精神，"
  },
  {
    "start": 2009.2,
    "end": 2009.56,
    "speaker": "老师",
    "text": "这样才能让你们在学习的道路上走得更宽更远。"
  },
  {
    "start": 2009.2,
    "end": 2009.56,
    "speaker": "老师",
    "text": "那么对于今天的学习，"
  },
  {
    "start": 2009.2,
    "end": 2009.56,
    "speaker": "老师",
    "text": "同学们还有哪些质疑和发现吗？"
  },
  {
    "start": 2009.2,
    "end": 2009.56,
    "speaker": "老师",
    "text": "屏幕的下方有老师的邮箱，"
  },
  {
    "start": 2009.2,
    "end": 2009.56,
    "speaker": "老师",
    "text": "欢迎大家呀以邮件的方式来与老师交流。"
  },
  {
    "start": 2009.2,
    "end": 2009.56,
    "speaker": "老师",
    "text": "那么学习啊不仅仅发生在课堂课后的作业，"
  },
  {
    "start": 2009.2,
    "end": 2009.56,
    "speaker": "老师",
    "text": "便是学习的延续与深化。"
  },
  {
    "start": 2009.2,
    "end": 2009.56,
    "speaker": "老师",
    "text": "这是老师为大家布置的今天的课后作业，"
  },
  {
    "start": 2009.2,
    "end": 2009.56,
    "speaker": "老师",
    "text": "请大家认真自主的完成它。"
  },
  {
    "start": 2009.2,
    "end": 2009.56,
    "speaker": "老师",
    "text": "好了，"
  },
  {
    "start": 2009.2,
    "end": 2009.56,
    "speaker": "老师",
    "text": "同学们这节课呢我们就上到这里，"
  },
  {
    "start": 2009.2,
    "end": 2009.56,
    "speaker": "老师",
    "text": "我们下节课再见。"
  }
]