[
  {
    "start": 9.14,
    "end": 10.62,
    "speaker": "老师",
    "text": "亲爱的同学们，"
  },
  {
    "start": 10.62,
    "end": 11.88,
    "speaker": "老师",
    "text": "你们好，"
  },
  {
    "start": 11.88,
    "end": 13.82,
    "speaker": "老师",
    "text": "我们又见面了。"
  },
  {
    "start": 13.82,
    "end": 18.02,
    "speaker": "老师",
    "text": "我是南昌市滨江学校的张老师。"
  },
  {
    "start": 18.02,
    "end": 23.14,
    "speaker": "老师",
    "text": "今天我们将继续学习第二十章数据的分析，"
  },
  {
    "start": 23.14,
    "end": 29.0,
    "speaker": "老师",
    "text": "第一节数据的集中趋势平均数第三课时，"
  },
  {
    "start": 29.0,
    "end": 31.26,
    "speaker": "老师",
    "text": "在之前的学习中，"
  },
  {
    "start": 31.38,
    "end": 35.6,
    "speaker": "老师",
    "text": "我们已经知道了如何去计算平均数。"
  },
  {
    "start": 35.6,
    "end": 42.44,
    "speaker": "老师",
    "text": "那么我们学习了三种方式，"
  },
  {
    "start": 42.54,
    "end": 45.12,
    "speaker": "老师",
    "text": "第一种x一x二XN,"
  },
  {
    "start": 45.28,
    "end": 53.04,
    "speaker": "老师",
    "text": "这n个数的平均数x八会等于这n个数之和，"
  },
  {
    "start": 53.08,
    "end": 75.24,
    "speaker": "老师",
    "text": "即x一加x二加XN除以总个数n我们又学习了第二种计算平均数的方式一样有n个数x一x二XN,"
  },
  {
    "start": 75.24,
    "end": 81.24,
    "speaker": "老师",
    "text": "它们相应的权分别为w一、w二WN."
  },
  {
    "start": 81.5,
    "end": 98.05,
    "speaker": "老师",
    "text": "那么这些数的平均数x八就等于x一乘w一加上x二乘w二加上XN,"
  },
  {
    "start": 98.07,
    "end": 105.84,
    "speaker": "老师",
    "text": "乘WN除以全总和w一加w二加WN."
  },
  {
    "start": 105.84,
    "end": 114.51,
    "speaker": "老师",
    "text": "接着我们又学习了第三种计算平均数的公式。"
  },
  {
    "start": 114.51,
    "end": 120.77,
    "speaker": "老师",
    "text": "X一出现了f一次x二出现了f二次XN,"
  },
  {
    "start": 120.77,
    "end": 122.85,
    "speaker": "老师",
    "text": "出现了FN次。"
  },
  {
    "start": 122.97,
    "end": 134.74,
    "speaker": "老师",
    "text": "那么这些数的平均数x八就等于x一乘上出现的次数，"
  },
  {
    "start": 134.96,
    "end": 152.3,
    "speaker": "老师",
    "text": "也就是平数f一加上x二乘上f二加上一直加到XN乘上FN除以平数的总和，"
  },
  {
    "start": 152.3,
    "end": 154.96,
    "speaker": "老师",
    "text": "即f一加f二加FN."
  },
  {
    "start": 154.96,
    "end": 160.38,
    "speaker": "老师",
    "text": "那么这三个计算平均数的公式，"
  },
  {
    "start": 160.38,
    "end": 162.52,
    "speaker": "老师",
    "text": "它们有着内在的联系。"
  },
  {
    "start": 163.08,
    "end": 167.42,
    "speaker": "老师",
    "text": "当第二个公式当中的全w相等时，"
  },
  {
    "start": 167.56,
    "end": 172.13,
    "speaker": "老师",
    "text": "它就变成了第一个公式。"
  },
  {
    "start": 172.13,
    "end": 177.13,
    "speaker": "老师",
    "text": "而第二个公式和第三个公式中，"
  },
  {
    "start": 177.13,
    "end": 182.11,
    "speaker": "老师",
    "text": "第二个公式的w是指权重，"
  },
  {
    "start": 182.35,
    "end": 185.91,
    "speaker": "老师",
    "text": "它的形式有百分比或者是比例。"
  },
  {
    "start": 185.91,
    "end": 189.99,
    "speaker": "老师",
    "text": "而第三个式子当中，"
  },
  {
    "start": 189.99,
    "end": 197.32,
    "speaker": "老师",
    "text": "f代表的是平竖公式二和公式三，"
  },
  {
    "start": 197.32,
    "end": 203.21,
    "speaker": "老师",
    "text": "它们在形式上不仅是一致的，"
  },
  {
    "start": 203.21,
    "end": 208.72,
    "speaker": "老师",
    "text": "而且在本质上也是一致的。"
  },
  {
    "start": 208.72,
    "end": 211.1,
    "speaker": "老师",
    "text": "第三个是指当中，"
  },
  {
    "start": 211.1,
    "end": 213.9,
    "speaker": "老师",
    "text": "当平数f都等于一时。"
  },
  {
    "start": 213.9,
    "end": 214.9,
    "speaker": "老师",
    "text": "同学们，"
  },
  {
    "start": 214.9,
    "end": 222.44,
    "speaker": "老师",
    "text": "你们会发现这个公式就可以变形，"
  },
  {
    "start": 222.82,
    "end": 225.87,
    "speaker": "老师",
    "text": "成为第一个公式。"
  },
  {
    "start": 227.54,
    "end": 233.25,
    "speaker": "老师",
    "text": "那么在实际的生活当中，"
  },
  {
    "start": 233.25,
    "end": 242.09,
    "speaker": "老师",
    "text": "我们统计的数据计算平均数最常用的是第三种公式，"
  },
  {
    "start": 242.09,
    "end": 245.57,
    "speaker": "老师",
    "text": "即x八等于x一乘上f一，"
  },
  {
    "start": 245.67,
    "end": 248.89,
    "speaker": "老师",
    "text": "加上x二乘上f二加上XN,"
  },
  {
    "start": 248.89,
    "end": 255.23,
    "speaker": "老师",
    "text": "乘上FN除以平数的总和f一加f二加上FN."
  },
  {
    "start": 255.27,
    "end": 259.5,
    "speaker": "老师",
    "text": "可是在实际问题当中，"
  },
  {
    "start": 259.5,
    "end": 263.67,
    "speaker": "老师",
    "text": "如果我们要计算平均数，"
  },
  {
    "start": 263.67,
    "end": 266.23,
    "speaker": "老师",
    "text": "就需要获得所有的数据，"
  },
  {
    "start": 266.25,
    "end": 271.84,
    "speaker": "老师",
    "text": "然后对所有的数据求和。"
  },
  {
    "start": 271.86,
    "end": 275.94,
    "speaker": "老师",
    "text": "那么我们在实际的问题当中，"
  },
  {
    "start": 275.94,
    "end": 281.55,
    "speaker": "老师",
    "text": "获得所有的数据会有什么样的困难呢？"
  },
  {
    "start": 281.55,
    "end": 286.03,
    "speaker": "老师",
    "text": "我们如何去克服这样的困难？"
  },
  {
    "start": 286.23,
    "end": 292.11,
    "speaker": "老师",
    "text": "带着这样的疑问，"
  },
  {
    "start": 292.13,
    "end": 293.27,
    "speaker": "老师",
    "text": "我们来看问题，"
  },
  {
    "start": 293.27,
    "end": 301.25,
    "speaker": "老师",
    "text": "某灯泡厂为了测量一批灯泡的使用寿命，"
  },
  {
    "start": 301.35,
    "end": 305.74,
    "speaker": "老师",
    "text": "从中随机抽查了五十只灯泡。"
  },
  {
    "start": 305.76,
    "end": 312.5,
    "speaker": "老师",
    "text": "它们的使用寿命如下表所示，"
  },
  {
    "start": 312.58,
    "end": 318.0,
    "speaker": "老师",
    "text": "这批灯泡的平均使用寿命是多少？"
  },
  {
    "start": 318.0,
    "end": 326.56,
    "speaker": "老师",
    "text": "请同学们先来思考这样一个问题。"
  },
  {
    "start": 326.58,
    "end": 331.24,
    "speaker": "老师",
    "text": "在这个问题中，"
  },
  {
    "start": 331.32,
    "end": 336.04,
    "speaker": "老师",
    "text": "他问的是这批灯泡的平均使用寿命，"
  },
  {
    "start": 336.04,
    "end": 340.08,
    "speaker": "老师",
    "text": "而这批灯泡的数量是不知道的，"
  },
  {
    "start": 340.08,
    "end": 350.3,
    "speaker": "老师",
    "text": "而给出来的数据是从中随机抽查的五十只灯泡的使用寿命情况。"
  },
  {
    "start": 350.3,
    "end": 354.38,
    "speaker": "老师",
    "text": "那这样就遇到一个问题，"
  },
  {
    "start": 354.38,
    "end": 361.37,
    "speaker": "老师",
    "text": "我如何去计算这批灯泡的平均使用寿命呢？"
  },
  {
    "start": 361.85,
    "end": 364.39,
    "speaker": "老师",
    "text": "如果我要计算的话，"
  },
  {
    "start": 364.39,
    "end": 373.54,
    "speaker": "老师",
    "text": "就需要测量所有的这批灯泡使用寿命。"
  },
  {
    "start": 373.6,
    "end": 374.88,
    "speaker": "老师",
    "text": "而在这里，"
  },
  {
    "start": 374.9,
    "end": 382.73,
    "speaker": "老师",
    "text": "它只给出了五十只灯泡它们的使用寿命情况。"
  },
  {
    "start": 382.75,
    "end": 392.01,
    "speaker": "老师",
    "text": "我们再想想生活当中有没有这种类似的情况。"
  },
  {
    "start": 392.03,
    "end": 395.39,
    "speaker": "老师",
    "text": "比如说当树叶纷纷飘落的时候，"
  },
  {
    "start": 395.39,
    "end": 399.61,
    "speaker": "老师",
    "text": "我们猜测秋天就要来了。"
  },
  {
    "start": 400.7,
    "end": 402.92,
    "speaker": "老师",
    "text": "再比如说农民伯伯，"
  },
  {
    "start": 403.28,
    "end": 411.0,
    "speaker": "老师",
    "text": "他想知道自己种的果树上的水果甜不甜，"
  },
  {
    "start": 411.0,
    "end": 414.91,
    "speaker": "老师",
    "text": "那他会怎么样做呢？"
  },
  {
    "start": 415.55,
    "end": 416.71,
    "speaker": "老师",
    "text": "对的，"
  },
  {
    "start": 416.81,
    "end": 419.27,
    "speaker": "老师",
    "text": "它会摘一些来尝一尝，"
  },
  {
    "start": 419.35,
    "end": 424.99,
    "speaker": "老师",
    "text": "然后预估这棵水果树它的水果的质量。"
  },
  {
    "start": 424.99,
    "end": 431.09,
    "speaker": "老师",
    "text": "因此回过头来我们再来看看这个问题。"
  },
  {
    "start": 431.15,
    "end": 434.79,
    "speaker": "老师",
    "text": "如果我按照这样的思想，"
  },
  {
    "start": 434.83,
    "end": 447.33,
    "speaker": "老师",
    "text": "那也就是说我可以从这五十只灯泡的使用寿命来估计这整批灯泡的平均使用寿命，"
  },
  {
    "start": 447.35,
    "end": 454.89,
    "speaker": "老师",
    "text": "即抽出五十只灯泡的使用寿命组成一个样本，"
  },
  {
    "start": 454.95,
    "end": 464.42,
    "speaker": "老师",
    "text": "可以利用样本的平均使用寿命来估计这批灯泡的平均使用寿命。"
  },
  {
    "start": 464.42,
    "end": 471.18,
    "speaker": "老师",
    "text": "这样我们就需要计算这五十只灯泡的平均使用寿命。"
  },
  {
    "start": 471.18,
    "end": 480.76,
    "speaker": "老师",
    "text": "那么同学们来观察一下这个表格当中数据的特征。"
  },
  {
    "start": 481.51,
    "end": 485.98,
    "speaker": "老师",
    "text": "通过分析表格当中的数据，"
  },
  {
    "start": 486.08,
    "end": 497.08,
    "speaker": "老师",
    "text": "我们会发现使用寿命x它是以分组的形式出现的。"
  },
  {
    "start": 497.32,
    "end": 501.78,
    "speaker": "老师",
    "text": "那么回忆一下上节课我们学过的，"
  },
  {
    "start": 501.78,
    "end": 508.52,
    "speaker": "老师",
    "text": "如果数据出现了分组的情况，"
  },
  {
    "start": 508.52,
    "end": 516.77,
    "speaker": "老师",
    "text": "那么这组数究竟选哪一个数来代表这一组的平均水平呢？"
  },
  {
    "start": 518.42,
    "end": 519.04,
    "speaker": "老师",
    "text": "对的，"
  },
  {
    "start": 519.04,
    "end": 526.66,
    "speaker": "老师",
    "text": "我们选择的是组中值作为这一组的平均水平。"
  },
  {
    "start": 526.66,
    "end": 532.8,
    "speaker": "老师",
    "text": "那么同学们还记得如何计算主宗值吗？"
  },
  {
    "start": 532.88,
    "end": 533.98,
    "speaker": "老师",
    "text": "回想一下，"
  },
  {
    "start": 534.04,
    "end": 534.88,
    "speaker": "老师",
    "text": "是的，"
  },
  {
    "start": 535.52,
    "end": 544.92,
    "speaker": "老师",
    "text": "我们用这一小组的两个端点之和再除以二就可以计算出组中值。"
  },
  {
    "start": 545.38,
    "end": 552.23,
    "speaker": "老师",
    "text": "比如说第一组s大于等于六百小于一千，"
  },
  {
    "start": 552.69,
    "end": 561.48,
    "speaker": "老师",
    "text": "那么它的两个端点的值分别是六百一千，"
  },
  {
    "start": 562.06,
    "end": 572.1,
    "speaker": "老师",
    "text": "那么六百加上一千除以二计算可得八百。"
  },
  {
    "start": 572.1,
    "end": 576.56,
    "speaker": "老师",
    "text": "因此这一组的组宗值就是八百，"
  },
  {
    "start": 577.16,
    "end": 586.81,
    "speaker": "老师",
    "text": "那么我们就把八百作为这一组的平均水平，"
  },
  {
    "start": 586.89,
    "end": 591.15,
    "speaker": "老师",
    "text": "近似的代替实际的数据。"
  },
  {
    "start": 591.41,
    "end": 597.06,
    "speaker": "老师",
    "text": "也就是说有五只灯泡，"
  },
  {
    "start": 597.2,
    "end": 601.56,
    "speaker": "老师",
    "text": "它的使用寿命大约是八百小时。"
  },
  {
    "start": 601.98,
    "end": 602.62,
    "speaker": "老师",
    "text": "同理，"
  },
  {
    "start": 603.04,
    "end": 614.24,
    "speaker": "老师",
    "text": "我们计算出第二组的组中值一千加上一千四除以二等于一千二，"
  },
  {
    "start": 614.34,
    "end": 623.96,
    "speaker": "老师",
    "text": "第三组一千四加上一千八除以二等于一千六。"
  },
  {
    "start": 623.96,
    "end": 632.07,
    "speaker": "老师",
    "text": "第四组一千八百加上两千两百除以二，"
  },
  {
    "start": 632.85,
    "end": 641.37,
    "speaker": "老师",
    "text": "计算得出等于两千第五组两千两百加上两千六百除以二，"
  },
  {
    "start": 641.37,
    "end": 644.77,
    "speaker": "老师",
    "text": "计算得出等于两千四百。"
  },
  {
    "start": 644.77,
    "end": 646.25,
    "speaker": "老师",
    "text": "根据上表得，"
  },
  {
    "start": 646.73,
    "end": 653.25,
    "speaker": "老师",
    "text": "各小组的主宗值分别为八百一千二一千六、两千两千四。"
  },
  {
    "start": 653.57,
    "end": 666.32,
    "speaker": "老师",
    "text": "于是这五十只灯泡的平均使用寿命x八就等于八百乘以五，"
  },
  {
    "start": 666.32,
    "end": 669.45,
    "speaker": "老师",
    "text": "加上一千二乘以十，"
  },
  {
    "start": 670.05,
    "end": 673.74,
    "speaker": "老师",
    "text": "加上一千六乘上十二，"
  },
  {
    "start": 674.73,
    "end": 678.09,
    "speaker": "老师",
    "text": "加上两千乘上十七，"
  },
  {
    "start": 678.55,
    "end": 684.09,
    "speaker": "老师",
    "text": "加上两千四乘上六除以总的灯泡只数五十。"
  },
  {
    "start": 684.09,
    "end": 687.52,
    "speaker": "老师",
    "text": "那么在上一节课当中，"
  },
  {
    "start": 687.52,
    "end": 690.6,
    "speaker": "老师",
    "text": "老师又跟大家一起练习了，"
  },
  {
    "start": 690.6,
    "end": 697.22,
    "speaker": "老师",
    "text": "如何用计算器来计算加权平均数。"
  },
  {
    "start": 697.24,
    "end": 698.6,
    "speaker": "老师",
    "text": "那么同学们，"
  },
  {
    "start": 698.86,
    "end": 702.06,
    "speaker": "老师",
    "text": "你可以拿出计算器，"
  },
  {
    "start": 702.06,
    "end": 703.9,
    "speaker": "老师",
    "text": "试着计算一下吧。"
  },
  {
    "start": 703.9,
    "end": 709.81,
    "speaker": "老师",
    "text": "计算的结果等于一千六百七十二，"
  },
  {
    "start": 709.81,
    "end": 713.79,
    "speaker": "老师",
    "text": "所以样本平均数就为一千六百七十二。"
  },
  {
    "start": 713.81,
    "end": 717.47,
    "speaker": "老师",
    "text": "那么我们通过样本，"
  },
  {
    "start": 717.67,
    "end": 720.21,
    "speaker": "老师",
    "text": "估计总体这一整批灯泡，"
  },
  {
    "start": 720.35,
    "end": 726.73,
    "speaker": "老师",
    "text": "它的平均使用寿命大约是一千六百七十二小时。"
  },
  {
    "start": 726.77,
    "end": 730.02,
    "speaker": "老师",
    "text": "在这个问题当中，"
  },
  {
    "start": 730.02,
    "end": 733.59,
    "speaker": "老师",
    "text": "请同学们思考，"
  },
  {
    "start": 733.79,
    "end": 740.61,
    "speaker": "老师",
    "text": "用全面调查的方法考察这批灯泡的平均使用寿命。"
  },
  {
    "start": 740.61,
    "end": 743.02,
    "speaker": "老师",
    "text": "合适吗？"
  },
  {
    "start": 743.02,
    "end": 743.52,
    "speaker": "老师",
    "text": "是的，"
  },
  {
    "start": 743.52,
    "end": 744.74,
    "speaker": "老师",
    "text": "不太合适，"
  },
  {
    "start": 744.74,
    "end": 751.16,
    "speaker": "老师",
    "text": "因为这批灯泡它的数量可能比较多。"
  },
  {
    "start": 751.22,
    "end": 755.28,
    "speaker": "老师",
    "text": "那么如果要一一调查的话，"
  },
  {
    "start": 755.38,
    "end": 761.38,
    "speaker": "老师",
    "text": "可能会花费大量的人力和物力。"
  },
  {
    "start": 761.4,
    "end": 762.08,
    "speaker": "老师",
    "text": "其次，"
  },
  {
    "start": 762.18,
    "end": 769.8,
    "speaker": "老师",
    "text": "如果每一个灯泡都去检测它的使用寿命，"
  },
  {
    "start": 770.58,
    "end": 773.08,
    "speaker": "老师",
    "text": "对灯泡会有破坏性。"
  },
  {
    "start": 773.08,
    "end": 779.66,
    "speaker": "老师",
    "text": "因此在这个问题当中就不适合用全面调查。"
  },
  {
    "start": 779.66,
    "end": 784.91,
    "speaker": "老师",
    "text": "那么在实际问题当中，"
  },
  {
    "start": 784.91,
    "end": 788.53,
    "speaker": "老师",
    "text": "哪些对象不适合用全面调查呢？"
  },
  {
    "start": 788.89,
    "end": 796.21,
    "speaker": "老师",
    "text": "比如说了解某个森林有多少棵树这个问题。"
  },
  {
    "start": 796.29,
    "end": 801.49,
    "speaker": "老师",
    "text": "那么如果我们每一棵树都要去数，"
  },
  {
    "start": 801.49,
    "end": 808.11,
    "speaker": "老师",
    "text": "那这个森林当中的树有无数多棵，"
  },
  {
    "start": 808.11,
    "end": 810.85,
    "speaker": "老师",
    "text": "很难将它一一数清。"
  },
  {
    "start": 811.11,
    "end": 814.53,
    "speaker": "老师",
    "text": "也就是说你调查的数，"
  },
  {
    "start": 814.53,
    "end": 822.56,
    "speaker": "老师",
    "text": "这个对象它的数量是比较多的。"
  },
  {
    "start": 822.56,
    "end": 830.74,
    "speaker": "老师",
    "text": "再比如说调查某品牌奶粉的质量，"
  },
  {
    "start": 830.74,
    "end": 837.11,
    "speaker": "老师",
    "text": "如果我们对每瓶奶粉都拆开检测的话，"
  },
  {
    "start": 837.27,
    "end": 841.91,
    "speaker": "老师",
    "text": "那么这个奶粉将不能再出售。"
  },
  {
    "start": 841.91,
    "end": 842.49,
    "speaker": "老师",
    "text": "因此，"
  },
  {
    "start": 842.49,
    "end": 848.28,
    "speaker": "老师",
    "text": "对调查的对象奶粉来说是有破坏性的。"
  },
  {
    "start": 848.28,
    "end": 853.18,
    "speaker": "老师",
    "text": "那么我们就可以总结这些问题，"
  },
  {
    "start": 853.5,
    "end": 856.68,
    "speaker": "老师",
    "text": "都不适合用全面调查。"
  },
  {
    "start": 856.68,
    "end": 863.79,
    "speaker": "老师",
    "text": "那么什么情况下需要用到抽样调查呢？"
  },
  {
    "start": 863.79,
    "end": 867.54,
    "speaker": "老师",
    "text": "对了当考察的对象很多，"
  },
  {
    "start": 867.56,
    "end": 873.17,
    "speaker": "老师",
    "text": "或者是说对考察对象带有破坏性。"
  },
  {
    "start": 873.17,
    "end": 877.04,
    "speaker": "老师",
    "text": "那么当出现这种情况时，"
  },
  {
    "start": 877.12,
    "end": 883.77,
    "speaker": "老师",
    "text": "我们就需要用样本估计总体获得对总体的认识，"
  },
  {
    "start": 883.93,
    "end": 890.28,
    "speaker": "老师",
    "text": "达到了一叶知秋以小见大的目的。"
  },
  {
    "start": 890.4,
    "end": 897.0,
    "speaker": "老师",
    "text": "这种思想就是用样本估计总体的思想，"
  },
  {
    "start": 897.0,
    "end": 906.25,
    "speaker": "老师",
    "text": "这样的思想在我们的生活当中是应用非常的广泛。"
  },
  {
    "start": 906.25,
    "end": 917.24,
    "speaker": "老师",
    "text": "那么用样本去估计总体样本的特征或者说样本的指标是非常多的。"
  },
  {
    "start": 917.4,
    "end": 929.37,
    "speaker": "老师",
    "text": "那么用样本平均数这个指标估计总体平均数是我们最常见的一种方式。"
  },
  {
    "start": 929.37,
    "end": 937.02,
    "speaker": "老师",
    "text": "这种方式在生产生活当中应用的非常的广泛。"
  },
  {
    "start": 937.02,
    "end": 943.67,
    "speaker": "老师",
    "text": "你比如说练习一王伯伯家鱼塘放养鱼苗十万条。"
  },
  {
    "start": 943.75,
    "end": 946.21,
    "speaker": "老师",
    "text": "根据这几年经验，"
  },
  {
    "start": 946.21,
    "end": 955.13,
    "speaker": "老师",
    "text": "知道鱼苗成活率为百分之九十五一段时间后准备打捞出售，"
  },
  {
    "start": 955.21,
    "end": 959.01,
    "speaker": "老师",
    "text": "第一次往出十条，"
  },
  {
    "start": 959.03,
    "end": 963.05,
    "speaker": "老师",
    "text": "称得平均每条鱼重二点五千克。"
  },
  {
    "start": 963.15,
    "end": 965.81,
    "speaker": "老师",
    "text": "第二次网出二十五条，"
  },
  {
    "start": 965.81,
    "end": 970.87,
    "speaker": "老师",
    "text": "称得平均每条鱼重二点二千克。"
  },
  {
    "start": 971.21,
    "end": 980.28,
    "speaker": "老师",
    "text": "第三次网出三十五条称的平均每条鱼重二点八千克，"
  },
  {
    "start": 980.28,
    "end": 987.63,
    "speaker": "老师",
    "text": "那么请估计鱼塘中鱼的总重量约是多少？"
  },
  {
    "start": 987.63,
    "end": 990.81,
    "speaker": "老师",
    "text": "在这个问题当中，"
  },
  {
    "start": 991.09,
    "end": 994.75,
    "speaker": "老师",
    "text": "如果王波波用全面调查的方法，"
  },
  {
    "start": 994.75,
    "end": 999.65,
    "speaker": "老师",
    "text": "那他就需要将所有的鱼一一捞出，"
  },
  {
    "start": 999.85,
    "end": 1003.51,
    "speaker": "老师",
    "text": "然后称重。"
  },
  {
    "start": 1004.29,
    "end": 1009.27,
    "speaker": "老师",
    "text": "那么这个鱼它的数量是非常的多，"
  },
  {
    "start": 1009.61,
    "end": 1016.24,
    "speaker": "老师",
    "text": "并且如果一一捞出称重的话，"
  },
  {
    "start": 1016.24,
    "end": 1018.84,
    "speaker": "老师",
    "text": "可能有些鱼会死亡。"
  },
  {
    "start": 1018.84,
    "end": 1026.5,
    "speaker": "老师",
    "text": "因此对考察的对象具有破坏性。"
  },
  {
    "start": 1026.56,
    "end": 1037.24,
    "speaker": "老师",
    "text": "所以王伯伯选择了通过三次抽样的方式来获得样本的数据。"
  },
  {
    "start": 1037.32,
    "end": 1046.95,
    "speaker": "老师",
    "text": "如果我们计算出这三次打捞出的鱼的平均重量的话，"
  },
  {
    "start": 1047.05,
    "end": 1051.5,
    "speaker": "老师",
    "text": "我们就可以估计鱼塘中所有鱼，"
  },
  {
    "start": 1051.56,
    "end": 1057.95,
    "speaker": "老师",
    "text": "它的每一条平均重量大约也是一样的。"
  },
  {
    "start": 1057.95,
    "end": 1058.47,
    "speaker": "老师",
    "text": "因此，"
  },
  {
    "start": 1058.51,
    "end": 1064.36,
    "speaker": "老师",
    "text": "我们先计算这三次网出的鱼的平均重量，"
  },
  {
    "start": 1064.36,
    "end": 1071.14,
    "speaker": "老师",
    "text": "即x拔等于第一次的总重量二点五乘十，"
  },
  {
    "start": 1071.14,
    "end": 1074.28,
    "speaker": "老师",
    "text": "加上第二次的总重量，"
  },
  {
    "start": 1074.34,
    "end": 1077.12,
    "speaker": "老师",
    "text": "二点二乘上二十五，"
  },
  {
    "start": 1077.36,
    "end": 1080.84,
    "speaker": "老师",
    "text": "加上第三次的总重量，"
  },
  {
    "start": 1080.84,
    "end": 1092.08,
    "speaker": "老师",
    "text": "二点八乘上三十五除以三次网珠的鱼的总数量十加二十五加三十五。"
  },
  {
    "start": 1092.26,
    "end": 1101.49,
    "speaker": "老师",
    "text": "那么我们也可以用计算器计算得出，"
  },
  {
    "start": 1101.53,
    "end": 1104.44,
    "speaker": "老师",
    "text": "请同学们也算一算，"
  },
  {
    "start": 1107.38,
    "end": 1110.66,
    "speaker": "老师",
    "text": "老师计算得出等于二点五四千克，"
  },
  {
    "start": 1111.36,
    "end": 1112.88,
    "speaker": "老师",
    "text": "你们算对了吗？"
  },
  {
    "start": 1113.02,
    "end": 1121.38,
    "speaker": "老师",
    "text": "说明这三次网出的样本的鱼的平均重量每条约二点五四千克，"
  },
  {
    "start": 1121.38,
    "end": 1124.1,
    "speaker": "老师",
    "text": "而鱼塘中有十万条鱼吗？"
  },
  {
    "start": 1124.1,
    "end": 1125.02,
    "speaker": "老师",
    "text": "对的，"
  },
  {
    "start": 1125.02,
    "end": 1126.58,
    "speaker": "老师",
    "text": "没有十万条鱼，"
  },
  {
    "start": 1126.6,
    "end": 1132.3,
    "speaker": "老师",
    "text": "因为鱼苗的成活率为百分之九十五。"
  },
  {
    "start": 1132.3,
    "end": 1139.19,
    "speaker": "老师",
    "text": "那么鱼塘中实际的鱼有多少条呢？"
  },
  {
    "start": 1139.19,
    "end": 1143.59,
    "speaker": "老师",
    "text": "那么鱼塘中鱼的成活数量为十万，"
  },
  {
    "start": 1143.59,
    "end": 1149.18,
    "speaker": "老师",
    "text": "乘上百分之九十五等于九万五千条。"
  },
  {
    "start": 1149.18,
    "end": 1153.0,
    "speaker": "老师",
    "text": "那么我们就可以估计，"
  },
  {
    "start": 1153.08,
    "end": 1161.14,
    "speaker": "老师",
    "text": "这九万五千条每一条的重量大约也是二点五四千克，"
  },
  {
    "start": 1161.14,
    "end": 1177.65,
    "speaker": "老师",
    "text": "所以鱼塘中鱼的总重量约为二点五四乘上九万五千计算，"
  },
  {
    "start": 1177.65,
    "end": 1183.96,
    "speaker": "老师",
    "text": "得出等于二十四万一千三百千克。"
  },
  {
    "start": 1183.96,
    "end": 1184.36,
    "speaker": "老师",
    "text": "答，"
  },
  {
    "start": 1184.36,
    "end": 1190.04,
    "speaker": "老师",
    "text": "鱼塘中鱼的总重量约是二十四万一千三百千克。"
  },
  {
    "start": 1190.04,
    "end": 1193.44,
    "speaker": "老师",
    "text": "同学们通过练习一，"
  },
  {
    "start": 1193.44,
    "end": 1213.62,
    "speaker": "老师",
    "text": "你是不是会发现用样本的平均数去估计总体的平均数在实际的生产生活当中是非常的实用的。"
  },
  {
    "start": 1213.62,
    "end": 1220.77,
    "speaker": "老师",
    "text": "那么我们对实际问题当中的数据，"
  },
  {
    "start": 1221.47,
    "end": 1227.09,
    "speaker": "老师",
    "text": "有的时候呢会对它进行呃整理描述，"
  },
  {
    "start": 1227.09,
    "end": 1229.65,
    "speaker": "老师",
    "text": "绘制成统计图表。"
  },
  {
    "start": 1229.65,
    "end": 1233.43,
    "speaker": "老师",
    "text": "比如说练习二种菜能手。"
  },
  {
    "start": 1233.71,
    "end": 1238.99,
    "speaker": "老师",
    "text": "李大叔种植了一批新品种的黄瓜。"
  },
  {
    "start": 1239.05,
    "end": 1246.08,
    "speaker": "老师",
    "text": "为了考察这种黄瓜的生长情况，"
  },
  {
    "start": 1246.56,
    "end": 1252.33,
    "speaker": "老师",
    "text": "李大叔抽查了部分黄瓜，"
  },
  {
    "start": 1252.79,
    "end": 1262.07,
    "speaker": "老师",
    "text": "株上长出的黄瓜根树得到下面的条形图。"
  },
  {
    "start": 1262.07,
    "end": 1275.56,
    "speaker": "老师",
    "text": "请估计这个新品种黄瓜平均每株结多少根黄瓜，"
  },
  {
    "start": 1275.56,
    "end": 1277.88,
    "speaker": "老师",
    "text": "结果取整数。"
  },
  {
    "start": 1281.14,
    "end": 1282.91,
    "speaker": "老师",
    "text": "好，"
  },
  {
    "start": 1282.97,
    "end": 1287.77,
    "speaker": "老师",
    "text": "请同学们观察这个条形图思考。"
  },
  {
    "start": 1287.77,
    "end": 1298.1,
    "speaker": "老师",
    "text": "从这张图中我们可以得到哪些信息呢？"
  },
  {
    "start": 1298.12,
    "end": 1304.83,
    "speaker": "老师",
    "text": "我们来看一下这个条形图这个条形图。"
  },
  {
    "start": 1304.83,
    "end": 1310.36,
    "speaker": "老师",
    "text": "横轴代表的是类别，"
  },
  {
    "start": 1310.36,
    "end": 1313.77,
    "speaker": "老师",
    "text": "是指黄瓜根树，"
  },
  {
    "start": 1313.77,
    "end": 1316.69,
    "speaker": "老师",
    "text": "纵轴代表的是株数。"
  },
  {
    "start": 1317.11,
    "end": 1321.16,
    "speaker": "老师",
    "text": "每一个小长方形，"
  },
  {
    "start": 1321.16,
    "end": 1327.97,
    "speaker": "老师",
    "text": "它的高就代表了相应的类别的株数。"
  },
  {
    "start": 1328.05,
    "end": 1335.42,
    "speaker": "老师",
    "text": "那第一个类别黄瓜根数为十的有多少株呢？"
  },
  {
    "start": 1335.42,
    "end": 1348.4,
    "speaker": "老师",
    "text": "过第一根小长方形的上宽做与横轴平行的线与纵轴相交于一点。"
  },
  {
    "start": 1348.42,
    "end": 1359.28,
    "speaker": "老师",
    "text": "这个点它代表的数就是相应的这个类别的它的株数。"
  },
  {
    "start": 1359.28,
    "end": 1361.46,
    "speaker": "老师",
    "text": "所以我们可以得出，"
  },
  {
    "start": 1362.38,
    "end": 1369.65,
    "speaker": "老师",
    "text": "黄瓜根数为十的株数有十株。"
  },
  {
    "start": 1369.65,
    "end": 1376.61,
    "speaker": "老师",
    "text": "同样黄瓜根树为十三的有十五株。"
  },
  {
    "start": 1376.61,
    "end": 1379.77,
    "speaker": "老师",
    "text": "黄瓜根树十四的有二十株，"
  },
  {
    "start": 1379.77,
    "end": 1382.75,
    "speaker": "老师",
    "text": "那么请同学们思考，"
  },
  {
    "start": 1382.75,
    "end": 1388.77,
    "speaker": "老师",
    "text": "黄瓜根树十五的有多少株呢？"
  },
  {
    "start": 1388.77,
    "end": 1391.87,
    "speaker": "老师",
    "text": "如果我们过这个长方形，"
  },
  {
    "start": 1391.89,
    "end": 1396.38,
    "speaker": "老师",
    "text": "它的上宽做平行线雨，"
  },
  {
    "start": 1396.94,
    "end": 1402.3,
    "speaker": "老师",
    "text": "纵轴交点所指代的那个数是哪个数呢？"
  },
  {
    "start": 1402.34,
    "end": 1407.66,
    "speaker": "老师",
    "text": "从图形当中我们可以看出，"
  },
  {
    "start": 1407.76,
    "end": 1415.68,
    "speaker": "老师",
    "text": "黄瓜根数为十五的株数，"
  },
  {
    "start": 1415.82,
    "end": 1424.93,
    "speaker": "老师",
    "text": "它的值应该在十五与二十之间，"
  },
  {
    "start": 1424.99,
    "end": 1428.29,
    "speaker": "老师",
    "text": "并且株数只能是整数。"
  },
  {
    "start": 1428.65,
    "end": 1435.37,
    "speaker": "老师",
    "text": "那在十五与二十之间的整数有十六十七十八十九。"
  },
  {
    "start": 1435.43,
    "end": 1441.41,
    "speaker": "老师",
    "text": "那黄瓜根数为十五的这个小长方形的高，"
  },
  {
    "start": 1441.43,
    "end": 1446.49,
    "speaker": "老师",
    "text": "它所对应的株数是哪个数呢？"
  },
  {
    "start": 1446.55,
    "end": 1455.28,
    "speaker": "老师",
    "text": "通过图形我们会发现黄瓜根数为十五的小长方形，"
  },
  {
    "start": 1455.28,
    "end": 1457.72,
    "speaker": "老师",
    "text": "它高出了十五这个数，"
  },
  {
    "start": 1457.72,
    "end": 1465.96,
    "speaker": "老师",
    "text": "并且高出了十五与二十之间的中间数，"
  },
  {
    "start": 1465.96,
    "end": 1468.4,
    "speaker": "老师",
    "text": "也就是大于十七点五。"
  },
  {
    "start": 1468.4,
    "end": 1472.32,
    "speaker": "老师",
    "text": "那么比十七点五多一点的整数，"
  },
  {
    "start": 1472.38,
    "end": 1476.45,
    "speaker": "老师",
    "text": "我们就可以找出是十八。"
  },
  {
    "start": 1476.45,
    "end": 1485.13,
    "speaker": "老师",
    "text": "因此黄瓜根数为十五的株数就是十八。"
  },
  {
    "start": 1485.13,
    "end": 1486.93,
    "speaker": "老师",
    "text": "这样的话，"
  },
  {
    "start": 1486.97,
    "end": 1490.79,
    "speaker": "老师",
    "text": "我们可以计算这种新品种，"
  },
  {
    "start": 1490.79,
    "end": 1500.24,
    "speaker": "老师",
    "text": "黄瓜平均每株结的黄瓜根数x拔就等于黄瓜根数为十的有十株，"
  },
  {
    "start": 1500.24,
    "end": 1502.58,
    "speaker": "老师",
    "text": "所以是十乘上十，"
  },
  {
    "start": 1503.47,
    "end": 1505.71,
    "speaker": "老师",
    "text": "加上十三乘上十五，"
  },
  {
    "start": 1505.71,
    "end": 1512.26,
    "speaker": "老师",
    "text": "加上十四乘上二十，"
  },
  {
    "start": 1512.26,
    "end": 1518.4,
    "speaker": "老师",
    "text": "加上十五乘上十八除以总的周数十，"
  },
  {
    "start": 1518.4,
    "end": 1529.39,
    "speaker": "老师",
    "text": "加上十五加上二十加上十八计算得出x拔约等于十三根。"
  },
  {
    "start": 1530.45,
    "end": 1536.92,
    "speaker": "老师",
    "text": "所以我们估计这个新品种黄瓜平均每株约结十三根黄瓜。"
  },
  {
    "start": 1536.92,
    "end": 1540.02,
    "speaker": "老师",
    "text": "在这个问题当中，"
  },
  {
    "start": 1540.02,
    "end": 1547.71,
    "speaker": "老师",
    "text": "我们就用到了用条形图来描述数据。"
  },
  {
    "start": 1547.79,
    "end": 1549.61,
    "speaker": "老师",
    "text": "除了条形图，"
  },
  {
    "start": 1549.71,
    "end": 1559.94,
    "speaker": "老师",
    "text": "我们还会用其他的图表来描述数据。"
  },
  {
    "start": 1559.98,
    "end": 1571.03,
    "speaker": "老师",
    "text": "比如说练习三数字化信息化渗透到了我们生活的方方面面。"
  },
  {
    "start": 1571.03,
    "end": 1575.13,
    "speaker": "老师",
    "text": "数字经济便捷了，"
  },
  {
    "start": 1575.84,
    "end": 1577.42,
    "speaker": "老师",
    "text": "人们的生活，"
  },
  {
    "start": 1577.42,
    "end": 1580.46,
    "speaker": "老师",
    "text": "扫码支付随处可见。"
  },
  {
    "start": 1580.5,
    "end": 1582.33,
    "speaker": "老师",
    "text": "如图一，"
  },
  {
    "start": 1582.33,
    "end": 1585.53,
    "speaker": "老师",
    "text": "李同学整理了妈妈。"
  },
  {
    "start": 1585.55,
    "end": 1594.63,
    "speaker": "老师",
    "text": "二零二零年四月份的小额指的是四十元及以下扫码支付账单，"
  },
  {
    "start": 1594.69,
    "end": 1598.81,
    "speaker": "老师",
    "text": "绘制成如下直方图。"
  },
  {
    "start": 1598.81,
    "end": 1599.97,
    "speaker": "老师",
    "text": "图二，"
  },
  {
    "start": 1600.07,
    "end": 1601.61,
    "speaker": "老师",
    "text": "请回答一，"
  },
  {
    "start": 1601.61,
    "end": 1612.89,
    "speaker": "老师",
    "text": "李同学妈妈二零二零年四月份平均每次小额扫码支付是多少元？"
  },
  {
    "start": 1612.97,
    "end": 1616.07,
    "speaker": "老师",
    "text": "第二估计李同学妈妈。"
  },
  {
    "start": 1616.07,
    "end": 1624.44,
    "speaker": "老师",
    "text": "二零二零年小额扫码支付将达到的是多少元？"
  },
  {
    "start": 1625.21,
    "end": 1634.69,
    "speaker": "老师",
    "text": "首先我们来思考这张图与前面问题中的统计图有何不同？"
  },
  {
    "start": 1634.69,
    "end": 1637.73,
    "speaker": "老师",
    "text": "这张图它是直方图，"
  },
  {
    "start": 1637.91,
    "end": 1640.47,
    "speaker": "老师",
    "text": "而前面这个问题呢，"
  },
  {
    "start": 1640.49,
    "end": 1646.02,
    "speaker": "老师",
    "text": "它的图是条形图，"
  },
  {
    "start": 1646.02,
    "end": 1648.66,
    "speaker": "老师",
    "text": "两者是有差别。"
  },
  {
    "start": 1648.72,
    "end": 1654.06,
    "speaker": "老师",
    "text": "在条形图当中，"
  },
  {
    "start": 1654.2,
    "end": 1657.4,
    "speaker": "老师",
    "text": "横轴指的是类别，"
  },
  {
    "start": 1657.46,
    "end": 1662.38,
    "speaker": "老师",
    "text": "每一个小长方形的宽是固定的，"
  },
  {
    "start": 1662.38,
    "end": 1669.59,
    "speaker": "老师",
    "text": "每个小长方形的高代表了相应的平数。"
  },
  {
    "start": 1669.67,
    "end": 1671.69,
    "speaker": "老师",
    "text": "而在直方图中，"
  },
  {
    "start": 1671.73,
    "end": 1678.08,
    "speaker": "老师",
    "text": "横轴是连续的数每个小长方形，"
  },
  {
    "start": 1678.08,
    "end": 1681.36,
    "speaker": "老师",
    "text": "它的宽代表的是主距。"
  },
  {
    "start": 1681.38,
    "end": 1686.76,
    "speaker": "老师",
    "text": "当主距相等时，"
  },
  {
    "start": 1686.76,
    "end": 1691.34,
    "speaker": "老师",
    "text": "它的高就指的是该数组的频数。"
  },
  {
    "start": 1691.34,
    "end": 1701.79,
    "speaker": "老师",
    "text": "我们来看这个直方图费用在一至十一之间扫码支付了多少次呢？"
  },
  {
    "start": 1701.79,
    "end": 1706.3,
    "speaker": "老师",
    "text": "那么在第一组中，"
  },
  {
    "start": 1706.3,
    "end": 1711.82,
    "speaker": "老师",
    "text": "我们找出小长方形的上宽过这个上宽，"
  },
  {
    "start": 1711.82,
    "end": 1716.66,
    "speaker": "老师",
    "text": "做一条与横轴平行的线。"
  },
  {
    "start": 1716.66,
    "end": 1730.21,
    "speaker": "老师",
    "text": "那么这条线与纵轴相交的那个点代表的数就是相应的这一组数的频数。"
  },
  {
    "start": 1730.31,
    "end": 1730.89,
    "speaker": "老师",
    "text": "因此，"
  },
  {
    "start": 1730.93,
    "end": 1739.7,
    "speaker": "老师",
    "text": "第一组费用在一与十一之间的频数是二十四。"
  },
  {
    "start": 1739.72,
    "end": 1749.11,
    "speaker": "老师",
    "text": "那么第二组费用在十一元至二十一元的频数，"
  },
  {
    "start": 1749.21,
    "end": 1752.53,
    "speaker": "老师",
    "text": "也就是支付次数是多少呢？"
  },
  {
    "start": 1752.53,
    "end": 1759.71,
    "speaker": "老师",
    "text": "我们同样过第二个小长方形的上宽，"
  },
  {
    "start": 1759.71,
    "end": 1765.65,
    "speaker": "老师",
    "text": "做一条与横轴平行的线，"
  },
  {
    "start": 1765.73,
    "end": 1769.55,
    "speaker": "老师",
    "text": "与纵轴相交于一点。"
  },
  {
    "start": 1769.85,
    "end": 1776.02,
    "speaker": "老师",
    "text": "那这个点所代表的数就是该小组的平数。"
  },
  {
    "start": 1776.06,
    "end": 1780.54,
    "speaker": "老师",
    "text": "我们看一看在十六与二十之间，"
  },
  {
    "start": 1780.56,
    "end": 1782.22,
    "speaker": "老师",
    "text": "整数有哪些？"
  },
  {
    "start": 1782.22,
    "end": 1783.86,
    "speaker": "老师",
    "text": "是的，"
  },
  {
    "start": 1783.86,
    "end": 1785.46,
    "speaker": "老师",
    "text": "有十七十八十九，"
  },
  {
    "start": 1785.46,
    "end": 1790.03,
    "speaker": "老师",
    "text": "而十八是十六与二十的中间数。"
  },
  {
    "start": 1790.03,
    "end": 1791.51,
    "speaker": "老师",
    "text": "显然，"
  },
  {
    "start": 1791.57,
    "end": 1797.75,
    "speaker": "老师",
    "text": "这个交点位置它并没有到达中间的位置，"
  },
  {
    "start": 1797.75,
    "end": 1802.25,
    "speaker": "老师",
    "text": "因此比中间数十八小一点，"
  },
  {
    "start": 1802.25,
    "end": 1807.33,
    "speaker": "老师",
    "text": "且大于十六的整数就应该是十七。"
  },
  {
    "start": 1807.35,
    "end": 1820.97,
    "speaker": "老师",
    "text": "所以费用在十一与二十一元之间的扫码支付次数是十七次。"
  },
  {
    "start": 1820.99,
    "end": 1828.27,
    "speaker": "老师",
    "text": "那么费用在二十一元至三十一元之间，"
  },
  {
    "start": 1828.27,
    "end": 1830.59,
    "speaker": "老师",
    "text": "频数是四次。"
  },
  {
    "start": 1830.77,
    "end": 1831.41,
    "speaker": "老师",
    "text": "同理，"
  },
  {
    "start": 1831.73,
    "end": 1841.63,
    "speaker": "老师",
    "text": "我们也能够找出费用在三十一元至四十一元之间，"
  },
  {
    "start": 1841.67,
    "end": 1847.9,
    "speaker": "老师",
    "text": "它的频数过这个小长方形，"
  },
  {
    "start": 1848.38,
    "end": 1859.06,
    "speaker": "老师",
    "text": "它的上宽做一条与横轴平行的线与纵轴相交的点所指代的数就是相应的频数。"
  },
  {
    "start": 1859.06,
    "end": 1865.01,
    "speaker": "老师",
    "text": "那么同样在四与八之间有三个整数，"
  },
  {
    "start": 1865.23,
    "end": 1867.03,
    "speaker": "老师",
    "text": "分别是五，"
  },
  {
    "start": 1867.73,
    "end": 1869.07,
    "speaker": "老师",
    "text": "六七，"
  },
  {
    "start": 1869.41,
    "end": 1877.31,
    "speaker": "老师",
    "text": "而这个交点并没有到达四与八的中间值六，"
  },
  {
    "start": 1877.31,
    "end": 1885.39,
    "speaker": "老师",
    "text": "因此第四组它的平数应该是五。"
  },
  {
    "start": 1885.39,
    "end": 1889.31,
    "speaker": "老师",
    "text": "那么请同学们继续思考，"
  },
  {
    "start": 1889.37,
    "end": 1894.22,
    "speaker": "老师",
    "text": "从这张统计图中，"
  },
  {
    "start": 1894.22,
    "end": 1899.02,
    "speaker": "老师",
    "text": "你还能得到哪些信息呢？"
  },
  {
    "start": 1899.02,
    "end": 1901.38,
    "speaker": "老师",
    "text": "我们还可以发现，"
  },
  {
    "start": 1901.4,
    "end": 1911.94,
    "speaker": "老师",
    "text": "这个月李同学妈妈扫码支付的总次数为二十四加十七加四加五等于五十次。"
  },
  {
    "start": 1911.94,
    "end": 1920.64,
    "speaker": "老师",
    "text": "如果我们将刚刚得到的所有信息把它整理成平数分布表，"
  },
  {
    "start": 1920.64,
    "end": 1925.25,
    "speaker": "老师",
    "text": "我们就得到以下一个表格。"
  },
  {
    "start": 1925.39,
    "end": 1929.37,
    "speaker": "老师",
    "text": "那么观察这个频数分布表，"
  },
  {
    "start": 1929.47,
    "end": 1936.21,
    "speaker": "老师",
    "text": "我们依然会发现这是分组的数据。"
  },
  {
    "start": 1936.31,
    "end": 1947.36,
    "speaker": "老师",
    "text": "因此我们需要计算组中值用组中值来代表这一组数的平均水平。"
  },
  {
    "start": 1947.82,
    "end": 1952.26,
    "speaker": "老师",
    "text": "那么第一组我们计算组中值为一，"
  },
  {
    "start": 1952.36,
    "end": 1956.97,
    "speaker": "老师",
    "text": "加上十一除以二等于六，"
  },
  {
    "start": 1957.17,
    "end": 1961.59,
    "speaker": "老师",
    "text": "第二组十一加上二十一除以二等于十六。"
  },
  {
    "start": 1961.59,
    "end": 1968.05,
    "speaker": "老师",
    "text": "第三组二十一加上三十一除以二等于二十六，"
  },
  {
    "start": 1968.05,
    "end": 1975.33,
    "speaker": "老师",
    "text": "第四组三十一加上四十一除以二等于三十六。"
  },
  {
    "start": 1975.33,
    "end": 1982.35,
    "speaker": "老师",
    "text": "那么这样我们就可以用组中值来代表每一组的平均水平。"
  },
  {
    "start": 1982.43,
    "end": 1983.55,
    "speaker": "老师",
    "text": "因此，"
  },
  {
    "start": 1983.55,
    "end": 1986.23,
    "speaker": "老师",
    "text": "我们可以回答第一个问题，"
  },
  {
    "start": 1986.31,
    "end": 1994.43,
    "speaker": "老师",
    "text": "根据左图得到各小组的主宗值分别为六十六、二十六、三十六，"
  },
  {
    "start": 1994.67,
    "end": 2004.78,
    "speaker": "老师",
    "text": "则四月份平均每次小额扫码支付x八就等于六乘上平数二十四，"
  },
  {
    "start": 2004.78,
    "end": 2007.32,
    "speaker": "老师",
    "text": "加上十六乘上十七，"
  },
  {
    "start": 2007.32,
    "end": 2010.7,
    "speaker": "老师",
    "text": "加上二十六乘上四，"
  },
  {
    "start": 2010.7,
    "end": 2022.4,
    "speaker": "老师",
    "text": "加上三十六乘上五除以扫码的总次数二十四加十七加四加五计算得出等于十四元。"
  },
  {
    "start": 2022.72,
    "end": 2024.6,
    "speaker": "老师",
    "text": "第二问李同学妈妈，"
  },
  {
    "start": 2025.26,
    "end": 2030.64,
    "speaker": "老师",
    "text": "二零二零年小额扫码支付将达到多少元？"
  },
  {
    "start": 2030.72,
    "end": 2034.94,
    "speaker": "老师",
    "text": "我们知道一年有十二个月，"
  },
  {
    "start": 2034.94,
    "end": 2046.03,
    "speaker": "老师",
    "text": "而每一个月它的小额扫码支付的情况大约跟四月份也是一样的。"
  },
  {
    "start": 2046.25,
    "end": 2051.9,
    "speaker": "老师",
    "text": "而四月份他每次扫码平均花费是十四元，"
  },
  {
    "start": 2051.9,
    "end": 2056.14,
    "speaker": "老师",
    "text": "四月份总共扫码的次数是五十四，"
  },
  {
    "start": 2056.14,
    "end": 2062.55,
    "speaker": "老师",
    "text": "因此整年小额扫码支付大约是十四乘上五十，"
  },
  {
    "start": 2062.73,
    "end": 2070.09,
    "speaker": "老师",
    "text": "就是四月份他的小额扫码的费用乘上十二个月等于八千四百元。"
  },
  {
    "start": 2069.38,
    "end": 2070.09,
    "speaker": "老师",
    "text": "答，"
  },
  {
    "start": 2069.38,
    "end": 2070.09,
    "speaker": "老师",
    "text": "李同学妈妈二零二零年四月份平均小儿支出是十四元。"
  },
  {
    "start": 2069.38,
    "end": 2070.09,
    "speaker": "老师",
    "text": "估计李同学妈妈二零二零年小额扫码支付将达到八千四百元。"
  },
  {
    "start": 2069.38,
    "end": 2070.09,
    "speaker": "老师",
    "text": "如果我们将练习三整理成如下形式，"
  },
  {
    "start": 2069.38,
    "end": 2070.09,
    "speaker": "老师",
    "text": "请同学们课后再去完成它。"
  },
  {
    "start": 2069.38,
    "end": 2070.09,
    "speaker": "老师",
    "text": "同学们，"
  },
  {
    "start": 2069.38,
    "end": 2070.09,
    "speaker": "老师",
    "text": "数字在我们生活当中无处不在，"
  },
  {
    "start": 2069.38,
    "end": 2070.09,
    "speaker": "老师",
    "text": "只要你留心观察，"
  },
  {
    "start": 2069.38,
    "end": 2070.09,
    "speaker": "老师",
    "text": "你就会发现数字的规律之美，"
  },
  {
    "start": 2069.38,
    "end": 2070.09,
    "speaker": "老师",
    "text": "你就能够探讨其中的奥秘，"
  },
  {
    "start": 2069.38,
    "end": 2070.09,
    "speaker": "老师",
    "text": "从而感受到数学的规律之美和数学的价值。"
  },
  {
    "start": 2069.38,
    "end": 2070.09,
    "speaker": "老师",
    "text": "那么我们梳理反思一下，"
  },
  {
    "start": 2069.38,
    "end": 2070.09,
    "speaker": "老师",
    "text": "今天我们学习了什么内容？"
  },
  {
    "start": 2069.38,
    "end": 2070.09,
    "speaker": "老师",
    "text": "我们学习了用样本平均数，"
  },
  {
    "start": 2069.38,
    "end": 2070.09,
    "speaker": "老师",
    "text": "估计总体平均数，"
  },
  {
    "start": 2069.38,
    "end": 2070.09,
    "speaker": "老师",
    "text": "这是一种用样本估计总体的思想。"
  },
  {
    "start": 2069.38,
    "end": 2070.09,
    "speaker": "老师",
    "text": "今天我们还有什么发现呢？"
  },
  {
    "start": 2069.38,
    "end": 2070.09,
    "speaker": "老师",
    "text": "我们发现用样本估计总体的思想在生产生活当中应用非常的广泛。"
  },
  {
    "start": 2069.38,
    "end": 2070.09,
    "speaker": "老师",
    "text": "今天我们还有什么质疑呢？"
  },
  {
    "start": 2069.38,
    "end": 2070.09,
    "speaker": "老师",
    "text": "对于用样本估计总体除了平均数指标还有其他吗？"
  },
  {
    "start": 2069.38,
    "end": 2070.09,
    "speaker": "老师",
    "text": "最后，"
  },
  {
    "start": 2069.38,
    "end": 2070.09,
    "speaker": "老师",
    "text": "请同学们完成以下两项作业。"
  },
  {
    "start": 2069.38,
    "end": 2070.09,
    "speaker": "老师",
    "text": "第一，"
  },
  {
    "start": 2069.38,
    "end": 2070.09,
    "speaker": "老师",
    "text": "数学作业本第四十一页，"
  },
  {
    "start": 2069.38,
    "end": 2070.09,
    "speaker": "老师",
    "text": "二十点一一平均数r."
  },
  {
    "start": 2069.38,
    "end": 2070.09,
    "speaker": "老师",
    "text": "第二，"
  },
  {
    "start": 2069.38,
    "end": 2070.09,
    "speaker": "老师",
    "text": "实践活动请帮助妈妈整理二零二零年第一季度的扫码支付账单，"
  },
  {
    "start": 2069.38,
    "end": 2070.09,
    "speaker": "老师",
    "text": "整理成统计图表，"
  },
  {
    "start": 2069.38,
    "end": 2070.09,
    "speaker": "老师",
    "text": "并预估妈妈二零二零年在扫码支付中将花费多少元？"
  },
  {
    "start": 2069.38,
    "end": 2070.09,
    "speaker": "老师",
    "text": "那么这节课到这里就结束了，"
  },
  {
    "start": 2069.38,
    "end": 2070.09,
    "speaker": "老师",
    "text": "同学们再见。"
  }
]