[
  {
    "start": 4.0,
    "end": 12.53,
    "speaker": "老师",
    "text": "嗯，"
  },
  {
    "start": 12.53,
    "end": 13.85,
    "speaker": "老师",
    "text": "同学们好，"
  },
  {
    "start": 13.93,
    "end": 19.61,
    "speaker": "老师",
    "text": "今天我将和大家一起来学习第六章第一节平行四边形的性质。"
  },
  {
    "start": 19.61,
    "end": 21.59,
    "speaker": "老师",
    "text": "第二课时。"
  },
  {
    "start": 21.59,
    "end": 40.24,
    "speaker": "老师",
    "text": "首先我们来看一下本节课的学习目标。"
  },
  {
    "start": 40.24,
    "end": 45.78,
    "speaker": "老师",
    "text": "我们先来回顾一下上一节课我们所学习的知识上一节课，"
  },
  {
    "start": 45.78,
    "end": 51.1,
    "speaker": "老师",
    "text": "我们学习了平行四边形的定义和性质。"
  },
  {
    "start": 51.34,
    "end": 57.82,
    "speaker": "老师",
    "text": "我们把两组对边分别平行的四边形叫做平行四边形。"
  },
  {
    "start": 57.82,
    "end": 60.78,
    "speaker": "老师",
    "text": "平行四边形的对边相等，"
  },
  {
    "start": 60.78,
    "end": 62.1,
    "speaker": "老师",
    "text": "对角相等。"
  },
  {
    "start": 62.1,
    "end": 65.22,
    "speaker": "老师",
    "text": "平行四边形是中心对称图形，"
  },
  {
    "start": 65.22,
    "end": 69.41,
    "speaker": "老师",
    "text": "两条对角线的交点是它的对称中心。"
  },
  {
    "start": 69.41,
    "end": 89.19,
    "speaker": "老师",
    "text": "接下来请同学们完成这两道题目，"
  },
  {
    "start": 89.19,
    "end": 89.95,
    "speaker": "老师",
    "text": "同学们，"
  },
  {
    "start": 89.95,
    "end": 92.03,
    "speaker": "老师",
    "text": "你们都做完了吗？"
  },
  {
    "start": 92.03,
    "end": 95.22,
    "speaker": "老师",
    "text": "我们一起来看一下。"
  },
  {
    "start": 95.3,
    "end": 100.0,
    "speaker": "老师",
    "text": "首先我们来看一下第一题，"
  },
  {
    "start": 100.0,
    "end": 105.66,
    "speaker": "老师",
    "text": "平行四边形ABCD中角a比角b大二十度，"
  },
  {
    "start": 105.66,
    "end": 108.58,
    "speaker": "老师",
    "text": "要我们求出角c的度数。"
  },
  {
    "start": 108.58,
    "end": 113.6,
    "speaker": "老师",
    "text": "在这里面我们发现没有图形，"
  },
  {
    "start": 113.6,
    "end": 118.9,
    "speaker": "老师",
    "text": "所以需要根据题目画出一个平行四边形。"
  },
  {
    "start": 119.06,
    "end": 123.55,
    "speaker": "老师",
    "text": "Abcd由平行四边形的定义，"
  },
  {
    "start": 123.75,
    "end": 130.44,
    "speaker": "老师",
    "text": "我们知道AD平行BC即可得出角a加角b等于一百八十度，"
  },
  {
    "start": 131.32,
    "end": 133.86,
    "speaker": "老师",
    "text": "又因为角a比角b大二十度，"
  },
  {
    "start": 133.86,
    "end": 137.18,
    "speaker": "老师",
    "text": "所以可以求出角a等于一百度，"
  },
  {
    "start": 137.18,
    "end": 139.4,
    "speaker": "老师",
    "text": "角b等于八十度，"
  },
  {
    "start": 140.99,
    "end": 144.37,
    "speaker": "老师",
    "text": "由平行四边形的对角相等，"
  },
  {
    "start": 144.43,
    "end": 150.91,
    "speaker": "老师",
    "text": "我们可以得到角c等于角a等于一百度，"
  },
  {
    "start": 150.91,
    "end": 155.94,
    "speaker": "老师",
    "text": "所以答案选择c现在我们来看一下第二题，"
  },
  {
    "start": 156.95,
    "end": 160.49,
    "speaker": "老师",
    "text": "平四边形ABCD中周长为四十厘米，"
  },
  {
    "start": 160.75,
    "end": 167.11,
    "speaker": "老师",
    "text": "三角形ABC的周长为二十五厘米，"
  },
  {
    "start": 167.11,
    "end": 170.13,
    "speaker": "老师",
    "text": "要我们求出对角线AC的长度，"
  },
  {
    "start": 170.13,
    "end": 173.83,
    "speaker": "老师",
    "text": "由平行四边形的对边相等，"
  },
  {
    "start": 173.97,
    "end": 180.69,
    "speaker": "老师",
    "text": "我们可以得到AB加BC等于二十厘米。"
  },
  {
    "start": 180.69,
    "end": 185.33,
    "speaker": "老师",
    "text": "又因为三角形ABC的周长为二十五厘米，"
  },
  {
    "start": 185.49,
    "end": 188.25,
    "speaker": "老师",
    "text": "所以我们可以得出AC为五厘米，"
  },
  {
    "start": 188.33,
    "end": 191.81,
    "speaker": "老师",
    "text": "答案选择a你们都写对了吗？"
  },
  {
    "start": 191.81,
    "end": 201.94,
    "speaker": "老师",
    "text": "上一节课我们已经学习了平行四边形边和角的相关性质。"
  },
  {
    "start": 201.94,
    "end": 223.41,
    "speaker": "老师",
    "text": "那么这节课我们继续来探究一下平行四边形的对角线有怎么样的性质。"
  },
  {
    "start": 223.41,
    "end": 247.21,
    "speaker": "老师",
    "text": "我们先来看一下平行四边形ABCD对角线ACBD相交于点o现在我们去猜测一下OA和OCOB和OD有什么样的关系呢？"
  },
  {
    "start": 247.45,
    "end": 249.07,
    "speaker": "老师",
    "text": "同学们，"
  },
  {
    "start": 249.07,
    "end": 257.09,
    "speaker": "老师",
    "text": "你们发现OA和OCOB和OD有什么样的关系呢？"
  },
  {
    "start": 257.09,
    "end": 257.67,
    "speaker": "老师",
    "text": "是的，"
  },
  {
    "start": 257.67,
    "end": 261.81,
    "speaker": "老师",
    "text": "我们发现OA等于OCOB等于OD."
  },
  {
    "start": 261.81,
    "end": 266.06,
    "speaker": "老师",
    "text": "那我们再次来旋转一下平行四边形，"
  },
  {
    "start": 266.06,
    "end": 266.78,
    "speaker": "老师",
    "text": "看一看。"
  },
  {
    "start": 266.78,
    "end": 267.48,
    "speaker": "老师",
    "text": "同学们，"
  },
  {
    "start": 267.84,
    "end": 270.16,
    "speaker": "老师",
    "text": "你发现了什么吗？"
  },
  {
    "start": 270.34,
    "end": 271.12,
    "speaker": "老师",
    "text": "是的，"
  },
  {
    "start": 309.3,
    "end": 319.15,
    "speaker": "老师",
    "text": "我们发现了OA和OCOB和OD重叠了即可说明OA等于OCOB等于OD."
  },
  {
    "start": 319.15,
    "end": 323.5,
    "speaker": "老师",
    "text": "但这一个是我们通过实验操作得到的。"
  },
  {
    "start": 323.5,
    "end": 330.86,
    "speaker": "老师",
    "text": "如何通过推理论证进一步验证这个结论的正确性呢？"
  },
  {
    "start": 330.86,
    "end": 337.3,
    "speaker": "老师",
    "text": "首先请同学们根据这明命题的一般步骤，"
  },
  {
    "start": 337.3,
    "end": 340.17,
    "speaker": "老师",
    "text": "画出图形，"
  },
  {
    "start": 340.19,
    "end": 344.75,
    "speaker": "老师",
    "text": "写出已知和求证。"
  },
  {
    "start": 344.81,
    "end": 382.84,
    "speaker": "老师",
    "text": "你们写出来了吗？"
  },
  {
    "start": 382.84,
    "end": 385.75,
    "speaker": "老师",
    "text": "那我们一起来看一看，"
  },
  {
    "start": 385.75,
    "end": 391.89,
    "speaker": "老师",
    "text": "用我们求证平行四边形的对角线互相平分。"
  },
  {
    "start": 392.55,
    "end": 399.9,
    "speaker": "老师",
    "text": "我们可以根据题意画出一个平行四边形连接对角线，"
  },
  {
    "start": 399.9,
    "end": 404.12,
    "speaker": "老师",
    "text": "ACBD相交于点o根据题意结合图形，"
  },
  {
    "start": 404.12,
    "end": 410.51,
    "speaker": "老师",
    "text": "我们可以写出已知平行四边形ABCD的对角线，"
  },
  {
    "start": 410.51,
    "end": 417.51,
    "speaker": "老师",
    "text": "ACBD相交于点o求证OA等于OCOB等于OD."
  },
  {
    "start": 417.51,
    "end": 422.05,
    "speaker": "老师",
    "text": "现在请同学们完成证明。"
  },
  {
    "start": 422.05,
    "end": 422.71,
    "speaker": "老师",
    "text": "同学们，"
  },
  {
    "start": 422.79,
    "end": 424.89,
    "speaker": "老师",
    "text": "你们都完成了吗？"
  },
  {
    "start": 424.93,
    "end": 433.13,
    "speaker": "老师",
    "text": "我们一起来看一看已知四边形ABCD是平行四边形，"
  },
  {
    "start": 433.13,
    "end": 436.77,
    "speaker": "老师",
    "text": "要求证明OA等于OCOB等于OD."
  },
  {
    "start": 436.93,
    "end": 442.03,
    "speaker": "老师",
    "text": "我们说过要证明线段相等的话，"
  },
  {
    "start": 442.03,
    "end": 446.7,
    "speaker": "老师",
    "text": "可以通过证明三角形全等。"
  },
  {
    "start": 446.84,
    "end": 456.78,
    "speaker": "老师",
    "text": "在这里我们可以证明三角形ABO全等于三角形CBO."
  },
  {
    "start": 456.96,
    "end": 463.98,
    "speaker": "老师",
    "text": "那要证明这两个三角形全等还需要什么条件呢？"
  },
  {
    "start": 464.08,
    "end": 466.44,
    "speaker": "老师",
    "text": "由平行四边形的性质。"
  },
  {
    "start": 466.6,
    "end": 471.53,
    "speaker": "老师",
    "text": "我们知道AB等于CD,"
  },
  {
    "start": 471.53,
    "end": 475.25,
    "speaker": "老师",
    "text": "根据平行四边形的定义，"
  },
  {
    "start": 475.33,
    "end": 486.27,
    "speaker": "老师",
    "text": "我们可以得到AB平行CD即可得到角一等于角二角三等于角四由角边角，"
  },
  {
    "start": 486.37,
    "end": 497.44,
    "speaker": "老师",
    "text": "我们就可以求出这两个三角形全等即可证明OA等于OCOB等于OD."
  },
  {
    "start": 497.44,
    "end": 500.24,
    "speaker": "老师",
    "text": "我们一起来看一下证明过程。"
  },
  {
    "start": 500.38,
    "end": 549.53,
    "speaker": "老师",
    "text": "因为四边形ABCD是平行四边形，"
  },
  {
    "start": 549.53,
    "end": 559.23,
    "speaker": "老师",
    "text": "所以AB等于CDAB平行CD有两直线平行内错角相等，"
  },
  {
    "start": 559.53,
    "end": 621.69,
    "speaker": "老师",
    "text": "我们可以得到角一等于角二角三等于角四既由角边角，"
  },
  {
    "start": 621.69,
    "end": 626.59,
    "speaker": "老师",
    "text": "我们得到了三角形AOB全等于三角形COD."
  },
  {
    "start": 626.59,
    "end": 633.72,
    "speaker": "老师",
    "text": "最终我们可以证明OA等于OCOB等于OD."
  },
  {
    "start": 633.72,
    "end": 638.66,
    "speaker": "老师",
    "text": "那还有什么其他的方法吗？"
  },
  {
    "start": 638.66,
    "end": 639.18,
    "speaker": "老师",
    "text": "是的，"
  },
  {
    "start": 639.18,
    "end": 639.96,
    "speaker": "老师",
    "text": "同样的，"
  },
  {
    "start": 640.0,
    "end": 647.4,
    "speaker": "老师",
    "text": "我们可以证明三角形AOD全等于三角形COB,"
  },
  {
    "start": 647.4,
    "end": 651.98,
    "speaker": "老师",
    "text": "我们同样可以得到OA,"
  },
  {
    "start": 651.98,
    "end": 655.69,
    "speaker": "老师",
    "text": "等于OCOB等于OD."
  },
  {
    "start": 655.69,
    "end": 663.05,
    "speaker": "老师",
    "text": "那我们就得到了我们有关平行四边形的另外一个性质。"
  },
  {
    "start": 663.05,
    "end": 667.69,
    "speaker": "老师",
    "text": "平行四边形的对角线互相平分，"
  },
  {
    "start": 667.91,
    "end": 673.49,
    "speaker": "老师",
    "text": "用我们的几何语言来表示就是如图所示。"
  },
  {
    "start": 674.99,
    "end": 680.85,
    "speaker": "老师",
    "text": "因为四边形ABCD是平行四边形，"
  },
  {
    "start": 680.85,
    "end": 685.63,
    "speaker": "老师",
    "text": "所以OA等于OCOB等于OD."
  },
  {
    "start": 685.63,
    "end": 687.21,
    "speaker": "老师",
    "text": "接下来，"
  },
  {
    "start": 687.21,
    "end": 695.51,
    "speaker": "老师",
    "text": "请同学们利用这一性质解决这个问题，"
  },
  {
    "start": 695.53,
    "end": 699.12,
    "speaker": "老师",
    "text": "同学们你们都完成了吗？"
  },
  {
    "start": 700.65,
    "end": 703.45,
    "speaker": "老师",
    "text": "我们一起来看一看这道题目。"
  },
  {
    "start": 703.45,
    "end": 712.36,
    "speaker": "老师",
    "text": "平行四边形ABCD对角线ACBD相交于点o角a b等于九十度，"
  },
  {
    "start": 712.36,
    "end": 713.16,
    "speaker": "老师",
    "text": "OA等于六，"
  },
  {
    "start": 713.16,
    "end": 715.55,
    "speaker": "老师",
    "text": "OB等于三，"
  },
  {
    "start": 715.55,
    "end": 759.08,
    "speaker": "老师",
    "text": "由平行四边形的对角线互相平分，"
  },
  {
    "start": 759.08,
    "end": 762.9,
    "speaker": "老师",
    "text": "我们可以得到OC等于OA等于六，"
  },
  {
    "start": 762.9,
    "end": 765.2,
    "speaker": "老师",
    "text": "OD等于OB等于三，"
  },
  {
    "start": 765.22,
    "end": 767.98,
    "speaker": "老师",
    "text": "即可求到AC的长度。"
  },
  {
    "start": 767.98,
    "end": 771.69,
    "speaker": "老师",
    "text": "有一位角a等于九十度，"
  },
  {
    "start": 771.69,
    "end": 774.17,
    "speaker": "老师",
    "text": "所以三角形ADO是直角三角形。"
  },
  {
    "start": 774.87,
    "end": 776.39,
    "speaker": "老师",
    "text": "在直角三角形中，"
  },
  {
    "start": 776.39,
    "end": 780.0,
    "speaker": "老师",
    "text": "我们知道AO等于六，"
  },
  {
    "start": 780.0,
    "end": 780.96,
    "speaker": "老师",
    "text": "OD等于三，"
  },
  {
    "start": 780.96,
    "end": 785.3,
    "speaker": "老师",
    "text": "由勾股定理即可求出AD的长度。"
  },
  {
    "start": 785.78,
    "end": 790.18,
    "speaker": "老师",
    "text": "现在我们一起来看一下证明过程。"
  },
  {
    "start": 790.18,
    "end": 795.65,
    "speaker": "老师",
    "text": "因为四边形ABCD是平行四边形，"
  },
  {
    "start": 795.67,
    "end": 798.41,
    "speaker": "老师",
    "text": "所以OA等于OC等于六，"
  },
  {
    "start": 798.41,
    "end": 803.78,
    "speaker": "老师",
    "text": "OB等于OD等于三，"
  },
  {
    "start": 803.78,
    "end": 808.07,
    "speaker": "老师",
    "text": "即可求出AC等于OA加OC等于十二。"
  },
  {
    "start": 808.07,
    "end": 813.88,
    "speaker": "老师",
    "text": "又因为角ADB是九十度，"
  },
  {
    "start": 813.88,
    "end": 819.91,
    "speaker": "老师",
    "text": "所以三角形ADO是直角三角形，"
  },
  {
    "start": 819.91,
    "end": 820.99,
    "speaker": "老师",
    "text": "求勾股定理，"
  },
  {
    "start": 820.99,
    "end": 826.12,
    "speaker": "老师",
    "text": "我们可以求出AB等于三根号三。"
  },
  {
    "start": 826.12,
    "end": 834.36,
    "speaker": "老师",
    "text": "那么最终我们就得到了AC等于十二AD等于三根号三。"
  },
  {
    "start": 834.42,
    "end": 842.75,
    "speaker": "老师",
    "text": "你们的答案是这个样子的吗？"
  },
  {
    "start": 842.75,
    "end": 849.27,
    "speaker": "老师",
    "text": "现在我们来看一下下面一道题目，"
  },
  {
    "start": 849.27,
    "end": 851.61,
    "speaker": "老师",
    "text": "同学们，"
  },
  {
    "start": 851.61,
    "end": 852.79,
    "speaker": "老师",
    "text": "你们都写完了吗？"
  },
  {
    "start": 852.79,
    "end": 858.12,
    "speaker": "老师",
    "text": "我们一起来看一下这道题目，"
  },
  {
    "start": 858.46,
    "end": 862.71,
    "speaker": "老师",
    "text": "要求我们证明o一等于OF."
  },
  {
    "start": 862.71,
    "end": 868.31,
    "speaker": "老师",
    "text": "那如何来证明o一等于OF呢？"
  },
  {
    "start": 868.31,
    "end": 868.71,
    "speaker": "老师",
    "text": "是的，"
  },
  {
    "start": 868.71,
    "end": 869.37,
    "speaker": "老师",
    "text": "非常好，"
  },
  {
    "start": 869.37,
    "end": 877.57,
    "speaker": "老师",
    "text": "我们可以通过证明三角形的全等来证明。"
  },
  {
    "start": 877.57,
    "end": 882.09,
    "speaker": "老师",
    "text": "那要证明哪两个三角形全等呢？"
  },
  {
    "start": 882.29,
    "end": 882.91,
    "speaker": "老师",
    "text": "非常好，"
  },
  {
    "start": 882.91,
    "end": 941.58,
    "speaker": "老师",
    "text": "我们在这里我们可以通过证明三角形EOD全等于三角形FOB."
  },
  {
    "start": 941.58,
    "end": 948.21,
    "speaker": "老师",
    "text": "那我们现在来看一下如何来证明这两个三角形全等。"
  },
  {
    "start": 948.21,
    "end": 954.59,
    "speaker": "老师",
    "text": "因为四边形ABCD是平行四边形，"
  },
  {
    "start": 954.59,
    "end": 960.17,
    "speaker": "老师",
    "text": "所以我们可以得到角EDO等于角FBO用。"
  },
  {
    "start": 960.17,
    "end": 968.43,
    "speaker": "老师",
    "text": "因为平行四边形的对角线互相平分，"
  },
  {
    "start": 968.43,
    "end": 973.32,
    "speaker": "老师",
    "text": "所以我们可以得到BO等于DO,"
  },
  {
    "start": 973.54,
    "end": 976.98,
    "speaker": "老师",
    "text": "加上角BOD等于角FOP,"
  },
  {
    "start": 977.81,
    "end": 981.53,
    "speaker": "老师",
    "text": "对顶角相等，"
  },
  {
    "start": 981.53,
    "end": 985.29,
    "speaker": "老师",
    "text": "由角边角我们就得到了这两个三角形全等，"
  },
  {
    "start": 985.45,
    "end": 988.87,
    "speaker": "老师",
    "text": "即可证明o一等于OF."
  },
  {
    "start": 989.25,
    "end": 992.82,
    "speaker": "老师",
    "text": "我们一起来看一下它的自明过程。"
  },
  {
    "start": 992.82,
    "end": 998.17,
    "speaker": "老师",
    "text": "因为四边形ABCD是平行四边形，"
  },
  {
    "start": 998.17,
    "end": 1004.79,
    "speaker": "老师",
    "text": "所以DO等于BOAD平行BC,"
  },
  {
    "start": 1004.79,
    "end": 1011.77,
    "speaker": "老师",
    "text": "所以角ODE等于角OBF."
  },
  {
    "start": 1011.83,
    "end": 1015.47,
    "speaker": "老师",
    "text": "又因为对顶角相等，"
  },
  {
    "start": 1015.47,
    "end": 1018.61,
    "speaker": "老师",
    "text": "角DOE等于角BOF,"
  },
  {
    "start": 1018.61,
    "end": 1058.54,
    "speaker": "老师",
    "text": "所以我们可以证明三角形DOE全等于三角形DOF即可得出o一等于OF."
  },
  {
    "start": 1058.54,
    "end": 1064.82,
    "speaker": "老师",
    "text": "你们都是通过这种方法来证明的吗？"
  },
  {
    "start": 1064.86,
    "end": 1065.6,
    "speaker": "老师",
    "text": "非常好。"
  },
  {
    "start": 1065.6,
    "end": 1076.5,
    "speaker": "老师",
    "text": "其实我们还可以通过证明三角形AOE全等于三角形COF."
  },
  {
    "start": 1076.5,
    "end": 1077.88,
    "speaker": "老师",
    "text": "当然这种方法呢，"
  },
  {
    "start": 1077.88,
    "end": 1081.24,
    "speaker": "老师",
    "text": "同学们可以课后去尝试一下。"
  },
  {
    "start": 1081.4,
    "end": 1086.03,
    "speaker": "老师",
    "text": "现在老师把这个题目稍微的变一下，"
  },
  {
    "start": 1086.29,
    "end": 1092.9,
    "speaker": "老师",
    "text": "请同学们探究一下OE和OF的大小关系。"
  },
  {
    "start": 1093.2,
    "end": 1093.84,
    "speaker": "老师",
    "text": "同学们，"
  },
  {
    "start": 1093.84,
    "end": 1102.75,
    "speaker": "老师",
    "text": "你们发现了OE和OF有什么样的大小关系吗？"
  },
  {
    "start": 1102.83,
    "end": 1105.19,
    "speaker": "老师",
    "text": "是的，"
  },
  {
    "start": 1105.29,
    "end": 1109.13,
    "speaker": "老师",
    "text": "我们发现了o一等于OF,"
  },
  {
    "start": 1109.13,
    "end": 1111.13,
    "speaker": "老师",
    "text": "那你是如何证明的呢？"
  },
  {
    "start": 1111.13,
    "end": 1112.23,
    "speaker": "老师",
    "text": "非常好。"
  },
  {
    "start": 1112.23,
    "end": 1130.42,
    "speaker": "老师",
    "text": "同样的我们可以证明三角形AOE全等于三角形COF."
  },
  {
    "start": 1130.42,
    "end": 1136.31,
    "speaker": "老师",
    "text": "因为四边形ABCD是平行四边形，"
  },
  {
    "start": 1136.69,
    "end": 1142.27,
    "speaker": "老师",
    "text": "所以我们可以求到AB平行CD,"
  },
  {
    "start": 1142.37,
    "end": 1145.85,
    "speaker": "老师",
    "text": "两直线平行内错角相等，"
  },
  {
    "start": 1145.85,
    "end": 1149.19,
    "speaker": "老师",
    "text": "我们可以得到角EA,"
  },
  {
    "start": 1149.43,
    "end": 1151.27,
    "speaker": "老师",
    "text": "等于角FCO."
  },
  {
    "start": 1151.29,
    "end": 1157.24,
    "speaker": "老师",
    "text": "又因为平行四边形的对角线互相平分，"
  },
  {
    "start": 1157.24,
    "end": 1158.86,
    "speaker": "老师",
    "text": "我们得到了AO,"
  },
  {
    "start": 1158.88,
    "end": 1160.48,
    "speaker": "老师",
    "text": "等于CO,"
  },
  {
    "start": 1160.48,
    "end": 1165.48,
    "speaker": "老师",
    "text": "加上对顶角相等即可求出这两个三角形全等。"
  },
  {
    "start": 1165.48,
    "end": 1209.48,
    "speaker": "老师",
    "text": "所以我们得出了o一等于OF."
  },
  {
    "start": 1209.48,
    "end": 1213.01,
    "speaker": "老师",
    "text": "现在老师把这个题目再次的变了一下，"
  },
  {
    "start": 1215.17,
    "end": 1225.85,
    "speaker": "老师",
    "text": "我们现在直线EF与DABC的延长线相交于点e和点f那o一是否还等于OF呢？"
  },
  {
    "start": 1225.85,
    "end": 1230.58,
    "speaker": "老师",
    "text": "请同学们去验证一下同学们OA等于OF,"
  },
  {
    "start": 1232.24,
    "end": 1234.54,
    "speaker": "老师",
    "text": "这个结论还成立吗？"
  },
  {
    "start": 1234.92,
    "end": 1235.32,
    "speaker": "老师",
    "text": "是的，"
  },
  {
    "start": 1235.32,
    "end": 1236.68,
    "speaker": "老师",
    "text": "o一等于OF."
  },
  {
    "start": 1236.68,
    "end": 1244.6,
    "speaker": "老师",
    "text": "同样的我们可以证明三角形AOE全等于三角形COF."
  },
  {
    "start": 1244.6,
    "end": 1249.68,
    "speaker": "老师",
    "text": "因为四边形ABCD是平行四边形，"
  },
  {
    "start": 1249.68,
    "end": 1252.58,
    "speaker": "老师",
    "text": "所以我们可以得到AD,"
  },
  {
    "start": 1252.58,
    "end": 1260.32,
    "speaker": "老师",
    "text": "平行BC即可得到角EAO等于角FCO."
  },
  {
    "start": 1260.32,
    "end": 1267.69,
    "speaker": "老师",
    "text": "又因为平行四边形的对角线互相平分，"
  },
  {
    "start": 1267.69,
    "end": 1271.58,
    "speaker": "老师",
    "text": "所以我们可以得到AO,"
  },
  {
    "start": 1271.58,
    "end": 1273.64,
    "speaker": "老师",
    "text": "等于CO,"
  },
  {
    "start": 1273.64,
    "end": 1274.66,
    "speaker": "老师",
    "text": "由对顶角相等，"
  },
  {
    "start": 1274.74,
    "end": 1278.98,
    "speaker": "老师",
    "text": "我们可以得到角AOE等于角COF既有角边角，"
  },
  {
    "start": 1279.02,
    "end": 1285.64,
    "speaker": "老师",
    "text": "我们得到了三角形AOE,"
  },
  {
    "start": 1285.64,
    "end": 1288.86,
    "speaker": "老师",
    "text": "全等于三角形COF,"
  },
  {
    "start": 1288.86,
    "end": 1300.05,
    "speaker": "老师",
    "text": "所以我们得到了o一等于OF在这里使直线EF与ABBC延长线相交，"
  },
  {
    "start": 1300.07,
    "end": 1307.63,
    "speaker": "老师",
    "text": "那与ABCD的延长线相交又会出现什么情况呢？"
  },
  {
    "start": 1307.69,
    "end": 1311.97,
    "speaker": "老师",
    "text": "我们一起来看一下OE等于OF,"
  },
  {
    "start": 1311.97,
    "end": 1350.97,
    "speaker": "老师",
    "text": "这个结论还成立吗？"
  },
  {
    "start": 1350.97,
    "end": 1351.93,
    "speaker": "老师",
    "text": "同样的，"
  },
  {
    "start": 1351.93,
    "end": 1360.93,
    "speaker": "老师",
    "text": "我们可以通过证明三角形AOE全等于三角形COF证明o一等于OF."
  },
  {
    "start": 1360.93,
    "end": 1365.52,
    "speaker": "老师",
    "text": "所以当我们改变直线EF的位置，"
  },
  {
    "start": 1365.52,
    "end": 1369.51,
    "speaker": "老师",
    "text": "过直线的交点与平行四边形一组，"
  },
  {
    "start": 1369.51,
    "end": 1376.15,
    "speaker": "老师",
    "text": "对边或者对边的延长线所得到的线段OE和OF是相等的。"
  },
  {
    "start": 1376.15,
    "end": 1382.7,
    "speaker": "老师",
    "text": "接下来我们进入本节课的班堂检测环节，"
  },
  {
    "start": 1382.7,
    "end": 1389.89,
    "speaker": "老师",
    "text": "检测一下同学们的学习效果。"
  },
  {
    "start": 1389.91,
    "end": 1392.77,
    "speaker": "老师",
    "text": "请同学们完成一二小题。"
  },
  {
    "start": 1393.33,
    "end": 1394.21,
    "speaker": "老师",
    "text": "同学们，"
  },
  {
    "start": 1394.21,
    "end": 1395.93,
    "speaker": "老师",
    "text": "你们都完成了吗？"
  },
  {
    "start": 1395.93,
    "end": 1398.33,
    "speaker": "老师",
    "text": "我们一起来看一看吧。"
  },
  {
    "start": 1398.33,
    "end": 1401.65,
    "speaker": "老师",
    "text": "首先我们来看一下第一题，"
  },
  {
    "start": 1401.65,
    "end": 1407.14,
    "speaker": "老师",
    "text": "四边形ABCD是平行四边形，"
  },
  {
    "start": 1407.14,
    "end": 1410.78,
    "speaker": "老师",
    "text": "AC等于十BD等于八要。"
  },
  {
    "start": 1410.78,
    "end": 1414.91,
    "speaker": "老师",
    "text": "我们求AD的取值范围，"
  },
  {
    "start": 1414.93,
    "end": 1422.34,
    "speaker": "老师",
    "text": "那我们可以利用三角形的两边之和大于第三边来求AB的取值范围。"
  },
  {
    "start": 1422.78,
    "end": 1427.01,
    "speaker": "老师",
    "text": "因为ABCD是平行四边形，"
  },
  {
    "start": 1427.01,
    "end": 1430.77,
    "speaker": "老师",
    "text": "所以它的对角线互相平分，"
  },
  {
    "start": 1430.77,
    "end": 1439.07,
    "speaker": "老师",
    "text": "所以我们可以得到AO等于五BO等于四，"
  },
  {
    "start": 1439.07,
    "end": 1445.3,
    "speaker": "老师",
    "text": "由三角形的两边之和大于第三边即可。"
  },
  {
    "start": 1445.3,
    "end": 1447.65,
    "speaker": "老师",
    "text": "在三角形ADO中，"
  },
  {
    "start": 1448.98,
    "end": 1456.06,
    "speaker": "老师",
    "text": "我们求出AD的取值范围是一小于AD小于九。"
  },
  {
    "start": 1456.34,
    "end": 1460.32,
    "speaker": "老师",
    "text": "接下来我们来看一下第二题，"
  },
  {
    "start": 1460.32,
    "end": 1463.46,
    "speaker": "老师",
    "text": "四边形ABCD是平行四边形，"
  },
  {
    "start": 1463.66,
    "end": 1467.88,
    "speaker": "老师",
    "text": "AC加BD等于二十，"
  },
  {
    "start": 1467.88,
    "end": 1472.25,
    "speaker": "老师",
    "text": "三角形AOB的周长是十五，"
  },
  {
    "start": 1472.41,
    "end": 1477.11,
    "speaker": "老师",
    "text": "要求CD的长度由平行四边形的性质。"
  },
  {
    "start": 1477.11,
    "end": 1481.77,
    "speaker": "老师",
    "text": "我们知道平行四边形的对边相等，"
  },
  {
    "start": 1481.77,
    "end": 1486.91,
    "speaker": "老师",
    "text": "即我们可以先求出AP的长度。"
  },
  {
    "start": 1486.91,
    "end": 1489.75,
    "speaker": "老师",
    "text": "因为四边形ABCD是平行四边形，"
  },
  {
    "start": 1490.03,
    "end": 1493.89,
    "speaker": "老师",
    "text": "而且AC加BD等于二十，"
  },
  {
    "start": 1493.89,
    "end": 1497.85,
    "speaker": "老师",
    "text": "所以我们可以得到AO加BO等于十。"
  },
  {
    "start": 1498.05,
    "end": 1502.19,
    "speaker": "老师",
    "text": "又因为三角形AOB的周长等于十五，"
  },
  {
    "start": 1502.19,
    "end": 1552.48,
    "speaker": "老师",
    "text": "所以我们可以求出AB等于五即可求出你来比录。"
  },
  {
    "start": 1552.48,
    "end": 1553.84,
    "speaker": "老师",
    "text": "同学们，"
  },
  {
    "start": 1553.94,
    "end": 1557.89,
    "speaker": "老师",
    "text": "你们得答案都正确吗？"
  },
  {
    "start": 1557.89,
    "end": 1559.81,
    "speaker": "老师",
    "text": "现在我们一起来看一下。"
  },
  {
    "start": 1559.81,
    "end": 1560.93,
    "speaker": "老师",
    "text": "第三题，"
  },
  {
    "start": 1561.01,
    "end": 1561.57,
    "speaker": "老师",
    "text": "同学们，"
  },
  {
    "start": 1561.57,
    "end": 1563.39,
    "speaker": "老师",
    "text": "你们都完成了吗？"
  },
  {
    "start": 1563.39,
    "end": 1569.87,
    "speaker": "老师",
    "text": "我们一起来看一下已知四边形ABCD是平行四边形，"
  },
  {
    "start": 1569.87,
    "end": 1573.09,
    "speaker": "老师",
    "text": "OA等于三厘米，"
  },
  {
    "start": 1573.23,
    "end": 1576.46,
    "speaker": "老师",
    "text": "OB等于四厘米，"
  },
  {
    "start": 1576.46,
    "end": 1579.4,
    "speaker": "老师",
    "text": "AB等于五厘米。"
  },
  {
    "start": 1579.4,
    "end": 1581.82,
    "speaker": "老师",
    "text": "由平行四边形的性质，"
  },
  {
    "start": 1581.82,
    "end": 1585.36,
    "speaker": "老师",
    "text": "我们可以求出CD的长度。"
  },
  {
    "start": 1585.36,
    "end": 1589.64,
    "speaker": "老师",
    "text": "因为平行四边形的对角线互相平分，"
  },
  {
    "start": 1590.16,
    "end": 1601.39,
    "speaker": "老师",
    "text": "我们可以求出OD等于OBOC等于OA即可求出AC和BD的长度。"
  },
  {
    "start": 1601.39,
    "end": 1605.71,
    "speaker": "老师",
    "text": "所以我们还需要求AB和BC的长度。"
  },
  {
    "start": 1606.33,
    "end": 1607.31,
    "speaker": "老师",
    "text": "如何去求呢？"
  },
  {
    "start": 1607.61,
    "end": 1608.51,
    "speaker": "老师",
    "text": "是的，"
  },
  {
    "start": 1608.51,
    "end": 1615.21,
    "speaker": "老师",
    "text": "我们发现在三角形AOB中，"
  },
  {
    "start": 1615.21,
    "end": 1617.59,
    "speaker": "老师",
    "text": "OA等于三厘米，"
  },
  {
    "start": 1617.59,
    "end": 1620.24,
    "speaker": "老师",
    "text": "OB等于四厘米，"
  },
  {
    "start": 1622.01,
    "end": 1625.21,
    "speaker": "老师",
    "text": "AB等于五厘米，"
  },
  {
    "start": 1625.33,
    "end": 1628.25,
    "speaker": "老师",
    "text": "满足勾股定理，"
  },
  {
    "start": 1628.25,
    "end": 1629.55,
    "speaker": "老师",
    "text": "即三角形，"
  },
  {
    "start": 1629.55,
    "end": 1631.07,
    "speaker": "老师",
    "text": "AOB是直角三角形。"
  },
  {
    "start": 1631.11,
    "end": 1637.78,
    "speaker": "老师",
    "text": "所以我们可以得到角AOD也等于九十度，"
  },
  {
    "start": 1637.78,
    "end": 1643.16,
    "speaker": "老师",
    "text": "即三角形AOD也是直角三角形，"
  },
  {
    "start": 1643.92,
    "end": 1647.78,
    "speaker": "老师",
    "text": "由OA等于三厘米，"
  },
  {
    "start": 1647.78,
    "end": 1649.88,
    "speaker": "老师",
    "text": "OD等于OB等于四厘米。"
  },
  {
    "start": 1649.88,
    "end": 1653.73,
    "speaker": "老师",
    "text": "我们可以求出AD的长度。"
  },
  {
    "start": 1653.73,
    "end": 1659.9,
    "speaker": "老师",
    "text": "因为平行四边形的对边相等，"
  },
  {
    "start": 1661.06,
    "end": 1665.12,
    "speaker": "老师",
    "text": "我们可以求出BC等于AD,"
  },
  {
    "start": 1665.18,
    "end": 1668.62,
    "speaker": "老师",
    "text": "现在我们一起来看一下过程。"
  },
  {
    "start": 1671.46,
    "end": 1676.72,
    "speaker": "老师",
    "text": "因为四边形ABCD是平行四边形，"
  },
  {
    "start": 1676.72,
    "end": 1687.83,
    "speaker": "老师",
    "text": "所以AB等于CDAD等于BCOA等于OCOB等于OD."
  },
  {
    "start": 1687.83,
    "end": 1691.86,
    "speaker": "老师",
    "text": "又因为OA等于三厘米，"
  },
  {
    "start": 1691.86,
    "end": 1695.22,
    "speaker": "老师",
    "text": "OB等于四厘米，"
  },
  {
    "start": 1695.62,
    "end": 1701.47,
    "speaker": "老师",
    "text": "AB等于五厘米，"
  },
  {
    "start": 1701.83,
    "end": 1708.2,
    "speaker": "老师",
    "text": "所以我们可以求出AC等于六厘米，"
  },
  {
    "start": 1708.52,
    "end": 1711.28,
    "speaker": "老师",
    "text": "BD等于八厘米，"
  },
  {
    "start": 1711.28,
    "end": 1714.44,
    "speaker": "老师",
    "text": "CD等于五厘米。"
  },
  {
    "start": 1714.44,
    "end": 1718.99,
    "speaker": "老师",
    "text": "又因为三的平方加四的平方等于五的平方，"
  },
  {
    "start": 1719.01,
    "end": 1788.86,
    "speaker": "老师",
    "text": "即三角形AOB是直角三角形，"
  },
  {
    "start": 1789.14,
    "end": 1792.66,
    "speaker": "老师",
    "text": "所以我们可以得到AC,"
  },
  {
    "start": 1792.66,
    "end": 1794.96,
    "speaker": "老师",
    "text": "垂直BD即可得到三角形。"
  },
  {
    "start": 1794.96,
    "end": 1797.22,
    "speaker": "老师",
    "text": "Aod是直角三角形，"
  },
  {
    "start": 1797.22,
    "end": 1799.71,
    "speaker": "老师",
    "text": "所以在直角三角形中，"
  },
  {
    "start": 1799.81,
    "end": 1804.39,
    "speaker": "老师",
    "text": "OA平方加OD的平方等于AD的平方。"
  },
  {
    "start": 1804.45,
    "end": 1808.78,
    "speaker": "老师",
    "text": "我们可以求出AD等于五厘米，"
  },
  {
    "start": 1808.78,
    "end": 1813.7,
    "speaker": "老师",
    "text": "由平行四边形的对边相等。"
  },
  {
    "start": 1814.0,
    "end": 1818.61,
    "speaker": "老师",
    "text": "我们求出了DC也等于五厘米。"
  },
  {
    "start": 1818.61,
    "end": 1825.56,
    "speaker": "老师",
    "text": "所以最终我们获得这个平行四边形中的其他各边都是五厘米，"
  },
  {
    "start": 1825.66,
    "end": 1835.09,
    "speaker": "老师",
    "text": "而两条对角线的长度分别是六厘米和八厘米。"
  },
  {
    "start": 1835.11,
    "end": 1840.8,
    "speaker": "老师",
    "text": "现在我们来看一下本节课的题目，"
  },
  {
    "start": 1840.8,
    "end": 1848.25,
    "speaker": "老师",
    "text": "要求我们判断BE和DF的关系。"
  },
  {
    "start": 1848.25,
    "end": 1856.34,
    "speaker": "老师",
    "text": "但是是要判断它的位置关系还是大小关系，"
  },
  {
    "start": 1856.48,
    "end": 1858.16,
    "speaker": "老师",
    "text": "题目并没有告诉我们，"
  },
  {
    "start": 1858.16,
    "end": 1865.09,
    "speaker": "老师",
    "text": "所以这两种情况我们都需要考虑到，"
  },
  {
    "start": 1865.09,
    "end": 1869.8,
    "speaker": "老师",
    "text": "同学们都考虑到了吗？"
  },
  {
    "start": 1869.8,
    "end": 1870.18,
    "speaker": "老师",
    "text": "是的，"
  },
  {
    "start": 1870.18,
    "end": 1874.37,
    "speaker": "老师",
    "text": "我们发现b一等于DF,"
  },
  {
    "start": 1874.61,
    "end": 1882.81,
    "speaker": "老师",
    "text": "而且b一平行DF如何来证明呢？"
  },
  {
    "start": 1882.81,
    "end": 1887.97,
    "speaker": "老师",
    "text": "我们说要证明线段和角相等，"
  },
  {
    "start": 1888.13,
    "end": 1892.93,
    "speaker": "老师",
    "text": "可以通过证明三角形全等来证明。"
  },
  {
    "start": 1893.23,
    "end": 1905.16,
    "speaker": "老师",
    "text": "那在这里面我们可以通过证明三角形BOF全等于三角形BOE得到b等于DF."
  },
  {
    "start": 1905.16,
    "end": 1909.21,
    "speaker": "老师",
    "text": "我们来看一下如何证明。"
  },
  {
    "start": 1910.02,
    "end": 1917.43,
    "speaker": "老师",
    "text": "因为四边形ABCD是平行四边形，"
  },
  {
    "start": 1917.79,
    "end": 1920.67,
    "speaker": "老师",
    "text": "由平四边形的对角线互相平分，"
  },
  {
    "start": 1920.67,
    "end": 1923.89,
    "speaker": "老师",
    "text": "我们可以得到AO,"
  },
  {
    "start": 1924.09,
    "end": 1927.73,
    "speaker": "老师",
    "text": "等于COBO等于DO."
  },
  {
    "start": 1927.73,
    "end": 1932.88,
    "speaker": "老师",
    "text": "就因为EF分别是AO和CO的终点，"
  },
  {
    "start": 1932.88,
    "end": 1941.67,
    "speaker": "老师",
    "text": "所以我们可以得到EO等于FO."
  },
  {
    "start": 1941.81,
    "end": 1948.09,
    "speaker": "老师",
    "text": "又因为角BOE和角DOF是对顶角，"
  },
  {
    "start": 1948.11,
    "end": 1950.51,
    "speaker": "老师",
    "text": "既由边角边，"
  },
  {
    "start": 1950.51,
    "end": 1958.18,
    "speaker": "老师",
    "text": "我们可以证明到这两个三角形全等即可得到BE,"
  },
  {
    "start": 1958.28,
    "end": 1962.96,
    "speaker": "老师",
    "text": "等于DF由全等三角形的对应角相等。"
  },
  {
    "start": 1962.96,
    "end": 1970.47,
    "speaker": "老师",
    "text": "我们可以求到角BEO等于角DFO即可证明一平行DF."
  },
  {
    "start": 1970.61,
    "end": 1976.68,
    "speaker": "老师",
    "text": "现在我们一起来看一下它的过程。"
  },
  {
    "start": 1976.68,
    "end": 1980.26,
    "speaker": "老师",
    "text": "首先我们要对题目进行判断，"
  },
  {
    "start": 1981.65,
    "end": 1983.29,
    "speaker": "老师",
    "text": "b等于DF,"
  },
  {
    "start": 1983.29,
    "end": 1985.33,
    "speaker": "老师",
    "text": "b平行DF理由如下，"
  },
  {
    "start": 1985.33,
    "end": 2001.45,
    "speaker": "老师",
    "text": "因为四边形ABCD是平行四边形，"
  },
  {
    "start": 2001.49,
    "end": 2008.49,
    "speaker": "老师",
    "text": "所以波a等于波c波b等于波d又因为EF分别是OA和OC的中点，"
  },
  {
    "start": 2008.49,
    "end": 2012.49,
    "speaker": "老师",
    "text": "所以我们可以得到o一等于OF."
  },
  {
    "start": 2012.65,
    "end": 2017.63,
    "speaker": "老师",
    "text": "又因为角EOD等于角FOD对顶角相等，"
  },
  {
    "start": 2017.63,
    "end": 2026.12,
    "speaker": "老师",
    "text": "所以我们得到了三角形OEB全等于三角形OFD即可证到BE等于DF."
  },
  {
    "start": 2026.12,
    "end": 2029.56,
    "speaker": "老师",
    "text": "而且脚EBO等于角FDO内错角相等，"
  },
  {
    "start": 2031.26,
    "end": 2034.14,
    "speaker": "老师",
    "text": "我们可以得到b平行。"
  },
  {
    "start": 2034.14,
    "end": 2040.45,
    "speaker": "老师",
    "text": "就我们就证明到了结论，"
  },
  {
    "start": 2040.45,
    "end": 2041.25,
    "speaker": "老师",
    "text": "同学们，"
  },
  {
    "start": 2041.25,
    "end": 2042.88,
    "speaker": "老师",
    "text": "你们是这样写的吗？"
  },
  {
    "start": 2042.55,
    "end": 2042.88,
    "speaker": "老师",
    "text": "现在我们来看一下本节课的最后一题，"
  },
  {
    "start": 2042.55,
    "end": 2042.88,
    "speaker": "老师",
    "text": "同学们，"
  },
  {
    "start": 2042.55,
    "end": 2042.88,
    "speaker": "老师",
    "text": "你们都完成了吗？"
  },
  {
    "start": 2042.55,
    "end": 2042.88,
    "speaker": "老师",
    "text": "我们一起来看一下题目，"
  },
  {
    "start": 2042.55,
    "end": 2042.88,
    "speaker": "老师",
    "text": "要求我们求证平行四边形对角线的交点到一组。"
  },
  {
    "start": 2042.55,
    "end": 2042.88,
    "speaker": "老师",
    "text": "对边的距离相等。"
  },
  {
    "start": 2042.55,
    "end": 2042.88,
    "speaker": "老师",
    "text": "那我们应该根据证明命题的一般步骤，"
  },
  {
    "start": 2042.55,
    "end": 2042.88,
    "speaker": "老师",
    "text": "先画出图形，"
  },
  {
    "start": 2042.55,
    "end": 2042.88,
    "speaker": "老师",
    "text": "写出已知和求证。"
  },
  {
    "start": 2042.55,
    "end": 2042.88,
    "speaker": "老师",
    "text": "由题意，"
  },
  {
    "start": 2042.55,
    "end": 2042.88,
    "speaker": "老师",
    "text": "我们可以先画出一个平四边形ABCD,"
  },
  {
    "start": 2042.55,
    "end": 2042.88,
    "speaker": "老师",
    "text": "连接对角线ACDD相交于点o要我们求对角线的交点到一组对边的距离相等。"
  },
  {
    "start": 2042.55,
    "end": 2042.88,
    "speaker": "老师",
    "text": "所以在这里我们可以过点o做o音垂直AP OF垂直CT."
  },
  {
    "start": 2042.55,
    "end": 2042.88,
    "speaker": "老师",
    "text": "根据题意结合图形，"
  },
  {
    "start": 2042.55,
    "end": 2042.88,
    "speaker": "老师",
    "text": "我们可以写出已知。"
  },
  {
    "start": 2042.55,
    "end": 2042.88,
    "speaker": "老师",
    "text": "在平行四边形ABCD中，"
  },
  {
    "start": 2042.55,
    "end": 2042.88,
    "speaker": "老师",
    "text": "ACBD相交于点OOE垂直ABOF垂直CD,"
  },
  {
    "start": 2042.55,
    "end": 2042.88,
    "speaker": "老师",
    "text": "要求我们求证o一等于OF,"
  },
  {
    "start": 2042.55,
    "end": 2042.88,
    "speaker": "老师",
    "text": "如何来证明o一等于OF呢？"
  },
  {
    "start": 2042.55,
    "end": 2042.88,
    "speaker": "老师",
    "text": "是的，"
  },
  {
    "start": 2042.55,
    "end": 2042.88,
    "speaker": "老师",
    "text": "同样的，"
  },
  {
    "start": 2042.55,
    "end": 2042.88,
    "speaker": "老师",
    "text": "我们可以证明三角形全等在这里，"
  },
  {
    "start": 2042.55,
    "end": 2042.88,
    "speaker": "老师",
    "text": "我们可以证明三角形AOE全等于三角形COF."
  },
  {
    "start": 2042.55,
    "end": 2042.88,
    "speaker": "老师",
    "text": "当然我们也可以证明三角形BOE全等于三角形DOF."
  },
  {
    "start": 2042.55,
    "end": 2042.88,
    "speaker": "老师",
    "text": "那我们来看一下如何去证明吧。"
  },
  {
    "start": 2042.55,
    "end": 2042.88,
    "speaker": "老师",
    "text": "因为四边形ABCD是平行四边形，"
  },
  {
    "start": 2042.55,
    "end": 2042.88,
    "speaker": "老师",
    "text": "所以我们可以得到AB,"
  },
  {
    "start": 2042.55,
    "end": 2042.88,
    "speaker": "老师",
    "text": "平行CD即可证出角EAO等于角FCO."
  },
  {
    "start": 2042.55,
    "end": 2042.88,
    "speaker": "老师",
    "text": "又因为平行四边形的对角线互相平分，"
  },
  {
    "start": 2042.55,
    "end": 2042.88,
    "speaker": "老师",
    "text": "所以我们可以得到AO,"
  },
  {
    "start": 2042.55,
    "end": 2042.88,
    "speaker": "老师",
    "text": "等于CO."
  },
  {
    "start": 2042.55,
    "end": 2042.88,
    "speaker": "老师",
    "text": "题目还告诉我们，"
  },
  {
    "start": 2042.55,
    "end": 2042.88,
    "speaker": "老师",
    "text": "OE垂直ABOF垂直CD即可求出角AEO等于角CFO等于九十度由角角边，"
  },
  {
    "start": 2042.55,
    "end": 2042.88,
    "speaker": "老师",
    "text": "我们就证出了这两个三角形全等，"
  },
  {
    "start": 2042.55,
    "end": 2042.88,
    "speaker": "老师",
    "text": "由此可以证明OF等于o一。"
  },
  {
    "start": 2042.55,
    "end": 2042.88,
    "speaker": "老师",
    "text": "现在我们一起来看一下证明过程。"
  },
  {
    "start": 2042.55,
    "end": 2042.88,
    "speaker": "老师",
    "text": "因为四边形ABCD是平行四边形，"
  },
  {
    "start": 2042.55,
    "end": 2042.88,
    "speaker": "老师",
    "text": "所以AB平CDOA等于OC,"
  },
  {
    "start": 2042.55,
    "end": 2042.88,
    "speaker": "老师",
    "text": "所以角OAE等于角OCF两直线平行内错角相等。"
  },
  {
    "start": 2042.55,
    "end": 2042.88,
    "speaker": "老师",
    "text": "又因为OE垂直ABOF垂直CD,"
  },
  {
    "start": 2042.55,
    "end": 2042.88,
    "speaker": "老师",
    "text": "所以我们可以得到角AEO等于角CFO等于九十度。"
  },
  {
    "start": 2042.55,
    "end": 2042.88,
    "speaker": "老师",
    "text": "那么由角角边我们就得到了三角形AEO全等于三角形CFO由全等三角形的对应边相等。"
  },
  {
    "start": 2042.55,
    "end": 2042.88,
    "speaker": "老师",
    "text": "我们就证明了o一等于OF,"
  },
  {
    "start": 2042.55,
    "end": 2042.88,
    "speaker": "老师",
    "text": "即我们可以说平行四边形对角线的交点到一组对边的距离相等。"
  },
  {
    "start": 2042.55,
    "end": 2042.88,
    "speaker": "老师",
    "text": "好了，"
  },
  {
    "start": 2042.55,
    "end": 2042.88,
    "speaker": "老师",
    "text": "我们现在来回顾一下我们本节课学习了什么。"
  },
  {
    "start": 2042.55,
    "end": 2042.88,
    "speaker": "老师",
    "text": "是的，"
  },
  {
    "start": 2042.55,
    "end": 2042.88,
    "speaker": "老师",
    "text": "这节课我们学习了有关平行四边形对角线的细致平行四边形的对角线互相平分。"
  },
  {
    "start": 2042.55,
    "end": 2042.88,
    "speaker": "老师",
    "text": "那我们现在就学习了有关平行四边形边角对角线的细致平四边形的对边相等，"
  },
  {
    "start": 2042.55,
    "end": 2042.88,
    "speaker": "老师",
    "text": "平行四边形的对角相等，"
  },
  {
    "start": 2042.55,
    "end": 2042.88,
    "speaker": "老师",
    "text": "平行四边形的对角线互相平分。"
  },
  {
    "start": 2042.55,
    "end": 2042.88,
    "speaker": "老师",
    "text": "在今后的解题过程中，"
  },
  {
    "start": 2042.55,
    "end": 2042.88,
    "speaker": "老师",
    "text": "同学们可以直接的利用我们平行四边形的性质去解决相关问题。"
  },
  {
    "start": 2042.55,
    "end": 2042.88,
    "speaker": "老师",
    "text": "这是本节课的作业，"
  },
  {
    "start": 2042.55,
    "end": 2042.88,
    "speaker": "老师",
    "text": "请同学们课后认真完成好了。"
  },
  {
    "start": 2042.55,
    "end": 2042.88,
    "speaker": "老师",
    "text": "这节课就学到这里，"
  },
  {
    "start": 2042.55,
    "end": 2042.88,
    "speaker": "老师",
    "text": "谢谢观看。"
  }
]