[
  {
    "start": 9.78,
    "end": 11.84,
    "speaker": "老师",
    "text": "各位同学大家好，"
  },
  {
    "start": 11.84,
    "end": 17.74,
    "speaker": "老师",
    "text": "很高兴由我带领大家开启第十九章一次函数的学习。"
  },
  {
    "start": 17.88,
    "end": 23.28,
    "speaker": "老师",
    "text": "今天我们学习的内容是变量与函数的第一课时。"
  },
  {
    "start": 23.48,
    "end": 33.26,
    "speaker": "老师",
    "text": "上课前我们先来看一段视频。"
  },
  {
    "start": 33.26,
    "end": 44.91,
    "speaker": "老师",
    "text": "我不是我会忘记啦啦啦啦啦啦啦啦，"
  },
  {
    "start": 44.93,
    "end": 49.69,
    "speaker": "老师",
    "text": "这自我的温柔，"
  },
  {
    "start": 49.69,
    "end": 57.72,
    "speaker": "老师",
    "text": "嘟嘟嘟你的错，"
  },
  {
    "start": 57.78,
    "end": 70.15,
    "speaker": "老师",
    "text": "我hello我的爱我都不忘记那着你的晚安晚安，"
  },
  {
    "start": 70.77,
    "end": 94.67,
    "speaker": "老师",
    "text": "我曾经的操作不是我的啦啦啦啦啦啦啦啦靠紧，"
  },
  {
    "start": 94.79,
    "end": 108.02,
    "speaker": "老师",
    "text": "我我今天啦啦啦眼睛啦啦啦我要了。"
  },
  {
    "start": 108.24,
    "end": 110.93,
    "speaker": "老师",
    "text": "嗯嗯，"
  },
  {
    "start": 111.15,
    "end": 116.37,
    "speaker": "老师",
    "text": "啦啦啦嗯，"
  },
  {
    "start": 116.37,
    "end": 118.47,
    "speaker": "老师",
    "text": "我这样啦啦啦啦啦啦，"
  },
  {
    "start": 118.47,
    "end": 119.39,
    "speaker": "老师",
    "text": "停停着。"
  },
  {
    "start": 120.51,
    "end": 122.79,
    "speaker": "老师",
    "text": "同学们看完这段视频，"
  },
  {
    "start": 122.79,
    "end": 125.47,
    "speaker": "老师",
    "text": "你有什么样的感受呢？"
  },
  {
    "start": 125.47,
    "end": 127.13,
    "speaker": "老师",
    "text": "老师的感受是，"
  },
  {
    "start": 127.13,
    "end": 131.87,
    "speaker": "老师",
    "text": "我们生活在一个变化的世界里，"
  },
  {
    "start": 131.87,
    "end": 135.31,
    "speaker": "老师",
    "text": "像这样的变化随处可见，"
  },
  {
    "start": 135.33,
    "end": 138.01,
    "speaker": "老师",
    "text": "比如宇宙中行星的位置，"
  },
  {
    "start": 138.01,
    "end": 141.03,
    "speaker": "老师",
    "text": "随着时间的变化而变化。"
  },
  {
    "start": 141.03,
    "end": 144.75,
    "speaker": "老师",
    "text": "气温随海拔的变化而变化，"
  },
  {
    "start": 144.75,
    "end": 149.67,
    "speaker": "老师",
    "text": "你们的身高体重随年龄的变化而变化，"
  },
  {
    "start": 149.67,
    "end": 157.54,
    "speaker": "老师",
    "text": "像这样一个量随着另一个量的变化而变化的粒子大量存在。"
  },
  {
    "start": 157.54,
    "end": 160.31,
    "speaker": "老师",
    "text": "那你们有没有思考过，"
  },
  {
    "start": 160.31,
    "end": 162.75,
    "speaker": "老师",
    "text": "为什么会有这样的变化呢？"
  },
  {
    "start": 162.75,
    "end": 167.25,
    "speaker": "老师",
    "text": "这里面变化的规律是什么呢？"
  },
  {
    "start": 167.71,
    "end": 174.5,
    "speaker": "老师",
    "text": "研究这个变化规律对我们的生活有什么样的作用呢？"
  },
  {
    "start": 174.5,
    "end": 177.24,
    "speaker": "老师",
    "text": "为了搞清楚这些问题，"
  },
  {
    "start": 177.24,
    "end": 183.56,
    "speaker": "老师",
    "text": "数学中逐渐有了函数的概念。"
  },
  {
    "start": 183.56,
    "end": 187.36,
    "speaker": "老师",
    "text": "下面让我们走进函数的学习。"
  },
  {
    "start": 188.08,
    "end": 191.68,
    "speaker": "老师",
    "text": "先来看几个具体的问题，"
  },
  {
    "start": 191.68,
    "end": 199.12,
    "speaker": "老师",
    "text": "因汽车以每小时六十千米的速度匀速行驶，"
  },
  {
    "start": 199.12,
    "end": 201.44,
    "speaker": "老师",
    "text": "行驶的路程为s时间为t."
  },
  {
    "start": 201.48,
    "end": 203.62,
    "speaker": "老师",
    "text": "那么在这个问题当中，"
  },
  {
    "start": 203.62,
    "end": 208.81,
    "speaker": "老师",
    "text": "s的值会随着t值的变化而变化吗？"
  },
  {
    "start": 208.99,
    "end": 213.58,
    "speaker": "老师",
    "text": "根据我们的生活经验，"
  },
  {
    "start": 213.74,
    "end": 220.08,
    "speaker": "老师",
    "text": "我们知道s的值会随着t值的变化而变化。"
  },
  {
    "start": 220.08,
    "end": 224.56,
    "speaker": "老师",
    "text": "那么我们来举几个具体的例子来感受。"
  },
  {
    "start": 224.56,
    "end": 228.42,
    "speaker": "老师",
    "text": "在这张表格中，"
  },
  {
    "start": 228.68,
    "end": 236.19,
    "speaker": "老师",
    "text": "t分别取一小时、两小时、三小时、四小时五小时。"
  },
  {
    "start": 236.47,
    "end": 243.81,
    "speaker": "老师",
    "text": "我们来看看s的值是否会发生相应的变化呢？"
  },
  {
    "start": 243.81,
    "end": 247.87,
    "speaker": "老师",
    "text": "根据路程等于速度乘以时间，"
  },
  {
    "start": 247.87,
    "end": 253.83,
    "speaker": "老师",
    "text": "我们可以算出当t等于一时s等于没错，"
  },
  {
    "start": 253.85,
    "end": 260.69,
    "speaker": "老师",
    "text": "六十当t等于二十s等于一百二十，"
  },
  {
    "start": 260.77,
    "end": 265.23,
    "speaker": "老师",
    "text": "当t等于三十s等于一百八十，"
  },
  {
    "start": 265.23,
    "end": 270.12,
    "speaker": "老师",
    "text": "当t等于四十s等于两百四十。"
  },
  {
    "start": 271.69,
    "end": 278.67,
    "speaker": "老师",
    "text": "当t等于五十s等于三百t的取值一直在发生变化，"
  },
  {
    "start": 278.67,
    "end": 284.07,
    "speaker": "老师",
    "text": "s的值也相应的发生了变化。"
  },
  {
    "start": 284.55,
    "end": 292.18,
    "speaker": "老师",
    "text": "那我们就说路程s会随着时间t的变化而变化。"
  },
  {
    "start": 292.18,
    "end": 301.25,
    "speaker": "老师",
    "text": "那么在这个变化的过程中，"
  },
  {
    "start": 301.57,
    "end": 307.88,
    "speaker": "老师",
    "text": "除了路程s时间t还涉及了哪些量呢？"
  },
  {
    "start": 307.88,
    "end": 309.2,
    "speaker": "老师",
    "text": "没错，"
  },
  {
    "start": 309.42,
    "end": 315.46,
    "speaker": "老师",
    "text": "还有我们的速度每小时六十千米，"
  },
  {
    "start": 315.46,
    "end": 325.11,
    "speaker": "老师",
    "text": "在这三个量中数值发生变化的量是路程s还有吗？"
  },
  {
    "start": 325.11,
    "end": 328.55,
    "speaker": "老师",
    "text": "时间t那么数值始终不变的量呢？"
  },
  {
    "start": 328.55,
    "end": 330.86,
    "speaker": "老师",
    "text": "是的，"
  },
  {
    "start": 330.86,
    "end": 333.06,
    "speaker": "老师",
    "text": "在这个问题当中，"
  },
  {
    "start": 333.06,
    "end": 335.44,
    "speaker": "老师",
    "text": "汽车是匀速行驶的，"
  },
  {
    "start": 335.44,
    "end": 340.64,
    "speaker": "老师",
    "text": "所以速度保持六十千米每小时。"
  },
  {
    "start": 340.64,
    "end": 348.24,
    "speaker": "老师",
    "text": "这个问题是体现了形成问题当中的变化。"
  },
  {
    "start": 348.32,
    "end": 353.94,
    "speaker": "老师",
    "text": "接下来我们走进电影院，"
  },
  {
    "start": 353.94,
    "end": 356.18,
    "speaker": "老师",
    "text": "看看这里的变化。"
  },
  {
    "start": 356.18,
    "end": 361.57,
    "speaker": "老师",
    "text": "电影票的售价为十元一张，"
  },
  {
    "start": 361.57,
    "end": 366.33,
    "speaker": "老师",
    "text": "第一场售出一百五十张，"
  },
  {
    "start": 366.33,
    "end": 370.03,
    "speaker": "老师",
    "text": "第二场售出两百零五张。"
  },
  {
    "start": 370.25,
    "end": 375.9,
    "speaker": "老师",
    "text": "第三场售出三百一十张，"
  },
  {
    "start": 376.02,
    "end": 379.66,
    "speaker": "老师",
    "text": "设一场店售出x张票，"
  },
  {
    "start": 379.78,
    "end": 382.66,
    "speaker": "老师",
    "text": "票房收入为y元。"
  },
  {
    "start": 382.66,
    "end": 386.18,
    "speaker": "老师",
    "text": "那么y会随着x的变化而变化吗？"
  },
  {
    "start": 386.18,
    "end": 390.9,
    "speaker": "老师",
    "text": "我们也通过具体的计算来验证，"
  },
  {
    "start": 391.12,
    "end": 395.29,
    "speaker": "老师",
    "text": "我们分别算出这三场的票房收入。"
  },
  {
    "start": 395.37,
    "end": 398.99,
    "speaker": "老师",
    "text": "那么票房收入该如何计算呢？"
  },
  {
    "start": 399.07,
    "end": 405.12,
    "speaker": "老师",
    "text": "我们知道票房收入等于票价乘以售出的票数，"
  },
  {
    "start": 405.2,
    "end": 408.64,
    "speaker": "老师",
    "text": "第一场售出一百五十张，"
  },
  {
    "start": 408.64,
    "end": 418.11,
    "speaker": "老师",
    "text": "那么第一场的票房收入等于十乘以一百五十等于一千五百元。"
  },
  {
    "start": 418.31,
    "end": 420.55,
    "speaker": "老师",
    "text": "第二场的票房收入，"
  },
  {
    "start": 420.77,
    "end": 425.25,
    "speaker": "老师",
    "text": "我们看到第二场售出了两百零五张，"
  },
  {
    "start": 425.25,
    "end": 432.63,
    "speaker": "老师",
    "text": "所以第二场的票房收入为十乘以二百零五，"
  },
  {
    "start": 432.63,
    "end": 436.27,
    "speaker": "老师",
    "text": "等于两千零五十元。"
  },
  {
    "start": 436.35,
    "end": 440.09,
    "speaker": "老师",
    "text": "第三场售出了三百一十张，"
  },
  {
    "start": 440.09,
    "end": 444.51,
    "speaker": "老师",
    "text": "所以票房收入为三千一百元。"
  },
  {
    "start": 444.51,
    "end": 459.07,
    "speaker": "老师",
    "text": "我们仔细观察票的张数从一百五十到两百零五到三百一十发生了变化，"
  },
  {
    "start": 459.17,
    "end": 465.53,
    "speaker": "老师",
    "text": "那么它相应的票房收入也发生了变化。"
  },
  {
    "start": 465.53,
    "end": 475.56,
    "speaker": "老师",
    "text": "那我们就说票房收入y随售出票数x的变化而变化。"
  },
  {
    "start": 476.56,
    "end": 478.87,
    "speaker": "老师",
    "text": "在这个变化的过程中，"
  },
  {
    "start": 480.18,
    "end": 485.6,
    "speaker": "老师",
    "text": "除了票房收入y和售出票数x还涉及了哪些量呢？"
  },
  {
    "start": 486.22,
    "end": 486.86,
    "speaker": "老师",
    "text": "没错，"
  },
  {
    "start": 486.86,
    "end": 489.42,
    "speaker": "老师",
    "text": "还有我们的票价十元，"
  },
  {
    "start": 489.42,
    "end": 492.49,
    "speaker": "老师",
    "text": "每张对于这三个量，"
  },
  {
    "start": 492.49,
    "end": 501.57,
    "speaker": "老师",
    "text": "其中数值发生变化的量有票房收入y和售出的票数x都发生了改变。"
  },
  {
    "start": 501.57,
    "end": 505.57,
    "speaker": "老师",
    "text": "数值始终不变的呢票价十元，"
  },
  {
    "start": 505.57,
    "end": 509.75,
    "speaker": "老师",
    "text": "每张这是销售问题中的变化。"
  },
  {
    "start": 510.13,
    "end": 514.15,
    "speaker": "老师",
    "text": "接下来我们走进我们生活中，"
  },
  {
    "start": 514.15,
    "end": 518.56,
    "speaker": "老师",
    "text": "你们见过水中的涟漪吗？"
  },
  {
    "start": 518.64,
    "end": 522.6,
    "speaker": "老师",
    "text": "在平静的水面上滴下一滴小水珠，"
  },
  {
    "start": 524.09,
    "end": 532.5,
    "speaker": "老师",
    "text": "水面上就会泛起这样的一个一个圆形的水波。"
  },
  {
    "start": 532.64,
    "end": 535.3,
    "speaker": "老师",
    "text": "水波在慢慢变大的过程，"
  },
  {
    "start": 535.3,
    "end": 539.4,
    "speaker": "老师",
    "text": "中源也相应的发生了改变。"
  },
  {
    "start": 539.4,
    "end": 544.46,
    "speaker": "老师",
    "text": "那我们来看看在这个变化的过程中，"
  },
  {
    "start": 544.46,
    "end": 552.49,
    "speaker": "老师",
    "text": "当圆的半径r分别为十厘米、二十厘米、三十厘米时，"
  },
  {
    "start": 552.59,
    "end": 555.11,
    "speaker": "老师",
    "text": "圆的面积s分别为多少呢？"
  },
  {
    "start": 555.11,
    "end": 562.29,
    "speaker": "老师",
    "text": "S的值会随着r的值的变化而变化吗？"
  },
  {
    "start": 562.87,
    "end": 568.55,
    "speaker": "老师",
    "text": "我们再来算一算圆的面积怎么算呢？"
  },
  {
    "start": 568.61,
    "end": 572.71,
    "speaker": "老师",
    "text": "S等于派r的平方。"
  },
  {
    "start": 572.71,
    "end": 577.65,
    "speaker": "老师",
    "text": "那么由此我们可以得到，"
  },
  {
    "start": 577.65,
    "end": 579.93,
    "speaker": "老师",
    "text": "当r等于十厘米时，"
  },
  {
    "start": 579.93,
    "end": 591.29,
    "speaker": "老师",
    "text": "圆的面积s等于派乘以十的平方等于一百派平方厘米。"
  },
  {
    "start": 591.29,
    "end": 594.81,
    "speaker": "老师",
    "text": "当r等于二时呢，"
  },
  {
    "start": 594.99,
    "end": 602.4,
    "speaker": "老师",
    "text": "那么它的面积会等于四百派平方厘米，"
  },
  {
    "start": 602.4,
    "end": 605.9,
    "speaker": "老师",
    "text": "而等于三十厘米时呢，"
  },
  {
    "start": 605.9,
    "end": 611.67,
    "speaker": "老师",
    "text": "s会等于九百派平方厘米。"
  },
  {
    "start": 611.89,
    "end": 615.86,
    "speaker": "老师",
    "text": "R发生变化，"
  },
  {
    "start": 616.34,
    "end": 621.54,
    "speaker": "老师",
    "text": "面积也相应的发生了变化，"
  },
  {
    "start": 621.66,
    "end": 628.78,
    "speaker": "老师",
    "text": "也就是说面积s会随着半径r的变化而变化。"
  },
  {
    "start": 628.8,
    "end": 632.71,
    "speaker": "老师",
    "text": "在这个变化的过程中，"
  },
  {
    "start": 632.71,
    "end": 664.77,
    "speaker": "老师",
    "text": "除了圆的面积s和半径r还设及了哪些量，"
  },
  {
    "start": 664.77,
    "end": 666.77,
    "speaker": "老师",
    "text": "大家仔细找找好，"
  },
  {
    "start": 666.93,
    "end": 671.35,
    "speaker": "老师",
    "text": "有的同学很快就发现还有圆周率派，"
  },
  {
    "start": 671.35,
    "end": 674.19,
    "speaker": "老师",
    "text": "大家可别忘了它。"
  },
  {
    "start": 674.27,
    "end": 675.07,
    "speaker": "老师",
    "text": "好，"
  },
  {
    "start": 675.11,
    "end": 677.39,
    "speaker": "老师",
    "text": "对于这三个量，"
  },
  {
    "start": 677.39,
    "end": 682.91,
    "speaker": "老师",
    "text": "你们觉得数值发生变化的量又有哪些呢？"
  },
  {
    "start": 682.91,
    "end": 683.91,
    "speaker": "老师",
    "text": "是的，"
  },
  {
    "start": 683.91,
    "end": 689.84,
    "speaker": "老师",
    "text": "圆的面积s和半径r那数值始终不变的呢？"
  },
  {
    "start": 689.84,
    "end": 690.36,
    "speaker": "老师",
    "text": "是的，"
  },
  {
    "start": 690.92,
    "end": 695.36,
    "speaker": "老师",
    "text": "圆周率派这是几何问题当中的变化。"
  },
  {
    "start": 695.36,
    "end": 699.26,
    "speaker": "老师",
    "text": "我们换一个问题试试。"
  },
  {
    "start": 699.3,
    "end": 701.62,
    "speaker": "老师",
    "text": "接下来这个问题，"
  },
  {
    "start": 701.86,
    "end": 707.9,
    "speaker": "老师",
    "text": "我希望同学们用刚刚的方法自己完成好，"
  },
  {
    "start": 708.2,
    "end": 712.4,
    "speaker": "老师",
    "text": "我们一起来看这个问题。"
  },
  {
    "start": 712.4,
    "end": 714.96,
    "speaker": "老师",
    "text": "用十米长的绳子围成一个矩形，"
  },
  {
    "start": 715.26,
    "end": 723.2,
    "speaker": "老师",
    "text": "当矩形的一边长x分别为三米、三点五米、四米四点五米时，"
  },
  {
    "start": 723.82,
    "end": 728.37,
    "speaker": "老师",
    "text": "它的邻边长y分别为多少？"
  },
  {
    "start": 728.37,
    "end": 729.37,
    "speaker": "老师",
    "text": "第一个问题，"
  },
  {
    "start": 729.37,
    "end": 733.91,
    "speaker": "老师",
    "text": "y的值随x的值的变化而变化吗？"
  },
  {
    "start": 734.43,
    "end": 738.21,
    "speaker": "老师",
    "text": "我们依然用同样的方法。"
  },
  {
    "start": 738.55,
    "end": 741.85,
    "speaker": "老师",
    "text": "首先我们看到问题当中，"
  },
  {
    "start": 741.85,
    "end": 745.46,
    "speaker": "老师",
    "text": "十米长表示的是什么呢？"
  },
  {
    "start": 745.46,
    "end": 746.0,
    "speaker": "老师",
    "text": "是的，"
  },
  {
    "start": 746.34,
    "end": 750.29,
    "speaker": "老师",
    "text": "它就是矩形的周长。"
  },
  {
    "start": 750.31,
    "end": 755.33,
    "speaker": "老师",
    "text": "我们知道矩形的对边相等。"
  },
  {
    "start": 755.33,
    "end": 765.55,
    "speaker": "老师",
    "text": "由此我们可以得到矩形的两邻边之和为五米。"
  },
  {
    "start": 765.55,
    "end": 768.23,
    "speaker": "老师",
    "text": "那么有了这个关系，"
  },
  {
    "start": 768.23,
    "end": 772.62,
    "speaker": "老师",
    "text": "我们可以很快的算出。"
  },
  {
    "start": 772.68,
    "end": 781.36,
    "speaker": "老师",
    "text": "当x为三米、三点五米、四米四点五米时，"
  },
  {
    "start": 781.36,
    "end": 793.9,
    "speaker": "老师",
    "text": "它的邻边长y分别为两米、一点五米、一米和零点五米。"
  },
  {
    "start": 793.9,
    "end": 796.6,
    "speaker": "老师",
    "text": "在这个计算过程中，"
  },
  {
    "start": 796.6,
    "end": 801.03,
    "speaker": "老师",
    "text": "我们可以发现x的值在发生变化，"
  },
  {
    "start": 811.2,
    "end": 814.12,
    "speaker": "老师",
    "text": "相应的y值也在发生变化，"
  },
  {
    "start": 814.18,
    "end": 819.94,
    "speaker": "老师",
    "text": "也就是说y的值会随x值的变化而变化。"
  },
  {
    "start": 820.08,
    "end": 823.47,
    "speaker": "老师",
    "text": "而在这个问题当中，"
  },
  {
    "start": 823.47,
    "end": 827.86,
    "speaker": "老师",
    "text": "又涉及了哪些量呢？"
  },
  {
    "start": 827.88,
    "end": 828.58,
    "speaker": "老师",
    "text": "是的，"
  },
  {
    "start": 828.58,
    "end": 831.26,
    "speaker": "老师",
    "text": "矩形的一边长x,"
  },
  {
    "start": 832.5,
    "end": 835.74,
    "speaker": "老师",
    "text": "还有它的邻边长y还有吗？"
  },
  {
    "start": 835.74,
    "end": 838.44,
    "speaker": "老师",
    "text": "还有它的周长十米，"
  },
  {
    "start": 838.52,
    "end": 840.88,
    "speaker": "老师",
    "text": "在这三个量当中，"
  },
  {
    "start": 841.28,
    "end": 844.84,
    "speaker": "老师",
    "text": "数值发生变化的量是哪些呢？"
  },
  {
    "start": 845.32,
    "end": 845.9,
    "speaker": "老师",
    "text": "没错，"
  },
  {
    "start": 845.9,
    "end": 850.08,
    "speaker": "老师",
    "text": "就是矩形的一边x和它的邻边y,"
  },
  {
    "start": 850.1,
    "end": 852.9,
    "speaker": "老师",
    "text": "而竖值始终不变的，"
  },
  {
    "start": 852.9,
    "end": 855.14,
    "speaker": "老师",
    "text": "有矩形的周长十米。"
  },
  {
    "start": 855.14,
    "end": 855.54,
    "speaker": "老师",
    "text": "好，"
  },
  {
    "start": 855.76,
    "end": 865.01,
    "speaker": "老师",
    "text": "接下来我们把这四个问题放在一块儿来研究。"
  },
  {
    "start": 865.01,
    "end": 868.11,
    "speaker": "老师",
    "text": "我们来找找这四个问题，"
  },
  {
    "start": 868.45,
    "end": 875.3,
    "speaker": "老师",
    "text": "有没有哪些共同的特点呢？"
  },
  {
    "start": 875.3,
    "end": 875.68,
    "speaker": "老师",
    "text": "好，"
  },
  {
    "start": 875.68,
    "end": 878.7,
    "speaker": "老师",
    "text": "我们可以很明显的发现，"
  },
  {
    "start": 879.5,
    "end": 886.62,
    "speaker": "老师",
    "text": "这四个问题分别反映的都是不同事物的变化过程。"
  },
  {
    "start": 886.64,
    "end": 890.18,
    "speaker": "老师",
    "text": "而在这个变化的过程中，"
  },
  {
    "start": 890.18,
    "end": 897.86,
    "speaker": "老师",
    "text": "总会有的量随着另一个量的变化而变化。"
  },
  {
    "start": 897.96,
    "end": 908.77,
    "speaker": "老师",
    "text": "比如问题一当中行驶的路程s随着时间t的变化而变化，"
  },
  {
    "start": 908.77,
    "end": 920.21,
    "speaker": "老师",
    "text": "票房收入y随着售出票数x的变化而变化。"
  },
  {
    "start": 933.59,
    "end": 950.17,
    "speaker": "老师",
    "text": "问题三中圆的面积s随着圆的半径r的变化而变化，"
  },
  {
    "start": 950.17,
    "end": 952.43,
    "speaker": "老师",
    "text": "矩形的一边长，"
  },
  {
    "start": 952.45,
    "end": 957.97,
    "speaker": "老师",
    "text": "随着它的邻边长的变化而变化，"
  },
  {
    "start": 957.97,
    "end": 959.57,
    "speaker": "老师",
    "text": "除了这些变化，"
  },
  {
    "start": 959.57,
    "end": 964.23,
    "speaker": "老师",
    "text": "我们还可以发现在每个的变化过程中，"
  },
  {
    "start": 964.23,
    "end": 970.59,
    "speaker": "老师",
    "text": "还有一些量是始终不变的，"
  },
  {
    "start": 970.59,
    "end": 972.71,
    "speaker": "老师",
    "text": "你们找到了吗？"
  },
  {
    "start": 972.71,
    "end": 975.97,
    "speaker": "老师",
    "text": "我们来一一找出它们。"
  },
  {
    "start": 975.97,
    "end": 977.51,
    "speaker": "老师",
    "text": "问题一，"
  },
  {
    "start": 977.51,
    "end": 981.49,
    "speaker": "老师",
    "text": "当中速度每小时六十千米速。"
  },
  {
    "start": 981.49,
    "end": 984.63,
    "speaker": "老师",
    "text": "问题二当中票价十元，"
  },
  {
    "start": 984.77,
    "end": 989.54,
    "speaker": "老师",
    "text": "每张问题三中圆周率派。"
  },
  {
    "start": 989.54,
    "end": 993.36,
    "speaker": "老师",
    "text": "问题四当中矩形的周长十米，"
  },
  {
    "start": 993.82,
    "end": 997.48,
    "speaker": "老师",
    "text": "这些都是数值不发生改变的量。"
  },
  {
    "start": 997.48,
    "end": 1004.11,
    "speaker": "老师",
    "text": "那么数学中就把在一个变化的过程中，"
  },
  {
    "start": 1004.11,
    "end": 1007.95,
    "speaker": "老师",
    "text": "数值发生变化的量称为变量，"
  },
  {
    "start": 1007.95,
    "end": 1012.12,
    "speaker": "老师",
    "text": "数值始终不变的量称为常量。"
  },
  {
    "start": 1012.12,
    "end": 1012.58,
    "speaker": "老师",
    "text": "嗯，"
  },
  {
    "start": 1012.8,
    "end": 1013.7,
    "speaker": "老师",
    "text": "就是嗯好，"
  },
  {
    "start": 1013.7,
    "end": 1018.16,
    "speaker": "老师",
    "text": "回到我们的问题当中来。"
  },
  {
    "start": 1018.3,
    "end": 1022.79,
    "speaker": "老师",
    "text": "那么在我们的四个问题当中，"
  },
  {
    "start": 1022.79,
    "end": 1024.39,
    "speaker": "老师",
    "text": "哪些是变量，"
  },
  {
    "start": 1024.39,
    "end": 1027.04,
    "speaker": "老师",
    "text": "哪些是常量呢？"
  },
  {
    "start": 1027.04,
    "end": 1031.86,
    "speaker": "老师",
    "text": "问题一中行驶的路程随行驶时间的变化而变化，"
  },
  {
    "start": 1031.92,
    "end": 1034.1,
    "speaker": "老师",
    "text": "它们都发生了变化，"
  },
  {
    "start": 1034.12,
    "end": 1036.86,
    "speaker": "老师",
    "text": "所以它们是变量，"
  },
  {
    "start": 1036.92,
    "end": 1044.43,
    "speaker": "老师",
    "text": "而速度六十千米每小时，"
  },
  {
    "start": 1044.43,
    "end": 1048.17,
    "speaker": "老师",
    "text": "它没有发生改变，"
  },
  {
    "start": 1048.17,
    "end": 1052.06,
    "speaker": "老师",
    "text": "所以它是常量。"
  },
  {
    "start": 1052.5,
    "end": 1058.14,
    "speaker": "老师",
    "text": "问题二中票房收入y和售出票数x都发生了变化，"
  },
  {
    "start": 1058.28,
    "end": 1059.74,
    "speaker": "老师",
    "text": "所以它们是变量，"
  },
  {
    "start": 1059.92,
    "end": 1062.08,
    "speaker": "老师",
    "text": "而票价十元，"
  },
  {
    "start": 1064.64,
    "end": 1065.86,
    "speaker": "老师",
    "text": "每张是常量。"
  },
  {
    "start": 1065.86,
    "end": 1074.59,
    "speaker": "老师",
    "text": "问题三中圆的面积s和圆的半径r都会发生变化，"
  },
  {
    "start": 1075.01,
    "end": 1080.57,
    "speaker": "老师",
    "text": "所以它们是变量圆周率派。"
  },
  {
    "start": 1081.17,
    "end": 1083.94,
    "speaker": "老师",
    "text": "它没有发生变化，"
  },
  {
    "start": 1083.94,
    "end": 1087.1,
    "speaker": "老师",
    "text": "所以它是常量问题。"
  },
  {
    "start": 1087.2,
    "end": 1096.79,
    "speaker": "老师",
    "text": "四中矩形的一边长和它的零边长都会发生变化，"
  },
  {
    "start": 1096.79,
    "end": 1100.13,
    "speaker": "老师",
    "text": "所以它们是变量，"
  },
  {
    "start": 1101.56,
    "end": 1106.19,
    "speaker": "老师",
    "text": "而矩形的周长始终都是十，"
  },
  {
    "start": 1106.19,
    "end": 1107.73,
    "speaker": "老师",
    "text": "所以它是常量。"
  },
  {
    "start": 1107.73,
    "end": 1109.15,
    "speaker": "老师",
    "text": "同学们，"
  },
  {
    "start": 1109.15,
    "end": 1114.13,
    "speaker": "老师",
    "text": "你们明白了什么是变量，"
  },
  {
    "start": 1114.29,
    "end": 1117.64,
    "speaker": "老师",
    "text": "什么是常量吗？"
  },
  {
    "start": 1117.68,
    "end": 1120.38,
    "speaker": "老师",
    "text": "那么在你们的生活中，"
  },
  {
    "start": 1120.38,
    "end": 1125.02,
    "speaker": "老师",
    "text": "有没有这样的变化现象呢？"
  },
  {
    "start": 1125.04,
    "end": 1130.0,
    "speaker": "老师",
    "text": "你能不能通过对变化现象的分析，"
  },
  {
    "start": 1130.0,
    "end": 1172.01,
    "speaker": "老师",
    "text": "找到其中的变量与常量呢？"
  },
  {
    "start": 1172.17,
    "end": 1175.31,
    "speaker": "老师",
    "text": "老师给大家分享一个例子，"
  },
  {
    "start": 1175.31,
    "end": 1179.26,
    "speaker": "老师",
    "text": "你们看过汽车加油吗？"
  },
  {
    "start": 1179.26,
    "end": 1180.7,
    "speaker": "老师",
    "text": "汽车加油时，"
  },
  {
    "start": 1180.98,
    "end": 1186.78,
    "speaker": "老师",
    "text": "加油机的显示屏上的有些数字会发生变化，"
  },
  {
    "start": 1186.8,
    "end": 1194.81,
    "speaker": "老师",
    "text": "你能找到这个变化过程中的变量和常量吗？"
  },
  {
    "start": 1194.81,
    "end": 1197.57,
    "speaker": "老师",
    "text": "通过观察你们会发现，"
  },
  {
    "start": 1198.23,
    "end": 1202.45,
    "speaker": "老师",
    "text": "加油机上的金额随着油量的变化在发生变化，"
  },
  {
    "start": 1202.45,
    "end": 1204.65,
    "speaker": "老师",
    "text": "它们都在变，"
  },
  {
    "start": 1204.71,
    "end": 1209.51,
    "speaker": "老师",
    "text": "所以它们是没错变量。"
  },
  {
    "start": 1209.51,
    "end": 1211.81,
    "speaker": "老师",
    "text": "而在这个加油机上，"
  },
  {
    "start": 1211.89,
    "end": 1216.24,
    "speaker": "老师",
    "text": "还有一个值是始终不变的，"
  },
  {
    "start": 1216.24,
    "end": 1218.42,
    "speaker": "老师",
    "text": "你们找到了吗？"
  },
  {
    "start": 1218.44,
    "end": 1220.05,
    "speaker": "老师",
    "text": "是的，"
  },
  {
    "start": 1220.05,
    "end": 1222.87,
    "speaker": "老师",
    "text": "就是油的单价它是始终不变的，"
  },
  {
    "start": 1222.91,
    "end": 1226.47,
    "speaker": "老师",
    "text": "所以他是场亮，"
  },
  {
    "start": 1226.59,
    "end": 1229.97,
    "speaker": "老师",
    "text": "只要找准变与不变，"
  },
  {
    "start": 1230.15,
    "end": 1236.42,
    "speaker": "老师",
    "text": "我们就能够很快的判断谁是变量，"
  },
  {
    "start": 1236.42,
    "end": 1238.46,
    "speaker": "老师",
    "text": "谁是常量。"
  },
  {
    "start": 1238.52,
    "end": 1241.92,
    "speaker": "老师",
    "text": "接下来老师要考考大家，"
  },
  {
    "start": 1242.64,
    "end": 1250.88,
    "speaker": "老师",
    "text": "请你们翻开书本的七十一页、七十二页完成书上的练习题，"
  },
  {
    "start": 1251.24,
    "end": 1256.82,
    "speaker": "老师",
    "text": "指出下列问题当中的变量与常量，"
  },
  {
    "start": 1256.82,
    "end": 1260.61,
    "speaker": "老师",
    "text": "请同学们独立完成。"
  },
  {
    "start": 1260.61,
    "end": 1260.85,
    "speaker": "老师",
    "text": "嗯，"
  },
  {
    "start": 1260.85,
    "end": 1261.73,
    "speaker": "老师",
    "text": "同学们，"
  },
  {
    "start": 1261.73,
    "end": 1263.47,
    "speaker": "老师",
    "text": "你们写完了吗？"
  },
  {
    "start": 1263.47,
    "end": 1266.63,
    "speaker": "老师",
    "text": "我们一起来看一看吧。"
  },
  {
    "start": 1266.63,
    "end": 1268.01,
    "speaker": "老师",
    "text": "先来看到问题，"
  },
  {
    "start": 1268.01,
    "end": 1268.31,
    "speaker": "老师",
    "text": "一，"
  },
  {
    "start": 1268.31,
    "end": 1271.33,
    "speaker": "老师",
    "text": "某市的自来水价为每吨四元，"
  },
  {
    "start": 1271.69,
    "end": 1277.91,
    "speaker": "老师",
    "text": "现要抽取若干户居民调查水费支出情况，"
  },
  {
    "start": 1278.15,
    "end": 1282.41,
    "speaker": "老师",
    "text": "即某户用水量为x吨，"
  },
  {
    "start": 1282.49,
    "end": 1285.41,
    "speaker": "老师",
    "text": "应交水费为y元。"
  },
  {
    "start": 1285.41,
    "end": 1288.81,
    "speaker": "老师",
    "text": "那么这个问题非常的常见。"
  },
  {
    "start": 1288.81,
    "end": 1292.87,
    "speaker": "老师",
    "text": "根据我们的生活经验，"
  },
  {
    "start": 1292.87,
    "end": 1300.84,
    "speaker": "老师",
    "text": "我们知道每个月应交的水费会随着用水量的增加而增加。"
  },
  {
    "start": 1301.0,
    "end": 1304.64,
    "speaker": "老师",
    "text": "所以在这个问题当中，"
  },
  {
    "start": 1305.3,
    "end": 1315.98,
    "speaker": "老师",
    "text": "发生变化的量是应交水费和月用水量，"
  },
  {
    "start": 1316.06,
    "end": 1318.2,
    "speaker": "老师",
    "text": "这两个量是变量。"
  },
  {
    "start": 1318.58,
    "end": 1326.08,
    "speaker": "老师",
    "text": "那么在这一个月内没有发生变化的量是什么呢？"
  },
  {
    "start": 1326.38,
    "end": 1329.52,
    "speaker": "老师",
    "text": "是的，"
  },
  {
    "start": 1329.52,
    "end": 1332.78,
    "speaker": "老师",
    "text": "就是自来水的单价每吨四元，"
  },
  {
    "start": 1332.88,
    "end": 1336.05,
    "speaker": "老师",
    "text": "所以它是常量。"
  },
  {
    "start": 1336.05,
    "end": 1339.13,
    "speaker": "老师",
    "text": "再来看下一个问题，"
  },
  {
    "start": 1339.21,
    "end": 1344.6,
    "speaker": "老师",
    "text": "某地手机通话费为每分钟零点二元，"
  },
  {
    "start": 1344.66,
    "end": 1351.22,
    "speaker": "老师",
    "text": "李明在手机话费卡中存入三十元，"
  },
  {
    "start": 1351.58,
    "end": 1359.59,
    "speaker": "老师",
    "text": "即此后他的手机通话时间为t分钟，"
  },
  {
    "start": 1361.48,
    "end": 1365.3,
    "speaker": "老师",
    "text": "话费卡中的余额为w元。"
  },
  {
    "start": 1365.3,
    "end": 1369.32,
    "speaker": "老师",
    "text": "这个问题也非常的常见。"
  },
  {
    "start": 1369.38,
    "end": 1374.74,
    "speaker": "老师",
    "text": "我们来看这个问题当中的变量和常量又是什么呢？"
  },
  {
    "start": 1374.78,
    "end": 1380.28,
    "speaker": "老师",
    "text": "我们可以发现由我们的生活经验可以得到，"
  },
  {
    "start": 1380.28,
    "end": 1388.85,
    "speaker": "老师",
    "text": "话费卡中的余额会随着通话时间t的变化而变化。"
  },
  {
    "start": 1388.85,
    "end": 1393.33,
    "speaker": "老师",
    "text": "具体来说就是通话时间越长，"
  },
  {
    "start": 1393.41,
    "end": 1397.21,
    "speaker": "老师",
    "text": "话费卡中的余额越少，"
  },
  {
    "start": 1397.23,
    "end": 1403.3,
    "speaker": "老师",
    "text": "那么这两个量都是会发生变化的量，"
  },
  {
    "start": 1403.3,
    "end": 1405.44,
    "speaker": "老师",
    "text": "所以它们是变量，"
  },
  {
    "start": 1405.7,
    "end": 1408.3,
    "speaker": "老师",
    "text": "那不变的又是什么呢？"
  },
  {
    "start": 1408.3,
    "end": 1410.28,
    "speaker": "老师",
    "text": "再来看到问题当中，"
  },
  {
    "start": 1410.28,
    "end": 1422.17,
    "speaker": "老师",
    "text": "我们可以知道手机每分钟的通话费零点二元也是不变的，"
  },
  {
    "start": 1422.23,
    "end": 1427.84,
    "speaker": "老师",
    "text": "所以它是常量还有吗？"
  },
  {
    "start": 1427.84,
    "end": 1435.33,
    "speaker": "老师",
    "text": "还有李明在手机话费卡中存入的这三十元也是不会发生改变的，"
  },
  {
    "start": 1435.33,
    "end": 1437.05,
    "speaker": "老师",
    "text": "所以他也是常量。"
  },
  {
    "start": 1437.05,
    "end": 1440.74,
    "speaker": "老师",
    "text": "我们再来看第三个问题，"
  },
  {
    "start": 1440.74,
    "end": 1443.06,
    "speaker": "老师",
    "text": "还是水中涟漪的问题。"
  },
  {
    "start": 1443.12,
    "end": 1446.86,
    "speaker": "老师",
    "text": "记它的半径为r圆的，"
  },
  {
    "start": 1446.86,
    "end": 1450.76,
    "speaker": "老师",
    "text": "周长为c圆周率为派。"
  },
  {
    "start": 1450.76,
    "end": 1456.34,
    "speaker": "老师",
    "text": "那么这个问题当中的变量呢是什么呢？"
  },
  {
    "start": 1459.43,
    "end": 1481.17,
    "speaker": "老师",
    "text": "很明显是半径r和圆的周长c同样的常量，"
  },
  {
    "start": 1481.17,
    "end": 1483.03,
    "speaker": "老师",
    "text": "还是圆周率派。"
  },
  {
    "start": 1483.33,
    "end": 1486.25,
    "speaker": "老师",
    "text": "再来看到第四个问题，"
  },
  {
    "start": 1486.25,
    "end": 1490.31,
    "speaker": "老师",
    "text": "把十本书随意放入两个抽屉，"
  },
  {
    "start": 1491.25,
    "end": 1495.63,
    "speaker": "老师",
    "text": "每个抽屉内都放第一个抽屉放入x本。"
  },
  {
    "start": 1495.63,
    "end": 1501.43,
    "speaker": "老师",
    "text": "第二个抽屉放入y本，"
  },
  {
    "start": 1501.63,
    "end": 1507.51,
    "speaker": "老师",
    "text": "这个问题当中的变量和常量是什么呢？"
  },
  {
    "start": 1507.75,
    "end": 1510.61,
    "speaker": "老师",
    "text": "注意这句话，"
  },
  {
    "start": 1510.61,
    "end": 1512.45,
    "speaker": "老师",
    "text": "每个抽屉都放，"
  },
  {
    "start": 1512.45,
    "end": 1518.67,
    "speaker": "老师",
    "text": "也就是说不能有一个抽屉是空的。"
  },
  {
    "start": 1518.71,
    "end": 1531.6,
    "speaker": "老师",
    "text": "那么第二个抽屉放入的书本数就会随着第一个抽屉放入的书本数的变化而变化。"
  },
  {
    "start": 1531.6,
    "end": 1540.78,
    "speaker": "老师",
    "text": "具体来说就是第一个抽屉放的越多，"
  },
  {
    "start": 1540.78,
    "end": 1547.63,
    "speaker": "老师",
    "text": "那么第二个抽屉放入的书本数就会越少，"
  },
  {
    "start": 1547.63,
    "end": 1551.07,
    "speaker": "老师",
    "text": "所以它们都是变量不变的呢，"
  },
  {
    "start": 1551.07,
    "end": 1556.05,
    "speaker": "老师",
    "text": "那当然是书本的总数十本了。"
  },
  {
    "start": 1556.05,
    "end": 1556.27,
    "speaker": "老师",
    "text": "好，"
  },
  {
    "start": 1556.27,
    "end": 1564.81,
    "speaker": "老师",
    "text": "刚刚这四个问题同学们完成的怎么样呢？"
  },
  {
    "start": 1564.81,
    "end": 1569.59,
    "speaker": "老师",
    "text": "通过这四个问题，"
  },
  {
    "start": 1569.61,
    "end": 1575.35,
    "speaker": "老师",
    "text": "相信同学们对变量和常量都有了比较深刻的理解。"
  },
  {
    "start": 1575.35,
    "end": 1581.14,
    "speaker": "老师",
    "text": "接下来我们要看到的这个问题，"
  },
  {
    "start": 1581.18,
    "end": 1588.5,
    "speaker": "老师",
    "text": "同一个类型的情境中找变量和常量。"
  },
  {
    "start": 1588.94,
    "end": 1594.5,
    "speaker": "老师",
    "text": "我们来看到这两个问题，"
  },
  {
    "start": 1594.5,
    "end": 1599.34,
    "speaker": "老师",
    "text": "这两个问题都属于形成问题，"
  },
  {
    "start": 1599.34,
    "end": 1601.08,
    "speaker": "老师",
    "text": "有什么不一样呢？"
  },
  {
    "start": 1601.08,
    "end": 1604.46,
    "speaker": "老师",
    "text": "同学们先独立思考。"
  },
  {
    "start": 1605.06,
    "end": 1606.6,
    "speaker": "老师",
    "text": "同学们，"
  },
  {
    "start": 1606.88,
    "end": 1609.99,
    "speaker": "老师",
    "text": "我们来看看，"
  },
  {
    "start": 1610.29,
    "end": 1612.95,
    "speaker": "老师",
    "text": "先看到第一个问题，"
  },
  {
    "start": 1612.95,
    "end": 1621.63,
    "speaker": "老师",
    "text": "一辆匀速行驶的汽车以一定的速度v行驶，"
  },
  {
    "start": 1621.63,
    "end": 1627.71,
    "speaker": "老师",
    "text": "行驶的路程为s行驶的时间为t."
  },
  {
    "start": 1627.83,
    "end": 1637.15,
    "speaker": "老师",
    "text": "那么在这个问题当中的变量和常量是什么呢？"
  },
  {
    "start": 1637.19,
    "end": 1637.61,
    "speaker": "老师",
    "text": "好，"
  },
  {
    "start": 1637.85,
    "end": 1642.41,
    "speaker": "老师",
    "text": "同学们要学会抓关键词。"
  },
  {
    "start": 1642.41,
    "end": 1644.45,
    "speaker": "老师",
    "text": "看到这个词语匀速，"
  },
  {
    "start": 1644.45,
    "end": 1646.49,
    "speaker": "老师",
    "text": "这是什么意思呢？"
  },
  {
    "start": 1646.49,
    "end": 1651.93,
    "speaker": "老师",
    "text": "它表达的意思就是速度保持不变。"
  },
  {
    "start": 1651.93,
    "end": 1655.95,
    "speaker": "老师",
    "text": "那么很显然速度v就是常量，"
  },
  {
    "start": 1655.95,
    "end": 1659.65,
    "speaker": "老师",
    "text": "在速度不变的情况下，"
  },
  {
    "start": 1659.65,
    "end": 1664.85,
    "speaker": "老师",
    "text": "行驶的路程s会随着时间t的变化而变化。"
  },
  {
    "start": 1664.85,
    "end": 1668.05,
    "speaker": "老师",
    "text": "具体来说就是时间越长，"
  },
  {
    "start": 1668.09,
    "end": 1670.37,
    "speaker": "老师",
    "text": "路程也越长，"
  },
  {
    "start": 1670.61,
    "end": 1675.97,
    "speaker": "老师",
    "text": "因此它们都会发生变化，"
  },
  {
    "start": 1675.97,
    "end": 1677.21,
    "speaker": "老师",
    "text": "它们是变量，"
  },
  {
    "start": 1677.21,
    "end": 1680.39,
    "speaker": "老师",
    "text": "这是第一个问题。"
  },
  {
    "start": 1680.39,
    "end": 1684.47,
    "speaker": "老师",
    "text": "再来看看第二个问题，"
  },
  {
    "start": 1684.57,
    "end": 1689.63,
    "speaker": "老师",
    "text": "你能不能用上面的方法来分析。"
  },
  {
    "start": 1689.63,
    "end": 1692.03,
    "speaker": "老师",
    "text": "下面这个问题呢，"
  },
  {
    "start": 1692.11,
    "end": 1695.73,
    "speaker": "老师",
    "text": "我们也能找到一个关键词，"
  },
  {
    "start": 1695.73,
    "end": 1704.28,
    "speaker": "老师",
    "text": "甲乙两地的距离为s那么甲乙两个地点确定了，"
  },
  {
    "start": 1704.28,
    "end": 1707.06,
    "speaker": "老师",
    "text": "他们两地之间的距离，"
  },
  {
    "start": 1707.06,
    "end": 1708.72,
    "speaker": "老师",
    "text": "是不是就确定了呢？"
  },
  {
    "start": 1708.72,
    "end": 1720.72,
    "speaker": "老师",
    "text": "那也就是说这甲乙两地的距离s是不会发生变化的，"
  },
  {
    "start": 1720.72,
    "end": 1722.46,
    "speaker": "老师",
    "text": "所以它是没错敞亮。"
  },
  {
    "start": 1722.46,
    "end": 1725.02,
    "speaker": "老师",
    "text": "那么距离固定呢，"
  },
  {
    "start": 1725.02,
    "end": 1732.62,
    "speaker": "老师",
    "text": "某人行驶全程所用的时间t和速度v之间又有怎样的变化规律呢？"
  },
  {
    "start": 1732.62,
    "end": 1734.28,
    "speaker": "老师",
    "text": "举个例子，"
  },
  {
    "start": 1734.28,
    "end": 1736.94,
    "speaker": "老师",
    "text": "你从家里到学校，"
  },
  {
    "start": 1736.94,
    "end": 1741.07,
    "speaker": "老师",
    "text": "今天是走路过去的，"
  },
  {
    "start": 1741.07,
    "end": 1743.57,
    "speaker": "老师",
    "text": "所用的时间更长。"
  },
  {
    "start": 1743.57,
    "end": 1749.75,
    "speaker": "老师",
    "text": "而明天如果你是跑着去学校的速度更快，"
  },
  {
    "start": 1749.81,
    "end": 1751.39,
    "speaker": "老师",
    "text": "时间就会越少。"
  },
  {
    "start": 1751.39,
    "end": 1754.51,
    "speaker": "老师",
    "text": "所以我们会发现所用的时间t越少，"
  },
  {
    "start": 1754.51,
    "end": 1757.03,
    "speaker": "老师",
    "text": "速度就会越快，"
  },
  {
    "start": 1757.03,
    "end": 1760.39,
    "speaker": "老师",
    "text": "因此它们都是会发生变化的，"
  },
  {
    "start": 1760.39,
    "end": 1761.59,
    "speaker": "老师",
    "text": "量是电量。"
  },
  {
    "start": 1761.59,
    "end": 1763.92,
    "speaker": "老师",
    "text": "好，"
  },
  {
    "start": 1763.92,
    "end": 1767.9,
    "speaker": "老师",
    "text": "我们再来看这两个问题，"
  },
  {
    "start": 1767.9,
    "end": 1769.74,
    "speaker": "老师",
    "text": "同样是形成问题，"
  },
  {
    "start": 1769.74,
    "end": 1773.42,
    "speaker": "老师",
    "text": "但是它们的常量和变量却有所不同。"
  },
  {
    "start": 1773.42,
    "end": 1774.56,
    "speaker": "老师",
    "text": "因此，"
  },
  {
    "start": 1774.62,
    "end": 1779.34,
    "speaker": "老师",
    "text": "我们可以得到常量和变量，"
  },
  {
    "start": 1779.34,
    "end": 1781.26,
    "speaker": "老师",
    "text": "不是绝对的，"
  },
  {
    "start": 1781.46,
    "end": 1788.85,
    "speaker": "老师",
    "text": "而是相对于某一个变化过程而言的。"
  },
  {
    "start": 1788.87,
    "end": 1794.45,
    "speaker": "老师",
    "text": "所以同学们在做这样的判断的时候，"
  },
  {
    "start": 1794.45,
    "end": 1803.2,
    "speaker": "老师",
    "text": "一定要根据定义牢牢把握问题中当中的变与不变。"
  },
  {
    "start": 1803.2,
    "end": 1803.52,
    "speaker": "老师",
    "text": "好，"
  },
  {
    "start": 1803.52,
    "end": 1812.87,
    "speaker": "老师",
    "text": "最后我们来看一个综合运用题，"
  },
  {
    "start": 1813.07,
    "end": 1817.29,
    "speaker": "老师",
    "text": "同学们都打过车吧。"
  },
  {
    "start": 1817.29,
    "end": 1821.09,
    "speaker": "老师",
    "text": "小王从家里径止打车去机场，"
  },
  {
    "start": 1821.09,
    "end": 1827.09,
    "speaker": "老师",
    "text": "已知出租车起步价为八元两公里内含两公里，"
  },
  {
    "start": 1827.09,
    "end": 1829.55,
    "speaker": "老师",
    "text": "通过观察计价器，"
  },
  {
    "start": 1829.61,
    "end": 1833.14,
    "speaker": "老师",
    "text": "他记下了以下数据，"
  },
  {
    "start": 1833.14,
    "end": 1835.1,
    "speaker": "老师",
    "text": "同学们仔细观察表格，"
  },
  {
    "start": 1835.72,
    "end": 1836.16,
    "speaker": "老师",
    "text": "嗯，"
  },
  {
    "start": 1836.16,
    "end": 1841.2,
    "speaker": "老师",
    "text": "你知道当出租车行驶五公里时，"
  },
  {
    "start": 1841.3,
    "end": 1846.68,
    "speaker": "老师",
    "text": "计价器上显示的金额是多少元吗？"
  },
  {
    "start": 1846.68,
    "end": 1848.77,
    "speaker": "老师",
    "text": "六公里呢，"
  },
  {
    "start": 1849.01,
    "end": 1850.11,
    "speaker": "老师",
    "text": "你是怎么想的？"
  },
  {
    "start": 1850.47,
    "end": 1850.93,
    "speaker": "老师",
    "text": "好，"
  },
  {
    "start": 1850.93,
    "end": 1852.31,
    "speaker": "老师",
    "text": "我们来看表格。"
  },
  {
    "start": 1852.31,
    "end": 1857.25,
    "speaker": "老师",
    "text": "从表格的前两栏我们可以看出，"
  },
  {
    "start": 1857.59,
    "end": 1868.86,
    "speaker": "老师",
    "text": "当里程数为一公里和二公里的时候，"
  },
  {
    "start": 1868.92,
    "end": 1871.96,
    "speaker": "老师",
    "text": "金额数都为八元。"
  },
  {
    "start": 1871.96,
    "end": 1880.65,
    "speaker": "老师",
    "text": "那么我们就能理解出租车的起步价为八元，"
  },
  {
    "start": 1880.65,
    "end": 1887.11,
    "speaker": "老师",
    "text": "并且这个八元最大的里程数是两公里，"
  },
  {
    "start": 1887.51,
    "end": 1889.15,
    "speaker": "老师",
    "text": "超越两公里后，"
  },
  {
    "start": 1889.45,
    "end": 1893.59,
    "speaker": "老师",
    "text": "当里程数为三公里时，"
  },
  {
    "start": 1893.59,
    "end": 1900.04,
    "speaker": "老师",
    "text": "我们来看金额发生了变化，"
  },
  {
    "start": 1900.1,
    "end": 1904.48,
    "speaker": "老师",
    "text": "四公里时也发生了变化。"
  },
  {
    "start": 1904.48,
    "end": 1907.66,
    "speaker": "老师",
    "text": "那么变化的规律是什么呢？"
  },
  {
    "start": 1907.66,
    "end": 1909.63,
    "speaker": "老师",
    "text": "我们来看看，"
  },
  {
    "start": 1909.63,
    "end": 1914.68,
    "speaker": "老师",
    "text": "从这里我们可以看出来，"
  },
  {
    "start": 1914.68,
    "end": 1918.28,
    "speaker": "老师",
    "text": "从两公里到三公里，"
  },
  {
    "start": 1918.28,
    "end": 1921.08,
    "speaker": "老师",
    "text": "金额增加了两元，"
  },
  {
    "start": 1921.1,
    "end": 1924.34,
    "speaker": "老师",
    "text": "四公里呢也增加了两元。"
  },
  {
    "start": 1924.34,
    "end": 1927.2,
    "speaker": "老师",
    "text": "由此我们可以推测，"
  },
  {
    "start": 1927.2,
    "end": 1929.42,
    "speaker": "老师",
    "text": "五公里的时候，"
  },
  {
    "start": 1929.42,
    "end": 1933.7,
    "speaker": "老师",
    "text": "金额数应该在四公里的基础上也增加两元。"
  },
  {
    "start": 1934.1,
    "end": 1935.91,
    "speaker": "老师",
    "text": "那么它就是十四元。"
  },
  {
    "start": 1937.01,
    "end": 1938.96,
    "speaker": "老师",
    "text": "六公里呢很简单，"
  },
  {
    "start": 1940.19,
    "end": 1942.95,
    "speaker": "老师",
    "text": "十六元七公里，"
  },
  {
    "start": 1942.95,
    "end": 1946.81,
    "speaker": "老师",
    "text": "十八元规律完全正确。"
  },
  {
    "start": 1946.81,
    "end": 1954.62,
    "speaker": "老师",
    "text": "因此我们可以得到这两个公里数所需要的金额。"
  },
  {
    "start": 1954.62,
    "end": 1956.5,
    "speaker": "老师",
    "text": "下面老师有问题了。"
  },
  {
    "start": 1956.9,
    "end": 1961.42,
    "speaker": "老师",
    "text": "请问这个二表示的是什么意思呢？"
  },
  {
    "start": 1961.88,
    "end": 1962.5,
    "speaker": "老师",
    "text": "没错，"
  },
  {
    "start": 1962.5,
    "end": 1967.88,
    "speaker": "老师",
    "text": "它表示的就是两公里后每公里的猪价为两元。"
  },
  {
    "start": 1967.92,
    "end": 1968.58,
    "speaker": "老师",
    "text": "因此，"
  },
  {
    "start": 1968.58,
    "end": 1975.74,
    "speaker": "老师",
    "text": "超过两公里后的金额数可以看成是由两部分组成，"
  },
  {
    "start": 1975.9,
    "end": 1978.98,
    "speaker": "老师",
    "text": "第一部分是起步价八元，"
  },
  {
    "start": 1978.98,
    "end": 1986.26,
    "speaker": "老师",
    "text": "第二部分是超出两公里后的猪价的费用。"
  },
  {
    "start": 1986.34,
    "end": 1987.76,
    "speaker": "老师",
    "text": "举一个例子，"
  },
  {
    "start": 1987.76,
    "end": 1989.86,
    "speaker": "老师",
    "text": "以六公里为例，"
  },
  {
    "start": 1990.02,
    "end": 1993.5,
    "speaker": "老师",
    "text": "起步价为八元，"
  },
  {
    "start": 1993.5,
    "end": 1998.0,
    "speaker": "老师",
    "text": "超出两公里外以外的四公里。"
  },
  {
    "start": 1998.1,
    "end": 2000.36,
    "speaker": "老师",
    "text": "另需付八元，"
  },
  {
    "start": 2000.36,
    "end": 2002.02,
    "speaker": "老师",
    "text": "合计十六元，"
  },
  {
    "start": 2002.02,
    "end": 2006.23,
    "speaker": "老师",
    "text": "就是这么得到的。"
  },
  {
    "start": 2007.33,
    "end": 2007.83,
    "speaker": "老师",
    "text": "好，"
  },
  {
    "start": 2007.87,
    "end": 2010.61,
    "speaker": "老师",
    "text": "通过这样的分析，"
  },
  {
    "start": 2010.81,
    "end": 2013.93,
    "speaker": "老师",
    "text": "接下来我就想问问大家，"
  },
  {
    "start": 2013.95,
    "end": 2020.29,
    "speaker": "老师",
    "text": "你能找到这个问题当中的变量和常量吗？"
  },
  {
    "start": 2020.29,
    "end": 2020.73,
    "speaker": "老师",
    "text": "哎，"
  },
  {
    "start": 2020.95,
    "end": 2024.18,
    "speaker": "老师",
    "text": "很明显在这个问题当中，"
  },
  {
    "start": 2024.18,
    "end": 2030.75,
    "speaker": "老师",
    "text": "金额数会随着里程数的变化而变化，"
  },
  {
    "start": 2030.83,
    "end": 2033.07,
    "speaker": "老师",
    "text": "它们都是变量，"
  },
  {
    "start": 2033.09,
    "end": 2037.07,
    "speaker": "老师",
    "text": "而不变的量又是什么呢？"
  },
  {
    "start": 2037.07,
    "end": 2043.73,
    "speaker": "老师",
    "text": "我们可以看到出租车的起步价是始终不会改变的，"
  },
  {
    "start": 2043.73,
    "end": 2050.51,
    "speaker": "老师",
    "text": "所以它是一个常量，"
  },
  {
    "start": 2050.51,
    "end": 2051.61,
    "speaker": "老师",
    "text": "还有吗？"
  },
  {
    "start": 2051.61,
    "end": 2056.76,
    "speaker": "老师",
    "text": "当然还有这八元能够行驶的最大里程数，"
  },
  {
    "start": 2057.02,
    "end": 2060.76,
    "speaker": "老师",
    "text": "两公里也是不会发生改变的，"
  },
  {
    "start": 2060.76,
    "end": 2064.29,
    "speaker": "老师",
    "text": "所以它也是一个常量。"
  },
  {
    "start": 2064.29,
    "end": 2066.27,
    "speaker": "老师",
    "text": "还有没有呢？"
  },
  {
    "start": 2066.29,
    "end": 2069.29,
    "speaker": "老师",
    "text": "我们看到上面的规律，"
  },
  {
    "start": 2069.29,
    "end": 2075.62,
    "speaker": "老师",
    "text": "我们发现超出两公里后每公里加价两元，"
  },
  {
    "start": 2075.62,
    "end": 2078.6,
    "speaker": "老师",
    "text": "这个两元也是不会发生改变的。"
  },
  {
    "start": 2078.6,
    "end": 2082.1,
    "speaker": "老师",
    "text": "所以它也是一个常量。"
  },
  {
    "start": 2082.1,
    "end": 2086.79,
    "speaker": "老师",
    "text": "那么这个问题中就有三个常量。"
  },
  {
    "start": 2086.79,
    "end": 2090.71,
    "speaker": "老师",
    "text": "我们对问题这样的分析，"
  },
  {
    "start": 2090.71,
    "end": 2094.04,
    "speaker": "老师",
    "text": "对我们有没有作用呢？"
  },
  {
    "start": 2094.32,
    "end": 2096.6,
    "speaker": "老师",
    "text": "我们接下来往下看，"
  },
  {
    "start": 2096.64,
    "end": 2099.47,
    "speaker": "老师",
    "text": "已知小王家离机场的里程为十二公里。"
  },
  {
    "start": 2098.96,
    "end": 2099.47,
    "speaker": "老师",
    "text": "请你预测一下，"
  },
  {
    "start": 2098.96,
    "end": 2099.47,
    "speaker": "老师",
    "text": "小王大约需要支付多少钱。"
  },
  {
    "start": 2098.96,
    "end": 2099.47,
    "speaker": "老师",
    "text": "好，"
  },
  {
    "start": 2098.96,
    "end": 2099.47,
    "speaker": "老师",
    "text": "根据我们刚刚的分析，"
  },
  {
    "start": 2098.96,
    "end": 2099.47,
    "speaker": "老师",
    "text": "我们知道超出了两公里后的金额分为两部分，"
  },
  {
    "start": 2098.96,
    "end": 2099.47,
    "speaker": "老师",
    "text": "一部分是起步价八元，"
  },
  {
    "start": 2098.96,
    "end": 2099.47,
    "speaker": "老师",
    "text": "另一部分是超出两公里后所需要支付的猪价。"
  },
  {
    "start": 2098.96,
    "end": 2099.47,
    "speaker": "老师",
    "text": "因此，"
  },
  {
    "start": 2098.96,
    "end": 2099.47,
    "speaker": "老师",
    "text": "我们可以先看到十二公里，"
  },
  {
    "start": 2098.96,
    "end": 2099.47,
    "speaker": "老师",
    "text": "超出两公里外十公里，"
  },
  {
    "start": 2098.96,
    "end": 2099.47,
    "speaker": "老师",
    "text": "所以这里需要支付的费用是起步价八，"
  },
  {
    "start": 2098.96,
    "end": 2099.47,
    "speaker": "老师",
    "text": "加上十二减二。"
  },
  {
    "start": 2098.96,
    "end": 2099.47,
    "speaker": "老师",
    "text": "先算出超出里程数，"
  },
  {
    "start": 2098.96,
    "end": 2099.47,
    "speaker": "老师",
    "text": "然后乘以单价得到二十八元。"
  },
  {
    "start": 2098.96,
    "end": 2099.47,
    "speaker": "老师",
    "text": "那么如果这个问题继续往下变，"
  },
  {
    "start": 2098.96,
    "end": 2099.47,
    "speaker": "老师",
    "text": "当车程为a公里时，"
  },
  {
    "start": 2098.96,
    "end": 2099.47,
    "speaker": "老师",
    "text": "a大于二车费又是多少呢？"
  },
  {
    "start": 2098.96,
    "end": 2099.47,
    "speaker": "老师",
    "text": "可以算到八加a减二，"
  },
  {
    "start": 2098.96,
    "end": 2099.47,
    "speaker": "老师",
    "text": "算出超出里程数，"
  },
  {
    "start": 2098.96,
    "end": 2099.47,
    "speaker": "老师",
    "text": "在乘单价得到八加二a减四，"
  },
  {
    "start": 2098.96,
    "end": 2099.47,
    "speaker": "老师",
    "text": "最后我们得到二a加四元。"
  },
  {
    "start": 2098.96,
    "end": 2099.47,
    "speaker": "老师",
    "text": "看样子这样的分析对我们还是很有价值的，"
  },
  {
    "start": 2098.96,
    "end": 2099.47,
    "speaker": "老师",
    "text": "它可以帮助我们预测其他的里程数。"
  },
  {
    "start": 2098.96,
    "end": 2099.47,
    "speaker": "老师",
    "text": "好，"
  },
  {
    "start": 2098.96,
    "end": 2099.47,
    "speaker": "老师",
    "text": "到这里咱们的课就将接近尾声了。"
  },
  {
    "start": 2098.96,
    "end": 2099.47,
    "speaker": "老师",
    "text": "接下来想问问同学们，"
  },
  {
    "start": 2098.96,
    "end": 2099.47,
    "speaker": "老师",
    "text": "通过这节课我们学会了什么呢？"
  },
  {
    "start": 2098.96,
    "end": 2099.47,
    "speaker": "老师",
    "text": "你有什么样的学习感悟呢？"
  },
  {
    "start": 2098.96,
    "end": 2099.47,
    "speaker": "老师",
    "text": "老师的感觉先跟大家分享一下，"
  },
  {
    "start": 2098.96,
    "end": 2099.47,
    "speaker": "老师",
    "text": "我的感觉是我们生活的世界是一个不断变化的世界。"
  },
  {
    "start": 2098.96,
    "end": 2099.47,
    "speaker": "老师",
    "text": "在这个不断变化的过程中有一些量是会发生变化的，"
  },
  {
    "start": 2098.96,
    "end": 2099.47,
    "speaker": "老师",
    "text": "它们是变量，"
  },
  {
    "start": 2098.96,
    "end": 2099.47,
    "speaker": "老师",
    "text": "有一些量是始终不变的，"
  },
  {
    "start": 2098.96,
    "end": 2099.47,
    "speaker": "老师",
    "text": "它们是常量。"
  },
  {
    "start": 2098.96,
    "end": 2099.47,
    "speaker": "老师",
    "text": "同学们，"
  },
  {
    "start": 2098.96,
    "end": 2099.47,
    "speaker": "老师",
    "text": "你们有什么样的感悟呢？"
  },
  {
    "start": 2098.96,
    "end": 2099.47,
    "speaker": "老师",
    "text": "欢迎你们与我交流。"
  },
  {
    "start": 2098.96,
    "end": 2099.47,
    "speaker": "老师",
    "text": "以下是我的电子邮箱。"
  },
  {
    "start": 2098.96,
    "end": 2099.47,
    "speaker": "老师",
    "text": "最后我们来看看咱们今天的作业，"
  },
  {
    "start": 2098.96,
    "end": 2099.47,
    "speaker": "老师",
    "text": "两个作业，"
  },
  {
    "start": 2098.96,
    "end": 2099.47,
    "speaker": "老师",
    "text": "一个是书面作业，"
  },
  {
    "start": 2098.96,
    "end": 2099.47,
    "speaker": "老师",
    "text": "还一个是预习作业。"
  },
  {
    "start": 2098.96,
    "end": 2099.47,
    "speaker": "老师",
    "text": "好，"
  },
  {
    "start": 2098.96,
    "end": 2099.47,
    "speaker": "老师",
    "text": "同学们，"
  },
  {
    "start": 2098.96,
    "end": 2099.47,
    "speaker": "老师",
    "text": "这节课我们就上到这里，"
  },
  {
    "start": 2098.96,
    "end": 2099.47,
    "speaker": "老师",
    "text": "同学们再见。"
  }
]