[
  {
    "start": 9.65,
    "end": 11.13,
    "speaker": "老师",
    "text": "亲爱的同学们，"
  },
  {
    "start": 11.13,
    "end": 13.04,
    "speaker": "老师",
    "text": "大家好。"
  },
  {
    "start": 13.04,
    "end": 14.24,
    "speaker": "老师",
    "text": "上一节课，"
  },
  {
    "start": 14.24,
    "end": 17.86,
    "speaker": "老师",
    "text": "我们上了一节勾股定理的习题课。"
  },
  {
    "start": 18.02,
    "end": 25.87,
    "speaker": "老师",
    "text": "这一节课我们再一起来看到平行四边形，"
  },
  {
    "start": 25.87,
    "end": 28.33,
    "speaker": "老师",
    "text": "在之前的课堂上，"
  },
  {
    "start": 28.33,
    "end": 36.13,
    "speaker": "老师",
    "text": "我们讲过一道这样的练习。"
  },
  {
    "start": 37.09,
    "end": 45.18,
    "speaker": "老师",
    "text": "在四边形ABCD中，"
  },
  {
    "start": 45.22,
    "end": 52.54,
    "speaker": "老师",
    "text": "EFGH分别是ABBCCDDA的中点，"
  },
  {
    "start": 52.78,
    "end": 65.61,
    "speaker": "老师",
    "text": "求证四边形EFGH是平行四边形。"
  },
  {
    "start": 65.67,
    "end": 69.85,
    "speaker": "老师",
    "text": "你还记得我们是如何去思考的吗？"
  },
  {
    "start": 69.91,
    "end": 73.31,
    "speaker": "老师",
    "text": "对我们通过连接对角线，"
  },
  {
    "start": 73.31,
    "end": 80.14,
    "speaker": "老师",
    "text": "将四边形的问题转化为三角形的问题。"
  },
  {
    "start": 80.14,
    "end": 86.02,
    "speaker": "老师",
    "text": "利用三角形的中位线定理可以得到EF平行，"
  },
  {
    "start": 86.2,
    "end": 92.81,
    "speaker": "老师",
    "text": "且等于二分之一的ACHG平行，"
  },
  {
    "start": 92.95,
    "end": 100.85,
    "speaker": "老师",
    "text": "且等于二分之一的AC平行于同一直线的两直线平行，"
  },
  {
    "start": 101.15,
    "end": 105.39,
    "speaker": "老师",
    "text": "所以得到了EF平行，"
  },
  {
    "start": 108.06,
    "end": 111.28,
    "speaker": "老师",
    "text": "且等于HG."
  },
  {
    "start": 111.28,
    "end": 123.1,
    "speaker": "老师",
    "text": "再根据一组对边平行且相等的四边形是平行四边形，"
  },
  {
    "start": 123.28,
    "end": 126.95,
    "speaker": "老师",
    "text": "判定了四边形，"
  },
  {
    "start": 127.27,
    "end": 130.81,
    "speaker": "老师",
    "text": "EFGH是平行四边形。"
  },
  {
    "start": 130.81,
    "end": 138.91,
    "speaker": "老师",
    "text": "我们把像四边形EFGH这样顺势连接四边形，"
  },
  {
    "start": 138.91,
    "end": 148.32,
    "speaker": "老师",
    "text": "各边中点的四边形叫做中点四边形在课本的六十八面。"
  },
  {
    "start": 148.32,
    "end": 151.04,
    "speaker": "老师",
    "text": "第九题有对它的介绍，"
  },
  {
    "start": 151.04,
    "end": 154.38,
    "speaker": "老师",
    "text": "我们一起来看一下。"
  },
  {
    "start": 154.38,
    "end": 159.4,
    "speaker": "老师",
    "text": "我们把顺势连接任意一个四边形，"
  },
  {
    "start": 159.4,
    "end": 166.32,
    "speaker": "老师",
    "text": "各边中点所得的四边形叫做中点四边形。"
  },
  {
    "start": 166.32,
    "end": 172.91,
    "speaker": "老师",
    "text": "我们这一节课要研究的就是这个中点四边形，"
  },
  {
    "start": 173.11,
    "end": 179.57,
    "speaker": "老师",
    "text": "我们一起来看一下他的问题。"
  },
  {
    "start": 179.57,
    "end": 186.0,
    "speaker": "老师",
    "text": "一、任意四边形的中点四边形是什么形状？"
  },
  {
    "start": 186.0,
    "end": 187.88,
    "speaker": "老师",
    "text": "为什么？"
  },
  {
    "start": 187.9,
    "end": 193.24,
    "speaker": "老师",
    "text": "二、任意平行四边形的中点四边形是什么形状？"
  },
  {
    "start": 193.52,
    "end": 194.4,
    "speaker": "老师",
    "text": "为什么？"
  },
  {
    "start": 194.4,
    "end": 208.19,
    "speaker": "老师",
    "text": "三、任意矩形、菱形和正方形的中点四边形分别是什么形状？"
  },
  {
    "start": 208.19,
    "end": 208.57,
    "speaker": "老师",
    "text": "为什么？"
  },
  {
    "start": 208.57,
    "end": 212.19,
    "speaker": "老师",
    "text": "我们首先看的第一问，"
  },
  {
    "start": 212.19,
    "end": 216.33,
    "speaker": "老师",
    "text": "任意四边形的中点四边形是什么形状？"
  },
  {
    "start": 216.33,
    "end": 220.73,
    "speaker": "老师",
    "text": "我们刚刚在引力中已经做了探究。"
  },
  {
    "start": 220.73,
    "end": 229.51,
    "speaker": "老师",
    "text": "我们知道任意四边形的中点四边形是一个平行四边形。"
  },
  {
    "start": 229.51,
    "end": 235.95,
    "speaker": "老师",
    "text": "我们再一起来看到第二问，"
  },
  {
    "start": 235.95,
    "end": 252.31,
    "speaker": "老师",
    "text": "任意平行四边形的中点四边形是什么形状呢？"
  },
  {
    "start": 252.31,
    "end": 255.05,
    "speaker": "老师",
    "text": "先猜一猜再证明。"
  },
  {
    "start": 255.05,
    "end": 259.17,
    "speaker": "老师",
    "text": "我们一起来看到老师给出的这个图，"
  },
  {
    "start": 259.17,
    "end": 261.79,
    "speaker": "老师",
    "text": "从图中你猜一猜看，"
  },
  {
    "start": 261.79,
    "end": 269.33,
    "speaker": "老师",
    "text": "它的中点四边形是什么形状的呢？"
  },
  {
    "start": 269.37,
    "end": 276.1,
    "speaker": "老师",
    "text": "还会不会是平行四边形呢？"
  },
  {
    "start": 276.1,
    "end": 278.44,
    "speaker": "老师",
    "text": "我觉得是肯定的。"
  },
  {
    "start": 278.5,
    "end": 279.74,
    "speaker": "老师",
    "text": "你知道理由吗？"
  },
  {
    "start": 279.78,
    "end": 284.38,
    "speaker": "老师",
    "text": "对我们平行四边形是特殊的四边形，"
  },
  {
    "start": 284.78,
    "end": 292.05,
    "speaker": "老师",
    "text": "所以可以利用上一问的结论。"
  },
  {
    "start": 292.75,
    "end": 309.94,
    "speaker": "老师",
    "text": "那也就是说平行四边形的中点四边形是平行四边形，"
  },
  {
    "start": 310.06,
    "end": 316.03,
    "speaker": "老师",
    "text": "我们一起来看看如何对它进行证明呢，"
  },
  {
    "start": 316.03,
    "end": 318.17,
    "speaker": "老师",
    "text": "这是一句文字语言。"
  },
  {
    "start": 318.17,
    "end": 323.54,
    "speaker": "老师",
    "text": "首先我们需要将它改写成符号语言，"
  },
  {
    "start": 323.54,
    "end": 403.86,
    "speaker": "老师",
    "text": "也就是需要写出已知和求证。"
  },
  {
    "start": 403.86,
    "end": 410.86,
    "speaker": "老师",
    "text": "我们一起来看到图已知EFGH分别是平行四边形，"
  },
  {
    "start": 411.26,
    "end": 414.5,
    "speaker": "老师",
    "text": "ABCD各边的中点，"
  },
  {
    "start": 414.76,
    "end": 421.62,
    "speaker": "老师",
    "text": "求证四边形EFGH是平行四边形。"
  },
  {
    "start": 421.62,
    "end": 422.48,
    "speaker": "老师",
    "text": "你想想看，"
  },
  {
    "start": 422.7,
    "end": 430.66,
    "speaker": "老师",
    "text": "除了引力当中的那一种证明方法，"
  },
  {
    "start": 430.82,
    "end": 439.8,
    "speaker": "老师",
    "text": "你还有没有其他的证明方法呢？"
  },
  {
    "start": 439.82,
    "end": 442.56,
    "speaker": "老师",
    "text": "请同学们思考一下。"
  },
  {
    "start": 442.84,
    "end": 443.68,
    "speaker": "老师",
    "text": "好，"
  },
  {
    "start": 443.74,
    "end": 444.67,
    "speaker": "老师",
    "text": "同学们，"
  },
  {
    "start": 445.54,
    "end": 447.58,
    "speaker": "老师",
    "text": "你们赞到了吗？"
  },
  {
    "start": 447.74,
    "end": 454.68,
    "speaker": "老师",
    "text": "老师这里给出了和引力一样的证明方法，"
  },
  {
    "start": 455.76,
    "end": 465.92,
    "speaker": "老师",
    "text": "通过证明一组对边平行且相等的四边形是平行四边形，"
  },
  {
    "start": 465.92,
    "end": 468.56,
    "speaker": "老师",
    "text": "你还有别的方法吗？"
  },
  {
    "start": 468.74,
    "end": 469.14,
    "speaker": "老师",
    "text": "对，"
  },
  {
    "start": 469.56,
    "end": 476.64,
    "speaker": "老师",
    "text": "我们还可以通过连接另一条对角线，"
  },
  {
    "start": 477.28,
    "end": 486.72,
    "speaker": "老师",
    "text": "利用EF平行ACHG平行AC EH平行BDFG平行BD得到两组，"
  },
  {
    "start": 486.72,
    "end": 494.56,
    "speaker": "老师",
    "text": "对边分别平行的四边形是平行四边形。"
  },
  {
    "start": 495.3,
    "end": 509.93,
    "speaker": "老师",
    "text": "那同样是不是还可以通过证明EF等于二分之一的AC等于HG,"
  },
  {
    "start": 509.99,
    "end": 516.58,
    "speaker": "老师",
    "text": "EH等于二分之一的BD等于FG,"
  },
  {
    "start": 516.7,
    "end": 528.39,
    "speaker": "老师",
    "text": "利用两组对边分别相等的四边形是平行四边形去进行证明呢？"
  },
  {
    "start": 528.39,
    "end": 531.85,
    "speaker": "老师",
    "text": "通过刚刚三种方法的证明，"
  },
  {
    "start": 531.85,
    "end": 534.11,
    "speaker": "老师",
    "text": "我们验证了我们的猜想。"
  },
  {
    "start": 534.33,
    "end": 543.45,
    "speaker": "老师",
    "text": "任意的平行四边形的中点四边形是平行四边形。"
  },
  {
    "start": 543.47,
    "end": 560.51,
    "speaker": "老师",
    "text": "并且我们在证明的过程中发现中点四边形EFGH的边与我原四边形ABCD的对角线有着密切的联系。"
  },
  {
    "start": 560.55,
    "end": 568.31,
    "speaker": "老师",
    "text": "那我们得到了平行四边形的中点四边形是平行四边形，"
  },
  {
    "start": 568.35,
    "end": 642.03,
    "speaker": "老师",
    "text": "为什么我的圆四边形形状特殊化了，"
  },
  {
    "start": 642.03,
    "end": 650.17,
    "speaker": "老师",
    "text": "而它的中点四边形却没有发生改变呢？"
  },
  {
    "start": 650.17,
    "end": 654.33,
    "speaker": "老师",
    "text": "我们先一起来看到第三问，"
  },
  {
    "start": 654.43,
    "end": 665.8,
    "speaker": "老师",
    "text": "看一看在第三问的探究过程中能不能帮我们解决这个问题。"
  },
  {
    "start": 665.8,
    "end": 676.22,
    "speaker": "老师",
    "text": "三、任意矩形、菱形和正方形的中点四边形分别是什么形状？"
  },
  {
    "start": 676.22,
    "end": 678.5,
    "speaker": "老师",
    "text": "先猜一猜，"
  },
  {
    "start": 678.5,
    "end": 681.68,
    "speaker": "老师",
    "text": "再证明我们一个一个来。"
  },
  {
    "start": 681.68,
    "end": 684.4,
    "speaker": "老师",
    "text": "首先先看到矩形，"
  },
  {
    "start": 684.4,
    "end": 694.36,
    "speaker": "老师",
    "text": "请同学们在草稿纸上画出一个矩形，"
  },
  {
    "start": 694.5,
    "end": 700.37,
    "speaker": "老师",
    "text": "并画出它的中点四边形。"
  },
  {
    "start": 700.37,
    "end": 701.71,
    "speaker": "老师",
    "text": "再猜猜看，"
  },
  {
    "start": 701.81,
    "end": 704.05,
    "speaker": "老师",
    "text": "它是什么形状的呢？"
  },
  {
    "start": 704.05,
    "end": 704.65,
    "speaker": "老师",
    "text": "好，"
  },
  {
    "start": 704.87,
    "end": 705.83,
    "speaker": "老师",
    "text": "同学们，"
  },
  {
    "start": 705.83,
    "end": 708.49,
    "speaker": "老师",
    "text": "你们画好了吗？"
  },
  {
    "start": 708.85,
    "end": 713.01,
    "speaker": "老师",
    "text": "你猜一下它是什么形状的呢？"
  },
  {
    "start": 713.25,
    "end": 730.1,
    "speaker": "老师",
    "text": "有同学说它是平行四边形，"
  },
  {
    "start": 730.1,
    "end": 734.79,
    "speaker": "老师",
    "text": "有同学觉得他是个菱形，"
  },
  {
    "start": 734.93,
    "end": 740.22,
    "speaker": "老师",
    "text": "那它是不是还会是平行四边形呢？"
  },
  {
    "start": 740.22,
    "end": 743.04,
    "speaker": "老师",
    "text": "肯定的，"
  },
  {
    "start": 743.04,
    "end": 748.38,
    "speaker": "老师",
    "text": "为什么老师这么肯定呢？"
  },
  {
    "start": 748.38,
    "end": 749.1,
    "speaker": "老师",
    "text": "对，"
  },
  {
    "start": 750.15,
    "end": 753.67,
    "speaker": "老师",
    "text": "我们同样利用第二问的结论。"
  },
  {
    "start": 753.73,
    "end": 759.11,
    "speaker": "老师",
    "text": "因为矩形是特殊的平行四边形，"
  },
  {
    "start": 759.15,
    "end": 764.77,
    "speaker": "老师",
    "text": "所以矩形的中点四边形肯定是平行四边形，"
  },
  {
    "start": 764.83,
    "end": 768.65,
    "speaker": "老师",
    "text": "那它会不会是菱形呢？"
  },
  {
    "start": 768.91,
    "end": 771.03,
    "speaker": "老师",
    "text": "通过观察对比，"
  },
  {
    "start": 771.09,
    "end": 772.25,
    "speaker": "老师",
    "text": "我猜想，"
  },
  {
    "start": 772.37,
    "end": 782.88,
    "speaker": "老师",
    "text": "任意矩形的中点四边形是菱形老师，"
  },
  {
    "start": 783.32,
    "end": 795.69,
    "speaker": "老师",
    "text": "在这里给出了证明它中点四边形是平行四边形的过程。"
  },
  {
    "start": 795.77,
    "end": 803.84,
    "speaker": "老师",
    "text": "那如何从平行四边形得到它会是一个菱形呢？"
  },
  {
    "start": 804.06,
    "end": 806.58,
    "speaker": "老师",
    "text": "你们想一想，"
  },
  {
    "start": 806.66,
    "end": 840.18,
    "speaker": "老师",
    "text": "你们想到了吗？"
  },
  {
    "start": 840.18,
    "end": 851.18,
    "speaker": "老师",
    "text": "我们知道有一组邻边相等的平行四边形会是菱形。"
  },
  {
    "start": 851.36,
    "end": 860.79,
    "speaker": "老师",
    "text": "那在这里我的中点四边形EFGH邻边会不会相等呢？"
  },
  {
    "start": 861.55,
    "end": 864.57,
    "speaker": "老师",
    "text": "在前面的分析当中，"
  },
  {
    "start": 864.63,
    "end": 876.4,
    "speaker": "老师",
    "text": "我们知道中点四边形的边与我圆四边形的对角线有着密切的联系。"
  },
  {
    "start": 876.4,
    "end": 937.15,
    "speaker": "老师",
    "text": "那我们来看到一下矩形的对角线。"
  },
  {
    "start": 937.15,
    "end": 942.86,
    "speaker": "老师",
    "text": "矩形的对角线它具有什么特殊的性质，"
  },
  {
    "start": 943.77,
    "end": 950.6,
    "speaker": "老师",
    "text": "会使得我的中点四边形的邻边相等吗？"
  },
  {
    "start": 950.72,
    "end": 952.62,
    "speaker": "老师",
    "text": "对，"
  },
  {
    "start": 952.64,
    "end": 957.72,
    "speaker": "老师",
    "text": "我们知道矩形的对角线是相等的。"
  },
  {
    "start": 957.76,
    "end": 965.03,
    "speaker": "老师",
    "text": "那么你现在能够去证明这个猜想了吗？"
  },
  {
    "start": 965.03,
    "end": 967.61,
    "speaker": "老师",
    "text": "同样的，"
  },
  {
    "start": 967.65,
    "end": 973.81,
    "speaker": "老师",
    "text": "首先请同学们先写出已知和求证，"
  },
  {
    "start": 974.65,
    "end": 977.63,
    "speaker": "老师",
    "text": "给大家一点时间。"
  },
  {
    "start": 978.09,
    "end": 978.65,
    "speaker": "老师",
    "text": "好，"
  },
  {
    "start": 978.93,
    "end": 1001.35,
    "speaker": "老师",
    "text": "一起来看到已知EFGH分别是矩形ABCD各边的中点求证四边形EFGH是菱形，"
  },
  {
    "start": 1001.41,
    "end": 1005.97,
    "speaker": "老师",
    "text": "写出了已知求证之后，"
  },
  {
    "start": 1005.97,
    "end": 1012.57,
    "speaker": "老师",
    "text": "你能够对它去进行证明吗？"
  },
  {
    "start": 1012.57,
    "end": 1020.13,
    "speaker": "老师",
    "text": "请同学们在老师给出的过程上去做补充吗？"
  },
  {
    "start": 1020.13,
    "end": 1027.79,
    "speaker": "老师",
    "text": "将它看看能不能够证到四边形EFGH是菱形呢？"
  },
  {
    "start": 1027.79,
    "end": 1033.11,
    "speaker": "老师",
    "text": "再给同学们一点时间思考一下，"
  },
  {
    "start": 1033.11,
    "end": 1036.22,
    "speaker": "老师",
    "text": "同学们，"
  },
  {
    "start": 1036.28,
    "end": 1039.22,
    "speaker": "老师",
    "text": "你们写好了吗？"
  },
  {
    "start": 1039.22,
    "end": 1044.51,
    "speaker": "老师",
    "text": "我们一起来看到完整的步骤，"
  },
  {
    "start": 1044.69,
    "end": 1048.67,
    "speaker": "老师",
    "text": "并且看到老师画框的两个位置。"
  },
  {
    "start": 1048.67,
    "end": 1055.01,
    "speaker": "老师",
    "text": "首先因为EFGH分别是矩形，"
  },
  {
    "start": 1055.07,
    "end": 1060.06,
    "speaker": "老师",
    "text": "ABCD各边的中点，"
  },
  {
    "start": 1060.06,
    "end": 1067.85,
    "speaker": "老师",
    "text": "所以我们得到了平行和相等的关系。"
  },
  {
    "start": 1067.85,
    "end": 1073.25,
    "speaker": "老师",
    "text": "接下来因为四边形ABCD是矩形，"
  },
  {
    "start": 1073.43,
    "end": 1084.72,
    "speaker": "老师",
    "text": "所以它的对角线会相等，"
  },
  {
    "start": 1084.72,
    "end": 1086.64,
    "speaker": "老师",
    "text": "传递给我中点，"
  },
  {
    "start": 1086.64,
    "end": 1092.46,
    "speaker": "老师",
    "text": "四边形的邻边使得它也会相等，"
  },
  {
    "start": 1092.46,
    "end": 1096.36,
    "speaker": "老师",
    "text": "所以我的平行四边形就是菱形了，"
  },
  {
    "start": 1096.8,
    "end": 1098.48,
    "speaker": "老师",
    "text": "你挣到了吗？"
  },
  {
    "start": 1098.48,
    "end": 1102.44,
    "speaker": "老师",
    "text": "我们的猜想顺利的将他得到了证明，"
  },
  {
    "start": 1103.83,
    "end": 1108.23,
    "speaker": "老师",
    "text": "也就是矩形的中点，"
  },
  {
    "start": 1108.23,
    "end": 1115.24,
    "speaker": "老师",
    "text": "四边形是菱形。"
  },
  {
    "start": 1116.2,
    "end": 1117.82,
    "speaker": "老师",
    "text": "那你想想看，"
  },
  {
    "start": 1118.16,
    "end": 1122.72,
    "speaker": "老师",
    "text": "我们是因为矩形的对角线相等，"
  },
  {
    "start": 1122.82,
    "end": 1129.39,
    "speaker": "老师",
    "text": "所以导致了中点四边形的特殊化。"
  },
  {
    "start": 1129.79,
    "end": 1138.03,
    "speaker": "老师",
    "text": "那么再回过头看到任意四边形的对角线，"
  },
  {
    "start": 1138.03,
    "end": 1142.61,
    "speaker": "老师",
    "text": "他是任意的，"
  },
  {
    "start": 1142.65,
    "end": 1150.4,
    "speaker": "老师",
    "text": "而平行四边形的对角线它只具有相互平分的关系，"
  },
  {
    "start": 1150.72,
    "end": 1153.2,
    "speaker": "老师",
    "text": "思路逐渐在清晰。"
  },
  {
    "start": 1153.26,
    "end": 1157.77,
    "speaker": "老师",
    "text": "那我们来再继续进行探究，"
  },
  {
    "start": 1161.69,
    "end": 1166.94,
    "speaker": "老师",
    "text": "看看到底是对角线的什么原因，"
  },
  {
    "start": 1166.94,
    "end": 1172.17,
    "speaker": "老师",
    "text": "会导致中点四边形的特殊化。"
  },
  {
    "start": 1172.37,
    "end": 1241.99,
    "speaker": "老师",
    "text": "接下来我们再来看到菱形，"
  },
  {
    "start": 1241.99,
    "end": 1245.33,
    "speaker": "老师",
    "text": "根据老师给出的这个图，"
  },
  {
    "start": 1245.33,
    "end": 1251.92,
    "speaker": "老师",
    "text": "你们猜猜看菱形的中点四边形会是什么形状的呢？"
  },
  {
    "start": 1252.04,
    "end": 1255.3,
    "speaker": "老师",
    "text": "他还会是平行四边形吗？"
  },
  {
    "start": 1255.3,
    "end": 1261.52,
    "speaker": "老师",
    "text": "它又会是什么特殊的平行四边形吗？"
  },
  {
    "start": 1261.52,
    "end": 1265.7,
    "speaker": "老师",
    "text": "对我听到有同学说，"
  },
  {
    "start": 1265.7,
    "end": 1270.9,
    "speaker": "老师",
    "text": "它一定是平行四边形同矩形一样，"
  },
  {
    "start": 1270.9,
    "end": 1272.14,
    "speaker": "老师",
    "text": "对不对？"
  },
  {
    "start": 1272.14,
    "end": 1278.44,
    "speaker": "老师",
    "text": "那它还是什么特殊的平行四边形吗？"
  },
  {
    "start": 1278.44,
    "end": 1283.46,
    "speaker": "老师",
    "text": "通过观察我们猜想四边形EFGH是矩形，"
  },
  {
    "start": 1283.7,
    "end": 1291.54,
    "speaker": "老师",
    "text": "那菱形的对角线又具有什么样特殊的性质，"
  },
  {
    "start": 1291.82,
    "end": 1300.52,
    "speaker": "老师",
    "text": "能够使得它的中点四边形变成矩形呢？"
  },
  {
    "start": 1300.6,
    "end": 1307.97,
    "speaker": "老师",
    "text": "我们来看到菱形的对角线，"
  },
  {
    "start": 1307.97,
    "end": 1320.07,
    "speaker": "老师",
    "text": "我们知道菱形的对角线具有垂直相互平分且平分每一组对角。"
  },
  {
    "start": 1320.41,
    "end": 1331.93,
    "speaker": "老师",
    "text": "那你觉得哪一个性质能够使得我的中点四边形会从平行四边形变成矩形，"
  },
  {
    "start": 1332.03,
    "end": 1334.25,
    "speaker": "老师",
    "text": "对垂直的这个性质，"
  },
  {
    "start": 1334.31,
    "end": 1339.41,
    "speaker": "老师",
    "text": "那你能够对它进行证明了吗？"
  },
  {
    "start": 1339.43,
    "end": 1342.03,
    "speaker": "老师",
    "text": "请同学们写出已知求证，"
  },
  {
    "start": 1342.47,
    "end": 1345.27,
    "speaker": "老师",
    "text": "并对它进行证明。"
  },
  {
    "start": 1345.33,
    "end": 1346.71,
    "speaker": "老师",
    "text": "好，"
  },
  {
    "start": 1346.71,
    "end": 1347.33,
    "speaker": "老师",
    "text": "同学们，"
  },
  {
    "start": 1347.33,
    "end": 1352.59,
    "speaker": "老师",
    "text": "你们证明到它是矩形了吗？"
  },
  {
    "start": 1352.67,
    "end": 1358.73,
    "speaker": "老师",
    "text": "我们一起来看到完整的证明过程。"
  },
  {
    "start": 1358.73,
    "end": 1365.59,
    "speaker": "老师",
    "text": "那你看一看这里与证明矩形的中点四边形是菱形，"
  },
  {
    "start": 1365.59,
    "end": 1372.11,
    "speaker": "老师",
    "text": "不一样的地方在哪里呢？"
  },
  {
    "start": 1372.11,
    "end": 1375.33,
    "speaker": "老师",
    "text": "是不是在这里？"
  },
  {
    "start": 1375.37,
    "end": 1383.39,
    "speaker": "老师",
    "text": "由于菱形的对角线是相互垂直的，"
  },
  {
    "start": 1383.83,
    "end": 1394.38,
    "speaker": "老师",
    "text": "所以它传递给我中点四边形EFGH邻边也是垂直。"
  },
  {
    "start": 1394.38,
    "end": 1399.63,
    "speaker": "老师",
    "text": "那么这个e证又是如何证到的呢？"
  },
  {
    "start": 1399.63,
    "end": 1403.64,
    "speaker": "老师",
    "text": "我们一起来看到，"
  },
  {
    "start": 1403.94,
    "end": 1410.72,
    "speaker": "老师",
    "text": "因为菱形的对角线是相互垂直的，"
  },
  {
    "start": 1410.72,
    "end": 1414.77,
    "speaker": "老师",
    "text": "而FG平行BD,"
  },
  {
    "start": 1414.77,
    "end": 1417.61,
    "speaker": "老师",
    "text": "所以这个角也是直角。"
  },
  {
    "start": 1417.61,
    "end": 1420.24,
    "speaker": "老师",
    "text": "又因为EF平行AC,"
  },
  {
    "start": 1420.62,
    "end": 1421.8,
    "speaker": "老师",
    "text": "所以角EFG为直角，"
  },
  {
    "start": 1421.8,
    "end": 1430.84,
    "speaker": "老师",
    "text": "也就是我们的EF垂直FG猜想得到了验证。"
  },
  {
    "start": 1430.92,
    "end": 1440.32,
    "speaker": "老师",
    "text": "任意菱形的中点四边形是矩形，"
  },
  {
    "start": 1440.42,
    "end": 1448.24,
    "speaker": "老师",
    "text": "因为矩形的对角线有着特殊的数量关系，"
  },
  {
    "start": 1448.7,
    "end": 1452.74,
    "speaker": "老师",
    "text": "所以传递给它中点。"
  },
  {
    "start": 1453.16,
    "end": 1460.28,
    "speaker": "老师",
    "text": "四边形的邻边使得邻边会相等，"
  },
  {
    "start": 1460.76,
    "end": 1465.79,
    "speaker": "老师",
    "text": "所以它的中点四边形是菱形，"
  },
  {
    "start": 1465.79,
    "end": 1471.76,
    "speaker": "老师",
    "text": "菱形的对角线相互垂直，"
  },
  {
    "start": 1472.04,
    "end": 1480.27,
    "speaker": "老师",
    "text": "所以它传递给它的中点四边形邻边垂直的关系，"
  },
  {
    "start": 1480.27,
    "end": 1485.39,
    "speaker": "老师",
    "text": "所以它的中点四边形是矩形，"
  },
  {
    "start": 1485.77,
    "end": 1490.71,
    "speaker": "老师",
    "text": "我们思路在逐渐清晰化，"
  },
  {
    "start": 1490.81,
    "end": 1498.52,
    "speaker": "老师",
    "text": "是不是因为对角线的数量以及位置关系，"
  },
  {
    "start": 1498.7,
    "end": 1503.36,
    "speaker": "老师",
    "text": "使得我们中点四边形特殊化呢？"
  },
  {
    "start": 1503.36,
    "end": 1507.82,
    "speaker": "老师",
    "text": "我们再一起来探究一下正方形。"
  },
  {
    "start": 1507.84,
    "end": 1512.7,
    "speaker": "老师",
    "text": "我们知道正方形是矩形，"
  },
  {
    "start": 1512.76,
    "end": 1514.2,
    "speaker": "老师",
    "text": "也是菱形，"
  },
  {
    "start": 1515.79,
    "end": 1589.27,
    "speaker": "老师",
    "text": "所以它的对角线既相的也垂直。"
  },
  {
    "start": 1589.27,
    "end": 1594.75,
    "speaker": "老师",
    "text": "也就是说它既具有特殊的数量关系，"
  },
  {
    "start": 1594.75,
    "end": 1597.41,
    "speaker": "老师",
    "text": "也具有特殊的位置关系。"
  },
  {
    "start": 1597.43,
    "end": 1603.25,
    "speaker": "老师",
    "text": "那它的中点四边形会是什么图形呢？"
  },
  {
    "start": 1603.25,
    "end": 1606.15,
    "speaker": "老师",
    "text": "会不会是正方形呢？"
  },
  {
    "start": 1606.15,
    "end": 1609.55,
    "speaker": "老师",
    "text": "我们一起来证明一下看一看。"
  },
  {
    "start": 1609.55,
    "end": 1619.82,
    "speaker": "老师",
    "text": "因为EF平行且等于二分之一的ACHG平行且等于二分之一的AC,"
  },
  {
    "start": 1620.04,
    "end": 1631.09,
    "speaker": "老师",
    "text": "EH平行且等于二分之一的BDFG平行且等于二分之一的BD,"
  },
  {
    "start": 1631.09,
    "end": 1635.36,
    "speaker": "老师",
    "text": "又因为正方形的对角线，"
  },
  {
    "start": 1635.36,
    "end": 1638.28,
    "speaker": "老师",
    "text": "AC和BD既垂直又相等，"
  },
  {
    "start": 1638.56,
    "end": 1642.16,
    "speaker": "老师",
    "text": "所以传递给我中点。"
  },
  {
    "start": 1642.16,
    "end": 1647.37,
    "speaker": "老师",
    "text": "四边形的邻边就也是既相等也垂直，"
  },
  {
    "start": 1647.37,
    "end": 1650.45,
    "speaker": "老师",
    "text": "所以我们证到了四边形，"
  },
  {
    "start": 1650.45,
    "end": 1652.43,
    "speaker": "老师",
    "text": "EFGH是正方形，"
  },
  {
    "start": 1652.43,
    "end": 1656.89,
    "speaker": "老师",
    "text": "猜想是正确的，"
  },
  {
    "start": 1656.89,
    "end": 1660.13,
    "speaker": "老师",
    "text": "我们得到了正方形的中点。"
  },
  {
    "start": 1660.13,
    "end": 1666.11,
    "speaker": "老师",
    "text": "四边形是正方形，"
  },
  {
    "start": 1667.19,
    "end": 1672.63,
    "speaker": "老师",
    "text": "经历了从一般到特殊的过程，"
  },
  {
    "start": 1672.63,
    "end": 1688.62,
    "speaker": "老师",
    "text": "也经历了从不断观察猜想到证明的过程。"
  },
  {
    "start": 1689.43,
    "end": 1710.87,
    "speaker": "老师",
    "text": "我们发现影响中点四边形形状的因素应该是对角线的数量及位置关系。"
  },
  {
    "start": 1711.33,
    "end": 1734.82,
    "speaker": "老师",
    "text": "我们分析了任意四边形、平行四边形、矩形、菱形和正方形的中点四边形。"
  },
  {
    "start": 1734.82,
    "end": 1739.98,
    "speaker": "老师",
    "text": "现在你们明白了中点四边形吗？"
  },
  {
    "start": 1739.98,
    "end": 1747.31,
    "speaker": "老师",
    "text": "下面我们一起看到两道练习，"
  },
  {
    "start": 1748.91,
    "end": 1752.51,
    "speaker": "老师",
    "text": "给同学们一点时间思考一下。"
  },
  {
    "start": 1752.51,
    "end": 1752.89,
    "speaker": "老师",
    "text": "好，"
  },
  {
    "start": 1752.89,
    "end": 1759.07,
    "speaker": "老师",
    "text": "我们一起来看到第一题顺势连接下列四边形，"
  },
  {
    "start": 1759.07,
    "end": 1764.74,
    "speaker": "老师",
    "text": "各边中点得到一个菱形则。"
  },
  {
    "start": 1764.74,
    "end": 1769.12,
    "speaker": "老师",
    "text": "这个四边形是通过前面的探究，"
  },
  {
    "start": 1769.62,
    "end": 1775.92,
    "speaker": "老师",
    "text": "我们知道矩形的终点，"
  },
  {
    "start": 1777.03,
    "end": 1785.84,
    "speaker": "老师",
    "text": "四边形是一个菱形，"
  },
  {
    "start": 1785.84,
    "end": 1793.91,
    "speaker": "老师",
    "text": "所以这道题应该选c我们再来看到第二题，"
  },
  {
    "start": 1793.93,
    "end": 1798.33,
    "speaker": "老师",
    "text": "若四边形对角线相等，"
  },
  {
    "start": 1798.47,
    "end": 1806.55,
    "speaker": "老师",
    "text": "则顺势连接这个四边形各边中点所得到的。"
  },
  {
    "start": 1806.55,
    "end": 1810.79,
    "speaker": "老师",
    "text": "四边形是通过前面的分析，"
  },
  {
    "start": 1810.91,
    "end": 1815.1,
    "speaker": "老师",
    "text": "我们知道四边形的终点，"
  },
  {
    "start": 1815.1,
    "end": 1817.8,
    "speaker": "老师",
    "text": "四边形是平行四边形，"
  },
  {
    "start": 1818.02,
    "end": 1882.53,
    "speaker": "老师",
    "text": "我们知道矩形的对角线会相等，"
  },
  {
    "start": 1882.53,
    "end": 1887.54,
    "speaker": "老师",
    "text": "但是矩形的中点四边形又是一个菱形，"
  },
  {
    "start": 1887.54,
    "end": 1894.37,
    "speaker": "老师",
    "text": "那在这里四边形对角线相等，"
  },
  {
    "start": 1894.49,
    "end": 1901.05,
    "speaker": "老师",
    "text": "它的中点四边形到底仍然是平行四边形，"
  },
  {
    "start": 1901.05,
    "end": 1905.11,
    "speaker": "老师",
    "text": "还是会是菱形呢？"
  },
  {
    "start": 1905.11,
    "end": 1911.47,
    "speaker": "老师",
    "text": "老师画出了一个任意的四边形，"
  },
  {
    "start": 1911.47,
    "end": 1916.35,
    "speaker": "老师",
    "text": "它们的对角线相等，"
  },
  {
    "start": 1916.77,
    "end": 1917.91,
    "speaker": "老师",
    "text": "AC等于BD."
  },
  {
    "start": 1917.91,
    "end": 1922.29,
    "speaker": "老师",
    "text": "那请同学们思考一下，"
  },
  {
    "start": 1922.37,
    "end": 1926.41,
    "speaker": "老师",
    "text": "你现在能不能证明了呢？"
  },
  {
    "start": 1926.93,
    "end": 1927.47,
    "speaker": "老师",
    "text": "好，"
  },
  {
    "start": 1927.99,
    "end": 1933.56,
    "speaker": "老师",
    "text": "你看我们可以得到EF,"
  },
  {
    "start": 1933.58,
    "end": 1938.38,
    "speaker": "老师",
    "text": "等于二分之一的AC,"
  },
  {
    "start": 1938.38,
    "end": 1945.64,
    "speaker": "老师",
    "text": "又知道EH等于二分之一的BD,"
  },
  {
    "start": 1945.64,
    "end": 1947.9,
    "speaker": "老师",
    "text": "又知道什么呢？"
  },
  {
    "start": 1948.1,
    "end": 1951.54,
    "speaker": "老师",
    "text": "我们的AC是等于BD的，"
  },
  {
    "start": 1952.08,
    "end": 1955.54,
    "speaker": "老师",
    "text": "所以ef就会等于EH."
  },
  {
    "start": 1955.78,
    "end": 1958.76,
    "speaker": "老师",
    "text": "这是什么？"
  },
  {
    "start": 1959.02,
    "end": 1968.85,
    "speaker": "老师",
    "text": "这是不是中点四边形EFGH的一组邻边？"
  },
  {
    "start": 1969.43,
    "end": 1976.87,
    "speaker": "老师",
    "text": "那也就是说有一组邻边相等的平行四边形是菱形，"
  },
  {
    "start": 1977.59,
    "end": 1991.4,
    "speaker": "老师",
    "text": "所以这道题选b我们是不是只需要关注原四边形的对角线的数量与位置关系。"
  },
  {
    "start": 1994.45,
    "end": 1999.09,
    "speaker": "老师",
    "text": "而不需要关注圆四边形的形状呢，"
  },
  {
    "start": 1999.09,
    "end": 2001.47,
    "speaker": "老师",
    "text": "我们再来看到练习。"
  },
  {
    "start": 2001.47,
    "end": 2010.34,
    "speaker": "老师",
    "text": "三、看一看练习三能不能帮我们得到验证。"
  },
  {
    "start": 2011.66,
    "end": 2012.14,
    "speaker": "老师",
    "text": "如图，"
  },
  {
    "start": 2012.14,
    "end": 2027.11,
    "speaker": "老师",
    "text": "四边形ABCD、 AC垂直BD EFGH分别是ABBCCDDA的中点，"
  },
  {
    "start": 2027.13,
    "end": 2031.63,
    "speaker": "老师",
    "text": "判断四边形EFGH的形状，"
  },
  {
    "start": 2031.93,
    "end": 2042.12,
    "speaker": "老师",
    "text": "并进行证明任意四边形对角线相等且垂直正方形的对角线相等，"
  },
  {
    "start": 2042.12,
    "end": 2046.9,
    "speaker": "老师",
    "text": "且垂直它的中点四边形是正方形。"
  },
  {
    "start": 2046.9,
    "end": 2051.26,
    "speaker": "老师",
    "text": "那这里会不会也是正方形呢？"
  },
  {
    "start": 2051.3,
    "end": 2054.24,
    "speaker": "老师",
    "text": "请同学们证明一下，"
  },
  {
    "start": 2057.72,
    "end": 2061.36,
    "speaker": "老师",
    "text": "看一看它会不会是正方形。"
  },
  {
    "start": 2061.42,
    "end": 2061.9,
    "speaker": "老师",
    "text": "好，"
  },
  {
    "start": 2061.9,
    "end": 2062.48,
    "speaker": "老师",
    "text": "同学们，"
  },
  {
    "start": 2062.48,
    "end": 2067.96,
    "speaker": "老师",
    "text": "你们证明到它是正方形了吗？"
  },
  {
    "start": 2067.96,
    "end": 2076.17,
    "speaker": "老师",
    "text": "我们一起来看到完整的证明步骤。"
  },
  {
    "start": 2076.17,
    "end": 2079.32,
    "speaker": "老师",
    "text": "我们首先因为EFGH分别是各边的中点，"
  },
  {
    "start": 2079.03,
    "end": 2079.32,
    "speaker": "老师",
    "text": "所以同样得到了平行和相等的关系。"
  },
  {
    "start": 2079.03,
    "end": 2079.32,
    "speaker": "老师",
    "text": "然后因为AC等于BD,"
  },
  {
    "start": 2079.03,
    "end": 2079.32,
    "speaker": "老师",
    "text": "所以邻边EF等于FG."
  },
  {
    "start": 2079.03,
    "end": 2079.32,
    "speaker": "老师",
    "text": "首先证明到了它会是菱形，"
  },
  {
    "start": 2079.03,
    "end": 2079.32,
    "speaker": "老师",
    "text": "再接着又因为对角线的垂直，"
  },
  {
    "start": 2079.03,
    "end": 2079.32,
    "speaker": "老师",
    "text": "所以我们得到了邻边的垂直。"
  },
  {
    "start": 2079.03,
    "end": 2079.32,
    "speaker": "老师",
    "text": "也就是说它再次成为是矩形，"
  },
  {
    "start": 2079.03,
    "end": 2079.32,
    "speaker": "老师",
    "text": "那么既是菱形又是矩形。"
  },
  {
    "start": 2079.03,
    "end": 2079.32,
    "speaker": "老师",
    "text": "所以四边形EFGH是一个正方形。"
  },
  {
    "start": 2079.03,
    "end": 2079.32,
    "speaker": "老师",
    "text": "那么也就是说我们中点四边形的形状与原四边形的形状是没有关系的，"
  },
  {
    "start": 2079.03,
    "end": 2079.32,
    "speaker": "老师",
    "text": "它只与原四边形的对角线的数量与位置有关。"
  },
  {
    "start": 2079.03,
    "end": 2079.32,
    "speaker": "老师",
    "text": "那么我们从一般到特殊再次回到一般将合情推理和演绎推理相结合。"
  },
  {
    "start": 2079.03,
    "end": 2079.32,
    "speaker": "老师",
    "text": "我们发现，"
  },
  {
    "start": 2079.03,
    "end": 2079.32,
    "speaker": "老师",
    "text": "中点四边形形状的影响因素是原四边形的对角线的数量与位置关系与原四边形的形状无关。"
  },
  {
    "start": 2079.03,
    "end": 2079.32,
    "speaker": "老师",
    "text": "我们一起来看一看，"
  },
  {
    "start": 2079.03,
    "end": 2079.32,
    "speaker": "老师",
    "text": "如果原四边形对角线既不相等也不垂直，"
  },
  {
    "start": 2079.03,
    "end": 2079.32,
    "speaker": "老师",
    "text": "那么它的中点四边形会是对是平行四边形。"
  },
  {
    "start": 2079.03,
    "end": 2079.32,
    "speaker": "老师",
    "text": "如果对角线相等呢，"
  },
  {
    "start": 2079.03,
    "end": 2079.32,
    "speaker": "老师",
    "text": "他会是菱形。"
  },
  {
    "start": 2079.03,
    "end": 2079.32,
    "speaker": "老师",
    "text": "如果原四边形的对角线相互垂直呢，"
  },
  {
    "start": 2079.03,
    "end": 2079.32,
    "speaker": "老师",
    "text": "我们能够得到它的中点。"
  },
  {
    "start": 2079.03,
    "end": 2079.32,
    "speaker": "老师",
    "text": "四边形是矩形，"
  },
  {
    "start": 2079.03,
    "end": 2079.32,
    "speaker": "老师",
    "text": "对角线相互垂直且相等，"
  },
  {
    "start": 2079.03,
    "end": 2079.32,
    "speaker": "老师",
    "text": "那么它的中点四边形就会是正方形。"
  },
  {
    "start": 2079.03,
    "end": 2079.32,
    "speaker": "老师",
    "text": "你对中点四边形了解的怎么样了？"
  },
  {
    "start": 2079.03,
    "end": 2079.32,
    "speaker": "老师",
    "text": "如果还有不清楚的，"
  },
  {
    "start": 2079.03,
    "end": 2079.32,
    "speaker": "老师",
    "text": "你可以记录下来。"
  },
  {
    "start": 2079.03,
    "end": 2079.32,
    "speaker": "老师",
    "text": "课后再和同学们和老师们一起去进行探讨。"
  },
  {
    "start": 2079.03,
    "end": 2079.32,
    "speaker": "老师",
    "text": "学习，"
  },
  {
    "start": 2079.03,
    "end": 2079.32,
    "speaker": "老师",
    "text": "不仅仅发生在课堂上，"
  },
  {
    "start": 2079.03,
    "end": 2079.32,
    "speaker": "老师",
    "text": "作业也是必不可少的哟。"
  },
  {
    "start": 2079.03,
    "end": 2079.32,
    "speaker": "老师",
    "text": "请同学们将作业记录下来，"
  },
  {
    "start": 2079.03,
    "end": 2079.32,
    "speaker": "老师",
    "text": "利用课后的时间去完成我的这一节课上到这里，"
  },
  {
    "start": 2079.03,
    "end": 2079.32,
    "speaker": "老师",
    "text": "谢谢大家。"
  }
]