[
  {
    "start": 9.69,
    "end": 10.65,
    "speaker": "老师",
    "text": "同学们，"
  },
  {
    "start": 10.65,
    "end": 12.27,
    "speaker": "老师",
    "text": "大家好，"
  },
  {
    "start": 12.43,
    "end": 16.57,
    "speaker": "老师",
    "text": "我是南昌市金安学校的李老师。"
  },
  {
    "start": 16.75,
    "end": 23.73,
    "speaker": "老师",
    "text": "今天呢由我来跟大家一起进行第十七章的阶段性复习。"
  },
  {
    "start": 23.79,
    "end": 24.69,
    "speaker": "老师",
    "text": "上课前，"
  },
  {
    "start": 24.69,
    "end": 31.56,
    "speaker": "老师",
    "text": "请同学们准备好笔课本和练习本，"
  },
  {
    "start": 31.56,
    "end": 33.5,
    "speaker": "老师",
    "text": "同学们准备好了，"
  },
  {
    "start": 33.5,
    "end": 36.52,
    "speaker": "老师",
    "text": "我们就开始今天的学习。"
  },
  {
    "start": 36.52,
    "end": 44.03,
    "speaker": "老师",
    "text": "这一章呢我们学习了勾股定理和勾股定理的逆定理。"
  },
  {
    "start": 44.03,
    "end": 45.21,
    "speaker": "老师",
    "text": "勾股定理是，"
  },
  {
    "start": 45.33,
    "end": 53.23,
    "speaker": "老师",
    "text": "如果直角三角形的两条直角边长分别为AB,"
  },
  {
    "start": 53.27,
    "end": 60.11,
    "speaker": "老师",
    "text": "斜边为c那么a的平方加b的平方等于c的平方。"
  },
  {
    "start": 60.11,
    "end": 72.9,
    "speaker": "老师",
    "text": "勾股定理的逆定理是如果三角形的三边长ABC满足a的平方加b的平方等于c的平方，"
  },
  {
    "start": 72.9,
    "end": 76.86,
    "speaker": "老师",
    "text": "那么这个三角形是直角三角形，"
  },
  {
    "start": 76.86,
    "end": 83.34,
    "speaker": "老师",
    "text": "勾股定理反映了直角三角形边长的数量关系。"
  },
  {
    "start": 83.34,
    "end": 106.68,
    "speaker": "老师",
    "text": "勾股定理的逆定理是判定直角三角形的一个依据。"
  },
  {
    "start": 106.68,
    "end": 108.34,
    "speaker": "老师",
    "text": "我们来看一道选择题，"
  },
  {
    "start": 108.34,
    "end": 112.0,
    "speaker": "老师",
    "text": "请同学们仔细审题。"
  },
  {
    "start": 112.9,
    "end": 113.3,
    "speaker": "老师",
    "text": "好，"
  },
  {
    "start": 113.3,
    "end": 115.72,
    "speaker": "老师",
    "text": "同学们，"
  },
  {
    "start": 115.96,
    "end": 119.86,
    "speaker": "老师",
    "text": "我们一起来看这道题。"
  },
  {
    "start": 119.86,
    "end": 122.82,
    "speaker": "老师",
    "text": "下列说法正确的是a选项。"
  },
  {
    "start": 122.82,
    "end": 125.86,
    "speaker": "老师",
    "text": "若ABC是三角形，"
  },
  {
    "start": 125.98,
    "end": 128.32,
    "speaker": "老师",
    "text": "ABC的三边，"
  },
  {
    "start": 128.96,
    "end": 135.93,
    "speaker": "老师",
    "text": "则a的平方加b的平方等于c的平方。"
  },
  {
    "start": 135.93,
    "end": 141.47,
    "speaker": "老师",
    "text": "这里没有说三角形ABC是直角三角形，"
  },
  {
    "start": 141.75,
    "end": 144.88,
    "speaker": "老师",
    "text": "所以a选项是错误的。"
  },
  {
    "start": 144.88,
    "end": 145.88,
    "speaker": "老师",
    "text": "B选项。"
  },
  {
    "start": 145.88,
    "end": 149.62,
    "speaker": "老师",
    "text": "若ABC是RT三角形，"
  },
  {
    "start": 150.02,
    "end": 152.9,
    "speaker": "老师",
    "text": "ABC的三边，"
  },
  {
    "start": 153.22,
    "end": 160.6,
    "speaker": "老师",
    "text": "则a的平方加b的平方等于c的平方。"
  },
  {
    "start": 161.06,
    "end": 165.62,
    "speaker": "老师",
    "text": "这里没有告诉我们哪个角是直角，"
  },
  {
    "start": 165.62,
    "end": 168.97,
    "speaker": "老师",
    "text": "所以b选项也是错误的。"
  },
  {
    "start": 169.39,
    "end": 179.53,
    "speaker": "老师",
    "text": "C选项若ABC是RT三角形ABC的三边角a等于九十度，"
  },
  {
    "start": 179.53,
    "end": 187.75,
    "speaker": "老师",
    "text": "则a的平方加b的平方等于c的平方。"
  },
  {
    "start": 187.75,
    "end": 190.45,
    "speaker": "老师",
    "text": "这里告诉我们，"
  },
  {
    "start": 190.67,
    "end": 193.13,
    "speaker": "老师",
    "text": "角a等于九十度，"
  },
  {
    "start": 193.17,
    "end": 194.87,
    "speaker": "老师",
    "text": "说明a是斜边，"
  },
  {
    "start": 194.87,
    "end": 200.01,
    "speaker": "老师",
    "text": "在这个式子里边表示的是c是斜边，"
  },
  {
    "start": 200.01,
    "end": 203.91,
    "speaker": "老师",
    "text": "所以c选项也是错误的。"
  },
  {
    "start": 203.91,
    "end": 212.29,
    "speaker": "老师",
    "text": "B选项若ABC是RT三角形ABC的三边角c等于九十度，"
  },
  {
    "start": 212.29,
    "end": 218.01,
    "speaker": "老师",
    "text": "则a的平方等于c的平方减去b的平方。"
  },
  {
    "start": 218.01,
    "end": 222.13,
    "speaker": "老师",
    "text": "这里告诉我们角c等于九十度。"
  },
  {
    "start": 222.13,
    "end": 225.14,
    "speaker": "老师",
    "text": "从这个式子里边，"
  },
  {
    "start": 225.38,
    "end": 231.36,
    "speaker": "老师",
    "text": "我们可以把右边的减b的平方移到等号的左边，"
  },
  {
    "start": 232.04,
    "end": 237.98,
    "speaker": "老师",
    "text": "也就是a的平方加b的平方等于c的平方，"
  },
  {
    "start": 237.98,
    "end": 241.19,
    "speaker": "老师",
    "text": "所以d选项是正确的。"
  },
  {
    "start": 254.46,
    "end": 258.61,
    "speaker": "老师",
    "text": "这道题的正确答案是选b同学们，"
  },
  {
    "start": 258.61,
    "end": 260.51,
    "speaker": "老师",
    "text": "你们选对了吗？"
  },
  {
    "start": 260.61,
    "end": 264.21,
    "speaker": "老师",
    "text": "这道题告诉我们，"
  },
  {
    "start": 265.23,
    "end": 274.53,
    "speaker": "老师",
    "text": "勾股定理的应用条件是在直角三角形中，"
  },
  {
    "start": 274.59,
    "end": 278.17,
    "speaker": "老师",
    "text": "并且要注意哪个角是直角。"
  },
  {
    "start": 279.13,
    "end": 281.87,
    "speaker": "老师",
    "text": "我们再来看一道填空题，"
  },
  {
    "start": 281.87,
    "end": 285.57,
    "speaker": "老师",
    "text": "请同学们仔细审题。"
  },
  {
    "start": 285.65,
    "end": 286.13,
    "speaker": "老师",
    "text": "好，"
  },
  {
    "start": 286.13,
    "end": 290.77,
    "speaker": "老师",
    "text": "同学们我们一起来看这道题。"
  },
  {
    "start": 290.77,
    "end": 302.63,
    "speaker": "老师",
    "text": "若一个直角三角形的三边长分别为六八x则x等于在直角三角形中。"
  },
  {
    "start": 302.63,
    "end": 306.58,
    "speaker": "老师",
    "text": "已知两边求第三边，"
  },
  {
    "start": 306.58,
    "end": 310.86,
    "speaker": "老师",
    "text": "我们可以利用勾股定理，"
  },
  {
    "start": 311.4,
    "end": 315.72,
    "speaker": "老师",
    "text": "但是需要注意确定哪条边是斜边。"
  },
  {
    "start": 315.72,
    "end": 322.14,
    "speaker": "老师",
    "text": "我们知道在直角三角形中最长的边是斜边，"
  },
  {
    "start": 322.16,
    "end": 327.84,
    "speaker": "老师",
    "text": "所以这里的六不可能是斜边。"
  },
  {
    "start": 328.0,
    "end": 334.04,
    "speaker": "老师",
    "text": "那八和x哪条边是斜边呢？"
  },
  {
    "start": 334.12,
    "end": 335.84,
    "speaker": "老师",
    "text": "不确定。"
  },
  {
    "start": 336.16,
    "end": 340.17,
    "speaker": "老师",
    "text": "所以此时我们要进行分类讨论。"
  },
  {
    "start": 340.17,
    "end": 341.77,
    "speaker": "老师",
    "text": "第一种情况，"
  },
  {
    "start": 341.77,
    "end": 344.55,
    "speaker": "老师",
    "text": "当六和八为直角边时，"
  },
  {
    "start": 344.97,
    "end": 349.36,
    "speaker": "老师",
    "text": "x作为斜边利用勾股定理，"
  },
  {
    "start": 349.38,
    "end": 355.44,
    "speaker": "老师",
    "text": "我们可以求出x等于根号下六的平方，"
  },
  {
    "start": 355.74,
    "end": 358.0,
    "speaker": "老师",
    "text": "加上八的平方，"
  },
  {
    "start": 358.0,
    "end": 359.56,
    "speaker": "老师",
    "text": "也就是十六、八十，"
  },
  {
    "start": 359.56,
    "end": 363.24,
    "speaker": "老师",
    "text": "这是一组常见的勾股数。"
  },
  {
    "start": 363.26,
    "end": 365.48,
    "speaker": "老师",
    "text": "第二种情况，"
  },
  {
    "start": 365.48,
    "end": 369.28,
    "speaker": "老师",
    "text": "当八为斜边六和x作为直角边时，"
  },
  {
    "start": 369.28,
    "end": 377.0,
    "speaker": "老师",
    "text": "利用勾股定理我们可以求出x等于根号下八的平方，"
  },
  {
    "start": 379.6,
    "end": 381.28,
    "speaker": "老师",
    "text": "减去六的平方，"
  },
  {
    "start": 381.28,
    "end": 384.58,
    "speaker": "老师",
    "text": "计算结果是两倍根号七。"
  },
  {
    "start": 384.58,
    "end": 416.07,
    "speaker": "老师",
    "text": "所以这道题的正确答案是十或两倍根号七。"
  },
  {
    "start": 417.4,
    "end": 419.66,
    "speaker": "老师",
    "text": "这道题当中呢，"
  },
  {
    "start": 419.72,
    "end": 429.27,
    "speaker": "老师",
    "text": "我们需要注意的是在直角三角形中已知两边求第三边，"
  },
  {
    "start": 429.27,
    "end": 432.45,
    "speaker": "老师",
    "text": "我们可以利用勾股定理，"
  },
  {
    "start": 432.45,
    "end": 437.08,
    "speaker": "老师",
    "text": "但是需要注意确定哪条边是斜边。"
  },
  {
    "start": 437.08,
    "end": 438.9,
    "speaker": "老师",
    "text": "如果不确定，"
  },
  {
    "start": 438.9,
    "end": 442.02,
    "speaker": "老师",
    "text": "我们可以进行勾类讨论。"
  },
  {
    "start": 442.02,
    "end": 447.18,
    "speaker": "老师",
    "text": "接下来请同学们把书翻到三十八页看。"
  },
  {
    "start": 447.48,
    "end": 448.8,
    "speaker": "老师",
    "text": "第三题，"
  },
  {
    "start": 449.57,
    "end": 451.19,
    "speaker": "老师",
    "text": "先仔细审题。"
  },
  {
    "start": 451.31,
    "end": 457.27,
    "speaker": "老师",
    "text": "好同学们我们一起来看这道题。"
  },
  {
    "start": 457.27,
    "end": 461.63,
    "speaker": "老师",
    "text": "车床齿轮相隔要钻两个圆孔，"
  },
  {
    "start": 461.67,
    "end": 464.6,
    "speaker": "老师",
    "text": "也就是AB."
  },
  {
    "start": 464.76,
    "end": 470.24,
    "speaker": "老师",
    "text": "这两个孔两孔中心的距离是一百三十四毫米，"
  },
  {
    "start": 470.24,
    "end": 475.96,
    "speaker": "老师",
    "text": "也就是线段AB的长度是一百三十四毫米。"
  },
  {
    "start": 476.02,
    "end": 484.09,
    "speaker": "老师",
    "text": "两孔中心的水平距离是七十七毫米，"
  },
  {
    "start": 484.09,
    "end": 487.89,
    "speaker": "老师",
    "text": "也就是线段BC的长度是七十七毫米。"
  },
  {
    "start": 487.89,
    "end": 491.11,
    "speaker": "老师",
    "text": "让我们求两孔中心的垂直距离。"
  },
  {
    "start": 492.17,
    "end": 496.51,
    "speaker": "老师",
    "text": "我们知道水平线和铅垂线是互相垂直的，"
  },
  {
    "start": 496.51,
    "end": 499.31,
    "speaker": "老师",
    "text": "它们可以构成一个直角。"
  },
  {
    "start": 499.31,
    "end": 502.79,
    "speaker": "老师",
    "text": "在图中也就是角c是直角，"
  },
  {
    "start": 503.03,
    "end": 506.91,
    "speaker": "老师",
    "text": "在直角三角形中已知两条边，"
  },
  {
    "start": 506.91,
    "end": 509.07,
    "speaker": "老师",
    "text": "求第三条边，"
  },
  {
    "start": 509.13,
    "end": 512.73,
    "speaker": "老师",
    "text": "我们可以利用勾股定理。"
  },
  {
    "start": 512.79,
    "end": 519.5,
    "speaker": "老师",
    "text": "所以我们不妨设两孔中心的垂直距离为x毫米。"
  },
  {
    "start": 519.5,
    "end": 523.31,
    "speaker": "老师",
    "text": "在RT三角形ABC中，"
  },
  {
    "start": 523.31,
    "end": 525.41,
    "speaker": "老师",
    "text": "根据勾股定理，"
  },
  {
    "start": 525.59,
    "end": 535.83,
    "speaker": "老师",
    "text": "我们可以得出x的平方加七十七的平方等于一百三十四的平方，"
  },
  {
    "start": 535.93,
    "end": 579.96,
    "speaker": "老师",
    "text": "也就是x等于根号下一百三十四的平方减去七十七的平方。"
  },
  {
    "start": 580.36,
    "end": 589.02,
    "speaker": "老师",
    "text": "计算结果是x等于根号下一万二千零二十七，"
  },
  {
    "start": 589.06,
    "end": 591.06,
    "speaker": "老师",
    "text": "保留一位小数，"
  },
  {
    "start": 591.06,
    "end": 595.52,
    "speaker": "老师",
    "text": "约等于一百零九点七。"
  },
  {
    "start": 597.35,
    "end": 606.78,
    "speaker": "老师",
    "text": "所以两孔中心的垂直距离约为一百零九点七毫米。"
  },
  {
    "start": 607.12,
    "end": 608.68,
    "speaker": "老师",
    "text": "在这道题里呢，"
  },
  {
    "start": 608.68,
    "end": 615.2,
    "speaker": "老师",
    "text": "我们是根据已知条件确定一个直角三角形，"
  },
  {
    "start": 615.2,
    "end": 616.42,
    "speaker": "老师",
    "text": "利用勾股定理，"
  },
  {
    "start": 616.68,
    "end": 618.7,
    "speaker": "老师",
    "text": "已知两边求第三边，"
  },
  {
    "start": 618.7,
    "end": 622.0,
    "speaker": "老师",
    "text": "也就是知二求一。"
  },
  {
    "start": 622.0,
    "end": 624.62,
    "speaker": "老师",
    "text": "我们再来看下一道题请，"
  },
  {
    "start": 624.62,
    "end": 627.38,
    "speaker": "老师",
    "text": "同学们仔细审题。"
  },
  {
    "start": 627.38,
    "end": 628.74,
    "speaker": "老师",
    "text": "好同学们，"
  },
  {
    "start": 628.74,
    "end": 633.0,
    "speaker": "老师",
    "text": "我们一起来分析这道题。"
  },
  {
    "start": 633.0,
    "end": 637.38,
    "speaker": "老师",
    "text": "在三角形ABC中，"
  },
  {
    "start": 637.38,
    "end": 642.16,
    "speaker": "老师",
    "text": "d是BC边上一点，"
  },
  {
    "start": 642.72,
    "end": 647.32,
    "speaker": "老师",
    "text": "已知AB等于十三，"
  },
  {
    "start": 647.34,
    "end": 649.62,
    "speaker": "老师",
    "text": "我们标记在图上，"
  },
  {
    "start": 649.62,
    "end": 654.26,
    "speaker": "老师",
    "text": "AD等于十二，"
  },
  {
    "start": 654.66,
    "end": 660.01,
    "speaker": "老师",
    "text": "我们也标记在图上，"
  },
  {
    "start": 660.05,
    "end": 664.73,
    "speaker": "老师",
    "text": "AC等于十四，"
  },
  {
    "start": 664.73,
    "end": 666.93,
    "speaker": "老师",
    "text": "BD的长度是五。"
  },
  {
    "start": 667.45,
    "end": 680.06,
    "speaker": "老师",
    "text": "让我们求AC边的长看到了五十、二十三这一组数，"
  },
  {
    "start": 680.08,
    "end": 684.62,
    "speaker": "老师",
    "text": "相信大家并不陌生。"
  },
  {
    "start": 684.74,
    "end": 687.56,
    "speaker": "老师",
    "text": "这是一组常见的勾股数。"
  },
  {
    "start": 687.56,
    "end": 691.74,
    "speaker": "老师",
    "text": "根据它们之间的数量关系，"
  },
  {
    "start": 692.0,
    "end": 695.62,
    "speaker": "老师",
    "text": "我们可以判定三角形的形状。"
  },
  {
    "start": 695.62,
    "end": 703.51,
    "speaker": "老师",
    "text": "因为五的平方加十二的平方等于十三的平方，"
  },
  {
    "start": 703.51,
    "end": 717.4,
    "speaker": "老师",
    "text": "也就是BDB平方，"
  },
  {
    "start": 717.62,
    "end": 719.74,
    "speaker": "老师",
    "text": "加上AD的平方，"
  },
  {
    "start": 719.76,
    "end": 722.36,
    "speaker": "老师",
    "text": "等于AB的平方，"
  },
  {
    "start": 722.44,
    "end": 727.7,
    "speaker": "老师",
    "text": "所以三角形ADB是一个直角三角形，"
  },
  {
    "start": 728.3,
    "end": 732.0,
    "speaker": "老师",
    "text": "也就是角ADB等于九十度。"
  },
  {
    "start": 732.24,
    "end": 734.46,
    "speaker": "老师",
    "text": "因为点d在BC边上，"
  },
  {
    "start": 734.52,
    "end": 742.68,
    "speaker": "老师",
    "text": "所以我们可以得出角ABC也等于九十度AC这条边。"
  },
  {
    "start": 742.72,
    "end": 748.62,
    "speaker": "老师",
    "text": "在直角三角形ADC中，"
  },
  {
    "start": 748.84,
    "end": 755.03,
    "speaker": "老师",
    "text": "我们已知AD边的长度。"
  },
  {
    "start": 755.07,
    "end": 760.44,
    "speaker": "老师",
    "text": "那CD边等于多少呢？"
  },
  {
    "start": 760.44,
    "end": 765.58,
    "speaker": "老师",
    "text": "Cd等于CB减去DB,"
  },
  {
    "start": 765.58,
    "end": 769.06,
    "speaker": "老师",
    "text": "也就是十四减五等于九。"
  },
  {
    "start": 769.06,
    "end": 772.68,
    "speaker": "老师",
    "text": "在直角三角形ADC中，"
  },
  {
    "start": 773.22,
    "end": 775.97,
    "speaker": "老师",
    "text": "已知两条边，"
  },
  {
    "start": 775.97,
    "end": 814.46,
    "speaker": "老师",
    "text": "我们可以利用勾股定理求出第三条边，"
  },
  {
    "start": 814.46,
    "end": 824.51,
    "speaker": "老师",
    "text": "那AC的长度等于根号下十二的平方加上九的平方，"
  },
  {
    "start": 824.53,
    "end": 826.85,
    "speaker": "老师",
    "text": "计算结果是十五。"
  },
  {
    "start": 827.43,
    "end": 831.11,
    "speaker": "老师",
    "text": "请看本题完整的解答过程。"
  },
  {
    "start": 831.21,
    "end": 843.71,
    "speaker": "老师",
    "text": "这道题呢我们是应用了勾股定理的逆定理来判定直角三角形，"
  },
  {
    "start": 843.71,
    "end": 851.55,
    "speaker": "老师",
    "text": "从而在直角三角形中求出问题的解疑。"
  },
  {
    "start": 851.79,
    "end": 852.33,
    "speaker": "老师",
    "text": "好，"
  },
  {
    "start": 852.33,
    "end": 853.69,
    "speaker": "老师",
    "text": "同学们。"
  },
  {
    "start": 853.91,
    "end": 866.48,
    "speaker": "老师",
    "text": "接下来呢我们来一起看一道我国古代数学著作九章算术中的一个问题。"
  },
  {
    "start": 867.02,
    "end": 869.62,
    "speaker": "老师",
    "text": "原文是今有池方一丈家生，"
  },
  {
    "start": 869.72,
    "end": 877.19,
    "speaker": "老师",
    "text": "其中央出水一尺饮家赴岸是语暗齐问水深，"
  },
  {
    "start": 877.19,
    "end": 878.19,
    "speaker": "老师",
    "text": "家长各几何，"
  },
  {
    "start": 878.19,
    "end": 880.23,
    "speaker": "老师",
    "text": "丈尺是长度，"
  },
  {
    "start": 880.23,
    "end": 883.43,
    "speaker": "老师",
    "text": "单位一丈等于十尺，"
  },
  {
    "start": 883.43,
    "end": 885.79,
    "speaker": "老师",
    "text": "一尺等于三分之一。"
  },
  {
    "start": 885.79,
    "end": 889.64,
    "speaker": "老师",
    "text": "米那这道题是什么意思呢？"
  },
  {
    "start": 889.84,
    "end": 893.34,
    "speaker": "老师",
    "text": "把书翻到二十九页看第十题请，"
  },
  {
    "start": 893.34,
    "end": 895.54,
    "speaker": "老师",
    "text": "同学们仔细审题，"
  },
  {
    "start": 896.02,
    "end": 898.42,
    "speaker": "老师",
    "text": "对好同学们，"
  },
  {
    "start": 898.42,
    "end": 900.56,
    "speaker": "老师",
    "text": "我们一起来分析。"
  },
  {
    "start": 901.04,
    "end": 904.64,
    "speaker": "老师",
    "text": "这道题有一个水池，"
  },
  {
    "start": 904.76,
    "end": 908.15,
    "speaker": "老师",
    "text": "这是他的纵切面。"
  },
  {
    "start": 908.15,
    "end": 914.87,
    "speaker": "老师",
    "text": "水面呢是一个边长为十尺的正方形，"
  },
  {
    "start": 914.87,
    "end": 921.82,
    "speaker": "老师",
    "text": "也就是这条虚线的长度是十尺。"
  },
  {
    "start": 921.82,
    "end": 923.62,
    "speaker": "老师",
    "text": "在水池的正中央，"
  },
  {
    "start": 923.62,
    "end": 926.32,
    "speaker": "老师",
    "text": "这里有一根芦苇，"
  },
  {
    "start": 926.48,
    "end": 929.38,
    "speaker": "老师",
    "text": "它呢高出水面一尺。"
  },
  {
    "start": 930.34,
    "end": 935.46,
    "speaker": "老师",
    "text": "如果把这根芦苇拉向水池一边的终点，"
  },
  {
    "start": 935.8,
    "end": 940.78,
    "speaker": "老师",
    "text": "它的顶端恰好到达池边的水面。"
  },
  {
    "start": 940.9,
    "end": 948.22,
    "speaker": "老师",
    "text": "问我们水的深度和这根芦苇的长度分别是多少？"
  },
  {
    "start": 948.82,
    "end": 952.48,
    "speaker": "老师",
    "text": "那这是一道实际问题，"
  },
  {
    "start": 952.48,
    "end": 958.5,
    "speaker": "老师",
    "text": "我们首先要把它抽象为数学问题。"
  },
  {
    "start": 958.5,
    "end": 966.28,
    "speaker": "老师",
    "text": "因为一开始芦苇是垂直于水面，"
  },
  {
    "start": 966.28,
    "end": 972.16,
    "speaker": "老师",
    "text": "所以呢我们可以抽象出一个直角三角形。"
  },
  {
    "start": 972.16,
    "end": 978.16,
    "speaker": "老师",
    "text": "那这个直角三角形中哪条边的长度是已知的呢？"
  },
  {
    "start": 978.4,
    "end": 984.96,
    "speaker": "老师",
    "text": "我们来看芦苇一开始是在水池的正中央，"
  },
  {
    "start": 984.96,
    "end": 990.49,
    "speaker": "老师",
    "text": "那么它到这两边的距离是相等的。"
  },
  {
    "start": 990.49,
    "end": 996.36,
    "speaker": "老师",
    "text": "因此BC这条线段的长度应该等于边长的一半，"
  },
  {
    "start": 996.64,
    "end": 997.96,
    "speaker": "老师",
    "text": "也就是五尺。"
  },
  {
    "start": 998.24,
    "end": 1001.76,
    "speaker": "老师",
    "text": "在这个直角三角形ABC中，"
  },
  {
    "start": 1001.76,
    "end": 1005.56,
    "speaker": "老师",
    "text": "AB代表的是水的深度，"
  },
  {
    "start": 1005.56,
    "end": 1007.52,
    "speaker": "老师",
    "text": "我们不妨设它为x."
  },
  {
    "start": 1007.52,
    "end": 1012.58,
    "speaker": "老师",
    "text": "那AC这条边它代表的是什么意思呢？"
  },
  {
    "start": 1012.58,
    "end": 1014.76,
    "speaker": "老师",
    "text": "大家看这个图，"
  },
  {
    "start": 1014.76,
    "end": 1016.22,
    "speaker": "老师",
    "text": "AC这条边，"
  },
  {
    "start": 1016.22,
    "end": 1042.26,
    "speaker": "老师",
    "text": "它代表的是芦苇的长度。"
  },
  {
    "start": 1042.28,
    "end": 1047.69,
    "speaker": "老师",
    "text": "那在移动的过程中，"
  },
  {
    "start": 1047.85,
    "end": 1053.71,
    "speaker": "老师",
    "text": "芦苇的长度没有发生改变。"
  },
  {
    "start": 1053.71,
    "end": 1059.54,
    "speaker": "老师",
    "text": "因为一开始芦苇是在水池的正正中央，"
  },
  {
    "start": 1059.54,
    "end": 1064.02,
    "speaker": "老师",
    "text": "并且高出一尺，"
  },
  {
    "start": 1064.02,
    "end": 1069.8,
    "speaker": "老师",
    "text": "那它的长度可以表示为x加一。"
  },
  {
    "start": 1070.87,
    "end": 1072.19,
    "speaker": "老师",
    "text": "因此，"
  },
  {
    "start": 1072.49,
    "end": 1081.47,
    "speaker": "老师",
    "text": "AC这条边的长度我们可以表示为x加一。"
  },
  {
    "start": 1081.47,
    "end": 1084.29,
    "speaker": "老师",
    "text": "在RT三角形ABC中，"
  },
  {
    "start": 1084.29,
    "end": 1094.62,
    "speaker": "老师",
    "text": "因为AB的平方加BC的平方等于AC的平方，"
  },
  {
    "start": 1094.76,
    "end": 1103.02,
    "speaker": "老师",
    "text": "也就是x的平方加上五的平方等于x加一。"
  },
  {
    "start": 1103.02,
    "end": 1111.38,
    "speaker": "老师",
    "text": "括号的平方解出这个方程可以得出x等于十二，"
  },
  {
    "start": 1111.94,
    "end": 1115.98,
    "speaker": "老师",
    "text": "所以水的深度为十二尺，"
  },
  {
    "start": 1115.98,
    "end": 1118.34,
    "speaker": "老师",
    "text": "芦苇的长度为十三尺，"
  },
  {
    "start": 1118.34,
    "end": 1122.84,
    "speaker": "老师",
    "text": "这是一道实际问题。"
  },
  {
    "start": 1122.84,
    "end": 1130.66,
    "speaker": "老师",
    "text": "我们首先把实际问题抽象为数学问题，"
  },
  {
    "start": 1130.66,
    "end": 1133.72,
    "speaker": "老师",
    "text": "通过设未知数，"
  },
  {
    "start": 1133.72,
    "end": 1137.46,
    "speaker": "老师",
    "text": "利用勾股定理建立方程，"
  },
  {
    "start": 1137.46,
    "end": 1144.14,
    "speaker": "老师",
    "text": "从而求出实际问题的解。"
  },
  {
    "start": 1144.14,
    "end": 1148.34,
    "speaker": "老师",
    "text": "希望同学们也能够学以致用，"
  },
  {
    "start": 1148.58,
    "end": 1156.81,
    "speaker": "老师",
    "text": "利用我们所学的知识去解决生活中的实际问题。"
  },
  {
    "start": 1156.81,
    "end": 1157.11,
    "speaker": "老师",
    "text": "好，"
  },
  {
    "start": 1157.11,
    "end": 1161.66,
    "speaker": "老师",
    "text": "我们再来看下一道题请，"
  },
  {
    "start": 1161.66,
    "end": 1164.02,
    "speaker": "老师",
    "text": "同学们仔细审题。"
  },
  {
    "start": 1164.02,
    "end": 1164.3,
    "speaker": "老师",
    "text": "好，"
  },
  {
    "start": 1164.3,
    "end": 1166.78,
    "speaker": "老师",
    "text": "同学们，"
  },
  {
    "start": 1167.04,
    "end": 1171.08,
    "speaker": "老师",
    "text": "我们一起来分析这道题。"
  },
  {
    "start": 1171.4,
    "end": 1176.78,
    "speaker": "老师",
    "text": "在三角形ABC中，"
  },
  {
    "start": 1176.78,
    "end": 1179.89,
    "speaker": "老师",
    "text": "AB等于AC等于二十，"
  },
  {
    "start": 1180.78,
    "end": 1182.34,
    "speaker": "老师",
    "text": "我们标记在图上，"
  },
  {
    "start": 1182.34,
    "end": 1185.32,
    "speaker": "老师",
    "text": "BC的长度是三十二，"
  },
  {
    "start": 1185.32,
    "end": 1196.98,
    "speaker": "老师",
    "text": "我们也标记在图上角DAC这个角等于九十度，"
  },
  {
    "start": 1197.06,
    "end": 1202.09,
    "speaker": "老师",
    "text": "让我们求BD的长度。"
  },
  {
    "start": 1202.09,
    "end": 1207.29,
    "speaker": "老师",
    "text": "因为AB等于AC,"
  },
  {
    "start": 1207.41,
    "end": 1215.03,
    "speaker": "老师",
    "text": "所以三角形ABC是一个等腰三角形，"
  },
  {
    "start": 1215.31,
    "end": 1222.86,
    "speaker": "老师",
    "text": "等腰三角形中有一条非常重要的性质，"
  },
  {
    "start": 1222.86,
    "end": 1227.64,
    "speaker": "老师",
    "text": "是三线合一。"
  },
  {
    "start": 1227.64,
    "end": 1232.24,
    "speaker": "老师",
    "text": "因此我想到过a点向BC边作垂线，"
  },
  {
    "start": 1232.24,
    "end": 1233.34,
    "speaker": "老师",
    "text": "垂足为一。"
  },
  {
    "start": 1233.34,
    "end": 1236.08,
    "speaker": "老师",
    "text": "那么因为三线合一，"
  },
  {
    "start": 1236.12,
    "end": 1248.27,
    "speaker": "老师",
    "text": "所以我们可以得出BE这条边和BC这条边是相等的，"
  },
  {
    "start": 1248.27,
    "end": 1251.24,
    "speaker": "老师",
    "text": "等于BC的一半，"
  },
  {
    "start": 1251.26,
    "end": 1252.84,
    "speaker": "老师",
    "text": "也就是十六。"
  },
  {
    "start": 1252.84,
    "end": 1260.27,
    "speaker": "老师",
    "text": "那么我们做的这条高，"
  },
  {
    "start": 1260.27,
    "end": 1265.89,
    "speaker": "老师",
    "text": "它的长度可以求出来吗？"
  },
  {
    "start": 1265.89,
    "end": 1270.81,
    "speaker": "老师",
    "text": "因为AE在直角三角形ABE中，"
  },
  {
    "start": 1271.23,
    "end": 1274.5,
    "speaker": "老师",
    "text": "我们已知AB的长度，"
  },
  {
    "start": 1274.86,
    "end": 1277.64,
    "speaker": "老师",
    "text": "BE的长度是十六，"
  },
  {
    "start": 1278.22,
    "end": 1284.39,
    "speaker": "老师",
    "text": "所以可以根据勾股定理求出AE的长度。"
  },
  {
    "start": 1284.39,
    "end": 1289.13,
    "speaker": "老师",
    "text": "因为AE等于根号下，"
  },
  {
    "start": 1289.17,
    "end": 1303.28,
    "speaker": "老师",
    "text": "AB的平方减去BE的平方等于根号下二十的平方减去十六的平方等于十二。"
  },
  {
    "start": 1303.36,
    "end": 1310.16,
    "speaker": "老师",
    "text": "那接下来我们怎么求BB这条边的长度呢？"
  },
  {
    "start": 1310.16,
    "end": 1315.48,
    "speaker": "老师",
    "text": "我们不妨设b给的BD的长度为x."
  },
  {
    "start": 1315.5,
    "end": 1320.01,
    "speaker": "老师",
    "text": "那DE怎样来表示呢？"
  },
  {
    "start": 1320.01,
    "end": 1323.13,
    "speaker": "老师",
    "text": "De可以用十六减x来表示。"
  },
  {
    "start": 1323.13,
    "end": 1362.46,
    "speaker": "老师",
    "text": "那我们接下来怎样建立方程呢？"
  },
  {
    "start": 1362.52,
    "end": 1379.36,
    "speaker": "老师",
    "text": "我们回到题目当中的已知条件发现还有一个条件没有用到角DAC等于九十度，"
  },
  {
    "start": 1379.36,
    "end": 1385.66,
    "speaker": "老师",
    "text": "说明三角形ACD是一个直角三角形。"
  },
  {
    "start": 1386.38,
    "end": 1392.36,
    "speaker": "老师",
    "text": "在三角形ACD中和直角三角形，"
  },
  {
    "start": 1392.36,
    "end": 1396.12,
    "speaker": "老师",
    "text": "AED中有一条公共边是AD,"
  },
  {
    "start": 1396.32,
    "end": 1400.3,
    "speaker": "老师",
    "text": "我们可以用含x的式子来表示AD,"
  },
  {
    "start": 1400.3,
    "end": 1403.84,
    "speaker": "老师",
    "text": "从而建立方程。"
  },
  {
    "start": 1403.84,
    "end": 1407.3,
    "speaker": "老师",
    "text": "在RT三角形AEDE中，"
  },
  {
    "start": 1407.54,
    "end": 1412.49,
    "speaker": "老师",
    "text": "因为AD的平方等于AE的平方，"
  },
  {
    "start": 1412.49,
    "end": 1414.27,
    "speaker": "老师",
    "text": "加上BE的平方，"
  },
  {
    "start": 1414.71,
    "end": 1417.51,
    "speaker": "老师",
    "text": "也就是十二的平方，"
  },
  {
    "start": 1417.51,
    "end": 1420.99,
    "speaker": "老师",
    "text": "加上十六减x括号的平方。"
  },
  {
    "start": 1421.25,
    "end": 1425.64,
    "speaker": "老师",
    "text": "在RT三角形ACD中，"
  },
  {
    "start": 1425.7,
    "end": 1434.94,
    "speaker": "老师",
    "text": "AD的平方等于CB的平方减去AC的平方。"
  },
  {
    "start": 1435.44,
    "end": 1441.82,
    "speaker": "老师",
    "text": "那么CD的长度怎样来表示呢？"
  },
  {
    "start": 1441.82,
    "end": 1443.84,
    "speaker": "老师",
    "text": "Cd等于CB减去BD,"
  },
  {
    "start": 1443.84,
    "end": 1447.22,
    "speaker": "老师",
    "text": "也就是三十二减x."
  },
  {
    "start": 1447.3,
    "end": 1456.4,
    "speaker": "老师",
    "text": "所以AD的平方等于三十二减x括号的平方减去二十的平方。"
  },
  {
    "start": 1456.4,
    "end": 1461.62,
    "speaker": "老师",
    "text": "这两个式子都表示的是AD的平方，"
  },
  {
    "start": 1463.99,
    "end": 1467.19,
    "speaker": "老师",
    "text": "所以它们是相等的。"
  },
  {
    "start": 1467.25,
    "end": 1471.39,
    "speaker": "老师",
    "text": "那么解出这个方程，"
  },
  {
    "start": 1471.43,
    "end": 1475.74,
    "speaker": "老师",
    "text": "我们可以求出x等于七，"
  },
  {
    "start": 1475.88,
    "end": 1479.06,
    "speaker": "老师",
    "text": "即BD等于七。"
  },
  {
    "start": 1479.28,
    "end": 1490.51,
    "speaker": "老师",
    "text": "这道题呢我们是根据了等腰三角形的三线合一，"
  },
  {
    "start": 1490.69,
    "end": 1495.09,
    "speaker": "老师",
    "text": "构造出直角三角形，"
  },
  {
    "start": 1495.09,
    "end": 1503.55,
    "speaker": "老师",
    "text": "通过设未知数综合利用勾股定理来建立方程，"
  },
  {
    "start": 1503.55,
    "end": 1505.99,
    "speaker": "老师",
    "text": "从而求出问题的解。"
  },
  {
    "start": 1506.31,
    "end": 1515.53,
    "speaker": "老师",
    "text": "那么这也体现了我们勾股定理中的方程思想。"
  },
  {
    "start": 1515.65,
    "end": 1516.27,
    "speaker": "老师",
    "text": "好，"
  },
  {
    "start": 1516.31,
    "end": 1519.97,
    "speaker": "老师",
    "text": "接下来我们再来看下一道题请，"
  },
  {
    "start": 1519.97,
    "end": 1523.12,
    "speaker": "老师",
    "text": "同学们仔细审题。"
  },
  {
    "start": 1523.12,
    "end": 1523.86,
    "speaker": "老师",
    "text": "好，"
  },
  {
    "start": 1524.04,
    "end": 1525.06,
    "speaker": "老师",
    "text": "同学们，"
  },
  {
    "start": 1525.18,
    "end": 1531.3,
    "speaker": "老师",
    "text": "我们一起来分析这道题。"
  },
  {
    "start": 1531.54,
    "end": 1536.06,
    "speaker": "老师",
    "text": "在四边形ABCD中，"
  },
  {
    "start": 1536.08,
    "end": 1539.78,
    "speaker": "老师",
    "text": "角b等于角d等于九十度，"
  },
  {
    "start": 1539.78,
    "end": 1542.8,
    "speaker": "老师",
    "text": "角c等于六十度，"
  },
  {
    "start": 1542.98,
    "end": 1544.24,
    "speaker": "老师",
    "text": "AD等于一。"
  },
  {
    "start": 1544.58,
    "end": 1547.2,
    "speaker": "老师",
    "text": "我们标记在图上，"
  },
  {
    "start": 1547.34,
    "end": 1550.14,
    "speaker": "老师",
    "text": "BC等于二，"
  },
  {
    "start": 1550.14,
    "end": 1553.78,
    "speaker": "老师",
    "text": "我们也标记在图上，"
  },
  {
    "start": 1554.42,
    "end": 1559.74,
    "speaker": "老师",
    "text": "让我们求AB和CD的长度。"
  },
  {
    "start": 1559.74,
    "end": 1563.75,
    "speaker": "老师",
    "text": "有同学会想到四边形的问题，"
  },
  {
    "start": 1563.75,
    "end": 1570.81,
    "speaker": "老师",
    "text": "通常可以转换为三角形的问题来解决。"
  },
  {
    "start": 1570.81,
    "end": 1575.35,
    "speaker": "老师",
    "text": "所以有些同学会想连接对角线，"
  },
  {
    "start": 1575.35,
    "end": 1578.87,
    "speaker": "老师",
    "text": "那么我们不妨来连连看。"
  },
  {
    "start": 1578.87,
    "end": 1586.18,
    "speaker": "老师",
    "text": "首先呢我们连接BD这样一连，"
  },
  {
    "start": 1586.52,
    "end": 1594.96,
    "speaker": "老师",
    "text": "我们发现这两个直角被我们给分割掉了。"
  },
  {
    "start": 1595.22,
    "end": 1600.12,
    "speaker": "老师",
    "text": "那这样连是行不通的。"
  },
  {
    "start": 1600.22,
    "end": 1603.46,
    "speaker": "老师",
    "text": "有同学会说，"
  },
  {
    "start": 1603.46,
    "end": 1628.08,
    "speaker": "老师",
    "text": "那我连接AC这样一连我们分割出了两个直角三角形ABC和ADC."
  },
  {
    "start": 1628.72,
    "end": 1631.84,
    "speaker": "老师",
    "text": "在这两个直角三角形中，"
  },
  {
    "start": 1631.84,
    "end": 1633.26,
    "speaker": "老师",
    "text": "ABC中，"
  },
  {
    "start": 1633.26,
    "end": 1637.0,
    "speaker": "老师",
    "text": "我们知道BC边的长度。"
  },
  {
    "start": 1637.0,
    "end": 1641.34,
    "speaker": "老师",
    "text": "在ACD这个直角三角形中，"
  },
  {
    "start": 1641.34,
    "end": 1645.4,
    "speaker": "老师",
    "text": "我们只知道AD边的长度，"
  },
  {
    "start": 1645.58,
    "end": 1650.88,
    "speaker": "老师",
    "text": "这个六十度的角呢又被我们给分割掉了，"
  },
  {
    "start": 1650.88,
    "end": 1696.61,
    "speaker": "老师",
    "text": "所以这样连也是行不通的那同学们想一想，"
  },
  {
    "start": 1696.77,
    "end": 1701.49,
    "speaker": "老师",
    "text": "我应该怎样构造三角形呢？"
  },
  {
    "start": 1702.25,
    "end": 1703.51,
    "speaker": "老师",
    "text": "我们来看，"
  },
  {
    "start": 1703.69,
    "end": 1710.16,
    "speaker": "老师",
    "text": "因为角b等于角d等于九十度，"
  },
  {
    "start": 1710.16,
    "end": 1715.05,
    "speaker": "老师",
    "text": "角c呢等于六十度，"
  },
  {
    "start": 1715.21,
    "end": 1721.17,
    "speaker": "老师",
    "text": "这三个角都比较特殊，"
  },
  {
    "start": 1721.41,
    "end": 1725.71,
    "speaker": "老师",
    "text": "所以我想保留它。"
  },
  {
    "start": 1725.91,
    "end": 1728.99,
    "speaker": "老师",
    "text": "因此我想到了延长BA,"
  },
  {
    "start": 1729.19,
    "end": 1739.53,
    "speaker": "老师",
    "text": "延长CD相交于点e因为角c等于六十度，"
  },
  {
    "start": 1740.27,
    "end": 1744.85,
    "speaker": "老师",
    "text": "角b等于九十度，"
  },
  {
    "start": 1744.85,
    "end": 1748.55,
    "speaker": "老师",
    "text": "所以角e等于三十度。"
  },
  {
    "start": 1748.61,
    "end": 1759.42,
    "speaker": "老师",
    "text": "所以这样我就构造出了两个含有三十度角的直角三角形EAD和EBC."
  },
  {
    "start": 1759.42,
    "end": 1761.14,
    "speaker": "老师",
    "text": "而我们知道，"
  },
  {
    "start": 1761.2,
    "end": 1763.7,
    "speaker": "老师",
    "text": "在直角三角形中，"
  },
  {
    "start": 1763.88,
    "end": 1774.72,
    "speaker": "老师",
    "text": "三十度角所对的直角边是斜边的一半。"
  },
  {
    "start": 1774.72,
    "end": 1775.42,
    "speaker": "老师",
    "text": "因此，"
  },
  {
    "start": 1775.54,
    "end": 1780.56,
    "speaker": "老师",
    "text": "在RT三角形EBC中，"
  },
  {
    "start": 1781.4,
    "end": 1786.16,
    "speaker": "老师",
    "text": "EC的长度等于两倍的BC的长度，"
  },
  {
    "start": 1786.16,
    "end": 1790.65,
    "speaker": "老师",
    "text": "也就是四。"
  },
  {
    "start": 1791.67,
    "end": 1793.91,
    "speaker": "老师",
    "text": "根据勾股定理，"
  },
  {
    "start": 1793.93,
    "end": 1801.23,
    "speaker": "老师",
    "text": "我们可以求出EB的长度。"
  },
  {
    "start": 1801.23,
    "end": 1807.17,
    "speaker": "老师",
    "text": "Eb等于根号下四的平方，"
  },
  {
    "start": 1807.29,
    "end": 1810.73,
    "speaker": "老师",
    "text": "减去二的平方，"
  },
  {
    "start": 1810.81,
    "end": 1813.55,
    "speaker": "老师",
    "text": "也就是两倍根号三。"
  },
  {
    "start": 1813.83,
    "end": 1823.84,
    "speaker": "老师",
    "text": "我们再来看RT三角形EAD中已知AD的长度是一角，"
  },
  {
    "start": 1823.84,
    "end": 1828.52,
    "speaker": "老师",
    "text": "e是三十度。"
  },
  {
    "start": 1828.52,
    "end": 1836.29,
    "speaker": "老师",
    "text": "那么我们可以得出EA这条边的长度是两倍的。"
  },
  {
    "start": 1836.29,
    "end": 1839.67,
    "speaker": "老师",
    "text": "Ad也就是二，"
  },
  {
    "start": 1839.73,
    "end": 1846.56,
    "speaker": "老师",
    "text": "我们再用勾股定理可以求出ED的长度，"
  },
  {
    "start": 1846.56,
    "end": 1852.42,
    "speaker": "老师",
    "text": "等于根号下二的平方减去一的平方，"
  },
  {
    "start": 1852.66,
    "end": 1855.16,
    "speaker": "老师",
    "text": "也就是根号三。"
  },
  {
    "start": 1855.26,
    "end": 1865.8,
    "speaker": "老师",
    "text": "那AB的长度等于EB减去EA,"
  },
  {
    "start": 1866.04,
    "end": 1872.1,
    "speaker": "老师",
    "text": "也就是两倍根号三减二。"
  },
  {
    "start": 1872.1,
    "end": 1879.46,
    "speaker": "老师",
    "text": "Cd的长度等于CE减去BE,"
  },
  {
    "start": 1879.46,
    "end": 1885.04,
    "speaker": "老师",
    "text": "也就是四减根号三。"
  },
  {
    "start": 1885.26,
    "end": 1889.46,
    "speaker": "老师",
    "text": "那请看本题的关键步骤。"
  },
  {
    "start": 1889.46,
    "end": 1890.58,
    "speaker": "老师",
    "text": "好，"
  },
  {
    "start": 1890.58,
    "end": 1892.02,
    "speaker": "老师",
    "text": "同学们，"
  },
  {
    "start": 1892.02,
    "end": 1902.88,
    "speaker": "老师",
    "text": "这道题呢我们是通过补行的方法把四边形ABCD补全，"
  },
  {
    "start": 1902.88,
    "end": 1909.4,
    "speaker": "老师",
    "text": "成了两个含有三十度角的直角三角形。"
  },
  {
    "start": 1909.4,
    "end": 1914.64,
    "speaker": "老师",
    "text": "那让我们再回到这道题目，"
  },
  {
    "start": 1914.7,
    "end": 1916.26,
    "speaker": "老师",
    "text": "前面呢，"
  },
  {
    "start": 1916.68,
    "end": 1926.78,
    "speaker": "老师",
    "text": "我们用连接对角线的方法发现分割是不可以。"
  },
  {
    "start": 1928.32,
    "end": 1932.84,
    "speaker": "老师",
    "text": "那这道题还有其他的分割方法吗？"
  },
  {
    "start": 1933.6,
    "end": 1935.92,
    "speaker": "老师",
    "text": "请同学们思考一下。"
  },
  {
    "start": 1969.43,
    "end": 1969.83,
    "speaker": "老师",
    "text": "好，"
  },
  {
    "start": 1969.83,
    "end": 1973.43,
    "speaker": "老师",
    "text": "同学们，"
  },
  {
    "start": 1973.43,
    "end": 1977.79,
    "speaker": "老师",
    "text": "我们一起来分析在四边形ABCD中，"
  },
  {
    "start": 1977.79,
    "end": 1981.45,
    "speaker": "老师",
    "text": "这个角六十度是很特殊的。"
  },
  {
    "start": 1981.47,
    "end": 1988.63,
    "speaker": "老师",
    "text": "所以呢我想保留这个角构造直角三角形。"
  },
  {
    "start": 1988.63,
    "end": 1994.67,
    "speaker": "老师",
    "text": "因此呢我想到过点b作BE垂直于CD垂足为e."
  },
  {
    "start": 1994.67,
    "end": 1997.79,
    "speaker": "老师",
    "text": "那在RT三角形BCE中，"
  },
  {
    "start": 1997.79,
    "end": 2000.47,
    "speaker": "老师",
    "text": "角c等于六十度，"
  },
  {
    "start": 2000.47,
    "end": 2005.21,
    "speaker": "老师",
    "text": "我们可以得出角CBE这个角等于三十度。"
  },
  {
    "start": 2005.21,
    "end": 2008.79,
    "speaker": "老师",
    "text": "因为角ABC等于九十度，"
  },
  {
    "start": 2008.79,
    "end": 2017.28,
    "speaker": "老师",
    "text": "所以角ABE等于九十度，"
  },
  {
    "start": 2017.28,
    "end": 2019.12,
    "speaker": "老师",
    "text": "减去三十度，"
  },
  {
    "start": 2019.14,
    "end": 2021.48,
    "speaker": "老师",
    "text": "也就是六十度啊，"
  },
  {
    "start": 2021.48,
    "end": 2025.68,
    "speaker": "老师",
    "text": "这个六十度的角呢比较特殊，"
  },
  {
    "start": 2025.68,
    "end": 2027.52,
    "speaker": "老师",
    "text": "我想保留它。"
  },
  {
    "start": 2027.56,
    "end": 2031.6,
    "speaker": "老师",
    "text": "然后我们看在四边形ABED中，"
  },
  {
    "start": 2031.6,
    "end": 2034.32,
    "speaker": "老师",
    "text": "这两个角又是直角。"
  },
  {
    "start": 2034.34,
    "end": 2045.0,
    "speaker": "老师",
    "text": "所以呢我想到了过点a作AF垂直于BE垂足为f那大家看一下这样分割，"
  },
  {
    "start": 2045.0,
    "end": 2055.14,
    "speaker": "老师",
    "text": "我们就把四边形ABCD分割成了两个含有三十度角的直角三角形BCE和ABF."
  },
  {
    "start": 2055.38,
    "end": 2060.4,
    "speaker": "老师",
    "text": "那剩余的这个四边形AFED是什么图形呢？"
  },
  {
    "start": 2060.46,
    "end": 2061.6,
    "speaker": "老师",
    "text": "好，"
  },
  {
    "start": 2061.6,
    "end": 2066.2,
    "speaker": "老师",
    "text": "我们看这个四边形AFED中有三个角是直角，"
  },
  {
    "start": 2066.38,
    "end": 2069.02,
    "speaker": "老师",
    "text": "那么有三个角是直角的，"
  },
  {
    "start": 2069.42,
    "end": 2071.82,
    "speaker": "老师",
    "text": "四边形是矩形。"
  },
  {
    "start": 2072.12,
    "end": 2076.38,
    "speaker": "老师",
    "text": "而我们知道矩形的对边是相等的。"
  },
  {
    "start": 2076.84,
    "end": 2082.56,
    "speaker": "老师",
    "text": "我们来看在RT三角形BEC中，"
  },
  {
    "start": 2082.56,
    "end": 2088.18,
    "speaker": "老师",
    "text": "已知BC边的长是二角CBE这个角等于三十度。"
  },
  {
    "start": 2088.22,
    "end": 2093.06,
    "speaker": "老师",
    "text": "那么我们可以得出CE的长度是BC的一半，"
  },
  {
    "start": 2093.06,
    "end": 2097.21,
    "speaker": "老师",
    "text": "也就是一根据勾股定理，"
  },
  {
    "start": 2097.21,
    "end": 2101.07,
    "speaker": "老师",
    "text": "我们可以求出BE的长度等于根号下二的平方，"
  },
  {
    "start": 2100.77,
    "end": 2101.07,
    "speaker": "老师",
    "text": "减去一的平方，"
  },
  {
    "start": 2100.77,
    "end": 2101.07,
    "speaker": "老师",
    "text": "所以BE等于根号三。"
  },
  {
    "start": 2100.77,
    "end": 2101.07,
    "speaker": "老师",
    "text": "因为AFED是一个矩形，"
  },
  {
    "start": 2100.77,
    "end": 2101.07,
    "speaker": "老师",
    "text": "所以EF等于AD等于一。"
  },
  {
    "start": 2100.77,
    "end": 2101.07,
    "speaker": "老师",
    "text": "那么BF的长度就等于根号三减。"
  },
  {
    "start": 2100.77,
    "end": 2101.07,
    "speaker": "老师",
    "text": "一再来看，"
  },
  {
    "start": 2100.77,
    "end": 2101.07,
    "speaker": "老师",
    "text": "RT三角形ABF轴角ABF等于六十度，"
  },
  {
    "start": 2100.77,
    "end": 2101.07,
    "speaker": "老师",
    "text": "所以角BAF等于三十度。"
  },
  {
    "start": 2100.77,
    "end": 2101.07,
    "speaker": "老师",
    "text": "那么AB这条边的长度就等于两倍的BF,"
  },
  {
    "start": 2100.77,
    "end": 2101.07,
    "speaker": "老师",
    "text": "也就是两倍根号三减二。"
  },
  {
    "start": 2100.77,
    "end": 2101.07,
    "speaker": "老师",
    "text": "在RT三角形ABF中，"
  },
  {
    "start": 2100.77,
    "end": 2101.07,
    "speaker": "老师",
    "text": "我们可以利用勾股定理求出AF的长度。"
  },
  {
    "start": 2100.77,
    "end": 2101.07,
    "speaker": "老师",
    "text": "那DE的长度和AF是相等的，"
  },
  {
    "start": 2100.77,
    "end": 2101.07,
    "speaker": "老师",
    "text": "也就是三减根号三。"
  },
  {
    "start": 2100.77,
    "end": 2101.07,
    "speaker": "老师",
    "text": "所以CD的长度等于DE,"
  },
  {
    "start": 2100.77,
    "end": 2101.07,
    "speaker": "老师",
    "text": "加上EC,"
  },
  {
    "start": 2100.77,
    "end": 2101.07,
    "speaker": "老师",
    "text": "也就是三减根号三加一，"
  },
  {
    "start": 2100.77,
    "end": 2101.07,
    "speaker": "老师",
    "text": "结果是四减根号三。"
  },
  {
    "start": 2100.77,
    "end": 2101.07,
    "speaker": "老师",
    "text": "请看本题的关键步骤。"
  },
  {
    "start": 2100.77,
    "end": 2101.07,
    "speaker": "老师",
    "text": "好，"
  },
  {
    "start": 2100.77,
    "end": 2101.07,
    "speaker": "老师",
    "text": "同学们，"
  },
  {
    "start": 2100.77,
    "end": 2101.07,
    "speaker": "老师",
    "text": "那这道题呢我们用分割的方法呢把它分割成了两个含有三十度角的直角三角形ABF和BEC和一个矩形。"
  },
  {
    "start": 2100.77,
    "end": 2101.07,
    "speaker": "老师",
    "text": "所以这道题呢我们可以用两种反思五形的方法和分割的方法。"
  },
  {
    "start": 2100.77,
    "end": 2101.07,
    "speaker": "老师",
    "text": "那完整的过程呢，"
  },
  {
    "start": 2100.77,
    "end": 2101.07,
    "speaker": "老师",
    "text": "课后请同学们把解答过程写出来。"
  },
  {
    "start": 2100.77,
    "end": 2101.07,
    "speaker": "老师",
    "text": "好，"
  },
  {
    "start": 2100.77,
    "end": 2101.07,
    "speaker": "老师",
    "text": "到了这里呢，"
  },
  {
    "start": 2100.77,
    "end": 2101.07,
    "speaker": "老师",
    "text": "本节课要接近尾声了，"
  },
  {
    "start": 2100.77,
    "end": 2101.07,
    "speaker": "老师",
    "text": "请同学们从以下三方面对本课进行梳理反思。"
  },
  {
    "start": 2100.77,
    "end": 2101.07,
    "speaker": "老师",
    "text": "本节课呢我们主要是复习了勾股定理及其逆定理的相关知识。"
  },
  {
    "start": 2100.77,
    "end": 2101.07,
    "speaker": "老师",
    "text": "那我们深刻的感悟到了勾股定理是将行的问题，"
  },
  {
    "start": 2100.77,
    "end": 2101.07,
    "speaker": "老师",
    "text": "转化为数的问题。"
  },
  {
    "start": 2100.77,
    "end": 2101.07,
    "speaker": "老师",
    "text": "勾股定理的逆定理是将勾的问题转化为行的问题，"
  },
  {
    "start": 2100.77,
    "end": 2101.07,
    "speaker": "老师",
    "text": "这充分体现了我们数学中的一个重要思想，"
  },
  {
    "start": 2100.77,
    "end": 2101.07,
    "speaker": "老师",
    "text": "数形结合的思想。"
  },
  {
    "start": 2100.77,
    "end": 2101.07,
    "speaker": "老师",
    "text": "同学们，"
  },
  {
    "start": 2100.77,
    "end": 2101.07,
    "speaker": "老师",
    "text": "今天你还有什么质疑和发现呢？"
  },
  {
    "start": 2100.77,
    "end": 2101.07,
    "speaker": "老师",
    "text": "课后可以跟自己的老师和同学交流探讨，"
  },
  {
    "start": 2100.77,
    "end": 2101.07,
    "speaker": "老师",
    "text": "那课堂的学习至关重要。"
  },
  {
    "start": 2100.77,
    "end": 2101.07,
    "speaker": "老师",
    "text": "课后的作业呢也是对知识的巩固和延伸。"
  },
  {
    "start": 2100.77,
    "end": 2101.07,
    "speaker": "老师",
    "text": "今天的作业分为以下三项巩固性作业，"
  },
  {
    "start": 2100.77,
    "end": 2101.07,
    "speaker": "老师",
    "text": "课本二十八页第五和第七题拓展性作业。"
  },
  {
    "start": 2100.77,
    "end": 2101.07,
    "speaker": "老师",
    "text": "已知三角形ABC中角a等于四十五度，"
  },
  {
    "start": 2100.77,
    "end": 2101.07,
    "speaker": "老师",
    "text": "角b等于三十度，"
  },
  {
    "start": 2100.77,
    "end": 2101.07,
    "speaker": "老师",
    "text": "角c等于八，"
  },
  {
    "start": 2100.77,
    "end": 2101.07,
    "speaker": "老师",
    "text": "求角c边的长。"
  },
  {
    "start": 2100.77,
    "end": 2101.07,
    "speaker": "老师",
    "text": "第三项，"
  },
  {
    "start": 2100.77,
    "end": 2101.07,
    "speaker": "老师",
    "text": "研究性作业，"
  },
  {
    "start": 2100.77,
    "end": 2101.07,
    "speaker": "老师",
    "text": "请同学们编写一道勾股定理及其密定理的综合应用题，"
  },
  {
    "start": 2100.77,
    "end": 2101.07,
    "speaker": "老师",
    "text": "并解答。"
  },
  {
    "start": 2100.77,
    "end": 2101.07,
    "speaker": "老师",
    "text": "欢迎同学们发至李老师的邮箱，"
  },
  {
    "start": 2100.77,
    "end": 2101.07,
    "speaker": "老师",
    "text": "与老师一起交流探讨啊，"
  },
  {
    "start": 2100.77,
    "end": 2101.07,
    "speaker": "老师",
    "text": "今天的课呢我们就学习到这儿，"
  },
  {
    "start": 2100.77,
    "end": 2101.07,
    "speaker": "老师",
    "text": "同学们再见。"
  }
]