[
  {
    "start": 9.97,
    "end": 14.27,
    "speaker": "老师",
    "text": "今天我们学习的内容是北师大版八年级数学下册第一章，"
  },
  {
    "start": 14.27,
    "end": 18.2,
    "speaker": "老师",
    "text": "第二节直角三角形第一课时。"
  },
  {
    "start": 18.2,
    "end": 21.3,
    "speaker": "老师",
    "text": "我们在前面学过直角三角形，"
  },
  {
    "start": 21.3,
    "end": 24.54,
    "speaker": "老师",
    "text": "请问直角三角形有哪些性质？"
  },
  {
    "start": 24.54,
    "end": 30.96,
    "speaker": "老师",
    "text": "怎样判定一个三角形是直角三角形呢？"
  },
  {
    "start": 30.96,
    "end": 36.86,
    "speaker": "老师",
    "text": "直角三角形的性质我们可以从两个方面来看，"
  },
  {
    "start": 36.86,
    "end": 37.4,
    "speaker": "老师",
    "text": "第一，"
  },
  {
    "start": 37.88,
    "end": 39.66,
    "speaker": "老师",
    "text": "从角与角的关系。"
  },
  {
    "start": 39.66,
    "end": 40.2,
    "speaker": "老师",
    "text": "第二，"
  },
  {
    "start": 40.62,
    "end": 42.32,
    "speaker": "老师",
    "text": "可以从边与边的关系。"
  },
  {
    "start": 42.32,
    "end": 44.86,
    "speaker": "老师",
    "text": "那从角与角的关系看呢，"
  },
  {
    "start": 44.86,
    "end": 51.29,
    "speaker": "老师",
    "text": "直角三角形它的两个锐角应该是互余的。"
  },
  {
    "start": 51.29,
    "end": 52.87,
    "speaker": "老师",
    "text": "如果从边与边的关系看，"
  },
  {
    "start": 52.87,
    "end": 58.53,
    "speaker": "老师",
    "text": "就是直角三角形的两个直角边的平方和是等于斜边的平方。"
  },
  {
    "start": 58.53,
    "end": 64.27,
    "speaker": "老师",
    "text": "这其实是大家非常熟悉的勾股定理。"
  },
  {
    "start": 64.27,
    "end": 71.2,
    "speaker": "老师",
    "text": "那直角三角形的判定其实也是从这两个方面来看。"
  },
  {
    "start": 71.2,
    "end": 73.26,
    "speaker": "老师",
    "text": "首先从角与角的关系看，"
  },
  {
    "start": 73.66,
    "end": 74.14,
    "speaker": "老师",
    "text": "嗯，"
  },
  {
    "start": 74.14,
    "end": 79.56,
    "speaker": "老师",
    "text": "有两个角互余的三角形是直角三角形。"
  },
  {
    "start": 79.56,
    "end": 81.6,
    "speaker": "老师",
    "text": "从边与边的关系看，"
  },
  {
    "start": 81.6,
    "end": 86.77,
    "speaker": "老师",
    "text": "如果一个三角形的两边的平方和等于第三边的平方，"
  },
  {
    "start": 86.77,
    "end": 95.52,
    "speaker": "老师",
    "text": "那么这个三角形是直角三角形这个定理一和定理二证明起来非常简单，"
  },
  {
    "start": 95.52,
    "end": 98.44,
    "speaker": "老师",
    "text": "我们也已经证明过定理。"
  },
  {
    "start": 98.44,
    "end": 111.33,
    "speaker": "老师",
    "text": "三、勾股定理的证明呢在上个学期接触到非常多勾股定理的常用的证明方法有哪一些呢？"
  },
  {
    "start": 111.33,
    "end": 117.03,
    "speaker": "老师",
    "text": "首先这是一个我们非常熟悉的赵爽贤途。"
  },
  {
    "start": 117.89,
    "end": 120.87,
    "speaker": "老师",
    "text": "利用这个图可以证明勾股定理，"
  },
  {
    "start": 120.87,
    "end": 126.54,
    "speaker": "老师",
    "text": "这是我们课本上利用到的一种叫做周圆质证法。"
  },
  {
    "start": 126.54,
    "end": 130.54,
    "speaker": "老师",
    "text": "利用这个图可以证明勾股定理，"
  },
  {
    "start": 130.54,
    "end": 138.26,
    "speaker": "老师",
    "text": "这也是我们非常熟悉的一个拼图。"
  },
  {
    "start": 138.26,
    "end": 141.22,
    "speaker": "老师",
    "text": "这个拼图是叫做总统阵法。"
  },
  {
    "start": 141.24,
    "end": 144.46,
    "speaker": "老师",
    "text": "利用这个图来可以证明出勾股定理。"
  },
  {
    "start": 144.46,
    "end": 149.12,
    "speaker": "老师",
    "text": "但是这个定理四当时我们是利用呢测量的方法得出来的。"
  },
  {
    "start": 149.22,
    "end": 153.96,
    "speaker": "老师",
    "text": "就是说如果一个三角形的两边的平方和等于第三边的平方，"
  },
  {
    "start": 153.96,
    "end": 158.37,
    "speaker": "老师",
    "text": "那么这个三角形是直角三角形，"
  },
  {
    "start": 158.37,
    "end": 160.81,
    "speaker": "老师",
    "text": "我们用拼图的方法，"
  },
  {
    "start": 160.81,
    "end": 163.35,
    "speaker": "老师",
    "text": "用那个测量的方法证明出来以后，"
  },
  {
    "start": 163.35,
    "end": 164.71,
    "speaker": "老师",
    "text": "并没有经过证明。"
  },
  {
    "start": 166.92,
    "end": 169.72,
    "speaker": "老师",
    "text": "那这道题我们该怎么去证明呢？"
  },
  {
    "start": 169.72,
    "end": 174.46,
    "speaker": "老师",
    "text": "这其实是一个命题类的题目，"
  },
  {
    "start": 174.46,
    "end": 178.82,
    "speaker": "老师",
    "text": "命题类的题目怎么进行证明呢？"
  },
  {
    "start": 178.82,
    "end": 181.98,
    "speaker": "老师",
    "text": "首先我们讲这么一个命题的，"
  },
  {
    "start": 182.18,
    "end": 186.5,
    "speaker": "老师",
    "text": "它的一般步骤应该是第一弄清楚提设和结论。"
  },
  {
    "start": 186.5,
    "end": 187.7,
    "speaker": "老师",
    "text": "那这个命题当中，"
  },
  {
    "start": 187.7,
    "end": 193.57,
    "speaker": "老师",
    "text": "它的题设也就是条件是什么呢？"
  },
  {
    "start": 193.57,
    "end": 195.63,
    "speaker": "老师",
    "text": "就是说如果一个三角形，"
  },
  {
    "start": 195.63,
    "end": 203.19,
    "speaker": "老师",
    "text": "如果一个三角形的两边的平方和等于第三边的平方，"
  },
  {
    "start": 204.4,
    "end": 206.2,
    "speaker": "老师",
    "text": "这就是体色也叫做条件。"
  },
  {
    "start": 206.2,
    "end": 207.74,
    "speaker": "老师",
    "text": "结论是什么呢？"
  },
  {
    "start": 207.74,
    "end": 213.1,
    "speaker": "老师",
    "text": "结论应该是这个三角形是直角三角形。"
  },
  {
    "start": 213.1,
    "end": 213.5,
    "speaker": "老师",
    "text": "第二步，"
  },
  {
    "start": 213.5,
    "end": 215.2,
    "speaker": "老师",
    "text": "根据题意来画出相应的图形。"
  },
  {
    "start": 215.2,
    "end": 218.73,
    "speaker": "老师",
    "text": "那像这个题目呢，"
  },
  {
    "start": 218.89,
    "end": 220.23,
    "speaker": "老师",
    "text": "要画的图形，"
  },
  {
    "start": 220.23,
    "end": 222.63,
    "speaker": "老师",
    "text": "其实只要画一个三角形，"
  },
  {
    "start": 222.75,
    "end": 226.26,
    "speaker": "老师",
    "text": "画一个直角三角形出来。"
  },
  {
    "start": 226.26,
    "end": 228.46,
    "speaker": "老师",
    "text": "当然还没有证明，"
  },
  {
    "start": 228.46,
    "end": 233.18,
    "speaker": "老师",
    "text": "之前还不能说明它是次要发展性好画出图形以后。"
  },
  {
    "start": 233.18,
    "end": 237.64,
    "speaker": "老师",
    "text": "第三步应该是根据题设和结论写出已知和求证。"
  },
  {
    "start": 237.64,
    "end": 240.84,
    "speaker": "老师",
    "text": "那已知什么呢？"
  },
  {
    "start": 240.84,
    "end": 244.48,
    "speaker": "老师",
    "text": "他这里讲的是一个三角形的，"
  },
  {
    "start": 244.48,
    "end": 248.95,
    "speaker": "老师",
    "text": "两边的平方和等于第三边的平方，"
  },
  {
    "start": 248.95,
    "end": 250.01,
    "speaker": "老师",
    "text": "哪两边呢？"
  },
  {
    "start": 250.01,
    "end": 253.45,
    "speaker": "老师",
    "text": "像这个题目应该是AC的平方和，"
  },
  {
    "start": 253.45,
    "end": 258.45,
    "speaker": "老师",
    "text": "BC的平方加在一起等于呢AB的平方。"
  },
  {
    "start": 258.45,
    "end": 261.63,
    "speaker": "老师",
    "text": "所以这就是已知在三角形ABC当中，"
  },
  {
    "start": 261.63,
    "end": 266.29,
    "speaker": "老师",
    "text": "AC平方加BC平方等于AB平方。"
  },
  {
    "start": 266.43,
    "end": 267.19,
    "speaker": "老师",
    "text": "好，"
  },
  {
    "start": 268.08,
    "end": 271.44,
    "speaker": "老师",
    "text": "求证什么呢？"
  },
  {
    "start": 271.44,
    "end": 274.78,
    "speaker": "老师",
    "text": "求证的其实就是结论，"
  },
  {
    "start": 274.78,
    "end": 275.2,
    "speaker": "老师",
    "text": "对吧？"
  },
  {
    "start": 275.2,
    "end": 276.84,
    "speaker": "老师",
    "text": "这个三角形是直角三角形，"
  },
  {
    "start": 276.84,
    "end": 281.02,
    "speaker": "老师",
    "text": "哪个三角形三角形ABC就是直角三角形，"
  },
  {
    "start": 281.02,
    "end": 283.68,
    "speaker": "老师",
    "text": "所以要求证的是三角形，"
  },
  {
    "start": 283.68,
    "end": 285.79,
    "speaker": "老师",
    "text": "ABC是直角三角形。"
  },
  {
    "start": 286.81,
    "end": 291.12,
    "speaker": "老师",
    "text": "那么第四步就是分析证明的思路，"
  },
  {
    "start": 291.12,
    "end": 293.81,
    "speaker": "老师",
    "text": "写出证明的过程。"
  },
  {
    "start": 293.85,
    "end": 296.58,
    "speaker": "老师",
    "text": "那下面我们来看一下怎么来分析它的思路呢？"
  },
  {
    "start": 297.41,
    "end": 301.59,
    "speaker": "老师",
    "text": "怎么证明这个三角形是直角三角形的？"
  },
  {
    "start": 301.59,
    "end": 307.66,
    "speaker": "老师",
    "text": "我们要证明这个三角形ABC是直角三角形，"
  },
  {
    "start": 307.66,
    "end": 310.52,
    "speaker": "老师",
    "text": "当然就是要证明这个角c为直角。"
  },
  {
    "start": 310.74,
    "end": 315.33,
    "speaker": "老师",
    "text": "我们首先要考虑的就是从角与角的关系，"
  },
  {
    "start": 315.33,
    "end": 320.77,
    "speaker": "老师",
    "text": "看这个角a加角b如果能等于九十度，"
  },
  {
    "start": 320.77,
    "end": 323.01,
    "speaker": "老师",
    "text": "那么角c就等于九十度。"
  },
  {
    "start": 323.01,
    "end": 330.6,
    "speaker": "老师",
    "text": "但事实上它的已知条件当中根本就没有角出线。"
  },
  {
    "start": 330.62,
    "end": 333.59,
    "speaker": "老师",
    "text": "所以这条路走不通，"
  },
  {
    "start": 333.59,
    "end": 338.49,
    "speaker": "老师",
    "text": "那题目里面告诉是边与边的关系。"
  },
  {
    "start": 338.55,
    "end": 342.25,
    "speaker": "老师",
    "text": "那自然我们就想到了用全等三角形。"
  },
  {
    "start": 342.25,
    "end": 346.29,
    "speaker": "老师",
    "text": "但是这个题目只有一个三角形和谁全等呢？"
  },
  {
    "start": 346.29,
    "end": 353.73,
    "speaker": "老师",
    "text": "这事乎呢又陷入一个僵局。"
  },
  {
    "start": 353.73,
    "end": 354.23,
    "speaker": "老师",
    "text": "没关系，"
  },
  {
    "start": 354.23,
    "end": 360.36,
    "speaker": "老师",
    "text": "我们可以来构造一个三角形出来，"
  },
  {
    "start": 360.36,
    "end": 363.56,
    "speaker": "老师",
    "text": "构造一个什么样的三角形呢？"
  },
  {
    "start": 363.56,
    "end": 366.33,
    "speaker": "老师",
    "text": "就是说做一个直角三角形，"
  },
  {
    "start": 366.33,
    "end": 368.48,
    "speaker": "老师",
    "text": "这个角c一撇和角c能够相等，"
  },
  {
    "start": 369.16,
    "end": 372.42,
    "speaker": "老师",
    "text": "然后a撇c撇和AC也相等，"
  },
  {
    "start": 372.42,
    "end": 374.71,
    "speaker": "老师",
    "text": "b撇c撇和BC是相等的。"
  },
  {
    "start": 374.71,
    "end": 380.53,
    "speaker": "老师",
    "text": "下面我们要的任务呢就是把证明这两个三角形是全等。"
  },
  {
    "start": 380.53,
    "end": 382.17,
    "speaker": "老师",
    "text": "那能否全等呢？"
  },
  {
    "start": 382.17,
    "end": 383.39,
    "speaker": "老师",
    "text": "仔细分析一下，"
  },
  {
    "start": 384.35,
    "end": 388.58,
    "speaker": "老师",
    "text": "这里有两条边ACA撇CD相等，"
  },
  {
    "start": 388.86,
    "end": 390.9,
    "speaker": "老师",
    "text": "BC这个呢b撇CD相等，"
  },
  {
    "start": 390.9,
    "end": 394.05,
    "speaker": "老师",
    "text": "但是能不能用边角边呢？"
  },
  {
    "start": 394.05,
    "end": 395.57,
    "speaker": "老师",
    "text": "很显然是不能的。"
  },
  {
    "start": 395.57,
    "end": 400.41,
    "speaker": "老师",
    "text": "因为我们要证明的是它们的夹角相等，"
  },
  {
    "start": 400.41,
    "end": 402.67,
    "speaker": "老师",
    "text": "那就只能采用什么嘞，"
  },
  {
    "start": 402.67,
    "end": 403.75,
    "speaker": "老师",
    "text": "边边边证明。"
  },
  {
    "start": 403.75,
    "end": 405.65,
    "speaker": "老师",
    "text": "那圆圆圆就是要证明什么呢？"
  },
  {
    "start": 405.65,
    "end": 410.22,
    "speaker": "老师",
    "text": "Ab和a撇b撇是相等的那接下来我们看题目，"
  },
  {
    "start": 410.22,
    "end": 412.6,
    "speaker": "老师",
    "text": "已知里面是AC的平方，"
  },
  {
    "start": 412.6,
    "end": 415.16,
    "speaker": "老师",
    "text": "加BC平方等于AB平方，"
  },
  {
    "start": 415.16,
    "end": 420.96,
    "speaker": "老师",
    "text": "那能不能产生一个类似的式子呢？"
  },
  {
    "start": 420.96,
    "end": 421.4,
    "speaker": "老师",
    "text": "好，"
  },
  {
    "start": 421.4,
    "end": 423.62,
    "speaker": "老师",
    "text": "其实我们看三角形a撇，"
  },
  {
    "start": 423.62,
    "end": 425.66,
    "speaker": "老师",
    "text": "b撇c撇正好是一个，"
  },
  {
    "start": 425.66,
    "end": 426.64,
    "speaker": "老师",
    "text": "只要发也行，"
  },
  {
    "start": 426.64,
    "end": 429.69,
    "speaker": "老师",
    "text": "只要发也行，"
  },
  {
    "start": 429.71,
    "end": 431.25,
    "speaker": "老师",
    "text": "满足什么？"
  },
  {
    "start": 431.53,
    "end": 433.67,
    "speaker": "老师",
    "text": "满足勾股定理，"
  },
  {
    "start": 434.73,
    "end": 437.51,
    "speaker": "老师",
    "text": "所以我们可以这样去做。"
  },
  {
    "start": 437.51,
    "end": 444.44,
    "speaker": "老师",
    "text": "就是说a撇c撇的平方，"
  },
  {
    "start": 445.58,
    "end": 450.48,
    "speaker": "老师",
    "text": "加b撇c撇的平方正好等于a撇b撇的平方，"
  },
  {
    "start": 450.5,
    "end": 453.28,
    "speaker": "老师",
    "text": "这是用勾股定理可以证明出来的。"
  },
  {
    "start": 453.28,
    "end": 457.52,
    "speaker": "老师",
    "text": "然而已知里面又有什么AC的平方，"
  },
  {
    "start": 457.52,
    "end": 459.7,
    "speaker": "老师",
    "text": "加BC平方等于AB的平方？"
  },
  {
    "start": 459.7,
    "end": 464.31,
    "speaker": "老师",
    "text": "现在我们注意看一下a撇c撇和AC相等的，"
  },
  {
    "start": 464.31,
    "end": 466.49,
    "speaker": "老师",
    "text": "b撇c撇和BC相等的，"
  },
  {
    "start": 466.73,
    "end": 474.19,
    "speaker": "老师",
    "text": "所以我们就得到了什么a撇、b撇的平方和AB的平方应该是相等。"
  },
  {
    "start": 474.19,
    "end": 474.45,
    "speaker": "老师",
    "text": "好，"
  },
  {
    "start": 474.45,
    "end": 480.26,
    "speaker": "老师",
    "text": "因为a撇、b撇和AB都是相等的，"
  },
  {
    "start": 480.26,
    "end": 481.06,
    "speaker": "老师",
    "text": "都是正数，"
  },
  {
    "start": 481.06,
    "end": 482.8,
    "speaker": "老师",
    "text": "所以它们两个应该是相等。"
  },
  {
    "start": 483.04,
    "end": 485.46,
    "speaker": "老师",
    "text": "那现在我们就看这两个三角形当中，"
  },
  {
    "start": 485.46,
    "end": 490.07,
    "speaker": "老师",
    "text": "这三条边a撇、c撇和AC相等，"
  },
  {
    "start": 490.07,
    "end": 491.69,
    "speaker": "老师",
    "text": "b撇c撇和BC相等，"
  },
  {
    "start": 491.69,
    "end": 501.2,
    "speaker": "老师",
    "text": "还有一个a撇、b撇和AB相等的三条边对应相等的那我们就可以利用什么呢？"
  },
  {
    "start": 501.2,
    "end": 505.85,
    "speaker": "老师",
    "text": "边边边来证明这两个三角形是全等的这两个三角形。"
  },
  {
    "start": 505.85,
    "end": 506.75,
    "speaker": "老师",
    "text": "全等以后，"
  },
  {
    "start": 507.23,
    "end": 509.69,
    "speaker": "老师",
    "text": "我们就可以得到角c和角c一撇，"
  },
  {
    "start": 509.69,
    "end": 513.85,
    "speaker": "老师",
    "text": "应该是相等都等于九十度。"
  },
  {
    "start": 513.85,
    "end": 517.43,
    "speaker": "老师",
    "text": "从而就证明出这个三角形ABC是直角三角形这个命题。"
  },
  {
    "start": 517.43,
    "end": 523.66,
    "speaker": "老师",
    "text": "如果一个三角形是它的平方和，"
  },
  {
    "start": 523.92,
    "end": 527.36,
    "speaker": "老师",
    "text": "两边的平方和等于第三边的平方。"
  },
  {
    "start": 527.36,
    "end": 530.89,
    "speaker": "老师",
    "text": "那么这个三角形是直角三角形，"
  },
  {
    "start": 530.89,
    "end": 533.71,
    "speaker": "老师",
    "text": "这个命题是成立的，"
  },
  {
    "start": 535.56,
    "end": 536.9,
    "speaker": "老师",
    "text": "它应该是真命题，"
  },
  {
    "start": 536.98,
    "end": 540.44,
    "speaker": "老师",
    "text": "那我们就可以把它作为一条定理来使用。"
  },
  {
    "start": 540.44,
    "end": 548.12,
    "speaker": "老师",
    "text": "当我们想要证明两个三角形全等的时候，"
  },
  {
    "start": 548.12,
    "end": 551.2,
    "speaker": "老师",
    "text": "而有一个三角形是不存在的。"
  },
  {
    "start": 551.2,
    "end": 554.9,
    "speaker": "老师",
    "text": "其实我们可以构造出一个三角形，"
  },
  {
    "start": 554.9,
    "end": 558.34,
    "speaker": "老师",
    "text": "证明它全等这种方法呢叫做无中生有。"
  },
  {
    "start": 558.34,
    "end": 566.3,
    "speaker": "老师",
    "text": "这其实也是做辅助线的一种呢非常重要的方法。"
  },
  {
    "start": 566.32,
    "end": 576.67,
    "speaker": "老师",
    "text": "那这个定理呢也是我们以后证明一个三角形是直角三角形的一种重要的方法。"
  },
  {
    "start": 576.67,
    "end": 580.53,
    "speaker": "老师",
    "text": "这个名称等会再讲，"
  },
  {
    "start": 580.53,
    "end": 586.39,
    "speaker": "老师",
    "text": "我们再回到刚才所讲的四个条定理定理。"
  },
  {
    "start": 586.39,
    "end": 589.99,
    "speaker": "老师",
    "text": "一直角三角形的两个锐角互余，"
  },
  {
    "start": 589.99,
    "end": 591.63,
    "speaker": "老师",
    "text": "我们把它改成。"
  },
  {
    "start": 591.63,
    "end": 593.17,
    "speaker": "老师",
    "text": "如果那么的形式，"
  },
  {
    "start": 593.83,
    "end": 597.61,
    "speaker": "老师",
    "text": "如果一个三角形是直角三角形，"
  },
  {
    "start": 597.69,
    "end": 603.37,
    "speaker": "老师",
    "text": "那么这个三角形的两个锐角应该是互余地理。"
  },
  {
    "start": 603.37,
    "end": 604.77,
    "speaker": "老师",
    "text": "二有两个角，"
  },
  {
    "start": 604.77,
    "end": 609.03,
    "speaker": "老师",
    "text": "互余的三角形是直角三角形，"
  },
  {
    "start": 609.03,
    "end": 613.49,
    "speaker": "老师",
    "text": "我们把它也改成。"
  },
  {
    "start": 614.15,
    "end": 616.67,
    "speaker": "老师",
    "text": "如果那么的形式会是怎样的嘞，"
  },
  {
    "start": 616.67,
    "end": 618.73,
    "speaker": "老师",
    "text": "对吧？"
  },
  {
    "start": 618.73,
    "end": 622.18,
    "speaker": "老师",
    "text": "如果一个三角形是有两个角互余，"
  },
  {
    "start": 622.18,
    "end": 627.57,
    "speaker": "老师",
    "text": "那么这个三角形是直角三角形，"
  },
  {
    "start": 627.57,
    "end": 629.57,
    "speaker": "老师",
    "text": "这个我们把它称为第一组。"
  },
  {
    "start": 629.57,
    "end": 631.83,
    "speaker": "老师",
    "text": "前面一个命题条件会是什么呢？"
  },
  {
    "start": 631.83,
    "end": 637.04,
    "speaker": "老师",
    "text": "条件是一个三角形，"
  },
  {
    "start": 637.04,
    "end": 643.62,
    "speaker": "老师",
    "text": "是直角三角形结论呢这个三角形的两个锐角互余下面一个命题。"
  },
  {
    "start": 643.62,
    "end": 645.04,
    "speaker": "老师",
    "text": "它的条件是什么呢？"
  },
  {
    "start": 645.04,
    "end": 650.37,
    "speaker": "老师",
    "text": "它的条件是一个三角形，"
  },
  {
    "start": 650.37,
    "end": 652.25,
    "speaker": "老师",
    "text": "有两个角互余。"
  },
  {
    "start": 652.25,
    "end": 661.06,
    "speaker": "老师",
    "text": "它的结论呢应该是这个三角形是直角三角形。"
  },
  {
    "start": 661.06,
    "end": 662.26,
    "speaker": "老师",
    "text": "我们仔细看一下，"
  },
  {
    "start": 662.26,
    "end": 668.23,
    "speaker": "老师",
    "text": "第一个命题的条件和第二个命题的结论是一样的。"
  },
  {
    "start": 668.31,
    "end": 675.17,
    "speaker": "老师",
    "text": "第一个命题的结论和第二个命题的条件也是一样的。"
  },
  {
    "start": 675.17,
    "end": 675.51,
    "speaker": "老师",
    "text": "好，"
  },
  {
    "start": 675.51,
    "end": 681.66,
    "speaker": "老师",
    "text": "我们再看下面一组直角三角形的两条直角边的平方和，"
  },
  {
    "start": 681.66,
    "end": 685.83,
    "speaker": "老师",
    "text": "等于斜边的平方改成。"
  },
  {
    "start": 685.83,
    "end": 688.77,
    "speaker": "老师",
    "text": "如果那抹的形式会是什么样子嘞？"
  },
  {
    "start": 688.77,
    "end": 694.26,
    "speaker": "老师",
    "text": "如果一个三角形是直角三角形，"
  },
  {
    "start": 694.26,
    "end": 707.15,
    "speaker": "老师",
    "text": "那么这个三角形的两条直角边的平方和等于斜边的平方。"
  },
  {
    "start": 707.15,
    "end": 710.35,
    "speaker": "老师",
    "text": "地理四就是我们刚刚讲的，"
  },
  {
    "start": 710.35,
    "end": 716.61,
    "speaker": "老师",
    "text": "如果一个三角形的两边的平方和等于第三边的平方，"
  },
  {
    "start": 716.61,
    "end": 721.06,
    "speaker": "老师",
    "text": "那么这个三角形是直角三角形，"
  },
  {
    "start": 721.56,
    "end": 723.28,
    "speaker": "老师",
    "text": "我们保留。"
  },
  {
    "start": 723.28,
    "end": 730.08,
    "speaker": "老师",
    "text": "如果拉姆的形式把它称为是第二组，"
  },
  {
    "start": 730.93,
    "end": 736.07,
    "speaker": "老师",
    "text": "看看前面一个命题条件是什么呢？"
  },
  {
    "start": 736.21,
    "end": 745.7,
    "speaker": "老师",
    "text": "条件是一个三角形，"
  },
  {
    "start": 745.7,
    "end": 754.23,
    "speaker": "老师",
    "text": "是直角三角形结论呢这个三角形的两条直角边的平方和等于斜边的平方，"
  },
  {
    "start": 754.23,
    "end": 754.87,
    "speaker": "老师",
    "text": "这是结论。"
  },
  {
    "start": 754.87,
    "end": 760.33,
    "speaker": "老师",
    "text": "第二个面积的条件，"
  },
  {
    "start": 760.41,
    "end": 767.67,
    "speaker": "老师",
    "text": "一个三角形的两边的平方和等于第三边的平方。"
  },
  {
    "start": 767.67,
    "end": 768.37,
    "speaker": "老师",
    "text": "结论呢，"
  },
  {
    "start": 768.37,
    "end": 770.57,
    "speaker": "老师",
    "text": "这个三角形是直角三角形，"
  },
  {
    "start": 770.57,
    "end": 783.03,
    "speaker": "老师",
    "text": "也注意观察一下第一个命题的条件和第二个命题的结论一致。"
  },
  {
    "start": 783.31,
    "end": 788.51,
    "speaker": "老师",
    "text": "第一个命题的结论和第二个命题的条件也是一致的。"
  },
  {
    "start": 788.51,
    "end": 788.79,
    "speaker": "老师",
    "text": "好，"
  },
  {
    "start": 788.79,
    "end": 792.93,
    "speaker": "老师",
    "text": "再看一下下面一组第三组命题五。"
  },
  {
    "start": 792.93,
    "end": 798.03,
    "speaker": "老师",
    "text": "如果两个角是对顶角，"
  },
  {
    "start": 798.03,
    "end": 799.03,
    "speaker": "老师",
    "text": "那么这两个角相等，"
  },
  {
    "start": 799.03,
    "end": 801.05,
    "speaker": "老师",
    "text": "这是对顶角相等改过来的。"
  },
  {
    "start": 801.05,
    "end": 803.25,
    "speaker": "老师",
    "text": "他的条件是什么呢？"
  },
  {
    "start": 803.25,
    "end": 805.37,
    "speaker": "老师",
    "text": "他的条件是两个角是对顶角。"
  },
  {
    "start": 805.53,
    "end": 806.21,
    "speaker": "老师",
    "text": "结论呢，"
  },
  {
    "start": 806.21,
    "end": 808.57,
    "speaker": "老师",
    "text": "这两个角相等命题六，"
  },
  {
    "start": 808.57,
    "end": 813.05,
    "speaker": "老师",
    "text": "它的条件是什么嘞？"
  },
  {
    "start": 813.05,
    "end": 814.45,
    "speaker": "老师",
    "text": "是，"
  },
  {
    "start": 814.45,
    "end": 816.95,
    "speaker": "老师",
    "text": "如果两个角相等结论呢，"
  },
  {
    "start": 816.95,
    "end": 819.09,
    "speaker": "老师",
    "text": "这两个角是对顶角，"
  },
  {
    "start": 819.17,
    "end": 822.23,
    "speaker": "老师",
    "text": "再看第四组命题七，"
  },
  {
    "start": 822.23,
    "end": 823.47,
    "speaker": "老师",
    "text": "如果我是八年级学生，"
  },
  {
    "start": 823.47,
    "end": 826.45,
    "speaker": "老师",
    "text": "那么我今天在干教语音上学习，"
  },
  {
    "start": 826.69,
    "end": 828.37,
    "speaker": "老师",
    "text": "它的已知是什么？"
  },
  {
    "start": 828.53,
    "end": 832.45,
    "speaker": "老师",
    "text": "它的条件是什么呢？"
  },
  {
    "start": 832.45,
    "end": 833.37,
    "speaker": "老师",
    "text": "它的条件是，"
  },
  {
    "start": 833.37,
    "end": 838.13,
    "speaker": "老师",
    "text": "如果我是八年级学生结论呢，"
  },
  {
    "start": 838.13,
    "end": 842.32,
    "speaker": "老师",
    "text": "我今天在干教云上学习。"
  },
  {
    "start": 842.32,
    "end": 851.49,
    "speaker": "老师",
    "text": "命题八的条件应该是我今天在干教云上学习结论是我是八年级学生，"
  },
  {
    "start": 851.49,
    "end": 854.93,
    "speaker": "老师",
    "text": "我们仔细看一下这个命题五。"
  },
  {
    "start": 854.93,
    "end": 856.01,
    "speaker": "老师",
    "text": "命题六，"
  },
  {
    "start": 856.07,
    "end": 858.27,
    "speaker": "老师",
    "text": "它的条件和这个结论，"
  },
  {
    "start": 858.27,
    "end": 862.97,
    "speaker": "老师",
    "text": "命题五的条件和命题六的结论是一样的，"
  },
  {
    "start": 864.97,
    "end": 870.23,
    "speaker": "老师",
    "text": "命题五的结论和命题六的条件是一样的。"
  },
  {
    "start": 870.23,
    "end": 877.65,
    "speaker": "老师",
    "text": "这个命题七也就是前面一个命题的条件和后面一个命题的结论是一致的。"
  },
  {
    "start": 877.65,
    "end": 886.72,
    "speaker": "老师",
    "text": "前面一个命题的结论和后面一个命题的条件也是一致的那说明一个什么问题呢？"
  },
  {
    "start": 887.99,
    "end": 891.79,
    "speaker": "老师",
    "text": "说明了这么一个结论。"
  },
  {
    "start": 891.81,
    "end": 893.57,
    "speaker": "老师",
    "text": "如果说一组命题当中，"
  },
  {
    "start": 893.57,
    "end": 898.88,
    "speaker": "老师",
    "text": "前面一个命题的条件是后面一个命题的结论。"
  },
  {
    "start": 900.87,
    "end": 905.06,
    "speaker": "老师",
    "text": "前面一个命题的结论呢是后面一个命题的条件。"
  },
  {
    "start": 905.06,
    "end": 909.26,
    "speaker": "老师",
    "text": "那这两个命题我们就把它叫做互逆命题。"
  },
  {
    "start": 909.26,
    "end": 912.99,
    "speaker": "老师",
    "text": "其中一个命题呢叫做另一个命题的逆命题。"
  },
  {
    "start": 912.99,
    "end": 915.63,
    "speaker": "老师",
    "text": "比如说我们看一下命题五，"
  },
  {
    "start": 915.63,
    "end": 919.13,
    "speaker": "老师",
    "text": "如果说两个角是对顶角，"
  },
  {
    "start": 919.17,
    "end": 923.21,
    "speaker": "老师",
    "text": "那么这两个角相等，"
  },
  {
    "start": 923.21,
    "end": 925.31,
    "speaker": "老师",
    "text": "我们把它称为是原命题面积。"
  },
  {
    "start": 925.31,
    "end": 926.65,
    "speaker": "老师",
    "text": "六是如果两个角相等，"
  },
  {
    "start": 926.69,
    "end": 928.93,
    "speaker": "老师",
    "text": "那么这两个角是对顶角，"
  },
  {
    "start": 930.63,
    "end": 933.45,
    "speaker": "老师",
    "text": "正好是结论和条件呢。"
  },
  {
    "start": 933.45,
    "end": 934.29,
    "speaker": "老师",
    "text": "对调了一下，"
  },
  {
    "start": 934.29,
    "end": 937.48,
    "speaker": "老师",
    "text": "我们就把它叫做逆命题，"
  },
  {
    "start": 937.48,
    "end": 940.04,
    "speaker": "老师",
    "text": "叫做原命题的逆命题。"
  },
  {
    "start": 940.04,
    "end": 941.78,
    "speaker": "老师",
    "text": "再看一下命题七和命题。"
  },
  {
    "start": 941.98,
    "end": 942.32,
    "speaker": "老师",
    "text": "八。"
  },
  {
    "start": 942.32,
    "end": 944.98,
    "speaker": "老师",
    "text": "命题题是如果我是八年级学生，"
  },
  {
    "start": 944.98,
    "end": 949.4,
    "speaker": "老师",
    "text": "那么我今天在干教语义上学习，"
  },
  {
    "start": 949.4,
    "end": 950.56,
    "speaker": "老师",
    "text": "这个是原命题。"
  },
  {
    "start": 950.56,
    "end": 957.62,
    "speaker": "老师",
    "text": "而命题八呢正好是把它的条件与结论对调过来一对焦以后，"
  },
  {
    "start": 957.62,
    "end": 961.54,
    "speaker": "老师",
    "text": "那这个命题就叫做这个原命题的命命题。"
  },
  {
    "start": 961.54,
    "end": 961.9,
    "speaker": "老师",
    "text": "好，"
  },
  {
    "start": 962.26,
    "end": 968.64,
    "speaker": "老师",
    "text": "如果说原命题是如果a等于b那么a平方等于b平方，"
  },
  {
    "start": 968.64,
    "end": 970.88,
    "speaker": "老师",
    "text": "它的逆命题会是什么呢？"
  },
  {
    "start": 971.02,
    "end": 971.88,
    "speaker": "老师",
    "text": "他是真命题吗？"
  },
  {
    "start": 971.88,
    "end": 972.32,
    "speaker": "老师",
    "text": "不是。"
  },
  {
    "start": 972.32,
    "end": 972.56,
    "speaker": "老师",
    "text": "好，"
  },
  {
    "start": 972.56,
    "end": 975.3,
    "speaker": "老师",
    "text": "原命题是a平方。"
  },
  {
    "start": 975.3,
    "end": 981.97,
    "speaker": "老师",
    "text": "如果a平a等于b那么a平方等于b平方逆命题会是什么？"
  },
  {
    "start": 982.95,
    "end": 985.61,
    "speaker": "老师",
    "text": "Mini命题，"
  },
  {
    "start": 985.61,
    "end": 989.42,
    "speaker": "老师",
    "text": "我们应该是把条件和结论对调一下就可以了。"
  },
  {
    "start": 990.94,
    "end": 995.99,
    "speaker": "老师",
    "text": "命命题应该是如果a平方等于b平方，"
  },
  {
    "start": 995.99,
    "end": 1001.63,
    "speaker": "老师",
    "text": "那么a等于b原命题是真命题吗？"
  },
  {
    "start": 1001.63,
    "end": 1003.71,
    "speaker": "老师",
    "text": "A等于b两边同时平方，"
  },
  {
    "start": 1003.71,
    "end": 1009.12,
    "speaker": "老师",
    "text": "那么a平方和b平方肯定就是相等的，"
  },
  {
    "start": 1009.12,
    "end": 1011.32,
    "speaker": "老师",
    "text": "所以这应该是一个整命题。"
  },
  {
    "start": 1011.32,
    "end": 1014.28,
    "speaker": "老师",
    "text": "命命题是真命题吗？"
  },
  {
    "start": 1014.3,
    "end": 1023.01,
    "speaker": "老师",
    "text": "如果a平方等于b平方，"
  },
  {
    "start": 1023.01,
    "end": 1026.85,
    "speaker": "老师",
    "text": "那么a等于b a平方等于b平方。"
  },
  {
    "start": 1026.85,
    "end": 1030.27,
    "speaker": "老师",
    "text": "如果说正二的平方和负二负二的平方，"
  },
  {
    "start": 1030.63,
    "end": 1034.76,
    "speaker": "老师",
    "text": "它都等于四都相等的，"
  },
  {
    "start": 1034.76,
    "end": 1036.98,
    "speaker": "老师",
    "text": "但正二和负二能相等吗？"
  },
  {
    "start": 1036.98,
    "end": 1037.44,
    "speaker": "老师",
    "text": "不能，"
  },
  {
    "start": 1037.44,
    "end": 1039.84,
    "speaker": "老师",
    "text": "所以这是一个假命题，"
  },
  {
    "start": 1039.84,
    "end": 1042.46,
    "speaker": "老师",
    "text": "我们只要找到一个反例就可以了。"
  },
  {
    "start": 1042.62,
    "end": 1043.06,
    "speaker": "老师",
    "text": "好，"
  },
  {
    "start": 1043.08,
    "end": 1048.51,
    "speaker": "老师",
    "text": "直角三角形的两条直角边的平方和等于斜边平方，"
  },
  {
    "start": 1048.51,
    "end": 1052.58,
    "speaker": "老师",
    "text": "这是原命题。"
  },
  {
    "start": 1052.58,
    "end": 1055.34,
    "speaker": "老师",
    "text": "这个命题其实就是勾股定理，"
  },
  {
    "start": 1055.34,
    "end": 1057.78,
    "speaker": "老师",
    "text": "所以它是一个真命题。"
  },
  {
    "start": 1057.78,
    "end": 1072.62,
    "speaker": "老师",
    "text": "后面一个如果一个三角形的两边的平方和等于第三边的平方，"
  },
  {
    "start": 1072.62,
    "end": 1150.65,
    "speaker": "老师",
    "text": "那么这个三角形是直角三角形，"
  },
  {
    "start": 1153.44,
    "end": 1169.3,
    "speaker": "老师",
    "text": "这个命题是刚刚我们证明过了的，"
  },
  {
    "start": 1169.3,
    "end": 1172.67,
    "speaker": "老师",
    "text": "所以它应该是一个真命题。"
  },
  {
    "start": 1172.67,
    "end": 1174.77,
    "speaker": "老师",
    "text": "你走再看下面一组。"
  },
  {
    "start": 1174.77,
    "end": 1178.23,
    "speaker": "老师",
    "text": "如果说我是八年级学生，"
  },
  {
    "start": 1178.29,
    "end": 1183.39,
    "speaker": "老师",
    "text": "那么我今天在干教云上学习，"
  },
  {
    "start": 1183.39,
    "end": 1185.25,
    "speaker": "老师",
    "text": "这是真命题吗？"
  },
  {
    "start": 1185.45,
    "end": 1186.55,
    "speaker": "老师",
    "text": "我是八年级学生，"
  },
  {
    "start": 1186.63,
    "end": 1189.09,
    "speaker": "老师",
    "text": "但我不一定是在江西，"
  },
  {
    "start": 1189.39,
    "end": 1196.17,
    "speaker": "老师",
    "text": "所以这个命题应该是一个假命题。"
  },
  {
    "start": 1196.17,
    "end": 1200.25,
    "speaker": "老师",
    "text": "如果我今天在干教云上学习，"
  },
  {
    "start": 1200.37,
    "end": 1202.38,
    "speaker": "老师",
    "text": "那么我是八年学生，"
  },
  {
    "start": 1203.06,
    "end": 1203.58,
    "speaker": "老师",
    "text": "对吗？"
  },
  {
    "start": 1203.58,
    "end": 1204.41,
    "speaker": "老师",
    "text": "也不成立，"
  },
  {
    "start": 1205.81,
    "end": 1206.63,
    "speaker": "老师",
    "text": "为什么？"
  },
  {
    "start": 1206.93,
    "end": 1211.22,
    "speaker": "老师",
    "text": "因为在干教云上学习的，"
  },
  {
    "start": 1211.22,
    "end": 1212.78,
    "speaker": "老师",
    "text": "可能有老师，"
  },
  {
    "start": 1212.78,
    "end": 1214.78,
    "speaker": "老师",
    "text": "也有可能是家长，"
  },
  {
    "start": 1214.78,
    "end": 1217.18,
    "speaker": "老师",
    "text": "所以这是假命题结论。"
  },
  {
    "start": 1217.32,
    "end": 1221.04,
    "speaker": "老师",
    "text": "我们如果说原命题是真命题，"
  },
  {
    "start": 1221.04,
    "end": 1227.83,
    "speaker": "老师",
    "text": "比如说这个原命题真命题，"
  },
  {
    "start": 1227.83,
    "end": 1233.2,
    "speaker": "老师",
    "text": "它的逆命题是一个什么命题呢？"
  },
  {
    "start": 1233.2,
    "end": 1236.06,
    "speaker": "老师",
    "text": "假命题啊，"
  },
  {
    "start": 1236.06,
    "end": 1240.34,
    "speaker": "老师",
    "text": "当然也有可能原命题是真命题，"
  },
  {
    "start": 1240.34,
    "end": 1244.08,
    "speaker": "老师",
    "text": "逆命题也是真命题。"
  },
  {
    "start": 1244.08,
    "end": 1251.14,
    "speaker": "老师",
    "text": "那如果说原命题真命题作为定理来用，"
  },
  {
    "start": 1251.14,
    "end": 1252.6,
    "speaker": "老师",
    "text": "逆命题也是真命题，"
  },
  {
    "start": 1253.38,
    "end": 1257.02,
    "speaker": "老师",
    "text": "那也可以作为定理来用。"
  },
  {
    "start": 1257.02,
    "end": 1261.41,
    "speaker": "老师",
    "text": "那这个呢就把它叫做逆定理。"
  },
  {
    "start": 1261.41,
    "end": 1265.58,
    "speaker": "老师",
    "text": "比如说这个定理是勾股定理，"
  },
  {
    "start": 1268.26,
    "end": 1280.98,
    "speaker": "老师",
    "text": "那后面这个定理呢我们把它称为是勾股定理的逆定理。"
  },
  {
    "start": 1280.98,
    "end": 1281.44,
    "speaker": "老师",
    "text": "好，"
  },
  {
    "start": 1281.44,
    "end": 1287.74,
    "speaker": "老师",
    "text": "下面我们再看这两道题花两分钟的时间，"
  },
  {
    "start": 1287.74,
    "end": 1289.54,
    "speaker": "老师",
    "text": "大家思考一下，"
  },
  {
    "start": 1289.54,
    "end": 1289.96,
    "speaker": "老师",
    "text": "对不起，"
  },
  {
    "start": 1289.96,
    "end": 1290.88,
    "speaker": "老师",
    "text": "嗯，"
  },
  {
    "start": 1290.9,
    "end": 1297.02,
    "speaker": "老师",
    "text": "是这个行嘘请，"
  },
  {
    "start": 1297.24,
    "end": 1299.28,
    "speaker": "老师",
    "text": "就确实第一天西是不是？"
  },
  {
    "start": 1299.28,
    "end": 1299.6,
    "speaker": "老师",
    "text": "好，"
  },
  {
    "start": 1299.6,
    "end": 1301.68,
    "speaker": "老师",
    "text": "时间到我们首先来看一下第一题，"
  },
  {
    "start": 1302.4,
    "end": 1303.9,
    "speaker": "老师",
    "text": "在三角形ABC中，"
  },
  {
    "start": 1303.9,
    "end": 1306.04,
    "speaker": "老师",
    "text": "角a等于角b等于四十五度，"
  },
  {
    "start": 1306.04,
    "end": 1313.88,
    "speaker": "老师",
    "text": "角a四十五度角b四十五度两个底角相等的BC的长度等于四。"
  },
  {
    "start": 1314.5,
    "end": 1321.73,
    "speaker": "老师",
    "text": "那我们自然可以得到AC的长度和BC的长度是相等的，"
  },
  {
    "start": 1321.77,
    "end": 1324.05,
    "speaker": "老师",
    "text": "它也等于四角。"
  },
  {
    "start": 1324.05,
    "end": 1326.95,
    "speaker": "老师",
    "text": "C呢当然是九十度有直角，"
  },
  {
    "start": 1327.03,
    "end": 1332.89,
    "speaker": "老师",
    "text": "我们就可以利用呢勾股定理来求AB的长。"
  },
  {
    "start": 1332.89,
    "end": 1338.25,
    "speaker": "老师",
    "text": "Ab的长等于多少啊？"
  },
  {
    "start": 1338.25,
    "end": 1340.96,
    "speaker": "老师",
    "text": "它是等于根号AC的平方，"
  },
  {
    "start": 1343.65,
    "end": 1346.42,
    "speaker": "老师",
    "text": "加上一个BC的平方，"
  },
  {
    "start": 1346.42,
    "end": 1349.52,
    "speaker": "老师",
    "text": "也就等于多少呢？"
  },
  {
    "start": 1349.52,
    "end": 1355.58,
    "speaker": "老师",
    "text": "根号四的平方加上四的平方，"
  },
  {
    "start": 1355.58,
    "end": 1374.34,
    "speaker": "老师",
    "text": "等于根号三十二等于多少？"
  },
  {
    "start": 1375.45,
    "end": 1395.47,
    "speaker": "老师",
    "text": "四倍的根号二。"
  },
  {
    "start": 1395.55,
    "end": 1400.22,
    "speaker": "老师",
    "text": "所以这个第一个第一答案是四根号二，"
  },
  {
    "start": 1400.22,
    "end": 1401.6,
    "speaker": "老师",
    "text": "你做对了吗？"
  },
  {
    "start": 1401.64,
    "end": 1404.41,
    "speaker": "老师",
    "text": "再看一下第二题，"
  },
  {
    "start": 1404.49,
    "end": 1404.89,
    "speaker": "老师",
    "text": "如图，"
  },
  {
    "start": 1404.89,
    "end": 1408.03,
    "speaker": "老师",
    "text": "在三角形ABC中，"
  },
  {
    "start": 1408.05,
    "end": 1414.65,
    "speaker": "老师",
    "text": "AB等于AC等于十三，"
  },
  {
    "start": 1414.65,
    "end": 1416.05,
    "speaker": "老师",
    "text": "这都等于十三，"
  },
  {
    "start": 1416.25,
    "end": 1418.53,
    "speaker": "老师",
    "text": "BC的长度等于十，"
  },
  {
    "start": 1418.53,
    "end": 1421.63,
    "speaker": "老师",
    "text": "要求三角形ABC的面积要求它的面积。"
  },
  {
    "start": 1421.63,
    "end": 1429.75,
    "speaker": "老师",
    "text": "当然我们要求这个三角形的高高等于多少呢？"
  },
  {
    "start": 1429.77,
    "end": 1434.16,
    "speaker": "老师",
    "text": "首先我们过这个a点做BC的垂线，"
  },
  {
    "start": 1434.16,
    "end": 1436.58,
    "speaker": "老师",
    "text": "把这个高做出来。"
  },
  {
    "start": 1436.58,
    "end": 1438.82,
    "speaker": "老师",
    "text": "我不是爸嗯，"
  },
  {
    "start": 1440.81,
    "end": 1441.71,
    "speaker": "老师",
    "text": "不是好，"
  },
  {
    "start": 1441.71,
    "end": 1444.34,
    "speaker": "老师",
    "text": "因为AB和AC相等。"
  },
  {
    "start": 1447.27,
    "end": 1455.67,
    "speaker": "老师",
    "text": "这个AD是BC边的高等腰三角形的三线合一，"
  },
  {
    "start": 1455.67,
    "end": 1459.63,
    "speaker": "老师",
    "text": "所以BD和CD相等的都应该等于BC的一半。"
  },
  {
    "start": 1459.63,
    "end": 1462.88,
    "speaker": "老师",
    "text": "所以BD的长度等于几等于五好。"
  },
  {
    "start": 1463.72,
    "end": 1470.47,
    "speaker": "老师",
    "text": "这个AD和BD应该是垂直的这是一个直角三角形，"
  },
  {
    "start": 1470.47,
    "end": 1474.33,
    "speaker": "老师",
    "text": "三角形ABD是一个直角三角形啊，"
  },
  {
    "start": 1474.49,
    "end": 1479.3,
    "speaker": "老师",
    "text": "斜边知道了一条直角边知道了，"
  },
  {
    "start": 1479.3,
    "end": 1483.93,
    "speaker": "老师",
    "text": "那么AD的长度呢可以利用勾股定理来做，"
  },
  {
    "start": 1483.93,
    "end": 1489.2,
    "speaker": "老师",
    "text": "所以AD的长度应该等于多少？"
  },
  {
    "start": 1489.22,
    "end": 1490.14,
    "speaker": "老师",
    "text": "等于十二。"
  },
  {
    "start": 1490.14,
    "end": 1496.05,
    "speaker": "老师",
    "text": "因为五一十二一十三正好是一组勾股数，"
  },
  {
    "start": 1496.05,
    "end": 1500.95,
    "speaker": "老师",
    "text": "好AD的长度，"
  },
  {
    "start": 1500.95,
    "end": 1501.93,
    "speaker": "老师",
    "text": "求出来以后，"
  },
  {
    "start": 1501.93,
    "end": 1506.33,
    "speaker": "老师",
    "text": "那这个三角形ABC的面积等于多少呢？"
  },
  {
    "start": 1506.33,
    "end": 1510.18,
    "speaker": "老师",
    "text": "它应该等于底乘高，"
  },
  {
    "start": 1510.18,
    "end": 1512.66,
    "speaker": "老师",
    "text": "除二底是BC高，"
  },
  {
    "start": 1513.36,
    "end": 1516.42,
    "speaker": "老师",
    "text": "应该是AD除以个r等于多少？"
  },
  {
    "start": 1516.42,
    "end": 1520.7,
    "speaker": "老师",
    "text": "等于十乘上一个一十二除以一个二，"
  },
  {
    "start": 1520.7,
    "end": 1521.9,
    "speaker": "老师",
    "text": "结果等于六十。"
  },
  {
    "start": 1522.02,
    "end": 1526.64,
    "speaker": "老师",
    "text": "所以这个第二题，"
  },
  {
    "start": 1526.64,
    "end": 1528.42,
    "speaker": "老师",
    "text": "它的答案等于六十，"
  },
  {
    "start": 1528.42,
    "end": 1529.52,
    "speaker": "老师",
    "text": "你做对了吗？"
  },
  {
    "start": 1530.2,
    "end": 1533.43,
    "speaker": "老师",
    "text": "再看第三组，"
  },
  {
    "start": 1533.43,
    "end": 1535.57,
    "speaker": "老师",
    "text": "花一分钟的时间思考一下啊，"
  },
  {
    "start": 1535.57,
    "end": 1537.27,
    "speaker": "老师",
    "text": "思请你去这个不是嗯，"
  },
  {
    "start": 1537.27,
    "end": 1545.59,
    "speaker": "老师",
    "text": "这是你好时间到写出下列命题的逆命题，"
  },
  {
    "start": 1545.77,
    "end": 1548.51,
    "speaker": "老师",
    "text": "并写说出它们的真假。"
  },
  {
    "start": 1579.48,
    "end": 1590.41,
    "speaker": "老师",
    "text": "第一，"
  },
  {
    "start": 1606.55,
    "end": 1632.19,
    "speaker": "老师",
    "text": "四边形多边形这个的匿命题是什么呢？"
  },
  {
    "start": 1632.19,
    "end": 1634.33,
    "speaker": "老师",
    "text": "应该写成的是多边形，"
  },
  {
    "start": 1634.33,
    "end": 1636.91,
    "speaker": "老师",
    "text": "是四边形。"
  },
  {
    "start": 1636.91,
    "end": 1637.43,
    "speaker": "老师",
    "text": "第二个，"
  },
  {
    "start": 1637.43,
    "end": 1640.91,
    "speaker": "老师",
    "text": "两直线平行同旁内角互补，"
  },
  {
    "start": 1640.91,
    "end": 1644.73,
    "speaker": "老师",
    "text": "我要把条件和结论对调一下，"
  },
  {
    "start": 1644.73,
    "end": 1647.05,
    "speaker": "老师",
    "text": "它的逆命题应该是什么？"
  },
  {
    "start": 1647.05,
    "end": 1651.9,
    "speaker": "老师",
    "text": "应该是同慢的咬互部两直线平行。"
  },
  {
    "start": 1651.9,
    "end": 1654.0,
    "speaker": "老师",
    "text": "第三个若AB等于零，"
  },
  {
    "start": 1654.0,
    "end": 1657.08,
    "speaker": "老师",
    "text": "则a等于零b等于零。"
  },
  {
    "start": 1657.08,
    "end": 1663.41,
    "speaker": "老师",
    "text": "他的逆命题呢也是把条件结论对调变成了若a等于零，"
  },
  {
    "start": 1663.41,
    "end": 1665.69,
    "speaker": "老师",
    "text": "b等于零，"
  },
  {
    "start": 1665.69,
    "end": 1666.57,
    "speaker": "老师",
    "text": "则AB等于零。"
  },
  {
    "start": 1666.57,
    "end": 1666.93,
    "speaker": "老师",
    "text": "嗯，"
  },
  {
    "start": 1666.95,
    "end": 1667.23,
    "speaker": "老师",
    "text": "好，"
  },
  {
    "start": 1667.23,
    "end": 1668.37,
    "speaker": "老师",
    "text": "第一个是真命题吗？"
  },
  {
    "start": 1668.37,
    "end": 1669.57,
    "speaker": "老师",
    "text": "四边形是多边形，"
  },
  {
    "start": 1669.57,
    "end": 1669.99,
    "speaker": "老师",
    "text": "对吗？"
  },
  {
    "start": 1669.99,
    "end": 1678.27,
    "speaker": "老师",
    "text": "四边形当然是多边形三角形、四边形、五边形、六边形，"
  },
  {
    "start": 1678.27,
    "end": 1681.01,
    "speaker": "老师",
    "text": "它们都属于多边形，"
  },
  {
    "start": 1681.01,
    "end": 1685.04,
    "speaker": "老师",
    "text": "所以它是一个真命题。"
  },
  {
    "start": 1685.04,
    "end": 1687.98,
    "speaker": "老师",
    "text": "那反过来多边形就是四边形吗？"
  },
  {
    "start": 1687.98,
    "end": 1693.58,
    "speaker": "老师",
    "text": "规定因为多边形刚才说了包括了很多，"
  },
  {
    "start": 1693.58,
    "end": 1695.14,
    "speaker": "老师",
    "text": "所以它不一定是四边形，"
  },
  {
    "start": 1695.14,
    "end": 1697.54,
    "speaker": "老师",
    "text": "所以它是一个假命题。"
  },
  {
    "start": 1697.56,
    "end": 1704.51,
    "speaker": "老师",
    "text": "第三个两直线平行同旁内角互补，"
  },
  {
    "start": 1704.51,
    "end": 1707.51,
    "speaker": "老师",
    "text": "这是真命题吗？"
  },
  {
    "start": 1707.75,
    "end": 1708.49,
    "speaker": "老师",
    "text": "这是一条定理，"
  },
  {
    "start": 1708.49,
    "end": 1711.55,
    "speaker": "老师",
    "text": "它应该是真命题命，"
  },
  {
    "start": 1711.59,
    "end": 1714.03,
    "speaker": "老师",
    "text": "命题同旁内角互补，"
  },
  {
    "start": 1714.03,
    "end": 1716.85,
    "speaker": "老师",
    "text": "两之间平行。"
  },
  {
    "start": 1716.85,
    "end": 1718.93,
    "speaker": "老师",
    "text": "这也是一条定理，"
  },
  {
    "start": 1719.77,
    "end": 1723.21,
    "speaker": "老师",
    "text": "这个也是一个真命题。"
  },
  {
    "start": 1723.43,
    "end": 1726.58,
    "speaker": "老师",
    "text": "第三个若AB等于零，"
  },
  {
    "start": 1726.58,
    "end": 1728.04,
    "speaker": "老师",
    "text": "则a等于零b等于零。"
  },
  {
    "start": 1728.16,
    "end": 1735.22,
    "speaker": "老师",
    "text": "这是真命题假命题呢，"
  },
  {
    "start": 1735.22,
    "end": 1740.07,
    "speaker": "老师",
    "text": "这应该是一个假面骑。"
  },
  {
    "start": 1740.07,
    "end": 1772.83,
    "speaker": "老师",
    "text": "为什么这么说嘞？"
  },
  {
    "start": 1772.83,
    "end": 1791.79,
    "speaker": "老师",
    "text": "Ab等于零，"
  },
  {
    "start": 1793.02,
    "end": 1812.17,
    "speaker": "老师",
    "text": "那a和b里面只要有一个为零就够了，"
  },
  {
    "start": 1812.31,
    "end": 1814.47,
    "speaker": "老师",
    "text": "而这个要求是什么？"
  },
  {
    "start": 1814.47,
    "end": 1816.75,
    "speaker": "老师",
    "text": "Ab同时为零，"
  },
  {
    "start": 1816.75,
    "end": 1821.2,
    "speaker": "老师",
    "text": "所以它应该是一个假命题逆命题，"
  },
  {
    "start": 1821.2,
    "end": 1823.3,
    "speaker": "老师",
    "text": "若a等于零b等于零，"
  },
  {
    "start": 1823.3,
    "end": 1825.3,
    "speaker": "老师",
    "text": "则a乘上b等于零，"
  },
  {
    "start": 1825.3,
    "end": 1827.17,
    "speaker": "老师",
    "text": "对吗？"
  },
  {
    "start": 1827.17,
    "end": 1829.13,
    "speaker": "老师",
    "text": "是对的，"
  },
  {
    "start": 1829.25,
    "end": 1835.09,
    "speaker": "老师",
    "text": "因为a等于零b等于零两个零相乘肯定还是零，"
  },
  {
    "start": 1835.19,
    "end": 1837.83,
    "speaker": "老师",
    "text": "所以它应该是一个真命题。"
  },
  {
    "start": 1837.83,
    "end": 1841.89,
    "speaker": "老师",
    "text": "再看一下第四题，"
  },
  {
    "start": 1841.89,
    "end": 1846.66,
    "speaker": "老师",
    "text": "我们也花两分钟时间思考一下。"
  },
  {
    "start": 1846.66,
    "end": 1847.29,
    "speaker": "老师",
    "text": "嗯嗯，"
  },
  {
    "start": 1848.72,
    "end": 1850.26,
    "speaker": "老师",
    "text": "一行。"
  },
  {
    "start": 1850.26,
    "end": 1850.7,
    "speaker": "老师",
    "text": "对嗯，"
  },
  {
    "start": 1850.7,
    "end": 1851.02,
    "speaker": "老师",
    "text": "好，"
  },
  {
    "start": 1851.02,
    "end": 1857.88,
    "speaker": "老师",
    "text": "我们要证明这个请备三角形a我们要证明这个AB和AC相等。"
  },
  {
    "start": 1858.72,
    "end": 1861.94,
    "speaker": "老师",
    "text": "其实从题目里面就可以看出来，"
  },
  {
    "start": 1861.94,
    "end": 1865.3,
    "speaker": "老师",
    "text": "这个AB是等于一十三厘米，"
  },
  {
    "start": 1865.3,
    "end": 1868.66,
    "speaker": "老师",
    "text": "BC等于十厘米。"
  },
  {
    "start": 1868.66,
    "end": 1870.48,
    "speaker": "老师",
    "text": "Ad是等于是BC边的中线，"
  },
  {
    "start": 1871.14,
    "end": 1875.39,
    "speaker": "老师",
    "text": "AD的长度呢等于一十二，"
  },
  {
    "start": 1875.39,
    "end": 1876.55,
    "speaker": "老师",
    "text": "那它是中线。"
  },
  {
    "start": 1877.97,
    "end": 1879.91,
    "speaker": "老师",
    "text": "如果能够证明它垂直，"
  },
  {
    "start": 1880.88,
    "end": 1884.19,
    "speaker": "老师",
    "text": "那这个题目呢就可以做出来了。"
  },
  {
    "start": 1885.07,
    "end": 1890.12,
    "speaker": "老师",
    "text": "那能不能证明它垂直呢？"
  },
  {
    "start": 1890.12,
    "end": 1893.5,
    "speaker": "老师",
    "text": "那BD是中线，"
  },
  {
    "start": 1893.54,
    "end": 1896.7,
    "speaker": "老师",
    "text": "BD应该等于BC的一半，"
  },
  {
    "start": 1896.7,
    "end": 1899.58,
    "speaker": "老师",
    "text": "应该等于五了，"
  },
  {
    "start": 1899.58,
    "end": 1900.48,
    "speaker": "老师",
    "text": "AD等于十二，"
  },
  {
    "start": 1900.48,
    "end": 1903.08,
    "speaker": "老师",
    "text": "这个一十三正好是一组。"
  },
  {
    "start": 1903.08,
    "end": 1905.98,
    "speaker": "老师",
    "text": "勾股数是直角三角形，"
  },
  {
    "start": 1905.98,
    "end": 1911.68,
    "speaker": "老师",
    "text": "所以这个AD是垂直的，"
  },
  {
    "start": 1911.68,
    "end": 1914.08,
    "speaker": "老师",
    "text": "所以题目呢就迎刃而解了。"
  },
  {
    "start": 1914.08,
    "end": 1914.34,
    "speaker": "老师",
    "text": "好啊，"
  },
  {
    "start": 1914.34,
    "end": 1915.56,
    "speaker": "老师",
    "text": "因为AD是BC的中线，"
  },
  {
    "start": 1915.56,
    "end": 1920.36,
    "speaker": "老师",
    "text": "所以这个BD等于CD等于二分之一个BC等于五厘米。"
  },
  {
    "start": 1920.36,
    "end": 1926.45,
    "speaker": "老师",
    "text": "又因为AB等于十三厘米，"
  },
  {
    "start": 1926.45,
    "end": 1928.11,
    "speaker": "老师",
    "text": "AB是等于十二厘米。"
  },
  {
    "start": 1928.11,
    "end": 1933.33,
    "speaker": "老师",
    "text": "所以这个嘞BD的平方和AD的平方加在一起，"
  },
  {
    "start": 1933.33,
    "end": 1938.18,
    "speaker": "老师",
    "text": "正好等于呢AB的平方，"
  },
  {
    "start": 1938.18,
    "end": 1943.3,
    "speaker": "老师",
    "text": "就说明这个三角形ABD是直角三角形。"
  },
  {
    "start": 1943.3,
    "end": 1947.28,
    "speaker": "老师",
    "text": "这个AD和BC是互相垂直的，"
  },
  {
    "start": 1947.42,
    "end": 1951.4,
    "speaker": "老师",
    "text": "垂直以后就说明一个什么问题呢？"
  },
  {
    "start": 1951.4,
    "end": 1956.59,
    "speaker": "老师",
    "text": "刚才这里BC和AD是垂直AD,"
  },
  {
    "start": 1956.61,
    "end": 1957.63,
    "speaker": "老师",
    "text": "又是BC的中线，"
  },
  {
    "start": 1957.63,
    "end": 1961.88,
    "speaker": "老师",
    "text": "就说明AB是BC的垂直平分线，"
  },
  {
    "start": 1961.88,
    "end": 1963.54,
    "speaker": "老师",
    "text": "从而就说明什么？"
  },
  {
    "start": 1963.54,
    "end": 1966.81,
    "speaker": "老师",
    "text": "这个AB等于AC啊，"
  },
  {
    "start": 1966.81,
    "end": 1971.95,
    "speaker": "老师",
    "text": "垂直平面线上点到两个端点的距离是相等的。"
  },
  {
    "start": 1971.95,
    "end": 1976.35,
    "speaker": "老师",
    "text": "再我们看一下这个第五题要花两分钟的时间思考一下，"
  },
  {
    "start": 1976.75,
    "end": 1977.13,
    "speaker": "老师",
    "text": "对，"
  },
  {
    "start": 1977.13,
    "end": 1979.99,
    "speaker": "老师",
    "text": "欺天，"
  },
  {
    "start": 1979.99,
    "end": 1980.66,
    "speaker": "老师",
    "text": "谢谢。"
  },
  {
    "start": 1985.85,
    "end": 1990.44,
    "speaker": "老师",
    "text": "你是嗯是嗯洗澡看好，"
  },
  {
    "start": 1990.46,
    "end": 1995.93,
    "speaker": "老师",
    "text": "我们来分析一下这个题目。"
  },
  {
    "start": 1995.93,
    "end": 1998.17,
    "speaker": "老师",
    "text": "在三角形ABC当中，"
  },
  {
    "start": 1998.17,
    "end": 1999.81,
    "speaker": "老师",
    "text": "角c等于九十度，"
  },
  {
    "start": 1999.81,
    "end": 2004.89,
    "speaker": "老师",
    "text": "d点是BC边上的一点。"
  },
  {
    "start": 2004.95,
    "end": 2008.91,
    "speaker": "老师",
    "text": "这里AD和BD是相等的，"
  },
  {
    "start": 2008.91,
    "end": 2010.51,
    "speaker": "老师",
    "text": "AD的长度等于八，"
  },
  {
    "start": 2010.51,
    "end": 2011.87,
    "speaker": "老师",
    "text": "BD的长度等于五，"
  },
  {
    "start": 2011.87,
    "end": 2019.11,
    "speaker": "老师",
    "text": "我们要求CD的长度AB知道吗？"
  },
  {
    "start": 2019.11,
    "end": 2023.06,
    "speaker": "老师",
    "text": "Ad和BD是相等的，"
  },
  {
    "start": 2023.24,
    "end": 2024.36,
    "speaker": "老师",
    "text": "它也等于五。"
  },
  {
    "start": 2024.36,
    "end": 2026.8,
    "speaker": "老师",
    "text": "所以我们要求CD的长度。"
  },
  {
    "start": 2026.8,
    "end": 2029.76,
    "speaker": "老师",
    "text": "其实如果把AC的长度求出来了，"
  },
  {
    "start": 2029.76,
    "end": 2038.68,
    "speaker": "老师",
    "text": "那么CD的长度根据勾股定理去求出来的。"
  },
  {
    "start": 2038.68,
    "end": 2040.46,
    "speaker": "老师",
    "text": "但是AC怎么求呢？"
  },
  {
    "start": 2040.46,
    "end": 2041.04,
    "speaker": "老师",
    "text": "好，"
  },
  {
    "start": 2041.06,
    "end": 2043.44,
    "speaker": "老师",
    "text": "AC从这里看呢，"
  },
  {
    "start": 2043.44,
    "end": 2051.04,
    "speaker": "老师",
    "text": "它应该是这个三角形ABD上的高。"
  },
  {
    "start": 2051.04,
    "end": 2057.4,
    "speaker": "老师",
    "text": "如果说能够把三角形ABD的面积求出来，"
  },
  {
    "start": 2058.42,
    "end": 2067.2,
    "speaker": "老师",
    "text": "那BD底边乘上高除以二就等于三角形ABD的面积吧。"
  },
  {
    "start": 2067.44,
    "end": 2071.12,
    "speaker": "老师",
    "text": "那三角形ABD的面积又怎么求呢？"
  },
  {
    "start": 2071.12,
    "end": 2076.52,
    "speaker": "老师",
    "text": "这里告诉了这个AB的长度是等于八的，"
  },
  {
    "start": 2076.52,
    "end": 2079.96,
    "speaker": "老师",
    "text": "BD的长度等于五的，"
  },
  {
    "start": 2079.96,
    "end": 2086.05,
    "speaker": "老师",
    "text": "它的高能求出来吗？"
  },
  {
    "start": 2086.31,
    "end": 2086.63,
    "speaker": "老师",
    "text": "好，"
  },
  {
    "start": 2086.63,
    "end": 2088.87,
    "speaker": "老师",
    "text": "我们做一个稿，"
  },
  {
    "start": 2088.87,
    "end": 2090.57,
    "speaker": "老师",
    "text": "看一下过这个地点，"
  },
  {
    "start": 2090.57,
    "end": 2092.89,
    "speaker": "老师",
    "text": "做这个DE和AB时垂直，"
  },
  {
    "start": 2092.58,
    "end": 2092.89,
    "speaker": "老师",
    "text": "这是高BD等于五b等于多少呢？"
  },
  {
    "start": 2092.58,
    "end": 2092.89,
    "speaker": "老师",
    "text": "哦，"
  },
  {
    "start": 2092.58,
    "end": 2092.89,
    "speaker": "老师",
    "text": "这个AD和DE是相DB是相等的，"
  },
  {
    "start": 2092.58,
    "end": 2092.89,
    "speaker": "老师",
    "text": "等腰三角形三线合一，"
  },
  {
    "start": 2092.58,
    "end": 2092.89,
    "speaker": "老师",
    "text": "所以这个e点应该是AB上的中点。"
  },
  {
    "start": 2092.58,
    "end": 2092.89,
    "speaker": "老师",
    "text": "那么BE应该等于四哦，"
  },
  {
    "start": 2092.58,
    "end": 2092.89,
    "speaker": "老师",
    "text": "从而这个DE的长度就求出来了啊。"
  },
  {
    "start": 2092.58,
    "end": 2092.89,
    "speaker": "老师",
    "text": "这个呢AD等于BD等于五的，"
  },
  {
    "start": 2092.58,
    "end": 2092.89,
    "speaker": "老师",
    "text": "AB等于八，"
  },
  {
    "start": 2092.58,
    "end": 2092.89,
    "speaker": "老师",
    "text": "所以这个b一的长度等于二分之一个AB等于四。"
  },
  {
    "start": 2092.58,
    "end": 2092.89,
    "speaker": "老师",
    "text": "然后呢根据勾股定理可以得到这个d的长度等于三，"
  },
  {
    "start": 2092.58,
    "end": 2092.89,
    "speaker": "老师",
    "text": "勾三股四弦五好。"
  },
  {
    "start": 2092.58,
    "end": 2092.89,
    "speaker": "老师",
    "text": "所以这个三角形ABD的面积等于什么？"
  },
  {
    "start": 2092.58,
    "end": 2092.89,
    "speaker": "老师",
    "text": "它可以等于底乘高BD乘上AC除以二，"
  },
  {
    "start": 2092.58,
    "end": 2092.89,
    "speaker": "老师",
    "text": "也可以等于AB乘上DE除以二，"
  },
  {
    "start": 2092.58,
    "end": 2092.89,
    "speaker": "老师",
    "text": "可以得到什么分母二和二，"
  },
  {
    "start": 2092.58,
    "end": 2092.89,
    "speaker": "老师",
    "text": "约掉BD乘DC呃，"
  },
  {
    "start": 2092.58,
    "end": 2092.89,
    "speaker": "老师",
    "text": "乘AC,"
  },
  {
    "start": 2092.58,
    "end": 2092.89,
    "speaker": "老师",
    "text": "也就是五倍的AC,"
  },
  {
    "start": 2092.58,
    "end": 2092.89,
    "speaker": "老师",
    "text": "等于AB乘上DE,"
  },
  {
    "start": 2092.58,
    "end": 2092.89,
    "speaker": "老师",
    "text": "就是八乘上一个三，"
  },
  {
    "start": 2092.58,
    "end": 2092.89,
    "speaker": "老师",
    "text": "从而可以求出AC的长度等于四点八。"
  },
  {
    "start": 2092.58,
    "end": 2092.89,
    "speaker": "老师",
    "text": "好，"
  },
  {
    "start": 2092.58,
    "end": 2092.89,
    "speaker": "老师",
    "text": "AC的长度等于四点八。"
  },
  {
    "start": 2092.58,
    "end": 2092.89,
    "speaker": "老师",
    "text": "那么CD的长度等于多少呢？"
  },
  {
    "start": 2092.58,
    "end": 2092.89,
    "speaker": "老师",
    "text": "好，"
  },
  {
    "start": 2092.58,
    "end": 2092.89,
    "speaker": "老师",
    "text": "这个是可以根据什么勾股定理可以得到，"
  },
  {
    "start": 2092.58,
    "end": 2092.89,
    "speaker": "老师",
    "text": "这是直角三角形。"
  },
  {
    "start": 2092.58,
    "end": 2092.89,
    "speaker": "老师",
    "text": "那么CD的长度呢，"
  },
  {
    "start": 2092.58,
    "end": 2092.89,
    "speaker": "老师",
    "text": "它可以等于根号AB的平方，"
  },
  {
    "start": 2092.58,
    "end": 2092.89,
    "speaker": "老师",
    "text": "减AC的平方也就等于根号五的平方，"
  },
  {
    "start": 2092.58,
    "end": 2092.89,
    "speaker": "老师",
    "text": "减四点八的平方。"
  },
  {
    "start": 2092.58,
    "end": 2092.89,
    "speaker": "老师",
    "text": "这里其实算出来等于一点四，"
  },
  {
    "start": 2092.58,
    "end": 2092.89,
    "speaker": "老师",
    "text": "你做对了吗？"
  },
  {
    "start": 2092.58,
    "end": 2092.89,
    "speaker": "老师",
    "text": "是通过今天的学习，"
  },
  {
    "start": 2092.58,
    "end": 2092.89,
    "speaker": "老师",
    "text": "你学到了什么？"
  },
  {
    "start": 2092.58,
    "end": 2092.89,
    "speaker": "老师",
    "text": "那就是我们学的内容呢应该有第一勾股定理的逆定理。"
  },
  {
    "start": 2092.58,
    "end": 2092.89,
    "speaker": "老师",
    "text": "还记得它的内容吗？"
  },
  {
    "start": 2092.58,
    "end": 2092.89,
    "speaker": "老师",
    "text": "它的内容是，"
  },
  {
    "start": 2092.58,
    "end": 2092.89,
    "speaker": "老师",
    "text": "如果一个三角形的两边的有两边的平方和，"
  },
  {
    "start": 2092.58,
    "end": 2092.89,
    "speaker": "老师",
    "text": "等于第三边的平方，"
  },
  {
    "start": 2092.58,
    "end": 2092.89,
    "speaker": "老师",
    "text": "那么这个三角形是直角三角形互逆命题。"
  },
  {
    "start": 2092.58,
    "end": 2092.89,
    "speaker": "老师",
    "text": "如果一个命题它的原命题的条件是逆命题的结论，"
  },
  {
    "start": 2092.58,
    "end": 2092.89,
    "speaker": "老师",
    "text": "原命题的结论呢是逆命题的条件。"
  },
  {
    "start": 2092.58,
    "end": 2092.89,
    "speaker": "老师",
    "text": "那么这两个命题我们就把它叫做互逆命题。"
  },
  {
    "start": 2092.58,
    "end": 2092.89,
    "speaker": "老师",
    "text": "第三个，"
  },
  {
    "start": 2092.58,
    "end": 2092.89,
    "speaker": "老师",
    "text": "如果一个定理，"
  },
  {
    "start": 2092.58,
    "end": 2092.89,
    "speaker": "老师",
    "text": "它的逆命题经过证明以后是一个真命题，"
  },
  {
    "start": 2092.58,
    "end": 2092.89,
    "speaker": "老师",
    "text": "那我们讲这个命题也可以叫做逆定理。"
  },
  {
    "start": 2092.58,
    "end": 2092.89,
    "speaker": "老师",
    "text": "第二，"
  },
  {
    "start": 2092.58,
    "end": 2092.89,
    "speaker": "老师",
    "text": "通过今天的学习，"
  },
  {
    "start": 2092.58,
    "end": 2092.89,
    "speaker": "老师",
    "text": "你悟到了什么？"
  },
  {
    "start": 2092.58,
    "end": 2092.89,
    "speaker": "老师",
    "text": "亲，"
  },
  {
    "start": 2092.58,
    "end": 2092.89,
    "speaker": "老师",
    "text": "弄清楚，"
  },
  {
    "start": 2092.58,
    "end": 2092.89,
    "speaker": "老师",
    "text": "证明一个命题，"
  },
  {
    "start": 2092.58,
    "end": 2092.89,
    "speaker": "老师",
    "text": "它的一般步骤应该是解题的关键。"
  },
  {
    "start": 2092.58,
    "end": 2092.89,
    "speaker": "老师",
    "text": "那它的步骤是什么呀？"
  },
  {
    "start": 2092.58,
    "end": 2092.89,
    "speaker": "老师",
    "text": "第一，"
  },
  {
    "start": 2092.58,
    "end": 2092.89,
    "speaker": "老师",
    "text": "弄清楚提示和结论。"
  },
  {
    "start": 2092.58,
    "end": 2092.89,
    "speaker": "老师",
    "text": "第二，"
  },
  {
    "start": 2092.58,
    "end": 2092.89,
    "speaker": "老师",
    "text": "根据题意画出相应的图形。"
  },
  {
    "start": 2092.58,
    "end": 2092.89,
    "speaker": "老师",
    "text": "第三，"
  },
  {
    "start": 2092.58,
    "end": 2092.89,
    "speaker": "老师",
    "text": "根据题设和结论，"
  },
  {
    "start": 2092.58,
    "end": 2092.89,
    "speaker": "老师",
    "text": "写出已知和求证。"
  },
  {
    "start": 2092.58,
    "end": 2092.89,
    "speaker": "老师",
    "text": "第四，"
  },
  {
    "start": 2092.58,
    "end": 2092.89,
    "speaker": "老师",
    "text": "分析证明思路，"
  },
  {
    "start": 2092.58,
    "end": 2092.89,
    "speaker": "老师",
    "text": "写出证明过程，"
  },
  {
    "start": 2092.58,
    "end": 2092.89,
    "speaker": "老师",
    "text": "这是我们今天的作业。"
  },
  {
    "start": 2092.58,
    "end": 2092.89,
    "speaker": "老师",
    "text": "好，"
  },
  {
    "start": 2092.58,
    "end": 2092.89,
    "speaker": "老师",
    "text": "今天的课就上到这里，"
  },
  {
    "start": 2092.58,
    "end": 2092.89,
    "speaker": "老师",
    "text": "同学们再见，"
  },
  {
    "start": 2092.58,
    "end": 2092.89,
    "speaker": "老师",
    "text": "请你。"
  }
]