[
  {
    "start": 9.14,
    "end": 11.19,
    "speaker": "老师",
    "text": "大家好，"
  },
  {
    "start": 11.19,
    "end": 15.39,
    "speaker": "老师",
    "text": "第四章因式分解同学们已经学习完毕。"
  },
  {
    "start": 15.39,
    "end": 16.93,
    "speaker": "老师",
    "text": "本节课，"
  },
  {
    "start": 16.93,
    "end": 23.87,
    "speaker": "老师",
    "text": "我们将对这一章进行回顾与思考。"
  },
  {
    "start": 24.07,
    "end": 29.24,
    "speaker": "老师",
    "text": "我们将从以下四个方面进行复习，"
  },
  {
    "start": 29.26,
    "end": 29.9,
    "speaker": "老师",
    "text": "分别是，"
  },
  {
    "start": 29.9,
    "end": 33.86,
    "speaker": "老师",
    "text": "一因式分解的定义。"
  },
  {
    "start": 34.24,
    "end": 36.74,
    "speaker": "老师",
    "text": "二、提供因式法，"
  },
  {
    "start": 38.84,
    "end": 39.66,
    "speaker": "老师",
    "text": "三公式法。"
  },
  {
    "start": 39.66,
    "end": 40.68,
    "speaker": "老师",
    "text": "四综合运用。"
  },
  {
    "start": 40.68,
    "end": 47.93,
    "speaker": "老师",
    "text": "我们先来看因式分解的定义，"
  },
  {
    "start": 47.93,
    "end": 55.78,
    "speaker": "老师",
    "text": "把一个多项式化成几个整式的集的形式，"
  },
  {
    "start": 55.78,
    "end": 58.87,
    "speaker": "老师",
    "text": "叫做多项式的因式分解。"
  },
  {
    "start": 62.25,
    "end": 69.63,
    "speaker": "老师",
    "text": "G一个多项式化成几个整式的积好，"
  },
  {
    "start": 69.63,
    "end": 70.73,
    "speaker": "老师",
    "text": "左边是多项式，"
  },
  {
    "start": 70.73,
    "end": 75.78,
    "speaker": "老师",
    "text": "右边是几个整式的集。"
  },
  {
    "start": 75.78,
    "end": 80.31,
    "speaker": "老师",
    "text": "那么这样的一个变形称之为因式分解。"
  },
  {
    "start": 80.81,
    "end": 85.75,
    "speaker": "老师",
    "text": "那么反过来呢，"
  },
  {
    "start": 85.75,
    "end": 92.09,
    "speaker": "老师",
    "text": "几个整式的积化成一个多项式又是什么？"
  },
  {
    "start": 92.09,
    "end": 93.15,
    "speaker": "老师",
    "text": "很好？"
  },
  {
    "start": 93.15,
    "end": 100.29,
    "speaker": "老师",
    "text": "这个是我们之前所学的整式乘法，"
  },
  {
    "start": 100.29,
    "end": 105.06,
    "speaker": "老师",
    "text": "所以因式分解是整式乘法的逆运算。"
  },
  {
    "start": 105.08,
    "end": 105.42,
    "speaker": "老师",
    "text": "好，"
  },
  {
    "start": 105.42,
    "end": 113.07,
    "speaker": "老师",
    "text": "关于因式分解老师还要强调一下，"
  },
  {
    "start": 113.07,
    "end": 121.19,
    "speaker": "老师",
    "text": "因式分解必须分解到每个因式不能再分解为止。"
  },
  {
    "start": 121.31,
    "end": 121.73,
    "speaker": "老师",
    "text": "好，"
  },
  {
    "start": 121.73,
    "end": 136.32,
    "speaker": "老师",
    "text": "接下来呢通过一道例习来巩固一下因式分解的定义。"
  },
  {
    "start": 137.06,
    "end": 140.78,
    "speaker": "老师",
    "text": "下列各式从左到右，"
  },
  {
    "start": 140.78,
    "end": 144.04,
    "speaker": "老师",
    "text": "哪些是因式分解？"
  },
  {
    "start": 145.83,
    "end": 146.83,
    "speaker": "老师",
    "text": "为什么？"
  },
  {
    "start": 146.85,
    "end": 147.31,
    "speaker": "老师",
    "text": "好，"
  },
  {
    "start": 147.31,
    "end": 152.99,
    "speaker": "老师",
    "text": "第一题是左边是多项式，"
  },
  {
    "start": 153.05,
    "end": 156.07,
    "speaker": "老师",
    "text": "右边是整式的成绩。"
  },
  {
    "start": 156.11,
    "end": 160.28,
    "speaker": "老师",
    "text": "第二题不是因式分解啊，"
  },
  {
    "start": 160.28,
    "end": 166.75,
    "speaker": "老师",
    "text": "右边不是整式的乘积。"
  },
  {
    "start": 166.77,
    "end": 167.81,
    "speaker": "老师",
    "text": "第三题，"
  },
  {
    "start": 167.91,
    "end": 172.9,
    "speaker": "老师",
    "text": "x平方加四x加四等于x加二括号的平方，"
  },
  {
    "start": 173.12,
    "end": 175.4,
    "speaker": "老师",
    "text": "这个是因式分解。"
  },
  {
    "start": 175.4,
    "end": 180.77,
    "speaker": "老师",
    "text": "好，"
  },
  {
    "start": 181.15,
    "end": 182.17,
    "speaker": "老师",
    "text": "第四个不是啊，"
  },
  {
    "start": 182.19,
    "end": 184.43,
    "speaker": "老师",
    "text": "因为右边不是整式的成绩。"
  },
  {
    "start": 184.57,
    "end": 190.43,
    "speaker": "老师",
    "text": "那么我们第二个和第四个其实是什么？"
  },
  {
    "start": 190.43,
    "end": 195.26,
    "speaker": "老师",
    "text": "整式的乘法运算。"
  },
  {
    "start": 195.26,
    "end": 195.62,
    "speaker": "老师",
    "text": "好，"
  },
  {
    "start": 195.62,
    "end": 198.64,
    "speaker": "老师",
    "text": "因式分解的定义就复习到这里。"
  },
  {
    "start": 198.64,
    "end": 203.97,
    "speaker": "老师",
    "text": "接下来我们来看一下因式分解的常见方法。"
  },
  {
    "start": 203.97,
    "end": 206.81,
    "speaker": "老师",
    "text": "首先我们先来看提公因式法，"
  },
  {
    "start": 206.81,
    "end": 216.4,
    "speaker": "老师",
    "text": "如果多项式的各项有公因式，"
  },
  {
    "start": 216.48,
    "end": 228.66,
    "speaker": "老师",
    "text": "我们可以把这个公因式提到括号外面将多项式写成乘积的形式。"
  },
  {
    "start": 228.66,
    "end": 238.25,
    "speaker": "老师",
    "text": "这种分解因式的方法叫做提公因式法。"
  },
  {
    "start": 238.29,
    "end": 256.19,
    "speaker": "老师",
    "text": "那么MA加上MB加上MC等于m括号，"
  },
  {
    "start": 256.19,
    "end": 266.58,
    "speaker": "老师",
    "text": "a加b加c括号，"
  },
  {
    "start": 269.24,
    "end": 273.54,
    "speaker": "老师",
    "text": "这个是提公因式法的数学语言。"
  },
  {
    "start": 274.0,
    "end": 279.78,
    "speaker": "老师",
    "text": "那么这里面的m就是公因式。"
  },
  {
    "start": 279.78,
    "end": 280.14,
    "speaker": "老师",
    "text": "好，"
  },
  {
    "start": 280.14,
    "end": 286.57,
    "speaker": "老师",
    "text": "接下来找出下列各多项式中各项的公因式。"
  },
  {
    "start": 286.57,
    "end": 286.81,
    "speaker": "老师",
    "text": "好，"
  },
  {
    "start": 286.81,
    "end": 288.87,
    "speaker": "老师",
    "text": "我们来对一下答案。"
  },
  {
    "start": 288.87,
    "end": 289.17,
    "speaker": "老师",
    "text": "好，"
  },
  {
    "start": 289.17,
    "end": 292.63,
    "speaker": "老师",
    "text": "第一题答案是二AB."
  },
  {
    "start": 293.51,
    "end": 295.35,
    "speaker": "老师",
    "text": "我们首先看系数部分。"
  },
  {
    "start": 295.35,
    "end": 297.55,
    "speaker": "老师",
    "text": "那么系数部分，"
  },
  {
    "start": 297.55,
    "end": 304.2,
    "speaker": "老师",
    "text": "多项式各项系数的最大公约数，"
  },
  {
    "start": 304.22,
    "end": 307.18,
    "speaker": "老师",
    "text": "作为公因式的系数二和四，"
  },
  {
    "start": 307.36,
    "end": 311.48,
    "speaker": "老师",
    "text": "最大公因数是二，"
  },
  {
    "start": 311.48,
    "end": 319.72,
    "speaker": "老师",
    "text": "所以公因式的系数部分是二。"
  },
  {
    "start": 319.88,
    "end": 321.52,
    "speaker": "老师",
    "text": "接下来看字母部分，"
  },
  {
    "start": 321.58,
    "end": 326.91,
    "speaker": "老师",
    "text": "多项式各项都含有的相同，"
  },
  {
    "start": 326.91,
    "end": 329.6,
    "speaker": "老师",
    "text": "字母的最低次幂提取出来。"
  },
  {
    "start": 329.6,
    "end": 334.34,
    "speaker": "老师",
    "text": "好a和a相同b平方和b相同啊，"
  },
  {
    "start": 334.34,
    "end": 339.52,
    "speaker": "老师",
    "text": "所以呢我们选择最低次幂AB水继一坛二AB."
  },
  {
    "start": 339.52,
    "end": 340.4,
    "speaker": "老师",
    "text": "第二点，"
  },
  {
    "start": 340.4,
    "end": 344.71,
    "speaker": "老师",
    "text": "有负号的情况啊，"
  },
  {
    "start": 344.71,
    "end": 348.66,
    "speaker": "老师",
    "text": "第一项系统是负数时，"
  },
  {
    "start": 349.0,
    "end": 351.52,
    "speaker": "老师",
    "text": "应将负号提出。"
  },
  {
    "start": 352.68,
    "end": 356.24,
    "speaker": "老师",
    "text": "第二题必须将负号提出。"
  },
  {
    "start": 356.24,
    "end": 359.86,
    "speaker": "老师",
    "text": "那么我们再来看字母的情况，"
  },
  {
    "start": 359.86,
    "end": 369.7,
    "speaker": "老师",
    "text": "m平方NM三次方选择m的平方n三次方n平方选择n平方，"
  },
  {
    "start": 372.01,
    "end": 376.77,
    "speaker": "老师",
    "text": "所以答案是负m平方n平方。"
  },
  {
    "start": 376.97,
    "end": 383.94,
    "speaker": "老师",
    "text": "你那里第三题的情况还是从系数开始，"
  },
  {
    "start": 383.94,
    "end": 392.48,
    "speaker": "老师",
    "text": "二六最大公约数啊，"
  },
  {
    "start": 392.48,
    "end": 394.08,
    "speaker": "老师",
    "text": "相同字母XX平方，"
  },
  {
    "start": 394.08,
    "end": 406.44,
    "speaker": "老师",
    "text": "选择最低次幂x那么这里面还有一个因式是多项式的情况。"
  },
  {
    "start": 407.73,
    "end": 420.2,
    "speaker": "老师",
    "text": "X括号、x加y括号和括号x加y括号的平方。"
  },
  {
    "start": 420.96,
    "end": 426.58,
    "speaker": "老师",
    "text": "那么我们选择最低次幂括号x加y括号，"
  },
  {
    "start": 426.94,
    "end": 433.41,
    "speaker": "老师",
    "text": "所以最后的公因式是二乘x乘以括号x加y括号。"
  },
  {
    "start": 433.41,
    "end": 433.77,
    "speaker": "老师",
    "text": "好，"
  },
  {
    "start": 433.77,
    "end": 443.01,
    "speaker": "老师",
    "text": "接下来呢我们来通过几道题目来进一步巩固一下题公因式法。"
  },
  {
    "start": 443.01,
    "end": 443.45,
    "speaker": "老师",
    "text": "好，"
  },
  {
    "start": 443.45,
    "end": 447.23,
    "speaker": "老师",
    "text": "我们先来看第一题。"
  },
  {
    "start": 447.43,
    "end": 449.01,
    "speaker": "老师",
    "text": "第一题比较简单，"
  },
  {
    "start": 449.01,
    "end": 453.54,
    "speaker": "老师",
    "text": "首先看他的各项的系数六九三啊，"
  },
  {
    "start": 453.6,
    "end": 470.92,
    "speaker": "老师",
    "text": "所以它的系数最大公约数三再看相同字母x三次方x平方x平方最低是x平方y平方y三次方y平方最低。"
  },
  {
    "start": 470.92,
    "end": 473.39,
    "speaker": "老师",
    "text": "四外品牌啊，"
  },
  {
    "start": 473.39,
    "end": 477.44,
    "speaker": "老师",
    "text": "所以我们得到答案。"
  },
  {
    "start": 477.44,
    "end": 479.22,
    "speaker": "老师",
    "text": "三x平方y平方，"
  },
  {
    "start": 479.22,
    "end": 482.8,
    "speaker": "老师",
    "text": "这是它的公因式，"
  },
  {
    "start": 483.22,
    "end": 486.07,
    "speaker": "老师",
    "text": "把剩下的部分啊，"
  },
  {
    "start": 486.07,
    "end": 491.23,
    "speaker": "老师",
    "text": "各项剩下的部分用括号括起来。"
  },
  {
    "start": 491.23,
    "end": 494.09,
    "speaker": "老师",
    "text": "这里面老师强调一下，"
  },
  {
    "start": 494.09,
    "end": 495.73,
    "speaker": "老师",
    "text": "最后一项提完以后，"
  },
  {
    "start": 497.16,
    "end": 501.7,
    "speaker": "老师",
    "text": "如果这个一希望同学们把这个一注意一下，"
  },
  {
    "start": 501.8,
    "end": 506.95,
    "speaker": "老师",
    "text": "很多同学在提供因式时会将这个一遗漏。"
  },
  {
    "start": 506.95,
    "end": 507.37,
    "speaker": "老师",
    "text": "好，"
  },
  {
    "start": 507.57,
    "end": 510.27,
    "speaker": "老师",
    "text": "我们再来看第二题。"
  },
  {
    "start": 510.27,
    "end": 513.79,
    "speaker": "老师",
    "text": "第二题和第三题跟第一题的区别在于，"
  },
  {
    "start": 513.83,
    "end": 516.13,
    "speaker": "老师",
    "text": "它们的公因式是什么？"
  },
  {
    "start": 516.35,
    "end": 518.77,
    "speaker": "老师",
    "text": "是个多项式啊，"
  },
  {
    "start": 518.85,
    "end": 524.5,
    "speaker": "老师",
    "text": "是个多项式。"
  },
  {
    "start": 524.5,
    "end": 530.82,
    "speaker": "老师",
    "text": "而且第二题和第三题，"
  },
  {
    "start": 530.82,
    "end": 534.48,
    "speaker": "老师",
    "text": "他们一开始是没有公因式的，"
  },
  {
    "start": 535.56,
    "end": 537.7,
    "speaker": "老师",
    "text": "需要我们通过适当的变形。"
  },
  {
    "start": 538.46,
    "end": 539.08,
    "speaker": "老师",
    "text": "好，"
  },
  {
    "start": 539.08,
    "end": 541.2,
    "speaker": "老师",
    "text": "我们先来看第二题，"
  },
  {
    "start": 541.24,
    "end": 558.29,
    "speaker": "老师",
    "text": "p乘以括号y减x括号减去q乘以括号x减y括号我们观察到y减x和x减y是互为相反数的。"
  },
  {
    "start": 558.63,
    "end": 566.37,
    "speaker": "老师",
    "text": "所以我们只需要将括号前面的符号变成正号，"
  },
  {
    "start": 566.37,
    "end": 571.52,
    "speaker": "老师",
    "text": "那么就可以将x减y化成和y减x相同。"
  },
  {
    "start": 571.52,
    "end": 571.86,
    "speaker": "老师",
    "text": "好，"
  },
  {
    "start": 572.02,
    "end": 574.46,
    "speaker": "老师",
    "text": "我们看一下解题过程，"
  },
  {
    "start": 574.5,
    "end": 586.11,
    "speaker": "老师",
    "text": "将负号变成正号x减y化作y减x那么最后的答案提取公因式y减x括号乘以括号p加q."
  },
  {
    "start": 586.61,
    "end": 586.99,
    "speaker": "老师",
    "text": "好，"
  },
  {
    "start": 586.99,
    "end": 589.83,
    "speaker": "老师",
    "text": "第三问也是同样的方法，"
  },
  {
    "start": 589.83,
    "end": 600.5,
    "speaker": "老师",
    "text": "将x减y和y减x化作相同。"
  },
  {
    "start": 600.5,
    "end": 600.74,
    "speaker": "老师",
    "text": "好，"
  },
  {
    "start": 600.74,
    "end": 603.93,
    "speaker": "老师",
    "text": "由于这道题我们的公因式是一个多项式，"
  },
  {
    "start": 603.93,
    "end": 611.29,
    "speaker": "老师",
    "text": "是x减y括号的平方。"
  },
  {
    "start": 611.29,
    "end": 619.79,
    "speaker": "老师",
    "text": "所以我们先将这右边的括号y减x的平方化作左边的形式。"
  },
  {
    "start": 619.79,
    "end": 622.59,
    "speaker": "老师",
    "text": "由于是偶次幂，"
  },
  {
    "start": 622.61,
    "end": 626.59,
    "speaker": "老师",
    "text": "所以前面的符号不需要改变啊，"
  },
  {
    "start": 627.15,
    "end": 631.19,
    "speaker": "老师",
    "text": "这也是第三题和第二题的区别所在。"
  },
  {
    "start": 631.19,
    "end": 640.22,
    "speaker": "老师",
    "text": "我们直接将y减x化作x减y,"
  },
  {
    "start": 640.22,
    "end": 660.05,
    "speaker": "老师",
    "text": "那么进一步提供一式啊最终的答案括号x减y括号的平方乘以括号一减y括号。"
  },
  {
    "start": 660.05,
    "end": 664.05,
    "speaker": "老师",
    "text": "那么提公因式法呢，"
  },
  {
    "start": 664.07,
    "end": 665.59,
    "speaker": "老师",
    "text": "我们就复习到这里。"
  },
  {
    "start": 668.48,
    "end": 671.67,
    "speaker": "老师",
    "text": "我们接下来看一下公式法，"
  },
  {
    "start": 672.99,
    "end": 674.57,
    "speaker": "老师",
    "text": "把乘法公式反过来应用啊，"
  },
  {
    "start": 674.57,
    "end": 685.13,
    "speaker": "老师",
    "text": "就可以把多项式写成积的形式达到分解因式的目的。"
  },
  {
    "start": 685.13,
    "end": 689.44,
    "speaker": "老师",
    "text": "这种方法叫做公式法啊。"
  },
  {
    "start": 689.44,
    "end": 691.56,
    "speaker": "老师",
    "text": "公式法呢分成两种，"
  },
  {
    "start": 691.62,
    "end": 694.95,
    "speaker": "老师",
    "text": "一种是平方差公式，"
  },
  {
    "start": 694.95,
    "end": 703.59,
    "speaker": "老师",
    "text": "另一种是完全平方公式，"
  },
  {
    "start": 703.59,
    "end": 709.77,
    "speaker": "老师",
    "text": "从左到右是因式分析，"
  },
  {
    "start": 709.77,
    "end": 717.59,
    "speaker": "老师",
    "text": "从右到左是等式的乘法里面的平方差公式。"
  },
  {
    "start": 717.79,
    "end": 718.13,
    "speaker": "老师",
    "text": "好，"
  },
  {
    "start": 718.13,
    "end": 725.58,
    "speaker": "老师",
    "text": "完全平方公式a加减b括号的平方。"
  },
  {
    "start": 725.58,
    "end": 730.39,
    "speaker": "老师",
    "text": "我们首先来看平方差公式，"
  },
  {
    "start": 730.49,
    "end": 732.27,
    "speaker": "老师",
    "text": "套用平方差公式，"
  },
  {
    "start": 732.27,
    "end": 735.22,
    "speaker": "老师",
    "text": "因式分解。"
  },
  {
    "start": 735.22,
    "end": 739.99,
    "speaker": "老师",
    "text": "左边是一个什么样的形式呢？"
  },
  {
    "start": 739.99,
    "end": 740.41,
    "speaker": "老师",
    "text": "啊，"
  },
  {
    "start": 741.15,
    "end": 753.98,
    "speaker": "老师",
    "text": "这是同学们需要思考的问题。"
  },
  {
    "start": 754.64,
    "end": 756.98,
    "speaker": "老师",
    "text": "左边是两项的时候，"
  },
  {
    "start": 756.98,
    "end": 761.83,
    "speaker": "老师",
    "text": "而且这个两个两项是异号的平方形式。"
  },
  {
    "start": 763.68,
    "end": 773.9,
    "speaker": "老师",
    "text": "这样的多项式我们可以考虑怎么样套用平方差公式进行因式分解。"
  },
  {
    "start": 773.9,
    "end": 780.69,
    "speaker": "老师",
    "text": "我们来看一道例题x平方减二y括号的平方。"
  },
  {
    "start": 780.69,
    "end": 780.91,
    "speaker": "老师",
    "text": "好，"
  },
  {
    "start": 780.91,
    "end": 785.69,
    "speaker": "老师",
    "text": "可以直接套用我们的平方差公式，"
  },
  {
    "start": 785.69,
    "end": 794.0,
    "speaker": "老师",
    "text": "得到括号x加二y括号乘以括号x减二y括号。"
  },
  {
    "start": 797.01,
    "end": 797.39,
    "speaker": "老师",
    "text": "好，"
  },
  {
    "start": 797.43,
    "end": 800.43,
    "speaker": "老师",
    "text": "我们再来看第二题，"
  },
  {
    "start": 800.45,
    "end": 808.39,
    "speaker": "老师",
    "text": "这个题目能否直接套用平方差公式呢？"
  },
  {
    "start": 808.39,
    "end": 811.11,
    "speaker": "老师",
    "text": "首先满足两项没有问题，"
  },
  {
    "start": 811.33,
    "end": 819.84,
    "speaker": "老师",
    "text": "满足易耗没有问题。"
  },
  {
    "start": 821.67,
    "end": 827.51,
    "speaker": "老师",
    "text": "那么它是平方的形式吗？"
  },
  {
    "start": 827.51,
    "end": 828.05,
    "speaker": "老师",
    "text": "是的，"
  },
  {
    "start": 828.19,
    "end": 828.89,
    "speaker": "老师",
    "text": "九十六啊，"
  },
  {
    "start": 828.89,
    "end": 831.35,
    "speaker": "老师",
    "text": "它是一个平方数啊，"
  },
  {
    "start": 831.35,
    "end": 836.22,
    "speaker": "老师",
    "text": "我们这里需要将九和十六化作平方，"
  },
  {
    "start": 836.22,
    "end": 842.46,
    "speaker": "老师",
    "text": "需要将九倍的括号a减b括号的平方化作一个整体的平方，"
  },
  {
    "start": 842.48,
    "end": 847.06,
    "speaker": "老师",
    "text": "只有化作平方项之后，"
  },
  {
    "start": 847.06,
    "end": 853.18,
    "speaker": "老师",
    "text": "才能够套用平方差公式好看一下解题过程。"
  },
  {
    "start": 853.18,
    "end": 877.96,
    "speaker": "老师",
    "text": "第一步将九倍的括号a减b括号的平方化成中括号三倍的a减b括号中括号平方。"
  },
  {
    "start": 877.96,
    "end": 883.2,
    "speaker": "老师",
    "text": "那么十六a括号啊，"
  },
  {
    "start": 883.3,
    "end": 887.16,
    "speaker": "老师",
    "text": "a加b括号的平方方法是一样的。"
  },
  {
    "start": 887.16,
    "end": 887.36,
    "speaker": "老师",
    "text": "好，"
  },
  {
    "start": 887.36,
    "end": 898.16,
    "speaker": "老师",
    "text": "紧接着呢我们就可以直接套用平方差公式了，"
  },
  {
    "start": 899.14,
    "end": 901.16,
    "speaker": "老师",
    "text": "两项和两项差，"
  },
  {
    "start": 901.16,
    "end": 904.7,
    "speaker": "老师",
    "text": "然后去括号合并同类项。"
  },
  {
    "start": 906.17,
    "end": 915.12,
    "speaker": "老师",
    "text": "很多同学得到这一步以后就不进行因式分解了。"
  },
  {
    "start": 915.14,
    "end": 920.46,
    "speaker": "老师",
    "text": "这里面做完了没有？"
  },
  {
    "start": 920.46,
    "end": 925.51,
    "speaker": "老师",
    "text": "其实还没有做完。"
  },
  {
    "start": 925.51,
    "end": 928.09,
    "speaker": "老师",
    "text": "我们的提公因式法里面说过，"
  },
  {
    "start": 928.09,
    "end": 930.9,
    "speaker": "老师",
    "text": "如果说有负号的情况，"
  },
  {
    "start": 930.9,
    "end": 934.07,
    "speaker": "老师",
    "text": "要把负号提到括号外面啊，"
  },
  {
    "start": 934.07,
    "end": 937.98,
    "speaker": "老师",
    "text": "所以最终答案负的括号，"
  },
  {
    "start": 937.98,
    "end": 942.74,
    "speaker": "老师",
    "text": "七a加b括号乘以括号a加上七b括号。"
  },
  {
    "start": 942.74,
    "end": 946.38,
    "speaker": "老师",
    "text": "好，"
  },
  {
    "start": 946.48,
    "end": 953.91,
    "speaker": "老师",
    "text": "我们来看一下一个求值的问题。"
  },
  {
    "start": 953.91,
    "end": 955.73,
    "speaker": "老师",
    "text": "已知MN互为相反数，"
  },
  {
    "start": 955.73,
    "end": 961.1,
    "speaker": "老师",
    "text": "说明什么问题哦，"
  },
  {
    "start": 961.1,
    "end": 964.04,
    "speaker": "老师",
    "text": "说明m加n等于零。"
  },
  {
    "start": 964.04,
    "end": 964.56,
    "speaker": "老师",
    "text": "好，"
  },
  {
    "start": 964.64,
    "end": 967.67,
    "speaker": "老师",
    "text": "且m加二括号的平方减去括号，"
  },
  {
    "start": 971.27,
    "end": 974.54,
    "speaker": "老师",
    "text": "n加二括号的平方等于四。"
  },
  {
    "start": 974.54,
    "end": 977.91,
    "speaker": "老师",
    "text": "那如果直接去求不好吃，"
  },
  {
    "start": 978.03,
    "end": 983.49,
    "speaker": "老师",
    "text": "所以呢我们考虑一下这个柿子有什么特点，"
  },
  {
    "start": 983.71,
    "end": 985.33,
    "speaker": "老师",
    "text": "有什么特点？"
  },
  {
    "start": 985.43,
    "end": 985.81,
    "speaker": "老师",
    "text": "哎，"
  },
  {
    "start": 985.85,
    "end": 986.33,
    "speaker": "老师",
    "text": "很好，"
  },
  {
    "start": 986.33,
    "end": 988.48,
    "speaker": "老师",
    "text": "左边是两项的平方差，"
  },
  {
    "start": 988.48,
    "end": 991.72,
    "speaker": "老师",
    "text": "所以我们可以考虑套用平方差公式，"
  },
  {
    "start": 991.72,
    "end": 995.59,
    "speaker": "老师",
    "text": "先因式分解。"
  },
  {
    "start": 995.59,
    "end": 996.17,
    "speaker": "老师",
    "text": "好，"
  },
  {
    "start": 996.17,
    "end": 1004.64,
    "speaker": "老师",
    "text": "m加二括号的平方减去括号n加二的括号的平方因式分解之后得到这样的结果，"
  },
  {
    "start": 1006.53,
    "end": 1010.15,
    "speaker": "老师",
    "text": "进一步合并同类项啊，"
  },
  {
    "start": 1010.15,
    "end": 1012.83,
    "speaker": "老师",
    "text": "进一步m加n是等于零的，"
  },
  {
    "start": 1012.91,
    "end": 1015.24,
    "speaker": "老师",
    "text": "代进去，"
  },
  {
    "start": 1015.24,
    "end": 1021.38,
    "speaker": "老师",
    "text": "得到四倍的m减n括号等于四，"
  },
  {
    "start": 1022.34,
    "end": 1023.7,
    "speaker": "老师",
    "text": "求得m减n等于一。"
  },
  {
    "start": 1023.82,
    "end": 1037.96,
    "speaker": "老师",
    "text": "我们再联立m加n等于零和m减n等于一求出二元一次方程组的解啊，"
  },
  {
    "start": 1040.86,
    "end": 1046.06,
    "speaker": "老师",
    "text": "所以答案是m等于二分之一n等于负二分之一。"
  },
  {
    "start": 1046.06,
    "end": 1048.05,
    "speaker": "老师",
    "text": "好，"
  },
  {
    "start": 1048.05,
    "end": 1052.48,
    "speaker": "老师",
    "text": "提公因式法就学到这里，"
  },
  {
    "start": 1052.54,
    "end": 1057.34,
    "speaker": "老师",
    "text": "我们再来复习一下，"
  },
  {
    "start": 1057.34,
    "end": 1062.11,
    "speaker": "老师",
    "text": "套用完全平方公式进行因式分解。"
  },
  {
    "start": 1062.11,
    "end": 1070.99,
    "speaker": "老师",
    "text": "注意到完全平方公式是有两个的啊一个加法的形式，"
  },
  {
    "start": 1070.99,
    "end": 1072.25,
    "speaker": "老师",
    "text": "一个减法的形式。"
  },
  {
    "start": 1072.43,
    "end": 1081.51,
    "speaker": "老师",
    "text": "所以同学们在解题过程中不要忽视掉这一点，"
  },
  {
    "start": 1081.51,
    "end": 1090.68,
    "speaker": "老师",
    "text": "我们要观察一个多项式能否套用完全平方公式。"
  },
  {
    "start": 1090.68,
    "end": 1091.36,
    "speaker": "老师",
    "text": "首先一点，"
  },
  {
    "start": 1091.36,
    "end": 1095.04,
    "speaker": "老师",
    "text": "它有三项。"
  },
  {
    "start": 1095.12,
    "end": 1098.8,
    "speaker": "老师",
    "text": "那么三项的形式特征又如何呢？"
  },
  {
    "start": 1098.86,
    "end": 1114.95,
    "speaker": "老师",
    "text": "首先有两个平方向啊平方项。"
  },
  {
    "start": 1115.03,
    "end": 1117.25,
    "speaker": "老师",
    "text": "那么还有一个什么呀乘积项，"
  },
  {
    "start": 1117.25,
    "end": 1124.35,
    "speaker": "老师",
    "text": "这个成绩项可正可负好，"
  },
  {
    "start": 1124.35,
    "end": 1126.17,
    "speaker": "老师",
    "text": "给一套小利息，"
  },
  {
    "start": 1126.17,
    "end": 1134.07,
    "speaker": "老师",
    "text": "看看同学们能不能快速的判断出哪一个式子，"
  },
  {
    "start": 1134.07,
    "end": 1139.45,
    "speaker": "老师",
    "text": "可以套用完全平方公式进行因式分解。"
  },
  {
    "start": 1139.45,
    "end": 1147.57,
    "speaker": "老师",
    "text": "好答案选d首先y平方和四x平方啊，"
  },
  {
    "start": 1147.57,
    "end": 1152.73,
    "speaker": "老师",
    "text": "它们都是什么？"
  },
  {
    "start": 1152.73,
    "end": 1156.51,
    "speaker": "老师",
    "text": "都是平方项，"
  },
  {
    "start": 1157.01,
    "end": 1163.63,
    "speaker": "老师",
    "text": "注意到四x平方可以化作括号二x括号的平方，"
  },
  {
    "start": 1163.77,
    "end": 1176.36,
    "speaker": "老师",
    "text": "那么中间项就应该是二乘二x再乘以y刚好是四XY啊，"
  },
  {
    "start": 1176.52,
    "end": 1186.71,
    "speaker": "老师",
    "text": "所以这道题答案选d那么b选项这里负四应该改成什么？"
  },
  {
    "start": 1187.09,
    "end": 1195.91,
    "speaker": "老师",
    "text": "正四c选项可以将四XY改成二XY,"
  },
  {
    "start": 1195.91,
    "end": 1197.82,
    "speaker": "老师",
    "text": "当然还有其他的改法，"
  },
  {
    "start": 1197.82,
    "end": 1205.67,
    "speaker": "老师",
    "text": "比如将y平方改作什么呀？"
  },
  {
    "start": 1205.67,
    "end": 1206.87,
    "speaker": "老师",
    "text": "四y平方。"
  },
  {
    "start": 1206.87,
    "end": 1207.07,
    "speaker": "老师",
    "text": "好，"
  },
  {
    "start": 1207.07,
    "end": 1209.41,
    "speaker": "老师",
    "text": "我们接下来看这样一道题，"
  },
  {
    "start": 1209.41,
    "end": 1215.08,
    "speaker": "老师",
    "text": "若九x平方加三十六XY,"
  },
  {
    "start": 1215.08,
    "end": 1221.68,
    "speaker": "老师",
    "text": "加上KY方是完全平方式，"
  },
  {
    "start": 1221.76,
    "end": 1229.03,
    "speaker": "老师",
    "text": "则k等于多少是完全平方式，"
  },
  {
    "start": 1229.03,
    "end": 1237.88,
    "speaker": "老师",
    "text": "说明它可以写作一个什么呀整式的平方。"
  },
  {
    "start": 1237.88,
    "end": 1243.1,
    "speaker": "老师",
    "text": "那么我们就套用完全平方公式，"
  },
  {
    "start": 1243.1,
    "end": 1250.98,
    "speaker": "老师",
    "text": "看看能否写成完全平方公式的形式呢。"
  },
  {
    "start": 1251.66,
    "end": 1254.8,
    "speaker": "老师",
    "text": "九x平方可以写作什么？"
  },
  {
    "start": 1254.8,
    "end": 1266.24,
    "speaker": "老师",
    "text": "三x的平方括号平方？"
  },
  {
    "start": 1266.24,
    "end": 1266.46,
    "speaker": "老师",
    "text": "好，"
  },
  {
    "start": 1266.46,
    "end": 1282.71,
    "speaker": "老师",
    "text": "那么三十六XY能否写作二AB的形式呢？"
  },
  {
    "start": 1282.71,
    "end": 1283.81,
    "speaker": "老师",
    "text": "二AA是多少？"
  },
  {
    "start": 1283.83,
    "end": 1289.51,
    "speaker": "老师",
    "text": "A是三x那么b应该是多少呢？"
  },
  {
    "start": 1289.51,
    "end": 1297.57,
    "speaker": "老师",
    "text": "我们这个b要保证最后的成绩恰好等于三十六XY."
  },
  {
    "start": 1297.57,
    "end": 1300.75,
    "speaker": "老师",
    "text": "所以我们的b应该是六y,"
  },
  {
    "start": 1300.77,
    "end": 1302.43,
    "speaker": "老师",
    "text": "那么b既然是六y,"
  },
  {
    "start": 1302.43,
    "end": 1310.76,
    "speaker": "老师",
    "text": "所以我们右边b的平方应该是括号右y的平方将括号去掉，"
  },
  {
    "start": 1310.76,
    "end": 1312.94,
    "speaker": "老师",
    "text": "得到的结果k应该是三十六。"
  },
  {
    "start": 1312.94,
    "end": 1313.28,
    "speaker": "老师",
    "text": "好了，"
  },
  {
    "start": 1313.28,
    "end": 1318.96,
    "speaker": "老师",
    "text": "有了这道题的经验，"
  },
  {
    "start": 1320.32,
    "end": 1322.5,
    "speaker": "老师",
    "text": "我们来看一下第二题，"
  },
  {
    "start": 1322.5,
    "end": 1325.42,
    "speaker": "老师",
    "text": "四倍x平方加上k倍XY,"
  },
  {
    "start": 1325.68,
    "end": 1327.95,
    "speaker": "老师",
    "text": "加上二十五y平方，"
  },
  {
    "start": 1327.95,
    "end": 1330.84,
    "speaker": "老师",
    "text": "它也是一个完全平方式。"
  },
  {
    "start": 1330.84,
    "end": 1335.28,
    "speaker": "老师",
    "text": "那么k是否很快就能求出来呢？"
  },
  {
    "start": 1335.4,
    "end": 1335.76,
    "speaker": "老师",
    "text": "啊，"
  },
  {
    "start": 1335.76,
    "end": 1338.6,
    "speaker": "老师",
    "text": "我们用同样的方法好，"
  },
  {
    "start": 1338.72,
    "end": 1344.88,
    "speaker": "老师",
    "text": "四x平方加上KXY加上二十五y平方，"
  },
  {
    "start": 1345.08,
    "end": 1347.83,
    "speaker": "老师",
    "text": "难保等于的平方呢。"
  },
  {
    "start": 1347.83,
    "end": 1352.74,
    "speaker": "老师",
    "text": "首先将四x化作括号二x的平方，"
  },
  {
    "start": 1352.74,
    "end": 1359.15,
    "speaker": "老师",
    "text": "二十五y平方是等于谁的平方哦，"
  },
  {
    "start": 1359.15,
    "end": 1361.12,
    "speaker": "老师",
    "text": "五y的不好。"
  },
  {
    "start": 1362.22,
    "end": 1368.34,
    "speaker": "老师",
    "text": "那么这就是a这个就是b那么中间那就是二AB喽，"
  },
  {
    "start": 1368.34,
    "end": 1369.38,
    "speaker": "老师",
    "text": "二a b好，"
  },
  {
    "start": 1370.35,
    "end": 1373.29,
    "speaker": "老师",
    "text": "我们把中间算出来二十，"
  },
  {
    "start": 1373.29,
    "end": 1377.15,
    "speaker": "老师",
    "text": "那么k就等于二十，"
  },
  {
    "start": 1377.15,
    "end": 1393.03,
    "speaker": "老师",
    "text": "对不对啊？"
  },
  {
    "start": 1393.79,
    "end": 1396.77,
    "speaker": "老师",
    "text": "这里面是有问题的哈，"
  },
  {
    "start": 1396.77,
    "end": 1401.26,
    "speaker": "老师",
    "text": "我们答案是二十或负二十。"
  },
  {
    "start": 1401.26,
    "end": 1404.18,
    "speaker": "老师",
    "text": "同学们思考一下，"
  },
  {
    "start": 1404.18,
    "end": 1407.11,
    "speaker": "老师",
    "text": "为什么还有一个负二十呢？"
  },
  {
    "start": 1407.11,
    "end": 1410.09,
    "speaker": "老师",
    "text": "要注意完全平方公式是有两类的啊，"
  },
  {
    "start": 1410.09,
    "end": 1411.25,
    "speaker": "老师",
    "text": "一个是加法形式，"
  },
  {
    "start": 1411.25,
    "end": 1412.47,
    "speaker": "老师",
    "text": "一个是减法形式。"
  },
  {
    "start": 1413.42,
    "end": 1417.99,
    "speaker": "老师",
    "text": "所以呢我们这里的k应该有两种可能啊，"
  },
  {
    "start": 1423.2,
    "end": 1426.48,
    "speaker": "老师",
    "text": "这与第一题是不一样的啊，"
  },
  {
    "start": 1426.66,
    "end": 1428.14,
    "speaker": "老师",
    "text": "与第一题是不一样的，"
  },
  {
    "start": 1428.14,
    "end": 1431.04,
    "speaker": "老师",
    "text": "希望同学们引起重视。"
  },
  {
    "start": 1431.06,
    "end": 1436.39,
    "speaker": "老师",
    "text": "小结一下解因式分解题时，"
  },
  {
    "start": 1436.39,
    "end": 1438.65,
    "speaker": "老师",
    "text": "首先考虑是否有公因式。"
  },
  {
    "start": 1438.81,
    "end": 1440.91,
    "speaker": "老师",
    "text": "那么如果有，"
  },
  {
    "start": 1440.91,
    "end": 1443.53,
    "speaker": "老师",
    "text": "我们就先提公因式。"
  },
  {
    "start": 1443.53,
    "end": 1445.79,
    "speaker": "老师",
    "text": "如果没有公因式，"
  },
  {
    "start": 1445.79,
    "end": 1453.06,
    "speaker": "老师",
    "text": "那么两项式的时候要考虑套用平方差公式三项式呢？"
  },
  {
    "start": 1453.16,
    "end": 1453.52,
    "speaker": "老师",
    "text": "哎，"
  },
  {
    "start": 1453.52,
    "end": 1461.51,
    "speaker": "老师",
    "text": "你就考虑套用完全平方公式，"
  },
  {
    "start": 1461.51,
    "end": 1470.9,
    "speaker": "老师",
    "text": "最后啊直到每一个因式都不能再分解为止啊，"
  },
  {
    "start": 1474.07,
    "end": 1476.2,
    "speaker": "老师",
    "text": "这一点希望同学们一定要注意。"
  },
  {
    "start": 1477.87,
    "end": 1478.21,
    "speaker": "老师",
    "text": "好，"
  },
  {
    "start": 1478.21,
    "end": 1485.94,
    "speaker": "老师",
    "text": "接下来呢我们对因式分解进行一个综合应用。"
  },
  {
    "start": 1485.94,
    "end": 1488.12,
    "speaker": "老师",
    "text": "很多题不仅单独提公益司法，"
  },
  {
    "start": 1490.02,
    "end": 1495.15,
    "speaker": "老师",
    "text": "有的时候还会有公式法提公因式法啊，"
  },
  {
    "start": 1495.15,
    "end": 1499.19,
    "speaker": "老师",
    "text": "糅合在一起的情况，"
  },
  {
    "start": 1499.71,
    "end": 1506.17,
    "speaker": "老师",
    "text": "就需要大家睁大眼睛啊仔细查验。"
  },
  {
    "start": 1506.33,
    "end": 1506.63,
    "speaker": "老师",
    "text": "好，"
  },
  {
    "start": 1506.63,
    "end": 1513.59,
    "speaker": "老师",
    "text": "我们来看一下这两题。"
  },
  {
    "start": 1513.59,
    "end": 1513.95,
    "speaker": "老师",
    "text": "好，"
  },
  {
    "start": 1514.43,
    "end": 1519.14,
    "speaker": "老师",
    "text": "第一注意到的前面有个负号啊，"
  },
  {
    "start": 1519.14,
    "end": 1521.8,
    "speaker": "老师",
    "text": "首先的想法把这个负号要提出来，"
  },
  {
    "start": 1521.8,
    "end": 1522.34,
    "speaker": "老师",
    "text": "对吧？"
  },
  {
    "start": 1522.34,
    "end": 1522.56,
    "speaker": "老师",
    "text": "啊，"
  },
  {
    "start": 1522.56,
    "end": 1525.04,
    "speaker": "老师",
    "text": "把负号先提出来。"
  },
  {
    "start": 1525.04,
    "end": 1527.7,
    "speaker": "老师",
    "text": "那么由于它的公因式是四a,"
  },
  {
    "start": 1527.7,
    "end": 1530.93,
    "speaker": "老师",
    "text": "所以我们把四a也要提出来。"
  },
  {
    "start": 1531.07,
    "end": 1532.77,
    "speaker": "老师",
    "text": "所以第一步呢，"
  },
  {
    "start": 1532.77,
    "end": 1535.99,
    "speaker": "老师",
    "text": "我们先提公因式提完以后，"
  },
  {
    "start": 1536.03,
    "end": 1544.3,
    "speaker": "老师",
    "text": "负四a乘以一减y的四次方括号有没有？"
  },
  {
    "start": 1544.3,
    "end": 1549.42,
    "speaker": "老师",
    "text": "说完？"
  },
  {
    "start": 1549.5,
    "end": 1550.9,
    "speaker": "老师",
    "text": "很显然没有算完啊，"
  },
  {
    "start": 1550.9,
    "end": 1556.14,
    "speaker": "老师",
    "text": "因为这里面的因式里面一减y的四次方还可以怎么样？"
  },
  {
    "start": 1556.14,
    "end": 1558.58,
    "speaker": "老师",
    "text": "套用平方差公式，"
  },
  {
    "start": 1560.87,
    "end": 1571.83,
    "speaker": "老师",
    "text": "第二步等于负四a乘以括号一加y平方括号乘以括号一减y平方括号。"
  },
  {
    "start": 1571.89,
    "end": 1576.11,
    "speaker": "老师",
    "text": "有的人说到这一步就算完了，"
  },
  {
    "start": 1576.11,
    "end": 1580.43,
    "speaker": "老师",
    "text": "还没有上完，"
  },
  {
    "start": 1580.43,
    "end": 1586.51,
    "speaker": "老师",
    "text": "我们要注意一减y平方还可以怎么样继续因式分解，"
  },
  {
    "start": 1588.12,
    "end": 1592.72,
    "speaker": "老师",
    "text": "变成一加y括号乘以括号一减y."
  },
  {
    "start": 1592.84,
    "end": 1594.55,
    "speaker": "老师",
    "text": "好，"
  },
  {
    "start": 1594.55,
    "end": 1598.79,
    "speaker": "老师",
    "text": "这个就是最终的答案。"
  },
  {
    "start": 1598.79,
    "end": 1600.95,
    "speaker": "老师",
    "text": "那么有同学就会就会说呀，"
  },
  {
    "start": 1600.95,
    "end": 1604.47,
    "speaker": "老师",
    "text": "这个题我可不可以不提符号呢？"
  },
  {
    "start": 1604.47,
    "end": 1606.87,
    "speaker": "老师",
    "text": "啊，"
  },
  {
    "start": 1606.87,
    "end": 1608.93,
    "speaker": "老师",
    "text": "其实也是可以的，"
  },
  {
    "start": 1609.01,
    "end": 1614.03,
    "speaker": "老师",
    "text": "我们来看看这种方法，"
  },
  {
    "start": 1614.03,
    "end": 1616.96,
    "speaker": "老师",
    "text": "同学们能不能理解？"
  },
  {
    "start": 1616.96,
    "end": 1630.47,
    "speaker": "老师",
    "text": "先利用加法交换律将四AY的四次方怎么样移到前面来，"
  },
  {
    "start": 1631.22,
    "end": 1641.63,
    "speaker": "老师",
    "text": "就得到四AY的四次方减四a等于四a乘以y的四次方负二减一。"
  },
  {
    "start": 1641.63,
    "end": 1645.66,
    "speaker": "老师",
    "text": "这种方法呢就避免了提负号啊。"
  },
  {
    "start": 1645.66,
    "end": 1646.04,
    "speaker": "老师",
    "text": "好，"
  },
  {
    "start": 1646.04,
    "end": 1655.82,
    "speaker": "老师",
    "text": "后面的呢方法和前面的是一样的，"
  },
  {
    "start": 1655.82,
    "end": 1657.72,
    "speaker": "老师",
    "text": "y的四次方减一，"
  },
  {
    "start": 1658.32,
    "end": 1660.28,
    "speaker": "老师",
    "text": "可以进一步分解。"
  },
  {
    "start": 1660.28,
    "end": 1666.14,
    "speaker": "老师",
    "text": "分解之后这里面要注意y平方减一，"
  },
  {
    "start": 1667.5,
    "end": 1669.62,
    "speaker": "老师",
    "text": "还可以进一步分解。"
  },
  {
    "start": 1669.62,
    "end": 1694.83,
    "speaker": "老师",
    "text": "那我们的答案呢是四a乘以括号y平方加一括号乘以括号y加一括号乘以y减一括号。"
  },
  {
    "start": 1694.83,
    "end": 1695.07,
    "speaker": "老师",
    "text": "好，"
  },
  {
    "start": 1695.07,
    "end": 1699.03,
    "speaker": "老师",
    "text": "我们再来看第二题，"
  },
  {
    "start": 1699.03,
    "end": 1706.08,
    "speaker": "老师",
    "text": "九x平方加四的平方减去一百四十四x平方，"
  },
  {
    "start": 1706.08,
    "end": 1709.2,
    "speaker": "老师",
    "text": "那么这里面呢有两项，"
  },
  {
    "start": 1709.22,
    "end": 1713.98,
    "speaker": "老师",
    "text": "所以啊我们考虑用什么平方差公式，"
  },
  {
    "start": 1714.02,
    "end": 1725.91,
    "speaker": "老师",
    "text": "考虑用平方差公式得到第一项九括号九x平方加四括号加上十二x啊中括号，"
  },
  {
    "start": 1725.91,
    "end": 1727.09,
    "speaker": "老师",
    "text": "这是两项和。"
  },
  {
    "start": 1727.09,
    "end": 1728.81,
    "speaker": "老师",
    "text": "那么后面呢是两项差，"
  },
  {
    "start": 1728.81,
    "end": 1732.1,
    "speaker": "老师",
    "text": "写到这一步之后，"
  },
  {
    "start": 1732.1,
    "end": 1734.46,
    "speaker": "老师",
    "text": "不少同学可能就会停住了啊，"
  },
  {
    "start": 1734.46,
    "end": 1737.69,
    "speaker": "老师",
    "text": "不知道该如何写。"
  },
  {
    "start": 1737.69,
    "end": 1742.1,
    "speaker": "老师",
    "text": "这里面呢需要注意一下，"
  },
  {
    "start": 1742.1,
    "end": 1745.39,
    "speaker": "老师",
    "text": "九x平方加四括号啊，"
  },
  {
    "start": 1745.39,
    "end": 1750.53,
    "speaker": "老师",
    "text": "加上十二x那么这里面呢是一个三项式。"
  },
  {
    "start": 1752.91,
    "end": 1757.56,
    "speaker": "老师",
    "text": "那么这个三项式其实还可以进一步的分解。"
  },
  {
    "start": 1757.56,
    "end": 1767.27,
    "speaker": "老师",
    "text": "回想一下三项式考虑它用什么公式完全平方公式。"
  },
  {
    "start": 1767.27,
    "end": 1767.45,
    "speaker": "老师",
    "text": "好，"
  },
  {
    "start": 1767.45,
    "end": 1770.92,
    "speaker": "老师",
    "text": "那么它等于什么呢？"
  },
  {
    "start": 1770.92,
    "end": 1771.2,
    "speaker": "老师",
    "text": "啊，"
  },
  {
    "start": 1771.2,
    "end": 1772.89,
    "speaker": "老师",
    "text": "我们先将它写成标准形式，"
  },
  {
    "start": 1776.14,
    "end": 1778.74,
    "speaker": "老师",
    "text": "九x平方加十二x加四。"
  },
  {
    "start": 1778.74,
    "end": 1778.98,
    "speaker": "老师",
    "text": "好，"
  },
  {
    "start": 1778.98,
    "end": 1780.7,
    "speaker": "老师",
    "text": "这样的形式，"
  },
  {
    "start": 1780.7,
    "end": 1787.58,
    "speaker": "老师",
    "text": "同学们应该就知道写成什么呀。"
  },
  {
    "start": 1787.66,
    "end": 1791.74,
    "speaker": "老师",
    "text": "九x平方是三x括号的平方，"
  },
  {
    "start": 1791.88,
    "end": 1792.92,
    "speaker": "老师",
    "text": "那么四呢，"
  },
  {
    "start": 1792.92,
    "end": 1795.2,
    "speaker": "老师",
    "text": "就是二的平方，"
  },
  {
    "start": 1795.2,
    "end": 1799.03,
    "speaker": "老师",
    "text": "所以呢这个可以写作三x加二。"
  },
  {
    "start": 1799.03,
    "end": 1799.45,
    "speaker": "老师",
    "text": "同理，"
  },
  {
    "start": 1799.45,
    "end": 1808.74,
    "speaker": "老师",
    "text": "九x平方加四括号减去十二x可以写作括号三减x三x减二括号的平方。"
  },
  {
    "start": 1808.74,
    "end": 1813.77,
    "speaker": "老师",
    "text": "所以最终答案是两个完全平方的乘积。"
  },
  {
    "start": 1814.92,
    "end": 1815.2,
    "speaker": "老师",
    "text": "好，"
  },
  {
    "start": 1815.2,
    "end": 1821.23,
    "speaker": "老师",
    "text": "我们再来看一下几个跟数字有关的题目。"
  },
  {
    "start": 1821.23,
    "end": 1821.93,
    "speaker": "老师",
    "text": "好，"
  },
  {
    "start": 1821.93,
    "end": 1823.37,
    "speaker": "老师",
    "text": "我们来看第一题，"
  },
  {
    "start": 1823.37,
    "end": 1829.27,
    "speaker": "老师",
    "text": "一百零一的平方，"
  },
  {
    "start": 1829.27,
    "end": 1831.93,
    "speaker": "老师",
    "text": "减九十九的平方。"
  },
  {
    "start": 1831.93,
    "end": 1839.09,
    "speaker": "老师",
    "text": "那么这个题目如果说直接去算九十九的平方，"
  },
  {
    "start": 1839.09,
    "end": 1843.49,
    "speaker": "老师",
    "text": "相信同学们会觉得比较复杂，"
  },
  {
    "start": 1843.49,
    "end": 1844.33,
    "speaker": "老师",
    "text": "对吧？"
  },
  {
    "start": 1844.41,
    "end": 1852.18,
    "speaker": "老师",
    "text": "那么能否有其他的比较简便的方法呢？"
  },
  {
    "start": 1852.18,
    "end": 1852.34,
    "speaker": "老师",
    "text": "哎，"
  },
  {
    "start": 1852.34,
    "end": 1857.77,
    "speaker": "老师",
    "text": "我们就联想我们的因式分解里面的平方差公式，"
  },
  {
    "start": 1857.77,
    "end": 1858.29,
    "speaker": "老师",
    "text": "对吧？"
  },
  {
    "start": 1858.29,
    "end": 1858.75,
    "speaker": "老师",
    "text": "嘿，"
  },
  {
    "start": 1858.77,
    "end": 1862.93,
    "speaker": "老师",
    "text": "用平方差公式可以得到一百零一加九十九，"
  },
  {
    "start": 1862.93,
    "end": 1864.07,
    "speaker": "老师",
    "text": "括号乘以括号，"
  },
  {
    "start": 1864.07,
    "end": 1867.16,
    "speaker": "老师",
    "text": "一百零一减九十九括号。"
  },
  {
    "start": 1867.26,
    "end": 1868.02,
    "speaker": "老师",
    "text": "这样一来，"
  },
  {
    "start": 1868.02,
    "end": 1872.45,
    "speaker": "老师",
    "text": "我发现一百零一和九十九它们之间一旦相加，"
  },
  {
    "start": 1872.45,
    "end": 1879.79,
    "speaker": "老师",
    "text": "可以得到一个一百的倍数，"
  },
  {
    "start": 1879.79,
    "end": 1881.86,
    "speaker": "老师",
    "text": "二百乘以二，"
  },
  {
    "start": 1881.86,
    "end": 1888.93,
    "speaker": "老师",
    "text": "它们的和是一个一百的倍数，"
  },
  {
    "start": 1889.17,
    "end": 1891.65,
    "speaker": "老师",
    "text": "它们的差比较小啊，"
  },
  {
    "start": 1891.65,
    "end": 1892.83,
    "speaker": "老师",
    "text": "可以简便运算。"
  },
  {
    "start": 1892.85,
    "end": 1893.95,
    "speaker": "老师",
    "text": "再来看练习。"
  },
  {
    "start": 1893.95,
    "end": 1898.59,
    "speaker": "老师",
    "text": "二、一百的平方减一百九十八，"
  },
  {
    "start": 1898.67,
    "end": 1900.39,
    "speaker": "老师",
    "text": "后面还有两个零，"
  },
  {
    "start": 1900.53,
    "end": 1902.91,
    "speaker": "老师",
    "text": "加上九十九的平方。"
  },
  {
    "start": 1907.26,
    "end": 1910.84,
    "speaker": "老师",
    "text": "那么这个三项式同学们有没有什么想法？"
  },
  {
    "start": 1910.84,
    "end": 1913.48,
    "speaker": "老师",
    "text": "前面是一百的平方，"
  },
  {
    "start": 1914.06,
    "end": 1919.32,
    "speaker": "老师",
    "text": "后面是九十九的平方。"
  },
  {
    "start": 1919.32,
    "end": 1922.53,
    "speaker": "老师",
    "text": "有同学说前面是a平方，"
  },
  {
    "start": 1923.52,
    "end": 1927.93,
    "speaker": "老师",
    "text": "后面是b平方，"
  },
  {
    "start": 1927.97,
    "end": 1931.32,
    "speaker": "老师",
    "text": "中间如果是二AB就好，"
  },
  {
    "start": 1931.32,
    "end": 1934.22,
    "speaker": "老师",
    "text": "那是不是二AB呢？"
  },
  {
    "start": 1934.3,
    "end": 1934.74,
    "speaker": "老师",
    "text": "哎，"
  },
  {
    "start": 1935.0,
    "end": 1940.31,
    "speaker": "老师",
    "text": "刚刚好啊，"
  },
  {
    "start": 1940.45,
    "end": 1944.61,
    "speaker": "老师",
    "text": "一百的平方减去二乘一百乘以九十九，"
  },
  {
    "start": 1944.61,
    "end": 1954.38,
    "speaker": "老师",
    "text": "那二乘一百乘九十九刚好是一万九千八百。"
  },
  {
    "start": 1954.38,
    "end": 1959.9,
    "speaker": "老师",
    "text": "所以呢我们将上面的式子变形啊变形成一个标准形式，"
  },
  {
    "start": 1959.98,
    "end": 1964.68,
    "speaker": "老师",
    "text": "这个可以刚好可以套用完全平方公式。"
  },
  {
    "start": 1964.68,
    "end": 1965.12,
    "speaker": "老师",
    "text": "好，"
  },
  {
    "start": 1968.55,
    "end": 1970.17,
    "speaker": "老师",
    "text": "得到一百减九十九，"
  },
  {
    "start": 1970.27,
    "end": 1972.41,
    "speaker": "老师",
    "text": "括号的平方等于一。"
  },
  {
    "start": 1972.41,
    "end": 1979.39,
    "speaker": "老师",
    "text": "啊，"
  },
  {
    "start": 1979.39,
    "end": 1980.61,
    "speaker": "老师",
    "text": "通过这两道题啊，"
  },
  {
    "start": 1980.61,
    "end": 1986.62,
    "speaker": "老师",
    "text": "我们可以发现因式分解可以达到简便运算的目的。"
  },
  {
    "start": 1986.62,
    "end": 1987.01,
    "speaker": "老师",
    "text": "好，"
  },
  {
    "start": 1988.79,
    "end": 1993.13,
    "speaker": "老师",
    "text": "我们再来看一下这道题。"
  },
  {
    "start": 1993.35,
    "end": 1998.55,
    "speaker": "老师",
    "text": "已知这里面有一个二元一次方程组球，"
  },
  {
    "start": 1998.55,
    "end": 2009.43,
    "speaker": "老师",
    "text": "y乘以括号x减三y括号加上二x括号x减三y括号的值。"
  },
  {
    "start": 2009.43,
    "end": 2011.04,
    "speaker": "老师",
    "text": "那么拿到这道题，"
  },
  {
    "start": 2013.29,
    "end": 2018.78,
    "speaker": "老师",
    "text": "不少同学可能会有这样的想法啊，"
  },
  {
    "start": 2018.78,
    "end": 2021.06,
    "speaker": "老师",
    "text": "我这个二元一次方程组学的很好啊，"
  },
  {
    "start": 2020.91,
    "end": 2021.06,
    "speaker": "老师",
    "text": "我会很快的解出这个x和y."
  },
  {
    "start": 2020.91,
    "end": 2021.06,
    "speaker": "老师",
    "text": "然后只要把XY的值代到我们后面的式子里面，"
  },
  {
    "start": 2020.91,
    "end": 2021.06,
    "speaker": "老师",
    "text": "不就可以得到这个结果了吗？"
  },
  {
    "start": 2020.91,
    "end": 2021.06,
    "speaker": "老师",
    "text": "啊，"
  },
  {
    "start": 2020.91,
    "end": 2021.06,
    "speaker": "老师",
    "text": "这种做法是可以做得出来的，"
  },
  {
    "start": 2020.91,
    "end": 2021.06,
    "speaker": "老师",
    "text": "但是同学们有没有其他更好的办法呢？"
  },
  {
    "start": 2020.91,
    "end": 2021.06,
    "speaker": "老师",
    "text": "首先第一点啊，"
  },
  {
    "start": 2020.91,
    "end": 2021.06,
    "speaker": "老师",
    "text": "这个方程的解实际上是一个什么分数啊，"
  },
  {
    "start": 2020.91,
    "end": 2021.06,
    "speaker": "老师",
    "text": "代进去之后它的解法比较复杂。"
  },
  {
    "start": 2020.91,
    "end": 2021.06,
    "speaker": "老师",
    "text": "那么我们现在观察一下，"
  },
  {
    "start": 2020.91,
    "end": 2021.06,
    "speaker": "老师",
    "text": "右边这个式子y乘以括号x减三y括号加上二x乘以括号x减三y有什么特点呢？"
  },
  {
    "start": 2020.91,
    "end": 2021.06,
    "speaker": "老师",
    "text": "好，"
  },
  {
    "start": 2020.91,
    "end": 2021.06,
    "speaker": "老师",
    "text": "不知道同学已经发现了，"
  },
  {
    "start": 2020.91,
    "end": 2021.06,
    "speaker": "老师",
    "text": "他们有一个共同的因式，"
  },
  {
    "start": 2020.91,
    "end": 2021.06,
    "speaker": "老师",
    "text": "是一个多项式x减三y我们为什么不把这个公因式给提出来呢？"
  },
  {
    "start": 2020.91,
    "end": 2021.06,
    "speaker": "老师",
    "text": "试试看？"
  },
  {
    "start": 2020.91,
    "end": 2021.06,
    "speaker": "老师",
    "text": "好，"
  },
  {
    "start": 2020.91,
    "end": 2021.06,
    "speaker": "老师",
    "text": "我们将x减三y提出来提出来以后啊，"
  },
  {
    "start": 2020.91,
    "end": 2021.06,
    "speaker": "老师",
    "text": "后面是括号y加二x括号，"
  },
  {
    "start": 2020.91,
    "end": 2021.06,
    "speaker": "老师",
    "text": "然后x减三y乘以y加二x括号可以写作括号，"
  },
  {
    "start": 2020.91,
    "end": 2021.06,
    "speaker": "老师",
    "text": "二x加y括号啊利用加法交换律。"
  },
  {
    "start": 2020.91,
    "end": 2021.06,
    "speaker": "老师",
    "text": "然后呢，"
  },
  {
    "start": 2020.91,
    "end": 2021.06,
    "speaker": "老师",
    "text": "我们的已知题目告诉我，"
  },
  {
    "start": 2020.91,
    "end": 2021.06,
    "speaker": "老师",
    "text": "x减三y等于一二，"
  },
  {
    "start": 2020.91,
    "end": 2021.06,
    "speaker": "老师",
    "text": "x加y等于二六。"
  },
  {
    "start": 2020.91,
    "end": 2021.06,
    "speaker": "老师",
    "text": "整体代入的思路可以快速的得到这道题的答案。"
  },
  {
    "start": 2020.91,
    "end": 2021.06,
    "speaker": "老师",
    "text": "好，"
  },
  {
    "start": 2020.91,
    "end": 2021.06,
    "speaker": "老师",
    "text": "所以呢因式分解呀可以用于求代数式的值。"
  },
  {
    "start": 2020.91,
    "end": 2021.06,
    "speaker": "老师",
    "text": "好，"
  },
  {
    "start": 2020.91,
    "end": 2021.06,
    "speaker": "老师",
    "text": "我们今天呢大概的内容就上到这里，"
  },
  {
    "start": 2020.91,
    "end": 2021.06,
    "speaker": "老师",
    "text": "老师呢引导同学们一块儿啊来总结一下因式分解的概念是什么啊，"
  },
  {
    "start": 2020.91,
    "end": 2021.06,
    "speaker": "老师",
    "text": "与整式乘法有着什么样的关系？"
  },
  {
    "start": 2020.91,
    "end": 2021.06,
    "speaker": "老师",
    "text": "因式分解的常见的方法有哪两种。"
  },
  {
    "start": 2020.91,
    "end": 2021.06,
    "speaker": "老师",
    "text": "好，"
  },
  {
    "start": 2020.91,
    "end": 2021.06,
    "speaker": "老师",
    "text": "它的步骤是什么啊，"
  },
  {
    "start": 2020.91,
    "end": 2021.06,
    "speaker": "老师",
    "text": "它的应用简便运算和求代数式的值。"
  },
  {
    "start": 2020.91,
    "end": 2021.06,
    "speaker": "老师",
    "text": "好，"
  },
  {
    "start": 2020.91,
    "end": 2021.06,
    "speaker": "老师",
    "text": "今天的复习课就上到这里，"
  },
  {
    "start": 2020.91,
    "end": 2021.06,
    "speaker": "老师",
    "text": "这是今天的作业。"
  },
  {
    "start": 2020.91,
    "end": 2021.06,
    "speaker": "老师",
    "text": "好，"
  },
  {
    "start": 2020.91,
    "end": 2021.06,
    "speaker": "老师",
    "text": "同学们再见。"
  }
]