[
  {
    "start": 14.55,
    "end": 26.72,
    "speaker": "老师",
    "text": "今天我将和大家一起学习第五章分式与分式方程的第二课分式的乘除法。"
  },
  {
    "start": 26.72,
    "end": 43.24,
    "speaker": "老师",
    "text": "首先我们一起来看一下本节课的学习目标。"
  },
  {
    "start": 43.24,
    "end": 61.05,
    "speaker": "老师",
    "text": "接下来我们先简单的做几道题目。"
  },
  {
    "start": 61.05,
    "end": 63.32,
    "speaker": "老师",
    "text": "请看第一题，"
  },
  {
    "start": 63.32,
    "end": 75.7,
    "speaker": "老师",
    "text": "把下列各式分解因式第一小题a的平方加二a那么我们可以集公因式a出来，"
  },
  {
    "start": 76.89,
    "end": 81.95,
    "speaker": "老师",
    "text": "答案等于a乘以括号a加二。"
  },
  {
    "start": 81.95,
    "end": 85.35,
    "speaker": "老师",
    "text": "第二小题是一个完全平方式，"
  },
  {
    "start": 85.35,
    "end": 88.14,
    "speaker": "老师",
    "text": "利用完全平方公式，"
  },
  {
    "start": 88.62,
    "end": 112.49,
    "speaker": "老师",
    "text": "我们可以等于括号x减一的平方二化简下列各式解第一节九a的平方b分之六AB圆是等于通过分析发现它们有公因式。"
  },
  {
    "start": 112.49,
    "end": 119.0,
    "speaker": "老师",
    "text": "三AB分子可以化成三AB乘二分母，"
  },
  {
    "start": 119.04,
    "end": 126.46,
    "speaker": "老师",
    "text": "可以化成三AB乘以三a所以约去公因式。"
  },
  {
    "start": 126.46,
    "end": 129.59,
    "speaker": "老师",
    "text": "三AB以后，"
  },
  {
    "start": 129.59,
    "end": 131.63,
    "speaker": "老师",
    "text": "原式就等于三a分之二。"
  },
  {
    "start": 131.63,
    "end": 132.83,
    "speaker": "老师",
    "text": "第二，"
  },
  {
    "start": 133.15,
    "end": 133.83,
    "speaker": "老师",
    "text": "小问，"
  },
  {
    "start": 134.17,
    "end": 139.71,
    "speaker": "老师",
    "text": "我们的分子和分母都是一个多项式，"
  },
  {
    "start": 140.41,
    "end": 146.51,
    "speaker": "老师",
    "text": "所以应当先因式分解分子等于a乘以括号，"
  },
  {
    "start": 146.51,
    "end": 149.61,
    "speaker": "老师",
    "text": "a加二分母等于括号，"
  },
  {
    "start": 149.61,
    "end": 156.2,
    "speaker": "老师",
    "text": "a加二乘以括号a减二。"
  },
  {
    "start": 156.2,
    "end": 169.61,
    "speaker": "老师",
    "text": "同样约去公因式a加二原式等于a减二分之a解决上面的几个问题，"
  },
  {
    "start": 169.61,
    "end": 175.63,
    "speaker": "老师",
    "text": "我们需要用到哪些知识点呢？"
  },
  {
    "start": 175.63,
    "end": 179.41,
    "speaker": "老师",
    "text": "一分式的基本性质。"
  },
  {
    "start": 179.41,
    "end": 180.03,
    "speaker": "老师",
    "text": "姐呀，"
  },
  {
    "start": 180.07,
    "end": 183.29,
    "speaker": "老师",
    "text": "我们利用约分进行化简。"
  },
  {
    "start": 183.33,
    "end": 184.07,
    "speaker": "老师",
    "text": "第三，"
  },
  {
    "start": 184.15,
    "end": 186.07,
    "speaker": "老师",
    "text": "最简分式的概念，"
  },
  {
    "start": 186.07,
    "end": 196.81,
    "speaker": "老师",
    "text": "这些都是我们上节课所学的内容。"
  },
  {
    "start": 196.83,
    "end": 202.67,
    "speaker": "老师",
    "text": "接下来我们将继续的学习有关分式的知识，"
  },
  {
    "start": 202.69,
    "end": 204.92,
    "speaker": "老师",
    "text": "观察下列运算，"
  },
  {
    "start": 204.98,
    "end": 234.71,
    "speaker": "老师",
    "text": "猜猜a分之b乘以c分之d等于多少？"
  },
  {
    "start": 235.72,
    "end": 242.23,
    "speaker": "老师",
    "text": "A分之b除以c分之d又会等于多少呢？"
  },
  {
    "start": 242.47,
    "end": 244.91,
    "speaker": "老师",
    "text": "请同学们思考好了，"
  },
  {
    "start": 245.15,
    "end": 249.18,
    "speaker": "老师",
    "text": "我们看到上面两个式子，"
  },
  {
    "start": 249.18,
    "end": 264.54,
    "speaker": "老师",
    "text": "这两个是关于分数的等式展示给我们分数的乘除法则比如第一个三分之二乘以五分之四是怎么运算的呢？"
  },
  {
    "start": 264.8,
    "end": 268.37,
    "speaker": "老师",
    "text": "等于三乘五分之二乘四。"
  },
  {
    "start": 268.37,
    "end": 273.01,
    "speaker": "老师",
    "text": "第二个式子是三分之二除以五分之四，"
  },
  {
    "start": 273.41,
    "end": 276.17,
    "speaker": "老师",
    "text": "先把除法变成乘法，"
  },
  {
    "start": 276.17,
    "end": 281.88,
    "speaker": "老师",
    "text": "等于三分之二乘以四分之五，"
  },
  {
    "start": 281.88,
    "end": 284.84,
    "speaker": "老师",
    "text": "再把它们进行相乘，"
  },
  {
    "start": 284.94,
    "end": 289.28,
    "speaker": "老师",
    "text": "分子与分子相乘，"
  },
  {
    "start": 289.28,
    "end": 291.11,
    "speaker": "老师",
    "text": "分母与分母相乘，"
  },
  {
    "start": 291.76,
    "end": 294.86,
    "speaker": "老师",
    "text": "等于三乘四分之二乘五。"
  },
  {
    "start": 294.86,
    "end": 300.34,
    "speaker": "老师",
    "text": "那我们两个分式相乘应该怎么样呢？"
  },
  {
    "start": 300.34,
    "end": 305.65,
    "speaker": "老师",
    "text": "是可以参照分数的乘法法则，"
  },
  {
    "start": 305.65,
    "end": 323.6,
    "speaker": "老师",
    "text": "a分之b乘以c分之d同样也可以分子乘分子等于分子分母乘分母得到分母等于AC分之BD两个分式相除，"
  },
  {
    "start": 324.16,
    "end": 333.97,
    "speaker": "老师",
    "text": "a分之b除以c分之d先将除法转化成乘法，"
  },
  {
    "start": 333.97,
    "end": 340.75,
    "speaker": "老师",
    "text": "那么a分之b乘以就d分之c即等于AD分之BC."
  },
  {
    "start": 341.61,
    "end": 343.17,
    "speaker": "老师",
    "text": "根据上述现象，"
  },
  {
    "start": 343.29,
    "end": 349.09,
    "speaker": "老师",
    "text": "我们能不能总结出分式的乘除法法则呢？"
  },
  {
    "start": 349.09,
    "end": 353.75,
    "speaker": "老师",
    "text": "同学们还记得分数的乘除法法则吗？"
  },
  {
    "start": 354.85,
    "end": 357.12,
    "speaker": "老师",
    "text": "两个分数相乘，"
  },
  {
    "start": 357.12,
    "end": 361.04,
    "speaker": "老师",
    "text": "把分子相乘的积作为积的分子，"
  },
  {
    "start": 361.08,
    "end": 367.12,
    "speaker": "老师",
    "text": "把分母相乘的积作为积的分母。"
  },
  {
    "start": 367.36,
    "end": 369.7,
    "speaker": "老师",
    "text": "两个分数相除，"
  },
  {
    "start": 369.7,
    "end": 375.38,
    "speaker": "老师",
    "text": "把除数的分子和分母颠倒位置以后，"
  },
  {
    "start": 375.44,
    "end": 378.25,
    "speaker": "老师",
    "text": "再与被除数相乘。"
  },
  {
    "start": 378.25,
    "end": 379.19,
    "speaker": "老师",
    "text": "事实上，"
  },
  {
    "start": 379.35,
    "end": 386.21,
    "speaker": "老师",
    "text": "分式的乘除法法则与分数的乘除法法则类似，"
  },
  {
    "start": 386.51,
    "end": 390.01,
    "speaker": "老师",
    "text": "只需要把分数改成分式，"
  },
  {
    "start": 390.01,
    "end": 391.61,
    "speaker": "老师",
    "text": "把除数改成除式，"
  },
  {
    "start": 391.61,
    "end": 400.49,
    "speaker": "老师",
    "text": "即可以得到我们的分式的乘除法法则。"
  },
  {
    "start": 400.51,
    "end": 402.17,
    "speaker": "老师",
    "text": "两个分式相乘，"
  },
  {
    "start": 402.17,
    "end": 407.96,
    "speaker": "老师",
    "text": "把分子相乘的积作为积的分子，"
  },
  {
    "start": 408.0,
    "end": 412.54,
    "speaker": "老师",
    "text": "把分母相乘的积作为积的分母。"
  },
  {
    "start": 412.54,
    "end": 505.3,
    "speaker": "老师",
    "text": "而两个分式相除呢，"
  },
  {
    "start": 505.3,
    "end": 510.28,
    "speaker": "老师",
    "text": "把除式的分子和分母颠倒位置以后，"
  },
  {
    "start": 510.28,
    "end": 554.77,
    "speaker": "老师",
    "text": "再与被除式相乘。"
  },
  {
    "start": 554.77,
    "end": 563.13,
    "speaker": "老师",
    "text": "他们用式子表示为a分之b乘以c分之d等于AC分之BD,"
  },
  {
    "start": 563.13,
    "end": 577.57,
    "speaker": "老师",
    "text": "a分之b除以c分之d等于a分之b乘以d分之c等于AD分之BC."
  },
  {
    "start": 577.57,
    "end": 584.66,
    "speaker": "老师",
    "text": "接下来我们一起思考并完成下列两道题目，"
  },
  {
    "start": 585.02,
    "end": 587.75,
    "speaker": "老师",
    "text": "你们做好了吗？"
  },
  {
    "start": 589.55,
    "end": 593.4,
    "speaker": "老师",
    "text": "首先我们先来看第一题，"
  },
  {
    "start": 593.86,
    "end": 599.88,
    "speaker": "老师",
    "text": "通过观察我们发现这是一个分式的乘法运算。"
  },
  {
    "start": 599.88,
    "end": 602.86,
    "speaker": "老师",
    "text": "根据刚刚的法则，"
  },
  {
    "start": 603.0,
    "end": 607.34,
    "speaker": "老师",
    "text": "用分子乘以分子得到本子，"
  },
  {
    "start": 607.34,
    "end": 610.98,
    "speaker": "老师",
    "text": "用它们的分母相乘得到分母，"
  },
  {
    "start": 610.98,
    "end": 616.15,
    "speaker": "老师",
    "text": "然后再把它们进行约分化。"
  },
  {
    "start": 616.17,
    "end": 622.47,
    "speaker": "老师",
    "text": "简也叫最大公因式g等于二a分之y."
  },
  {
    "start": 622.47,
    "end": 624.43,
    "speaker": "老师",
    "text": "我们再看第二题，"
  },
  {
    "start": 624.91,
    "end": 629.09,
    "speaker": "老师",
    "text": "同样也是分式的乘法运算，"
  },
  {
    "start": 629.21,
    "end": 634.82,
    "speaker": "老师",
    "text": "把分子与分子相乘，"
  },
  {
    "start": 634.82,
    "end": 637.61,
    "speaker": "老师",
    "text": "得到积的分子，"
  },
  {
    "start": 637.67,
    "end": 640.56,
    "speaker": "老师",
    "text": "分母与分母相乘，"
  },
  {
    "start": 640.84,
    "end": 643.52,
    "speaker": "老师",
    "text": "得到积的分母。"
  },
  {
    "start": 643.54,
    "end": 661.04,
    "speaker": "老师",
    "text": "然后这里面有一个多项式a的平方加二a应该需要因词分解分解成a乘以括号a加二与分子中的a加二小于，"
  },
  {
    "start": 661.06,
    "end": 663.54,
    "speaker": "老师",
    "text": "最后得到我们的答案。"
  },
  {
    "start": 663.66,
    "end": 670.94,
    "speaker": "老师",
    "text": "最简分式为a乘以括号a减二分之一，"
  },
  {
    "start": 670.94,
    "end": 675.6,
    "speaker": "老师",
    "text": "有的同学写的是a的平方减二分之一，"
  },
  {
    "start": 675.6,
    "end": 679.1,
    "speaker": "老师",
    "text": "这个答案也是正确的。"
  },
  {
    "start": 679.1,
    "end": 682.06,
    "speaker": "老师",
    "text": "在分式的运算当中，"
  },
  {
    "start": 682.06,
    "end": 789.95,
    "speaker": "老师",
    "text": "我们要把它化成最简分式或者是整式。"
  },
  {
    "start": 789.95,
    "end": 793.4,
    "speaker": "老师",
    "text": "至于结果中的分母，"
  },
  {
    "start": 793.6,
    "end": 797.4,
    "speaker": "老师",
    "text": "既可以是积的形式，"
  },
  {
    "start": 797.56,
    "end": 800.43,
    "speaker": "老师",
    "text": "也可以是多项式。"
  },
  {
    "start": 800.43,
    "end": 807.49,
    "speaker": "老师",
    "text": "但是如果结果中的分母是两单项式相乘，"
  },
  {
    "start": 807.49,
    "end": 810.7,
    "speaker": "老师",
    "text": "应该运算出其结果。"
  },
  {
    "start": 811.34,
    "end": 820.39,
    "speaker": "老师",
    "text": "尼柔这个式子里面的分母是三a乘以二b的平方，"
  },
  {
    "start": 820.57,
    "end": 833.22,
    "speaker": "老师",
    "text": "应该继续化解为得到的答案为六AB的平方分之一。"
  },
  {
    "start": 833.22,
    "end": 836.82,
    "speaker": "老师",
    "text": "请同学们再思考两道题目。"
  },
  {
    "start": 837.12,
    "end": 839.21,
    "speaker": "老师",
    "text": "好了，"
  },
  {
    "start": 839.21,
    "end": 845.2,
    "speaker": "老师",
    "text": "我们看到第一小题这是一个分式的除法运算。"
  },
  {
    "start": 845.28,
    "end": 848.25,
    "speaker": "老师",
    "text": "根据分式的除法法则，"
  },
  {
    "start": 848.25,
    "end": 852.66,
    "speaker": "老师",
    "text": "我们先要把除式颠倒位置以后，"
  },
  {
    "start": 852.66,
    "end": 855.77,
    "speaker": "老师",
    "text": "再与被除式相乘，"
  },
  {
    "start": 855.89,
    "end": 860.21,
    "speaker": "老师",
    "text": "然后再用乘法法则进行下载。"
  },
  {
    "start": 860.21,
    "end": 862.75,
    "speaker": "老师",
    "text": "在这过程当中，"
  },
  {
    "start": 862.95,
    "end": 870.34,
    "speaker": "老师",
    "text": "注意约分化简最后答案等于二分之一x的平方。"
  },
  {
    "start": 870.68,
    "end": 876.11,
    "speaker": "老师",
    "text": "第二题也是一个分式的除法运算，"
  },
  {
    "start": 876.11,
    "end": 882.95,
    "speaker": "老师",
    "text": "首先把它同样跌倒位置转换成乘法，"
  },
  {
    "start": 883.27,
    "end": 886.21,
    "speaker": "老师",
    "text": "再用乘法法则相乘。"
  },
  {
    "start": 886.39,
    "end": 891.18,
    "speaker": "老师",
    "text": "但是经过观察发现，"
  },
  {
    "start": 891.18,
    "end": 896.19,
    "speaker": "老师",
    "text": "它们的分子分母都是一个多项式，"
  },
  {
    "start": 896.51,
    "end": 905.0,
    "speaker": "老师",
    "text": "所以我们要先进行因式分解。"
  },
  {
    "start": 905.64,
    "end": 912.16,
    "speaker": "老师",
    "text": "把a的平方减四分解成a加二乘以a减二，"
  },
  {
    "start": 912.16,
    "end": 914.91,
    "speaker": "老师",
    "text": "a平方减四，"
  },
  {
    "start": 914.91,
    "end": 917.99,
    "speaker": "老师",
    "text": "a加四分解成括号，"
  },
  {
    "start": 917.99,
    "end": 919.87,
    "speaker": "老师",
    "text": "a减二的平方，"
  },
  {
    "start": 920.17,
    "end": 928.31,
    "speaker": "老师",
    "text": "a平方减一分解成括号a加一乘以括号a减一。"
  },
  {
    "start": 928.31,
    "end": 933.01,
    "speaker": "老师",
    "text": "这样就能清晰的找出他们的公因式，"
  },
  {
    "start": 933.01,
    "end": 935.45,
    "speaker": "老师",
    "text": "从而约分化解。"
  },
  {
    "start": 935.45,
    "end": 942.73,
    "speaker": "老师",
    "text": "最后答案为括号a减二乘以，"
  },
  {
    "start": 943.84,
    "end": 946.32,
    "speaker": "老师",
    "text": "括号a加一分之a加二。"
  },
  {
    "start": 946.76,
    "end": 948.72,
    "speaker": "老师",
    "text": "通过上面几道题，"
  },
  {
    "start": 948.78,
    "end": 962.01,
    "speaker": "老师",
    "text": "我们可以归纳出分式在计算当中需要注意的几点。"
  },
  {
    "start": 962.09,
    "end": 970.38,
    "speaker": "老师",
    "text": "一、运用分式的乘除法则将乘法和除法转换成乘法。"
  },
  {
    "start": 970.44,
    "end": 971.06,
    "speaker": "老师",
    "text": "第二，"
  },
  {
    "start": 971.06,
    "end": 973.02,
    "speaker": "老师",
    "text": "我们的分子和分母。"
  },
  {
    "start": 973.67,
    "end": 978.22,
    "speaker": "老师",
    "text": "如果呢分解因式是应该先因子分解迪桑，"
  },
  {
    "start": 978.32,
    "end": 982.45,
    "speaker": "老师",
    "text": "通过约分把它们化简成最简分式。"
  },
  {
    "start": 982.45,
    "end": 983.03,
    "speaker": "老师",
    "text": "第四，"
  },
  {
    "start": 983.03,
    "end": 992.13,
    "speaker": "老师",
    "text": "一定要检查我们的最终的式子是否是最简的分式或是整式。"
  },
  {
    "start": 992.15,
    "end": 997.24,
    "speaker": "老师",
    "text": "接下来请同学们想一想，"
  },
  {
    "start": 997.24,
    "end": 1002.88,
    "speaker": "老师",
    "text": "a分之b括号的n次方与a的n次方，"
  },
  {
    "start": 1002.88,
    "end": 1007.92,
    "speaker": "老师",
    "text": "分之b的n次方有什么关系？"
  },
  {
    "start": 1008.56,
    "end": 1011.26,
    "speaker": "老师",
    "text": "我们看到根据幂的定义，"
  },
  {
    "start": 1011.66,
    "end": 1043.42,
    "speaker": "老师",
    "text": "我们a分之b括号的n次方是表示为由n个a分之b相乘，"
  },
  {
    "start": 1043.42,
    "end": 1136.86,
    "speaker": "老师",
    "text": "那n个a分之b相乘怎么乘呢？"
  },
  {
    "start": 1136.88,
    "end": 1141.02,
    "speaker": "老师",
    "text": "根据我们刚刚所学的知识，"
  },
  {
    "start": 1141.26,
    "end": 1151.62,
    "speaker": "老师",
    "text": "两个分式相乘是分子乘分子得到积的分子分母乘分母得到积的分母。"
  },
  {
    "start": 1151.62,
    "end": 1160.07,
    "speaker": "老师",
    "text": "那n个分式相乘同样也是分子乘分子等于有n个b相乘，"
  },
  {
    "start": 1160.07,
    "end": 1162.87,
    "speaker": "老师",
    "text": "等于b的n次方。"
  },
  {
    "start": 1163.49,
    "end": 1166.27,
    "speaker": "老师",
    "text": "分母呢有n个a相乘，"
  },
  {
    "start": 1166.37,
    "end": 1172.45,
    "speaker": "老师",
    "text": "那么就会等于a的n次方。"
  },
  {
    "start": 1172.45,
    "end": 1182.6,
    "speaker": "老师",
    "text": "所以括号a分之b的n次方应该等于a的n次方分之b的n次方，"
  },
  {
    "start": 1182.72,
    "end": 1188.14,
    "speaker": "老师",
    "text": "所以它们的关系是相等的。"
  },
  {
    "start": 1188.54,
    "end": 1193.45,
    "speaker": "老师",
    "text": "接下来我们再看两道题目。"
  },
  {
    "start": 1193.45,
    "end": 1194.34,
    "speaker": "老师",
    "text": "好了，"
  },
  {
    "start": 1195.13,
    "end": 1196.55,
    "speaker": "老师",
    "text": "看到第一题，"
  },
  {
    "start": 1196.55,
    "end": 1203.1,
    "speaker": "老师",
    "text": "根据我们刚刚所学的结论，"
  },
  {
    "start": 1203.1,
    "end": 1209.58,
    "speaker": "老师",
    "text": "知道原式的分子应该等于括号二b的平方，"
  },
  {
    "start": 1209.6,
    "end": 1214.84,
    "speaker": "老师",
    "text": "分母应该等于括号三a的平方，"
  },
  {
    "start": 1214.86,
    "end": 1361.74,
    "speaker": "老师",
    "text": "然后进行积的乘放运算。"
  },
  {
    "start": 1362.83,
    "end": 1366.55,
    "speaker": "老师",
    "text": "最终的答案等于九a的平方，"
  },
  {
    "start": 1366.55,
    "end": 1369.21,
    "speaker": "老师",
    "text": "分之四b的平方。"
  },
  {
    "start": 1369.51,
    "end": 1374.7,
    "speaker": "老师",
    "text": "第二题同样也是有指数，"
  },
  {
    "start": 1374.74,
    "end": 1381.28,
    "speaker": "老师",
    "text": "那么它的分子等于括号x平方y的平方，"
  },
  {
    "start": 1381.48,
    "end": 1385.67,
    "speaker": "老师",
    "text": "分母等于括号二z的三次方的平方。"
  },
  {
    "start": 1385.67,
    "end": 1390.35,
    "speaker": "老师",
    "text": "由于我们的指数是偶数，"
  },
  {
    "start": 1390.35,
    "end": 1395.32,
    "speaker": "老师",
    "text": "所以运算以后的符号为正号，"
  },
  {
    "start": 1396.41,
    "end": 1403.45,
    "speaker": "老师",
    "text": "再把它们的分子分母分别进行积的乘方运算。"
  },
  {
    "start": 1403.45,
    "end": 1413.66,
    "speaker": "老师",
    "text": "最终的达梅是z的六次方分之x的四次方y的平方。"
  },
  {
    "start": 1413.66,
    "end": 1418.57,
    "speaker": "老师",
    "text": "接下来我们进入当堂检测环节，"
  },
  {
    "start": 1418.57,
    "end": 1422.54,
    "speaker": "老师",
    "text": "请同学们看到上面四题，"
  },
  {
    "start": 1422.54,
    "end": 1427.07,
    "speaker": "老师",
    "text": "把它的计算过程与结果写出来。"
  },
  {
    "start": 1427.07,
    "end": 1428.19,
    "speaker": "老师",
    "text": "同见没？"
  },
  {
    "start": 1428.55,
    "end": 1430.45,
    "speaker": "老师",
    "text": "你们做好了吗？"
  },
  {
    "start": 1430.69,
    "end": 1436.46,
    "speaker": "老师",
    "text": "我们先看一下前面两个题，"
  },
  {
    "start": 1436.5,
    "end": 1443.59,
    "speaker": "老师",
    "text": "第一题是有关于分式的乘法运算。"
  },
  {
    "start": 1444.19,
    "end": 1446.35,
    "speaker": "老师",
    "text": "根据乘法法则，"
  },
  {
    "start": 1446.37,
    "end": 1455.82,
    "speaker": "老师",
    "text": "分子相乘的分子分母相乘的分母约分化，"
  },
  {
    "start": 1455.82,
    "end": 1467.0,
    "speaker": "老师",
    "text": "简得a分之b因为它们的分子分母都是单项式，"
  },
  {
    "start": 1467.0,
    "end": 1469.68,
    "speaker": "老师",
    "text": "所以相对比较简单。"
  },
  {
    "start": 1469.76,
    "end": 1471.99,
    "speaker": "老师",
    "text": "第二题，"
  },
  {
    "start": 1471.99,
    "end": 1476.29,
    "speaker": "老师",
    "text": "这是一个分式的除法运算，"
  },
  {
    "start": 1476.29,
    "end": 1481.81,
    "speaker": "老师",
    "text": "而且我们的分子分母里面都是多项式。"
  },
  {
    "start": 1482.21,
    "end": 1486.74,
    "speaker": "老师",
    "text": "所以我们根据除法法则，"
  },
  {
    "start": 1486.74,
    "end": 1491.21,
    "speaker": "老师",
    "text": "首先把它转换成乘法，"
  },
  {
    "start": 1491.31,
    "end": 1496.49,
    "speaker": "老师",
    "text": "颠倒位置以后再进行因式分解。"
  },
  {
    "start": 1496.49,
    "end": 1510.5,
    "speaker": "老师",
    "text": "在因式分解的候稍微注意a的平方减九应该等于括号a加三乘以a减三，"
  },
  {
    "start": 1510.5,
    "end": 1512.36,
    "speaker": "老师",
    "text": "a的平方加四，"
  },
  {
    "start": 1514.15,
    "end": 1519.69,
    "speaker": "老师",
    "text": "a加四应该是等于括号a加二的啊，"
  },
  {
    "start": 1519.85,
    "end": 1522.73,
    "speaker": "老师",
    "text": "再约去公应室。"
  },
  {
    "start": 1522.73,
    "end": 1530.13,
    "speaker": "老师",
    "text": "那么最后的答案等于括号a加三乘以括号a加二分之一。"
  },
  {
    "start": 1530.13,
    "end": 1532.57,
    "speaker": "老师",
    "text": "再看第三第四题。"
  },
  {
    "start": 1532.61,
    "end": 1540.18,
    "speaker": "老师",
    "text": "第三题是一个分式的乘法运算，"
  },
  {
    "start": 1540.18,
    "end": 1544.69,
    "speaker": "老师",
    "text": "相乘以后再进行因式分解。"
  },
  {
    "start": 1544.73,
    "end": 1548.08,
    "speaker": "老师",
    "text": "因式分解的时候，"
  },
  {
    "start": 1548.08,
    "end": 1554.28,
    "speaker": "老师",
    "text": "我们要注意使分子当中应该提负m出来。"
  },
  {
    "start": 1554.34,
    "end": 1561.95,
    "speaker": "老师",
    "text": "这样另一个因式等于负m加三才，"
  },
  {
    "start": 1561.95,
    "end": 1565.11,
    "speaker": "老师",
    "text": "可与分母中的三减m相约，"
  },
  {
    "start": 1565.11,
    "end": 1573.24,
    "speaker": "老师",
    "text": "为什么提负m出来不提m呢？"
  },
  {
    "start": 1577.85,
    "end": 1584.9,
    "speaker": "老师",
    "text": "因为我们的m减三与三减m是互为相反数，"
  },
  {
    "start": 1584.9,
    "end": 1587.71,
    "speaker": "老师",
    "text": "不是相等的，"
  },
  {
    "start": 1587.71,
    "end": 1589.92,
    "speaker": "老师",
    "text": "不能相约，"
  },
  {
    "start": 1590.04,
    "end": 1592.22,
    "speaker": "老师",
    "text": "不可麻痹大意。"
  },
  {
    "start": 1592.22,
    "end": 1600.33,
    "speaker": "老师",
    "text": "最后我们的答案等于三加m分之m的相反数，"
  },
  {
    "start": 1600.33,
    "end": 1604.19,
    "speaker": "老师",
    "text": "注意符号不要漏脚。"
  },
  {
    "start": 1604.19,
    "end": 1606.21,
    "speaker": "老师",
    "text": "再看第四题，"
  },
  {
    "start": 1606.21,
    "end": 1611.68,
    "speaker": "老师",
    "text": "第四题当中你会发现它有指数啊，"
  },
  {
    "start": 1611.76,
    "end": 1615.89,
    "speaker": "老师",
    "text": "那么我们首先要解决这个问题，"
  },
  {
    "start": 1615.89,
    "end": 1628.14,
    "speaker": "老师",
    "text": "根据刚刚的知识把它化简成a减b分之a乘以b的平方分之括号b减a的平方，"
  },
  {
    "start": 1628.22,
    "end": 1630.94,
    "speaker": "老师",
    "text": "然后再进行因式分解。"
  },
  {
    "start": 1631.2,
    "end": 1643.1,
    "speaker": "老师",
    "text": "那么为了得到公因式a减b我们要先将括号b减a的平方转换成括号a减b的平方，"
  },
  {
    "start": 1643.26,
    "end": 1646.47,
    "speaker": "老师",
    "text": "最后进行约分化，"
  },
  {
    "start": 1646.47,
    "end": 1787.19,
    "speaker": "老师",
    "text": "简得到最后的答案为b的平方分之a的平方减AB."
  },
  {
    "start": 1787.19,
    "end": 1787.93,
    "speaker": "老师",
    "text": "同学们，"
  },
  {
    "start": 1787.93,
    "end": 1791.12,
    "speaker": "老师",
    "text": "你们做对了吗？"
  },
  {
    "start": 1791.14,
    "end": 1793.18,
    "speaker": "老师",
    "text": "这是什么水果呢？"
  },
  {
    "start": 1793.34,
    "end": 1794.24,
    "speaker": "老师",
    "text": "是西瓜，"
  },
  {
    "start": 1794.24,
    "end": 1799.01,
    "speaker": "老师",
    "text": "西瓜是夏天必备的消暑食品，"
  },
  {
    "start": 1800.63,
    "end": 1802.99,
    "speaker": "老师",
    "text": "在炎热的夏天，"
  },
  {
    "start": 1802.99,
    "end": 1805.43,
    "speaker": "老师",
    "text": "吃着冰凉的西瓜，"
  },
  {
    "start": 1805.43,
    "end": 1806.63,
    "speaker": "老师",
    "text": "想一想，"
  },
  {
    "start": 1806.63,
    "end": 1810.4,
    "speaker": "老师",
    "text": "都是让人觉得清爽。"
  },
  {
    "start": 1810.4,
    "end": 1813.38,
    "speaker": "老师",
    "text": "在购买西瓜时，"
  },
  {
    "start": 1813.44,
    "end": 1821.19,
    "speaker": "老师",
    "text": "人们总是希望西瓜囊占整个西瓜的比例越大越好。"
  },
  {
    "start": 1821.19,
    "end": 1826.2,
    "speaker": "老师",
    "text": "假如我们把西瓜都看成球形，"
  },
  {
    "start": 1826.22,
    "end": 1831.61,
    "speaker": "老师",
    "text": "而且西瓜丸的分布是均匀的，"
  },
  {
    "start": 1831.65,
    "end": 1846.77,
    "speaker": "老师",
    "text": "西瓜皮的厚度都是d已知球的体积公式为v等于三分之四派r的立方r为球的半径，"
  },
  {
    "start": 1846.77,
    "end": 1851.57,
    "speaker": "老师",
    "text": "那么西瓜篮与整个西瓜的体积各是多少？"
  },
  {
    "start": 1851.63,
    "end": 1852.33,
    "speaker": "老师",
    "text": "第二，"
  },
  {
    "start": 1852.35,
    "end": 1856.9,
    "speaker": "老师",
    "text": "西瓜篮与整个西瓜的体积之比是多少？"
  },
  {
    "start": 1856.9,
    "end": 1857.68,
    "speaker": "老师",
    "text": "第三，"
  },
  {
    "start": 1857.68,
    "end": 1862.67,
    "speaker": "老师",
    "text": "你认为是买大西瓜合算，"
  },
  {
    "start": 1862.67,
    "end": 1864.87,
    "speaker": "老师",
    "text": "还是买小西瓜合算？"
  },
  {
    "start": 1864.87,
    "end": 1868.51,
    "speaker": "老师",
    "text": "请同学们认真思考一下。"
  },
  {
    "start": 1868.57,
    "end": 1869.16,
    "speaker": "老师",
    "text": "好了，"
  },
  {
    "start": 1870.59,
    "end": 1872.33,
    "speaker": "老师",
    "text": "我们看一下。"
  },
  {
    "start": 1872.33,
    "end": 1873.2,
    "speaker": "老师",
    "text": "第一问，"
  },
  {
    "start": 1874.02,
    "end": 1879.56,
    "speaker": "老师",
    "text": "西瓜囊与整个西瓜的体积各是多少？"
  },
  {
    "start": 1879.56,
    "end": 1882.52,
    "speaker": "老师",
    "text": "通过审题，"
  },
  {
    "start": 1882.58,
    "end": 1885.84,
    "speaker": "老师",
    "text": "我们发现两个关键的条件。"
  },
  {
    "start": 1885.84,
    "end": 1892.85,
    "speaker": "老师",
    "text": "第一个西瓜皮的厚度都是d第二球的体积，"
  },
  {
    "start": 1893.05,
    "end": 1901.92,
    "speaker": "老师",
    "text": "公式为v等于三分之四派r的立方。"
  },
  {
    "start": 1901.92,
    "end": 1925.0,
    "speaker": "老师",
    "text": "我们说西瓜的半径为r那么因为西瓜皮的厚度是d所以西瓜瓤的半径就是r减d根据题意可得整个西瓜的体积v一等于三分之四派r的立方。"
  },
  {
    "start": 1925.2,
    "end": 1935.99,
    "speaker": "老师",
    "text": "西瓜棱的体积呢v二等于三分之四派括号r减d的立方。"
  },
  {
    "start": 1936.07,
    "end": 1938.91,
    "speaker": "老师",
    "text": "再看第二题，"
  },
  {
    "start": 1938.91,
    "end": 1945.31,
    "speaker": "老师",
    "text": "西瓜囊与整个西瓜的体积之比是多少？"
  },
  {
    "start": 1946.28,
    "end": 1948.36,
    "speaker": "老师",
    "text": "在第一问里面，"
  },
  {
    "start": 1948.4,
    "end": 1955.05,
    "speaker": "老师",
    "text": "我们已经分别的把它们俩的体积求出来了。"
  },
  {
    "start": 1955.05,
    "end": 1964.88,
    "speaker": "老师",
    "text": "所以它的体积之比可以写成v一分之v二等于三分之四派，"
  },
  {
    "start": 1964.88,
    "end": 1974.1,
    "speaker": "老师",
    "text": "r的立方分之三分之四派。"
  },
  {
    "start": 1974.74,
    "end": 1980.64,
    "speaker": "老师",
    "text": "括号r减d的立方约去公因式三分之四派，"
  },
  {
    "start": 1980.9,
    "end": 1985.63,
    "speaker": "老师",
    "text": "就会等于r的立方分之。"
  },
  {
    "start": 1985.63,
    "end": 1994.1,
    "speaker": "老师",
    "text": "括号r减d的立方为了更好的体现r与d在比例中的作用，"
  },
  {
    "start": 1994.42,
    "end": 2001.6,
    "speaker": "老师",
    "text": "通常会把它转换成这样的形式，"
  },
  {
    "start": 2001.6,
    "end": 2006.8,
    "speaker": "老师",
    "text": "即括号一减二分之d的地方。"
  },
  {
    "start": 2006.86,
    "end": 2008.52,
    "speaker": "老师",
    "text": "再看第三问，"
  },
  {
    "start": 2008.52,
    "end": 2013.48,
    "speaker": "老师",
    "text": "你认为是买大西瓜合算呢，"
  },
  {
    "start": 2013.58,
    "end": 2015.84,
    "speaker": "老师",
    "text": "还是小西瓜合算？"
  },
  {
    "start": 2015.84,
    "end": 2035.6,
    "speaker": "老师",
    "text": "在r组我们已经求出西瓜棱与整个西瓜的体积之比是括号一减r分之d的立方。"
  },
  {
    "start": 2035.6,
    "end": 2039.29,
    "speaker": "老师",
    "text": "那么我们发现在西瓜皮的厚度都是d的前提下，"
  },
  {
    "start": 2038.96,
    "end": 2039.29,
    "speaker": "老师",
    "text": "当r越大八分之d呢月下那一减r分之d呢那就越大，"
  },
  {
    "start": 2038.96,
    "end": 2039.29,
    "speaker": "老师",
    "text": "所以括号一减r分之d的立方就越大。"
  },
  {
    "start": 2038.96,
    "end": 2039.29,
    "speaker": "老师",
    "text": "所以我们觉得买大西瓜合算，"
  },
  {
    "start": 2038.96,
    "end": 2039.29,
    "speaker": "老师",
    "text": "虽然买大西瓜比较合算，"
  },
  {
    "start": 2038.96,
    "end": 2039.29,
    "speaker": "老师",
    "text": "但是不要浪费哦。"
  },
  {
    "start": 2038.96,
    "end": 2039.29,
    "speaker": "老师",
    "text": "接下来我们回顾一下在本节课的学习当中，"
  },
  {
    "start": 2038.96,
    "end": 2039.29,
    "speaker": "老师",
    "text": "我们有什么收获呢？"
  },
  {
    "start": 2038.96,
    "end": 2039.29,
    "speaker": "老师",
    "text": "在本节课当中，"
  },
  {
    "start": 2038.96,
    "end": 2039.29,
    "speaker": "老师",
    "text": "我们学习啦分式的乘法法则，"
  },
  {
    "start": 2038.96,
    "end": 2039.29,
    "speaker": "老师",
    "text": "a分之b乘以c分之d等于AC分之BD,"
  },
  {
    "start": 2038.96,
    "end": 2039.29,
    "speaker": "老师",
    "text": "还有分式的除法法则，"
  },
  {
    "start": 2038.96,
    "end": 2039.29,
    "speaker": "老师",
    "text": "a分之b除以c分之d等于a分之b乘以d分之c等于AD分之BC."
  },
  {
    "start": 2038.96,
    "end": 2039.29,
    "speaker": "老师",
    "text": "另外我们还推导出这么结论，"
  },
  {
    "start": 2038.96,
    "end": 2039.29,
    "speaker": "老师",
    "text": "括号a分之b的n次方等于a的n次方分之b的n次方。"
  },
  {
    "start": 2038.96,
    "end": 2039.29,
    "speaker": "老师",
    "text": "另外我们还学会了用以上的知识解决一些实际问题。"
  },
  {
    "start": 2038.96,
    "end": 2039.29,
    "speaker": "老师",
    "text": "最后是我们这节课的作业，"
  },
  {
    "start": 2038.96,
    "end": 2039.29,
    "speaker": "老师",
    "text": "请同学们回去以后认真完成。"
  },
  {
    "start": 2038.96,
    "end": 2039.29,
    "speaker": "老师",
    "text": "好了，"
  },
  {
    "start": 2038.96,
    "end": 2039.29,
    "speaker": "老师",
    "text": "今天这节课就和大家学习到这里，"
  },
  {
    "start": 2038.96,
    "end": 2039.29,
    "speaker": "老师",
    "text": "谢谢收看。"
  }
]