[
  {
    "start": 3.92,
    "end": 9.34,
    "speaker": "老师",
    "text": "嗯，"
  },
  {
    "start": 9.34,
    "end": 10.54,
    "speaker": "老师",
    "text": "同学们好，"
  },
  {
    "start": 10.54,
    "end": 15.22,
    "speaker": "老师",
    "text": "我是南昌市红谷滩实验学校的付九东老师。"
  },
  {
    "start": 15.22,
    "end": 15.58,
    "speaker": "老师",
    "text": "今天，"
  },
  {
    "start": 15.58,
    "end": 22.06,
    "speaker": "老师",
    "text": "我们一起来学习十九点一节习题讲评第一课时，"
  },
  {
    "start": 22.06,
    "end": 32.11,
    "speaker": "老师",
    "text": "我们将从这几个模块展开学习函数概念、函数表达函数应用。"
  },
  {
    "start": 32.11,
    "end": 37.81,
    "speaker": "老师",
    "text": "首先我们一起来回顾一下常量和变量。"
  },
  {
    "start": 37.81,
    "end": 40.55,
    "speaker": "老师",
    "text": "在一个变化的过程中，"
  },
  {
    "start": 40.55,
    "end": 45.83,
    "speaker": "老师",
    "text": "我们称数值发生变化的量为变量，"
  },
  {
    "start": 45.87,
    "end": 50.35,
    "speaker": "老师",
    "text": "数值始终不变的量为常量例。"
  },
  {
    "start": 50.35,
    "end": 55.91,
    "speaker": "老师",
    "text": "一、请指出下列变化过程中的常量和变量。"
  },
  {
    "start": 55.97,
    "end": 56.81,
    "speaker": "老师",
    "text": "第一，"
  },
  {
    "start": 56.85,
    "end": 59.03,
    "speaker": "老师",
    "text": "小问某水果店，"
  },
  {
    "start": 59.03,
    "end": 61.53,
    "speaker": "老师",
    "text": "橘子的单价为五元，"
  },
  {
    "start": 61.65,
    "end": 71.13,
    "speaker": "老师",
    "text": "每千克买a千克橘子的总价为m元。"
  },
  {
    "start": 71.13,
    "end": 75.07,
    "speaker": "老师",
    "text": "请指出产量和变量很显然。"
  },
  {
    "start": 75.07,
    "end": 76.33,
    "speaker": "老师",
    "text": "常量是五，"
  },
  {
    "start": 76.33,
    "end": 80.07,
    "speaker": "老师",
    "text": "变量是a和m大家要注意，"
  },
  {
    "start": 80.15,
    "end": 85.81,
    "speaker": "老师",
    "text": "我们的常量和变量是数值，"
  },
  {
    "start": 85.85,
    "end": 87.77,
    "speaker": "老师",
    "text": "它是没有单位的。"
  },
  {
    "start": 87.91,
    "end": 101.49,
    "speaker": "老师",
    "text": "请看第二小题周长c与圆的半径r之间的关系是c等于二派r中。"
  },
  {
    "start": 101.55,
    "end": 108.45,
    "speaker": "老师",
    "text": "请指出常量和变量我们可知常量是r和派，"
  },
  {
    "start": 108.57,
    "end": 114.41,
    "speaker": "老师",
    "text": "变量是c和r第三小问三角形的一边长七厘米，"
  },
  {
    "start": 115.17,
    "end": 125.22,
    "speaker": "老师",
    "text": "它的面积s与这边上的高h的关系是s等于二分之七。"
  },
  {
    "start": 126.68,
    "end": 127.78,
    "speaker": "老师",
    "text": "H中指出，"
  },
  {
    "start": 127.78,
    "end": 134.57,
    "speaker": "老师",
    "text": "常量和变量很明显的产量是二分之七，"
  },
  {
    "start": 134.87,
    "end": 136.57,
    "speaker": "老师",
    "text": "变量是s和h."
  },
  {
    "start": 136.63,
    "end": 142.2,
    "speaker": "老师",
    "text": "接下来我们来回顾一下函数的概念。"
  },
  {
    "start": 143.0,
    "end": 146.58,
    "speaker": "老师",
    "text": "在一个变化过程中，"
  },
  {
    "start": 146.58,
    "end": 149.62,
    "speaker": "老师",
    "text": "如果有两个变量x和y,"
  },
  {
    "start": 149.66,
    "end": 155.69,
    "speaker": "老师",
    "text": "并且对于x的每一个确定的值，"
  },
  {
    "start": 155.71,
    "end": 160.09,
    "speaker": "老师",
    "text": "y有唯一确定的值与其对应。"
  },
  {
    "start": 160.27,
    "end": 163.39,
    "speaker": "老师",
    "text": "那么我们就说x是自变量，"
  },
  {
    "start": 163.55,
    "end": 167.15,
    "speaker": "老师",
    "text": "y是x的函数特别的。"
  },
  {
    "start": 167.15,
    "end": 171.61,
    "speaker": "老师",
    "text": "如果当x等于a时，"
  },
  {
    "start": 171.61,
    "end": 181.06,
    "speaker": "老师",
    "text": "y等于b那么b叫做当自变量的值为a时的函数值。"
  },
  {
    "start": 181.06,
    "end": 188.64,
    "speaker": "老师",
    "text": "接下来我们一起来对函数自变量函数值加以认识。"
  },
  {
    "start": 188.64,
    "end": 190.84,
    "speaker": "老师",
    "text": "请看例二，"
  },
  {
    "start": 190.92,
    "end": 195.52,
    "speaker": "老师",
    "text": "下列关于变量XY的关系是，"
  },
  {
    "start": 195.74,
    "end": 212.4,
    "speaker": "老师",
    "text": "一y等于二x加三二y等于x平方加三三y等于x绝对值的两倍。"
  },
  {
    "start": 212.4,
    "end": 216.36,
    "speaker": "老师",
    "text": "四y的平方减三x等于十，"
  },
  {
    "start": 216.36,
    "end": 219.8,
    "speaker": "老师",
    "text": "其中表示y是x的函数。"
  },
  {
    "start": 219.8,
    "end": 221.02,
    "speaker": "老师",
    "text": "关系的是。"
  },
  {
    "start": 221.22,
    "end": 223.48,
    "speaker": "老师",
    "text": "同学们想一想，"
  },
  {
    "start": 223.54,
    "end": 229.7,
    "speaker": "老师",
    "text": "我们判断一个变量是否是另一个变量的函数，"
  },
  {
    "start": 229.78,
    "end": 234.26,
    "speaker": "老师",
    "text": "关键是看当一个变量的值确定时，"
  },
  {
    "start": 234.44,
    "end": 238.34,
    "speaker": "老师",
    "text": "另一个变量是否有唯一确定的值。"
  },
  {
    "start": 238.5,
    "end": 239.8,
    "speaker": "老师",
    "text": "与其对应。"
  },
  {
    "start": 239.8,
    "end": 245.16,
    "speaker": "老师",
    "text": "我们首先看到第一个y等于二，"
  },
  {
    "start": 245.16,
    "end": 246.46,
    "speaker": "老师",
    "text": "x加三。"
  },
  {
    "start": 246.58,
    "end": 250.58,
    "speaker": "老师",
    "text": "很显然当x取一个确定的值的时候，"
  },
  {
    "start": 250.7,
    "end": 254.2,
    "speaker": "老师",
    "text": "y有唯一确定的值和它对应，"
  },
  {
    "start": 254.2,
    "end": 258.84,
    "speaker": "老师",
    "text": "所以y是x的函数关系。"
  },
  {
    "start": 259.26,
    "end": 262.4,
    "speaker": "老师",
    "text": "第二个y等于x平方加三，"
  },
  {
    "start": 262.52,
    "end": 264.14,
    "speaker": "老师",
    "text": "我们也可知，"
  },
  {
    "start": 264.14,
    "end": 267.54,
    "speaker": "老师",
    "text": "当x取一个确定的值的时候，"
  },
  {
    "start": 267.54,
    "end": 271.68,
    "speaker": "老师",
    "text": "y也有唯一确定的值和它对应，"
  },
  {
    "start": 271.68,
    "end": 275.2,
    "speaker": "老师",
    "text": "所以它也是函数关系。"
  },
  {
    "start": 275.28,
    "end": 279.58,
    "speaker": "老师",
    "text": "第三个y等于x绝对值的两倍。"
  },
  {
    "start": 279.58,
    "end": 281.52,
    "speaker": "老师",
    "text": "我们看一看，"
  },
  {
    "start": 281.52,
    "end": 284.08,
    "speaker": "老师",
    "text": "当x取一个确定的值的时候，"
  },
  {
    "start": 284.48,
    "end": 287.42,
    "speaker": "老师",
    "text": "y也有唯一确定的值和它对应。"
  },
  {
    "start": 287.42,
    "end": 292.06,
    "speaker": "老师",
    "text": "所以第三个也是函数关系。"
  },
  {
    "start": 292.08,
    "end": 297.93,
    "speaker": "老师",
    "text": "我们看到第四个y平方减三x等于十，"
  },
  {
    "start": 297.93,
    "end": 302.47,
    "speaker": "老师",
    "text": "如果x取一个确定的值，"
  },
  {
    "start": 302.47,
    "end": 309.2,
    "speaker": "老师",
    "text": "y是否有唯一确定的值和它对应呢？"
  },
  {
    "start": 309.2,
    "end": 312.87,
    "speaker": "老师",
    "text": "我们不妨取x等于一的时候，"
  },
  {
    "start": 312.87,
    "end": 349.69,
    "speaker": "老师",
    "text": "可以解得y等于正负根号十三。"
  },
  {
    "start": 350.05,
    "end": 351.37,
    "speaker": "老师",
    "text": "由此可知，"
  },
  {
    "start": 351.45,
    "end": 353.67,
    "speaker": "老师",
    "text": "x取一个确定的值，"
  },
  {
    "start": 353.67,
    "end": 356.85,
    "speaker": "老师",
    "text": "一y有两个值和它对应，"
  },
  {
    "start": 356.93,
    "end": 359.53,
    "speaker": "老师",
    "text": "所以这不是函数关系，"
  },
  {
    "start": 359.85,
    "end": 363.37,
    "speaker": "老师",
    "text": "正确的答案有一二三，"
  },
  {
    "start": 363.55,
    "end": 366.53,
    "speaker": "老师",
    "text": "你们做的是这样的吗？"
  },
  {
    "start": 366.73,
    "end": 367.19,
    "speaker": "老师",
    "text": "好，"
  },
  {
    "start": 367.19,
    "end": 370.61,
    "speaker": "老师",
    "text": "接下来请同学们练一练。"
  },
  {
    "start": 370.67,
    "end": 371.33,
    "speaker": "老师",
    "text": "好，"
  },
  {
    "start": 371.35,
    "end": 373.43,
    "speaker": "老师",
    "text": "我们一起来看。"
  },
  {
    "start": 373.43,
    "end": 377.39,
    "speaker": "老师",
    "text": "这里面呢x取了一四九十六，"
  },
  {
    "start": 377.43,
    "end": 381.39,
    "speaker": "老师",
    "text": "那我们求出对应的y的值，"
  },
  {
    "start": 381.47,
    "end": 390.97,
    "speaker": "老师",
    "text": "它满足y的平方等于x由此可知第一空y等于一和负四，"
  },
  {
    "start": 391.53,
    "end": 395.07,
    "speaker": "老师",
    "text": "第三空y等于二和负二，"
  },
  {
    "start": 395.07,
    "end": 398.66,
    "speaker": "老师",
    "text": "第三空y等于三和负三，"
  },
  {
    "start": 398.66,
    "end": 408.47,
    "speaker": "老师",
    "text": "第四空y等于四和负四。"
  },
  {
    "start": 408.55,
    "end": 410.73,
    "speaker": "老师",
    "text": "我们回答第一小问，"
  },
  {
    "start": 410.73,
    "end": 417.37,
    "speaker": "老师",
    "text": "对于x的每一个值y都是有唯一的值与之对应吗？"
  },
  {
    "start": 417.37,
    "end": 422.44,
    "speaker": "老师",
    "text": "很显然不是那y是x的函数吗？"
  },
  {
    "start": 422.44,
    "end": 427.63,
    "speaker": "老师",
    "text": "为什么y不是x的函数？"
  },
  {
    "start": 427.63,
    "end": 431.59,
    "speaker": "老师",
    "text": "因为x取一个确定的值，"
  },
  {
    "start": 431.59,
    "end": 434.91,
    "speaker": "老师",
    "text": "y有两个值与它对应。"
  },
  {
    "start": 434.91,
    "end": 437.19,
    "speaker": "老师",
    "text": "接下来我们看到第二题，"
  },
  {
    "start": 437.25,
    "end": 440.5,
    "speaker": "老师",
    "text": "同学们想一想，"
  },
  {
    "start": 440.5,
    "end": 440.88,
    "speaker": "老师",
    "text": "好，"
  },
  {
    "start": 441.36,
    "end": 446.8,
    "speaker": "老师",
    "text": "我们一起来看下列曲线中表示，"
  },
  {
    "start": 447.04,
    "end": 450.8,
    "speaker": "老师",
    "text": "y不是x的函数是哪一个？"
  },
  {
    "start": 451.08,
    "end": 453.14,
    "speaker": "老师",
    "text": "我们首先看到a选项，"
  },
  {
    "start": 453.14,
    "end": 458.12,
    "speaker": "老师",
    "text": "首先自变量x取一个确定的值，"
  },
  {
    "start": 458.12,
    "end": 464.28,
    "speaker": "老师",
    "text": "a我们发现有唯一确定的值可在对应。"
  },
  {
    "start": 464.28,
    "end": 466.64,
    "speaker": "老师",
    "text": "所以a是函数关系。"
  },
  {
    "start": 466.64,
    "end": 469.1,
    "speaker": "老师",
    "text": "看到b选项，"
  },
  {
    "start": 470.07,
    "end": 474.81,
    "speaker": "老师",
    "text": "当自变量x取一个确定的值a时，"
  },
  {
    "start": 475.09,
    "end": 481.09,
    "speaker": "老师",
    "text": "通过图像我们发现它有两个值和它对应，"
  },
  {
    "start": 481.23,
    "end": 484.59,
    "speaker": "老师",
    "text": "所以y不是x的函数。"
  },
  {
    "start": 484.59,
    "end": 491.44,
    "speaker": "老师",
    "text": "我们再来看到c当自变量x取一个确定的值a时，"
  },
  {
    "start": 491.44,
    "end": 496.57,
    "speaker": "老师",
    "text": "它也有唯一确定的值和它对应。"
  },
  {
    "start": 496.57,
    "end": 500.9,
    "speaker": "老师",
    "text": "所以c选项y是x的函数。"
  },
  {
    "start": 500.9,
    "end": 503.34,
    "speaker": "老师",
    "text": "再看到d选项，"
  },
  {
    "start": 503.34,
    "end": 506.83,
    "speaker": "老师",
    "text": "当x取一个确定的值a时，"
  },
  {
    "start": 507.52,
    "end": 512.55,
    "speaker": "老师",
    "text": "我们有唯一确定的值b和它对应，"
  },
  {
    "start": 512.69,
    "end": 516.46,
    "speaker": "老师",
    "text": "所以d也是函数关系。"
  },
  {
    "start": 516.46,
    "end": 522.38,
    "speaker": "老师",
    "text": "所以正确的答案是选b你们想的是这样的吗？"
  },
  {
    "start": 522.38,
    "end": 522.8,
    "speaker": "老师",
    "text": "好，"
  },
  {
    "start": 522.8,
    "end": 526.32,
    "speaker": "老师",
    "text": "接下来我们看到例三，"
  },
  {
    "start": 527.43,
    "end": 528.67,
    "speaker": "老师",
    "text": "下列函数中，"
  },
  {
    "start": 528.71,
    "end": 533.59,
    "speaker": "老师",
    "text": "自变量x的取值范围是什么？"
  },
  {
    "start": 533.59,
    "end": 537.44,
    "speaker": "老师",
    "text": "我们首先要想一想，"
  },
  {
    "start": 537.44,
    "end": 541.42,
    "speaker": "老师",
    "text": "如何来确定自变量的取值范围呢？"
  },
  {
    "start": 541.42,
    "end": 549.06,
    "speaker": "老师",
    "text": "它其实就是是函数解析式有意义的自变量的全体。"
  },
  {
    "start": 549.06,
    "end": 556.38,
    "speaker": "老师",
    "text": "我们看到第一个很显然x可以取全体的实数。"
  },
  {
    "start": 556.54,
    "end": 560.66,
    "speaker": "老师",
    "text": "第二个y等于x加二分之一，"
  },
  {
    "start": 560.82,
    "end": 564.26,
    "speaker": "老师",
    "text": "要使得函数解析式有意义。"
  },
  {
    "start": 564.26,
    "end": 569.27,
    "speaker": "老师",
    "text": "我们必须保证分母x加二不等于零，"
  },
  {
    "start": 569.27,
    "end": 572.35,
    "speaker": "老师",
    "text": "由此可以得到x不等于负。"
  },
  {
    "start": 572.35,
    "end": 572.77,
    "speaker": "老师",
    "text": "二，"
  },
  {
    "start": 572.77,
    "end": 577.66,
    "speaker": "老师",
    "text": "看到第三个y等于根号x减五，"
  },
  {
    "start": 578.02,
    "end": 582.0,
    "speaker": "老师",
    "text": "要使得函数解析式有意义，"
  },
  {
    "start": 582.04,
    "end": 615.39,
    "speaker": "老师",
    "text": "必须保证被开方数x减五大于或等于零。"
  },
  {
    "start": 615.39,
    "end": 618.95,
    "speaker": "老师",
    "text": "由此可得x大于或等于五，"
  },
  {
    "start": 618.97,
    "end": 625.31,
    "speaker": "老师",
    "text": "再看到第四个y等于x加一分之根号x加二。"
  },
  {
    "start": 625.31,
    "end": 628.99,
    "speaker": "老师",
    "text": "首先我们要保证分母不等于零，"
  },
  {
    "start": 628.99,
    "end": 632.73,
    "speaker": "老师",
    "text": "其次被开方数x加二大于或等于零。"
  },
  {
    "start": 632.73,
    "end": 636.01,
    "speaker": "老师",
    "text": "我们可以解得x不等于负一，"
  },
  {
    "start": 636.37,
    "end": 638.71,
    "speaker": "老师",
    "text": "x大于等于负二，"
  },
  {
    "start": 638.89,
    "end": 642.93,
    "speaker": "老师",
    "text": "将解集在数轴上表示出来，"
  },
  {
    "start": 642.95,
    "end": 648.63,
    "speaker": "老师",
    "text": "所以得到我们x的取值范围是x大于等于负二，"
  },
  {
    "start": 648.67,
    "end": 651.03,
    "speaker": "老师",
    "text": "且x不等于负一，"
  },
  {
    "start": 651.65,
    "end": 654.79,
    "speaker": "老师",
    "text": "接下来请同学们练一练。"
  },
  {
    "start": 654.97,
    "end": 655.51,
    "speaker": "老师",
    "text": "好，"
  },
  {
    "start": 655.79,
    "end": 661.85,
    "speaker": "老师",
    "text": "我们一起来看求下列函数中自变量x的取值范围。"
  },
  {
    "start": 661.85,
    "end": 666.85,
    "speaker": "老师",
    "text": "很显然第一个x可以取全体实数。"
  },
  {
    "start": 666.85,
    "end": 671.61,
    "speaker": "老师",
    "text": "我们看到第二个y等于四x加八分之三，"
  },
  {
    "start": 671.99,
    "end": 675.86,
    "speaker": "老师",
    "text": "要使得函数解析式有意义，"
  },
  {
    "start": 675.86,
    "end": 684.57,
    "speaker": "老师",
    "text": "那我们就要保证分母四x加八不等于零，"
  },
  {
    "start": 684.79,
    "end": 689.23,
    "speaker": "老师",
    "text": "可以解得x不等于负二。"
  },
  {
    "start": 689.23,
    "end": 701.88,
    "speaker": "老师",
    "text": "第三个y等于根号x加三被开方数x加三要大于或等于零，"
  },
  {
    "start": 704.37,
    "end": 709.25,
    "speaker": "老师",
    "text": "我们可以得到x大于或等于负三。"
  },
  {
    "start": 709.41,
    "end": 716.46,
    "speaker": "老师",
    "text": "第四个y等于根号x加一加上一减x分之一。"
  },
  {
    "start": 717.21,
    "end": 722.09,
    "speaker": "老师",
    "text": "首先我们要保证被开方数x加一大于或等于零，"
  },
  {
    "start": 722.09,
    "end": 725.11,
    "speaker": "老师",
    "text": "分母一减x不等于零。"
  },
  {
    "start": 725.23,
    "end": 730.47,
    "speaker": "老师",
    "text": "我们也可以将解集在数轴上表示出来，"
  },
  {
    "start": 730.47,
    "end": 735.33,
    "speaker": "老师",
    "text": "最后得到x的取值范围是x大于等于负一，"
  },
  {
    "start": 735.33,
    "end": 737.63,
    "speaker": "老师",
    "text": "且x不等于一。"
  },
  {
    "start": 737.73,
    "end": 739.29,
    "speaker": "老师",
    "text": "同学们，"
  },
  {
    "start": 739.29,
    "end": 743.54,
    "speaker": "老师",
    "text": "你们做对了吗？"
  },
  {
    "start": 743.54,
    "end": 744.0,
    "speaker": "老师",
    "text": "好，"
  },
  {
    "start": 744.08,
    "end": 745.42,
    "speaker": "老师",
    "text": "请看例四，"
  },
  {
    "start": 745.56,
    "end": 750.56,
    "speaker": "老师",
    "text": "已知函数y等于x加一分之四x减二，"
  },
  {
    "start": 750.56,
    "end": 766.5,
    "speaker": "老师",
    "text": "第一问求当x等于二三负三十函数的值，"
  },
  {
    "start": 766.6,
    "end": 770.41,
    "speaker": "老师",
    "text": "那我们应该怎么做呢？"
  },
  {
    "start": 770.49,
    "end": 780.8,
    "speaker": "老师",
    "text": "求函数的值其实就是把自变量x的值代入关系式中就可以了。"
  },
  {
    "start": 780.8,
    "end": 784.71,
    "speaker": "老师",
    "text": "我们首先看到x等于二时，"
  },
  {
    "start": 784.71,
    "end": 791.26,
    "speaker": "老师",
    "text": "我们可以把二代到函数关系式中得到y等于二，"
  },
  {
    "start": 791.26,
    "end": 826.44,
    "speaker": "老师",
    "text": "加一分之四乘以二减二等于二。"
  },
  {
    "start": 826.44,
    "end": 831.77,
    "speaker": "老师",
    "text": "用同样的方法我们可以求出当x等于三时，"
  },
  {
    "start": 831.77,
    "end": 834.98,
    "speaker": "老师",
    "text": "y等于二分之五。"
  },
  {
    "start": 834.98,
    "end": 838.62,
    "speaker": "老师",
    "text": "当x等于负三十y等于七好，"
  },
  {
    "start": 838.62,
    "end": 842.86,
    "speaker": "老师",
    "text": "接下来我们反过来已知函数的值为零，"
  },
  {
    "start": 842.86,
    "end": 846.32,
    "speaker": "老师",
    "text": "你能求出自变量x的值吗？"
  },
  {
    "start": 846.48,
    "end": 847.38,
    "speaker": "老师",
    "text": "试试看。"
  },
  {
    "start": 847.46,
    "end": 848.06,
    "speaker": "老师",
    "text": "好，"
  },
  {
    "start": 848.06,
    "end": 850.49,
    "speaker": "老师",
    "text": "我们一起来看。"
  },
  {
    "start": 850.63,
    "end": 852.47,
    "speaker": "老师",
    "text": "函数的值为零，"
  },
  {
    "start": 852.47,
    "end": 854.51,
    "speaker": "老师",
    "text": "也就是y等于零，"
  },
  {
    "start": 854.61,
    "end": 859.44,
    "speaker": "老师",
    "text": "七x加一分之四x减二等于零，"
  },
  {
    "start": 859.72,
    "end": 864.26,
    "speaker": "老师",
    "text": "那就是分子四x减二等于零，"
  },
  {
    "start": 864.32,
    "end": 867.07,
    "speaker": "老师",
    "text": "可以解得x等于二分之一。"
  },
  {
    "start": 867.07,
    "end": 871.02,
    "speaker": "老师",
    "text": "所以当x等于二分之一时，"
  },
  {
    "start": 871.02,
    "end": 874.34,
    "speaker": "老师",
    "text": "函数的值y等于零，"
  },
  {
    "start": 874.34,
    "end": 877.76,
    "speaker": "老师",
    "text": "你们做对了吗？"
  },
  {
    "start": 877.76,
    "end": 878.04,
    "speaker": "老师",
    "text": "好，"
  },
  {
    "start": 878.04,
    "end": 884.82,
    "speaker": "老师",
    "text": "接下来请同学们完成以下几个练习。"
  },
  {
    "start": 885.22,
    "end": 885.56,
    "speaker": "老师",
    "text": "好，"
  },
  {
    "start": 885.56,
    "end": 888.82,
    "speaker": "老师",
    "text": "我们先看到第一题，"
  },
  {
    "start": 888.82,
    "end": 893.6,
    "speaker": "老师",
    "text": "当x等于二时求下列函数的函数值，"
  },
  {
    "start": 893.64,
    "end": 897.67,
    "speaker": "老师",
    "text": "求函数的函数值，"
  },
  {
    "start": 897.73,
    "end": 906.31,
    "speaker": "老师",
    "text": "我们只需要将自变量x等于二代入函数解析式就可以了。"
  },
  {
    "start": 906.31,
    "end": 912.42,
    "speaker": "老师",
    "text": "我们看到第一个当x等于二时，"
  },
  {
    "start": 912.42,
    "end": 917.03,
    "speaker": "老师",
    "text": "y等于二乘以二减一等于三。"
  },
  {
    "start": 917.15,
    "end": 920.12,
    "speaker": "老师",
    "text": "第二个当x等于二时，"
  },
  {
    "start": 921.09,
    "end": 925.45,
    "speaker": "老师",
    "text": "y等于负三乘以二的平方等于负十二。"
  },
  {
    "start": 925.63,
    "end": 927.25,
    "speaker": "老师",
    "text": "第三个，"
  },
  {
    "start": 927.25,
    "end": 928.89,
    "speaker": "老师",
    "text": "当x等于二时，"
  },
  {
    "start": 928.89,
    "end": 933.79,
    "speaker": "老师",
    "text": "y等于根号二减二等于零，"
  },
  {
    "start": 933.79,
    "end": 937.01,
    "speaker": "老师",
    "text": "你们做的是这样的吗？"
  },
  {
    "start": 937.01,
    "end": 937.59,
    "speaker": "老师",
    "text": "好，"
  },
  {
    "start": 937.67,
    "end": 942.81,
    "speaker": "老师",
    "text": "我们接下来看到第二题，"
  },
  {
    "start": 942.81,
    "end": 945.45,
    "speaker": "老师",
    "text": "当x等于多少时，"
  },
  {
    "start": 945.45,
    "end": 949.2,
    "speaker": "老师",
    "text": "函数y等于三，"
  },
  {
    "start": 949.2,
    "end": 953.12,
    "speaker": "老师",
    "text": "x加三的值为三。"
  },
  {
    "start": 953.28,
    "end": 957.04,
    "speaker": "老师",
    "text": "他的意思就是y等于三，"
  },
  {
    "start": 957.04,
    "end": 960.49,
    "speaker": "老师",
    "text": "也就是三x加三等于三，"
  },
  {
    "start": 960.77,
    "end": 962.93,
    "speaker": "老师",
    "text": "可以解得x等于零。"
  },
  {
    "start": 962.93,
    "end": 967.6,
    "speaker": "老师",
    "text": "所以这个题的答案是x等于零。"
  },
  {
    "start": 967.6,
    "end": 969.94,
    "speaker": "老师",
    "text": "再看到第三小题，"
  },
  {
    "start": 970.0,
    "end": 973.29,
    "speaker": "老师",
    "text": "当x等于一时，"
  },
  {
    "start": 973.29,
    "end": 977.21,
    "speaker": "老师",
    "text": "函数y等于KX加一，"
  },
  {
    "start": 977.21,
    "end": 980.35,
    "speaker": "老师",
    "text": "与函数y等于三，"
  },
  {
    "start": 980.37,
    "end": 1019.83,
    "speaker": "老师",
    "text": "x减k的值相等则k的值为多少？"
  },
  {
    "start": 1020.23,
    "end": 1023.97,
    "speaker": "老师",
    "text": "首先当x等于一时，"
  },
  {
    "start": 1024.17,
    "end": 1032.67,
    "speaker": "老师",
    "text": "第一个函数对应的函数值为y等于k除以一加一等于k加一。"
  },
  {
    "start": 1032.67,
    "end": 1034.27,
    "speaker": "老师",
    "text": "当x等于一时，"
  },
  {
    "start": 1034.27,
    "end": 1046.67,
    "speaker": "老师",
    "text": "第二个函数对应的函数值为y等于三乘以一，"
  },
  {
    "start": 1046.67,
    "end": 1052.27,
    "speaker": "老师",
    "text": "减k等于三减k由题可知对应的函数值相等，"
  },
  {
    "start": 1052.27,
    "end": 1069.74,
    "speaker": "老师",
    "text": "所以k加一等于三减k解得k等于一，"
  },
  {
    "start": 1069.8,
    "end": 1073.22,
    "speaker": "老师",
    "text": "所以k的值为一，"
  },
  {
    "start": 1073.34,
    "end": 1075.52,
    "speaker": "老师",
    "text": "你们都做对了吗？"
  },
  {
    "start": 1075.52,
    "end": 1076.28,
    "speaker": "老师",
    "text": "好，"
  },
  {
    "start": 1076.28,
    "end": 1086.0,
    "speaker": "老师",
    "text": "我们接下来看到例题五请画出y等于二x加五的函数图像。"
  },
  {
    "start": 1086.48,
    "end": 1089.79,
    "speaker": "老师",
    "text": "在画函数图像之前，"
  },
  {
    "start": 1090.21,
    "end": 1095.57,
    "speaker": "老师",
    "text": "我们首先第一步要确定自变量的取值范围。"
  },
  {
    "start": 1095.61,
    "end": 1106.15,
    "speaker": "老师",
    "text": "很显然，"
  },
  {
    "start": 1106.15,
    "end": 1109.23,
    "speaker": "老师",
    "text": "它的取值范围是全体实数。"
  },
  {
    "start": 1109.23,
    "end": 1119.38,
    "speaker": "老师",
    "text": "接下来请同学们用列表描点连线三步骤画出这个函数的图像。"
  },
  {
    "start": 1119.6,
    "end": 1122.52,
    "speaker": "老师",
    "text": "同学们画完了吗？"
  },
  {
    "start": 1122.54,
    "end": 1125.1,
    "speaker": "老师",
    "text": "我们一起来看。"
  },
  {
    "start": 1125.1,
    "end": 1126.96,
    "speaker": "老师",
    "text": "首先我们要列表，"
  },
  {
    "start": 1127.36,
    "end": 1136.65,
    "speaker": "老师",
    "text": "这里我取了自变量x的值为负四负三负二负一零一这几个数。"
  },
  {
    "start": 1136.65,
    "end": 1143.99,
    "speaker": "老师",
    "text": "那我们可以求出对应的函数值分别为负三负一一三五七。"
  },
  {
    "start": 1143.99,
    "end": 1144.63,
    "speaker": "老师",
    "text": "第二步，"
  },
  {
    "start": 1144.79,
    "end": 1146.49,
    "speaker": "老师",
    "text": "描点，"
  },
  {
    "start": 1146.55,
    "end": 1156.81,
    "speaker": "老师",
    "text": "我们以自变量的值为横坐标对应的函数值为纵坐标描出表中数值对应的各点，"
  },
  {
    "start": 1156.81,
    "end": 1159.98,
    "speaker": "老师",
    "text": "请看好。"
  },
  {
    "start": 1159.98,
    "end": 1161.46,
    "speaker": "老师",
    "text": "第三步连线。"
  },
  {
    "start": 1161.54,
    "end": 1165.88,
    "speaker": "老师",
    "text": "我们按照横坐标由小到大的顺序，"
  },
  {
    "start": 1165.88,
    "end": 1172.0,
    "speaker": "老师",
    "text": "用一条平滑的曲线将这些点连起来。"
  },
  {
    "start": 1172.24,
    "end": 1184.68,
    "speaker": "老师",
    "text": "我们发现画出的图像是一条直线，"
  },
  {
    "start": 1184.68,
    "end": 1187.85,
    "speaker": "老师",
    "text": "那当自变量的值越来越大时，"
  },
  {
    "start": 1188.85,
    "end": 1193.33,
    "speaker": "老师",
    "text": "对应的函数值是怎样变化的呢？"
  },
  {
    "start": 1193.51,
    "end": 1196.37,
    "speaker": "老师",
    "text": "想一想解决这个问题，"
  },
  {
    "start": 1196.37,
    "end": 1199.35,
    "speaker": "老师",
    "text": "我们可以从三种方式入手。"
  },
  {
    "start": 1199.35,
    "end": 1204.01,
    "speaker": "老师",
    "text": "我们可以看函数解析式y等于二x加五，"
  },
  {
    "start": 1204.01,
    "end": 1208.52,
    "speaker": "老师",
    "text": "我们发现x的值越大，"
  },
  {
    "start": 1208.64,
    "end": 1211.06,
    "speaker": "老师",
    "text": "对应的y值越大。"
  },
  {
    "start": 1211.06,
    "end": 1215.64,
    "speaker": "老师",
    "text": "所以我们自变量的值越来越大时，"
  },
  {
    "start": 1215.7,
    "end": 1219.76,
    "speaker": "老师",
    "text": "对应的函数值也越来越大。"
  },
  {
    "start": 1219.76,
    "end": 1223.79,
    "speaker": "老师",
    "text": "那我们还可以通过看表格，"
  },
  {
    "start": 1224.31,
    "end": 1231.28,
    "speaker": "老师",
    "text": "我们发现随着我们自变量的值越来越大，"
  },
  {
    "start": 1231.82,
    "end": 1238.05,
    "speaker": "老师",
    "text": "对应的函数值也越来越大。"
  },
  {
    "start": 1238.29,
    "end": 1241.69,
    "speaker": "老师",
    "text": "我们还可以看图像，"
  },
  {
    "start": 1241.75,
    "end": 1243.41,
    "speaker": "老师",
    "text": "从图像上看，"
  },
  {
    "start": 1243.41,
    "end": 1246.91,
    "speaker": "老师",
    "text": "随着自变量越来越大，"
  },
  {
    "start": 1246.93,
    "end": 1261.56,
    "speaker": "老师",
    "text": "我们对应的函数值也越来越大好。"
  },
  {
    "start": 1261.56,
    "end": 1264.42,
    "speaker": "老师",
    "text": "接下来看到第三问，"
  },
  {
    "start": 1264.48,
    "end": 1272.68,
    "speaker": "老师",
    "text": "判断下列各点是否在函数y等于二x加五的图像上，"
  },
  {
    "start": 1272.84,
    "end": 1277.08,
    "speaker": "老师",
    "text": "第一个负零点五三，"
  },
  {
    "start": 1277.38,
    "end": 1279.42,
    "speaker": "老师",
    "text": "第二个一点五八。"
  },
  {
    "start": 1279.42,
    "end": 1281.98,
    "speaker": "老师",
    "text": "同学们做一做好，"
  },
  {
    "start": 1281.98,
    "end": 1284.48,
    "speaker": "老师",
    "text": "我们一起来看一看，"
  },
  {
    "start": 1284.52,
    "end": 1291.31,
    "speaker": "老师",
    "text": "如何判断一个点是否在函数图像上呢？"
  },
  {
    "start": 1291.33,
    "end": 1298.59,
    "speaker": "老师",
    "text": "其实只要这个点的横纵坐标满足函数解析式就可以了。"
  },
  {
    "start": 1299.91,
    "end": 1301.21,
    "speaker": "老师",
    "text": "我们看第一个，"
  },
  {
    "start": 1301.25,
    "end": 1304.05,
    "speaker": "老师",
    "text": "当x等于负零点五时，"
  },
  {
    "start": 1304.23,
    "end": 1308.79,
    "speaker": "老师",
    "text": "我们y等于二乘以负零点五加五等于四，"
  },
  {
    "start": 1308.79,
    "end": 1311.82,
    "speaker": "老师",
    "text": "它不等于三，"
  },
  {
    "start": 1311.92,
    "end": 1315.18,
    "speaker": "老师",
    "text": "所以点负零点五三，"
  },
  {
    "start": 1315.2,
    "end": 1321.23,
    "speaker": "老师",
    "text": "不在函数图像上用同样的方法。"
  },
  {
    "start": 1321.81,
    "end": 1326.23,
    "speaker": "老师",
    "text": "我们可以求当x等于一点五时，"
  },
  {
    "start": 1326.25,
    "end": 1331.85,
    "speaker": "老师",
    "text": "y等于二乘以一点五加五等于八，"
  },
  {
    "start": 1331.85,
    "end": 1335.09,
    "speaker": "老师",
    "text": "所以点一点五八在函数图像上，"
  },
  {
    "start": 1335.93,
    "end": 1338.27,
    "speaker": "老师",
    "text": "你是这样判断的吗？"
  },
  {
    "start": 1340.01,
    "end": 1340.35,
    "speaker": "老师",
    "text": "好，"
  },
  {
    "start": 1340.35,
    "end": 1348.86,
    "speaker": "老师",
    "text": "我们再来看第四问弱点a二零一九MB二零二零n在函数图像上，"
  },
  {
    "start": 1349.44,
    "end": 1352.92,
    "speaker": "老师",
    "text": "你能比较m与n的大小吗？"
  },
  {
    "start": 1352.94,
    "end": 1357.22,
    "speaker": "老师",
    "text": "同学们想一想，"
  },
  {
    "start": 1357.24,
    "end": 1359.48,
    "speaker": "老师",
    "text": "比较MN的大小，"
  },
  {
    "start": 1359.48,
    "end": 1362.52,
    "speaker": "老师",
    "text": "我们可以把MN求出来。"
  },
  {
    "start": 1362.52,
    "end": 1366.74,
    "speaker": "老师",
    "text": "因为点a点b在函数图像上，"
  },
  {
    "start": 1366.74,
    "end": 1372.9,
    "speaker": "老师",
    "text": "所以点a点b的横纵坐标满足函数解析式。"
  },
  {
    "start": 1372.96,
    "end": 1385.59,
    "speaker": "老师",
    "text": "所以当x等于二千零一十九时代入函数解析式可以求得m等于四千零四十三。"
  },
  {
    "start": 1385.89,
    "end": 1396.11,
    "speaker": "老师",
    "text": "当x等于二千零二十时代入函数解析式可以求得n等于四千零四十五，"
  },
  {
    "start": 1396.11,
    "end": 1399.64,
    "speaker": "老师",
    "text": "所以m小于n我们还可以。"
  },
  {
    "start": 1399.64,
    "end": 1401.66,
    "speaker": "老师",
    "text": "从函数图像上看，"
  },
  {
    "start": 1402.06,
    "end": 1404.8,
    "speaker": "老师",
    "text": "随着自变量x的值越来越大，"
  },
  {
    "start": 1404.8,
    "end": 1411.01,
    "speaker": "老师",
    "text": "我们对应的函数值也越来越大。"
  },
  {
    "start": 1411.01,
    "end": 1418.54,
    "speaker": "老师",
    "text": "又因为a点的横坐标比b点的横坐标要小，"
  },
  {
    "start": 1418.56,
    "end": 1430.2,
    "speaker": "老师",
    "text": "所以a点的纵坐标m小于b点的纵坐标n我们通过树形结合能很快得到m小于n."
  },
  {
    "start": 1430.2,
    "end": 1437.28,
    "speaker": "老师",
    "text": "那数形结合思想在我们数学中经常用到，"
  },
  {
    "start": 1437.38,
    "end": 1440.11,
    "speaker": "老师",
    "text": "同学们要好好掌握它。"
  },
  {
    "start": 1442.71,
    "end": 1450.32,
    "speaker": "老师",
    "text": "接下来我们来回顾一下解决这个问题的过程。"
  },
  {
    "start": 1450.32,
    "end": 1460.45,
    "speaker": "老师",
    "text": "我们由函数解析式通过列表描点连线得到我们函数的图像。"
  },
  {
    "start": 1460.49,
    "end": 1463.03,
    "speaker": "老师",
    "text": "那解析式法列表法，"
  },
  {
    "start": 1463.11,
    "end": 1506.96,
    "speaker": "老师",
    "text": "图像法是我们初中常见的三种函数表达方法，"
  },
  {
    "start": 1506.96,
    "end": 1509.72,
    "speaker": "老师",
    "text": "它们各有自己的特点。"
  },
  {
    "start": 1509.72,
    "end": 1516.46,
    "speaker": "老师",
    "text": "解析式法能从数量关系的角度明确，"
  },
  {
    "start": 1516.46,
    "end": 1522.62,
    "speaker": "老师",
    "text": "自变量与函数的对应关系列表法是可以清楚的，"
  },
  {
    "start": 1522.62,
    "end": 1528.82,
    "speaker": "老师",
    "text": "列出一些自变量和函数的对应值。"
  },
  {
    "start": 1528.86,
    "end": 1535.64,
    "speaker": "老师",
    "text": "我们的图像法可以直观形象的反映函数的变化趋势，"
  },
  {
    "start": 1535.8,
    "end": 1539.68,
    "speaker": "老师",
    "text": "这三种方法可以相互转化。"
  },
  {
    "start": 1539.76,
    "end": 1542.98,
    "speaker": "老师",
    "text": "同学们在解决问题的时候，"
  },
  {
    "start": 1542.98,
    "end": 1546.08,
    "speaker": "老师",
    "text": "可以根据需要选择适当的方法。"
  },
  {
    "start": 1546.4,
    "end": 1550.46,
    "speaker": "老师",
    "text": "有时候我们为了全面的认识问题，"
  },
  {
    "start": 1550.46,
    "end": 1556.85,
    "speaker": "老师",
    "text": "会同时选用几种表达方法。"
  },
  {
    "start": 1556.99,
    "end": 1557.65,
    "speaker": "老师",
    "text": "好，"
  },
  {
    "start": 1557.89,
    "end": 1562.47,
    "speaker": "老师",
    "text": "接下来我们一起来看到函数的应用。"
  },
  {
    "start": 1562.47,
    "end": 1563.61,
    "speaker": "老师",
    "text": "例六，"
  },
  {
    "start": 1563.63,
    "end": 1567.03,
    "speaker": "老师",
    "text": "已知火车站托运行李的费用，"
  },
  {
    "start": 1567.07,
    "end": 1575.09,
    "speaker": "老师",
    "text": "c单位是元和托运行李的质量p单位是千克，"
  },
  {
    "start": 1575.19,
    "end": 1577.15,
    "speaker": "老师",
    "text": "p为整数的，"
  },
  {
    "start": 1577.15,
    "end": 1591.28,
    "speaker": "老师",
    "text": "对应关系如下表。"
  },
  {
    "start": 1591.28,
    "end": 1591.82,
    "speaker": "老师",
    "text": "第一问，"
  },
  {
    "start": 1591.82,
    "end": 1597.52,
    "speaker": "老师",
    "text": "托运行李的费用c是托运行李的质量p的函数吗？"
  },
  {
    "start": 1597.52,
    "end": 1607.67,
    "speaker": "老师",
    "text": "很显然是因为当p取一个确定的值的时候，"
  },
  {
    "start": 1607.67,
    "end": 1614.07,
    "speaker": "老师",
    "text": "我们的c有唯一确定的值和它对应。"
  },
  {
    "start": 1614.07,
    "end": 1614.85,
    "speaker": "老师",
    "text": "第二，"
  },
  {
    "start": 1614.97,
    "end": 1624.0,
    "speaker": "老师",
    "text": "小问写出c与p之间的函数解析式同学们动手做一做好。"
  },
  {
    "start": 1624.14,
    "end": 1628.94,
    "speaker": "老师",
    "text": "我们首先看一下表格，"
  },
  {
    "start": 1628.94,
    "end": 1648.83,
    "speaker": "老师",
    "text": "我们发现当我们的质量p每增加一千克的时候，"
  },
  {
    "start": 1649.09,
    "end": 1651.95,
    "speaker": "老师",
    "text": "我们的费用c增加零点五元。"
  },
  {
    "start": 1652.21,
    "end": 1654.68,
    "speaker": "老师",
    "text": "由此可知，"
  },
  {
    "start": 1654.72,
    "end": 1659.18,
    "speaker": "老师",
    "text": "当我们的p等于一时c等于二，"
  },
  {
    "start": 1659.18,
    "end": 1665.18,
    "speaker": "老师",
    "text": "当p等于二时c等于二加上零点五。"
  },
  {
    "start": 1665.18,
    "end": 1667.86,
    "speaker": "老师",
    "text": "当p等于三时，"
  },
  {
    "start": 1667.9,
    "end": 1672.53,
    "speaker": "老师",
    "text": "c是在二加零点五的基础上，"
  },
  {
    "start": 1672.53,
    "end": 1707.22,
    "speaker": "老师",
    "text": "再加一个零点五等于二加二乘以零点五。"
  },
  {
    "start": 1707.22,
    "end": 1715.38,
    "speaker": "老师",
    "text": "当p等于四时c等于二加零点五加零点五的基础上，"
  },
  {
    "start": 1715.38,
    "end": 1717.64,
    "speaker": "老师",
    "text": "再加一个零点五，"
  },
  {
    "start": 1717.74,
    "end": 1723.4,
    "speaker": "老师",
    "text": "等于二加三乘以零点五。"
  },
  {
    "start": 1723.52,
    "end": 1726.81,
    "speaker": "老师",
    "text": "所以当我们的质量为p时，"
  },
  {
    "start": 1726.81,
    "end": 1729.18,
    "speaker": "老师",
    "text": "我们的c等于二，"
  },
  {
    "start": 1730.43,
    "end": 1735.54,
    "speaker": "老师",
    "text": "加上p减一乘以零点五等于零点五，"
  },
  {
    "start": 1735.54,
    "end": 1737.38,
    "speaker": "老师",
    "text": "p加一点五，"
  },
  {
    "start": 1737.38,
    "end": 1740.98,
    "speaker": "老师",
    "text": "你们写的是这样的吗？"
  },
  {
    "start": 1740.98,
    "end": 1741.5,
    "speaker": "老师",
    "text": "好，"
  },
  {
    "start": 1741.5,
    "end": 1750.73,
    "speaker": "老师",
    "text": "我们接下来看到第三问小李托运行李花了十五元钱，"
  },
  {
    "start": 1750.75,
    "end": 1755.18,
    "speaker": "老师",
    "text": "请问小李的行李是多少千克？"
  },
  {
    "start": 1758.0,
    "end": 1759.14,
    "speaker": "老师",
    "text": "想一想。"
  },
  {
    "start": 1759.2,
    "end": 1759.6,
    "speaker": "老师",
    "text": "好，"
  },
  {
    "start": 1759.6,
    "end": 1761.6,
    "speaker": "老师",
    "text": "我们一起来看，"
  },
  {
    "start": 1761.62,
    "end": 1813.95,
    "speaker": "老师",
    "text": "我们将这个实际问题转化为数学问题。"
  },
  {
    "start": 1813.97,
    "end": 1820.69,
    "speaker": "老师",
    "text": "它的意思就是当c等于十五时求自变量p的值，"
  },
  {
    "start": 1820.73,
    "end": 1828.87,
    "speaker": "老师",
    "text": "所以c等于十五时零点五p加一点五等于一十五，"
  },
  {
    "start": 1828.87,
    "end": 1831.07,
    "speaker": "老师",
    "text": "解得p等于二十七。"
  },
  {
    "start": 1831.07,
    "end": 1831.89,
    "speaker": "老师",
    "text": "答，"
  },
  {
    "start": 1832.03,
    "end": 1839.32,
    "speaker": "老师",
    "text": "小李的行李是二十七千克，"
  },
  {
    "start": 1839.32,
    "end": 1840.74,
    "speaker": "老师",
    "text": "你们做对了吗？"
  },
  {
    "start": 1840.74,
    "end": 1841.14,
    "speaker": "老师",
    "text": "好，"
  },
  {
    "start": 1841.5,
    "end": 1846.96,
    "speaker": "老师",
    "text": "我们看到第四问这个变化过程中，"
  },
  {
    "start": 1849.24,
    "end": 1852.9,
    "speaker": "老师",
    "text": "自变量p的取值范围是什么？"
  },
  {
    "start": 1852.9,
    "end": 1853.83,
    "speaker": "老师",
    "text": "想一想，"
  },
  {
    "start": 1854.96,
    "end": 1857.93,
    "speaker": "老师",
    "text": "首先根据实际意义，"
  },
  {
    "start": 1858.09,
    "end": 1862.63,
    "speaker": "老师",
    "text": "我们的p一定是大于零，"
  },
  {
    "start": 1862.63,
    "end": 1865.85,
    "speaker": "老师",
    "text": "再由题意可知p为整数。"
  },
  {
    "start": 1866.27,
    "end": 1871.01,
    "speaker": "老师",
    "text": "所以我们的p为正整数，"
  },
  {
    "start": 1871.01,
    "end": 1874.09,
    "speaker": "老师",
    "text": "你是这样想的吗？"
  },
  {
    "start": 1874.09,
    "end": 1874.53,
    "speaker": "老师",
    "text": "好，"
  },
  {
    "start": 1874.53,
    "end": 1877.99,
    "speaker": "老师",
    "text": "接下来我们看到第五问，"
  },
  {
    "start": 1878.53,
    "end": 1881.51,
    "speaker": "老师",
    "text": "请你画出函数图像。"
  },
  {
    "start": 1881.85,
    "end": 1884.43,
    "speaker": "老师",
    "text": "同学们拿出草稿，"
  },
  {
    "start": 1884.43,
    "end": 1889.29,
    "speaker": "老师",
    "text": "本来画出这个函数的图像。"
  },
  {
    "start": 1889.29,
    "end": 1889.71,
    "speaker": "老师",
    "text": "好，"
  },
  {
    "start": 1889.89,
    "end": 1897.18,
    "speaker": "老师",
    "text": "我们一起来看画函数图像的三步骤列表描点连线老师。"
  },
  {
    "start": 1897.18,
    "end": 1901.1,
    "speaker": "老师",
    "text": "这里已经列了一个表格，"
  },
  {
    "start": 1901.1,
    "end": 1907.54,
    "speaker": "老师",
    "text": "接下来我们来描点p等于一时c等于二。"
  },
  {
    "start": 1908.02,
    "end": 1912.82,
    "speaker": "老师",
    "text": "这里有一个点p等于二十c等于二点五，"
  },
  {
    "start": 1912.84,
    "end": 1916.94,
    "speaker": "老师",
    "text": "p等于三十c等于三，"
  },
  {
    "start": 1917.08,
    "end": 1920.26,
    "speaker": "老师",
    "text": "p等于四十c等于三点五，"
  },
  {
    "start": 1920.34,
    "end": 1922.96,
    "speaker": "老师",
    "text": "p等于五十c等于四。"
  },
  {
    "start": 1923.87,
    "end": 1927.69,
    "speaker": "老师",
    "text": "老师这里描出了五个点，"
  },
  {
    "start": 1927.71,
    "end": 1931.71,
    "speaker": "老师",
    "text": "那因为我们的p是正整数，"
  },
  {
    "start": 1931.73,
    "end": 1936.62,
    "speaker": "老师",
    "text": "所以它的图像就是这些分散的点，"
  },
  {
    "start": 1938.01,
    "end": 1939.77,
    "speaker": "老师",
    "text": "你们画对了吗？"
  },
  {
    "start": 1939.77,
    "end": 1940.57,
    "speaker": "老师",
    "text": "好，"
  },
  {
    "start": 1941.09,
    "end": 1944.47,
    "speaker": "老师",
    "text": "接下来请同学们练一练。"
  },
  {
    "start": 1944.47,
    "end": 1949.63,
    "speaker": "老师",
    "text": "下面这个题我们一起来读题。"
  },
  {
    "start": 1949.73,
    "end": 1953.51,
    "speaker": "老师",
    "text": "拖拉机的油箱装油五十升，"
  },
  {
    "start": 1953.55,
    "end": 1957.07,
    "speaker": "老师",
    "text": "离地平均每小时耗油五升。"
  },
  {
    "start": 1957.07,
    "end": 1967.05,
    "speaker": "老师",
    "text": "假设油箱中剩下的油量为y单位是升离地，"
  },
  {
    "start": 1967.19,
    "end": 1970.89,
    "speaker": "老师",
    "text": "时间为x单位是小时。"
  },
  {
    "start": 1970.97,
    "end": 1971.67,
    "speaker": "老师",
    "text": "第一问，"
  },
  {
    "start": 1971.67,
    "end": 1976.36,
    "speaker": "老师",
    "text": "在这个变化过程中，"
  },
  {
    "start": 1976.64,
    "end": 1979.77,
    "speaker": "老师",
    "text": "y是x的函数吗？"
  },
  {
    "start": 1979.79,
    "end": 1984.45,
    "speaker": "老师",
    "text": "他是因为x取一个确定的值的时候，"
  },
  {
    "start": 1985.71,
    "end": 1989.35,
    "speaker": "老师",
    "text": "y有唯一确定的值和它对应。"
  },
  {
    "start": 1989.39,
    "end": 1990.41,
    "speaker": "老师",
    "text": "第二问，"
  },
  {
    "start": 1990.41,
    "end": 1995.41,
    "speaker": "老师",
    "text": "能写出表示y与x的函数关系的式子吗？"
  },
  {
    "start": 1996.03,
    "end": 2006.18,
    "speaker": "老师",
    "text": "我们一起来看y表示剩下的油量x表示离地的时间。"
  },
  {
    "start": 2006.18,
    "end": 2014.4,
    "speaker": "老师",
    "text": "那么我们知道每小时耗油五升，"
  },
  {
    "start": 2014.4,
    "end": 2018.52,
    "speaker": "老师",
    "text": "那x小时耗油多少升呢？"
  },
  {
    "start": 2018.66,
    "end": 2021.69,
    "speaker": "老师",
    "text": "五x升，"
  },
  {
    "start": 2021.69,
    "end": 2028.6,
    "speaker": "老师",
    "text": "那么剩下的油量就是用五十减五x,"
  },
  {
    "start": 2028.68,
    "end": 2036.79,
    "speaker": "老师",
    "text": "所以得到y等于五十减五x你们写对了吗？"
  },
  {
    "start": 2036.79,
    "end": 2039.87,
    "speaker": "老师",
    "text": "看到第三小问这个变化过程中，"
  },
  {
    "start": 2039.87,
    "end": 2042.91,
    "speaker": "老师",
    "text": "自变量x的取值范围是什么？"
  },
  {
    "start": 2042.91,
    "end": 2046.73,
    "speaker": "老师",
    "text": "这是一个实际问题。"
  },
  {
    "start": 2046.85,
    "end": 2055.79,
    "speaker": "老师",
    "text": "我们首先要保证剩下的油量y等于五十减五x它要大于或等于零，"
  },
  {
    "start": 2055.81,
    "end": 2059.74,
    "speaker": "老师",
    "text": "可以解得x小于或等于十，"
  },
  {
    "start": 2059.74,
    "end": 2062.3,
    "speaker": "老师",
    "text": "又根据实际意义，"
  },
  {
    "start": 2062.5,
    "end": 2066.69,
    "speaker": "老师",
    "text": "我们的时间x大于或等于零，"
  },
  {
    "start": 2066.69,
    "end": 2070.19,
    "speaker": "老师",
    "text": "所以零小于等于x小于或等于十，"
  },
  {
    "start": 2070.19,
    "end": 2074.97,
    "speaker": "老师",
    "text": "这就是自变量的取值范围。"
  },
  {
    "start": 2074.97,
    "end": 2079.78,
    "speaker": "老师",
    "text": "看到第四小问拖拉机离地五小时，"
  },
  {
    "start": 2079.19,
    "end": 2079.78,
    "speaker": "老师",
    "text": "油箱中还剩下多少汽油，"
  },
  {
    "start": 2079.19,
    "end": 2079.78,
    "speaker": "老师",
    "text": "离地八小时呢？"
  },
  {
    "start": 2079.19,
    "end": 2079.78,
    "speaker": "老师",
    "text": "这是一个实际问题。"
  },
  {
    "start": 2079.19,
    "end": 2079.78,
    "speaker": "老师",
    "text": "离第五小时，"
  },
  {
    "start": 2079.19,
    "end": 2079.78,
    "speaker": "老师",
    "text": "也就是x等于五十，"
  },
  {
    "start": 2079.19,
    "end": 2079.78,
    "speaker": "老师",
    "text": "求出对应的函数值y等于五十减五乘以五等于二十五升。"
  },
  {
    "start": 2079.19,
    "end": 2079.78,
    "speaker": "老师",
    "text": "同样的当x等于八时，"
  },
  {
    "start": 2079.19,
    "end": 2079.78,
    "speaker": "老师",
    "text": "y等于五十减五乘以八等于四十升。"
  },
  {
    "start": 2079.19,
    "end": 2079.78,
    "speaker": "老师",
    "text": "再看第五问请画出函数图像。"
  },
  {
    "start": 2079.19,
    "end": 2079.78,
    "speaker": "老师",
    "text": "同样的，"
  },
  {
    "start": 2079.19,
    "end": 2079.78,
    "speaker": "老师",
    "text": "我们用列表描点连线画出函数图像，"
  },
  {
    "start": 2079.19,
    "end": 2079.78,
    "speaker": "老师",
    "text": "老师这里呢取x为零，"
  },
  {
    "start": 2079.19,
    "end": 2079.78,
    "speaker": "老师",
    "text": "二四六八十得到对应的y值为五十四十三十二十十零。"
  },
  {
    "start": 2079.19,
    "end": 2079.78,
    "speaker": "老师",
    "text": "然后以自变量的值为横坐标，"
  },
  {
    "start": 2079.19,
    "end": 2079.78,
    "speaker": "老师",
    "text": "对应的函数值为纵坐标描点。"
  },
  {
    "start": 2079.19,
    "end": 2079.78,
    "speaker": "老师",
    "text": "我们描出第一个点零五十，"
  },
  {
    "start": 2079.19,
    "end": 2079.78,
    "speaker": "老师",
    "text": "第二个点二，"
  },
  {
    "start": 2079.19,
    "end": 2079.78,
    "speaker": "老师",
    "text": "四十，"
  },
  {
    "start": 2079.19,
    "end": 2079.78,
    "speaker": "老师",
    "text": "第三个点四，"
  },
  {
    "start": 2079.19,
    "end": 2079.78,
    "speaker": "老师",
    "text": "三十，"
  },
  {
    "start": 2079.19,
    "end": 2079.78,
    "speaker": "老师",
    "text": "第四个点六，"
  },
  {
    "start": 2079.19,
    "end": 2079.78,
    "speaker": "老师",
    "text": "二十，"
  },
  {
    "start": 2079.19,
    "end": 2079.78,
    "speaker": "老师",
    "text": "第五个点八十，"
  },
  {
    "start": 2079.19,
    "end": 2079.78,
    "speaker": "老师",
    "text": "第六个点石林，"
  },
  {
    "start": 2079.19,
    "end": 2079.78,
    "speaker": "老师",
    "text": "然后用一条平滑的曲线将这些点连起来。"
  },
  {
    "start": 2079.19,
    "end": 2079.78,
    "speaker": "老师",
    "text": "我们发现它的图像是一条线段。"
  },
  {
    "start": 2079.19,
    "end": 2079.78,
    "speaker": "老师",
    "text": "因为自变量x的取值范围是零到十，"
  },
  {
    "start": 2079.19,
    "end": 2079.78,
    "speaker": "老师",
    "text": "同学们，"
  },
  {
    "start": 2079.19,
    "end": 2079.78,
    "speaker": "老师",
    "text": "你写对了吗？"
  },
  {
    "start": 2079.19,
    "end": 2079.78,
    "speaker": "老师",
    "text": "数学的学习离不开梳理、反思。"
  },
  {
    "start": 2079.19,
    "end": 2079.78,
    "speaker": "老师",
    "text": "我们一起来看看这节课我们学习了什么？"
  },
  {
    "start": 2079.19,
    "end": 2079.78,
    "speaker": "老师",
    "text": "我们学习了函数的相关概念学习了初中常见的三种函数表达方式，"
  },
  {
    "start": 2079.19,
    "end": 2079.78,
    "speaker": "老师",
    "text": "还学习了函数的简单应用。"
  },
  {
    "start": 2079.19,
    "end": 2079.78,
    "speaker": "老师",
    "text": "今天你悟到了什么呢？"
  },
  {
    "start": 2079.19,
    "end": 2079.78,
    "speaker": "老师",
    "text": "我们知道函数是解决实际问题的重要数学模型，"
  },
  {
    "start": 2079.19,
    "end": 2079.78,
    "speaker": "老师",
    "text": "你还有什么质疑和发现吗？"
  },
  {
    "start": 2079.19,
    "end": 2079.78,
    "speaker": "老师",
    "text": "课后可以跟同学老师一起交流一下，"
  },
  {
    "start": 2079.19,
    "end": 2079.78,
    "speaker": "老师",
    "text": "这是今天的作业。"
  },
  {
    "start": 2079.19,
    "end": 2079.78,
    "speaker": "老师",
    "text": "好，"
  },
  {
    "start": 2079.19,
    "end": 2079.78,
    "speaker": "老师",
    "text": "同学们再见。"
  }
]