[
  {
    "start": 10.8,
    "end": 12.7,
    "speaker": "老师",
    "text": "同学们好，"
  },
  {
    "start": 12.76,
    "end": 19.68,
    "speaker": "老师",
    "text": "今天我们继续学习二十点一习题讲评课。"
  },
  {
    "start": 19.74,
    "end": 32.2,
    "speaker": "老师",
    "text": "二、首先我们来看到思维导图二十点一数据的集中趋势。"
  },
  {
    "start": 32.22,
    "end": 34.5,
    "speaker": "老师",
    "text": "所谓集中趋势，"
  },
  {
    "start": 34.52,
    "end": 40.67,
    "speaker": "老师",
    "text": "是指一组数据向某一中心值靠拢的倾向，"
  },
  {
    "start": 41.21,
    "end": 43.31,
    "speaker": "老师",
    "text": "度量集中趋势，"
  },
  {
    "start": 43.39,
    "end": 53.35,
    "speaker": "老师",
    "text": "寻找数据一般水平的代表值或中心值。"
  },
  {
    "start": 53.35,
    "end": 60.08,
    "speaker": "老师",
    "text": "上节课我们是学习了代表值平均数，"
  },
  {
    "start": 60.08,
    "end": 61.92,
    "speaker": "老师",
    "text": "平均数有几类。"
  },
  {
    "start": 61.94,
    "end": 69.51,
    "speaker": "老师",
    "text": "我们这里学习的是算术平均数，"
  },
  {
    "start": 69.69,
    "end": 77.84,
    "speaker": "老师",
    "text": "算术平均数又分为简单的算术平均数，"
  },
  {
    "start": 77.84,
    "end": 81.29,
    "speaker": "老师",
    "text": "简称算术平均数，"
  },
  {
    "start": 81.41,
    "end": 86.0,
    "speaker": "老师",
    "text": "还有加权算术平均数，"
  },
  {
    "start": 86.06,
    "end": 88.96,
    "speaker": "老师",
    "text": "简称加权平均数。"
  },
  {
    "start": 89.24,
    "end": 98.15,
    "speaker": "老师",
    "text": "那么它的中心值呢，"
  },
  {
    "start": 98.15,
    "end": 101.05,
    "speaker": "老师",
    "text": "我们前面学习了中位数，"
  },
  {
    "start": 101.05,
    "end": 102.11,
    "speaker": "老师",
    "text": "还有众数，"
  },
  {
    "start": 102.11,
    "end": 107.74,
    "speaker": "老师",
    "text": "它们的概念又是怎样子的呢？"
  },
  {
    "start": 107.76,
    "end": 112.42,
    "speaker": "老师",
    "text": "接下来我们进行复习。"
  },
  {
    "start": 112.62,
    "end": 143.77,
    "speaker": "老师",
    "text": "首先我们来看到加权平均数一般的若n个数x一、x二XN的全分别是w一、w二WN则x拔会等于x一乘。"
  },
  {
    "start": 143.81,
    "end": 154.25,
    "speaker": "老师",
    "text": "W一加x二乘w二加XN乘WN除以全之和。"
  },
  {
    "start": 154.25,
    "end": 161.61,
    "speaker": "老师",
    "text": "W一加w二加WN叫做这n个数的加权平均数，"
  },
  {
    "start": 161.75,
    "end": 167.43,
    "speaker": "老师",
    "text": "他还有另外一种情况。"
  },
  {
    "start": 167.53,
    "end": 174.74,
    "speaker": "老师",
    "text": "在求n个数的算术平均数时，"
  },
  {
    "start": 175.59,
    "end": 185.39,
    "speaker": "老师",
    "text": "如果x一出现f一次x二出现f二次XK出现FK次。"
  },
  {
    "start": 185.59,
    "end": 221.91,
    "speaker": "老师",
    "text": "这里f一加f二加FK等于n那么这几个数的算术平均数x拔等于x一乘f一加x二乘f二加XK乘FK除以n也叫做x一、x二XK这k个数的加权平均数，"
  },
  {
    "start": 222.09,
    "end": 232.85,
    "speaker": "老师",
    "text": "其中f一、f二FK分别叫做x一、x二XK的全。"
  },
  {
    "start": 232.91,
    "end": 243.14,
    "speaker": "老师",
    "text": "我们上节课还知道了加权平均数权的几种表现形式，"
  },
  {
    "start": 243.26,
    "end": 248.1,
    "speaker": "老师",
    "text": "全相等的形式，"
  },
  {
    "start": 248.91,
    "end": 258.57,
    "speaker": "老师",
    "text": "全以次数的形式给出全是比的形式，"
  },
  {
    "start": 258.61,
    "end": 262.29,
    "speaker": "老师",
    "text": "全是百分比的形式，"
  },
  {
    "start": 262.33,
    "end": 267.51,
    "speaker": "老师",
    "text": "求做平均数题的一般思路。"
  },
  {
    "start": 267.53,
    "end": 273.69,
    "speaker": "老师",
    "text": "那么我们首先要审题明确权的形式，"
  },
  {
    "start": 273.69,
    "end": 280.39,
    "speaker": "老师",
    "text": "然后求解注意了体会用样本估计总体的思想。"
  },
  {
    "start": 280.39,
    "end": 281.03,
    "speaker": "老师",
    "text": "呃，"
  },
  {
    "start": 281.05,
    "end": 283.99,
    "speaker": "老师",
    "text": "什么叫中位数呢？"
  },
  {
    "start": 283.99,
    "end": 291.01,
    "speaker": "老师",
    "text": "将一组数据按照由小到大或由大到小的顺序排列。"
  },
  {
    "start": 291.25,
    "end": 296.3,
    "speaker": "老师",
    "text": "如果数据的个数是奇数，"
  },
  {
    "start": 296.3,
    "end": 303.16,
    "speaker": "老师",
    "text": "则称处于中间位置的数为这组数据的中位数。"
  },
  {
    "start": 303.52,
    "end": 308.18,
    "speaker": "老师",
    "text": "如果数据的个数是偶数，"
  },
  {
    "start": 308.18,
    "end": 318.14,
    "speaker": "老师",
    "text": "则称中间两个数据的平均数为这组数据的中位数。"
  },
  {
    "start": 318.2,
    "end": 319.04,
    "speaker": "老师",
    "text": "好的，"
  },
  {
    "start": 319.34,
    "end": 333.0,
    "speaker": "老师",
    "text": "如果一组数据中有极端数据中位数能比平均数更合理的反映该组数据的整体水平。"
  },
  {
    "start": 333.0,
    "end": 341.4,
    "speaker": "老师",
    "text": "那么众书呢是一组数据中出现次数最多的数据，"
  },
  {
    "start": 341.4,
    "end": 344.74,
    "speaker": "老师",
    "text": "称为这组数据的众数。"
  },
  {
    "start": 344.74,
    "end": 348.5,
    "speaker": "老师",
    "text": "那么平均数中位数、众数，"
  },
  {
    "start": 348.5,
    "end": 352.8,
    "speaker": "老师",
    "text": "它们又有什么样的特点呢？"
  },
  {
    "start": 352.92,
    "end": 359.47,
    "speaker": "老师",
    "text": "我们一起来看。"
  },
  {
    "start": 359.57,
    "end": 360.15,
    "speaker": "老师",
    "text": "首先，"
  },
  {
    "start": 360.15,
    "end": 366.15,
    "speaker": "老师",
    "text": "平均数的特点计算要用到所有的数据，"
  },
  {
    "start": 366.33,
    "end": 373.03,
    "speaker": "老师",
    "text": "任何一个数据的变动都会相应引起平均数的变动。"
  },
  {
    "start": 373.11,
    "end": 377.03,
    "speaker": "老师",
    "text": "它能够充分利用所有的数据信息，"
  },
  {
    "start": 377.73,
    "end": 381.83,
    "speaker": "老师",
    "text": "但它受极端值的影响较大，"
  },
  {
    "start": 381.83,
    "end": 386.93,
    "speaker": "老师",
    "text": "中位数仅与数据的排列位置有关，"
  },
  {
    "start": 389.02,
    "end": 391.98,
    "speaker": "老师",
    "text": "不易受极端值影响，"
  },
  {
    "start": 392.0,
    "end": 397.5,
    "speaker": "老师",
    "text": "中位数可能出现在所给数据中，"
  },
  {
    "start": 397.5,
    "end": 400.96,
    "speaker": "老师",
    "text": "也可能不在所给的数据中。"
  },
  {
    "start": 400.96,
    "end": 406.76,
    "speaker": "老师",
    "text": "当一组数据中的个别数据变动较大时，"
  },
  {
    "start": 406.76,
    "end": 410.3,
    "speaker": "老师",
    "text": "可用中位数描述其趋势，"
  },
  {
    "start": 410.3,
    "end": 414.14,
    "speaker": "老师",
    "text": "中位数的计算很少，"
  },
  {
    "start": 414.2,
    "end": 419.06,
    "speaker": "老师",
    "text": "最后看到种树的特点。"
  },
  {
    "start": 419.06,
    "end": 422.64,
    "speaker": "老师",
    "text": "当一组数据中，"
  },
  {
    "start": 422.64,
    "end": 429.26,
    "speaker": "老师",
    "text": "某一数据重复出现较多时，"
  },
  {
    "start": 429.78,
    "end": 438.33,
    "speaker": "老师",
    "text": "人们往往关心的一个量众数不受极端值的影响，"
  },
  {
    "start": 438.33,
    "end": 441.99,
    "speaker": "老师",
    "text": "这是它的一个优势。"
  },
  {
    "start": 442.01,
    "end": 450.16,
    "speaker": "老师",
    "text": "缺点是当众数有多个且众数的频数相对较小时，"
  },
  {
    "start": 450.16,
    "end": 452.35,
    "speaker": "老师",
    "text": "可靠性小，"
  },
  {
    "start": 452.35,
    "end": 454.05,
    "speaker": "老师",
    "text": "局限性大。"
  },
  {
    "start": 454.05,
    "end": 455.65,
    "speaker": "老师",
    "text": "明确了这些，"
  },
  {
    "start": 455.75,
    "end": 459.74,
    "speaker": "老师",
    "text": "我们来看看下面的习题，"
  },
  {
    "start": 459.74,
    "end": 462.7,
    "speaker": "老师",
    "text": "请看练习一两组数据，"
  },
  {
    "start": 462.7,
    "end": 470.46,
    "speaker": "老师",
    "text": "m六n与一m二n七的平均数都是六。"
  },
  {
    "start": 470.46,
    "end": 477.26,
    "speaker": "老师",
    "text": "若将这两组数据合并成一组数据，"
  },
  {
    "start": 477.32,
    "end": 483.46,
    "speaker": "老师",
    "text": "则这组数据的中位数和众数分别是什么？"
  },
  {
    "start": 483.46,
    "end": 489.58,
    "speaker": "老师",
    "text": "那么我们这道题发现了平均数是六，"
  },
  {
    "start": 489.62,
    "end": 578.51,
    "speaker": "老师",
    "text": "说明它是一道求算术平均数的题。"
  },
  {
    "start": 578.61,
    "end": 582.84,
    "speaker": "老师",
    "text": "由第一句话可知，"
  },
  {
    "start": 582.86,
    "end": 589.51,
    "speaker": "老师",
    "text": "两组数据的算术平均数都是六，"
  },
  {
    "start": 589.55,
    "end": 606.93,
    "speaker": "老师",
    "text": "我们可以得到m加六加n除以三会等于六一加m加二n加七除以四会等于六。"
  },
  {
    "start": 607.29,
    "end": 617.49,
    "speaker": "老师",
    "text": "我们建立一个关于MN的二元一次方程组，"
  },
  {
    "start": 617.79,
    "end": 624.34,
    "speaker": "老师",
    "text": "请同学们拿出纸笔，"
  },
  {
    "start": 624.48,
    "end": 631.11,
    "speaker": "老师",
    "text": "做一做计算出MN的值。"
  },
  {
    "start": 631.17,
    "end": 634.39,
    "speaker": "老师",
    "text": "同学们做好了吗？"
  },
  {
    "start": 635.05,
    "end": 637.73,
    "speaker": "老师",
    "text": "与老师对对答案。"
  },
  {
    "start": 638.15,
    "end": 639.89,
    "speaker": "老师",
    "text": "因此，"
  },
  {
    "start": 639.95,
    "end": 651.0,
    "speaker": "老师",
    "text": "m等于八n等于四题目中说到两组数据合并成一组数据。"
  },
  {
    "start": 652.35,
    "end": 653.81,
    "speaker": "老师",
    "text": "那也就是说，"
  },
  {
    "start": 653.81,
    "end": 660.93,
    "speaker": "老师",
    "text": "八六四一八八七得到这么一组数据，"
  },
  {
    "start": 660.93,
    "end": 670.67,
    "speaker": "老师",
    "text": "再把这组数据按从小到大的顺序排列为一四六七八八八，"
  },
  {
    "start": 670.71,
    "end": 672.03,
    "speaker": "老师",
    "text": "共七个数，"
  },
  {
    "start": 672.09,
    "end": 674.47,
    "speaker": "老师",
    "text": "第四个数，"
  },
  {
    "start": 674.47,
    "end": 676.46,
    "speaker": "老师",
    "text": "七是中间数，"
  },
  {
    "start": 677.71,
    "end": 682.58,
    "speaker": "老师",
    "text": "故中位数是七，"
  },
  {
    "start": 682.64,
    "end": 685.5,
    "speaker": "老师",
    "text": "数据八出现的次数，"
  },
  {
    "start": 686.32,
    "end": 691.12,
    "speaker": "老师",
    "text": "最多故这组数据的众数是八。"
  },
  {
    "start": 691.24,
    "end": 694.34,
    "speaker": "老师",
    "text": "因此我们可以得出，"
  },
  {
    "start": 694.34,
    "end": 700.2,
    "speaker": "老师",
    "text": "则这组数据的中位数和众数分别是七和八。"
  },
  {
    "start": 700.2,
    "end": 705.74,
    "speaker": "老师",
    "text": "接下来我们来看到书上的习题，"
  },
  {
    "start": 705.86,
    "end": 713.62,
    "speaker": "老师",
    "text": "请同学们看到教材习题二十点一的第二题，"
  },
  {
    "start": 713.62,
    "end": 718.27,
    "speaker": "老师",
    "text": "在一次中学生田径运动会上，"
  },
  {
    "start": 718.27,
    "end": 730.09,
    "speaker": "老师",
    "text": "千金男子跳高的十五名运动员的成绩如表所示，"
  },
  {
    "start": 730.31,
    "end": 738.01,
    "speaker": "老师",
    "text": "成绩米人数一点五厘米的人数有两人一点六厘米的，"
  },
  {
    "start": 738.01,
    "end": 739.19,
    "speaker": "老师",
    "text": "有三人，"
  },
  {
    "start": 739.19,
    "end": 741.47,
    "speaker": "老师",
    "text": "一点六五米的，"
  },
  {
    "start": 741.55,
    "end": 746.69,
    "speaker": "老师",
    "text": "有两人一点七厘米的，"
  },
  {
    "start": 746.81,
    "end": 747.97,
    "speaker": "老师",
    "text": "有三人，"
  },
  {
    "start": 747.97,
    "end": 749.81,
    "speaker": "老师",
    "text": "一点七五米的，"
  },
  {
    "start": 749.81,
    "end": 750.57,
    "speaker": "老师",
    "text": "有四人，"
  },
  {
    "start": 750.73,
    "end": 753.13,
    "speaker": "老师",
    "text": "一点八厘米的，"
  },
  {
    "start": 753.21,
    "end": 760.27,
    "speaker": "老师",
    "text": "有一人分别计算这些运动员成绩的平均数，"
  },
  {
    "start": 760.33,
    "end": 765.77,
    "speaker": "老师",
    "text": "中位数、众数，"
  },
  {
    "start": 765.77,
    "end": 770.95,
    "speaker": "老师",
    "text": "结果保留小数点后两位。"
  },
  {
    "start": 771.07,
    "end": 775.86,
    "speaker": "老师",
    "text": "那么通过这个表，"
  },
  {
    "start": 775.9,
    "end": 777.72,
    "speaker": "老师",
    "text": "我们可以知道，"
  },
  {
    "start": 777.72,
    "end": 787.48,
    "speaker": "老师",
    "text": "求成绩的平均数全是以次数的形式给出人数。"
  },
  {
    "start": 787.78,
    "end": 810.03,
    "speaker": "老师",
    "text": "二三二三四一分别是成绩一点五零、一点六零、一点六五、一点七零、一点七五、一点八零的全表格中，"
  },
  {
    "start": 810.23,
    "end": 815.29,
    "speaker": "老师",
    "text": "数据是按从小到大的顺序排列的。"
  },
  {
    "start": 815.29,
    "end": 827.55,
    "speaker": "老师",
    "text": "那么它的数据共有二加三加二加三加四加一等于十五，"
  },
  {
    "start": 827.65,
    "end": 834.84,
    "speaker": "老师",
    "text": "十五个数据十五为奇数。"
  },
  {
    "start": 834.9,
    "end": 840.5,
    "speaker": "老师",
    "text": "徐中间第八个数据是一点七零，"
  },
  {
    "start": 841.28,
    "end": 844.6,
    "speaker": "老师",
    "text": "所以中位数就是一点七零。"
  },
  {
    "start": 844.66,
    "end": 849.2,
    "speaker": "老师",
    "text": "从表格中我们还可知，"
  },
  {
    "start": 849.92,
    "end": 856.94,
    "speaker": "老师",
    "text": "这组数据中出现人数最多的是一点七五，"
  },
  {
    "start": 856.94,
    "end": 860.66,
    "speaker": "老师",
    "text": "因此众数就是一点七五。"
  },
  {
    "start": 860.82,
    "end": 871.52,
    "speaker": "老师",
    "text": "解这些运动员成绩的平均数是x拔等于一点五零乘二，"
  },
  {
    "start": 871.54,
    "end": 876.32,
    "speaker": "老师",
    "text": "加一点六零乘三加一点六五乘二，"
  },
  {
    "start": 876.32,
    "end": 881.89,
    "speaker": "老师",
    "text": "加一点七零乘三加一点七五乘四，"
  },
  {
    "start": 881.93,
    "end": 892.33,
    "speaker": "老师",
    "text": "加一点八零乘一除以十五等于二十五除以十五约等于一点六七米。"
  },
  {
    "start": 892.33,
    "end": 900.75,
    "speaker": "老师",
    "text": "这组数据是按从小到大排列的，"
  },
  {
    "start": 900.81,
    "end": 904.58,
    "speaker": "老师",
    "text": "第八个数据是一点七零，"
  },
  {
    "start": 904.6,
    "end": 905.14,
    "speaker": "老师",
    "text": "故，"
  },
  {
    "start": 905.24,
    "end": 910.84,
    "speaker": "老师",
    "text": "这些运动员成绩的中位数是一点七零。"
  },
  {
    "start": 910.92,
    "end": 912.46,
    "speaker": "老师",
    "text": "在此数据中，"
  },
  {
    "start": 912.46,
    "end": 916.28,
    "speaker": "老师",
    "text": "一点七五出现了四次，"
  },
  {
    "start": 916.52,
    "end": 917.84,
    "speaker": "老师",
    "text": "出现次数。"
  },
  {
    "start": 918.7,
    "end": 927.29,
    "speaker": "老师",
    "text": "最多故这些运动员成绩的众数是一点七五。"
  },
  {
    "start": 927.29,
    "end": 931.63,
    "speaker": "老师",
    "text": "这个请看教材习题二十点一。"
  },
  {
    "start": 931.85,
    "end": 936.9,
    "speaker": "老师",
    "text": "第七题为了提高农民收入，"
  },
  {
    "start": 936.94,
    "end": 943.25,
    "speaker": "老师",
    "text": "村干部带领村民自愿投资，"
  },
  {
    "start": 943.25,
    "end": 947.69,
    "speaker": "老师",
    "text": "办起了一个养鸡场，"
  },
  {
    "start": 947.79,
    "end": 953.53,
    "speaker": "老师",
    "text": "半场时买来的一千只小鸡，"
  },
  {
    "start": 953.65,
    "end": 961.33,
    "speaker": "老师",
    "text": "经过一段时间精心饲养，"
  },
  {
    "start": 961.33,
    "end": 963.43,
    "speaker": "老师",
    "text": "可以出售了。"
  },
  {
    "start": 963.49,
    "end": 968.99,
    "speaker": "老师",
    "text": "下表是这些鸡出售时质量的统计数据，"
  },
  {
    "start": 970.01,
    "end": 971.09,
    "speaker": "老师",
    "text": "质量千克，"
  },
  {
    "start": 971.41,
    "end": 976.59,
    "speaker": "老师",
    "text": "贫树一点零千克的瓶数是一百一十二，"
  },
  {
    "start": 976.59,
    "end": 983.65,
    "speaker": "老师",
    "text": "一点二千克的瓶数是二百二十六，"
  },
  {
    "start": 983.71,
    "end": 989.88,
    "speaker": "老师",
    "text": "一点五千克的瓶数是三百二十三，"
  },
  {
    "start": 989.94,
    "end": 1003.38,
    "speaker": "老师",
    "text": "一点八千克的瓶数是二百四十一二点零千克的匹数是九十八。"
  },
  {
    "start": 1003.44,
    "end": 1005.58,
    "speaker": "老师",
    "text": "看一出售时，"
  },
  {
    "start": 1005.96,
    "end": 1010.4,
    "speaker": "老师",
    "text": "这些鸡的平均质量是多少，"
  },
  {
    "start": 1010.4,
    "end": 1016.34,
    "speaker": "老师",
    "text": "结果保留小数点的后一位。"
  },
  {
    "start": 1016.6,
    "end": 1023.93,
    "speaker": "老师",
    "text": "二、质量在哪个值的积是最多的？"
  },
  {
    "start": 1024.23,
    "end": 1028.13,
    "speaker": "老师",
    "text": "三、中间的质量是多少？"
  },
  {
    "start": 1028.27,
    "end": 1031.4,
    "speaker": "老师",
    "text": "从这个表格中，"
  },
  {
    "start": 1031.8,
    "end": 1036.82,
    "speaker": "老师",
    "text": "我们知道这是一道求加权平均数的题意。"
  },
  {
    "start": 1036.96,
    "end": 1039.14,
    "speaker": "老师",
    "text": "球积的平均质量。"
  },
  {
    "start": 1039.14,
    "end": 1046.27,
    "speaker": "老师",
    "text": "从频数中我们可以知道，"
  },
  {
    "start": 1046.53,
    "end": 1062.73,
    "speaker": "老师",
    "text": "全是以次数的形式给出一百一十二、二百、二十六、三百二十三、二百四十一九十八，"
  },
  {
    "start": 1062.81,
    "end": 1078.29,
    "speaker": "老师",
    "text": "分别是一点零、一点二、一点五、一点八、二点零的。"
  },
  {
    "start": 1078.43,
    "end": 1082.15,
    "speaker": "老师",
    "text": "全知道了这些权，"
  },
  {
    "start": 1082.15,
    "end": 1089.23,
    "speaker": "老师",
    "text": "我们再利用加权平均数其他形式的公式，"
  },
  {
    "start": 1089.27,
    "end": 1092.27,
    "speaker": "老师",
    "text": "可以求出平均质量。"
  },
  {
    "start": 1092.69,
    "end": 1095.07,
    "speaker": "老师",
    "text": "从表格中可知，"
  },
  {
    "start": 1095.07,
    "end": 1102.79,
    "speaker": "老师",
    "text": "这组数据中出现频数最大的数据是一点五，"
  },
  {
    "start": 1103.09,
    "end": 1105.43,
    "speaker": "老师",
    "text": "因此众数是一点五，"
  },
  {
    "start": 1105.43,
    "end": 1112.37,
    "speaker": "老师",
    "text": "即质量在一点五千克的积最多。"
  },
  {
    "start": 1113.56,
    "end": 1114.02,
    "speaker": "老师",
    "text": "嗯，"
  },
  {
    "start": 1114.1,
    "end": 1143.63,
    "speaker": "老师",
    "text": "拜表格中数据是按从小到大的顺序排列的数据共有一百一十二加二百二十六加三百二十三加二百四十一加九十八等于一千一千为偶数，"
  },
  {
    "start": 1143.63,
    "end": 1157.28,
    "speaker": "老师",
    "text": "取中间第五百个与五百零一个数据的平均数是一点五，"
  },
  {
    "start": 1157.44,
    "end": 1161.52,
    "speaker": "老师",
    "text": "中位数是一点五，"
  },
  {
    "start": 1161.52,
    "end": 1168.41,
    "speaker": "老师",
    "text": "故中间的质量是一点五千克。"
  },
  {
    "start": 1168.91,
    "end": 1171.13,
    "speaker": "老师",
    "text": "第一解一小问，"
  },
  {
    "start": 1171.55,
    "end": 1184.84,
    "speaker": "老师",
    "text": "出售时这些鸡的平均质量是x八等于一点零乘一百一十二，"
  },
  {
    "start": 1184.94,
    "end": 1186.76,
    "speaker": "老师",
    "text": "加一点二乘，"
  },
  {
    "start": 1186.84,
    "end": 1189.8,
    "speaker": "老师",
    "text": "二百二十六，"
  },
  {
    "start": 1189.88,
    "end": 1194.52,
    "speaker": "老师",
    "text": "加一点五乘三百二十三，"
  },
  {
    "start": 1195.36,
    "end": 1223.36,
    "speaker": "老师",
    "text": "加一点八乘二百四十一加一点零乘九十八除以它们全之和一百一十二加二百二十六加三百二十三加二百四十一加九十八等于一千四百九十七点五除以一千等于一点四九七五，"
  },
  {
    "start": 1223.64,
    "end": 1227.68,
    "speaker": "老师",
    "text": "约等于一点五千克二小问，"
  },
  {
    "start": 1227.72,
    "end": 1235.75,
    "speaker": "老师",
    "text": "因为一点五千克的瓶数最大是三百二十三，"
  },
  {
    "start": 1235.75,
    "end": 1244.59,
    "speaker": "老师",
    "text": "所以质量在一点五千克的积最多三小问，"
  },
  {
    "start": 1244.65,
    "end": 1249.14,
    "speaker": "老师",
    "text": "因为共有一千个数，"
  },
  {
    "start": 1249.14,
    "end": 1261.78,
    "speaker": "老师",
    "text": "所以从小到大排列后第五百个与第五百零一个数的平均数为中位数，"
  },
  {
    "start": 1261.78,
    "end": 1269.65,
    "speaker": "老师",
    "text": "所以中位数等于括号一点五加一点五除以二等于一点五。"
  },
  {
    "start": 1269.91,
    "end": 1270.61,
    "speaker": "老师",
    "text": "答，"
  },
  {
    "start": 1270.73,
    "end": 1279.2,
    "speaker": "老师",
    "text": "一、出售时这些鸡的平均质量约是一点五千克。"
  },
  {
    "start": 1279.46,
    "end": 1283.96,
    "speaker": "老师",
    "text": "二、质量在一点五千克的鸡最多三，"
  },
  {
    "start": 1285.71,
    "end": 1288.93,
    "speaker": "老师",
    "text": "中间的质量是一点五千克。"
  },
  {
    "start": 1288.93,
    "end": 1296.16,
    "speaker": "老师",
    "text": "我们一起来看到教材习题二十点一第八题。"
  },
  {
    "start": 1296.98,
    "end": 1309.29,
    "speaker": "老师",
    "text": "下图是交警在一个路口统计的某个时段来往车辆的车速情况。"
  },
  {
    "start": 1309.39,
    "end": 1314.11,
    "speaker": "老师",
    "text": "请用你所学的统计知识，"
  },
  {
    "start": 1315.13,
    "end": 1318.41,
    "speaker": "老师",
    "text": "写一份简短的报告，"
  },
  {
    "start": 1318.59,
    "end": 1326.71,
    "speaker": "老师",
    "text": "让交警知道这个时段路口来往车辆的车速情况。"
  },
  {
    "start": 1326.87,
    "end": 1332.81,
    "speaker": "老师",
    "text": "首先我们要利用统计知识，"
  },
  {
    "start": 1333.63,
    "end": 1337.23,
    "speaker": "老师",
    "text": "结合这个统计图，"
  },
  {
    "start": 1337.23,
    "end": 1341.49,
    "speaker": "老师",
    "text": "我们能知道哪些数据呢？"
  },
  {
    "start": 1341.51,
    "end": 1343.61,
    "speaker": "老师",
    "text": "横坐标表示，"
  },
  {
    "start": 1343.87,
    "end": 1346.26,
    "speaker": "老师",
    "text": "车速千米每时。"
  },
  {
    "start": 1347.35,
    "end": 1349.85,
    "speaker": "老师",
    "text": "纵坐标表示，"
  },
  {
    "start": 1350.03,
    "end": 1353.79,
    "speaker": "老师",
    "text": "车辆数车速五十千米，"
  },
  {
    "start": 1353.79,
    "end": 1360.85,
    "speaker": "老师",
    "text": "每时通过的车辆是两辆车速五十一千米，"
  },
  {
    "start": 1360.97,
    "end": 1489.6,
    "speaker": "老师",
    "text": "每时时通过的车辆是五辆车速五十二千米，"
  },
  {
    "start": 1489.6,
    "end": 1500.27,
    "speaker": "老师",
    "text": "每时时通过的车辆是八辆车速五十三千米，"
  },
  {
    "start": 1500.75,
    "end": 1509.91,
    "speaker": "老师",
    "text": "每时时通过的车辆是六辆车速五十四千米。"
  },
  {
    "start": 1509.91,
    "end": 1518.69,
    "speaker": "老师",
    "text": "每时时通过的车辆是四辆车速五十五千米。"
  },
  {
    "start": 1518.69,
    "end": 1524.14,
    "speaker": "老师",
    "text": "每时时通过的车辆是两辆。"
  },
  {
    "start": 1526.41,
    "end": 1529.52,
    "speaker": "老师",
    "text": "知道了这些数据，"
  },
  {
    "start": 1529.52,
    "end": 1537.19,
    "speaker": "老师",
    "text": "我们可以利用我们所学知识，"
  },
  {
    "start": 1537.33,
    "end": 1545.32,
    "speaker": "老师",
    "text": "求出平均速度、中位数、众数，"
  },
  {
    "start": 1545.32,
    "end": 1549.62,
    "speaker": "老师",
    "text": "也就是这道题具有开放性，"
  },
  {
    "start": 1550.18,
    "end": 1554.38,
    "speaker": "老师",
    "text": "没有明确求什么。"
  },
  {
    "start": 1554.5,
    "end": 1560.88,
    "speaker": "老师",
    "text": "但要求要求中又明确了从车数情况入手。"
  },
  {
    "start": 1561.16,
    "end": 1566.38,
    "speaker": "老师",
    "text": "根据条形统计图提供的数据，"
  },
  {
    "start": 1568.26,
    "end": 1570.78,
    "speaker": "老师",
    "text": "利用已学的知识，"
  },
  {
    "start": 1571.54,
    "end": 1576.12,
    "speaker": "老师",
    "text": "找出来往车辆的平均速度，"
  },
  {
    "start": 1576.2,
    "end": 1581.26,
    "speaker": "老师",
    "text": "哪个速度的车辆众数最多，"
  },
  {
    "start": 1581.32,
    "end": 1585.04,
    "speaker": "老师",
    "text": "哪个是来往车辆的中间车数。"
  },
  {
    "start": 1585.14,
    "end": 1587.65,
    "speaker": "老师",
    "text": "也就是说，"
  },
  {
    "start": 1587.83,
    "end": 1591.97,
    "speaker": "老师",
    "text": "中位数依据平均数众数，"
  },
  {
    "start": 1592.23,
    "end": 1598.87,
    "speaker": "老师",
    "text": "中位数这些数据我们来写一份简短的报告，"
  },
  {
    "start": 1599.17,
    "end": 1607.99,
    "speaker": "老师",
    "text": "请同学们拿出纸笔求出题目中的平均数，"
  },
  {
    "start": 1608.07,
    "end": 1610.29,
    "speaker": "老师",
    "text": "中位数众数。"
  },
  {
    "start": 1610.37,
    "end": 1611.77,
    "speaker": "老师",
    "text": "同学们，"
  },
  {
    "start": 1611.77,
    "end": 1615.29,
    "speaker": "老师",
    "text": "你们做好了吗？"
  },
  {
    "start": 1615.41,
    "end": 1619.4,
    "speaker": "老师",
    "text": "我们一起来看解。"
  },
  {
    "start": 1619.48,
    "end": 1639.18,
    "speaker": "老师",
    "text": "平均速度为x拔等于五十乘二加五十一乘五加五十二乘八加五十三乘六加五十四乘四加五十五乘二除以全之和。"
  },
  {
    "start": 1640.89,
    "end": 1648.47,
    "speaker": "老师",
    "text": "二加五加八加六加四加二等于一千四百一十五，"
  },
  {
    "start": 1648.93,
    "end": 1650.77,
    "speaker": "老师",
    "text": "除以二十七，"
  },
  {
    "start": 1650.85,
    "end": 1654.57,
    "speaker": "老师",
    "text": "约等于五十二千米。"
  },
  {
    "start": 1654.57,
    "end": 1655.41,
    "speaker": "老师",
    "text": "每时。"
  },
  {
    "start": 1655.71,
    "end": 1660.67,
    "speaker": "老师",
    "text": "这组数据中五十二出现了八四，"
  },
  {
    "start": 1660.89,
    "end": 1670.66,
    "speaker": "老师",
    "text": "也就是这个图中绿色的条形图最高是出现次数最多的。"
  },
  {
    "start": 1671.4,
    "end": 1675.98,
    "speaker": "老师",
    "text": "所以大多数的车以五十二千米，"
  },
  {
    "start": 1676.22,
    "end": 1687.43,
    "speaker": "老师",
    "text": "每时的速度行驶众数是五十二速度从小到大排列，"
  },
  {
    "start": 1687.43,
    "end": 1693.03,
    "speaker": "老师",
    "text": "总共二加五加八加六加四加二等于二十。"
  },
  {
    "start": 1693.03,
    "end": 1701.88,
    "speaker": "老师",
    "text": "七辆车第十四辆车的速度是中间数五十二千米，"
  },
  {
    "start": 1701.96,
    "end": 1704.72,
    "speaker": "老师",
    "text": "每时中位数是五十二，"
  },
  {
    "start": 1704.72,
    "end": 1710.02,
    "speaker": "老师",
    "text": "约有一半的车速在五十二千米，"
  },
  {
    "start": 1710.08,
    "end": 1712.82,
    "speaker": "老师",
    "text": "每时上约有一半，"
  },
  {
    "start": 1712.86,
    "end": 1715.82,
    "speaker": "老师",
    "text": "车速在五十二千米，"
  },
  {
    "start": 1715.98,
    "end": 1719.35,
    "speaker": "老师",
    "text": "每时之下。"
  },
  {
    "start": 1719.35,
    "end": 1722.21,
    "speaker": "老师",
    "text": "通过这道题，"
  },
  {
    "start": 1722.23,
    "end": 1726.77,
    "speaker": "老师",
    "text": "我们知道实际问题，"
  },
  {
    "start": 1727.01,
    "end": 1737.19,
    "speaker": "老师",
    "text": "情境中可以依据平均数中位数众数来解决实际问题。"
  },
  {
    "start": 1737.19,
    "end": 1746.49,
    "speaker": "老师",
    "text": "请看这堂课的最后一道习题教材习题二十点一的第九题，"
  },
  {
    "start": 1748.0,
    "end": 1753.8,
    "speaker": "老师",
    "text": "下表是某班学生右眼视力的检查结果。"
  },
  {
    "start": 1754.28,
    "end": 1759.86,
    "speaker": "老师",
    "text": "视力第一行、第二行是人数四点零的，"
  },
  {
    "start": 1759.9,
    "end": 1762.22,
    "speaker": "老师",
    "text": "有一人四点一的，"
  },
  {
    "start": 1762.22,
    "end": 1766.53,
    "speaker": "老师",
    "text": "有两人四点二的有五人，"
  },
  {
    "start": 1766.83,
    "end": 1769.77,
    "speaker": "老师",
    "text": "四点三的有四人，"
  },
  {
    "start": 1770.27,
    "end": 1774.33,
    "speaker": "老师",
    "text": "四点四的有三人，"
  },
  {
    "start": 1774.33,
    "end": 1776.33,
    "speaker": "老师",
    "text": "四点七的有五人，"
  },
  {
    "start": 1776.33,
    "end": 1784.68,
    "speaker": "老师",
    "text": "四点六的有一人，"
  },
  {
    "start": 1784.8,
    "end": 1786.22,
    "speaker": "老师",
    "text": "四点七的，"
  },
  {
    "start": 1786.34,
    "end": 1787.63,
    "speaker": "老师",
    "text": "有一人，"
  },
  {
    "start": 1789.43,
    "end": 1792.73,
    "speaker": "老师",
    "text": "四点八的有五人，"
  },
  {
    "start": 1792.73,
    "end": 1795.73,
    "speaker": "老师",
    "text": "四点九的有九人，"
  },
  {
    "start": 1795.93,
    "end": 1798.31,
    "speaker": "老师",
    "text": "五点零的有六人。"
  },
  {
    "start": 1798.31,
    "end": 1801.11,
    "speaker": "老师",
    "text": "分析上表中的数据，"
  },
  {
    "start": 1801.47,
    "end": 1804.41,
    "speaker": "老师",
    "text": "你能得出哪些结论呢？"
  },
  {
    "start": 1804.51,
    "end": 1808.23,
    "speaker": "老师",
    "text": "这道题也没有明确的所求。"
  },
  {
    "start": 1808.31,
    "end": 1814.41,
    "speaker": "老师",
    "text": "再通过这个频数分布表给出的数据，"
  },
  {
    "start": 1814.43,
    "end": 1819.91,
    "speaker": "老师",
    "text": "我们可以从不同的角度进行观察，"
  },
  {
    "start": 1820.25,
    "end": 1823.81,
    "speaker": "老师",
    "text": "会得到不同的结论。"
  },
  {
    "start": 1823.87,
    "end": 1830.22,
    "speaker": "老师",
    "text": "什么事利用第二十章数据的分析中，"
  },
  {
    "start": 1833.16,
    "end": 1845.05,
    "speaker": "老师",
    "text": "目前所学的知识从表格中会得到平均数中位数、众数的结论，"
  },
  {
    "start": 1845.05,
    "end": 1849.33,
    "speaker": "老师",
    "text": "可以通过求平均数中位数众数。"
  },
  {
    "start": 1849.37,
    "end": 1856.2,
    "speaker": "老师",
    "text": "平均数中全以次数形式给出，"
  },
  {
    "start": 1856.9,
    "end": 1863.59,
    "speaker": "老师",
    "text": "即人数一二五四三五一一五九六四，"
  },
  {
    "start": 1865.11,
    "end": 1874.29,
    "speaker": "老师",
    "text": "别是事例四点零四点一四点二四点三四点，"
  },
  {
    "start": 1875.33,
    "end": 1885.29,
    "speaker": "老师",
    "text": "四四点五四点六、四点七四点八四点九五点零的全表格，"
  },
  {
    "start": 1886.05,
    "end": 1891.81,
    "speaker": "老师",
    "text": "示例是按从小到大的顺序排列的。"
  },
  {
    "start": 1891.81,
    "end": 1901.66,
    "speaker": "老师",
    "text": "共四十二名学生故第二十一位与第二十二位。"
  },
  {
    "start": 1902.8,
    "end": 1909.19,
    "speaker": "老师",
    "text": "学生的平均视例是中位数四点九的事例，"
  },
  {
    "start": 1909.19,
    "end": 1912.91,
    "speaker": "老师",
    "text": "有九位学生人数最多，"
  },
  {
    "start": 1912.97,
    "end": 1916.76,
    "speaker": "老师",
    "text": "故众数是四点九。"
  },
  {
    "start": 1916.76,
    "end": 1917.88,
    "speaker": "老师",
    "text": "知道了这一些，"
  },
  {
    "start": 1917.9,
    "end": 1921.83,
    "speaker": "老师",
    "text": "我们就好得出结论解。"
  },
  {
    "start": 1922.21,
    "end": 1959.26,
    "speaker": "老师",
    "text": "一班上同学的平均视力是x拔等于四点零乘一加四点一乘二加四点二乘五加四点三乘四加四点四乘三加四点五乘一加四点六乘一加四点七乘一加四点八乘五加四点九乘九加四点零乘六除以它们的船之和。"
  },
  {
    "start": 1959.26,
    "end": 1969.49,
    "speaker": "老师",
    "text": "一加二加五加四加三加五加一加一加五加九加六。"
  },
  {
    "start": 1969.49,
    "end": 1971.75,
    "speaker": "老师",
    "text": "数据比较长，"
  },
  {
    "start": 1971.75,
    "end": 1984.08,
    "speaker": "老师",
    "text": "运算的时候要仔细等于一百九十三点五除以四十二，"
  },
  {
    "start": 1984.78,
    "end": 1990.84,
    "speaker": "老师",
    "text": "约等于四点六。"
  },
  {
    "start": 1991.12,
    "end": 1997.48,
    "speaker": "老师",
    "text": "所以这个班有四十二个学生，"
  },
  {
    "start": 1997.88,
    "end": 2004.1,
    "speaker": "老师",
    "text": "且这四十二个学生的平均视力约是四点六。"
  },
  {
    "start": 2004.16,
    "end": 2009.1,
    "speaker": "老师",
    "text": "中国的二人数最多的是九，"
  },
  {
    "start": 2009.12,
    "end": 2014.15,
    "speaker": "老师",
    "text": "对应的视力是四点九，"
  },
  {
    "start": 2014.15,
    "end": 2020.29,
    "speaker": "老师",
    "text": "告诉了这班学生中视力是四点九的人最多。"
  },
  {
    "start": 2020.29,
    "end": 2025.31,
    "speaker": "老师",
    "text": "三、表格中的示例是按从小到大排列的，"
  },
  {
    "start": 2025.37,
    "end": 2028.73,
    "speaker": "老师",
    "text": "共四十二人，"
  },
  {
    "start": 2028.87,
    "end": 2035.74,
    "speaker": "老师",
    "text": "中间有两人视例为四点六和四点七，"
  },
  {
    "start": 2035.96,
    "end": 2041.14,
    "speaker": "老师",
    "text": "故中间视例为四点六五。"
  },
  {
    "start": 2041.14,
    "end": 2041.66,
    "speaker": "老师",
    "text": "答，"
  },
  {
    "start": 2042.0,
    "end": 2048.59,
    "speaker": "老师",
    "text": "本班学生的平均视力约是四点六，"
  },
  {
    "start": 2048.87,
    "end": 2061.57,
    "speaker": "老师",
    "text": "视力是四点九的学生人数最多一半以上的学生视力不超过四点六五。"
  },
  {
    "start": 2061.57,
    "end": 2063.41,
    "speaker": "老师",
    "text": "通过这堂课，"
  },
  {
    "start": 2064.23,
    "end": 2068.75,
    "speaker": "老师",
    "text": "我们又有什么样的感悟呢？"
  },
  {
    "start": 2069.37,
    "end": 2076.91,
    "speaker": "老师",
    "text": "我们明确了平均数中位数、众数的特点。"
  },
  {
    "start": 2077.95,
    "end": 2085.14,
    "speaker": "老师",
    "text": "平均数是实际中应用最广泛的集中趋势的度量值。"
  },
  {
    "start": 2085.14,
    "end": 2092.22,
    "speaker": "老师",
    "text": "缺点是易受数据极端值的影响。"
  },
  {
    "start": 2092.22,
    "end": 2097.2,
    "speaker": "老师",
    "text": "中位数是一组数据中间位置上的代表值特点，"
  },
  {
    "start": 2096.78,
    "end": 2097.2,
    "speaker": "老师",
    "text": "不受数据极端值的影响。"
  },
  {
    "start": 2096.78,
    "end": 2097.2,
    "speaker": "老师",
    "text": "证书是一组数据的峰值，"
  },
  {
    "start": 2096.78,
    "end": 2097.2,
    "speaker": "老师",
    "text": "也是一种位置，"
  },
  {
    "start": 2096.78,
    "end": 2097.2,
    "speaker": "老师",
    "text": "代表值不受极端值的影响。"
  },
  {
    "start": 2096.78,
    "end": 2097.2,
    "speaker": "老师",
    "text": "缺点不具唯一性。"
  },
  {
    "start": 2096.78,
    "end": 2097.2,
    "speaker": "老师",
    "text": "明白了这些特点，"
  },
  {
    "start": 2096.78,
    "end": 2097.2,
    "speaker": "老师",
    "text": "那么我们实际问题的解答就容易了。"
  },
  {
    "start": 2096.78,
    "end": 2097.2,
    "speaker": "老师",
    "text": "首先我们要省清题，"
  },
  {
    "start": 2096.78,
    "end": 2097.2,
    "speaker": "老师",
    "text": "找出平均数，"
  },
  {
    "start": 2096.78,
    "end": 2097.2,
    "speaker": "老师",
    "text": "中位数、众数。"
  },
  {
    "start": 2096.78,
    "end": 2097.2,
    "speaker": "老师",
    "text": "然后依据这些数据作答，"
  },
  {
    "start": 2096.78,
    "end": 2097.2,
    "speaker": "老师",
    "text": "那么同同时也要注意实际问题，"
  },
  {
    "start": 2096.78,
    "end": 2097.2,
    "speaker": "老师",
    "text": "情境中可依据得出的平均数中位数、众数来解决实际问题。"
  },
  {
    "start": 2096.78,
    "end": 2097.2,
    "speaker": "老师",
    "text": "不知不觉中，"
  },
  {
    "start": 2096.78,
    "end": 2097.2,
    "speaker": "老师",
    "text": "我们这节课又要即将接近尾声了。"
  },
  {
    "start": 2096.78,
    "end": 2097.2,
    "speaker": "老师",
    "text": "同学们，"
  },
  {
    "start": 2096.78,
    "end": 2097.2,
    "speaker": "老师",
    "text": "今天我们学到了什么？"
  },
  {
    "start": 2096.78,
    "end": 2097.2,
    "speaker": "老师",
    "text": "又有什么样的发现，"
  },
  {
    "start": 2096.78,
    "end": 2097.2,
    "speaker": "老师",
    "text": "又有什么样的质疑呢？"
  },
  {
    "start": 2096.78,
    "end": 2097.2,
    "speaker": "老师",
    "text": "我们今天学到了平均数中位数众数的题型，"
  },
  {
    "start": 2096.78,
    "end": 2097.2,
    "speaker": "老师",
    "text": "注意实际问题的解决。"
  },
  {
    "start": 2096.78,
    "end": 2097.2,
    "speaker": "老师",
    "text": "我们还发现了平均数中位数、众数三者的特点，"
  },
  {
    "start": 2096.78,
    "end": 2097.2,
    "speaker": "老师",
    "text": "明白实际的运用，"
  },
  {
    "start": 2096.78,
    "end": 2097.2,
    "speaker": "老师",
    "text": "我们一起来看今天的作业。"
  },
  {
    "start": 2096.78,
    "end": 2097.2,
    "speaker": "老师",
    "text": "一、巩固性作业，"
  },
  {
    "start": 2096.78,
    "end": 2097.2,
    "speaker": "老师",
    "text": "同学们都要做练习册的四十二面。"
  },
  {
    "start": 2096.78,
    "end": 2097.2,
    "speaker": "老师",
    "text": "二、拓展性作业，"
  },
  {
    "start": 2096.78,
    "end": 2097.2,
    "speaker": "老师",
    "text": "希望大家都做练习册的四十三页。"
  },
  {
    "start": 2096.78,
    "end": 2097.2,
    "speaker": "老师",
    "text": "三、研究性作业课后思考，"
  },
  {
    "start": 2096.78,
    "end": 2097.2,
    "speaker": "老师",
    "text": "查找资料，"
  },
  {
    "start": 2096.78,
    "end": 2097.2,
    "speaker": "老师",
    "text": "了解地球年平均气温的计算方法，"
  },
  {
    "start": 2096.78,
    "end": 2097.2,
    "speaker": "老师",
    "text": "把这些方法与同学们交流交流好。"
  },
  {
    "start": 2096.78,
    "end": 2097.2,
    "speaker": "老师",
    "text": "公好了，"
  },
  {
    "start": 2096.78,
    "end": 2097.2,
    "speaker": "老师",
    "text": "同学们，"
  },
  {
    "start": 2096.78,
    "end": 2097.2,
    "speaker": "老师",
    "text": "今天的课我们就上到这儿，"
  },
  {
    "start": 2096.78,
    "end": 2097.2,
    "speaker": "老师",
    "text": "同学们再见。"
  }
]