[
  {
    "start": 14.24,
    "end": 16.06,
    "speaker": "老师",
    "text": "同学们大家好，"
  },
  {
    "start": 16.06,
    "end": 22.12,
    "speaker": "老师",
    "text": "今天我们来学习第五章分式与分式方程回顾与思考。"
  },
  {
    "start": 22.12,
    "end": 23.34,
    "speaker": "老师",
    "text": "如题所示，"
  },
  {
    "start": 23.46,
    "end": 28.24,
    "speaker": "老师",
    "text": "第五章可以分为两大部分分式分式方程，"
  },
  {
    "start": 28.24,
    "end": 33.04,
    "speaker": "老师",
    "text": "那么本节课进行第一部分的复习分式。"
  },
  {
    "start": 33.04,
    "end": 34.12,
    "speaker": "老师",
    "text": "第二部分，"
  },
  {
    "start": 34.12,
    "end": 39.08,
    "speaker": "老师",
    "text": "分式方程将会在下节课与大家分享本节课的复习，"
  },
  {
    "start": 39.08,
    "end": 45.24,
    "speaker": "老师",
    "text": "主要是通过例题的方式来带领大家回顾与分式相关的知识点。"
  },
  {
    "start": 45.24,
    "end": 72.02,
    "speaker": "老师",
    "text": "那么接下来请同学们完成例题一吧。"
  },
  {
    "start": 72.02,
    "end": 76.08,
    "speaker": "老师",
    "text": "同学们这道题考察的是什么知识点呢？"
  },
  {
    "start": 76.12,
    "end": 77.22,
    "speaker": "老师",
    "text": "是的，"
  },
  {
    "start": 77.22,
    "end": 79.92,
    "speaker": "老师",
    "text": "它考察的是分式的概念。"
  },
  {
    "start": 79.96,
    "end": 81.84,
    "speaker": "老师",
    "text": "那么同学们，"
  },
  {
    "start": 82.0,
    "end": 84.58,
    "speaker": "老师",
    "text": "你还记得什么是分式吗？"
  },
  {
    "start": 85.0,
    "end": 88.46,
    "speaker": "老师",
    "text": "我们说分式它必须包含三个条件，"
  },
  {
    "start": 88.74,
    "end": 91.1,
    "speaker": "老师",
    "text": "是哪三个条件呢？"
  },
  {
    "start": 91.1,
    "end": 97.36,
    "speaker": "老师",
    "text": "首先它必须得满足一分之a的形式。"
  },
  {
    "start": 97.4,
    "end": 119.88,
    "speaker": "老师",
    "text": "那么对于AB又有什么要求呢？"
  },
  {
    "start": 119.88,
    "end": 122.28,
    "speaker": "老师",
    "text": "Ab必须为两个整式，"
  },
  {
    "start": 122.28,
    "end": 123.27,
    "speaker": "老师",
    "text": "第三，"
  },
  {
    "start": 132.65,
    "end": 134.21,
    "speaker": "老师",
    "text": "b中必须含有字母，"
  },
  {
    "start": 134.81,
    "end": 136.79,
    "speaker": "老师",
    "text": "满足这三个条件的，"
  },
  {
    "start": 136.79,
    "end": 139.63,
    "speaker": "老师",
    "text": "我们称之为分式。"
  },
  {
    "start": 139.67,
    "end": 142.65,
    "speaker": "老师",
    "text": "所以我们来看第一题，"
  },
  {
    "start": 142.65,
    "end": 146.81,
    "speaker": "老师",
    "text": "这些式子中我们会发现第一个，"
  },
  {
    "start": 146.85,
    "end": 150.01,
    "speaker": "老师",
    "text": "第三个、第四个为分式，"
  },
  {
    "start": 150.01,
    "end": 153.73,
    "speaker": "老师",
    "text": "因为它们均为一分之a的形式，"
  },
  {
    "start": 154.19,
    "end": 156.17,
    "speaker": "老师",
    "text": "且分子分母均为整式，"
  },
  {
    "start": 156.17,
    "end": 159.35,
    "speaker": "老师",
    "text": "并且在分母中都含有字母。"
  },
  {
    "start": 159.35,
    "end": 164.34,
    "speaker": "老师",
    "text": "那么第二个为什么不是呢？"
  },
  {
    "start": 164.4,
    "end": 167.72,
    "speaker": "老师",
    "text": "因为它的分母中没有字母，"
  },
  {
    "start": 168.34,
    "end": 173.2,
    "speaker": "老师",
    "text": "接下来我们看第五个派分之a是的派，"
  },
  {
    "start": 173.2,
    "end": 211.33,
    "speaker": "老师",
    "text": "它是一个常数，"
  },
  {
    "start": 211.33,
    "end": 212.61,
    "speaker": "老师",
    "text": "并不是字母，"
  },
  {
    "start": 212.61,
    "end": 214.13,
    "speaker": "老师",
    "text": "所以它也不是分式。"
  },
  {
    "start": 214.13,
    "end": 216.97,
    "speaker": "老师",
    "text": "所以例题一应该选择b选项。"
  },
  {
    "start": 216.97,
    "end": 219.93,
    "speaker": "老师",
    "text": "接下来我们再看第二题，"
  },
  {
    "start": 219.93,
    "end": 228.44,
    "speaker": "老师",
    "text": "同学们这道题主要考察的是什么呢？"
  },
  {
    "start": 228.44,
    "end": 233.8,
    "speaker": "老师",
    "text": "这道题主要研究对于分式来说需要注意的事项。"
  },
  {
    "start": 233.8,
    "end": 234.22,
    "speaker": "老师",
    "text": "对了，"
  },
  {
    "start": 234.22,
    "end": 237.22,
    "speaker": "老师",
    "text": "分式与分数是一样的，"
  },
  {
    "start": 237.22,
    "end": 240.42,
    "speaker": "老师",
    "text": "它的分母都不能等于零，"
  },
  {
    "start": 240.42,
    "end": 244.92,
    "speaker": "老师",
    "text": "也就是分式要有意义，"
  },
  {
    "start": 244.96,
    "end": 247.2,
    "speaker": "老师",
    "text": "那么它的分母不能等于零。"
  },
  {
    "start": 247.2,
    "end": 251.55,
    "speaker": "老师",
    "text": "所以看到第一小题是分式有意义，"
  },
  {
    "start": 251.55,
    "end": 255.53,
    "speaker": "老师",
    "text": "也就是它的分母x减四不等于零，"
  },
  {
    "start": 255.53,
    "end": 258.2,
    "speaker": "老师",
    "text": "即x不等于四。"
  },
  {
    "start": 258.2,
    "end": 261.56,
    "speaker": "老师",
    "text": "那么对于分式无意义又是怎样的呢？"
  },
  {
    "start": 261.56,
    "end": 264.26,
    "speaker": "老师",
    "text": "对应着分母等于零。"
  },
  {
    "start": 264.26,
    "end": 266.06,
    "speaker": "老师",
    "text": "那么第二个小题，"
  },
  {
    "start": 266.06,
    "end": 270.3,
    "speaker": "老师",
    "text": "也就是它的分母x减四等于零，"
  },
  {
    "start": 270.3,
    "end": 271.86,
    "speaker": "老师",
    "text": "得到x的值为四。"
  },
  {
    "start": 271.86,
    "end": 278.2,
    "speaker": "老师",
    "text": "我们再来看到分式的职为零又是什么情况呢？"
  },
  {
    "start": 278.76,
    "end": 280.52,
    "speaker": "老师",
    "text": "分式的值为零，"
  },
  {
    "start": 280.66,
    "end": 284.06,
    "speaker": "老师",
    "text": "必须满足它的分子等于零，"
  },
  {
    "start": 284.06,
    "end": 286.42,
    "speaker": "老师",
    "text": "且分母不能为零。"
  },
  {
    "start": 286.42,
    "end": 288.74,
    "speaker": "老师",
    "text": "所以对于这个分式，"
  },
  {
    "start": 288.96,
    "end": 294.32,
    "speaker": "老师",
    "text": "我们要通过分子x的绝对值减四等于零，"
  },
  {
    "start": 294.32,
    "end": 333.31,
    "speaker": "老师",
    "text": "得到x等于正负四，"
  },
  {
    "start": 333.47,
    "end": 336.61,
    "speaker": "老师",
    "text": "并且它的分母x减四不等于零，"
  },
  {
    "start": 336.61,
    "end": 338.23,
    "speaker": "老师",
    "text": "得到x不等于四。"
  },
  {
    "start": 338.23,
    "end": 342.37,
    "speaker": "老师",
    "text": "因此综上我们可以得出x的值应该为负四，"
  },
  {
    "start": 342.41,
    "end": 343.25,
    "speaker": "老师",
    "text": "同学们，"
  },
  {
    "start": 343.25,
    "end": 344.99,
    "speaker": "老师",
    "text": "你掌握了吗？"
  },
  {
    "start": 345.07,
    "end": 348.17,
    "speaker": "老师",
    "text": "那么请看到第三题吧，"
  },
  {
    "start": 348.17,
    "end": 349.19,
    "speaker": "老师",
    "text": "同学们，"
  },
  {
    "start": 349.19,
    "end": 351.71,
    "speaker": "老师",
    "text": "我们来看到第一小题。"
  },
  {
    "start": 351.71,
    "end": 354.69,
    "speaker": "老师",
    "text": "根据分式的符号特征，"
  },
  {
    "start": 354.89,
    "end": 361.35,
    "speaker": "老师",
    "text": "我们可以判断出化解的最终结果的符号为负的。"
  },
  {
    "start": 361.35,
    "end": 366.13,
    "speaker": "老师",
    "text": "那么我们可以很快的看出它的公因式为三XY."
  },
  {
    "start": 366.13,
    "end": 370.39,
    "speaker": "老师",
    "text": "那么分子分母约去公因式后，"
  },
  {
    "start": 370.69,
    "end": 374.29,
    "speaker": "老师",
    "text": "最后的结果为四x分之y的相反数。"
  },
  {
    "start": 374.59,
    "end": 378.57,
    "speaker": "老师",
    "text": "接下来请看到第二小题观察，"
  },
  {
    "start": 378.63,
    "end": 383.87,
    "speaker": "老师",
    "text": "发现它的分子跟分母含有多项式，"
  },
  {
    "start": 383.87,
    "end": 386.61,
    "speaker": "老师",
    "text": "为了便于我们找出它的公因式，"
  },
  {
    "start": 386.61,
    "end": 391.13,
    "speaker": "老师",
    "text": "我们可以将多项式进行因式分解。"
  },
  {
    "start": 391.13,
    "end": 393.49,
    "speaker": "老师",
    "text": "分子x平方减十六，"
  },
  {
    "start": 393.67,
    "end": 396.95,
    "speaker": "老师",
    "text": "可以利用平方差公式，"
  },
  {
    "start": 396.95,
    "end": 402.31,
    "speaker": "老师",
    "text": "将其分解为括号x加四乘以括号x减四。"
  },
  {
    "start": 402.33,
    "end": 403.47,
    "speaker": "老师",
    "text": "那么分母呢？"
  },
  {
    "start": 403.47,
    "end": 404.49,
    "speaker": "老师",
    "text": "没错，"
  },
  {
    "start": 404.49,
    "end": 406.95,
    "speaker": "老师",
    "text": "它是一个完全平方式，"
  },
  {
    "start": 406.99,
    "end": 415.23,
    "speaker": "老师",
    "text": "我们可以利用完全平方公式将其分解为括号x加四的平方，"
  },
  {
    "start": 415.23,
    "end": 419.16,
    "speaker": "老师",
    "text": "所以原式可以转化成这个式子，"
  },
  {
    "start": 419.24,
    "end": 421.0,
    "speaker": "老师",
    "text": "最后约分化，"
  },
  {
    "start": 421.1,
    "end": 424.52,
    "speaker": "老师",
    "text": "简得到x加四分之x减四。"
  },
  {
    "start": 424.52,
    "end": 431.29,
    "speaker": "老师",
    "text": "接下来请同学们回忆一下我们第三题的化简过程。"
  },
  {
    "start": 431.43,
    "end": 435.41,
    "speaker": "老师",
    "text": "对于分式的约分，"
  },
  {
    "start": 435.41,
    "end": 438.07,
    "speaker": "老师",
    "text": "你知道它的依据是什么吗？"
  },
  {
    "start": 438.07,
    "end": 438.55,
    "speaker": "老师",
    "text": "没错，"
  },
  {
    "start": 438.55,
    "end": 444.06,
    "speaker": "老师",
    "text": "它的依据是分式的基本性质。"
  },
  {
    "start": 444.06,
    "end": 447.66,
    "speaker": "老师",
    "text": "那么约分的关键又在哪里呢？"
  },
  {
    "start": 447.7,
    "end": 455.04,
    "speaker": "老师",
    "text": "我们说约分的关键在于找准分子分母的公因式，"
  },
  {
    "start": 455.04,
    "end": 500.58,
    "speaker": "老师",
    "text": "那么对于约分的结果又有什么要求呢？"
  },
  {
    "start": 500.64,
    "end": 528.46,
    "speaker": "老师",
    "text": "我们说约分的结果必须是最简的分式或整式。"
  },
  {
    "start": 528.46,
    "end": 533.1,
    "speaker": "老师",
    "text": "那么接下来请同学们再帮老师回忆一下，"
  },
  {
    "start": 533.32,
    "end": 536.36,
    "speaker": "老师",
    "text": "分式的基本性质是什么呢？"
  },
  {
    "start": 536.36,
    "end": 537.22,
    "speaker": "老师",
    "text": "很好，"
  },
  {
    "start": 537.22,
    "end": 547.43,
    "speaker": "老师",
    "text": "分式的基本性质为分式的分子分母同时乘或除以同一个不为零的整式。"
  },
  {
    "start": 547.43,
    "end": 550.03,
    "speaker": "老师",
    "text": "分式的值不变，"
  },
  {
    "start": 550.03,
    "end": 551.25,
    "speaker": "老师",
    "text": "对于约分，"
  },
  {
    "start": 551.41,
    "end": 556.77,
    "speaker": "老师",
    "text": "我们要求它的结果为最简分式或整式。"
  },
  {
    "start": 556.89,
    "end": 560.31,
    "speaker": "老师",
    "text": "那么同学们我们在解第一小题的时候，"
  },
  {
    "start": 560.49,
    "end": 601.06,
    "speaker": "老师",
    "text": "我们还利用了分式的符号特征去判断结果的符号。"
  },
  {
    "start": 601.06,
    "end": 604.71,
    "speaker": "老师",
    "text": "那么分式的符号特征又是什么呢？"
  },
  {
    "start": 604.71,
    "end": 609.03,
    "speaker": "老师",
    "text": "分式的符号特征为当分式的分子，"
  },
  {
    "start": 609.05,
    "end": 611.67,
    "speaker": "老师",
    "text": "分母都有负号的时候，"
  },
  {
    "start": 611.75,
    "end": 634.68,
    "speaker": "老师",
    "text": "它的结果为正的当分式的分子和分母只有一个负号的时候，"
  },
  {
    "start": 635.08,
    "end": 641.4,
    "speaker": "老师",
    "text": "它的结果为负的。"
  },
  {
    "start": 641.4,
    "end": 644.9,
    "speaker": "老师",
    "text": "在上面三道例题中，"
  },
  {
    "start": 644.98,
    "end": 647.72,
    "speaker": "老师",
    "text": "同学们表现的都非常好。"
  },
  {
    "start": 647.72,
    "end": 655.09,
    "speaker": "老师",
    "text": "那么接下来请同学们帮老师计算下面两道小题吧，"
  },
  {
    "start": 655.11,
    "end": 657.99,
    "speaker": "老师",
    "text": "我们一起来看第一小题。"
  },
  {
    "start": 657.99,
    "end": 660.52,
    "speaker": "老师",
    "text": "第一小题，"
  },
  {
    "start": 660.6,
    "end": 662.94,
    "speaker": "老师",
    "text": "它属于分式的乘法。"
  },
  {
    "start": 662.96,
    "end": 667.88,
    "speaker": "老师",
    "text": "那么同学们分式的乘法法则是什么呢？"
  },
  {
    "start": 667.88,
    "end": 670.68,
    "speaker": "老师",
    "text": "用字母该如何表示呢？"
  },
  {
    "start": 671.22,
    "end": 678.79,
    "speaker": "老师",
    "text": "分式的乘法法则为a分之b乘以c分之d等于AC分之BD."
  },
  {
    "start": 678.79,
    "end": 682.84,
    "speaker": "老师",
    "text": "我们还发现它存在乘方，"
  },
  {
    "start": 682.84,
    "end": 695.86,
    "speaker": "老师",
    "text": "那么乘方又该如何去计算呢？"
  },
  {
    "start": 695.9,
    "end": 700.63,
    "speaker": "老师",
    "text": "在前面的学习当中，"
  },
  {
    "start": 701.03,
    "end": 715.32,
    "speaker": "老师",
    "text": "我们推导出来了公式括号a分之b的n次方等于a的n次方分之b的。"
  },
  {
    "start": 715.32,
    "end": 718.52,
    "speaker": "老师",
    "text": "那么借助乘法法则以及公式，"
  },
  {
    "start": 718.52,
    "end": 721.44,
    "speaker": "老师",
    "text": "我们可以很快的将例题一解出，"
  },
  {
    "start": 721.44,
    "end": 726.58,
    "speaker": "老师",
    "text": "最后结果为一分之a的五次方。"
  },
  {
    "start": 726.58,
    "end": 729.04,
    "speaker": "老师",
    "text": "接下来请看第二小题，"
  },
  {
    "start": 729.5,
    "end": 730.34,
    "speaker": "老师",
    "text": "第二小题，"
  },
  {
    "start": 730.34,
    "end": 732.4,
    "speaker": "老师",
    "text": "它是分式的除法。"
  },
  {
    "start": 732.4,
    "end": 734.88,
    "speaker": "老师",
    "text": "那么分式的除法法则，"
  },
  {
    "start": 734.88,
    "end": 737.38,
    "speaker": "老师",
    "text": "同学们还记得吗？"
  },
  {
    "start": 737.38,
    "end": 749.26,
    "speaker": "老师",
    "text": "分式的除方法则为a分之b除以c分之d等于a分之b乘以d分之c即AD分之BC."
  },
  {
    "start": 749.4,
    "end": 753.04,
    "speaker": "老师",
    "text": "另外我们可以借助分数去理解，"
  },
  {
    "start": 753.04,
    "end": 755.48,
    "speaker": "老师",
    "text": "除法法则除以一个数，"
  },
  {
    "start": 755.48,
    "end": 758.22,
    "speaker": "老师",
    "text": "等于乘以它的倒数。"
  },
  {
    "start": 758.28,
    "end": 760.76,
    "speaker": "老师",
    "text": "所以对于第二小题，"
  },
  {
    "start": 760.78,
    "end": 763.21,
    "speaker": "老师",
    "text": "我们所做的第一步，"
  },
  {
    "start": 769.94,
    "end": 772.32,
    "speaker": "老师",
    "text": "应该先将除法转化为乘法。"
  },
  {
    "start": 772.32,
    "end": 776.0,
    "speaker": "老师",
    "text": "接下来我们观察发现含有多项式，"
  },
  {
    "start": 776.08,
    "end": 779.68,
    "speaker": "老师",
    "text": "那么我们应该先将多项式因式分解，"
  },
  {
    "start": 779.68,
    "end": 783.68,
    "speaker": "老师",
    "text": "以便于找出分子分母的公因式，"
  },
  {
    "start": 783.68,
    "end": 786.84,
    "speaker": "老师",
    "text": "所以将其分解为这个式子。"
  },
  {
    "start": 787.12,
    "end": 789.66,
    "speaker": "老师",
    "text": "同学们先不急着化简，"
  },
  {
    "start": 789.66,
    "end": 794.2,
    "speaker": "老师",
    "text": "请你观察老师因式分解后的结果。"
  },
  {
    "start": 794.2,
    "end": 795.14,
    "speaker": "老师",
    "text": "是的，"
  },
  {
    "start": 795.32,
    "end": 799.26,
    "speaker": "老师",
    "text": "你会发现x平方减y平方，"
  },
  {
    "start": 799.26,
    "end": 806.21,
    "speaker": "老师",
    "text": "还可以利用平方差公式进行进一步的因式分解。"
  },
  {
    "start": 806.21,
    "end": 810.37,
    "speaker": "老师",
    "text": "最后我们约分化，"
  },
  {
    "start": 810.37,
    "end": 813.85,
    "speaker": "老师",
    "text": "简得到的结果为x加y."
  },
  {
    "start": 813.85,
    "end": 815.39,
    "speaker": "老师",
    "text": "同学们，"
  },
  {
    "start": 815.65,
    "end": 818.21,
    "speaker": "老师",
    "text": "你做对了吗？"
  },
  {
    "start": 818.45,
    "end": 823.35,
    "speaker": "老师",
    "text": "同学们学了分式的乘除法以外，"
  },
  {
    "start": 823.35,
    "end": 826.99,
    "speaker": "老师",
    "text": "我们还学了分式的哪些运算呢？"
  },
  {
    "start": 827.15,
    "end": 828.31,
    "speaker": "老师",
    "text": "是的，"
  },
  {
    "start": 828.43,
    "end": 899.57,
    "speaker": "老师",
    "text": "我们还学习了分式的加减法以及法则，"
  },
  {
    "start": 899.67,
    "end": 902.31,
    "speaker": "老师",
    "text": "主要分为两大部分，"
  },
  {
    "start": 902.31,
    "end": 906.29,
    "speaker": "老师",
    "text": "分别为同分母相加减以及异分母相加减。"
  },
  {
    "start": 906.29,
    "end": 912.1,
    "speaker": "老师",
    "text": "那么同学们同分母加法的法则是什么呢？"
  },
  {
    "start": 912.1,
    "end": 921.94,
    "speaker": "老师",
    "text": "A分之b加a分之c等于a分之一加c那么减法呢我们只需要将加号变成减号即可。"
  },
  {
    "start": 921.94,
    "end": 926.12,
    "speaker": "老师",
    "text": "那么异分母的加法法则是什么呢？"
  },
  {
    "start": 926.2,
    "end": 972.22,
    "speaker": "老师",
    "text": "A分之b加c分之d等于AC分之BC,"
  },
  {
    "start": 972.22,
    "end": 977.68,
    "speaker": "老师",
    "text": "加上AC分之AD等于AC分之BC加AD."
  },
  {
    "start": 977.68,
    "end": 978.5,
    "speaker": "老师",
    "text": "同样的，"
  },
  {
    "start": 978.5,
    "end": 982.04,
    "speaker": "老师",
    "text": "那么异分母的减法该如何计算？"
  },
  {
    "start": 982.24,
    "end": 986.72,
    "speaker": "老师",
    "text": "我们只需要将加号变成减号即可，"
  },
  {
    "start": 987.2,
    "end": 992.38,
    "speaker": "老师",
    "text": "这就是分式的同分母异分母加减法法则。"
  },
  {
    "start": 992.42,
    "end": 995.78,
    "speaker": "老师",
    "text": "在研究异分母加减法法则的时候，"
  },
  {
    "start": 996.06,
    "end": 999.26,
    "speaker": "老师",
    "text": "我们运用了转化的思想，"
  },
  {
    "start": 999.26,
    "end": 1003.7,
    "speaker": "老师",
    "text": "将异分母转化为同分母去进行计算。"
  },
  {
    "start": 1003.7,
    "end": 1010.77,
    "speaker": "老师",
    "text": "特别的同学们需要注意的是在通分的时候，"
  },
  {
    "start": 1010.83,
    "end": 1014.37,
    "speaker": "老师",
    "text": "我们通常取它们的最简公分母，"
  },
  {
    "start": 1014.37,
    "end": 1015.55,
    "speaker": "老师",
    "text": "便于计算。"
  },
  {
    "start": 1015.55,
    "end": 1021.27,
    "speaker": "老师",
    "text": "那么接下来请同学们利用以上两个法则计算，"
  },
  {
    "start": 1021.63,
    "end": 1023.53,
    "speaker": "老师",
    "text": "下面两道小题吧。"
  },
  {
    "start": 1023.53,
    "end": 1024.67,
    "speaker": "老师",
    "text": "同学们，"
  },
  {
    "start": 1024.69,
    "end": 1029.61,
    "speaker": "老师",
    "text": "我们一起来看看第一小题，"
  },
  {
    "start": 1029.61,
    "end": 1031.81,
    "speaker": "老师",
    "text": "它是同分母的减法。"
  },
  {
    "start": 1031.81,
    "end": 1037.07,
    "speaker": "老师",
    "text": "那么利用法则我们可以直接进行计算，"
  },
  {
    "start": 1037.07,
    "end": 1042.25,
    "speaker": "老师",
    "text": "请同学们观察一下这一步你发现了什么呢？"
  },
  {
    "start": 1042.25,
    "end": 1042.97,
    "speaker": "老师",
    "text": "是的，"
  },
  {
    "start": 1042.97,
    "end": 1043.75,
    "speaker": "老师",
    "text": "忘记了，"
  },
  {
    "start": 1043.83,
    "end": 1045.05,
    "speaker": "老师",
    "text": "打上括号。"
  },
  {
    "start": 1045.05,
    "end": 1049.03,
    "speaker": "老师",
    "text": "当减号后面跟的是多项式的时候，"
  },
  {
    "start": 1049.03,
    "end": 1094.56,
    "speaker": "老师",
    "text": "同学们千万要记得打括号哟。"
  },
  {
    "start": 1094.76,
    "end": 1097.24,
    "speaker": "老师",
    "text": "最后我们去括号化简可得，"
  },
  {
    "start": 1097.6,
    "end": 1101.72,
    "speaker": "老师",
    "text": "最终结果为x加一分之x加六。"
  },
  {
    "start": 1101.72,
    "end": 1106.92,
    "speaker": "老师",
    "text": "第二小题观察发现它是异分母的加法。"
  },
  {
    "start": 1106.92,
    "end": 1112.26,
    "speaker": "老师",
    "text": "我们还发现九a平方加六a加一，"
  },
  {
    "start": 1112.26,
    "end": 1115.12,
    "speaker": "老师",
    "text": "它是一个完全平方式，"
  },
  {
    "start": 1115.12,
    "end": 1120.83,
    "speaker": "老师",
    "text": "我们可以将其因式分解成为括号三a加一的平方，"
  },
  {
    "start": 1120.83,
    "end": 1122.91,
    "speaker": "老师",
    "text": "再将后面进行通分。"
  },
  {
    "start": 1122.91,
    "end": 1130.09,
    "speaker": "老师",
    "text": "最后我们的原式可转化为这个式子再来进行计算，"
  },
  {
    "start": 1130.09,
    "end": 1136.97,
    "speaker": "老师",
    "text": "最后可得结果为括号三a加一的平方分之三a加二。"
  },
  {
    "start": 1136.97,
    "end": 1137.91,
    "speaker": "老师",
    "text": "同学们，"
  },
  {
    "start": 1138.05,
    "end": 1146.91,
    "speaker": "老师",
    "text": "以上就是本节课对于分式的相关知识的回顾。"
  },
  {
    "start": 1146.91,
    "end": 1153.19,
    "speaker": "老师",
    "text": "那么接下来我们即将进入当堂检测环节。"
  },
  {
    "start": 1153.25,
    "end": 1156.11,
    "speaker": "老师",
    "text": "首先我们进入第一部分基础篇，"
  },
  {
    "start": 1156.11,
    "end": 1159.15,
    "speaker": "老师",
    "text": "请同学们完成下面几道题。"
  },
  {
    "start": 1159.15,
    "end": 1160.51,
    "speaker": "老师",
    "text": "同学们，"
  },
  {
    "start": 1160.51,
    "end": 1162.48,
    "speaker": "老师",
    "text": "我们来看到第一题，"
  },
  {
    "start": 1163.63,
    "end": 1169.17,
    "speaker": "老师",
    "text": "第一小题分式x平方加三x分之x平方减九的值为零，"
  },
  {
    "start": 1169.17,
    "end": 1171.84,
    "speaker": "老师",
    "text": "则x的值是正负三，"
  },
  {
    "start": 1172.04,
    "end": 1174.01,
    "speaker": "老师",
    "text": "它是正确的吗？"
  },
  {
    "start": 1174.01,
    "end": 1174.69,
    "speaker": "老师",
    "text": "没错，"
  },
  {
    "start": 1174.69,
    "end": 1176.09,
    "speaker": "老师",
    "text": "它是错误的。"
  },
  {
    "start": 1176.13,
    "end": 1180.03,
    "speaker": "老师",
    "text": "那么x的值到底是多少呢？"
  },
  {
    "start": 1180.25,
    "end": 1181.81,
    "speaker": "老师",
    "text": "分式的值为零，"
  },
  {
    "start": 1182.07,
    "end": 1185.09,
    "speaker": "老师",
    "text": "我们要求分式的值等于零，"
  },
  {
    "start": 1185.29,
    "end": 1187.84,
    "speaker": "老师",
    "text": "且分母不等于零，"
  },
  {
    "start": 1188.04,
    "end": 1193.2,
    "speaker": "老师",
    "text": "所以我们可以得到x平方减九等于零，"
  },
  {
    "start": 1193.7,
    "end": 1196.06,
    "speaker": "老师",
    "text": "解得x等于正负三，"
  },
  {
    "start": 1196.38,
    "end": 1197.84,
    "speaker": "老师",
    "text": "并且x平方加三，"
  },
  {
    "start": 1197.84,
    "end": 1199.7,
    "speaker": "老师",
    "text": "x不等于零，"
  },
  {
    "start": 1199.7,
    "end": 1201.54,
    "speaker": "老师",
    "text": "得到x不等于零，"
  },
  {
    "start": 1201.54,
    "end": 1203.74,
    "speaker": "老师",
    "text": "且x不等于负三。"
  },
  {
    "start": 1203.76,
    "end": 1207.35,
    "speaker": "老师",
    "text": "因此综合我们可以知道，"
  },
  {
    "start": 1207.35,
    "end": 1209.73,
    "speaker": "老师",
    "text": "x的值应该为三第二小题，"
  },
  {
    "start": 1209.73,
    "end": 1212.27,
    "speaker": "老师",
    "text": "它的计算是正确的吗？"
  },
  {
    "start": 1212.27,
    "end": 1213.11,
    "speaker": "老师",
    "text": "没错，"
  },
  {
    "start": 1213.11,
    "end": 1216.09,
    "speaker": "老师",
    "text": "它的计算是错误的。"
  },
  {
    "start": 1216.09,
    "end": 1218.09,
    "speaker": "老师",
    "text": "那么错在哪里呢？"
  },
  {
    "start": 1218.09,
    "end": 1222.03,
    "speaker": "老师",
    "text": "当减号后面跟的是多项式的时候，"
  },
  {
    "start": 1222.11,
    "end": 1224.85,
    "speaker": "老师",
    "text": "我们应该怎么样？"
  },
  {
    "start": 1224.85,
    "end": 1227.13,
    "speaker": "老师",
    "text": "我们应该打上括号。"
  },
  {
    "start": 1227.13,
    "end": 1227.83,
    "speaker": "老师",
    "text": "是的，"
  },
  {
    "start": 1227.83,
    "end": 1231.45,
    "speaker": "老师",
    "text": "同学们可千万要记得哟。"
  },
  {
    "start": 1231.45,
    "end": 1232.51,
    "speaker": "老师",
    "text": "第二题，"
  },
  {
    "start": 1232.51,
    "end": 1236.77,
    "speaker": "老师",
    "text": "下列变形正确的是哪一个呢？"
  },
  {
    "start": 1237.07,
    "end": 1240.83,
    "speaker": "老师",
    "text": "本道题主要考的是分式的基本性质，"
  },
  {
    "start": 1240.99,
    "end": 1285.61,
    "speaker": "老师",
    "text": "a选项b分之a a平方分之a平方。"
  },
  {
    "start": 1285.61,
    "end": 1291.61,
    "speaker": "老师",
    "text": "我们来看分子a到a平方乘了a根据分式的基本性质，"
  },
  {
    "start": 1291.85,
    "end": 1294.25,
    "speaker": "老师",
    "text": "要使这个分式的值不变，"
  },
  {
    "start": 1294.25,
    "end": 1298.61,
    "speaker": "老师",
    "text": "那么分母也等于a所以a选项是错的。"
  },
  {
    "start": 1298.61,
    "end": 1304.61,
    "speaker": "老师",
    "text": "B选项x减一分之二减x与一减x分之x减二。"
  },
  {
    "start": 1304.61,
    "end": 1310.53,
    "speaker": "老师",
    "text": "我们可以看出是通过分子分母同时乘以负一而实现的，"
  },
  {
    "start": 1310.53,
    "end": 1312.79,
    "speaker": "老师",
    "text": "所以b选项是正确的。"
  },
  {
    "start": 1313.15,
    "end": 1316.45,
    "speaker": "老师",
    "text": "C选项根据分式的符号特征，"
  },
  {
    "start": 1316.45,
    "end": 1322.17,
    "speaker": "老师",
    "text": "我们可以判断出它的最后结果应该是负的。"
  },
  {
    "start": 1322.17,
    "end": 1325.81,
    "speaker": "老师",
    "text": "所以c选项是错误的。"
  },
  {
    "start": 1325.85,
    "end": 1338.41,
    "speaker": "老师",
    "text": "D选项a分之a减b与a平方分之a平方减b我们来看分母a到a平方是通过分母乘了a而实现的。"
  },
  {
    "start": 1338.43,
    "end": 1341.33,
    "speaker": "老师",
    "text": "要是这个式子保持不变，"
  },
  {
    "start": 1341.49,
    "end": 1347.63,
    "speaker": "老师",
    "text": "那么分子a减b也应该乘以a得到a平方减AB,"
  },
  {
    "start": 1347.63,
    "end": 1349.71,
    "speaker": "老师",
    "text": "所以d选项也是错误的。"
  },
  {
    "start": 1349.71,
    "end": 1354.93,
    "speaker": "老师",
    "text": "那么同学们接下来我们再来看到第三题，"
  },
  {
    "start": 1355.03,
    "end": 1357.75,
    "speaker": "老师",
    "text": "相信同学们已经完成了，"
  },
  {
    "start": 1357.75,
    "end": 1360.47,
    "speaker": "老师",
    "text": "那让我们一起来看看吧。"
  },
  {
    "start": 1360.47,
    "end": 1362.05,
    "speaker": "老师",
    "text": "第一小题，"
  },
  {
    "start": 1362.05,
    "end": 1364.53,
    "speaker": "老师",
    "text": "它是异分母的加法。"
  },
  {
    "start": 1364.53,
    "end": 1370.81,
    "speaker": "老师",
    "text": "那么首先我们应该先将异分母转化为同分母去进行计算。"
  },
  {
    "start": 1370.81,
    "end": 1378.9,
    "speaker": "老师",
    "text": "看后我们的结果为六c平方b平方分之三b加号c再看第二小题观察，"
  },
  {
    "start": 1378.9,
    "end": 1381.8,
    "speaker": "老师",
    "text": "发现分子分母均含有多项式。"
  },
  {
    "start": 1381.8,
    "end": 1433.17,
    "speaker": "老师",
    "text": "那么为了便于我们找出分子分母的公因式，"
  },
  {
    "start": 1433.17,
    "end": 1436.85,
    "speaker": "老师",
    "text": "我们可以先将多项式进行因式分解，"
  },
  {
    "start": 1437.74,
    "end": 1444.92,
    "speaker": "老师",
    "text": "看到分子二a加号b我们可以利用提公因式法将二提取出来，"
  },
  {
    "start": 1444.92,
    "end": 1449.7,
    "speaker": "老师",
    "text": "因式分解为二乘以括号a加b再来看到分母，"
  },
  {
    "start": 1449.7,
    "end": 1452.52,
    "speaker": "老师",
    "text": "也可以利用提公因式法，"
  },
  {
    "start": 1452.54,
    "end": 1458.93,
    "speaker": "老师",
    "text": "因式分解为三乘以括号a平方加二AB加b平方。"
  },
  {
    "start": 1458.93,
    "end": 1460.13,
    "speaker": "老师",
    "text": "同学们，"
  },
  {
    "start": 1460.19,
    "end": 1464.23,
    "speaker": "老师",
    "text": "我们还会发现a平方加二AB加b平方，"
  },
  {
    "start": 1464.23,
    "end": 1468.31,
    "speaker": "老师",
    "text": "它是一个完全平方式。"
  },
  {
    "start": 1468.35,
    "end": 1469.01,
    "speaker": "老师",
    "text": "因此，"
  },
  {
    "start": 1469.01,
    "end": 1477.65,
    "speaker": "老师",
    "text": "我们还可以利用完全平方公式将其分解为括号a加b的平方。"
  },
  {
    "start": 1477.65,
    "end": 1487.63,
    "speaker": "老师",
    "text": "所以原式可化为三乘以括号a加b的平方分式二乘以括号a加b最后约分化，"
  },
  {
    "start": 1487.63,
    "end": 1494.07,
    "speaker": "老师",
    "text": "简结果为三乘以括号a加b分之二进一步化简，"
  },
  {
    "start": 1494.07,
    "end": 1498.47,
    "speaker": "老师",
    "text": "最后结果为三a加三b分之二。"
  },
  {
    "start": 1498.47,
    "end": 1499.61,
    "speaker": "老师",
    "text": "同学们，"
  },
  {
    "start": 1499.61,
    "end": 1502.05,
    "speaker": "老师",
    "text": "你做对了吗？"
  },
  {
    "start": 1502.05,
    "end": 1503.01,
    "speaker": "老师",
    "text": "同学们，"
  },
  {
    "start": 1503.01,
    "end": 1504.61,
    "speaker": "老师",
    "text": "基础篇，"
  },
  {
    "start": 1504.63,
    "end": 1508.66,
    "speaker": "老师",
    "text": "你们都完成的非常好，"
  },
  {
    "start": 1508.66,
    "end": 1512.82,
    "speaker": "老师",
    "text": "接下来我们即将进入能力提升篇，"
  },
  {
    "start": 1512.82,
    "end": 1516.23,
    "speaker": "老师",
    "text": "你们准备好了吗？"
  },
  {
    "start": 1516.23,
    "end": 1519.17,
    "speaker": "老师",
    "text": "挑战下面几道题吧。"
  },
  {
    "start": 1519.25,
    "end": 1520.53,
    "speaker": "老师",
    "text": "同学们，"
  },
  {
    "start": 1520.53,
    "end": 1522.63,
    "speaker": "老师",
    "text": "你们完成了吗？"
  },
  {
    "start": 1522.91,
    "end": 1525.85,
    "speaker": "老师",
    "text": "让我们一起来看看吧。"
  },
  {
    "start": 1525.87,
    "end": 1531.21,
    "speaker": "老师",
    "text": "首先我们可以先将进行通分转化为同分母相减，"
  },
  {
    "start": 1531.21,
    "end": 1533.81,
    "speaker": "老师",
    "text": "后面保持不变。"
  },
  {
    "start": 1533.81,
    "end": 1538.53,
    "speaker": "老师",
    "text": "那么将括号里面呢进行进一步的计算，"
  },
  {
    "start": 1538.53,
    "end": 1540.95,
    "speaker": "老师",
    "text": "可以转化为这个式子，"
  },
  {
    "start": 1540.97,
    "end": 1544.81,
    "speaker": "老师",
    "text": "同学们千万不要忘记了括号哟。"
  },
  {
    "start": 1544.81,
    "end": 1549.07,
    "speaker": "老师",
    "text": "那么将分子去括号可以转化为a平方减二，"
  },
  {
    "start": 1549.07,
    "end": 1551.1,
    "speaker": "老师",
    "text": "a加一，"
  },
  {
    "start": 1551.3,
    "end": 1553.64,
    "speaker": "老师",
    "text": "我们发现a平方减二，"
  },
  {
    "start": 1553.64,
    "end": 1554.69,
    "speaker": "老师",
    "text": "a加一，"
  },
  {
    "start": 1555.37,
    "end": 1557.95,
    "speaker": "老师",
    "text": "它是一个完全平方式，"
  },
  {
    "start": 1558.09,
    "end": 1565.46,
    "speaker": "老师",
    "text": "我们可以将其因式分解为括号a减一的平方。"
  },
  {
    "start": 1565.52,
    "end": 1568.66,
    "speaker": "老师",
    "text": "同时将除法转化为乘法进行计算，"
  },
  {
    "start": 1568.66,
    "end": 1572.61,
    "speaker": "老师",
    "text": "最后约分化简结果为a减一。"
  },
  {
    "start": 1572.95,
    "end": 1576.67,
    "speaker": "老师",
    "text": "那么同学们除了这种化简方法，"
  },
  {
    "start": 1576.75,
    "end": 1580.61,
    "speaker": "老师",
    "text": "还有没有其他的方法呢？"
  },
  {
    "start": 1580.63,
    "end": 1581.19,
    "speaker": "老师",
    "text": "很好，"
  },
  {
    "start": 1581.19,
    "end": 1587.29,
    "speaker": "老师",
    "text": "我们还可以先将括号外的除法转化为乘法进行计算，"
  },
  {
    "start": 1587.29,
    "end": 1599.89,
    "speaker": "老师",
    "text": "再利用乘法分配律将a减一分之a去乘以括号里面的每一项得到a减一分之a平方减a减一分之二，"
  },
  {
    "start": 1600.17,
    "end": 1603.37,
    "speaker": "老师",
    "text": "a减一转化成了同分母相减。"
  },
  {
    "start": 1603.37,
    "end": 1606.09,
    "speaker": "老师",
    "text": "那么接下来再进一步计算，"
  },
  {
    "start": 1606.09,
    "end": 1611.59,
    "speaker": "老师",
    "text": "得到a减一分之a平方减括号二，"
  },
  {
    "start": 1611.79,
    "end": 1662.93,
    "speaker": "老师",
    "text": "a减一取括号为a减一分之a平方减二，"
  },
  {
    "start": 1662.97,
    "end": 1666.19,
    "speaker": "老师",
    "text": "a加一再来进行因式分解，"
  },
  {
    "start": 1666.19,
    "end": 1672.68,
    "speaker": "老师",
    "text": "可以得到a减一分之括号a减一的平方，"
  },
  {
    "start": 1672.68,
    "end": 1674.7,
    "speaker": "老师",
    "text": "最后约分化简，"
  },
  {
    "start": 1674.74,
    "end": 1677.32,
    "speaker": "老师",
    "text": "我们的结果为a减一。"
  },
  {
    "start": 1678.38,
    "end": 1684.98,
    "speaker": "老师",
    "text": "那么化简完了接下来请你再任选一个你喜欢的值，"
  },
  {
    "start": 1685.22,
    "end": 1686.62,
    "speaker": "老师",
    "text": "代入同学们，"
  },
  {
    "start": 1686.62,
    "end": 1687.88,
    "speaker": "老师",
    "text": "你会选什么呢？"
  },
  {
    "start": 1687.88,
    "end": 1691.06,
    "speaker": "老师",
    "text": "那是不是所有你喜欢的值，"
  },
  {
    "start": 1691.06,
    "end": 1693.8,
    "speaker": "老师",
    "text": "我们都可以代入求值呢？"
  },
  {
    "start": 1693.92,
    "end": 1694.62,
    "speaker": "老师",
    "text": "哎，"
  },
  {
    "start": 1694.78,
    "end": 1695.3,
    "speaker": "老师",
    "text": "没错，"
  },
  {
    "start": 1695.3,
    "end": 1698.18,
    "speaker": "老师",
    "text": "a等于零是不能取的，"
  },
  {
    "start": 1698.18,
    "end": 1699.38,
    "speaker": "老师",
    "text": "为什么？"
  },
  {
    "start": 1699.44,
    "end": 1701.36,
    "speaker": "老师",
    "text": "因为a它作为分母，"
  },
  {
    "start": 1701.48,
    "end": 1704.4,
    "speaker": "老师",
    "text": "分母是不能等于零的，"
  },
  {
    "start": 1704.4,
    "end": 1707.4,
    "speaker": "老师",
    "text": "所以a等于零是不能取的。"
  },
  {
    "start": 1707.82,
    "end": 1711.24,
    "speaker": "老师",
    "text": "那么除了a不能取零以外，"
  },
  {
    "start": 1711.24,
    "end": 1715.6,
    "speaker": "老师",
    "text": "还有没有其他的数它也不能取呢？"
  },
  {
    "start": 1715.62,
    "end": 1717.06,
    "speaker": "老师",
    "text": "同学们，"
  },
  {
    "start": 1717.06,
    "end": 1719.88,
    "speaker": "老师",
    "text": "请看a分之a减一，"
  },
  {
    "start": 1719.94,
    "end": 1721.48,
    "speaker": "老师",
    "text": "它是什么角色呢？"
  },
  {
    "start": 1721.48,
    "end": 1722.38,
    "speaker": "老师",
    "text": "是的，"
  },
  {
    "start": 1722.54,
    "end": 1724.06,
    "speaker": "老师",
    "text": "它是除式，"
  },
  {
    "start": 1724.06,
    "end": 1727.78,
    "speaker": "老师",
    "text": "我们说除式也是不能为零的，"
  },
  {
    "start": 1727.78,
    "end": 1732.16,
    "speaker": "老师",
    "text": "所以a分之a减一不能等于零，"
  },
  {
    "start": 1732.16,
    "end": 1734.74,
    "speaker": "老师",
    "text": "也就是a减一不等于零，"
  },
  {
    "start": 1734.74,
    "end": 1736.72,
    "speaker": "老师",
    "text": "也就是a不等于一。"
  },
  {
    "start": 1736.72,
    "end": 1739.08,
    "speaker": "老师",
    "text": "所以在本道题当中，"
  },
  {
    "start": 1739.08,
    "end": 1741.44,
    "speaker": "老师",
    "text": "零和一是不能取的。"
  },
  {
    "start": 1741.44,
    "end": 1743.64,
    "speaker": "老师",
    "text": "那么除了零以外，"
  },
  {
    "start": 1743.76,
    "end": 1746.28,
    "speaker": "老师",
    "text": "你可以选择其他任何数。"
  },
  {
    "start": 1746.28,
    "end": 1749.44,
    "speaker": "老师",
    "text": "比如老师可以取a等于二，"
  },
  {
    "start": 1749.54,
    "end": 1755.73,
    "speaker": "老师",
    "text": "将a等于二代入可以得到原式等于一。"
  },
  {
    "start": 1755.73,
    "end": 1756.75,
    "speaker": "老师",
    "text": "同学们，"
  },
  {
    "start": 1756.75,
    "end": 1758.19,
    "speaker": "老师",
    "text": "你明白了吗？"
  },
  {
    "start": 1758.19,
    "end": 1760.75,
    "speaker": "老师",
    "text": "接下来请看第二题观察，"
  },
  {
    "start": 1761.11,
    "end": 1763.55,
    "speaker": "老师",
    "text": "发现要求的式子有平方，"
  },
  {
    "start": 1763.55,
    "end": 1766.31,
    "speaker": "老师",
    "text": "而已知条件没有平方。"
  },
  {
    "start": 1766.31,
    "end": 1770.46,
    "speaker": "老师",
    "text": "同学们看到这个你有什么想法呢？"
  },
  {
    "start": 1770.46,
    "end": 1818.6,
    "speaker": "老师",
    "text": "如果我们将x减x分之一进行平方又会怎么样呢？"
  },
  {
    "start": 1818.6,
    "end": 1819.88,
    "speaker": "老师",
    "text": "那我们试试吧，"
  },
  {
    "start": 1819.88,
    "end": 1822.62,
    "speaker": "老师",
    "text": "括号x减x分之一的平方，"
  },
  {
    "start": 1822.86,
    "end": 1828.37,
    "speaker": "老师",
    "text": "它会等于x平方减二加x平方分之一。"
  },
  {
    "start": 1828.37,
    "end": 1832.49,
    "speaker": "老师",
    "text": "为了能让同学们更好的观察出来，"
  },
  {
    "start": 1832.49,
    "end": 1835.85,
    "speaker": "老师",
    "text": "老师将它交换了一下位置，"
  },
  {
    "start": 1835.85,
    "end": 1839.73,
    "speaker": "老师",
    "text": "变成了x平方加x平方分之一减值。"
  },
  {
    "start": 1839.73,
    "end": 1840.89,
    "speaker": "老师",
    "text": "同学们，"
  },
  {
    "start": 1840.99,
    "end": 1843.33,
    "speaker": "老师",
    "text": "你发现了吗？"
  },
  {
    "start": 1843.45,
    "end": 1844.71,
    "speaker": "老师",
    "text": "它出现了，"
  },
  {
    "start": 1844.71,
    "end": 1849.49,
    "speaker": "老师",
    "text": "也就是我们要求的x平方加x平方分之一。"
  },
  {
    "start": 1849.49,
    "end": 1852.49,
    "speaker": "老师",
    "text": "所以过程我们可以这样写，"
  },
  {
    "start": 1852.51,
    "end": 1860.41,
    "speaker": "老师",
    "text": "因为括号x减x分之一的平方会等于x平方加x平方分之一减二。"
  },
  {
    "start": 1860.41,
    "end": 1866.65,
    "speaker": "老师",
    "text": "所以我们要求的x平方加x平方分之一，"
  },
  {
    "start": 1866.77,
    "end": 1872.37,
    "speaker": "老师",
    "text": "它会等于括号x减x分之一的平方加二。"
  },
  {
    "start": 1872.43,
    "end": 1873.53,
    "speaker": "老师",
    "text": "也就是说，"
  },
  {
    "start": 1873.73,
    "end": 1878.51,
    "speaker": "老师",
    "text": "如果我们知道x减x分之一的值，"
  },
  {
    "start": 1878.51,
    "end": 1885.35,
    "speaker": "老师",
    "text": "那么我们就可以尽额的求出x平方加x平方分之一的值。"
  },
  {
    "start": 1885.35,
    "end": 1889.19,
    "speaker": "老师",
    "text": "那么题目中有没有告诉我们呢？"
  },
  {
    "start": 1890.06,
    "end": 1890.9,
    "speaker": "老师",
    "text": "是的，"
  },
  {
    "start": 1890.92,
    "end": 1895.22,
    "speaker": "老师",
    "text": "它已经告诉我们x减x分之一等于七。"
  },
  {
    "start": 1895.22,
    "end": 1901.02,
    "speaker": "老师",
    "text": "所以我们要求的x平方加x平方分之一，"
  },
  {
    "start": 1901.08,
    "end": 1904.8,
    "speaker": "老师",
    "text": "它会等于七的平方加二等于五十一。"
  },
  {
    "start": 1904.8,
    "end": 1908.0,
    "speaker": "老师",
    "text": "同学们在以后的做题当中，"
  },
  {
    "start": 1908.0,
    "end": 1911.98,
    "speaker": "老师",
    "text": "如果是涉及到求代数式的值，"
  },
  {
    "start": 1912.2,
    "end": 1914.02,
    "speaker": "老师",
    "text": "我们为了计算方便，"
  },
  {
    "start": 1914.02,
    "end": 1919.66,
    "speaker": "老师",
    "text": "可以采取整体代入法去帮助我们解题上面两道题。"
  },
  {
    "start": 1919.66,
    "end": 1921.7,
    "speaker": "老师",
    "text": "同学们解答的都非常好。"
  },
  {
    "start": 1921.7,
    "end": 1926.12,
    "speaker": "老师",
    "text": "接下来那我们来挑战最后一道题吧。"
  },
  {
    "start": 1927.18,
    "end": 1927.98,
    "speaker": "老师",
    "text": "同学们，"
  },
  {
    "start": 1927.98,
    "end": 1930.78,
    "speaker": "老师",
    "text": "让我们一起来分析一下吧。"
  },
  {
    "start": 1930.78,
    "end": 1933.16,
    "speaker": "老师",
    "text": "由题我们可以看出，"
  },
  {
    "start": 1933.16,
    "end": 1938.06,
    "speaker": "老师",
    "text": "a减a平方作为分母它是不能等于零的。"
  },
  {
    "start": 1938.42,
    "end": 1948.9,
    "speaker": "老师",
    "text": "那么我们可以得出a不等于零且a不能等于一再来观察a减a平方分之一的绝对值。"
  },
  {
    "start": 1948.9,
    "end": 1952.62,
    "speaker": "老师",
    "text": "我们发现分母可以进行因式分解，"
  },
  {
    "start": 1952.66,
    "end": 1957.82,
    "speaker": "老师",
    "text": "转化为a乘以括号一减a分之a的绝对值。"
  },
  {
    "start": 1957.86,
    "end": 1958.92,
    "speaker": "老师",
    "text": "那么同学们，"
  },
  {
    "start": 1959.04,
    "end": 1963.4,
    "speaker": "老师",
    "text": "如果我们还需要将这个式子进一步的化简，"
  },
  {
    "start": 1963.4,
    "end": 1965.26,
    "speaker": "老师",
    "text": "我们该怎么做呢？"
  },
  {
    "start": 1965.26,
    "end": 1967.14,
    "speaker": "老师",
    "text": "我们要去绝对值，"
  },
  {
    "start": 1968.0,
    "end": 1971.44,
    "speaker": "老师",
    "text": "那么又该怎么办呢？"
  },
  {
    "start": 1971.46,
    "end": 1973.44,
    "speaker": "老师",
    "text": "我们应该要分类讨论。"
  },
  {
    "start": 1973.44,
    "end": 1975.5,
    "speaker": "老师",
    "text": "首先第一种情况，"
  },
  {
    "start": 1975.82,
    "end": 1988.07,
    "speaker": "老师",
    "text": "当a大于零时a的绝对值会等于a所以我们这个式子可以进一步的化简为a乘以一减a分之a再来约分，"
  },
  {
    "start": 1988.07,
    "end": 1989.99,
    "speaker": "老师",
    "text": "结果为一减a分之一。"
  },
  {
    "start": 1989.99,
    "end": 1997.1,
    "speaker": "老师",
    "text": "那么同学们将这个化简结果与我们题目中的对比，"
  },
  {
    "start": 1997.1,
    "end": 1999.68,
    "speaker": "老师",
    "text": "我们发现它们并不相等。"
  },
  {
    "start": 1999.68,
    "end": 2000.3,
    "speaker": "老师",
    "text": "因此，"
  },
  {
    "start": 2000.52,
    "end": 2004.8,
    "speaker": "老师",
    "text": "当a大于零时是不符合情况的。"
  },
  {
    "start": 2004.8,
    "end": 2022.09,
    "speaker": "老师",
    "text": "接下来那么当a小于零时a的绝对值等于负a因此这个式子我们去绝对值后的结果为a乘以一减a分之负a进一步的化简可为一减a分之负一。"
  },
  {
    "start": 2022.11,
    "end": 2025.87,
    "speaker": "老师",
    "text": "咱们再来对它进行进一步的化简，"
  },
  {
    "start": 2025.87,
    "end": 2029.19,
    "speaker": "老师",
    "text": "最后可以化成a减一分之一。"
  },
  {
    "start": 2029.19,
    "end": 2036.05,
    "speaker": "老师",
    "text": "那么将这个化简结果与我们题目中的化简结果进行对比，"
  },
  {
    "start": 2036.75,
    "end": 2040.07,
    "speaker": "老师",
    "text": "发现它们是一样的。"
  },
  {
    "start": 2040.17,
    "end": 2040.67,
    "speaker": "老师",
    "text": "因此，"
  },
  {
    "start": 2040.67,
    "end": 2048.26,
    "speaker": "老师",
    "text": "综上我们可以得出满足条件的a的取值范围应该是a小于零。"
  },
  {
    "start": 2048.26,
    "end": 2049.4,
    "speaker": "老师",
    "text": "同学们，"
  },
  {
    "start": 2049.4,
    "end": 2052.74,
    "speaker": "老师",
    "text": "接下来我们来做一道电式题。"
  },
  {
    "start": 2052.74,
    "end": 2058.24,
    "speaker": "老师",
    "text": "如果a减a平方分之a的绝对值等于一减a分之一，"
  },
  {
    "start": 2058.48,
    "end": 2063.36,
    "speaker": "老师",
    "text": "那么对应的a的取值范围又是什么呢？"
  },
  {
    "start": 2063.36,
    "end": 2064.43,
    "speaker": "老师",
    "text": "其实本道题的分析与第三题的分析是一样的。"
  },
  {
    "start": 2064.04,
    "end": 2064.43,
    "speaker": "老师",
    "text": "而且我们可以看出，"
  },
  {
    "start": 2064.04,
    "end": 2064.43,
    "speaker": "老师",
    "text": "当a大于零时，"
  },
  {
    "start": 2064.04,
    "end": 2064.43,
    "speaker": "老师",
    "text": "a减a的平方分之a的绝对值是等于一减a分之一的。"
  },
  {
    "start": 2064.04,
    "end": 2064.43,
    "speaker": "老师",
    "text": "那么同学们是不是最后的结果就是a大于零呢？"
  },
  {
    "start": 2064.04,
    "end": 2064.43,
    "speaker": "老师",
    "text": "没错不是的，"
  },
  {
    "start": 2064.04,
    "end": 2064.43,
    "speaker": "老师",
    "text": "我们有a减a平方不等于零，"
  },
  {
    "start": 2064.04,
    "end": 2064.43,
    "speaker": "老师",
    "text": "可以得到a不等于零，"
  },
  {
    "start": 2064.04,
    "end": 2064.43,
    "speaker": "老师",
    "text": "且a不等于一。"
  },
  {
    "start": 2064.04,
    "end": 2064.43,
    "speaker": "老师",
    "text": "所以正确的a的取值范围应该为a大于零，"
  },
  {
    "start": 2064.04,
    "end": 2064.43,
    "speaker": "老师",
    "text": "且a不等于一。"
  },
  {
    "start": 2064.04,
    "end": 2064.43,
    "speaker": "老师",
    "text": "同学们，"
  },
  {
    "start": 2064.04,
    "end": 2064.43,
    "speaker": "老师",
    "text": "你明白了吗？"
  },
  {
    "start": 2064.04,
    "end": 2064.43,
    "speaker": "老师",
    "text": "在能力提升篇，"
  },
  {
    "start": 2064.04,
    "end": 2064.43,
    "speaker": "老师",
    "text": "同学们的表现非常好，"
  },
  {
    "start": 2064.04,
    "end": 2064.43,
    "speaker": "老师",
    "text": "你们真的是太棒了。"
  },
  {
    "start": 2064.04,
    "end": 2064.43,
    "speaker": "老师",
    "text": "经过本节课的复习，"
  },
  {
    "start": 2064.04,
    "end": 2064.43,
    "speaker": "老师",
    "text": "你是否对分式有了新的认识呢？"
  },
  {
    "start": 2064.04,
    "end": 2064.43,
    "speaker": "老师",
    "text": "本节课我们主要对分式的概念、基本性质、约分以及乘除法法则、加减法法则进行复习。"
  },
  {
    "start": 2064.04,
    "end": 2064.43,
    "speaker": "老师",
    "text": "那么在研究分式的时候，"
  },
  {
    "start": 2064.04,
    "end": 2064.43,
    "speaker": "老师",
    "text": "我们运用了类比的思想，"
  },
  {
    "start": 2064.04,
    "end": 2064.43,
    "speaker": "老师",
    "text": "将分式与分数进行类比，"
  },
  {
    "start": 2064.04,
    "end": 2064.43,
    "speaker": "老师",
    "text": "对其进行研究。"
  },
  {
    "start": 2064.04,
    "end": 2064.43,
    "speaker": "老师",
    "text": "同样在研究分式的乘除法法则的时候，"
  },
  {
    "start": 2064.04,
    "end": 2064.43,
    "speaker": "老师",
    "text": "在计算除法的时候，"
  },
  {
    "start": 2064.04,
    "end": 2064.43,
    "speaker": "老师",
    "text": "我们运用了转化的思想，"
  },
  {
    "start": 2064.04,
    "end": 2064.43,
    "speaker": "老师",
    "text": "将除法转化为乘法进行计算。"
  },
  {
    "start": 2064.04,
    "end": 2064.43,
    "speaker": "老师",
    "text": "同样的，"
  },
  {
    "start": 2064.04,
    "end": 2064.43,
    "speaker": "老师",
    "text": "在研究分式的加减法，"
  },
  {
    "start": 2064.04,
    "end": 2064.43,
    "speaker": "老师",
    "text": "异分母加减法的时候，"
  },
  {
    "start": 2064.04,
    "end": 2064.43,
    "speaker": "老师",
    "text": "我们将异分母转化为同分母进行计算。"
  },
  {
    "start": 2064.04,
    "end": 2064.43,
    "speaker": "老师",
    "text": "那么在今天的做题当中，"
  },
  {
    "start": 2064.04,
    "end": 2064.43,
    "speaker": "老师",
    "text": "我们还运用了整体带路以及分类讨论的思想。"
  },
  {
    "start": 2064.04,
    "end": 2064.43,
    "speaker": "老师",
    "text": "同学们，"
  },
  {
    "start": 2064.04,
    "end": 2064.43,
    "speaker": "老师",
    "text": "这些事项和方法对我们今后的做题与学习有很大的帮助。"
  },
  {
    "start": 2064.04,
    "end": 2064.43,
    "speaker": "老师",
    "text": "这是本节课的课后习题，"
  },
  {
    "start": 2064.04,
    "end": 2064.43,
    "speaker": "老师",
    "text": "请同学们认真完成。"
  },
  {
    "start": 2064.04,
    "end": 2064.43,
    "speaker": "老师",
    "text": "好，"
  },
  {
    "start": 2064.04,
    "end": 2064.43,
    "speaker": "老师",
    "text": "本节课就到这里，"
  },
  {
    "start": 2064.04,
    "end": 2064.43,
    "speaker": "老师",
    "text": "同学们再见。"
  }
]