[
  {
    "start": 11.79,
    "end": 12.65,
    "speaker": "老师",
    "text": "同学们，"
  },
  {
    "start": 12.65,
    "end": 14.09,
    "speaker": "老师",
    "text": "大家好，"
  },
  {
    "start": 14.11,
    "end": 17.43,
    "speaker": "老师",
    "text": "我是南昌市南杆学校贺老师，"
  },
  {
    "start": 17.43,
    "end": 23.21,
    "speaker": "老师",
    "text": "今天跟随贺老师一起来梳理第十八章我们所学的内容。"
  },
  {
    "start": 23.21,
    "end": 27.43,
    "speaker": "老师",
    "text": "首先我们学习了一种特殊的四边形，"
  },
  {
    "start": 27.43,
    "end": 29.83,
    "speaker": "老师",
    "text": "叫做平行四边形。"
  },
  {
    "start": 29.83,
    "end": 35.57,
    "speaker": "老师",
    "text": "接下来我们学习了两种特殊的平行四边形，"
  },
  {
    "start": 35.59,
    "end": 36.79,
    "speaker": "老师",
    "text": "矩形和菱形。"
  },
  {
    "start": 36.79,
    "end": 40.15,
    "speaker": "老师",
    "text": "而最后我们学习到了一种，"
  },
  {
    "start": 40.83,
    "end": 43.25,
    "speaker": "老师",
    "text": "它既是矩形，"
  },
  {
    "start": 43.25,
    "end": 44.99,
    "speaker": "老师",
    "text": "又是菱形正方形。"
  },
  {
    "start": 45.09,
    "end": 47.15,
    "speaker": "老师",
    "text": "从这个图当中，"
  },
  {
    "start": 47.25,
    "end": 52.35,
    "speaker": "老师",
    "text": "同学们应该很清晰的感受到它们之间的重属关系，"
  },
  {
    "start": 52.35,
    "end": 54.39,
    "speaker": "老师",
    "text": "也可以感受得到。"
  },
  {
    "start": 54.81,
    "end": 61.05,
    "speaker": "老师",
    "text": "我们在学习的过程当中是从一般到特殊。"
  },
  {
    "start": 61.05,
    "end": 63.69,
    "speaker": "老师",
    "text": "那么接下来我们继续回顾，"
  },
  {
    "start": 63.69,
    "end": 70.13,
    "speaker": "老师",
    "text": "大家看什么样的四边形为平行四边形呢？"
  },
  {
    "start": 70.21,
    "end": 74.1,
    "speaker": "老师",
    "text": "当两组对边分别平行时，"
  },
  {
    "start": 74.12,
    "end": 77.2,
    "speaker": "老师",
    "text": "它就成了平行四边形好。"
  },
  {
    "start": 77.54,
    "end": 83.44,
    "speaker": "老师",
    "text": "当平行四边形中有一个角是直角时，"
  },
  {
    "start": 83.48,
    "end": 85.08,
    "speaker": "老师",
    "text": "它就成了矩形。"
  },
  {
    "start": 85.08,
    "end": 90.75,
    "speaker": "老师",
    "text": "另外当有一组邻边相等时，"
  },
  {
    "start": 90.75,
    "end": 94.27,
    "speaker": "老师",
    "text": "这个平行四边形它就成了菱形。"
  },
  {
    "start": 94.27,
    "end": 95.05,
    "speaker": "老师",
    "text": "好，"
  },
  {
    "start": 95.15,
    "end": 98.99,
    "speaker": "老师",
    "text": "那最后我们看矩形中，"
  },
  {
    "start": 99.19,
    "end": 102.15,
    "speaker": "老师",
    "text": "如果有一组邻边相等时，"
  },
  {
    "start": 102.49,
    "end": 106.52,
    "speaker": "老师",
    "text": "它就成了正方形。"
  },
  {
    "start": 106.6,
    "end": 111.14,
    "speaker": "老师",
    "text": "另外而菱形中如果有一个角是直角，"
  },
  {
    "start": 111.14,
    "end": 113.88,
    "speaker": "老师",
    "text": "它也成了正方形。"
  },
  {
    "start": 114.04,
    "end": 114.76,
    "speaker": "老师",
    "text": "同学们。"
  },
  {
    "start": 114.76,
    "end": 122.26,
    "speaker": "老师",
    "text": "那么接下来我们一起来回顾这些图形它们所具备的性质。"
  },
  {
    "start": 122.26,
    "end": 128.72,
    "speaker": "老师",
    "text": "我们在学习的过程当中有知道对于四边形的性质，"
  },
  {
    "start": 128.72,
    "end": 145.01,
    "speaker": "老师",
    "text": "我们是从边角以及对角线进行展开研究的那我们首先来看平行四边形，"
  },
  {
    "start": 145.01,
    "end": 150.35,
    "speaker": "老师",
    "text": "它的边主要是对边平行且相等角对角相等，"
  },
  {
    "start": 150.51,
    "end": 152.85,
    "speaker": "老师",
    "text": "对角线互相平分。"
  },
  {
    "start": 152.85,
    "end": 158.05,
    "speaker": "老师",
    "text": "那矩形呢因为它是特殊的平行四边形，"
  },
  {
    "start": 158.07,
    "end": 162.95,
    "speaker": "老师",
    "text": "所以它具有平行四边形所有的性质。"
  },
  {
    "start": 163.39,
    "end": 168.18,
    "speaker": "老师",
    "text": "当然它还有自己的特性，"
  },
  {
    "start": 168.8,
    "end": 173.08,
    "speaker": "老师",
    "text": "主要体现在角四个角都是直角。"
  },
  {
    "start": 173.08,
    "end": 175.72,
    "speaker": "老师",
    "text": "另外体现在对角线，"
  },
  {
    "start": 175.9,
    "end": 177.68,
    "speaker": "老师",
    "text": "不仅互相平分，"
  },
  {
    "start": 177.68,
    "end": 178.58,
    "speaker": "老师",
    "text": "还且相等，"
  },
  {
    "start": 178.58,
    "end": 180.5,
    "speaker": "老师",
    "text": "这是矩形的性质。"
  },
  {
    "start": 180.58,
    "end": 184.52,
    "speaker": "老师",
    "text": "那么接下来我们学习到了菱形，"
  },
  {
    "start": 184.58,
    "end": 190.34,
    "speaker": "老师",
    "text": "因为菱形它也是特殊的平行四边形。"
  },
  {
    "start": 190.36,
    "end": 194.54,
    "speaker": "老师",
    "text": "从这个图当中大家都可以看到，"
  },
  {
    "start": 194.86,
    "end": 199.2,
    "speaker": "老师",
    "text": "那么它平行四边形所有的性质，"
  },
  {
    "start": 199.5,
    "end": 202.6,
    "speaker": "老师",
    "text": "菱形也都有，"
  },
  {
    "start": 202.76,
    "end": 205.06,
    "speaker": "老师",
    "text": "它也有自己的特性。"
  },
  {
    "start": 205.3,
    "end": 209.17,
    "speaker": "老师",
    "text": "主要体现在四条边都相等。"
  },
  {
    "start": 209.21,
    "end": 212.09,
    "speaker": "老师",
    "text": "另外体现在对角线上，"
  },
  {
    "start": 212.19,
    "end": 214.73,
    "speaker": "老师",
    "text": "不仅互相平分，"
  },
  {
    "start": 214.75,
    "end": 219.83,
    "speaker": "老师",
    "text": "还互相垂直且平分一组对角。"
  },
  {
    "start": 219.83,
    "end": 225.58,
    "speaker": "老师",
    "text": "最后我们学习到的正方形，"
  },
  {
    "start": 225.58,
    "end": 227.24,
    "speaker": "老师",
    "text": "大家注意了，"
  },
  {
    "start": 227.4,
    "end": 229.98,
    "speaker": "老师",
    "text": "正方形它既是特殊的矩形，"
  },
  {
    "start": 229.98,
    "end": 231.82,
    "speaker": "老师",
    "text": "又是特殊的菱形，"
  },
  {
    "start": 231.82,
    "end": 236.18,
    "speaker": "老师",
    "text": "因此矩形和菱形的特性它都有。"
  },
  {
    "start": 236.18,
    "end": 241.04,
    "speaker": "老师",
    "text": "大家看边角对角线，"
  },
  {
    "start": 241.04,
    "end": 244.08,
    "speaker": "老师",
    "text": "你应该回忆起来了。"
  },
  {
    "start": 244.08,
    "end": 245.28,
    "speaker": "老师",
    "text": "好，"
  },
  {
    "start": 245.34,
    "end": 252.86,
    "speaker": "老师",
    "text": "那么接下来继续我们在学习这些图形的性质的过程当中，"
  },
  {
    "start": 252.86,
    "end": 255.56,
    "speaker": "老师",
    "text": "还认识到了一种图形。"
  },
  {
    "start": 255.76,
    "end": 257.9,
    "speaker": "老师",
    "text": "请大家看到，"
  },
  {
    "start": 257.9,
    "end": 260.7,
    "speaker": "老师",
    "text": "当在三角形ABC中，"
  },
  {
    "start": 260.7,
    "end": 264.8,
    "speaker": "老师",
    "text": "DE分别为ABAC的中点，"
  },
  {
    "start": 264.82,
    "end": 268.98,
    "speaker": "老师",
    "text": "则DE就是三角形ABC的中位线。"
  },
  {
    "start": 269.0,
    "end": 269.48,
    "speaker": "老师",
    "text": "对，"
  },
  {
    "start": 269.48,
    "end": 273.2,
    "speaker": "老师",
    "text": "我们认识了这样个图形，"
  },
  {
    "start": 273.2,
    "end": 285.23,
    "speaker": "老师",
    "text": "那么我们还学习了三角形中位线定理文字语言是这样说的，"
  },
  {
    "start": 285.23,
    "end": 288.57,
    "speaker": "老师",
    "text": "三角形中位线平行于第三边，"
  },
  {
    "start": 288.99,
    "end": 291.13,
    "speaker": "老师",
    "text": "并且等于第三边的一半。"
  },
  {
    "start": 291.29,
    "end": 294.83,
    "speaker": "老师",
    "text": "那结合老师所给的这个图形，"
  },
  {
    "start": 294.83,
    "end": 302.91,
    "speaker": "老师",
    "text": "它所对应的数学语言就是因为DE是三角形ABC的中位线，"
  },
  {
    "start": 302.95,
    "end": 310.37,
    "speaker": "老师",
    "text": "所以DE平行BC且DE等于BC的一半。"
  },
  {
    "start": 310.37,
    "end": 315.57,
    "speaker": "老师",
    "text": "我们还学习到了一个直角三角形的性质。"
  },
  {
    "start": 315.57,
    "end": 321.01,
    "speaker": "老师",
    "text": "大家看到直角三角形斜边上的中线等于斜边的一半，"
  },
  {
    "start": 321.01,
    "end": 325.45,
    "speaker": "老师",
    "text": "结合老师给出的图形相应的符号，"
  },
  {
    "start": 325.45,
    "end": 331.19,
    "speaker": "老师",
    "text": "数学语言就是是因为BD是直角三角形ABC的中线。"
  },
  {
    "start": 331.19,
    "end": 337.87,
    "speaker": "老师",
    "text": "所以我们就能得到BD等于二分之一AC."
  },
  {
    "start": 337.87,
    "end": 338.33,
    "speaker": "老师",
    "text": "好，"
  },
  {
    "start": 338.39,
    "end": 339.41,
    "speaker": "老师",
    "text": "同学们，"
  },
  {
    "start": 339.65,
    "end": 347.37,
    "speaker": "老师",
    "text": "我想嗯你们也跟着老师一起在回顾我们本章所学的知识。"
  },
  {
    "start": 347.41,
    "end": 353.35,
    "speaker": "老师",
    "text": "那么接下来我们继续回顾这些图形的判定方法。"
  },
  {
    "start": 353.65,
    "end": 357.55,
    "speaker": "老师",
    "text": "首先我们回顾平行四边形的判定，"
  },
  {
    "start": 357.55,
    "end": 362.55,
    "speaker": "老师",
    "text": "大家看要判定一个四边形为平行四边形，"
  },
  {
    "start": 362.55,
    "end": 366.43,
    "speaker": "老师",
    "text": "我们可以从这三方面进行考虑。"
  },
  {
    "start": 366.43,
    "end": 369.49,
    "speaker": "老师",
    "text": "边角对角线首当两组，"
  },
  {
    "start": 370.2,
    "end": 372.6,
    "speaker": "老师",
    "text": "对边分别平行或两组，"
  },
  {
    "start": 372.94,
    "end": 375.32,
    "speaker": "老师",
    "text": "对边分别相等或一组，"
  },
  {
    "start": 375.32,
    "end": 378.24,
    "speaker": "老师",
    "text": "对边平行且相等。"
  },
  {
    "start": 378.24,
    "end": 383.9,
    "speaker": "老师",
    "text": "这三种方法都可以判定一个四边形为平行四边形。"
  },
  {
    "start": 383.9,
    "end": 385.6,
    "speaker": "老师",
    "text": "如果从角出发，"
  },
  {
    "start": 385.6,
    "end": 390.82,
    "speaker": "老师",
    "text": "那么我们可以两组对角分别相等的四边形，"
  },
  {
    "start": 390.82,
    "end": 392.48,
    "speaker": "老师",
    "text": "它也是平行四边形。"
  },
  {
    "start": 392.48,
    "end": 395.46,
    "speaker": "老师",
    "text": "如果从对角线出发，"
  },
  {
    "start": 395.94,
    "end": 400.76,
    "speaker": "老师",
    "text": "那么两条对角线互相平分的四边形，"
  },
  {
    "start": 400.76,
    "end": 402.78,
    "speaker": "老师",
    "text": "它也是平行四边形，"
  },
  {
    "start": 402.78,
    "end": 405.82,
    "speaker": "老师",
    "text": "这是平行四边形的判定。"
  },
  {
    "start": 405.82,
    "end": 410.54,
    "speaker": "老师",
    "text": "接下来我们来回顾矩形的判定。"
  },
  {
    "start": 410.54,
    "end": 416.08,
    "speaker": "老师",
    "text": "那么如何判定一个四边形是矩形呢？"
  },
  {
    "start": 416.08,
    "end": 419.96,
    "speaker": "老师",
    "text": "我们可以从两方面考虑，"
  },
  {
    "start": 420.32,
    "end": 423.42,
    "speaker": "老师",
    "text": "第一个可以从四边形出发，"
  },
  {
    "start": 423.42,
    "end": 426.7,
    "speaker": "老师",
    "text": "另外也可以从平行四边形出发。"
  },
  {
    "start": 427.48,
    "end": 429.76,
    "speaker": "老师",
    "text": "如果从四边形出发，"
  },
  {
    "start": 429.76,
    "end": 431.06,
    "speaker": "老师",
    "text": "我们可以添加。"
  },
  {
    "start": 431.5,
    "end": 434.78,
    "speaker": "老师",
    "text": "当三个角是直角时，"
  },
  {
    "start": 434.78,
    "end": 438.33,
    "speaker": "老师",
    "text": "这个四边形就为矩形。"
  },
  {
    "start": 438.33,
    "end": 440.91,
    "speaker": "老师",
    "text": "如果从平行四边形出发，"
  },
  {
    "start": 440.91,
    "end": 451.53,
    "speaker": "老师",
    "text": "我们有两种方法添加一个角是直角的平行四边形或添加对角线相等的平行四边形，"
  },
  {
    "start": 451.53,
    "end": 453.29,
    "speaker": "老师",
    "text": "它就是矩形。"
  },
  {
    "start": 453.45,
    "end": 457.94,
    "speaker": "老师",
    "text": "接下来我们继续回顾菱形的判定，"
  },
  {
    "start": 457.96,
    "end": 461.72,
    "speaker": "老师",
    "text": "同样它也可以从两方面进行考虑，"
  },
  {
    "start": 461.72,
    "end": 466.2,
    "speaker": "老师",
    "text": "从四边形出发或者从平行四边形出发，"
  },
  {
    "start": 466.38,
    "end": 469.56,
    "speaker": "老师",
    "text": "从四边形出发的话，"
  },
  {
    "start": 469.92,
    "end": 474.46,
    "speaker": "老师",
    "text": "我们添加的条件是当四条边都相等时，"
  },
  {
    "start": 474.46,
    "end": 477.47,
    "speaker": "老师",
    "text": "这个四边形就是菱形。"
  },
  {
    "start": 477.47,
    "end": 480.93,
    "speaker": "老师",
    "text": "如果从平行四边形出发，"
  },
  {
    "start": 480.99,
    "end": 484.49,
    "speaker": "老师",
    "text": "它也同样有两种方法。"
  },
  {
    "start": 484.51,
    "end": 492.48,
    "speaker": "老师",
    "text": "大家请看第一个一组邻边相等或对角线互相垂直的平行四边形，"
  },
  {
    "start": 492.52,
    "end": 496.02,
    "speaker": "老师",
    "text": "我们可以判定它为菱形。"
  },
  {
    "start": 496.04,
    "end": 496.58,
    "speaker": "老师",
    "text": "最后，"
  },
  {
    "start": 496.58,
    "end": 500.26,
    "speaker": "老师",
    "text": "我们一起来回顾正方形的判定，"
  },
  {
    "start": 500.26,
    "end": 503.68,
    "speaker": "老师",
    "text": "同学们正方形的判定，"
  },
  {
    "start": 503.68,
    "end": 507.82,
    "speaker": "老师",
    "text": "我们也可以从两个方面来考虑。"
  },
  {
    "start": 507.82,
    "end": 510.28,
    "speaker": "老师",
    "text": "如果从矩形出发，"
  },
  {
    "start": 510.28,
    "end": 517.14,
    "speaker": "老师",
    "text": "那么当有一组邻边相等时或对角线互相垂直时，"
  },
  {
    "start": 517.22,
    "end": 520.74,
    "speaker": "老师",
    "text": "我们就可以判定这个矩形为正方形。"
  },
  {
    "start": 520.74,
    "end": 522.36,
    "speaker": "老师",
    "text": "如果从菱形出发，"
  },
  {
    "start": 522.36,
    "end": 527.82,
    "speaker": "老师",
    "text": "则添加有一个角是直角时或者对角线相等时，"
  },
  {
    "start": 527.88,
    "end": 530.76,
    "speaker": "老师",
    "text": "这个菱形就为正方形。"
  },
  {
    "start": 576.17,
    "end": 577.23,
    "speaker": "老师",
    "text": "那有些同学说，"
  },
  {
    "start": 577.23,
    "end": 582.29,
    "speaker": "老师",
    "text": "那我也可以从平行四边形出发呀。"
  },
  {
    "start": 582.29,
    "end": 583.49,
    "speaker": "老师",
    "text": "对，"
  },
  {
    "start": 583.61,
    "end": 588.03,
    "speaker": "老师",
    "text": "那么如果从平行四边形出发，"
  },
  {
    "start": 588.11,
    "end": 593.23,
    "speaker": "老师",
    "text": "我们可以先判定平行四边形为矩形，"
  },
  {
    "start": 593.23,
    "end": 596.29,
    "speaker": "老师",
    "text": "然后再由矩形判定为正方形。"
  },
  {
    "start": 596.29,
    "end": 596.97,
    "speaker": "老师",
    "text": "当然，"
  },
  {
    "start": 596.97,
    "end": 601.25,
    "speaker": "老师",
    "text": "也可以先判定平行四边形为菱形，"
  },
  {
    "start": 601.25,
    "end": 606.06,
    "speaker": "老师",
    "text": "最后再判定菱形为正方形，"
  },
  {
    "start": 606.06,
    "end": 610.61,
    "speaker": "老师",
    "text": "这些方法都是可以的。"
  },
  {
    "start": 610.61,
    "end": 611.13,
    "speaker": "老师",
    "text": "好，"
  },
  {
    "start": 611.19,
    "end": 617.53,
    "speaker": "老师",
    "text": "进行了本章知识点的一个梳理和回顾。"
  },
  {
    "start": 617.61,
    "end": 621.65,
    "speaker": "老师",
    "text": "接下来来挑战我们同学形的思维，"
  },
  {
    "start": 621.71,
    "end": 625.71,
    "speaker": "老师",
    "text": "请跟着老师一起来看第一种问题，"
  },
  {
    "start": 625.71,
    "end": 627.51,
    "speaker": "老师",
    "text": "选一选。"
  },
  {
    "start": 627.51,
    "end": 630.28,
    "speaker": "老师",
    "text": "请同学们先看题目，"
  },
  {
    "start": 630.28,
    "end": 634.16,
    "speaker": "老师",
    "text": "我们一起来看这两个问题。"
  },
  {
    "start": 634.16,
    "end": 634.96,
    "speaker": "老师",
    "text": "第一个如图，"
  },
  {
    "start": 634.96,
    "end": 645.74,
    "speaker": "老师",
    "text": "矩形ABCD的对角线ACBD相交于点o角AOD等于六十度AD等于二，"
  },
  {
    "start": 645.74,
    "end": 648.14,
    "speaker": "老师",
    "text": "要你求AB的长要求，"
  },
  {
    "start": 648.4,
    "end": 652.29,
    "speaker": "老师",
    "text": "AB就是它其中的一边。"
  },
  {
    "start": 652.29,
    "end": 654.19,
    "speaker": "老师",
    "text": "我们先将已知条件上图，"
  },
  {
    "start": 654.45,
    "end": 658.31,
    "speaker": "老师",
    "text": "大家看到告诉我角AOD等于六十度，"
  },
  {
    "start": 658.31,
    "end": 663.76,
    "speaker": "老师",
    "text": "还告诉了你AD等于二要求AB."
  },
  {
    "start": 663.76,
    "end": 665.64,
    "speaker": "老师",
    "text": "那么我们说矩形的性质，"
  },
  {
    "start": 665.64,
    "end": 671.71,
    "speaker": "老师",
    "text": "矩形的对角线互相平分且相等，"
  },
  {
    "start": 671.71,
    "end": 676.83,
    "speaker": "老师",
    "text": "说明三角形AOD是等腰三角形。"
  },
  {
    "start": 676.83,
    "end": 682.1,
    "speaker": "老师",
    "text": "那你用已知条件角AOD等于六十度，"
  },
  {
    "start": 682.12,
    "end": 688.1,
    "speaker": "老师",
    "text": "所以我们就进而判定三角形AOD是等边三角形。"
  },
  {
    "start": 688.38,
    "end": 696.05,
    "speaker": "老师",
    "text": "那这样的话就能知道DO等于AD也等于二，"
  },
  {
    "start": 696.05,
    "end": 702.16,
    "speaker": "老师",
    "text": "那进而我们就可以得到BD等于四。"
  },
  {
    "start": 702.34,
    "end": 702.62,
    "speaker": "老师",
    "text": "好，"
  },
  {
    "start": 702.62,
    "end": 709.46,
    "speaker": "老师",
    "text": "那接下来我们就把目光聚焦到了直角三角形ABD中。"
  },
  {
    "start": 709.46,
    "end": 717.89,
    "speaker": "老师",
    "text": "那利用勾股定理当然就可以计算出AB等于两倍的根号三。"
  },
  {
    "start": 717.89,
    "end": 721.83,
    "speaker": "老师",
    "text": "在这里面我们一个体会是什么呢？"
  },
  {
    "start": 721.83,
    "end": 724.81,
    "speaker": "老师",
    "text": "在矩形的背景下，"
  },
  {
    "start": 724.81,
    "end": 733.91,
    "speaker": "老师",
    "text": "我们经常利用直角三角形的性质勾股定理来进行计算。"
  },
  {
    "start": 734.11,
    "end": 738.55,
    "speaker": "老师",
    "text": "接下来我们一起来分析第二个问题，"
  },
  {
    "start": 738.55,
    "end": 748.29,
    "speaker": "老师",
    "text": "菱形ABCD的对角线AC与BD相交于点o角BAD等于一百二十度，"
  },
  {
    "start": 748.61,
    "end": 750.47,
    "speaker": "老师",
    "text": "AC等于四则。"
  },
  {
    "start": 750.51,
    "end": 756.71,
    "speaker": "老师",
    "text": "该菱形的面积很多同学读完题之后觉得哎很难理解，"
  },
  {
    "start": 756.85,
    "end": 761.15,
    "speaker": "老师",
    "text": "我们要学会将文字转化为数学图形，"
  },
  {
    "start": 761.15,
    "end": 763.55,
    "speaker": "老师",
    "text": "因此我们先画图。"
  },
  {
    "start": 764.05,
    "end": 764.67,
    "speaker": "老师",
    "text": "好，"
  },
  {
    "start": 764.89,
    "end": 773.06,
    "speaker": "老师",
    "text": "接下来的问题是求该菱形ABCD的面积。"
  },
  {
    "start": 773.06,
    "end": 777.7,
    "speaker": "老师",
    "text": "菱形因为是特殊的平行四边形，"
  },
  {
    "start": 777.7,
    "end": 782.22,
    "speaker": "老师",
    "text": "我们首先想到的面积公式，"
  },
  {
    "start": 782.22,
    "end": 788.0,
    "speaker": "老师",
    "text": "那就是底乘以高底那一边作为底都可以。"
  },
  {
    "start": 788.0,
    "end": 790.92,
    "speaker": "老师",
    "text": "因为四边相等那高呢？"
  },
  {
    "start": 790.92,
    "end": 791.26,
    "speaker": "老师",
    "text": "好，"
  },
  {
    "start": 791.26,
    "end": 795.52,
    "speaker": "老师",
    "text": "我们同学们觉得无从下手。"
  },
  {
    "start": 795.52,
    "end": 803.28,
    "speaker": "老师",
    "text": "这个时候你是否回忆起了菱形它还有一个面积公式，"
  },
  {
    "start": 803.34,
    "end": 810.58,
    "speaker": "老师",
    "text": "我们说菱形的面积可以是两条对角线长的乘积的一半。"
  },
  {
    "start": 810.58,
    "end": 814.02,
    "speaker": "老师",
    "text": "而已知条件告诉了我们AC等于四，"
  },
  {
    "start": 814.02,
    "end": 816.94,
    "speaker": "老师",
    "text": "因此我们目标明确了，"
  },
  {
    "start": 816.96,
    "end": 822.02,
    "speaker": "老师",
    "text": "只要求出对角线BD的长面积就可求了。"
  },
  {
    "start": 822.02,
    "end": 822.6,
    "speaker": "老师",
    "text": "好，"
  },
  {
    "start": 822.6,
    "end": 826.6,
    "speaker": "老师",
    "text": "那接下来我们将已知条件，"
  },
  {
    "start": 826.6,
    "end": 836.28,
    "speaker": "老师",
    "text": "上图角BAD等于一百二十度。"
  },
  {
    "start": 836.3,
    "end": 839.64,
    "speaker": "老师",
    "text": "那根据菱形的性质，"
  },
  {
    "start": 839.68,
    "end": 848.56,
    "speaker": "老师",
    "text": "我们就可得到这个角一等于六十度继续。"
  },
  {
    "start": 848.66,
    "end": 851.66,
    "speaker": "老师",
    "text": "根据菱形的性质，"
  },
  {
    "start": 851.76,
    "end": 860.88,
    "speaker": "老师",
    "text": "AB等于BC就可判定三角形ABC为等边三角形，"
  },
  {
    "start": 860.94,
    "end": 863.32,
    "speaker": "老师",
    "text": "因此AB等于AC等于四。"
  },
  {
    "start": 863.32,
    "end": 863.68,
    "speaker": "老师",
    "text": "好，"
  },
  {
    "start": 863.68,
    "end": 870.62,
    "speaker": "老师",
    "text": "那菱形的对角线它是互相平分且互相垂直。"
  },
  {
    "start": 870.62,
    "end": 877.41,
    "speaker": "老师",
    "text": "我们就知道AO等于二三角形ABO,"
  },
  {
    "start": 877.51,
    "end": 881.69,
    "speaker": "老师",
    "text": "它是直角三角形。"
  },
  {
    "start": 881.87,
    "end": 884.78,
    "speaker": "老师",
    "text": "因此，"
  },
  {
    "start": 884.82,
    "end": 886.9,
    "speaker": "老师",
    "text": "通过勾股定理计算，"
  },
  {
    "start": 886.9,
    "end": 892.18,
    "speaker": "老师",
    "text": "我们就能得到BO等于两倍的根号三，"
  },
  {
    "start": 892.18,
    "end": 896.54,
    "speaker": "老师",
    "text": "进而得知BD就会等于四倍的根号三。"
  },
  {
    "start": 896.54,
    "end": 904.2,
    "speaker": "老师",
    "text": "因此面积就可以求了四倍的根号三乘以四再乘以二分之一。"
  },
  {
    "start": 904.72,
    "end": 909.96,
    "speaker": "老师",
    "text": "因此我们的答案就出来了。"
  },
  {
    "start": 910.08,
    "end": 919.33,
    "speaker": "老师",
    "text": "那么在这两道计算的过程当中，"
  },
  {
    "start": 919.61,
    "end": 930.54,
    "speaker": "老师",
    "text": "同学们都有发现我们在充分的利用这些特殊平行四边形的性质来解决的。"
  },
  {
    "start": 930.54,
    "end": 937.75,
    "speaker": "老师",
    "text": "接下来请跟随老师来到填一填的环节。"
  },
  {
    "start": 937.75,
    "end": 967.08,
    "speaker": "老师",
    "text": "请同学们跟着老师先看题目的主干来四边形ABCD的对角线ACBD交于点o过点c作PC平行BD过点b作BP平行ACCPBP交于点p同学们由这两组平行，"
  },
  {
    "start": 967.5,
    "end": 973.92,
    "speaker": "老师",
    "text": "请大家看到PC平行BO,"
  },
  {
    "start": 973.94,
    "end": 979.92,
    "speaker": "老师",
    "text": "然后呢BP平行CO由这两组平行，"
  },
  {
    "start": 980.54,
    "end": 985.0,
    "speaker": "老师",
    "text": "大家就可以判定这个四边形，"
  },
  {
    "start": 985.0,
    "end": 988.4,
    "speaker": "老师",
    "text": "首先它就是一个平行四边形。"
  },
  {
    "start": 988.52,
    "end": 988.84,
    "speaker": "老师",
    "text": "好，"
  },
  {
    "start": 988.84,
    "end": 997.59,
    "speaker": "老师",
    "text": "接下来请看到老师继续添加条件。"
  },
  {
    "start": 997.61,
    "end": 998.87,
    "speaker": "老师",
    "text": "如图，"
  },
  {
    "start": 998.87,
    "end": 1008.16,
    "speaker": "老师",
    "text": "一若四边形ABCD为矩形，"
  },
  {
    "start": 1008.4,
    "end": 1012.08,
    "speaker": "老师",
    "text": "则四边形COBP是。"
  },
  {
    "start": 1012.1,
    "end": 1015.5,
    "speaker": "老师",
    "text": "那由刚刚题目主干，"
  },
  {
    "start": 1015.56,
    "end": 1022.8,
    "speaker": "老师",
    "text": "我们就已经判定c四边形COBP是平行四边形。"
  },
  {
    "start": 1022.8,
    "end": 1032.18,
    "speaker": "老师",
    "text": "接下来你既然再给我添加了条件，"
  },
  {
    "start": 1032.28,
    "end": 1040.31,
    "speaker": "老师",
    "text": "它是否能判定为特殊的平行四边形呢？"
  },
  {
    "start": 1040.41,
    "end": 1046.41,
    "speaker": "老师",
    "text": "我们来看你给我的四边形ABCD为矩形。"
  },
  {
    "start": 1046.41,
    "end": 1052.7,
    "speaker": "老师",
    "text": "大家看到CO和BO是它对角线的一半。"
  },
  {
    "start": 1052.7,
    "end": 1053.04,
    "speaker": "老师",
    "text": "好，"
  },
  {
    "start": 1053.04,
    "end": 1058.67,
    "speaker": "老师",
    "text": "而矩形的对角线会互相平分且相等，"
  },
  {
    "start": 1058.99,
    "end": 1061.65,
    "speaker": "老师",
    "text": "因此CO等于BO."
  },
  {
    "start": 1061.75,
    "end": 1066.77,
    "speaker": "老师",
    "text": "那一组邻边相等的平行四边形，"
  },
  {
    "start": 1066.77,
    "end": 1071.56,
    "speaker": "老师",
    "text": "我们就可以判定它为菱形问题解决了。"
  },
  {
    "start": 1071.56,
    "end": 1072.38,
    "speaker": "老师",
    "text": "好，"
  },
  {
    "start": 1072.38,
    "end": 1091.23,
    "speaker": "老师",
    "text": "接下来请大家看清楚老师在这道问题当中做了辨识，"
  },
  {
    "start": 1091.23,
    "end": 1093.23,
    "speaker": "老师",
    "text": "请继续看题目。"
  },
  {
    "start": 1093.35,
    "end": 1099.27,
    "speaker": "老师",
    "text": "大家发现题目的主干没有变，"
  },
  {
    "start": 1099.27,
    "end": 1108.94,
    "speaker": "老师",
    "text": "那就说明COBP这个四边形依然是平行四边形，"
  },
  {
    "start": 1109.28,
    "end": 1113.43,
    "speaker": "老师",
    "text": "两组对边分别平行啊。"
  },
  {
    "start": 1113.43,
    "end": 1145.54,
    "speaker": "老师",
    "text": "而现在你给我的条件是ABCD为菱形。"
  },
  {
    "start": 1145.54,
    "end": 1152.6,
    "speaker": "老师",
    "text": "大家看到我的COBO是此时对它们的位置关系会垂直啊，"
  },
  {
    "start": 1152.62,
    "end": 1155.46,
    "speaker": "老师",
    "text": "菱形的对角线互相垂直，"
  },
  {
    "start": 1155.46,
    "end": 1160.62,
    "speaker": "老师",
    "text": "那这样就得到了有一个角是直角的平行四边形。"
  },
  {
    "start": 1160.62,
    "end": 1166.72,
    "speaker": "老师",
    "text": "因此我们可以判定COBP是矩形。"
  },
  {
    "start": 1166.72,
    "end": 1167.1,
    "speaker": "老师",
    "text": "好，"
  },
  {
    "start": 1167.1,
    "end": 1171.55,
    "speaker": "老师",
    "text": "接下来老师继续变，"
  },
  {
    "start": 1171.55,
    "end": 1173.37,
    "speaker": "老师",
    "text": "请看清楚问题。"
  },
  {
    "start": 1173.37,
    "end": 1174.21,
    "speaker": "老师",
    "text": "主干没变，"
  },
  {
    "start": 1174.21,
    "end": 1180.51,
    "speaker": "老师",
    "text": "那就说明COBP还是平行四边形。"
  },
  {
    "start": 1180.61,
    "end": 1185.31,
    "speaker": "老师",
    "text": "你添加的条件是ABCD为正方形，"
  },
  {
    "start": 1185.31,
    "end": 1189.97,
    "speaker": "老师",
    "text": "那我们能判定COBP是什么样？"
  },
  {
    "start": 1189.97,
    "end": 1193.15,
    "speaker": "老师",
    "text": "特殊的平行四边形呢？"
  },
  {
    "start": 1194.11,
    "end": 1195.07,
    "speaker": "老师",
    "text": "来看正方形，"
  },
  {
    "start": 1195.07,
    "end": 1198.25,
    "speaker": "老师",
    "text": "对角线互相平分且相等。"
  },
  {
    "start": 1198.25,
    "end": 1198.79,
    "speaker": "老师",
    "text": "好，"
  },
  {
    "start": 1198.79,
    "end": 1200.99,
    "speaker": "老师",
    "text": "这样等呢还互相垂直。"
  },
  {
    "start": 1200.99,
    "end": 1208.49,
    "speaker": "老师",
    "text": "大家看到一组邻边相等一个角是直角这样的平行四边形，"
  },
  {
    "start": 1208.65,
    "end": 1213.77,
    "speaker": "老师",
    "text": "我们就可以判定它为正方形。"
  },
  {
    "start": 1214.07,
    "end": 1214.94,
    "speaker": "老师",
    "text": "同学们。"
  },
  {
    "start": 1216.24,
    "end": 1218.46,
    "speaker": "老师",
    "text": "所以在这个问题当中，"
  },
  {
    "start": 1218.86,
    "end": 1232.5,
    "speaker": "老师",
    "text": "我们要充分的掌握平行四边形、矩形、菱形以及正方形的性质和判定，"
  },
  {
    "start": 1232.9,
    "end": 1237.68,
    "speaker": "老师",
    "text": "才能扎实的解决这些问题。"
  },
  {
    "start": 1237.68,
    "end": 1244.18,
    "speaker": "老师",
    "text": "接下来跟随老师一起来到正一正的环节，"
  },
  {
    "start": 1244.18,
    "end": 1247.86,
    "speaker": "老师",
    "text": "请同学们先看题目要求。"
  },
  {
    "start": 1247.86,
    "end": 1248.49,
    "speaker": "老师",
    "text": "好，"
  },
  {
    "start": 1249.28,
    "end": 1253.69,
    "speaker": "老师",
    "text": "大家看到已知如图，"
  },
  {
    "start": 1253.69,
    "end": 1261.35,
    "speaker": "老师",
    "text": "四边形ABCD的四个内角的角平分线相交于点EFGH."
  },
  {
    "start": 1261.35,
    "end": 1264.87,
    "speaker": "老师",
    "text": "我的问题是，"
  },
  {
    "start": 1264.95,
    "end": 1269.37,
    "speaker": "老师",
    "text": "第一个若四边形ABCD为平行四边形，"
  },
  {
    "start": 1269.85,
    "end": 1273.85,
    "speaker": "老师",
    "text": "要你求证四边形EFGH为矩形。"
  },
  {
    "start": 1273.85,
    "end": 1278.18,
    "speaker": "老师",
    "text": "请同学们先思考片刻，"
  },
  {
    "start": 1278.54,
    "end": 1280.46,
    "speaker": "老师",
    "text": "大家来看，"
  },
  {
    "start": 1280.58,
    "end": 1283.8,
    "speaker": "老师",
    "text": "要求证EFGH为矩形。"
  },
  {
    "start": 1283.8,
    "end": 1286.7,
    "speaker": "老师",
    "text": "我们同学们在看完图之后，"
  },
  {
    "start": 1286.82,
    "end": 1291.07,
    "speaker": "老师",
    "text": "可能会脑袋里面在想，"
  },
  {
    "start": 1291.23,
    "end": 1294.81,
    "speaker": "老师",
    "text": "我用哪一种判定方法呢？"
  },
  {
    "start": 1294.81,
    "end": 1318.23,
    "speaker": "老师",
    "text": "因为判定矩形的方法多，"
  },
  {
    "start": 1318.23,
    "end": 1320.57,
    "speaker": "老师",
    "text": "我选择哪一种呢？"
  },
  {
    "start": 1320.57,
    "end": 1321.69,
    "speaker": "老师",
    "text": "摸不着头脑。"
  },
  {
    "start": 1321.71,
    "end": 1327.61,
    "speaker": "老师",
    "text": "我们来看这道题目当中给的条件，"
  },
  {
    "start": 1327.61,
    "end": 1330.55,
    "speaker": "老师",
    "text": "四个内角的角平分线，"
  },
  {
    "start": 1330.67,
    "end": 1337.87,
    "speaker": "老师",
    "text": "而给出的四边形ABCD又为平行四边形。"
  },
  {
    "start": 1337.87,
    "end": 1338.85,
    "speaker": "老师",
    "text": "同学们，"
  },
  {
    "start": 1338.85,
    "end": 1342.47,
    "speaker": "老师",
    "text": "你是否看到了这样一个结构？"
  },
  {
    "start": 1342.75,
    "end": 1347.41,
    "speaker": "老师",
    "text": "大家看到，"
  },
  {
    "start": 1347.77,
    "end": 1353.13,
    "speaker": "老师",
    "text": "如果在这个图当中上下两条直线平行，"
  },
  {
    "start": 1353.13,
    "end": 1356.93,
    "speaker": "老师",
    "text": "再加这一组同旁内角的角平分线。"
  },
  {
    "start": 1356.93,
    "end": 1362.73,
    "speaker": "老师",
    "text": "大家看到因为平行，"
  },
  {
    "start": 1362.73,
    "end": 1366.19,
    "speaker": "老师",
    "text": "所以这一组同旁内角就会互补，"
  },
  {
    "start": 1366.23,
    "end": 1374.09,
    "speaker": "老师",
    "text": "而这一组同旁内角的角平分线相交这个夹角。"
  },
  {
    "start": 1374.09,
    "end": 1377.63,
    "speaker": "老师",
    "text": "大家看到因为平分了，"
  },
  {
    "start": 1377.67,
    "end": 1381.95,
    "speaker": "老师",
    "text": "所以这两个角的和就会是九十度，"
  },
  {
    "start": 1381.95,
    "end": 1385.29,
    "speaker": "老师",
    "text": "那这两条线的夹角也会是九十度。"
  },
  {
    "start": 1385.29,
    "end": 1389.21,
    "speaker": "老师",
    "text": "这个结构你在这个图当中发现了吗？"
  },
  {
    "start": 1389.21,
    "end": 1391.43,
    "speaker": "老师",
    "text": "我们一起来看。"
  },
  {
    "start": 1391.43,
    "end": 1403.58,
    "speaker": "老师",
    "text": "大家看到由AD平行BC再加AE和BE这两条角平分线，"
  },
  {
    "start": 1403.86,
    "end": 1410.39,
    "speaker": "老师",
    "text": "我们就可判定这个角为直角。"
  },
  {
    "start": 1410.45,
    "end": 1413.65,
    "speaker": "老师",
    "text": "同理AD和BC平行，"
  },
  {
    "start": 1413.73,
    "end": 1418.47,
    "speaker": "老师",
    "text": "再加DG和CG这两条角平分线，"
  },
  {
    "start": 1418.57,
    "end": 1424.8,
    "speaker": "老师",
    "text": "我们也能判定这个角为直角，"
  },
  {
    "start": 1424.8,
    "end": 1427.5,
    "speaker": "老师",
    "text": "这是上下平行。"
  },
  {
    "start": 1428.52,
    "end": 1434.33,
    "speaker": "老师",
    "text": "同学们再仔细看了左右平行，"
  },
  {
    "start": 1434.33,
    "end": 1435.93,
    "speaker": "老师",
    "text": "左右平行。"
  },
  {
    "start": 1435.97,
    "end": 1439.79,
    "speaker": "老师",
    "text": "比如说我们以ABCD平行，"
  },
  {
    "start": 1439.79,
    "end": 1444.39,
    "speaker": "老师",
    "text": "再加BH和CH这两条角平分线，"
  },
  {
    "start": 1444.39,
    "end": 1451.17,
    "speaker": "老师",
    "text": "我们就可以判定角h等于九十度。"
  },
  {
    "start": 1451.33,
    "end": 1451.91,
    "speaker": "老师",
    "text": "好，"
  },
  {
    "start": 1451.95,
    "end": 1453.25,
    "speaker": "老师",
    "text": "同理，"
  },
  {
    "start": 1453.25,
    "end": 1461.15,
    "speaker": "老师",
    "text": "其实我们也可以判定角f等于九十度。"
  },
  {
    "start": 1461.51,
    "end": 1462.25,
    "speaker": "老师",
    "text": "这样的话，"
  },
  {
    "start": 1462.25,
    "end": 1468.08,
    "speaker": "老师",
    "text": "大家看到三个角是直角的四边形，"
  },
  {
    "start": 1468.1,
    "end": 1468.86,
    "speaker": "老师",
    "text": "它是矩形，"
  },
  {
    "start": 1468.86,
    "end": 1471.64,
    "speaker": "老师",
    "text": "因此问题迎刃而解。"
  },
  {
    "start": 1471.64,
    "end": 1478.83,
    "speaker": "老师",
    "text": "所以我们要学会在这个图形当中去分析它的结构特征。"
  },
  {
    "start": 1478.83,
    "end": 1483.97,
    "speaker": "老师",
    "text": "接下来跟随老师继续来看到第二问，"
  },
  {
    "start": 1483.97,
    "end": 1546.31,
    "speaker": "老师",
    "text": "请同学们看题目，"
  },
  {
    "start": 1546.31,
    "end": 1549.55,
    "speaker": "老师",
    "text": "要求结合图形。"
  },
  {
    "start": 1549.89,
    "end": 1551.99,
    "speaker": "老师",
    "text": "同学们请看。"
  },
  {
    "start": 1552.29,
    "end": 1564.97,
    "speaker": "老师",
    "text": "此时老师给出的四边形ABCD为矩形而矩形，"
  },
  {
    "start": 1565.21,
    "end": 1571.07,
    "speaker": "老师",
    "text": "它是特殊的平行四边形。"
  },
  {
    "start": 1571.15,
    "end": 1572.07,
    "speaker": "老师",
    "text": "因此，"
  },
  {
    "start": 1572.07,
    "end": 1573.49,
    "speaker": "老师",
    "text": "在第一问当中，"
  },
  {
    "start": 1573.49,
    "end": 1575.03,
    "speaker": "老师",
    "text": "我们求证的结论，"
  },
  {
    "start": 1575.59,
    "end": 1582.04,
    "speaker": "老师",
    "text": "四边形EFGH为矩形依然成立。"
  },
  {
    "start": 1582.04,
    "end": 1589.52,
    "speaker": "老师",
    "text": "那接下来我们要求证的结论是四边形EFGH为正方形。"
  },
  {
    "start": 1589.52,
    "end": 1589.98,
    "speaker": "老师",
    "text": "因此，"
  },
  {
    "start": 1589.98,
    "end": 1592.18,
    "speaker": "老师",
    "text": "前面第一问的那个结论，"
  },
  {
    "start": 1592.18,
    "end": 1595.68,
    "speaker": "老师",
    "text": "EFGH为矩形，"
  },
  {
    "start": 1595.68,
    "end": 1597.76,
    "speaker": "老师",
    "text": "那肯定是成立的。"
  },
  {
    "start": 1597.76,
    "end": 1603.92,
    "speaker": "老师",
    "text": "但关键的问题是我现在要求证EFGH为正方形。"
  },
  {
    "start": 1603.92,
    "end": 1611.48,
    "speaker": "老师",
    "text": "也就是说我们要在矩形的基础上将引组条件，"
  },
  {
    "start": 1611.48,
    "end": 1613.24,
    "speaker": "老师",
    "text": "判定它为正方形。"
  },
  {
    "start": 1613.26,
    "end": 1614.78,
    "speaker": "老师",
    "text": "同学们，"
  },
  {
    "start": 1615.0,
    "end": 1618.96,
    "speaker": "老师",
    "text": "我们来看加什么条件呢？"
  },
  {
    "start": 1618.96,
    "end": 1621.89,
    "speaker": "老师",
    "text": "是加对角线，"
  },
  {
    "start": 1622.05,
    "end": 1624.89,
    "speaker": "老师",
    "text": "互相垂直，"
  },
  {
    "start": 1624.91,
    "end": 1629.97,
    "speaker": "老师",
    "text": "还是加一组邻边相等呢？"
  },
  {
    "start": 1629.99,
    "end": 1631.53,
    "speaker": "老师",
    "text": "如果要对角线，"
  },
  {
    "start": 1631.53,
    "end": 1636.3,
    "speaker": "老师",
    "text": "那要添加辅助线，"
  },
  {
    "start": 1636.3,
    "end": 1639.58,
    "speaker": "老师",
    "text": "可能我们首选不是对角线，"
  },
  {
    "start": 1639.7,
    "end": 1641.44,
    "speaker": "老师",
    "text": "那就先来看邻边。"
  },
  {
    "start": 1641.44,
    "end": 1642.88,
    "speaker": "老师",
    "text": "同学们来看，"
  },
  {
    "start": 1642.88,
    "end": 1644.64,
    "speaker": "老师",
    "text": "在矩形的背景下，"
  },
  {
    "start": 1644.76,
    "end": 1650.61,
    "speaker": "老师",
    "text": "有角平分线。"
  },
  {
    "start": 1651.81,
    "end": 1657.45,
    "speaker": "老师",
    "text": "大家看到三角形AFD和三角形BHC,"
  },
  {
    "start": 1657.45,
    "end": 1662.28,
    "speaker": "老师",
    "text": "这两个三角形都是等腰直角三角形，"
  },
  {
    "start": 1662.28,
    "end": 1663.82,
    "speaker": "老师",
    "text": "而且AD等于BC."
  },
  {
    "start": 1663.82,
    "end": 1672.21,
    "speaker": "老师",
    "text": "因此我们可以判定这两个等腰直角三角形会全等，"
  },
  {
    "start": 1672.21,
    "end": 1677.41,
    "speaker": "老师",
    "text": "那就得到了AF等于BH."
  },
  {
    "start": 1677.41,
    "end": 1679.95,
    "speaker": "老师",
    "text": "同样大家也可以看到三角形ABE,"
  },
  {
    "start": 1679.95,
    "end": 1686.87,
    "speaker": "老师",
    "text": "三角形ABE因为是角平分线啊，"
  },
  {
    "start": 1686.87,
    "end": 1694.1,
    "speaker": "老师",
    "text": "所以三角形ABE它也是等腰直角三角形。"
  },
  {
    "start": 1694.16,
    "end": 1697.66,
    "speaker": "老师",
    "text": "那也就是说a一等于b一，"
  },
  {
    "start": 1697.66,
    "end": 1702.43,
    "speaker": "老师",
    "text": "同学们看清楚了线段关系，"
  },
  {
    "start": 1702.43,
    "end": 1705.63,
    "speaker": "老师",
    "text": "AF等于BHAE等于b一，"
  },
  {
    "start": 1705.73,
    "end": 1707.71,
    "speaker": "老师",
    "text": "那等量减等量，"
  },
  {
    "start": 1707.71,
    "end": 1711.59,
    "speaker": "老师",
    "text": "是不是EF就会等于EH呢？"
  },
  {
    "start": 1711.61,
    "end": 1714.09,
    "speaker": "老师",
    "text": "一组邻边相等的矩形，"
  },
  {
    "start": 1714.09,
    "end": 1718.51,
    "speaker": "老师",
    "text": "我们就可以判定它为正方形。"
  },
  {
    "start": 1718.71,
    "end": 1732.11,
    "speaker": "老师",
    "text": "希望同学们课后将这道题目的推理过程写在练习本上。"
  },
  {
    "start": 1732.11,
    "end": 1736.81,
    "speaker": "老师",
    "text": "那么接下来跟随老师一起来看，"
  },
  {
    "start": 1737.17,
    "end": 1739.85,
    "speaker": "老师",
    "text": "在正方形的背景下，"
  },
  {
    "start": 1739.85,
    "end": 1742.11,
    "speaker": "老师",
    "text": "我们来求证线段相等。"
  },
  {
    "start": 1742.11,
    "end": 1748.88,
    "speaker": "老师",
    "text": "请同学们先看题，"
  },
  {
    "start": 1749.06,
    "end": 1752.14,
    "speaker": "老师",
    "text": "先思考片刻。"
  },
  {
    "start": 1752.14,
    "end": 1752.48,
    "speaker": "老师",
    "text": "好，"
  },
  {
    "start": 1752.48,
    "end": 1754.56,
    "speaker": "老师",
    "text": "我们一起来看正方形。"
  },
  {
    "start": 1754.56,
    "end": 1758.74,
    "speaker": "老师",
    "text": "Abcd中e是AB的中点，"
  },
  {
    "start": 1759.34,
    "end": 1760.6,
    "speaker": "老师",
    "text": "好中点，"
  },
  {
    "start": 1760.66,
    "end": 1765.04,
    "speaker": "老师",
    "text": "然后BF垂直CEBF垂直CE,"
  },
  {
    "start": 1765.04,
    "end": 1773.51,
    "speaker": "老师",
    "text": "垂足为f连接DF垂证DF等于CD,"
  },
  {
    "start": 1773.99,
    "end": 1776.03,
    "speaker": "老师",
    "text": "要求这两条线段相等。"
  },
  {
    "start": 1776.45,
    "end": 1783.97,
    "speaker": "老师",
    "text": "同学们可能脑海里面想到的方法就是全等等腰三角形。"
  },
  {
    "start": 1784.45,
    "end": 1784.99,
    "speaker": "老师",
    "text": "好，"
  },
  {
    "start": 1784.99,
    "end": 1786.97,
    "speaker": "老师",
    "text": "那么接下来同学们来看，"
  },
  {
    "start": 1786.97,
    "end": 1793.0,
    "speaker": "老师",
    "text": "在这个图当中全等好像没有找到等腰三角形。"
  },
  {
    "start": 1793.0,
    "end": 1796.92,
    "speaker": "老师",
    "text": "那我们就在想要这两个角相等，"
  },
  {
    "start": 1796.92,
    "end": 1800.67,
    "speaker": "老师",
    "text": "好像也有点无从下手。"
  },
  {
    "start": 1800.69,
    "end": 1802.67,
    "speaker": "老师",
    "text": "我们来看已知条件，"
  },
  {
    "start": 1802.67,
    "end": 1805.73,
    "speaker": "老师",
    "text": "刚刚我们是从问题出发啊，"
  },
  {
    "start": 1805.73,
    "end": 1810.83,
    "speaker": "老师",
    "text": "接下来我们从已知条件出发，"
  },
  {
    "start": 1810.83,
    "end": 1817.46,
    "speaker": "老师",
    "text": "大家看你告诉了我BF垂直CE."
  },
  {
    "start": 1817.46,
    "end": 1819.96,
    "speaker": "老师",
    "text": "在正方形的背景下，"
  },
  {
    "start": 1820.44,
    "end": 1824.86,
    "speaker": "老师",
    "text": "大家看到你给了我这样BF垂直CE,"
  },
  {
    "start": 1824.86,
    "end": 1827.56,
    "speaker": "老师",
    "text": "我自然会联想延长BF."
  },
  {
    "start": 1827.6,
    "end": 1829.46,
    "speaker": "老师",
    "text": "大家看清楚了。"
  },
  {
    "start": 1829.46,
    "end": 1831.36,
    "speaker": "老师",
    "text": "延长BF之后，"
  },
  {
    "start": 1831.38,
    "end": 1835.24,
    "speaker": "老师",
    "text": "就会跟AD和CD,"
  },
  {
    "start": 1836.07,
    "end": 1839.09,
    "speaker": "老师",
    "text": "跟AD交于g点，"
  },
  {
    "start": 1839.09,
    "end": 1843.15,
    "speaker": "老师",
    "text": "跟CD的延长线交于h点。"
  },
  {
    "start": 1843.57,
    "end": 1844.15,
    "speaker": "老师",
    "text": "好，"
  },
  {
    "start": 1844.27,
    "end": 1848.82,
    "speaker": "老师",
    "text": "这样延长之后，"
  },
  {
    "start": 1848.9,
    "end": 1856.62,
    "speaker": "老师",
    "text": "同学们应该很快就能证到这两个阴影部分的三角形。"
  },
  {
    "start": 1856.62,
    "end": 1859.3,
    "speaker": "老师",
    "text": "哪两个请看清楚啊，"
  },
  {
    "start": 1859.3,
    "end": 1874.65,
    "speaker": "老师",
    "text": "三角形EBC和三角形GAB这两个三角形大家看到会全等全等的依据。"
  },
  {
    "start": 1874.65,
    "end": 1878.09,
    "speaker": "老师",
    "text": "大家知道了直角直角相等，"
  },
  {
    "start": 1878.09,
    "end": 1882.65,
    "speaker": "老师",
    "text": "还有呢请他们看到这两个角角一和角二，"
  },
  {
    "start": 1882.65,
    "end": 1887.83,
    "speaker": "老师",
    "text": "因为都是这个角BEF的余角，"
  },
  {
    "start": 1887.85,
    "end": 1905.35,
    "speaker": "老师",
    "text": "所以角一和角二也会等再加AB等于BC通过角边角可以证明这两个阴影部分的三角形会全等。"
  },
  {
    "start": 1905.35,
    "end": 1910.05,
    "speaker": "老师",
    "text": "那全等之后大家注意，"
  },
  {
    "start": 1910.05,
    "end": 1914.27,
    "speaker": "老师",
    "text": "一是AB的中点，"
  },
  {
    "start": 1914.45,
    "end": 1918.41,
    "speaker": "老师",
    "text": "说明b一是AB的一半，"
  },
  {
    "start": 1918.41,
    "end": 1920.93,
    "speaker": "老师",
    "text": "那就能知道g也是AD的中点，"
  },
  {
    "start": 1921.07,
    "end": 1929.36,
    "speaker": "老师",
    "text": "这样我们就得到了AG等于DG."
  },
  {
    "start": 1929.6,
    "end": 1930.24,
    "speaker": "老师",
    "text": "好，"
  },
  {
    "start": 1930.4,
    "end": 1932.62,
    "speaker": "老师",
    "text": "同学们，"
  },
  {
    "start": 1932.82,
    "end": 1935.14,
    "speaker": "老师",
    "text": "接下来请看，"
  },
  {
    "start": 1935.14,
    "end": 1939.96,
    "speaker": "老师",
    "text": "请把目光聚焦到这一组八字形的三角形当中。"
  },
  {
    "start": 1940.0,
    "end": 1944.38,
    "speaker": "老师",
    "text": "因为g是中点，"
  },
  {
    "start": 1944.5,
    "end": 1951.52,
    "speaker": "老师",
    "text": "AG等于DG再加对顶角直角。"
  },
  {
    "start": 1951.52,
    "end": 1961.62,
    "speaker": "老师",
    "text": "我们可以知道这一组对顶的三角形也会全等好一全等，"
  },
  {
    "start": 1961.62,
    "end": 1964.6,
    "speaker": "老师",
    "text": "我们有什么意外的收获呢？"
  },
  {
    "start": 1964.6,
    "end": 1967.14,
    "speaker": "老师",
    "text": "Dh等于AB啊，"
  },
  {
    "start": 1967.28,
    "end": 1969.72,
    "speaker": "老师",
    "text": "DH一旦等于AB,"
  },
  {
    "start": 1969.74,
    "end": 1972.78,
    "speaker": "老师",
    "text": "不就等于CD吗？"
  },
  {
    "start": 1972.78,
    "end": 1976.29,
    "speaker": "老师",
    "text": "说明d是CH的终点。"
  },
  {
    "start": 1976.37,
    "end": 1977.19,
    "speaker": "老师",
    "text": "同学们，"
  },
  {
    "start": 1977.19,
    "end": 1982.61,
    "speaker": "老师",
    "text": "这个时候你发现了大直角三角形HFC吗？"
  },
  {
    "start": 1982.63,
    "end": 1985.67,
    "speaker": "老师",
    "text": "Fd是它对斜边上的中线，"
  },
  {
    "start": 1985.69,
    "end": 1994.78,
    "speaker": "老师",
    "text": "而我们也在这一章当中学习到了直角三角形斜边上的中线等于斜边的一半。"
  },
  {
    "start": 1994.78,
    "end": 2002.82,
    "speaker": "老师",
    "text": "因此我们就可以得到FD等于二分之一HC,"
  },
  {
    "start": 2002.82,
    "end": 2005.14,
    "speaker": "老师",
    "text": "那也就等于CD啦。"
  },
  {
    "start": 2005.22,
    "end": 2007.82,
    "speaker": "老师",
    "text": "问题迎刃而起。"
  },
  {
    "start": 2007.82,
    "end": 2011.42,
    "speaker": "老师",
    "text": "好在解决这个问题的时候，"
  },
  {
    "start": 2011.42,
    "end": 2014.82,
    "speaker": "老师",
    "text": "我们最关键的思路来源于哪里？"
  },
  {
    "start": 2014.82,
    "end": 2018.16,
    "speaker": "老师",
    "text": "来源于BF垂直CE."
  },
  {
    "start": 2018.18,
    "end": 2028.44,
    "speaker": "老师",
    "text": "因为是在正方形背景下，"
  },
  {
    "start": 2028.44,
    "end": 2030.2,
    "speaker": "老师",
    "text": "所以我们继续延长。"
  },
  {
    "start": 2030.2,
    "end": 2032.2,
    "speaker": "老师",
    "text": "先得了这一组全等，"
  },
  {
    "start": 2032.2,
    "end": 2034.22,
    "speaker": "老师",
    "text": "然后造了八字形全等，"
  },
  {
    "start": 2034.22,
    "end": 2036.6,
    "speaker": "老师",
    "text": "得到了这个大的直角三角形，"
  },
  {
    "start": 2036.6,
    "end": 2038.32,
    "speaker": "老师",
    "text": "从而解决问题。"
  },
  {
    "start": 2038.32,
    "end": 2042.0,
    "speaker": "老师",
    "text": "那有些同学他的想法不是这样的，"
  },
  {
    "start": 2042.0,
    "end": 2044.7,
    "speaker": "老师",
    "text": "我们来看看他是怎样想的呢？"
  },
  {
    "start": 2044.7,
    "end": 2047.94,
    "speaker": "老师",
    "text": "请同学们跟随老师一起来，"
  },
  {
    "start": 2048.0,
    "end": 2051.1,
    "speaker": "老师",
    "text": "他说我要证明DF等于DC,"
  },
  {
    "start": 2051.1,
    "end": 2057.38,
    "speaker": "老师",
    "text": "就说明我要证这个三角形是一个等腰三角形，"
  },
  {
    "start": 2057.56,
    "end": 2058.86,
    "speaker": "老师",
    "text": "从问题出发，"
  },
  {
    "start": 2058.96,
    "end": 2060.62,
    "speaker": "老师",
    "text": "要证它是等腰。"
  },
  {
    "start": 2060.62,
    "end": 2060.97,
    "speaker": "老师",
    "text": "我们先假设它是等腰，"
  },
  {
    "start": 2060.62,
    "end": 2060.97,
    "speaker": "老师",
    "text": "在等腰里面，"
  },
  {
    "start": 2060.62,
    "end": 2060.97,
    "speaker": "老师",
    "text": "我们会习惯会回忆起等腰有一个三线合一的性质。"
  },
  {
    "start": 2060.62,
    "end": 2060.97,
    "speaker": "老师",
    "text": "好，"
  },
  {
    "start": 2060.62,
    "end": 2060.97,
    "speaker": "老师",
    "text": "那接下来我们过d点做看清楚辅助线，"
  },
  {
    "start": 2060.62,
    "end": 2060.97,
    "speaker": "老师",
    "text": "过d点做DG垂直CF,"
  },
  {
    "start": 2060.62,
    "end": 2060.97,
    "speaker": "老师",
    "text": "并延长交BC于h点。"
  },
  {
    "start": 2060.62,
    "end": 2060.97,
    "speaker": "老师",
    "text": "做了这个垂直之后，"
  },
  {
    "start": 2060.62,
    "end": 2060.97,
    "speaker": "老师",
    "text": "你有什么发现？"
  },
  {
    "start": 2060.62,
    "end": 2060.97,
    "speaker": "老师",
    "text": "同学们看到有什么发现呢？"
  },
  {
    "start": 2060.62,
    "end": 2060.97,
    "speaker": "老师",
    "text": "我们发现这两个阴影部分的三角形，"
  },
  {
    "start": 2060.62,
    "end": 2060.97,
    "speaker": "老师",
    "text": "哪两个三角形，"
  },
  {
    "start": 2060.62,
    "end": 2060.97,
    "speaker": "老师",
    "text": "BEC和三角形看清楚喽，"
  },
  {
    "start": 2060.62,
    "end": 2060.97,
    "speaker": "老师",
    "text": "CHD会全等，"
  },
  {
    "start": 2060.62,
    "end": 2060.97,
    "speaker": "老师",
    "text": "全等的依据是什么呢？"
  },
  {
    "start": 2060.62,
    "end": 2060.97,
    "speaker": "老师",
    "text": "大家看清楚，"
  },
  {
    "start": 2060.62,
    "end": 2060.97,
    "speaker": "老师",
    "text": "BC和CD相等，"
  },
  {
    "start": 2060.62,
    "end": 2060.97,
    "speaker": "老师",
    "text": "直角会相等，"
  },
  {
    "start": 2060.62,
    "end": 2060.97,
    "speaker": "老师",
    "text": "还有一组角请看到角一和角二角一和角二都是角GCD的余角，"
  },
  {
    "start": 2060.62,
    "end": 2060.97,
    "speaker": "老师",
    "text": "因此它也会相等。"
  },
  {
    "start": 2060.62,
    "end": 2060.97,
    "speaker": "老师",
    "text": "好全等了之后有什么作用？"
  },
  {
    "start": 2060.62,
    "end": 2060.97,
    "speaker": "老师",
    "text": "请看到我们就得到了b等于相等说明h是BC的中点，"
  },
  {
    "start": 2060.62,
    "end": 2060.97,
    "speaker": "老师",
    "text": "老师就连接了FH,"
  },
  {
    "start": 2060.62,
    "end": 2060.97,
    "speaker": "老师",
    "text": "那FH就是直角三角形BFC斜边上的中线。"
  },
  {
    "start": 2060.62,
    "end": 2060.97,
    "speaker": "老师",
    "text": "那斜边上的中线，"
  },
  {
    "start": 2060.62,
    "end": 2060.97,
    "speaker": "老师",
    "text": "刚刚我们已经说了会等于斜边的一半，"
  },
  {
    "start": 2060.62,
    "end": 2060.97,
    "speaker": "老师",
    "text": "所以FH等于CH."
  },
  {
    "start": 2060.62,
    "end": 2060.97,
    "speaker": "老师",
    "text": "好，"
  },
  {
    "start": 2060.62,
    "end": 2060.97,
    "speaker": "老师",
    "text": "说明三角形FHC是个等腰三角形。"
  },
  {
    "start": 2060.62,
    "end": 2060.97,
    "speaker": "老师",
    "text": "那FHC是等腰三角形，"
  },
  {
    "start": 2060.62,
    "end": 2060.97,
    "speaker": "老师",
    "text": "根据等腰三角形三线合一的性质，"
  },
  {
    "start": 2060.62,
    "end": 2060.97,
    "speaker": "老师",
    "text": "我们不就能证明HD是线段FC的垂直平分线吗？"
  },
  {
    "start": 2060.62,
    "end": 2060.97,
    "speaker": "老师",
    "text": "垂直平分线上的点到线段两端的距离相等，"
  },
  {
    "start": 2060.62,
    "end": 2060.97,
    "speaker": "老师",
    "text": "因此我们也能得到DF,"
  },
  {
    "start": 2060.62,
    "end": 2060.97,
    "speaker": "老师",
    "text": "等于DC."
  },
  {
    "start": 2060.62,
    "end": 2060.97,
    "speaker": "老师",
    "text": "同学们，"
  },
  {
    "start": 2060.62,
    "end": 2060.97,
    "speaker": "老师",
    "text": "大家发现在这个问题当中，"
  },
  {
    "start": 2060.62,
    "end": 2060.97,
    "speaker": "老师",
    "text": "哎，"
  },
  {
    "start": 2060.62,
    "end": 2060.97,
    "speaker": "老师",
    "text": "我们寻求到了多种方法。"
  },
  {
    "start": 2060.62,
    "end": 2060.97,
    "speaker": "老师",
    "text": "所以我们要学会一题，"
  },
  {
    "start": 2060.62,
    "end": 2060.97,
    "speaker": "老师",
    "text": "多解拓展自己的思维。"
  },
  {
    "start": 2060.62,
    "end": 2060.97,
    "speaker": "老师",
    "text": "同学们，"
  },
  {
    "start": 2060.62,
    "end": 2060.97,
    "speaker": "老师",
    "text": "本节课快接近尾声了，"
  },
  {
    "start": 2060.62,
    "end": 2060.97,
    "speaker": "老师",
    "text": "你课后自己一起来梳理，"
  },
  {
    "start": 2060.62,
    "end": 2060.97,
    "speaker": "老师",
    "text": "你学了什么？"
  },
  {
    "start": 2060.62,
    "end": 2060.97,
    "speaker": "老师",
    "text": "又悟到了什么。"
  },
  {
    "start": 2060.62,
    "end": 2060.97,
    "speaker": "老师",
    "text": "而对贺老师来说，"
  },
  {
    "start": 2060.62,
    "end": 2060.97,
    "speaker": "老师",
    "text": "印象最深刻的是什么呢？"
  },
  {
    "start": 2060.62,
    "end": 2060.97,
    "speaker": "老师",
    "text": "其一，"
  },
  {
    "start": 2060.62,
    "end": 2060.97,
    "speaker": "老师",
    "text": "几何研究的核心。"
  },
  {
    "start": 2060.62,
    "end": 2060.97,
    "speaker": "老师",
    "text": "另外整章的一个知识脉络，"
  },
  {
    "start": 2060.62,
    "end": 2060.97,
    "speaker": "老师",
    "text": "我们学了什么定义、性质、判定以及他们之间的联系和区别。"
  },
  {
    "start": 2060.62,
    "end": 2060.97,
    "speaker": "老师",
    "text": "最后我们感受到了一题多解一题多辩的魅力。"
  },
  {
    "start": 2060.62,
    "end": 2060.97,
    "speaker": "老师",
    "text": "希望同学们课后也能进行这方面的拓展，"
  },
  {
    "start": 2060.62,
    "end": 2060.97,
    "speaker": "老师",
    "text": "来发散自己的思维。"
  },
  {
    "start": 2060.62,
    "end": 2060.97,
    "speaker": "老师",
    "text": "好，"
  },
  {
    "start": 2060.62,
    "end": 2060.97,
    "speaker": "老师",
    "text": "接下来老师布置三项作业，"
  },
  {
    "start": 2060.62,
    "end": 2060.97,
    "speaker": "老师",
    "text": "请大家看清楚了。"
  },
  {
    "start": 2060.62,
    "end": 2060.97,
    "speaker": "老师",
    "text": "第一项作业在教材上请，"
  },
  {
    "start": 2060.62,
    "end": 2060.97,
    "speaker": "老师",
    "text": "同学们自觉完成。"
  },
  {
    "start": 2060.62,
    "end": 2060.97,
    "speaker": "老师",
    "text": "而第二项作业请同学们，"
  },
  {
    "start": 2060.62,
    "end": 2060.97,
    "speaker": "老师",
    "text": "因为整个第一十八章我们已经全部学完，"
  },
  {
    "start": 2060.62,
    "end": 2060.97,
    "speaker": "老师",
    "text": "希望同学们自己能够完成一张测试卷。"
  },
  {
    "start": 2060.62,
    "end": 2060.97,
    "speaker": "老师",
    "text": "最后呢希望同学们能够写一篇小作文，"
  },
  {
    "start": 2060.62,
    "end": 2060.97,
    "speaker": "老师",
    "text": "谈谈你对几何图形的研究有哪些认识。"
  },
  {
    "start": 2060.62,
    "end": 2060.97,
    "speaker": "老师",
    "text": "这是贺老师的邮箱，"
  },
  {
    "start": 2060.62,
    "end": 2060.97,
    "speaker": "老师",
    "text": "你可以发自老师的邮箱，"
  },
  {
    "start": 2060.62,
    "end": 2060.97,
    "speaker": "老师",
    "text": "老师会认真跟你一起分享。"
  },
  {
    "start": 2060.62,
    "end": 2060.97,
    "speaker": "老师",
    "text": "好，"
  },
  {
    "start": 2060.62,
    "end": 2060.97,
    "speaker": "老师",
    "text": "同学们本节课到此结束，"
  },
  {
    "start": 2060.62,
    "end": 2060.97,
    "speaker": "老师",
    "text": "谢谢大家。"
  }
]