[
  {
    "start": 10.14,
    "end": 12.2,
    "speaker": "老师",
    "text": "同学们好，"
  },
  {
    "start": 12.2,
    "end": 19.55,
    "speaker": "老师",
    "text": "今天由陈老师带领大家一起学习第一章三角形的证明。"
  },
  {
    "start": 19.55,
    "end": 25.87,
    "speaker": "老师",
    "text": "第四节角平分线跑下来。"
  },
  {
    "start": 25.89,
    "end": 27.97,
    "speaker": "老师",
    "text": "在学习这一章的时候，"
  },
  {
    "start": 27.97,
    "end": 32.45,
    "speaker": "老师",
    "text": "不知大家是否有一个这样的体会，"
  },
  {
    "start": 32.73,
    "end": 37.33,
    "speaker": "老师",
    "text": "我们每学习一种几何图形，"
  },
  {
    "start": 37.33,
    "end": 50.93,
    "speaker": "老师",
    "text": "比如说等腰三角形、等边三角形、直角三角形以及线段的垂直平分线的时候，"
  },
  {
    "start": 51.17,
    "end": 60.55,
    "speaker": "老师",
    "text": "我们都是按照从它的定义出发，"
  },
  {
    "start": 60.55,
    "end": 63.68,
    "speaker": "老师",
    "text": "研究它的性质，"
  },
  {
    "start": 64.0,
    "end": 69.3,
    "speaker": "老师",
    "text": "并学习它的判定方法，"
  },
  {
    "start": 69.32,
    "end": 71.96,
    "speaker": "老师",
    "text": "进而来解决几何问题。"
  },
  {
    "start": 71.96,
    "end": 77.6,
    "speaker": "老师",
    "text": "今天陈老师也准备按这样的一种学习模式，"
  },
  {
    "start": 77.66,
    "end": 90.56,
    "speaker": "老师",
    "text": "跟大家一起来学习角平分线的有关内容。"
  },
  {
    "start": 90.56,
    "end": 93.12,
    "speaker": "老师",
    "text": "那么什么是角平线呢？"
  },
  {
    "start": 93.78,
    "end": 99.38,
    "speaker": "老师",
    "text": "很好从一个角的顶点引出的一条射线，"
  },
  {
    "start": 99.44,
    "end": 105.7,
    "speaker": "老师",
    "text": "把这个角分成两个相等的角。"
  },
  {
    "start": 106.56,
    "end": 110.8,
    "speaker": "老师",
    "text": "这条射线叫做这个角的平分线，"
  },
  {
    "start": 110.8,
    "end": 118.34,
    "speaker": "老师",
    "text": "由这条定义显然有角平线把这个角分成了两个相等的角，"
  },
  {
    "start": 118.34,
    "end": 120.46,
    "speaker": "老师",
    "text": "这就是它的一条性质。"
  },
  {
    "start": 120.46,
    "end": 126.2,
    "speaker": "老师",
    "text": "那么除此之外，"
  },
  {
    "start": 126.94,
    "end": 131.12,
    "speaker": "老师",
    "text": "甲状腺还有没有别的性质呢？"
  },
  {
    "start": 131.34,
    "end": 135.46,
    "speaker": "老师",
    "text": "请同学们回忆一下，"
  },
  {
    "start": 135.46,
    "end": 141.74,
    "speaker": "老师",
    "text": "很好角平分线上的点到角两边的距离相等。"
  },
  {
    "start": 141.94,
    "end": 146.79,
    "speaker": "老师",
    "text": "那么当时我们是如何来得到这条性质的呢？"
  },
  {
    "start": 146.79,
    "end": 147.15,
    "speaker": "老师",
    "text": "对，"
  },
  {
    "start": 147.33,
    "end": 153.77,
    "speaker": "老师",
    "text": "我们是通过折纸的方法得到了这一性质。"
  },
  {
    "start": 153.77,
    "end": 153.99,
    "speaker": "老师",
    "text": "好，"
  },
  {
    "start": 153.99,
    "end": 164.08,
    "speaker": "老师",
    "text": "现在同学们请看一下，"
  },
  {
    "start": 164.08,
    "end": 188.1,
    "speaker": "老师",
    "text": "我们再来重温一下如何通过折纸得到这一性质的。"
  },
  {
    "start": 188.1,
    "end": 203.79,
    "speaker": "老师",
    "text": "首先折春三角形的一个内角的平分线，"
  },
  {
    "start": 204.01,
    "end": 206.81,
    "speaker": "老师",
    "text": "然后在这个角平线上任取一点，"
  },
  {
    "start": 207.27,
    "end": 208.47,
    "speaker": "老师",
    "text": "弯曲一点，"
  },
  {
    "start": 208.47,
    "end": 214.34,
    "speaker": "老师",
    "text": "把其中的一条边重合。"
  },
  {
    "start": 214.48,
    "end": 215.62,
    "speaker": "老师",
    "text": "重合的话，"
  },
  {
    "start": 215.62,
    "end": 221.35,
    "speaker": "老师",
    "text": "那么相当于这个折合与这条边是垂直，"
  },
  {
    "start": 221.61,
    "end": 226.08,
    "speaker": "老师",
    "text": "这条边与这个边是垂直表示的，"
  },
  {
    "start": 226.08,
    "end": 230.1,
    "speaker": "老师",
    "text": "是点到两边的距离，"
  },
  {
    "start": 230.24,
    "end": 241.91,
    "speaker": "老师",
    "text": "这两个折合也是重合的。"
  },
  {
    "start": 243.22,
    "end": 253.45,
    "speaker": "老师",
    "text": "所以通过折纸我们得到一个结论，"
  },
  {
    "start": 253.45,
    "end": 260.05,
    "speaker": "老师",
    "text": "就是角平分线上的点到角两边的距离相等。"
  },
  {
    "start": 260.09,
    "end": 267.38,
    "speaker": "老师",
    "text": "但是我们要把它用做定理的话，"
  },
  {
    "start": 267.38,
    "end": 274.54,
    "speaker": "老师",
    "text": "就必须经过严谨的证好往下摆。"
  },
  {
    "start": 274.54,
    "end": 274.98,
    "speaker": "老师",
    "text": "那么，"
  },
  {
    "start": 274.98,
    "end": 284.11,
    "speaker": "老师",
    "text": "如何来证明这样的一个文字命题的？"
  },
  {
    "start": 284.27,
    "end": 285.67,
    "speaker": "老师",
    "text": "小红说，"
  },
  {
    "start": 285.75,
    "end": 294.14,
    "speaker": "老师",
    "text": "首先要问清楚这里一个命题的基本步骤。"
  },
  {
    "start": 294.34,
    "end": 297.0,
    "speaker": "老师",
    "text": "同学们想一想，"
  },
  {
    "start": 297.26,
    "end": 307.46,
    "speaker": "老师",
    "text": "这么一个命题的基本步骤又是什么呢？"
  },
  {
    "start": 307.46,
    "end": 312.36,
    "speaker": "老师",
    "text": "对一弄清提设和结论啊，"
  },
  {
    "start": 312.52,
    "end": 320.7,
    "speaker": "老师",
    "text": "根据题意画出相应的图形。"
  },
  {
    "start": 320.8,
    "end": 324.48,
    "speaker": "老师",
    "text": "三、根据提设和结论写出已知和求证。"
  },
  {
    "start": 324.5,
    "end": 331.49,
    "speaker": "老师",
    "text": "四、分析证明思路，"
  },
  {
    "start": 331.85,
    "end": 336.85,
    "speaker": "老师",
    "text": "写出证明过程。"
  },
  {
    "start": 336.85,
    "end": 358.67,
    "speaker": "老师",
    "text": "接下来我们一起来按照小明所说的步骤来进行分析命题角平分线上的点到这个角的两边的距离相等。"
  },
  {
    "start": 358.67,
    "end": 364.03,
    "speaker": "老师",
    "text": "他的提升和结论分别是什么呢？"
  },
  {
    "start": 364.03,
    "end": 371.84,
    "speaker": "老师",
    "text": "很好提示，"
  },
  {
    "start": 371.98,
    "end": 378.23,
    "speaker": "老师",
    "text": "也就是条件显然是已知了。"
  },
  {
    "start": 378.23,
    "end": 390.55,
    "speaker": "老师",
    "text": "某一个角的平分线结构呢是指这个角平线上有一个点，"
  },
  {
    "start": 390.55,
    "end": 403.44,
    "speaker": "老师",
    "text": "它呢会到角两边的距离相等。"
  },
  {
    "start": 403.44,
    "end": 410.87,
    "speaker": "老师",
    "text": "结论是倒角两边的距离相等。"
  },
  {
    "start": 411.43,
    "end": 422.87,
    "speaker": "老师",
    "text": "因此我们花斗罗显然就要做一个假和他的角直线。"
  },
  {
    "start": 422.87,
    "end": 427.31,
    "speaker": "老师",
    "text": "然后在这个角这个线上，"
  },
  {
    "start": 427.31,
    "end": 432.36,
    "speaker": "老师",
    "text": "任何一点过这个点，"
  },
  {
    "start": 432.36,
    "end": 437.92,
    "speaker": "老师",
    "text": "向脚两边做垂线。"
  },
  {
    "start": 439.65,
    "end": 444.95,
    "speaker": "老师",
    "text": "同学们为什么要向角两边做垂线呢？"
  },
  {
    "start": 445.01,
    "end": 445.31,
    "speaker": "老师",
    "text": "对，"
  },
  {
    "start": 445.31,
    "end": 457.94,
    "speaker": "老师",
    "text": "因为点到直线的距离是指过这个点向直线做垂线，"
  },
  {
    "start": 457.94,
    "end": 467.1,
    "speaker": "老师",
    "text": "垂线段的长就叫做这个点到直线的距离。"
  },
  {
    "start": 467.1,
    "end": 482.95,
    "speaker": "老师",
    "text": "点p到OA的距离就是指OPD的长度。"
  },
  {
    "start": 483.07,
    "end": 502.33,
    "speaker": "老师",
    "text": "同样的p一的长度表示的是点p到OB的距离。"
  },
  {
    "start": 502.33,
    "end": 503.03,
    "speaker": "老师",
    "text": "好了，"
  },
  {
    "start": 503.41,
    "end": 511.94,
    "speaker": "老师",
    "text": "提示与结论我们分析好了，"
  },
  {
    "start": 511.94,
    "end": 518.53,
    "speaker": "老师",
    "text": "图形也相应的画出来了。"
  },
  {
    "start": 518.55,
    "end": 527.58,
    "speaker": "老师",
    "text": "下面我们要写出这道题目的。"
  },
  {
    "start": 527.58,
    "end": 549.49,
    "speaker": "老师",
    "text": "已知与求证已知OC是角AOB的平分线点p在OC上PD垂直OA拼音垂直OB垂轴为DE条件，"
  },
  {
    "start": 551.0,
    "end": 556.5,
    "speaker": "老师",
    "text": "PD等于p最后我们要写出证明过程，"
  },
  {
    "start": 556.5,
    "end": 558.2,
    "speaker": "老师",
    "text": "要证明PD等于PE."
  },
  {
    "start": 558.2,
    "end": 566.23,
    "speaker": "老师",
    "text": "你想到了什么办法呢？"
  },
  {
    "start": 568.27,
    "end": 582.86,
    "speaker": "老师",
    "text": "对证明三角形OPD与三角形OPE全等这两个三角形全等需要三组条件。"
  },
  {
    "start": 583.02,
    "end": 588.25,
    "speaker": "老师",
    "text": "我们来看有直角相等，"
  },
  {
    "start": 588.27,
    "end": 592.66,
    "speaker": "老师",
    "text": "有公共边，"
  },
  {
    "start": 592.66,
    "end": 600.4,
    "speaker": "老师",
    "text": "同时根据角平分线的定义，"
  },
  {
    "start": 600.44,
    "end": 603.45,
    "speaker": "老师",
    "text": "还有角一等于角二，"
  },
  {
    "start": 603.45,
    "end": 611.08,
    "speaker": "老师",
    "text": "所以这两个三元权的并不难证。"
  },
  {
    "start": 611.08,
    "end": 612.08,
    "speaker": "老师",
    "text": "同学们，"
  },
  {
    "start": 612.18,
    "end": 623.76,
    "speaker": "老师",
    "text": "你们能写出它的证明过程吗？"
  },
  {
    "start": 624.1,
    "end": 624.7,
    "speaker": "老师",
    "text": "好，"
  },
  {
    "start": 624.9,
    "end": 629.75,
    "speaker": "老师",
    "text": "我们一起来看一下。"
  },
  {
    "start": 629.75,
    "end": 638.07,
    "speaker": "老师",
    "text": "因为PD垂直OAPE垂直OB,"
  },
  {
    "start": 638.07,
    "end": 647.11,
    "speaker": "老师",
    "text": "所以角PDO等于角PO等于九十度一组，"
  },
  {
    "start": 647.11,
    "end": 648.57,
    "speaker": "老师",
    "text": "直角对应相等。"
  },
  {
    "start": 648.95,
    "end": 656.94,
    "speaker": "老师",
    "text": "因为OT平分角AOB,"
  },
  {
    "start": 656.94,
    "end": 667.85,
    "speaker": "老师",
    "text": "所以角一等于角二在三角形OPD和三角形OPE中，"
  },
  {
    "start": 668.09,
    "end": 680.79,
    "speaker": "老师",
    "text": "一种直角对象的还有角一等于角二以及公共，"
  },
  {
    "start": 680.79,
    "end": 702.2,
    "speaker": "老师",
    "text": "所以三角形OPD全等于三角形OPE传等的依据是甲甲丁，"
  },
  {
    "start": 702.2,
    "end": 707.74,
    "speaker": "老师",
    "text": "所以PD等于PE."
  },
  {
    "start": 707.74,
    "end": 708.12,
    "speaker": "老师",
    "text": "哎，"
  },
  {
    "start": 708.26,
    "end": 714.0,
    "speaker": "老师",
    "text": "经过这样的严谨的证明，"
  },
  {
    "start": 714.2,
    "end": 719.6,
    "speaker": "老师",
    "text": "我们把这个命题就证明中，"
  },
  {
    "start": 719.62,
    "end": 724.81,
    "speaker": "老师",
    "text": "它是一个真命题。"
  },
  {
    "start": 725.01,
    "end": 735.69,
    "speaker": "老师",
    "text": "于是我们把这样的一个命题就叫做角平分线的性质定理了。"
  },
  {
    "start": 735.69,
    "end": 736.93,
    "speaker": "老师",
    "text": "好，"
  },
  {
    "start": 736.93,
    "end": 749.95,
    "speaker": "老师",
    "text": "请同学们一起跟老师读一遍地理角平分线上的点到这个角的两边的距离相等。"
  },
  {
    "start": 749.99,
    "end": 759.65,
    "speaker": "老师",
    "text": "很好在今后的学习中，"
  },
  {
    "start": 759.65,
    "end": 762.21,
    "speaker": "老师",
    "text": "我们如何来使用这个定理呢？"
  },
  {
    "start": 762.21,
    "end": 768.85,
    "speaker": "老师",
    "text": "首先我们要指出OP平分角AOB,"
  },
  {
    "start": 768.85,
    "end": 773.37,
    "speaker": "老师",
    "text": "意思是点p在角AOB的平分线上。"
  },
  {
    "start": 773.37,
    "end": 773.61,
    "speaker": "老师",
    "text": "同时，"
  },
  {
    "start": 773.61,
    "end": 777.26,
    "speaker": "老师",
    "text": "同学们请注意，"
  },
  {
    "start": 778.36,
    "end": 792.47,
    "speaker": "老师",
    "text": "我们还要指出PD垂直OAPE垂直OB为什么要指出这两个垂直呢？"
  },
  {
    "start": 794.85,
    "end": 796.63,
    "speaker": "老师",
    "text": "不错，"
  },
  {
    "start": 796.75,
    "end": 800.77,
    "speaker": "老师",
    "text": "因为只有垂直才能够体现出距离这个概念。"
  },
  {
    "start": 800.91,
    "end": 806.21,
    "speaker": "老师",
    "text": "有了这样的一平分两垂直之后，"
  },
  {
    "start": 806.21,
    "end": 815.97,
    "speaker": "老师",
    "text": "我们就可以直接得到结论。"
  },
  {
    "start": 816.13,
    "end": 824.43,
    "speaker": "老师",
    "text": "所以PD等于PE这个命理就给我们证明啊，"
  },
  {
    "start": 826.71,
    "end": 832.51,
    "speaker": "老师",
    "text": "PD等于PE带来了非常便捷的。"
  },
  {
    "start": 832.51,
    "end": 837.64,
    "speaker": "老师",
    "text": "当然PK的p的理由是什么呢？"
  },
  {
    "start": 840.42,
    "end": 840.8,
    "speaker": "老师",
    "text": "哎，"
  },
  {
    "start": 840.8,
    "end": 848.22,
    "speaker": "老师",
    "text": "我们就可以说这是角垂线的性质，"
  },
  {
    "start": 848.22,
    "end": 853.86,
    "speaker": "老师",
    "text": "我们就不用再证明这两个三角形全等的，"
  },
  {
    "start": 856.06,
    "end": 865.93,
    "speaker": "老师",
    "text": "所以他是给我们带来的便利的。"
  },
  {
    "start": 865.93,
    "end": 866.23,
    "speaker": "老师",
    "text": "好，"
  },
  {
    "start": 866.23,
    "end": 870.55,
    "speaker": "老师",
    "text": "下面同学们再来一起思考这样的一个问题，"
  },
  {
    "start": 870.55,
    "end": 874.87,
    "speaker": "老师",
    "text": "每一个命题都有它的逆命题，"
  },
  {
    "start": 874.87,
    "end": 875.41,
    "speaker": "老师",
    "text": "对不对？"
  },
  {
    "start": 875.41,
    "end": 885.66,
    "speaker": "老师",
    "text": "那么角平分线上的点到这个角的两边的距离相等，"
  },
  {
    "start": 886.18,
    "end": 887.62,
    "speaker": "老师",
    "text": "它也有逆媒体，"
  },
  {
    "start": 887.64,
    "end": 892.84,
    "speaker": "老师",
    "text": "你能说一说它的匿命题是什么吗？"
  },
  {
    "start": 892.84,
    "end": 898.14,
    "speaker": "老师",
    "text": "同学们显然是到角两边距离相等的点，"
  },
  {
    "start": 898.14,
    "end": 902.86,
    "speaker": "老师",
    "text": "在这个角的平分线上，"
  },
  {
    "start": 903.1,
    "end": 906.6,
    "speaker": "老师",
    "text": "对吧？"
  },
  {
    "start": 906.82,
    "end": 912.8,
    "speaker": "老师",
    "text": "另外我们在前面的学习中发现，"
  },
  {
    "start": 912.8,
    "end": 924.93,
    "speaker": "老师",
    "text": "有的定理它的逆命题也是什么真命题，"
  },
  {
    "start": 924.93,
    "end": 928.79,
    "speaker": "老师",
    "text": "这样的两个定理就称为获异点。"
  },
  {
    "start": 929.57,
    "end": 933.99,
    "speaker": "老师",
    "text": "那么这一条定理的逆命题，"
  },
  {
    "start": 934.05,
    "end": 936.05,
    "speaker": "老师",
    "text": "它是真命题还是假命题呢？"
  },
  {
    "start": 936.05,
    "end": 950.88,
    "speaker": "老师",
    "text": "接下来我们来进行研究命题在一个角的内部到角两边距离相等的点。"
  },
  {
    "start": 950.88,
    "end": 957.85,
    "speaker": "老师",
    "text": "在这个角的平分线上请同学们注意啊，"
  },
  {
    "start": 957.91,
    "end": 971.47,
    "speaker": "老师",
    "text": "老师给他加了一个条件，"
  },
  {
    "start": 971.55,
    "end": 974.69,
    "speaker": "老师",
    "text": "在一个角的内里好了，"
  },
  {
    "start": 975.17,
    "end": 980.48,
    "speaker": "老师",
    "text": "同样也是一个文字命题。"
  },
  {
    "start": 980.48,
    "end": 992.15,
    "speaker": "老师",
    "text": "那么我们要进行证明的话，"
  },
  {
    "start": 992.27,
    "end": 997.56,
    "speaker": "老师",
    "text": "首先要做什么事啊，"
  },
  {
    "start": 997.56,
    "end": 1002.18,
    "speaker": "老师",
    "text": "对我们要分析它的提示与结论，"
  },
  {
    "start": 1002.18,
    "end": 1005.42,
    "speaker": "老师",
    "text": "并且画出相应的图形，"
  },
  {
    "start": 1005.42,
    "end": 1011.37,
    "speaker": "老师",
    "text": "写出已知求证以及证。"
  },
  {
    "start": 1011.37,
    "end": 1018.33,
    "speaker": "老师",
    "text": "我想这个命题的图形和前面的角轮线性质的图形是一样的。"
  },
  {
    "start": 1018.47,
    "end": 1020.27,
    "speaker": "老师",
    "text": "但是它的已知和求证，"
  },
  {
    "start": 1020.27,
    "end": 1030.9,
    "speaker": "老师",
    "text": "也就是它的提升与结论和前面是互换的。"
  },
  {
    "start": 1030.9,
    "end": 1033.51,
    "speaker": "老师",
    "text": "啊，"
  },
  {
    "start": 1033.51,
    "end": 1039.85,
    "speaker": "老师",
    "text": "所以我们在写出已知和求证的时候，"
  },
  {
    "start": 1039.85,
    "end": 1043.11,
    "speaker": "老师",
    "text": "请大家注意，"
  },
  {
    "start": 1043.17,
    "end": 1054.22,
    "speaker": "老师",
    "text": "我们要已知我们已知的是什么呢？"
  },
  {
    "start": 1054.28,
    "end": 1054.82,
    "speaker": "老师",
    "text": "对，"
  },
  {
    "start": 1055.47,
    "end": 1060.88,
    "speaker": "老师",
    "text": "我们已知的是PD垂直PE,"
  },
  {
    "start": 1060.88,
    "end": 1067.17,
    "speaker": "老师",
    "text": "并且我们已知的是什么呢？"
  },
  {
    "start": 1067.94,
    "end": 1068.42,
    "speaker": "老师",
    "text": "对，"
  },
  {
    "start": 1068.5,
    "end": 1077.06,
    "speaker": "老师",
    "text": "这边已知的是PD垂直OAPE,"
  },
  {
    "start": 1079.0,
    "end": 1079.74,
    "speaker": "老师",
    "text": "垂直OB,"
  },
  {
    "start": 1079.74,
    "end": 1080.92,
    "speaker": "老师",
    "text": "并且PD等于PE,"
  },
  {
    "start": 1080.92,
    "end": 1084.28,
    "speaker": "老师",
    "text": "而要证明的是什么呢？"
  },
  {
    "start": 1084.28,
    "end": 1088.9,
    "speaker": "老师",
    "text": "这里OP是它的角平分线，"
  },
  {
    "start": 1088.9,
    "end": 1091.76,
    "speaker": "老师",
    "text": "也就是OT平分角AOB."
  },
  {
    "start": 1091.76,
    "end": 1092.16,
    "speaker": "老师",
    "text": "好，"
  },
  {
    "start": 1092.16,
    "end": 1100.75,
    "speaker": "老师",
    "text": "那么如何来证明OP平分角OB呢？"
  },
  {
    "start": 1100.75,
    "end": 1107.4,
    "speaker": "老师",
    "text": "也就是只要证明出角一等于角二就可以了。"
  },
  {
    "start": 1107.44,
    "end": 1112.29,
    "speaker": "老师",
    "text": "那么如何证明角一等角二呢？"
  },
  {
    "start": 1112.29,
    "end": 1126.49,
    "speaker": "老师",
    "text": "很好证明三角形OPD全等于三角形OPE就可以得到角一等于角二。"
  },
  {
    "start": 1126.49,
    "end": 1135.24,
    "speaker": "老师",
    "text": "所以这个问题最终还是要由全等来解决。"
  },
  {
    "start": 1135.24,
    "end": 1137.04,
    "speaker": "老师",
    "text": "我们一起来看一下。"
  },
  {
    "start": 1137.24,
    "end": 1139.9,
    "speaker": "老师",
    "text": "因为PD垂直OA,"
  },
  {
    "start": 1139.9,
    "end": 1142.04,
    "speaker": "老师",
    "text": "PE垂直OB,"
  },
  {
    "start": 1142.36,
    "end": 1150.55,
    "speaker": "老师",
    "text": "所以角ODP等于角OEP等于九十度。"
  },
  {
    "start": 1150.55,
    "end": 1154.48,
    "speaker": "老师",
    "text": "这两个三角形都是直角分形，"
  },
  {
    "start": 1156.18,
    "end": 1159.78,
    "speaker": "老师",
    "text": "并且PD等于PE."
  },
  {
    "start": 1159.78,
    "end": 1169.26,
    "speaker": "老师",
    "text": "有一组时角跌对象的OP等于OP,"
  },
  {
    "start": 1169.26,
    "end": 1172.46,
    "speaker": "老师",
    "text": "这是一组公共的什么边啊，"
  },
  {
    "start": 1172.56,
    "end": 1173.4,
    "speaker": "老师",
    "text": "很好鞋垫，"
  },
  {
    "start": 1173.4,
    "end": 1173.7,
    "speaker": "老师",
    "text": "哎，"
  },
  {
    "start": 1173.7,
    "end": 1179.01,
    "speaker": "老师",
    "text": "这样的全的依据叫做什么？"
  },
  {
    "start": 1179.01,
    "end": 1185.84,
    "speaker": "老师",
    "text": "Hl斜边与直角边对应相等。"
  },
  {
    "start": 1186.86,
    "end": 1193.94,
    "speaker": "老师",
    "text": "我们把这两个直角分析全等的理由叫做HL."
  },
  {
    "start": 1193.94,
    "end": 1199.24,
    "speaker": "老师",
    "text": "这也是大家前不久学的内容。"
  },
  {
    "start": 1199.24,
    "end": 1199.78,
    "speaker": "老师",
    "text": "好了，"
  },
  {
    "start": 1199.82,
    "end": 1203.24,
    "speaker": "老师",
    "text": "既然这两个三角形全等，"
  },
  {
    "start": 1203.24,
    "end": 1208.29,
    "speaker": "老师",
    "text": "那么角一就等于角二GOP平分角AOB."
  },
  {
    "start": 1208.29,
    "end": 1216.64,
    "speaker": "老师",
    "text": "所以角平分线的性质定理的逆命题也是一个什么真命题。"
  },
  {
    "start": 1216.64,
    "end": 1226.78,
    "speaker": "老师",
    "text": "于是我们把这样的一个结论叫做角平分线的判定定理角平线的判定理。"
  },
  {
    "start": 1226.78,
    "end": 1228.26,
    "speaker": "老师",
    "text": "也就是说，"
  },
  {
    "start": 1231.64,
    "end": 1236.18,
    "speaker": "老师",
    "text": "我们从角中心的性质出发，"
  },
  {
    "start": 1236.18,
    "end": 1238.36,
    "speaker": "老师",
    "text": "先学习了它的性质率，"
  },
  {
    "start": 1238.36,
    "end": 1245.01,
    "speaker": "老师",
    "text": "然后再学习了它的判定力。"
  },
  {
    "start": 1245.01,
    "end": 1256.41,
    "speaker": "老师",
    "text": "一个几何图形的学习过程大多都是这样。"
  },
  {
    "start": 1256.73,
    "end": 1260.29,
    "speaker": "老师",
    "text": "先学习定义，"
  },
  {
    "start": 1260.35,
    "end": 1265.12,
    "speaker": "老师",
    "text": "再来研究它的性质，"
  },
  {
    "start": 1265.38,
    "end": 1271.56,
    "speaker": "老师",
    "text": "以及最终还是为了解决问题。"
  },
  {
    "start": 1271.56,
    "end": 1288.09,
    "speaker": "老师",
    "text": "那么这个判定力它在实际中该怎么用呢？"
  },
  {
    "start": 1288.09,
    "end": 1290.77,
    "speaker": "老师",
    "text": "同样的啊，"
  },
  {
    "start": 1290.85,
    "end": 1296.28,
    "speaker": "老师",
    "text": "我们必须要指出什么垂直，"
  },
  {
    "start": 1296.28,
    "end": 1299.71,
    "speaker": "老师",
    "text": "为什么要指出垂直。"
  },
  {
    "start": 1299.71,
    "end": 1330.07,
    "speaker": "老师",
    "text": "刚刚老师已经讲了，"
  },
  {
    "start": 1336.54,
    "end": 1351.33,
    "speaker": "老师",
    "text": "他能够体现出距离这个概念出来，"
  },
  {
    "start": 1351.33,
    "end": 1360.08,
    "speaker": "老师",
    "text": "并且呢我们还要已知PD等于p一只。"
  },
  {
    "start": 1360.08,
    "end": 1368.14,
    "speaker": "老师",
    "text": "有指出了两垂直亦相等，"
  },
  {
    "start": 1368.14,
    "end": 1378.63,
    "speaker": "老师",
    "text": "我们才可以说OP平分角AOB啊，"
  },
  {
    "start": 1379.11,
    "end": 1387.33,
    "speaker": "老师",
    "text": "这就是这条判定定理的在实际用途。"
  },
  {
    "start": 1387.39,
    "end": 1394.01,
    "speaker": "老师",
    "text": "这就是这条判定定理在实际过程中的用法。"
  },
  {
    "start": 1394.01,
    "end": 1396.45,
    "speaker": "老师",
    "text": "我们要指出两个垂直，"
  },
  {
    "start": 1396.69,
    "end": 1397.99,
    "speaker": "老师",
    "text": "并且这两个距离相等，"
  },
  {
    "start": 1398.41,
    "end": 1403.29,
    "speaker": "老师",
    "text": "然后得到它的角连线。"
  },
  {
    "start": 1403.29,
    "end": 1408.23,
    "speaker": "老师",
    "text": "所以它的用法和角度线的性质，"
  },
  {
    "start": 1408.27,
    "end": 1415.24,
    "speaker": "老师",
    "text": "定理的用法恰好是相反的。"
  },
  {
    "start": 1415.24,
    "end": 1424.47,
    "speaker": "老师",
    "text": "讲规阵的性质用法是什么？"
  },
  {
    "start": 1424.85,
    "end": 1427.35,
    "speaker": "老师",
    "text": "是先要之中评分奖，"
  },
  {
    "start": 1427.35,
    "end": 1434.21,
    "speaker": "老师",
    "text": "再就是两垂直得到距离相等。"
  },
  {
    "start": 1437.63,
    "end": 1439.07,
    "speaker": "老师",
    "text": "好了，"
  },
  {
    "start": 1439.07,
    "end": 1441.93,
    "speaker": "老师",
    "text": "学到这里，"
  },
  {
    "start": 1441.93,
    "end": 1455.51,
    "speaker": "老师",
    "text": "我们来看看怎样利用今天的学习的知识来解决问题。"
  },
  {
    "start": 1455.57,
    "end": 1459.07,
    "speaker": "老师",
    "text": "先看第一个问题，"
  },
  {
    "start": 1459.07,
    "end": 1477.13,
    "speaker": "老师",
    "text": "已知如图AB、平行CD、 PB和PC分别平分角ABC和角DCD AB过点p且与AB垂直求证PA等于PD."
  },
  {
    "start": 1478.5,
    "end": 1478.9,
    "speaker": "老师",
    "text": "那么，"
  },
  {
    "start": 1478.9,
    "end": 1483.67,
    "speaker": "老师",
    "text": "这道题目的条件有哪些呢？"
  },
  {
    "start": 1483.71,
    "end": 1488.13,
    "speaker": "老师",
    "text": "有AB平行CD,"
  },
  {
    "start": 1488.13,
    "end": 1498.75,
    "speaker": "老师",
    "text": "还有PB平分角ABCPC平分角BCB以及AD垂直AB."
  },
  {
    "start": 1498.75,
    "end": 1505.59,
    "speaker": "老师",
    "text": "有这么多条件，"
  },
  {
    "start": 1505.59,
    "end": 1508.37,
    "speaker": "老师",
    "text": "我们要证明的是PA等于PD."
  },
  {
    "start": 1508.37,
    "end": 1510.63,
    "speaker": "老师",
    "text": "同学们，"
  },
  {
    "start": 1510.63,
    "end": 1513.12,
    "speaker": "老师",
    "text": "请大家思考一下，"
  },
  {
    "start": 1514.64,
    "end": 1515.08,
    "speaker": "老师",
    "text": "好，"
  },
  {
    "start": 1516.74,
    "end": 1521.66,
    "speaker": "老师",
    "text": "BP是角ABC的平分线偏垂直变，"
  },
  {
    "start": 1522.06,
    "end": 1525.44,
    "speaker": "老师",
    "text": "由此我们能联想到什么呢？"
  },
  {
    "start": 1526.34,
    "end": 1532.54,
    "speaker": "老师",
    "text": "很好联想到刚刚学习的角平分线的性质，"
  },
  {
    "start": 1532.56,
    "end": 1534.16,
    "speaker": "老师",
    "text": "PA表示的是什么呢？"
  },
  {
    "start": 1534.16,
    "end": 1534.8,
    "speaker": "老师",
    "text": "对，"
  },
  {
    "start": 1534.94,
    "end": 1539.84,
    "speaker": "老师",
    "text": "是点p到BA的距离，"
  },
  {
    "start": 1539.84,
    "end": 1546.76,
    "speaker": "老师",
    "text": "点p到角的一边的距离，"
  },
  {
    "start": 1546.76,
    "end": 1553.48,
    "speaker": "老师",
    "text": "那么显然还缺少它的另外一边的距。"
  },
  {
    "start": 1557.15,
    "end": 1564.25,
    "speaker": "老师",
    "text": "如果我们做出点p到BC的距离，"
  },
  {
    "start": 1564.25,
    "end": 1568.39,
    "speaker": "老师",
    "text": "根据角平分线的性质，"
  },
  {
    "start": 1568.43,
    "end": 1608.2,
    "speaker": "老师",
    "text": "这两个距离会怎么样啊？"
  },
  {
    "start": 1608.2,
    "end": 1609.7,
    "speaker": "老师",
    "text": "会相等，"
  },
  {
    "start": 1610.92,
    "end": 1611.56,
    "speaker": "老师",
    "text": "对吧？"
  },
  {
    "start": 1611.56,
    "end": 1619.92,
    "speaker": "老师",
    "text": "所以显然我们要做点p到BC的距，"
  },
  {
    "start": 1619.92,
    "end": 1624.42,
    "speaker": "老师",
    "text": "也就是过点p做BC的垂线。"
  },
  {
    "start": 1626.68,
    "end": 1628.02,
    "speaker": "老师",
    "text": "根据角平线的性质，"
  },
  {
    "start": 1628.02,
    "end": 1631.85,
    "speaker": "老师",
    "text": "PA就会等于PE."
  },
  {
    "start": 1631.85,
    "end": 1644.69,
    "speaker": "老师",
    "text": "同时点p也是角BCD的平分线上的点PE是到BC的距离题。"
  },
  {
    "start": 1644.69,
    "end": 1648.56,
    "speaker": "老师",
    "text": "第一个对PD是到CD的距，"
  },
  {
    "start": 1648.56,
    "end": 1650.8,
    "speaker": "老师",
    "text": "为什么很好？"
  },
  {
    "start": 1651.32,
    "end": 1653.16,
    "speaker": "老师",
    "text": "根据两直线平行，"
  },
  {
    "start": 1653.92,
    "end": 1660.58,
    "speaker": "老师",
    "text": "内错角相等，"
  },
  {
    "start": 1660.58,
    "end": 1664.36,
    "speaker": "老师",
    "text": "可以得到角，"
  },
  {
    "start": 1664.36,
    "end": 1669.27,
    "speaker": "老师",
    "text": "PDM是九十度，"
  },
  {
    "start": 1669.27,
    "end": 1677.22,
    "speaker": "老师",
    "text": "所以PD呢它垂直于CN."
  },
  {
    "start": 1677.22,
    "end": 1683.39,
    "speaker": "老师",
    "text": "Pd表示点p到CD这一边的距离，"
  },
  {
    "start": 1683.39,
    "end": 1683.79,
    "speaker": "老师",
    "text": "哎，"
  },
  {
    "start": 1683.79,
    "end": 1687.61,
    "speaker": "老师",
    "text": "PE呢又等于PD."
  },
  {
    "start": 1689.38,
    "end": 1692.8,
    "speaker": "老师",
    "text": "所以根据等量代换的话，"
  },
  {
    "start": 1692.88,
    "end": 1694.92,
    "speaker": "老师",
    "text": "PA就等于PD,"
  },
  {
    "start": 1694.94,
    "end": 1700.08,
    "speaker": "老师",
    "text": "这就是我们这道题的证明思路。"
  },
  {
    "start": 1700.4,
    "end": 1701.32,
    "speaker": "老师",
    "text": "好，"
  },
  {
    "start": 1701.64,
    "end": 1711.26,
    "speaker": "老师",
    "text": "下面我们把它写出来，"
  },
  {
    "start": 1711.26,
    "end": 1725.2,
    "speaker": "老师",
    "text": "过点p作p一垂直BC于点e因为PB平分角ABCPA垂直ABPE垂直BC,"
  },
  {
    "start": 1725.2,
    "end": 1728.7,
    "speaker": "老师",
    "text": "大家请看一平分两垂直得了什么结论，"
  },
  {
    "start": 1728.7,
    "end": 1730.96,
    "speaker": "老师",
    "text": "PA等于PE."
  },
  {
    "start": 1730.96,
    "end": 1731.4,
    "speaker": "老师",
    "text": "哎，"
  },
  {
    "start": 1731.4,
    "end": 1734.18,
    "speaker": "老师",
    "text": "这个过程就是角平分线性质定理的用法，"
  },
  {
    "start": 1734.18,
    "end": 1737.25,
    "speaker": "老师",
    "text": "它的依据就是找游戏的性格。"
  },
  {
    "start": 1737.25,
    "end": 1742.42,
    "speaker": "老师",
    "text": "接下来我们要证明PD垂直CD怎么证呢？"
  },
  {
    "start": 1744.07,
    "end": 1749.38,
    "speaker": "老师",
    "text": "根据平行得到那个坐角相等，"
  },
  {
    "start": 1751.41,
    "end": 1756.53,
    "speaker": "老师",
    "text": "进而呢得到PD垂直CD."
  },
  {
    "start": 1756.89,
    "end": 1763.45,
    "speaker": "老师",
    "text": "所以我们再用一次角平分线的性质定理，"
  },
  {
    "start": 1763.45,
    "end": 1769.09,
    "speaker": "老师",
    "text": "大家看一平分两垂直得到PD等于PE."
  },
  {
    "start": 1769.09,
    "end": 1773.45,
    "speaker": "老师",
    "text": "所以呢PA就等于PD,"
  },
  {
    "start": 1773.45,
    "end": 1775.69,
    "speaker": "老师",
    "text": "同学们听懂了吗？"
  },
  {
    "start": 1776.15,
    "end": 1777.47,
    "speaker": "老师",
    "text": "好，"
  },
  {
    "start": 1777.59,
    "end": 1786.55,
    "speaker": "老师",
    "text": "下面我们再来看第二题。"
  },
  {
    "start": 1786.55,
    "end": 1786.89,
    "speaker": "老师",
    "text": "如图，"
  },
  {
    "start": 1786.89,
    "end": 1790.39,
    "speaker": "老师",
    "text": "在三角形ABC中，"
  },
  {
    "start": 1790.39,
    "end": 1796.01,
    "speaker": "老师",
    "text": "BD等于DC角一等于角二求证角三等于角四。"
  },
  {
    "start": 1796.21,
    "end": 1799.77,
    "speaker": "老师",
    "text": "请大家思考。"
  },
  {
    "start": 1799.77,
    "end": 1803.59,
    "speaker": "老师",
    "text": "好看到这道题我们的第一反应是什么？"
  },
  {
    "start": 1803.59,
    "end": 1810.2,
    "speaker": "老师",
    "text": "是证明三角形ABD全等于三角形ACD,"
  },
  {
    "start": 1810.2,
    "end": 1814.34,
    "speaker": "老师",
    "text": "这是一个非常正常的反应。"
  },
  {
    "start": 1814.34,
    "end": 1814.54,
    "speaker": "老师",
    "text": "好，"
  },
  {
    "start": 1814.54,
    "end": 1819.32,
    "speaker": "老师",
    "text": "我们来分析一下它们的全等条件。"
  },
  {
    "start": 1819.32,
    "end": 1824.32,
    "speaker": "老师",
    "text": "角一等于角二有一组对应角，"
  },
  {
    "start": 1824.32,
    "end": 1826.22,
    "speaker": "老师",
    "text": "相等BD等于CD,"
  },
  {
    "start": 1826.22,
    "end": 1827.85,
    "speaker": "老师",
    "text": "有一组边，"
  },
  {
    "start": 1828.68,
    "end": 1832.91,
    "speaker": "老师",
    "text": "同时还有AD等于AD,"
  },
  {
    "start": 1833.03,
    "end": 1836.53,
    "speaker": "老师",
    "text": "表面上是三种标签齐了。"
  },
  {
    "start": 1836.53,
    "end": 1842.73,
    "speaker": "老师",
    "text": "但是大家仔细观察发现这样的组合是叫做边边角，"
  },
  {
    "start": 1842.73,
    "end": 1848.03,
    "speaker": "老师",
    "text": "这个不能用。"
  },
  {
    "start": 1848.09,
    "end": 1849.47,
    "speaker": "老师",
    "text": "那怎么办呢？"
  },
  {
    "start": 1849.47,
    "end": 1858.81,
    "speaker": "老师",
    "text": "当然有些同学可能会继续去思考这个BD等于CD."
  },
  {
    "start": 1858.95,
    "end": 1865.78,
    "speaker": "老师",
    "text": "我们能够根据本章前面学的知识，"
  },
  {
    "start": 1865.78,
    "end": 1877.93,
    "speaker": "老师",
    "text": "等边对等角得到角DBC等于角DCD."
  },
  {
    "start": 1877.93,
    "end": 1878.35,
    "speaker": "老师",
    "text": "哎，"
  },
  {
    "start": 1878.43,
    "end": 1882.01,
    "speaker": "老师",
    "text": "这样的话等量加等量和相等，"
  },
  {
    "start": 1882.31,
    "end": 1890.18,
    "speaker": "老师",
    "text": "也就是角一加上角BBC就会等于角二加上角BCB,"
  },
  {
    "start": 1890.18,
    "end": 1892.42,
    "speaker": "老师",
    "text": "即角ABC,"
  },
  {
    "start": 1892.52,
    "end": 1893.88,
    "speaker": "老师",
    "text": "等于角ACB,"
  },
  {
    "start": 1893.88,
    "end": 1894.94,
    "speaker": "老师",
    "text": "对吗？"
  },
  {
    "start": 1894.94,
    "end": 1900.24,
    "speaker": "老师",
    "text": "然后我们再根据前面的知识，"
  },
  {
    "start": 1900.24,
    "end": 1901.45,
    "speaker": "老师",
    "text": "等角又对等边，"
  },
  {
    "start": 1906.94,
    "end": 1908.86,
    "speaker": "老师",
    "text": "所以AB就等于AC."
  },
  {
    "start": 1908.86,
    "end": 1911.06,
    "speaker": "老师",
    "text": "这样的话，"
  },
  {
    "start": 1911.06,
    "end": 1915.75,
    "speaker": "老师",
    "text": "这两个三角形就有四种条件，"
  },
  {
    "start": 1915.79,
    "end": 1918.34,
    "speaker": "老师",
    "text": "对应相等的有AD,"
  },
  {
    "start": 1919.2,
    "end": 1919.78,
    "speaker": "老师",
    "text": "等于AC,"
  },
  {
    "start": 1919.78,
    "end": 1923.8,
    "speaker": "老师",
    "text": "有角一等于角，"
  },
  {
    "start": 1923.8,
    "end": 1925.04,
    "speaker": "老师",
    "text": "二有BD,"
  },
  {
    "start": 1925.56,
    "end": 1926.94,
    "speaker": "老师",
    "text": "等于CD,"
  },
  {
    "start": 1927.24,
    "end": 1928.9,
    "speaker": "老师",
    "text": "还有AD,"
  },
  {
    "start": 1928.98,
    "end": 1932.14,
    "speaker": "老师",
    "text": "等于AD."
  },
  {
    "start": 1932.14,
    "end": 1940.46,
    "speaker": "老师",
    "text": "当然这个时候我们就可以选择边角BA了，"
  },
  {
    "start": 1940.46,
    "end": 1947.88,
    "speaker": "老师",
    "text": "所以这套方法肯定是可行的。"
  },
  {
    "start": 1948.56,
    "end": 1953.66,
    "speaker": "老师",
    "text": "但是陈老师想给大家带来一种不同的方法，"
  },
  {
    "start": 1953.66,
    "end": 1955.56,
    "speaker": "老师",
    "text": "知道是什么功能吗？"
  },
  {
    "start": 1955.56,
    "end": 1960.04,
    "speaker": "老师",
    "text": "我们要证明AD平分角BAC,"
  },
  {
    "start": 1960.04,
    "end": 1967.41,
    "speaker": "老师",
    "text": "我们可以联想到角平分线的判定，"
  },
  {
    "start": 1967.41,
    "end": 1969.06,
    "speaker": "老师",
    "text": "对吧？"
  },
  {
    "start": 1969.12,
    "end": 1973.7,
    "speaker": "老师",
    "text": "那么角平分线的判定呢，"
  },
  {
    "start": 1973.7,
    "end": 1976.65,
    "speaker": "老师",
    "text": "它要有一个条件，"
  },
  {
    "start": 1976.65,
    "end": 1981.23,
    "speaker": "老师",
    "text": "就是它上面的点到角两边的距离是相等的。"
  },
  {
    "start": 1981.23,
    "end": 1991.23,
    "speaker": "老师",
    "text": "所以我们可以尝试过点d做AB的垂线以及AC的垂线。"
  },
  {
    "start": 1991.77,
    "end": 1995.47,
    "speaker": "老师",
    "text": "如果我们能够证明出DE等于DF,"
  },
  {
    "start": 1995.47,
    "end": 1999.61,
    "speaker": "老师",
    "text": "那么问题是不是也能够得到解决啊？"
  },
  {
    "start": 1999.61,
    "end": 2003.06,
    "speaker": "老师",
    "text": "那么怎么能证明DE等于DF呢？"
  },
  {
    "start": 2003.06,
    "end": 2008.85,
    "speaker": "老师",
    "text": "是证明它们所在的下面两个直角三角形全等，"
  },
  {
    "start": 2008.85,
    "end": 2012.41,
    "speaker": "老师",
    "text": "还是下面两个小直角形全等呢？"
  },
  {
    "start": 2012.41,
    "end": 2015.93,
    "speaker": "老师",
    "text": "根据题目的条件，"
  },
  {
    "start": 2016.03,
    "end": 2022.37,
    "speaker": "老师",
    "text": "显然是证明三角形BED全等于三角形CFD,"
  },
  {
    "start": 2022.37,
    "end": 2022.65,
    "speaker": "老师",
    "text": "对吧？"
  },
  {
    "start": 2022.65,
    "end": 2023.89,
    "speaker": "老师",
    "text": "有一组锐角，"
  },
  {
    "start": 2023.89,
    "end": 2028.74,
    "speaker": "老师",
    "text": "还有斜边呢。"
  },
  {
    "start": 2028.74,
    "end": 2029.1,
    "speaker": "老师",
    "text": "啊，"
  },
  {
    "start": 2029.1,
    "end": 2029.54,
    "speaker": "老师",
    "text": "好了，"
  },
  {
    "start": 2029.54,
    "end": 2038.35,
    "speaker": "老师",
    "text": "这样的话这两个三全等是显而易见的，"
  },
  {
    "start": 2038.35,
    "end": 2039.15,
    "speaker": "老师",
    "text": "那么DE就等于DF,"
  },
  {
    "start": 2038.71,
    "end": 2039.15,
    "speaker": "老师",
    "text": "对吧？"
  },
  {
    "start": 2038.71,
    "end": 2039.15,
    "speaker": "老师",
    "text": "好，"
  },
  {
    "start": 2038.71,
    "end": 2039.15,
    "speaker": "老师",
    "text": "从而就可以判断出AD平分角BAC,"
  },
  {
    "start": 2038.71,
    "end": 2039.15,
    "speaker": "老师",
    "text": "进而角三等于角四。"
  },
  {
    "start": 2038.71,
    "end": 2039.15,
    "speaker": "老师",
    "text": "下面我们一起来看一段过程，"
  },
  {
    "start": 2038.71,
    "end": 2039.15,
    "speaker": "老师",
    "text": "过点d做第一垂直AB DF垂直AC在三角形BED和三角形CFD中，"
  },
  {
    "start": 2038.71,
    "end": 2039.15,
    "speaker": "老师",
    "text": "角一等于角二，"
  },
  {
    "start": 2038.71,
    "end": 2039.15,
    "speaker": "老师",
    "text": "还有两个直角以及BD等于CD."
  },
  {
    "start": 2038.71,
    "end": 2039.15,
    "speaker": "老师",
    "text": "所以三角形BD和三角形CFD全等。"
  },
  {
    "start": 2038.71,
    "end": 2039.15,
    "speaker": "老师",
    "text": "那么全等的依据是角角跌啊，"
  },
  {
    "start": 2038.71,
    "end": 2039.15,
    "speaker": "老师",
    "text": "所以d一等于DF."
  },
  {
    "start": 2038.71,
    "end": 2039.15,
    "speaker": "老师",
    "text": "又因为呢DE垂直于BDF垂直于c啊，"
  },
  {
    "start": 2038.71,
    "end": 2039.15,
    "speaker": "老师",
    "text": "所以点d在角BAC的平分线上。"
  },
  {
    "start": 2038.71,
    "end": 2039.15,
    "speaker": "老师",
    "text": "哎，"
  },
  {
    "start": 2038.71,
    "end": 2039.15,
    "speaker": "老师",
    "text": "这三步就是我们角平线判定定理的用法，"
  },
  {
    "start": 2038.71,
    "end": 2039.15,
    "speaker": "老师",
    "text": "一相的两垂直就可以得到它在找一个线上对吧？"
  },
  {
    "start": 2038.71,
    "end": 2039.15,
    "speaker": "老师",
    "text": "好，"
  },
  {
    "start": 2038.71,
    "end": 2039.15,
    "speaker": "老师",
    "text": "最后就得到了角三等于角四。"
  },
  {
    "start": 2038.71,
    "end": 2039.15,
    "speaker": "老师",
    "text": "好，"
  },
  {
    "start": 2038.71,
    "end": 2039.15,
    "speaker": "老师",
    "text": "同学们，"
  },
  {
    "start": 2038.71,
    "end": 2039.15,
    "speaker": "老师",
    "text": "本节课呢我们的内容就上到这。"
  },
  {
    "start": 2038.71,
    "end": 2039.15,
    "speaker": "老师",
    "text": "在这一节课中，"
  },
  {
    "start": 2038.71,
    "end": 2039.15,
    "speaker": "老师",
    "text": "我们学习了角平分线的性质定理，"
  },
  {
    "start": 2038.71,
    "end": 2039.15,
    "speaker": "老师",
    "text": "大家还记得是什么吗？"
  },
  {
    "start": 2038.71,
    "end": 2039.15,
    "speaker": "老师",
    "text": "对角平分线上的点到这个角的两边的距离相等，"
  },
  {
    "start": 2038.71,
    "end": 2039.15,
    "speaker": "老师",
    "text": "如何来用这条地理呢？"
  },
  {
    "start": 2038.71,
    "end": 2039.15,
    "speaker": "老师",
    "text": "对，"
  },
  {
    "start": 2038.71,
    "end": 2039.15,
    "speaker": "老师",
    "text": "一平分两垂直就可以得到距离相等。"
  },
  {
    "start": 2038.71,
    "end": 2039.15,
    "speaker": "老师",
    "text": "这条定理有异定理吗？"
  },
  {
    "start": 2038.71,
    "end": 2039.15,
    "speaker": "老师",
    "text": "有就是角平线的判定例在一个角的内部到角的两边，"
  },
  {
    "start": 2038.71,
    "end": 2039.15,
    "speaker": "老师",
    "text": "距离相等的点，"
  },
  {
    "start": 2038.71,
    "end": 2039.15,
    "speaker": "老师",
    "text": "在这个角的平分线上，"
  },
  {
    "start": 2038.71,
    "end": 2039.15,
    "speaker": "老师",
    "text": "如何来用这条命令呢？"
  },
  {
    "start": 2038.71,
    "end": 2039.15,
    "speaker": "老师",
    "text": "很好一箱的两垂直就可以得到评分奖的结论啊，"
  },
  {
    "start": 2038.71,
    "end": 2039.15,
    "speaker": "老师",
    "text": "这两个地就是负利率。"
  },
  {
    "start": 2038.71,
    "end": 2039.15,
    "speaker": "老师",
    "text": "那么为什么要强调在一个角的内部呢？"
  },
  {
    "start": 2038.71,
    "end": 2039.15,
    "speaker": "老师",
    "text": "哎，"
  },
  {
    "start": 2038.71,
    "end": 2039.15,
    "speaker": "老师",
    "text": "关于这个问题，"
  },
  {
    "start": 2038.71,
    "end": 2039.15,
    "speaker": "老师",
    "text": "陈老师下节课再跟大家解释。"
  },
  {
    "start": 2038.71,
    "end": 2039.15,
    "speaker": "老师",
    "text": "好，"
  },
  {
    "start": 2038.71,
    "end": 2039.15,
    "speaker": "老师",
    "text": "通过今天的学习，"
  },
  {
    "start": 2038.71,
    "end": 2039.15,
    "speaker": "老师",
    "text": "我们还得到啊在学习几何图形的时候，"
  },
  {
    "start": 2038.71,
    "end": 2039.15,
    "speaker": "老师",
    "text": "我们往往是从它的定义出发，"
  },
  {
    "start": 2038.71,
    "end": 2039.15,
    "speaker": "老师",
    "text": "再来研究它的性质与判定，"
  },
  {
    "start": 2038.71,
    "end": 2039.15,
    "speaker": "老师",
    "text": "进而来解决问题。"
  },
  {
    "start": 2038.71,
    "end": 2039.15,
    "speaker": "老师",
    "text": "所以这种学习模式希望大家要引起重视，"
  },
  {
    "start": 2038.71,
    "end": 2039.15,
    "speaker": "老师",
    "text": "并且对于文字命题的证明过程一定要怎么样啊，"
  },
  {
    "start": 2038.71,
    "end": 2039.15,
    "speaker": "老师",
    "text": "分析清它的提设与结论啊，"
  },
  {
    "start": 2038.71,
    "end": 2039.15,
    "speaker": "老师",
    "text": "画出图形，"
  },
  {
    "start": 2038.71,
    "end": 2039.15,
    "speaker": "老师",
    "text": "然后写出已知求证，"
  },
  {
    "start": 2038.71,
    "end": 2039.15,
    "speaker": "老师",
    "text": "并且中证明过程。"
  },
  {
    "start": 2038.71,
    "end": 2039.15,
    "speaker": "老师",
    "text": "我想这就是我们今天这节课的主要内容。"
  },
  {
    "start": 2038.71,
    "end": 2039.15,
    "speaker": "老师",
    "text": "最后我们来看一下今天的作业。"
  },
  {
    "start": 2038.71,
    "end": 2039.15,
    "speaker": "老师",
    "text": "好，"
  },
  {
    "start": 2038.71,
    "end": 2039.15,
    "speaker": "老师",
    "text": "本节课上到这里，"
  },
  {
    "start": 2038.71,
    "end": 2039.15,
    "speaker": "老师",
    "text": "同学们再见。"
  }
]