[
  {
    "start": 9.62,
    "end": 11.04,
    "speaker": "老师",
    "text": "亲爱的同学们，"
  },
  {
    "start": 11.04,
    "end": 12.36,
    "speaker": "老师",
    "text": "你们好，"
  },
  {
    "start": 12.46,
    "end": 16.54,
    "speaker": "老师",
    "text": "我是南昌市城东学校的刘老师，"
  },
  {
    "start": 16.7,
    "end": 29.82,
    "speaker": "老师",
    "text": "很高兴今天这节课由我和同学们来共同学习第十九章、一次函数第二小节一次函数的第一课时。"
  },
  {
    "start": 29.82,
    "end": 36.66,
    "speaker": "老师",
    "text": "首先我们来看一下正比例函数的定义，"
  },
  {
    "start": 36.84,
    "end": 41.28,
    "speaker": "老师",
    "text": "一般的形如y等于KXK,"
  },
  {
    "start": 41.28,
    "end": 42.56,
    "speaker": "老师",
    "text": "是常数，"
  },
  {
    "start": 42.72,
    "end": 49.14,
    "speaker": "老师",
    "text": "k不等于零的函数叫做正比例函数，"
  },
  {
    "start": 49.14,
    "end": 51.84,
    "speaker": "老师",
    "text": "其中k叫做比例系数。"
  },
  {
    "start": 51.9,
    "end": 53.24,
    "speaker": "老师",
    "text": "学习了定义，"
  },
  {
    "start": 53.32,
    "end": 58.99,
    "speaker": "老师",
    "text": "我们又研究了正比例函数的图像和性质。"
  },
  {
    "start": 58.99,
    "end": 67.47,
    "speaker": "老师",
    "text": "这里刘老师用一个表格的形式来和大家一起回顾。"
  },
  {
    "start": 67.89,
    "end": 68.73,
    "speaker": "老师",
    "text": "不过，"
  },
  {
    "start": 68.73,
    "end": 72.19,
    "speaker": "老师",
    "text": "列表描点连线的方法观察得出，"
  },
  {
    "start": 72.55,
    "end": 74.91,
    "speaker": "老师",
    "text": "当k大于零时，"
  },
  {
    "start": 74.93,
    "end": 81.48,
    "speaker": "老师",
    "text": "正比例函数的图像是一条经过原点，"
  },
  {
    "start": 82.47,
    "end": 87.77,
    "speaker": "老师",
    "text": "并且经过一三象限的直线y随x增大而增大。"
  },
  {
    "start": 87.77,
    "end": 90.71,
    "speaker": "老师",
    "text": "当k小于零时，"
  },
  {
    "start": 90.95,
    "end": 97.9,
    "speaker": "老师",
    "text": "正比例函数的图像是一条经过原点，"
  },
  {
    "start": 97.92,
    "end": 102.82,
    "speaker": "老师",
    "text": "并且经过二四象限的直线y随x增大而减小。"
  },
  {
    "start": 103.18,
    "end": 109.56,
    "speaker": "老师",
    "text": "那今天这节课呢我们要学习一类新的函数，"
  },
  {
    "start": 109.76,
    "end": 112.84,
    "speaker": "老师",
    "text": "请跟随老师看问题。"
  },
  {
    "start": 112.88,
    "end": 119.42,
    "speaker": "老师",
    "text": "一、下列问题中变量之间的对应关系是函数关系吗？"
  },
  {
    "start": 119.56,
    "end": 123.96,
    "speaker": "老师",
    "text": "如果是请同学们写出函数解析式，"
  },
  {
    "start": 123.96,
    "end": 186.3,
    "speaker": "老师",
    "text": "有课本的同学也可以看课本第九十面的思考。"
  },
  {
    "start": 186.3,
    "end": 189.99,
    "speaker": "老师",
    "text": "下面请同学们认真审题，"
  },
  {
    "start": 189.99,
    "end": 193.87,
    "speaker": "老师",
    "text": "并把答案写在课堂练习本上好。"
  },
  {
    "start": 194.03,
    "end": 195.73,
    "speaker": "老师",
    "text": "同学们，"
  },
  {
    "start": 195.73,
    "end": 198.65,
    "speaker": "老师",
    "text": "我们一起来看一下。"
  },
  {
    "start": 198.67,
    "end": 207.17,
    "speaker": "老师",
    "text": "第一小题某城市的室内电话的月收费额y单位元，"
  },
  {
    "start": 207.43,
    "end": 211.59,
    "speaker": "老师",
    "text": "包括月租费二十二元和拨打电话，"
  },
  {
    "start": 211.59,
    "end": 219.56,
    "speaker": "老师",
    "text": "x分钟的计时费按零点一元每分钟收取。"
  },
  {
    "start": 219.8,
    "end": 224.18,
    "speaker": "老师",
    "text": "对于x的每一个确定的值，"
  },
  {
    "start": 224.2,
    "end": 228.69,
    "speaker": "老师",
    "text": "y都有唯一确定的值与其对应。"
  },
  {
    "start": 229.39,
    "end": 231.34,
    "speaker": "老师",
    "text": "因此y是x的函数，"
  },
  {
    "start": 232.28,
    "end": 236.5,
    "speaker": "老师",
    "text": "那么根据月收费额等于月租费，"
  },
  {
    "start": 237.12,
    "end": 239.46,
    "speaker": "老师",
    "text": "加上拨打电话的费用，"
  },
  {
    "start": 239.72,
    "end": 243.67,
    "speaker": "老师",
    "text": "月租费是二十二元。"
  },
  {
    "start": 243.67,
    "end": 247.21,
    "speaker": "老师",
    "text": "那拨打电话的费用呢，"
  },
  {
    "start": 247.21,
    "end": 254.47,
    "speaker": "老师",
    "text": "拨打电话x分钟每分钟零点一元，"
  },
  {
    "start": 254.47,
    "end": 259.73,
    "speaker": "老师",
    "text": "也就是拨打电话的费用是零点一x."
  },
  {
    "start": 259.85,
    "end": 263.97,
    "speaker": "老师",
    "text": "由此我们不难得出，"
  },
  {
    "start": 263.97,
    "end": 267.83,
    "speaker": "老师",
    "text": "y等于零点一x加二十二，"
  },
  {
    "start": 268.23,
    "end": 272.69,
    "speaker": "老师",
    "text": "我们再看第二小题，"
  },
  {
    "start": 273.11,
    "end": 279.67,
    "speaker": "老师",
    "text": "把一个长十厘米宽五厘米的长方形的长减少，"
  },
  {
    "start": 279.91,
    "end": 282.73,
    "speaker": "老师",
    "text": "x厘米宽不变，"
  },
  {
    "start": 283.01,
    "end": 287.06,
    "speaker": "老师",
    "text": "长方形的面积，"
  },
  {
    "start": 287.34,
    "end": 293.25,
    "speaker": "老师",
    "text": "y单位平方厘米随x的变化而变化，"
  },
  {
    "start": 293.25,
    "end": 298.71,
    "speaker": "老师",
    "text": "同样对于x的每一个确定的值，"
  },
  {
    "start": 299.15,
    "end": 304.99,
    "speaker": "老师",
    "text": "y都有唯一确定的值与其对应。"
  },
  {
    "start": 305.13,
    "end": 309.94,
    "speaker": "老师",
    "text": "因此y是x的函数，"
  },
  {
    "start": 309.94,
    "end": 317.19,
    "speaker": "老师",
    "text": "根据长方形的面积公式等于长乘以宽，"
  },
  {
    "start": 317.19,
    "end": 321.35,
    "speaker": "老师",
    "text": "变化后的长方形的长是十减，"
  },
  {
    "start": 321.35,
    "end": 325.23,
    "speaker": "老师",
    "text": "x宽不变仍是五。"
  },
  {
    "start": 325.47,
    "end": 334.87,
    "speaker": "老师",
    "text": "因此我们得出y等于五乘括号十减x也可以写成y等于负五x加五十。"
  },
  {
    "start": 334.87,
    "end": 335.79,
    "speaker": "老师",
    "text": "这里要注意，"
  },
  {
    "start": 336.45,
    "end": 342.67,
    "speaker": "老师",
    "text": "自变量x的取值范围应该是大于等于零小于十。"
  },
  {
    "start": 342.79,
    "end": 343.93,
    "speaker": "老师",
    "text": "同学们，"
  },
  {
    "start": 343.93,
    "end": 347.09,
    "speaker": "老师",
    "text": "我们看一下这两个函数，"
  },
  {
    "start": 347.09,
    "end": 350.31,
    "speaker": "老师",
    "text": "它们是正比例函数吗？"
  },
  {
    "start": 350.31,
    "end": 408.96,
    "speaker": "老师",
    "text": "显然不是。"
  },
  {
    "start": 408.96,
    "end": 413.41,
    "speaker": "老师",
    "text": "那生活中还有没有这样的例子呢？"
  },
  {
    "start": 413.41,
    "end": 415.79,
    "speaker": "老师",
    "text": "请跟随老师看问题。"
  },
  {
    "start": 416.01,
    "end": 424.47,
    "speaker": "老师",
    "text": "二、有课本的同学也可以看课本第八十九页的问题，"
  },
  {
    "start": 424.47,
    "end": 427.53,
    "speaker": "老师",
    "text": "请同学们认真思考，"
  },
  {
    "start": 427.83,
    "end": 432.17,
    "speaker": "老师",
    "text": "并把答案写在课堂练习本上好。"
  },
  {
    "start": 432.41,
    "end": 437.26,
    "speaker": "老师",
    "text": "下面我们一起来分析一下，"
  },
  {
    "start": 437.36,
    "end": 447.74,
    "speaker": "老师",
    "text": "某登山队大本营所在地的气温为五摄氏度，"
  },
  {
    "start": 447.78,
    "end": 450.6,
    "speaker": "老师",
    "text": "海拔每升高一千米，"
  },
  {
    "start": 450.6,
    "end": 453.74,
    "speaker": "老师",
    "text": "气温下降六摄氏度。"
  },
  {
    "start": 453.82,
    "end": 461.3,
    "speaker": "老师",
    "text": "登山队员由大本营向上登高x千米时，"
  },
  {
    "start": 461.3,
    "end": 467.56,
    "speaker": "老师",
    "text": "他们所处位置的气温是y摄氏度，"
  },
  {
    "start": 467.64,
    "end": 470.56,
    "speaker": "老师",
    "text": "是用函数解析式表示，"
  },
  {
    "start": 470.9,
    "end": 473.3,
    "speaker": "老师",
    "text": "y与x的关系。"
  },
  {
    "start": 474.4,
    "end": 478.0,
    "speaker": "老师",
    "text": "根据海拔每升高一千米，"
  },
  {
    "start": 478.26,
    "end": 483.25,
    "speaker": "老师",
    "text": "气温下降六摄氏度。"
  },
  {
    "start": 483.39,
    "end": 487.59,
    "speaker": "老师",
    "text": "我们可以得出。"
  },
  {
    "start": 487.81,
    "end": 494.43,
    "speaker": "老师",
    "text": "登山队员由大本营向上登高x千米时，"
  },
  {
    "start": 494.75,
    "end": 498.07,
    "speaker": "老师",
    "text": "气温下降六x摄氏度。"
  },
  {
    "start": 498.09,
    "end": 502.19,
    "speaker": "老师",
    "text": "再根据他们所处位置的气温，"
  },
  {
    "start": 502.31,
    "end": 540.8,
    "speaker": "老师",
    "text": "等于大本营所在地的气温减去下降的温度。"
  },
  {
    "start": 540.8,
    "end": 542.2,
    "speaker": "老师",
    "text": "我们不难得出，"
  },
  {
    "start": 542.2,
    "end": 544.97,
    "speaker": "老师",
    "text": "y等于五减六x,"
  },
  {
    "start": 544.97,
    "end": 548.73,
    "speaker": "老师",
    "text": "也就是y等于负六x加五。"
  },
  {
    "start": 548.73,
    "end": 553.13,
    "speaker": "老师",
    "text": "接下来老师再追问，"
  },
  {
    "start": 553.15,
    "end": 560.77,
    "speaker": "老师",
    "text": "登山队员由大本营向上登高零点五千米时，"
  },
  {
    "start": 561.93,
    "end": 567.22,
    "speaker": "老师",
    "text": "他们所在位置的气温是多少呢？"
  },
  {
    "start": 567.62,
    "end": 571.1,
    "speaker": "老师",
    "text": "请同学们认真思考，"
  },
  {
    "start": 571.4,
    "end": 578.01,
    "speaker": "老师",
    "text": "并把答案写在课堂练习本上好。"
  },
  {
    "start": 578.09,
    "end": 579.83,
    "speaker": "老师",
    "text": "同学们写完了吗？"
  },
  {
    "start": 579.83,
    "end": 592.53,
    "speaker": "老师",
    "text": "我们一起看一下登山队员由大本营向上登高零点五千米，"
  },
  {
    "start": 592.57,
    "end": 598.67,
    "speaker": "老师",
    "text": "也就是求当x等于零点五时，"
  },
  {
    "start": 598.67,
    "end": 606.18,
    "speaker": "老师",
    "text": "函数y等于负六x加五的函数值。"
  },
  {
    "start": 606.24,
    "end": 614.02,
    "speaker": "老师",
    "text": "由此我们得到当x等于零点五时，"
  },
  {
    "start": 614.08,
    "end": 620.04,
    "speaker": "老师",
    "text": "y等于负六乘零点五加五等于二摄氏度。"
  },
  {
    "start": 620.32,
    "end": 630.58,
    "speaker": "老师",
    "text": "下面我们观察一下这三个函数解析式他们有什么共同特征呢？"
  },
  {
    "start": 631.54,
    "end": 635.96,
    "speaker": "老师",
    "text": "我们看第一个解析式y等于零点，"
  },
  {
    "start": 636.04,
    "end": 639.24,
    "speaker": "老师",
    "text": "一乘x加二十二。"
  },
  {
    "start": 639.5,
    "end": 648.77,
    "speaker": "老师",
    "text": "第二个解析式呢是y等于负五乘x加五十，"
  },
  {
    "start": 648.77,
    "end": 654.83,
    "speaker": "老师",
    "text": "第三个解析式是y等于负六乘x加五。"
  },
  {
    "start": 654.83,
    "end": 657.75,
    "speaker": "老师",
    "text": "这些解析式都是常数，"
  },
  {
    "start": 657.75,
    "end": 678.8,
    "speaker": "老师",
    "text": "k与自变量的积与常数b的和的形式。"
  },
  {
    "start": 682.06,
    "end": 703.42,
    "speaker": "老师",
    "text": "有投的同学还发现次变量的次数都是一，"
  },
  {
    "start": 703.42,
    "end": 713.12,
    "speaker": "老师",
    "text": "你真细心。"
  },
  {
    "start": 713.81,
    "end": 721.05,
    "speaker": "老师",
    "text": "那么我们还可以用一个式子来表示一下，"
  },
  {
    "start": 721.05,
    "end": 729.03,
    "speaker": "老师",
    "text": "这些函数就是y等于KX加b像这样的一类函数，"
  },
  {
    "start": 729.03,
    "end": 735.49,
    "speaker": "老师",
    "text": "我们就把它叫做一次函数。"
  },
  {
    "start": 736.44,
    "end": 739.46,
    "speaker": "老师",
    "text": "那同学们，"
  },
  {
    "start": 739.72,
    "end": 747.0,
    "speaker": "老师",
    "text": "你们能仿照正比例函数给一次函数下个定义吗？"
  },
  {
    "start": 747.08,
    "end": 747.52,
    "speaker": "老师",
    "text": "嗯，"
  },
  {
    "start": 747.88,
    "end": 755.76,
    "speaker": "老师",
    "text": "一般的啊啊形如y等于KX加b KB是常数，"
  },
  {
    "start": 755.76,
    "end": 762.85,
    "speaker": "老师",
    "text": "并且k不等于零的函数就叫做一次函数。"
  },
  {
    "start": 763.37,
    "end": 764.17,
    "speaker": "老师",
    "text": "不懂。"
  },
  {
    "start": 764.17,
    "end": 764.93,
    "speaker": "老师",
    "text": "好，"
  },
  {
    "start": 764.93,
    "end": 768.91,
    "speaker": "老师",
    "text": "不是你我们一起来分析一下。"
  },
  {
    "start": 768.91,
    "end": 772.87,
    "speaker": "老师",
    "text": "根据一次函数的定义，"
  },
  {
    "start": 772.87,
    "end": 787.9,
    "speaker": "老师",
    "text": "我们知道一次函数它的形式是y等于KX加b这里要注意x的次数是一，"
  },
  {
    "start": 787.96,
    "end": 790.94,
    "speaker": "老师",
    "text": "那条件呢KB是常数，"
  },
  {
    "start": 790.94,
    "end": 794.08,
    "speaker": "老师",
    "text": "并且k不等于零。"
  },
  {
    "start": 794.34,
    "end": 797.82,
    "speaker": "老师",
    "text": "这里同学们要注意形式和条件，"
  },
  {
    "start": 797.82,
    "end": 805.42,
    "speaker": "老师",
    "text": "二者必须同时成立才能确定是一次函数。"
  },
  {
    "start": 805.68,
    "end": 812.55,
    "speaker": "老师",
    "text": "还有同学发现b可以是任意实数，"
  },
  {
    "start": 812.55,
    "end": 815.73,
    "speaker": "老师",
    "text": "那么当b等于零时，"
  },
  {
    "start": 815.73,
    "end": 821.47,
    "speaker": "老师",
    "text": "y等于KX加b就变成了正比例函数，"
  },
  {
    "start": 821.49,
    "end": 889.56,
    "speaker": "老师",
    "text": "y等于KX."
  },
  {
    "start": 889.74,
    "end": 896.14,
    "speaker": "老师",
    "text": "所以我们说正比例函数是一种特殊的一次函数，"
  },
  {
    "start": 896.24,
    "end": 900.36,
    "speaker": "老师",
    "text": "这里老师用一个图来表示，"
  },
  {
    "start": 900.36,
    "end": 903.7,
    "speaker": "老师",
    "text": "这里面都是一次函数。"
  },
  {
    "start": 903.78,
    "end": 910.65,
    "speaker": "老师",
    "text": "正比例函数是其中的一部分。"
  },
  {
    "start": 910.69,
    "end": 913.03,
    "speaker": "老师",
    "text": "所以通过这个图，"
  },
  {
    "start": 913.11,
    "end": 917.02,
    "speaker": "老师",
    "text": "我们可以直观的看出，"
  },
  {
    "start": 917.66,
    "end": 924.33,
    "speaker": "老师",
    "text": "所有的正比例函数都是一次函数。"
  },
  {
    "start": 924.39,
    "end": 928.97,
    "speaker": "老师",
    "text": "接下来请跟随老师看练习。"
  },
  {
    "start": 928.97,
    "end": 935.56,
    "speaker": "老师",
    "text": "一判断下列函数中哪些是一次函数，"
  },
  {
    "start": 935.56,
    "end": 939.4,
    "speaker": "老师",
    "text": "哪些又是正比例函数。"
  },
  {
    "start": 939.58,
    "end": 943.08,
    "speaker": "老师",
    "text": "请同学们认真思考，"
  },
  {
    "start": 943.28,
    "end": 948.0,
    "speaker": "老师",
    "text": "并把答案写在课堂练习本上好。"
  },
  {
    "start": 948.0,
    "end": 950.96,
    "speaker": "老师",
    "text": "同学们写完了吗？"
  },
  {
    "start": 951.04,
    "end": 955.0,
    "speaker": "老师",
    "text": "我们一起看一下。"
  },
  {
    "start": 955.0,
    "end": 962.75,
    "speaker": "老师",
    "text": "第一个y等于负八x显然这是一个正比例函数。"
  },
  {
    "start": 964.02,
    "end": 967.5,
    "speaker": "老师",
    "text": "当然它也是一个一次函数，"
  },
  {
    "start": 967.54,
    "end": 974.02,
    "speaker": "老师",
    "text": "所以y等于负八x既是正比例函数，"
  },
  {
    "start": 974.02,
    "end": 977.18,
    "speaker": "老师",
    "text": "又是一次函数。"
  },
  {
    "start": 978.51,
    "end": 981.41,
    "speaker": "老师",
    "text": "我们再看第二小题，"
  },
  {
    "start": 981.41,
    "end": 984.67,
    "speaker": "老师",
    "text": "y等于x分之负八，"
  },
  {
    "start": 985.01,
    "end": 990.03,
    "speaker": "老师",
    "text": "这里x的次数不是一，"
  },
  {
    "start": 990.11,
    "end": 996.41,
    "speaker": "老师",
    "text": "因此不符合y等于KX加b的形式，"
  },
  {
    "start": 996.49,
    "end": 1000.48,
    "speaker": "老师",
    "text": "所以它不是一次函数。"
  },
  {
    "start": 1000.84,
    "end": 1004.42,
    "speaker": "老师",
    "text": "我们再看第三小题，"
  },
  {
    "start": 1004.42,
    "end": 1005.68,
    "speaker": "老师",
    "text": "y等于五，"
  },
  {
    "start": 1005.68,
    "end": 1007.87,
    "speaker": "老师",
    "text": "x方加六。"
  },
  {
    "start": 1007.91,
    "end": 1013.55,
    "speaker": "老师",
    "text": "显然这里的x的次数是二，"
  },
  {
    "start": 1013.75,
    "end": 1020.81,
    "speaker": "老师",
    "text": "也不符合y等于KX加b的形式，"
  },
  {
    "start": 1020.81,
    "end": 1024.43,
    "speaker": "老师",
    "text": "因此它不是一次函数。"
  },
  {
    "start": 1024.53,
    "end": 1034.71,
    "speaker": "老师",
    "text": "我们再看第四小题y等于KX加b这个是不是一次函数呢？"
  },
  {
    "start": 1034.79,
    "end": 1035.99,
    "speaker": "老师",
    "text": "同学们，"
  },
  {
    "start": 1035.99,
    "end": 1038.37,
    "speaker": "老师",
    "text": "当你有疑问时，"
  },
  {
    "start": 1038.97,
    "end": 1042.03,
    "speaker": "老师",
    "text": "请回到概念当中，"
  },
  {
    "start": 1042.03,
    "end": 1059.09,
    "speaker": "老师",
    "text": "我们看它的形式符合y等于KX加b那条件呢这里并没有指出KB是常数k不等于零，"
  },
  {
    "start": 1059.97,
    "end": 1063.81,
    "speaker": "老师",
    "text": "因此它不是一次函数。"
  },
  {
    "start": 1063.81,
    "end": 1069.33,
    "speaker": "老师",
    "text": "我们看第五小题y等于二分之一x减一，"
  },
  {
    "start": 1069.41,
    "end": 1075.16,
    "speaker": "老师",
    "text": "这个是不是一次函数呢？"
  },
  {
    "start": 1075.16,
    "end": 1091.45,
    "speaker": "老师",
    "text": "形式符合y等于KX加b那这里的k是多少呢？"
  },
  {
    "start": 1091.51,
    "end": 1096.85,
    "speaker": "老师",
    "text": "式的二分之一b呢等于负一，"
  },
  {
    "start": 1097.05,
    "end": 1101.35,
    "speaker": "老师",
    "text": "形式条件都符合。"
  },
  {
    "start": 1101.57,
    "end": 1103.97,
    "speaker": "老师",
    "text": "因此它是一次函数，"
  },
  {
    "start": 1104.23,
    "end": 1106.89,
    "speaker": "老师",
    "text": "我们再看第六小题，"
  },
  {
    "start": 1106.89,
    "end": 1110.37,
    "speaker": "老师",
    "text": "y等于二分之x减三，"
  },
  {
    "start": 1110.37,
    "end": 1114.69,
    "speaker": "老师",
    "text": "这个是不是一次函数呢？"
  },
  {
    "start": 1114.85,
    "end": 1123.0,
    "speaker": "老师",
    "text": "我们可以把它变形成y等于二分之一x减二分之三，"
  },
  {
    "start": 1123.22,
    "end": 1128.36,
    "speaker": "老师",
    "text": "这样形式符合y等于KX加b条件呢，"
  },
  {
    "start": 1128.36,
    "end": 1130.5,
    "speaker": "老师",
    "text": "k是二分之一，"
  },
  {
    "start": 1130.56,
    "end": 1145.0,
    "speaker": "老师",
    "text": "b是负二分之三，"
  },
  {
    "start": 1145.0,
    "end": 1147.06,
    "speaker": "老师",
    "text": "因此它是一次函数，"
  },
  {
    "start": 1147.06,
    "end": 1155.11,
    "speaker": "老师",
    "text": "所以一次函数有一五六正比例函数只有一。"
  },
  {
    "start": 1155.37,
    "end": 1156.39,
    "speaker": "老师",
    "text": "同学们，"
  },
  {
    "start": 1156.87,
    "end": 1162.23,
    "speaker": "老师",
    "text": "你们都答对了吗？"
  },
  {
    "start": 1162.23,
    "end": 1166.13,
    "speaker": "老师",
    "text": "接下来请跟随老师看练习。"
  },
  {
    "start": 1166.63,
    "end": 1170.57,
    "speaker": "老师",
    "text": "二、请同学们认真思考，"
  },
  {
    "start": 1170.81,
    "end": 1176.37,
    "speaker": "老师",
    "text": "并把答案写在课堂练习本上好，"
  },
  {
    "start": 1176.43,
    "end": 1181.35,
    "speaker": "老师",
    "text": "我们一起来看一下。"
  },
  {
    "start": 1181.35,
    "end": 1184.05,
    "speaker": "老师",
    "text": "若y等于k减二，"
  },
  {
    "start": 1184.07,
    "end": 1219.95,
    "speaker": "老师",
    "text": "括号乘x加三是一次函数则k根据一次函数的定义形式是y等于KX加b这里的k减二就相当于定义中的k因此只要满足k减二不等于零就可以了。"
  },
  {
    "start": 1219.95,
    "end": 1224.59,
    "speaker": "老师",
    "text": "所以我们得出k不等于二。"
  },
  {
    "start": 1224.65,
    "end": 1229.65,
    "speaker": "老师",
    "text": "接下来我们再看第二小题请，"
  },
  {
    "start": 1229.65,
    "end": 1232.95,
    "speaker": "老师",
    "text": "同学们仔细审题，"
  },
  {
    "start": 1232.95,
    "end": 1237.09,
    "speaker": "老师",
    "text": "并把答案写在课堂练习本上。"
  },
  {
    "start": 1237.65,
    "end": 1241.75,
    "speaker": "老师",
    "text": "同学们写完了吗？"
  },
  {
    "start": 1241.75,
    "end": 1243.81,
    "speaker": "老师",
    "text": "我们一起来看一下。"
  },
  {
    "start": 1243.81,
    "end": 1252.2,
    "speaker": "老师",
    "text": "若y等于负三x的n的平方次方减五是一次函数，"
  },
  {
    "start": 1252.56,
    "end": 1265.37,
    "speaker": "老师",
    "text": "则n等于我们看它的形式要符合y等于KX加b也就是x的次数应该等于一。"
  },
  {
    "start": 1265.37,
    "end": 1269.88,
    "speaker": "老师",
    "text": "所以我们得到n的平方，"
  },
  {
    "start": 1271.48,
    "end": 1274.02,
    "speaker": "老师",
    "text": "等一解出n等于正负一好。"
  },
  {
    "start": 1274.2,
    "end": 1277.18,
    "speaker": "老师",
    "text": "我们再看第三小题请，"
  },
  {
    "start": 1277.18,
    "end": 1279.8,
    "speaker": "老师",
    "text": "同学们认真思考，"
  },
  {
    "start": 1279.8,
    "end": 1306.39,
    "speaker": "老师",
    "text": "并把答案写在课堂练习本上好。"
  },
  {
    "start": 1306.39,
    "end": 1309.44,
    "speaker": "老师",
    "text": "有的同学很快就做出来了，"
  },
  {
    "start": 1309.44,
    "end": 1311.66,
    "speaker": "老师",
    "text": "我们一起看一下。"
  },
  {
    "start": 1311.66,
    "end": 1313.68,
    "speaker": "老师",
    "text": "若y等于m减三，"
  },
  {
    "start": 1313.68,
    "end": 1336.08,
    "speaker": "老师",
    "text": "括号乘x加二减m是一次函数则m那么这里的m减三相当于定义中的k二减m相当于定义中的b那么只要满足m减三不等于零就可以了。"
  },
  {
    "start": 1336.08,
    "end": 1342.51,
    "speaker": "老师",
    "text": "所以我们得出m不等于三。"
  },
  {
    "start": 1342.51,
    "end": 1344.25,
    "speaker": "老师",
    "text": "同学们，"
  },
  {
    "start": 1344.29,
    "end": 1348.05,
    "speaker": "老师",
    "text": "这三道题目你都答对了吗？"
  },
  {
    "start": 1348.05,
    "end": 1353.17,
    "speaker": "老师",
    "text": "都答对的同学表扬下自己吧。"
  },
  {
    "start": 1353.45,
    "end": 1354.17,
    "speaker": "老师",
    "text": "好，"
  },
  {
    "start": 1354.19,
    "end": 1358.64,
    "speaker": "老师",
    "text": "接下来请跟随老师看练习。"
  },
  {
    "start": 1358.8,
    "end": 1369.59,
    "speaker": "老师",
    "text": "三、下列问题中变量之间的对应关系是函数关系吗？"
  },
  {
    "start": 1369.59,
    "end": 1372.41,
    "speaker": "老师",
    "text": "如果是，"
  },
  {
    "start": 1372.69,
    "end": 1374.99,
    "speaker": "老师",
    "text": "请写出函数解析式，"
  },
  {
    "start": 1375.09,
    "end": 1387.15,
    "speaker": "老师",
    "text": "并判断是否是一次函数有课本的同学也可以看课本第九十页的思考。"
  },
  {
    "start": 1387.15,
    "end": 1390.17,
    "speaker": "老师",
    "text": "请同学们仔细审题，"
  },
  {
    "start": 1390.51,
    "end": 1395.79,
    "speaker": "老师",
    "text": "并把答案写在课堂练习本上好。"
  },
  {
    "start": 1395.85,
    "end": 1398.59,
    "speaker": "老师",
    "text": "同学们写完了吗？"
  },
  {
    "start": 1398.61,
    "end": 1401.53,
    "speaker": "老师",
    "text": "我们一起来看一下。"
  },
  {
    "start": 1401.55,
    "end": 1402.81,
    "speaker": "老师",
    "text": "有人发现，"
  },
  {
    "start": 1424.21,
    "end": 1428.7,
    "speaker": "老师",
    "text": "在二十摄氏度至二十五摄氏度时，"
  },
  {
    "start": 1428.7,
    "end": 1435.88,
    "speaker": "老师",
    "text": "蟋蟀每分鸣叫次数c与温度t单位摄氏度有关，"
  },
  {
    "start": 1435.92,
    "end": 1442.32,
    "speaker": "老师",
    "text": "且c的值约是t的七倍与三十五的差。"
  },
  {
    "start": 1442.66,
    "end": 1443.73,
    "speaker": "老师",
    "text": "显然，"
  },
  {
    "start": 1444.73,
    "end": 1448.53,
    "speaker": "老师",
    "text": "对于t的每一个确定的值，"
  },
  {
    "start": 1448.53,
    "end": 1453.49,
    "speaker": "老师",
    "text": "c都有唯一确定的值与其对应，"
  },
  {
    "start": 1454.31,
    "end": 1459.02,
    "speaker": "老师",
    "text": "因此c是t的函数。"
  },
  {
    "start": 1459.02,
    "end": 1467.11,
    "speaker": "老师",
    "text": "再根据c的值约是t的七倍与三十五的差，"
  },
  {
    "start": 1467.15,
    "end": 1472.63,
    "speaker": "老师",
    "text": "我们很容易得出c等于七t减三十五。"
  },
  {
    "start": 1472.63,
    "end": 1485.01,
    "speaker": "老师",
    "text": "这里要注意自变量t的取值范围二十小于等于t小于等于二十五。"
  },
  {
    "start": 1485.01,
    "end": 1492.31,
    "speaker": "老师",
    "text": "接下来我们看这里c等于七t减三十五，"
  },
  {
    "start": 1492.31,
    "end": 1495.67,
    "speaker": "老师",
    "text": "是不是一次函数呢？"
  },
  {
    "start": 1495.67,
    "end": 1503.75,
    "speaker": "老师",
    "text": "形式符合y等于KX加b条件呢？"
  },
  {
    "start": 1503.85,
    "end": 1510.16,
    "speaker": "老师",
    "text": "这里的k等于七b等于负三十五也符合，"
  },
  {
    "start": 1510.16,
    "end": 1512.92,
    "speaker": "老师",
    "text": "因此它是一次函数。"
  },
  {
    "start": 1512.92,
    "end": 1553.81,
    "speaker": "老师",
    "text": "下面我们再看第二小题请，"
  },
  {
    "start": 1553.81,
    "end": 1557.18,
    "speaker": "老师",
    "text": "同学们认真审题，"
  },
  {
    "start": 1557.2,
    "end": 1561.88,
    "speaker": "老师",
    "text": "并把答案写在课堂练习本上好。"
  },
  {
    "start": 1561.88,
    "end": 1579.67,
    "speaker": "老师",
    "text": "我们一起来看一下一种计算成年人标准体重g单位千克的方法是以厘米为单位量出身，"
  },
  {
    "start": 1579.89,
    "end": 1581.71,
    "speaker": "老师",
    "text": "高值h再减常数，"
  },
  {
    "start": 1581.97,
    "end": 1585.37,
    "speaker": "老师",
    "text": "一百零五所得差是g的值。"
  },
  {
    "start": 1585.63,
    "end": 1590.61,
    "speaker": "老师",
    "text": "这里对于h的每一个确定的值，"
  },
  {
    "start": 1590.61,
    "end": 1596.53,
    "speaker": "老师",
    "text": "g都有唯一确定的值与其对应。"
  },
  {
    "start": 1597.15,
    "end": 1599.83,
    "speaker": "老师",
    "text": "因此g是h的函数，"
  },
  {
    "start": 1600.01,
    "end": 1601.51,
    "speaker": "老师",
    "text": "根据题意，"
  },
  {
    "start": 1601.59,
    "end": 1606.93,
    "speaker": "老师",
    "text": "我们不难得出g等于h减一百零五。"
  },
  {
    "start": 1607.09,
    "end": 1613.89,
    "speaker": "老师",
    "text": "那同学们这个函数是不是一次函数呢？"
  },
  {
    "start": 1613.89,
    "end": 1617.93,
    "speaker": "老师",
    "text": "我们看g等于h减一百零五，"
  },
  {
    "start": 1617.93,
    "end": 1627.02,
    "speaker": "老师",
    "text": "我们可以看成是g等于一乘h减一百零五，"
  },
  {
    "start": 1627.02,
    "end": 1633.74,
    "speaker": "老师",
    "text": "因此形式符合y等于KX加b条件也符合。"
  },
  {
    "start": 1633.74,
    "end": 1642.17,
    "speaker": "老师",
    "text": "这里的k是一b是负一百零五，"
  },
  {
    "start": 1642.39,
    "end": 1645.49,
    "speaker": "老师",
    "text": "因此它也是一次函数。"
  },
  {
    "start": 1645.49,
    "end": 1649.61,
    "speaker": "老师",
    "text": "接下来请跟随老师看练习。"
  },
  {
    "start": 1649.61,
    "end": 1653.39,
    "speaker": "老师",
    "text": "四、请同学们认真审题，"
  },
  {
    "start": 1653.69,
    "end": 1660.07,
    "speaker": "老师",
    "text": "并把答案写在课堂练习本上好。"
  },
  {
    "start": 1660.23,
    "end": 1662.97,
    "speaker": "老师",
    "text": "同学们写完了吗？"
  },
  {
    "start": 1662.99,
    "end": 1677.26,
    "speaker": "老师",
    "text": "我们一起来看一下已知一次函数y等于KX加b当x等于一时y等于五，"
  },
  {
    "start": 1677.28,
    "end": 1680.34,
    "speaker": "老师",
    "text": "当x等于负一时，"
  },
  {
    "start": 1680.64,
    "end": 1682.02,
    "speaker": "老师",
    "text": "y等于一，"
  },
  {
    "start": 1682.66,
    "end": 1684.64,
    "speaker": "老师",
    "text": "求k和b的值。"
  },
  {
    "start": 1685.36,
    "end": 1686.62,
    "speaker": "老师",
    "text": "根据题意，"
  },
  {
    "start": 1686.62,
    "end": 1690.08,
    "speaker": "老师",
    "text": "当x等于一时y等于五。"
  },
  {
    "start": 1690.18,
    "end": 1719.32,
    "speaker": "老师",
    "text": "那么我们就把x等于一y等于五代入函数，"
  },
  {
    "start": 1719.32,
    "end": 1727.04,
    "speaker": "老师",
    "text": "解析式y等于KX加b中就得到k加b等于五。"
  },
  {
    "start": 1727.04,
    "end": 1731.91,
    "speaker": "老师",
    "text": "同样当x等于负一时，"
  },
  {
    "start": 1732.33,
    "end": 1733.51,
    "speaker": "老师",
    "text": "y等于一，"
  },
  {
    "start": 1733.87,
    "end": 1737.85,
    "speaker": "老师",
    "text": "我们把x等于负一，"
  },
  {
    "start": 1738.19,
    "end": 1740.88,
    "speaker": "老师",
    "text": "y等于一，"
  },
  {
    "start": 1740.88,
    "end": 1743.16,
    "speaker": "老师",
    "text": "也代入一次函数，"
  },
  {
    "start": 1743.16,
    "end": 1751.51,
    "speaker": "老师",
    "text": "y等于KX加b中就得到负k加b等于一。"
  },
  {
    "start": 1752.29,
    "end": 1757.69,
    "speaker": "老师",
    "text": "这两个式子都是关于KB的等式。"
  },
  {
    "start": 1757.69,
    "end": 1790.71,
    "speaker": "老师",
    "text": "因此我们把这两个等式联立就得到了关于KB的一个二元一次方程组。"
  },
  {
    "start": 1790.71,
    "end": 1796.51,
    "speaker": "老师",
    "text": "这个方程组我们不难解出得到，"
  },
  {
    "start": 1796.89,
    "end": 1798.35,
    "speaker": "老师",
    "text": "k等于二，"
  },
  {
    "start": 1798.91,
    "end": 1800.81,
    "speaker": "老师",
    "text": "b等于三。"
  },
  {
    "start": 1800.83,
    "end": 1802.51,
    "speaker": "老师",
    "text": "同学们，"
  },
  {
    "start": 1802.57,
    "end": 1808.57,
    "speaker": "老师",
    "text": "我们看这道题已知XY的两组对应值，"
  },
  {
    "start": 1808.91,
    "end": 1814.23,
    "speaker": "老师",
    "text": "我们就可以求出k和b的值。"
  },
  {
    "start": 1815.28,
    "end": 1819.72,
    "speaker": "老师",
    "text": "这种解题的方法同学们要掌握。"
  },
  {
    "start": 1819.74,
    "end": 1824.26,
    "speaker": "老师",
    "text": "接下来请跟随老师看练习。"
  },
  {
    "start": 1824.58,
    "end": 1828.52,
    "speaker": "老师",
    "text": "五、一个小球由静止开始，"
  },
  {
    "start": 1828.64,
    "end": 1884.66,
    "speaker": "老师",
    "text": "沿一个斜坡向下滚动，"
  },
  {
    "start": 1884.66,
    "end": 1889.8,
    "speaker": "老师",
    "text": "其速度每秒增加两米每秒。"
  },
  {
    "start": 1889.8,
    "end": 1890.94,
    "speaker": "老师",
    "text": "第一，"
  },
  {
    "start": 1891.06,
    "end": 1896.3,
    "speaker": "老师",
    "text": "小问求小球速度v单位米每秒。"
  },
  {
    "start": 1896.3,
    "end": 1903.58,
    "speaker": "老师",
    "text": "关于时间t单位秒的函数解析式，"
  },
  {
    "start": 1903.58,
    "end": 1905.7,
    "speaker": "老师",
    "text": "它是一次函数吗？"
  },
  {
    "start": 1905.7,
    "end": 1908.66,
    "speaker": "老师",
    "text": "请同学们认真思考，"
  },
  {
    "start": 1908.84,
    "end": 1913.9,
    "speaker": "老师",
    "text": "并把答案写在课堂练习本上。"
  },
  {
    "start": 1914.02,
    "end": 1920.34,
    "speaker": "老师",
    "text": "小球在静止时的速度为零，"
  },
  {
    "start": 1920.42,
    "end": 1923.0,
    "speaker": "老师",
    "text": "在向下滚动时，"
  },
  {
    "start": 1923.76,
    "end": 1929.67,
    "speaker": "老师",
    "text": "其速度每秒增加两米每秒。"
  },
  {
    "start": 1930.13,
    "end": 1933.29,
    "speaker": "老师",
    "text": "那么t秒增加多少呢？"
  },
  {
    "start": 1933.65,
    "end": 1935.05,
    "speaker": "老师",
    "text": "对了，"
  },
  {
    "start": 1935.07,
    "end": 1944.34,
    "speaker": "老师",
    "text": "也就是二t因此小球的速度就等于二t,"
  },
  {
    "start": 1944.4,
    "end": 1955.02,
    "speaker": "老师",
    "text": "也就是v等于二t显然这是一个正比例函数，"
  },
  {
    "start": 1955.24,
    "end": 1957.52,
    "speaker": "老师",
    "text": "所以它也是一次函数。"
  },
  {
    "start": 1957.52,
    "end": 1962.24,
    "speaker": "老师",
    "text": "接下来老师再追问求第二点，"
  },
  {
    "start": 1962.24,
    "end": 1966.5,
    "speaker": "老师",
    "text": "五秒时小球的速度，"
  },
  {
    "start": 1966.58,
    "end": 1970.32,
    "speaker": "老师",
    "text": "请同学们认真思考，"
  },
  {
    "start": 1970.64,
    "end": 1975.64,
    "speaker": "老师",
    "text": "并把答案写在课堂练习本上好。"
  },
  {
    "start": 1975.64,
    "end": 1979.95,
    "speaker": "老师",
    "text": "同学们写完了吗？"
  },
  {
    "start": 1980.33,
    "end": 1983.59,
    "speaker": "老师",
    "text": "我们一起来看一下求小球。"
  },
  {
    "start": 1983.59,
    "end": 1985.73,
    "speaker": "老师",
    "text": "第二点，"
  },
  {
    "start": 1985.73,
    "end": 1987.09,
    "speaker": "老师",
    "text": "五秒时的速度，"
  },
  {
    "start": 1987.09,
    "end": 1994.1,
    "speaker": "老师",
    "text": "也就是求当t等于二点五时v是多少？"
  },
  {
    "start": 1994.26,
    "end": 1999.11,
    "speaker": "老师",
    "text": "所以我们得到当t等于二点五时，"
  },
  {
    "start": 1999.11,
    "end": 2004.54,
    "speaker": "老师",
    "text": "v等于二乘二点五等于五米每秒。"
  },
  {
    "start": 2004.74,
    "end": 2005.94,
    "speaker": "老师",
    "text": "同学们，"
  },
  {
    "start": 2005.94,
    "end": 2011.39,
    "speaker": "老师",
    "text": "你们都写对了吗？"
  },
  {
    "start": 2011.43,
    "end": 2015.45,
    "speaker": "老师",
    "text": "接下来请跟随老师看练习。"
  },
  {
    "start": 2015.67,
    "end": 2020.1,
    "speaker": "老师",
    "text": "六、请同学们认真审题，"
  },
  {
    "start": 2020.1,
    "end": 2025.79,
    "speaker": "老师",
    "text": "并把答案写在课堂练习本上。"
  },
  {
    "start": 2025.81,
    "end": 2027.57,
    "speaker": "老师",
    "text": "同学们写完了吗？"
  },
  {
    "start": 2027.83,
    "end": 2031.39,
    "speaker": "老师",
    "text": "我们一起来看一下，"
  },
  {
    "start": 2031.67,
    "end": 2034.19,
    "speaker": "老师",
    "text": "若y等于k减二，"
  },
  {
    "start": 2034.31,
    "end": 2043.76,
    "speaker": "老师",
    "text": "括号乘x的k减一的绝对值次方加三是一次函数求k的值。"
  },
  {
    "start": 2043.76,
    "end": 2048.47,
    "speaker": "老师",
    "text": "根据一次函数的定义，"
  },
  {
    "start": 2048.47,
    "end": 2060.28,
    "speaker": "老师",
    "text": "它的形式要符合y等于KX加b也就是我们要得到k减一的绝对值等于一。"
  },
  {
    "start": 2060.76,
    "end": 2063.34,
    "speaker": "老师",
    "text": "条件呢KB是常数，"
  },
  {
    "start": 2063.34,
    "end": 2065.44,
    "speaker": "老师",
    "text": "k不等于零，"
  },
  {
    "start": 2065.52,
    "end": 2069.92,
    "speaker": "老师",
    "text": "也就是k减二不等于零。"
  },
  {
    "start": 2069.92,
    "end": 2075.56,
    "speaker": "老师",
    "text": "由此我们解一得到k等于二或k等于零，"
  },
  {
    "start": 2075.56,
    "end": 2079.3,
    "speaker": "老师",
    "text": "由二得k不等于二。"
  },
  {
    "start": 2079.3,
    "end": 2085.0,
    "speaker": "老师",
    "text": "那么这两个解的公共部分就是k等于零。"
  },
  {
    "start": 2085.0,
    "end": 2086.9,
    "speaker": "老师",
    "text": "同学们，"
  },
  {
    "start": 2086.9,
    "end": 2089.03,
    "speaker": "老师",
    "text": "你们答对了吗？"
  },
  {
    "start": 2090.08,
    "end": 2093.24,
    "speaker": "老师",
    "text": "我们在做这样题的时候，"
  },
  {
    "start": 2093.24,
    "end": 2094.72,
    "speaker": "老师",
    "text": "要抓住一次函数的形式，"
  },
  {
    "start": 2094.24,
    "end": 2094.72,
    "speaker": "老师",
    "text": "要符合y等于KX加b条件是KB是常数，"
  },
  {
    "start": 2094.24,
    "end": 2094.72,
    "speaker": "老师",
    "text": "k不等于零，"
  },
  {
    "start": 2094.24,
    "end": 2094.72,
    "speaker": "老师",
    "text": "这式条件必须同时成立，"
  },
  {
    "start": 2094.24,
    "end": 2094.72,
    "speaker": "老师",
    "text": "这样的函数才是一次函数。"
  },
  {
    "start": 2094.24,
    "end": 2094.72,
    "speaker": "老师",
    "text": "同学们不知不觉，"
  },
  {
    "start": 2094.24,
    "end": 2094.72,
    "speaker": "老师",
    "text": "本节课已接近尾声了。"
  },
  {
    "start": 2094.24,
    "end": 2094.72,
    "speaker": "老师",
    "text": "下面我们来对本节课进行一下梳理反思。"
  },
  {
    "start": 2094.24,
    "end": 2094.72,
    "speaker": "老师",
    "text": "今天我们学了什么？"
  },
  {
    "start": 2094.24,
    "end": 2094.72,
    "speaker": "老师",
    "text": "我们通过类比正比例函数的学习方法，"
  },
  {
    "start": 2094.24,
    "end": 2094.72,
    "speaker": "老师",
    "text": "通过建立一次函数的数学模型，"
  },
  {
    "start": 2094.24,
    "end": 2094.72,
    "speaker": "老师",
    "text": "学习了一次函数的概念、形式、条件，"
  },
  {
    "start": 2094.24,
    "end": 2094.72,
    "speaker": "老师",
    "text": "必须同时满足，"
  },
  {
    "start": 2094.24,
    "end": 2094.72,
    "speaker": "老师",
    "text": "这样的函数才是一次函数特别的。"
  },
  {
    "start": 2094.24,
    "end": 2094.72,
    "speaker": "老师",
    "text": "当b等于零时，"
  },
  {
    "start": 2094.24,
    "end": 2094.72,
    "speaker": "老师",
    "text": "我们发现y等于KX加b就变成了正比例函数，"
  },
  {
    "start": 2094.24,
    "end": 2094.72,
    "speaker": "老师",
    "text": "y等于KX."
  },
  {
    "start": 2094.24,
    "end": 2094.72,
    "speaker": "老师",
    "text": "因此，"
  },
  {
    "start": 2094.24,
    "end": 2094.72,
    "speaker": "老师",
    "text": "我们说正比例函数是特殊的一次函数，"
  },
  {
    "start": 2094.24,
    "end": 2094.72,
    "speaker": "老师",
    "text": "那同学们还有什么质疑呢？"
  },
  {
    "start": 2094.24,
    "end": 2094.72,
    "speaker": "老师",
    "text": "课后，"
  },
  {
    "start": 2094.24,
    "end": 2094.72,
    "speaker": "老师",
    "text": "请同学们和你的老师和同学们相互交流。"
  },
  {
    "start": 2094.24,
    "end": 2094.72,
    "speaker": "老师",
    "text": "作业是课堂教学的有效补充和自然延伸。"
  },
  {
    "start": 2094.24,
    "end": 2094.72,
    "speaker": "老师",
    "text": "老师给同学们布置了三项作业。"
  },
  {
    "start": 2094.24,
    "end": 2094.72,
    "speaker": "老师",
    "text": "第一项是巩固性作业，"
  },
  {
    "start": 2094.24,
    "end": 2094.72,
    "speaker": "老师",
    "text": "请同学们完成课本第九十九页。"
  },
  {
    "start": 2094.24,
    "end": 2094.72,
    "speaker": "老师",
    "text": "第三第六小题第二项是拓展性作业，"
  },
  {
    "start": 2094.24,
    "end": 2094.72,
    "speaker": "老师",
    "text": "请同学们完成练习册第三十三页，"
  },
  {
    "start": 2094.24,
    "end": 2094.72,
    "speaker": "老师",
    "text": "第三项是研究性作业，"
  },
  {
    "start": 2094.24,
    "end": 2094.72,
    "speaker": "老师",
    "text": "请同学们预习课本第九十一至九十三页，"
  },
  {
    "start": 2094.24,
    "end": 2094.72,
    "speaker": "老师",
    "text": "希望同学们认真完成好了。"
  },
  {
    "start": 2094.24,
    "end": 2094.72,
    "speaker": "老师",
    "text": "本节课就上到这里，"
  },
  {
    "start": 2094.24,
    "end": 2094.72,
    "speaker": "老师",
    "text": "同学们再见。"
  }
]