[
  {
    "start": 9.26,
    "end": 10.5,
    "speaker": "老师",
    "text": "亲爱的同学们，"
  },
  {
    "start": 10.5,
    "end": 11.7,
    "speaker": "老师",
    "text": "你们好。"
  },
  {
    "start": 11.7,
    "end": 13.0,
    "speaker": "老师",
    "text": "在上一节课，"
  },
  {
    "start": 13.0,
    "end": 20.3,
    "speaker": "老师",
    "text": "我们一起运用了勾股定理以及勾股定理的逆定理来解决一些实际问题。"
  },
  {
    "start": 20.52,
    "end": 27.66,
    "speaker": "老师",
    "text": "那么首先我们一起来回顾一下这两个定理。"
  },
  {
    "start": 27.72,
    "end": 30.7,
    "speaker": "老师",
    "text": "勾股定理和勾股定理的逆定理。"
  },
  {
    "start": 30.7,
    "end": 35.44,
    "speaker": "老师",
    "text": "勾股定理说的是在直角三角形当中，"
  },
  {
    "start": 35.44,
    "end": 39.8,
    "speaker": "老师",
    "text": "如果两条直角边的长为AB,"
  },
  {
    "start": 39.8,
    "end": 45.9,
    "speaker": "老师",
    "text": "斜边为c那么就有a的平方加b的平方等于c的平方。"
  },
  {
    "start": 46.38,
    "end": 49.74,
    "speaker": "老师",
    "text": "而勾股定理的逆定理是，"
  },
  {
    "start": 49.88,
    "end": 58.47,
    "speaker": "老师",
    "text": "如果说三角形的三条边ABC满足a的平方加b的平方等于c的平方，"
  },
  {
    "start": 59.23,
    "end": 62.97,
    "speaker": "老师",
    "text": "那么这个三角形就是直角三角形，"
  },
  {
    "start": 63.19,
    "end": 66.53,
    "speaker": "老师",
    "text": "勾股定理是直角三角形的性质定理。"
  },
  {
    "start": 66.53,
    "end": 72.94,
    "speaker": "老师",
    "text": "而勾股定理的内定理呢是直角三角形的判定定理。"
  },
  {
    "start": 72.94,
    "end": 78.98,
    "speaker": "老师",
    "text": "相信啊这两个定理的内容同学们一定已经非常熟悉了。"
  },
  {
    "start": 79.1,
    "end": 80.54,
    "speaker": "老师",
    "text": "那上节课呢？"
  },
  {
    "start": 80.54,
    "end": 86.82,
    "speaker": "老师",
    "text": "老师还教给了大家如何去运用勾股定理来解决实际问题。"
  },
  {
    "start": 86.82,
    "end": 88.56,
    "speaker": "老师",
    "text": "同学们还记得吗？"
  },
  {
    "start": 88.62,
    "end": 92.98,
    "speaker": "老师",
    "text": "在面对一个具体的实际问题，"
  },
  {
    "start": 92.98,
    "end": 97.0,
    "speaker": "老师",
    "text": "我们需要在这其中建立直角三角形，"
  },
  {
    "start": 97.0,
    "end": 102.81,
    "speaker": "老师",
    "text": "将实际问题转化为我们的数学问题之后呢，"
  },
  {
    "start": 102.81,
    "end": 108.51,
    "speaker": "老师",
    "text": "同学们就可以运用数学知识来解决数学问题，"
  },
  {
    "start": 108.55,
    "end": 111.49,
    "speaker": "老师",
    "text": "得到数学问题的解。"
  },
  {
    "start": 111.63,
    "end": 115.37,
    "speaker": "老师",
    "text": "最后还要赋予数学问题的解，"
  },
  {
    "start": 115.37,
    "end": 121.24,
    "speaker": "老师",
    "text": "以实际的意义最终使得实际问题得以解决。"
  },
  {
    "start": 121.26,
    "end": 126.98,
    "speaker": "老师",
    "text": "那么今天呢老师这里就有一个急待同学们解决的问题。"
  },
  {
    "start": 127.08,
    "end": 131.1,
    "speaker": "老师",
    "text": "大家请看学校需要测量旗杆的高度。"
  },
  {
    "start": 131.1,
    "end": 136.36,
    "speaker": "老师",
    "text": "同学们发现系在旗杆顶端的绳子垂到了地面，"
  },
  {
    "start": 136.46,
    "end": 138.37,
    "speaker": "老师",
    "text": "并多出了一段，"
  },
  {
    "start": 139.19,
    "end": 187.52,
    "speaker": "老师",
    "text": "但是这条绳子的长度是未知的，"
  },
  {
    "start": 187.52,
    "end": 191.6,
    "speaker": "老师",
    "text": "请你用勾股定理来提出一个解决问题的方案。"
  },
  {
    "start": 191.6,
    "end": 192.28,
    "speaker": "老师",
    "text": "好，"
  },
  {
    "start": 192.36,
    "end": 193.12,
    "speaker": "老师",
    "text": "同学们，"
  },
  {
    "start": 193.12,
    "end": 194.82,
    "speaker": "老师",
    "text": "你们自己先试一试吧。"
  },
  {
    "start": 194.82,
    "end": 197.86,
    "speaker": "老师",
    "text": "请大家回到我们这个题目上来，"
  },
  {
    "start": 197.9,
    "end": 200.3,
    "speaker": "老师",
    "text": "我们刚才已经回忆了，"
  },
  {
    "start": 200.3,
    "end": 205.48,
    "speaker": "老师",
    "text": "用勾股定理来解决实际问题的第一步。"
  },
  {
    "start": 205.48,
    "end": 209.62,
    "speaker": "老师",
    "text": "我们就是要将实际问题转化为数学问题。"
  },
  {
    "start": 209.64,
    "end": 216.84,
    "speaker": "老师",
    "text": "那在这这其中呢就要建立出直角三角形的模型。"
  },
  {
    "start": 216.84,
    "end": 218.94,
    "speaker": "老师",
    "text": "对于这道题目而言，"
  },
  {
    "start": 219.1,
    "end": 223.68,
    "speaker": "老师",
    "text": "要建立直角三角形似乎并不困难。"
  },
  {
    "start": 223.68,
    "end": 225.16,
    "speaker": "老师",
    "text": "同学们请看，"
  },
  {
    "start": 225.16,
    "end": 231.8,
    "speaker": "老师",
    "text": "我们只需要呢将绳子沿着同学们请看，"
  },
  {
    "start": 232.2,
    "end": 235.98,
    "speaker": "老师",
    "text": "我们只要只需要将绳子拉直，"
  },
  {
    "start": 236.02,
    "end": 243.34,
    "speaker": "老师",
    "text": "使它的另一端呢与地面有一个交点。"
  },
  {
    "start": 243.34,
    "end": 246.46,
    "speaker": "老师",
    "text": "我们记这个点为点c之后，"
  },
  {
    "start": 246.52,
    "end": 252.78,
    "speaker": "老师",
    "text": "绳子、旗杆以及地面就形成了一个直角三角形，"
  },
  {
    "start": 252.78,
    "end": 256.44,
    "speaker": "老师",
    "text": "这样直角三角形就构造好了，"
  },
  {
    "start": 256.68,
    "end": 261.46,
    "speaker": "老师",
    "text": "题目要我们解决的是要用勾股定理来求直角，"
  },
  {
    "start": 261.46,
    "end": 262.8,
    "speaker": "老师",
    "text": "边要，"
  },
  {
    "start": 262.98,
    "end": 272.21,
    "speaker": "老师",
    "text": "知道斜边和另外一条直角边的长度观察图形。"
  },
  {
    "start": 272.21,
    "end": 275.71,
    "speaker": "老师",
    "text": "我们发现BC这一段在地面上，"
  },
  {
    "start": 276.21,
    "end": 280.31,
    "speaker": "老师",
    "text": "因此啊这一段的长度我们应该是可以测量得到的。"
  },
  {
    "start": 280.31,
    "end": 289.21,
    "speaker": "老师",
    "text": "假设BC我们测量出来为a那么AB和AC都未知怎么办呢？"
  },
  {
    "start": 289.45,
    "end": 293.83,
    "speaker": "老师",
    "text": "这个时候我们再回到题目当中，"
  },
  {
    "start": 293.85,
    "end": 299.45,
    "speaker": "老师",
    "text": "题目里面其实给了我们一个非常重要的信息。"
  },
  {
    "start": 299.45,
    "end": 305.79,
    "speaker": "老师",
    "text": "同学们请看系在旗杆顶端的绳子垂到了地面，"
  },
  {
    "start": 306.61,
    "end": 308.67,
    "speaker": "老师",
    "text": "并且多出了一段。"
  },
  {
    "start": 309.21,
    "end": 312.75,
    "speaker": "老师",
    "text": "这一句话其实就是在告诉我们，"
  },
  {
    "start": 312.77,
    "end": 319.17,
    "speaker": "老师",
    "text": "绳子与旗杆之间其实是存在某种联系的。"
  },
  {
    "start": 319.17,
    "end": 323.23,
    "speaker": "老师",
    "text": "我们来看到第一幅图当中，"
  },
  {
    "start": 323.23,
    "end": 330.63,
    "speaker": "老师",
    "text": "只需要我们将绳子沿着旗杆的方向拉直，"
  },
  {
    "start": 330.63,
    "end": 333.57,
    "speaker": "老师",
    "text": "一直到旗杆的底部。"
  },
  {
    "start": 333.57,
    "end": 339.29,
    "speaker": "老师",
    "text": "这多出来的这一段我们也可以测量得到。"
  },
  {
    "start": 339.53,
    "end": 352.04,
    "speaker": "老师",
    "text": "如果我们假设旗杆的高度为x测量出多出来的绳长为m那么绳长我们就可以用x加m来表示它。"
  },
  {
    "start": 352.22,
    "end": 355.06,
    "speaker": "老师",
    "text": "在直角三角形ABC当中，"
  },
  {
    "start": 355.06,
    "end": 364.2,
    "speaker": "老师",
    "text": "我们知道三边的关系应该是AB的平方等于AC的平方减BC的平方。"
  },
  {
    "start": 364.2,
    "end": 367.64,
    "speaker": "老师",
    "text": "将我们的代数式代入到关系式里，"
  },
  {
    "start": 367.64,
    "end": 371.34,
    "speaker": "老师",
    "text": "可以得到一个关于x的方程，"
  },
  {
    "start": 371.6,
    "end": 375.52,
    "speaker": "老师",
    "text": "a和m都是可以通过测量得到的。"
  },
  {
    "start": 375.52,
    "end": 380.42,
    "speaker": "老师",
    "text": "因此解这个方程可以得到x等于二m分之a的平方，"
  },
  {
    "start": 380.42,
    "end": 382.28,
    "speaker": "老师",
    "text": "减m的平方。"
  },
  {
    "start": 382.28,
    "end": 386.8,
    "speaker": "老师",
    "text": "最后最后我们还要赋予方程的解，"
  },
  {
    "start": 386.82,
    "end": 389.76,
    "speaker": "老师",
    "text": "以实际的意义，"
  },
  {
    "start": 389.76,
    "end": 399.8,
    "speaker": "老师",
    "text": "那也就是旗杆的高度应该为二m分之a的平方减m的平方。"
  },
  {
    "start": 399.88,
    "end": 401.76,
    "speaker": "老师",
    "text": "同学们，"
  },
  {
    "start": 401.86,
    "end": 403.6,
    "speaker": "老师",
    "text": "你们是这样测量的吗？"
  },
  {
    "start": 403.72,
    "end": 409.63,
    "speaker": "老师",
    "text": "有的同学呢可能还提出了不同的测量方案，"
  },
  {
    "start": 409.63,
    "end": 412.31,
    "speaker": "老师",
    "text": "我们一起来看一看。"
  },
  {
    "start": 412.51,
    "end": 415.71,
    "speaker": "老师",
    "text": "如果说绳长是足够的，"
  },
  {
    "start": 415.71,
    "end": 417.49,
    "speaker": "老师",
    "text": "我们可以将绳子拉直，"
  },
  {
    "start": 417.71,
    "end": 426.72,
    "speaker": "老师",
    "text": "使它与地面形成一个六十度的夹角，"
  },
  {
    "start": 426.96,
    "end": 429.96,
    "speaker": "老师",
    "text": "也就是角ACB等于六十度，"
  },
  {
    "start": 430.0,
    "end": 434.14,
    "speaker": "老师",
    "text": "那么角BAC就是三十度。"
  },
  {
    "start": 434.14,
    "end": 435.08,
    "speaker": "老师",
    "text": "因此，"
  },
  {
    "start": 435.08,
    "end": 440.88,
    "speaker": "老师",
    "text": "我们可以得到一个含有三十度角的特殊直角三角形，"
  },
  {
    "start": 440.88,
    "end": 442.9,
    "speaker": "老师",
    "text": "BC的长度。"
  },
  {
    "start": 442.9,
    "end": 446.02,
    "speaker": "老师",
    "text": "我们可以通过测量得到，"
  },
  {
    "start": 446.02,
    "end": 448.98,
    "speaker": "老师",
    "text": "而AC等于两倍的BC,"
  },
  {
    "start": 449.02,
    "end": 451.3,
    "speaker": "老师",
    "text": "再根据勾股定理，"
  },
  {
    "start": 451.3,
    "end": 456.03,
    "speaker": "老师",
    "text": "我们就可以得到AB的长度为多少了？"
  },
  {
    "start": 456.03,
    "end": 458.53,
    "speaker": "老师",
    "text": "同学们一定要注意，"
  },
  {
    "start": 458.65,
    "end": 461.27,
    "speaker": "老师",
    "text": "如果你用的是这种方法，"
  },
  {
    "start": 461.27,
    "end": 465.03,
    "speaker": "老师",
    "text": "那么绳长一定要是足够长的那大家来看，"
  },
  {
    "start": 465.03,
    "end": 469.41,
    "speaker": "老师",
    "text": "既然这个角度可以是六十度，"
  },
  {
    "start": 469.61,
    "end": 472.97,
    "speaker": "老师",
    "text": "那么是不是也可以是四十五度呢？"
  },
  {
    "start": 472.97,
    "end": 477.31,
    "speaker": "老师",
    "text": "是不是也可以是三十度呢？"
  },
  {
    "start": 477.45,
    "end": 482.63,
    "speaker": "老师",
    "text": "同样我们都能构造出一个特殊的直角三角形，"
  },
  {
    "start": 482.63,
    "end": 486.99,
    "speaker": "老师",
    "text": "来回顾我们刚才对这个问题解决的过程。"
  },
  {
    "start": 487.35,
    "end": 492.91,
    "speaker": "老师",
    "text": "我们呢不仅运用到了数学模型的建立，"
  },
  {
    "start": 492.91,
    "end": 496.94,
    "speaker": "老师",
    "text": "同时在解决数学问题的时候，"
  },
  {
    "start": 497.0,
    "end": 501.72,
    "speaker": "老师",
    "text": "我们还巧妙的运用到了方程的思想，"
  },
  {
    "start": 501.78,
    "end": 507.28,
    "speaker": "老师",
    "text": "把代数的知识与几何的知识联系到一起来。"
  },
  {
    "start": 507.32,
    "end": 512.51,
    "speaker": "老师",
    "text": "可见呢我们的数学知识是融会贯通的。"
  },
  {
    "start": 512.51,
    "end": 560.84,
    "speaker": "老师",
    "text": "那么同学们其实啊学习数学不仅仅要有敏捷的思维，"
  },
  {
    "start": 560.84,
    "end": 564.16,
    "speaker": "老师",
    "text": "同时还要有灵活的双手。"
  },
  {
    "start": 564.42,
    "end": 571.22,
    "speaker": "老师",
    "text": "请同学们像老师一样准备四个全等的直角三角形，"
  },
  {
    "start": 571.22,
    "end": 580.66,
    "speaker": "老师",
    "text": "我们呢一起来做个小小的拼图游戏。"
  },
  {
    "start": 580.9,
    "end": 588.52,
    "speaker": "老师",
    "text": "请大家用四张全等的直角三角形纸片拼出含有正方形的图案，"
  },
  {
    "start": 588.6,
    "end": 598.51,
    "speaker": "老师",
    "text": "要求拼图时直角三角形纸片不能相互重叠。"
  },
  {
    "start": 598.51,
    "end": 600.39,
    "speaker": "老师",
    "text": "你能有几种不同的拼法呢？"
  },
  {
    "start": 600.39,
    "end": 600.79,
    "speaker": "老师",
    "text": "来，"
  },
  {
    "start": 600.79,
    "end": 603.61,
    "speaker": "老师",
    "text": "请大家自己先试一试。"
  },
  {
    "start": 603.61,
    "end": 607.85,
    "speaker": "老师",
    "text": "有的同学呀一下子就抓住了正方形的本质，"
  },
  {
    "start": 607.91,
    "end": 610.33,
    "speaker": "老师",
    "text": "那就是四条边是相等的。"
  },
  {
    "start": 610.33,
    "end": 616.59,
    "speaker": "老师",
    "text": "因此呢他用到了直角三角形的对应边来，"
  },
  {
    "start": 616.59,
    "end": 618.43,
    "speaker": "老师",
    "text": "作为正方形的边长，"
  },
  {
    "start": 618.43,
    "end": 620.95,
    "speaker": "老师",
    "text": "拼出来了如下的图形。"
  },
  {
    "start": 620.95,
    "end": 625.29,
    "speaker": "老师",
    "text": "当然还有的同学呀非常的聪明，"
  },
  {
    "start": 626.22,
    "end": 630.8,
    "speaker": "老师",
    "text": "他们呢运用三角形边长的差来作为正方形的边长，"
  },
  {
    "start": 630.8,
    "end": 632.4,
    "speaker": "老师",
    "text": "拼出了如下的图形。"
  },
  {
    "start": 632.6,
    "end": 634.37,
    "speaker": "老师",
    "text": "请看，"
  },
  {
    "start": 634.37,
    "end": 637.63,
    "speaker": "老师",
    "text": "也许你们拼出的图案呢，"
  },
  {
    "start": 637.63,
    "end": 640.59,
    "speaker": "老师",
    "text": "还有个老师不一样的。"
  },
  {
    "start": 640.59,
    "end": 645.31,
    "speaker": "老师",
    "text": "那么我们先看老师列举出来的这些图案，"
  },
  {
    "start": 645.31,
    "end": 656.78,
    "speaker": "老师",
    "text": "我们发现这其中啊其实有两个图案是比较特殊的。"
  },
  {
    "start": 657.08,
    "end": 658.46,
    "speaker": "老师",
    "text": "哪两个呢？"
  },
  {
    "start": 658.46,
    "end": 659.3,
    "speaker": "老师",
    "text": "没错，"
  },
  {
    "start": 659.3,
    "end": 667.72,
    "speaker": "老师",
    "text": "一个是它还有一个呢是它为什么说这两个图案比较特殊呢？"
  },
  {
    "start": 667.72,
    "end": 672.8,
    "speaker": "老师",
    "text": "因为在这两个图案当中都同时包含了两个正方形，"
  },
  {
    "start": 672.82,
    "end": 681.38,
    "speaker": "老师",
    "text": "对于这个图形相信同学们一定已经再熟悉不过了，"
  },
  {
    "start": 681.44,
    "end": 693.54,
    "speaker": "老师",
    "text": "这个呢就是我们的赵爽贤图。"
  },
  {
    "start": 693.54,
    "end": 701.15,
    "speaker": "老师",
    "text": "同时啊它也是二零零二年数学家大会的会标。"
  },
  {
    "start": 701.15,
    "end": 705.52,
    "speaker": "老师",
    "text": "同学们还记得赵爽是如何证明勾股定理的吗？"
  },
  {
    "start": 705.52,
    "end": 709.66,
    "speaker": "老师",
    "text": "那我们一起先来回顾一下，"
  },
  {
    "start": 709.74,
    "end": 710.2,
    "speaker": "老师",
    "text": "嗯，"
  },
  {
    "start": 710.78,
    "end": 718.64,
    "speaker": "老师",
    "text": "不赵爽呢用两个边长分别为a和b的正方形连在了一起之后啊，"
  },
  {
    "start": 718.76,
    "end": 722.12,
    "speaker": "老师",
    "text": "对这个图形进行分割，"
  },
  {
    "start": 722.12,
    "end": 727.96,
    "speaker": "老师",
    "text": "分割成四个全等的直角三角形和一个小正方形。"
  },
  {
    "start": 727.98,
    "end": 737.59,
    "speaker": "老师",
    "text": "那这些直角三角形的两条直角边分别为a和b斜边为c然后呢再做了如下的图形变换。"
  },
  {
    "start": 737.63,
    "end": 738.27,
    "speaker": "老师",
    "text": "好，"
  },
  {
    "start": 738.31,
    "end": 740.47,
    "speaker": "老师",
    "text": "我们再来看一次，"
  },
  {
    "start": 740.47,
    "end": 744.05,
    "speaker": "老师",
    "text": "这样呢就得到了我们刚才的图形了。"
  },
  {
    "start": 744.05,
    "end": 749.55,
    "speaker": "老师",
    "text": "那么赵爽是如何证明勾股定理的呢？"
  },
  {
    "start": 749.55,
    "end": 754.66,
    "speaker": "老师",
    "text": "我们一起来看一看，"
  },
  {
    "start": 754.66,
    "end": 758.98,
    "speaker": "老师",
    "text": "直角三角形两条直角边分别为AB,"
  },
  {
    "start": 759.08,
    "end": 768.33,
    "speaker": "老师",
    "text": "斜边为c最终拼得的大正方形的边长就为c因此这个正方形的面积应该是c的平方。"
  },
  {
    "start": 768.33,
    "end": 769.37,
    "speaker": "老师",
    "text": "除此之外，"
  },
  {
    "start": 769.37,
    "end": 777.25,
    "speaker": "老师",
    "text": "我们还可以运用四个直角三角形的面积，"
  },
  {
    "start": 777.25,
    "end": 782.73,
    "speaker": "老师",
    "text": "加上中间这个小正方形的面积来表示大正方形的面积，"
  },
  {
    "start": 783.05,
    "end": 832.52,
    "speaker": "老师",
    "text": "直角三角形的面积为二分之一AB,"
  },
  {
    "start": 832.52,
    "end": 836.76,
    "speaker": "老师",
    "text": "那四个就应该是四乘以二分之一AB."
  },
  {
    "start": 836.76,
    "end": 837.04,
    "speaker": "老师",
    "text": "好，"
  },
  {
    "start": 837.04,
    "end": 840.76,
    "speaker": "老师",
    "text": "再来看中间这个小正方形，"
  },
  {
    "start": 840.76,
    "end": 843.08,
    "speaker": "老师",
    "text": "它的边长是多少呢？"
  },
  {
    "start": 843.14,
    "end": 844.15,
    "speaker": "老师",
    "text": "没错，"
  },
  {
    "start": 846.23,
    "end": 851.61,
    "speaker": "老师",
    "text": "应该是b减a因此啊我们可以得到这样的式子，"
  },
  {
    "start": 851.85,
    "end": 853.61,
    "speaker": "老师",
    "text": "通过整理式子，"
  },
  {
    "start": 853.61,
    "end": 861.45,
    "speaker": "老师",
    "text": "我们可以得出c的平方等于a的平方加b的平方，"
  },
  {
    "start": 861.45,
    "end": 864.29,
    "speaker": "老师",
    "text": "也就是我们的勾股定理了。"
  },
  {
    "start": 864.33,
    "end": 873.31,
    "speaker": "老师",
    "text": "那么接下来我们再来看一看刚才我们拼出来的另外一个特殊图形。"
  },
  {
    "start": 873.57,
    "end": 874.55,
    "speaker": "老师",
    "text": "同学们，"
  },
  {
    "start": 874.57,
    "end": 878.27,
    "speaker": "老师",
    "text": "请看根据赵爽刚才的证明方法，"
  },
  {
    "start": 878.27,
    "end": 883.73,
    "speaker": "老师",
    "text": "你们能不能通过这个图形来证明勾股定理呢？"
  },
  {
    "start": 883.79,
    "end": 887.7,
    "speaker": "老师",
    "text": "请大家自己先尝试一下。"
  },
  {
    "start": 887.7,
    "end": 888.3,
    "speaker": "老师",
    "text": "好了。"
  },
  {
    "start": 888.54,
    "end": 889.3,
    "speaker": "老师",
    "text": "同学们，"
  },
  {
    "start": 889.38,
    "end": 893.14,
    "speaker": "老师",
    "text": "我们一起来看这个大正方形，"
  },
  {
    "start": 893.14,
    "end": 895.84,
    "speaker": "老师",
    "text": "它的边长应该为多少呢？"
  },
  {
    "start": 895.96,
    "end": 896.5,
    "speaker": "老师",
    "text": "哦，"
  },
  {
    "start": 896.52,
    "end": 902.9,
    "speaker": "老师",
    "text": "a加b因此它的面积就应该是a加b的和的平方。"
  },
  {
    "start": 902.9,
    "end": 904.16,
    "speaker": "老师",
    "text": "除此之外，"
  },
  {
    "start": 904.36,
    "end": 908.12,
    "speaker": "老师",
    "text": "我们还可以用四个三角形的面积，"
  },
  {
    "start": 908.12,
    "end": 910.92,
    "speaker": "老师",
    "text": "加上小正方形的面积来得，"
  },
  {
    "start": 910.94,
    "end": 958.91,
    "speaker": "老师",
    "text": "那就是四乘以二分之一的AB,"
  },
  {
    "start": 958.91,
    "end": 961.15,
    "speaker": "老师",
    "text": "还要加上c的平方。"
  },
  {
    "start": 961.15,
    "end": 962.87,
    "speaker": "老师",
    "text": "通过整理式子，"
  },
  {
    "start": 962.87,
    "end": 968.53,
    "speaker": "老师",
    "text": "我们可以得到a的平方加b的平方等于c的平方。"
  },
  {
    "start": 968.53,
    "end": 971.89,
    "speaker": "老师",
    "text": "同样我们得出了勾股定理，"
  },
  {
    "start": 972.07,
    "end": 978.13,
    "speaker": "老师",
    "text": "其实啊这也就是毕达哥拉斯证明勾股定理的方法。"
  },
  {
    "start": 978.45,
    "end": 982.39,
    "speaker": "老师",
    "text": "无论是赵爽还是毕达哥拉斯，"
  },
  {
    "start": 982.63,
    "end": 987.81,
    "speaker": "老师",
    "text": "他们运用的都是等面积法。"
  },
  {
    "start": 988.31,
    "end": 990.13,
    "speaker": "老师",
    "text": "对于一个图形，"
  },
  {
    "start": 990.13,
    "end": 995.22,
    "speaker": "老师",
    "text": "用不同的方法把它的面积表示出来，"
  },
  {
    "start": 995.22,
    "end": 997.66,
    "speaker": "老师",
    "text": "从而得出了勾股定理。"
  },
  {
    "start": 997.68,
    "end": 1001.59,
    "speaker": "老师",
    "text": "那么接下来呢老师要将难度升级，"
  },
  {
    "start": 1001.59,
    "end": 1006.29,
    "speaker": "老师",
    "text": "刚才我们运用到了四个全等的直角三角形。"
  },
  {
    "start": 1006.29,
    "end": 1011.97,
    "speaker": "老师",
    "text": "那现在呢同学们只能用两个全等的直角三角形，"
  },
  {
    "start": 1011.97,
    "end": 1015.43,
    "speaker": "老师",
    "text": "你们能够证明出勾股定理吗？"
  },
  {
    "start": 1015.43,
    "end": 1015.85,
    "speaker": "老师",
    "text": "来，"
  },
  {
    "start": 1016.03,
    "end": 1019.69,
    "speaker": "老师",
    "text": "请大家自己先试一试。"
  },
  {
    "start": 1019.87,
    "end": 1026.89,
    "speaker": "老师",
    "text": "这样同学们请看为什么这两个直角三角形是如此摆放的呢？"
  },
  {
    "start": 1026.99,
    "end": 1031.3,
    "speaker": "老师",
    "text": "我们发现只需要连接其中的两个点，"
  },
  {
    "start": 1031.3,
    "end": 1035.35,
    "speaker": "老师",
    "text": "我们就可以得到一个梯形。"
  },
  {
    "start": 1035.41,
    "end": 1040.09,
    "speaker": "老师",
    "text": "大家还记得梯形的面积是如何计算的吗？"
  },
  {
    "start": 1040.09,
    "end": 1043.21,
    "speaker": "老师",
    "text": "上底加下底的和乘以高除以二，"
  },
  {
    "start": 1043.35,
    "end": 1045.99,
    "speaker": "老师",
    "text": "那么对于这个梯形来说，"
  },
  {
    "start": 1045.99,
    "end": 1053.79,
    "speaker": "老师",
    "text": "上底a下底为b高为a加b因此它的面积我们可以这样来表示它。"
  },
  {
    "start": 1053.79,
    "end": 1055.31,
    "speaker": "老师",
    "text": "除此之外，"
  },
  {
    "start": 1055.39,
    "end": 1062.93,
    "speaker": "老师",
    "text": "我们还可以用三个三角形的面积之和来表示这个梯形的面积，"
  },
  {
    "start": 1063.09,
    "end": 1065.45,
    "speaker": "老师",
    "text": "两个白色的三角形，"
  },
  {
    "start": 1065.47,
    "end": 1070.27,
    "speaker": "老师",
    "text": "它的面积应该分别为二分之一的AB."
  },
  {
    "start": 1070.27,
    "end": 1072.67,
    "speaker": "老师",
    "text": "而中间的这一个三角形呢，"
  },
  {
    "start": 1072.67,
    "end": 1078.61,
    "speaker": "老师",
    "text": "我们发现啊它是一个等腰直角三角形，"
  },
  {
    "start": 1078.63,
    "end": 1083.39,
    "speaker": "老师",
    "text": "它的面积应该为二分之一c的平方，"
  },
  {
    "start": 1083.47,
    "end": 1091.93,
    "speaker": "老师",
    "text": "从而我们可以得出二乘以二分之一AB加二分之一c的平方也是梯形的面积。"
  },
  {
    "start": 1091.93,
    "end": 1138.94,
    "speaker": "老师",
    "text": "那么整理这个式子，"
  },
  {
    "start": 1138.94,
    "end": 1147.66,
    "speaker": "老师",
    "text": "我们可以得到a的平方加b的平方等于c的平方。"
  },
  {
    "start": 1147.66,
    "end": 1154.83,
    "speaker": "老师",
    "text": "当然这个证明勾股定理的方法呀，"
  },
  {
    "start": 1154.83,
    "end": 1158.93,
    "speaker": "老师",
    "text": "并不是老师的原创，"
  },
  {
    "start": 1159.13,
    "end": 1167.78,
    "speaker": "老师",
    "text": "他是美国第二十任总统加菲尔德的证明思路。"
  },
  {
    "start": 1167.78,
    "end": 1176.18,
    "speaker": "老师",
    "text": "看来呀我们的数学真的是魅力非常的大从平民百姓，"
  },
  {
    "start": 1176.18,
    "end": 1179.49,
    "speaker": "老师",
    "text": "到帝王总统都被他所吸引。"
  },
  {
    "start": 1179.49,
    "end": 1182.85,
    "speaker": "老师",
    "text": "但是呢说到勾股定理的证明方法，"
  },
  {
    "start": 1182.85,
    "end": 1187.27,
    "speaker": "老师",
    "text": "还有一人不得不提，"
  },
  {
    "start": 1187.27,
    "end": 1199.45,
    "speaker": "老师",
    "text": "那就是我们的几何之父欧几理德他在几何原本当中也记载了证明勾股定理的方法，"
  },
  {
    "start": 1199.59,
    "end": 1202.93,
    "speaker": "老师",
    "text": "我们一起来看一看。"
  },
  {
    "start": 1202.97,
    "end": 1206.17,
    "speaker": "老师",
    "text": "以直角三角形的三条边为边长，"
  },
  {
    "start": 1206.17,
    "end": 1208.55,
    "speaker": "老师",
    "text": "分别向外做正方形，"
  },
  {
    "start": 1208.55,
    "end": 1211.33,
    "speaker": "老师",
    "text": "可以得到如下图形。"
  },
  {
    "start": 1211.45,
    "end": 1217.15,
    "speaker": "老师",
    "text": "那么欧几里得究竟是如何证明的呢？"
  },
  {
    "start": 1217.15,
    "end": 1223.67,
    "speaker": "老师",
    "text": "请同学们啊自己先思考，"
  },
  {
    "start": 1223.97,
    "end": 1233.3,
    "speaker": "老师",
    "text": "看看谁能够与欧几里得想到一块去得到这个图形。"
  },
  {
    "start": 1233.3,
    "end": 1239.24,
    "speaker": "老师",
    "text": "之后OG里得过点e做BC的垂线，"
  },
  {
    "start": 1239.32,
    "end": 1249.08,
    "speaker": "老师",
    "text": "交BC于点n交AD于点m这样呢MN就将这样呢，"
  },
  {
    "start": 1249.1,
    "end": 1257.68,
    "speaker": "老师",
    "text": "MN就将正方形ABCD分割成了两个长方形。"
  },
  {
    "start": 1257.68,
    "end": 1265.52,
    "speaker": "老师",
    "text": "最后啊欧几里得连接ID得到三角形AID."
  },
  {
    "start": 1265.56,
    "end": 1267.1,
    "speaker": "老师",
    "text": "同学们，"
  },
  {
    "start": 1267.4,
    "end": 1277.83,
    "speaker": "老师",
    "text": "请看三角形AID的面积与正方形AEHI的面积是怎样的关系呢？"
  },
  {
    "start": 1278.93,
    "end": 1287.07,
    "speaker": "老师",
    "text": "好像大家一时半会儿还并不能看出来。"
  },
  {
    "start": 1287.11,
    "end": 1289.46,
    "speaker": "老师",
    "text": "没关系，"
  },
  {
    "start": 1289.5,
    "end": 1292.08,
    "speaker": "老师",
    "text": "老师呢给大家找一个桥梁，"
  },
  {
    "start": 1292.08,
    "end": 1306.65,
    "speaker": "老师",
    "text": "大家来看三角形AIH与三角形AID之间又是什么样的关系呢？"
  },
  {
    "start": 1306.79,
    "end": 1313.5,
    "speaker": "老师",
    "text": "我们发现这两个三角形有一条边长是相同的，"
  },
  {
    "start": 1313.6,
    "end": 1317.28,
    "speaker": "老师",
    "text": "那么要看面积关系，"
  },
  {
    "start": 1317.7,
    "end": 1325.23,
    "speaker": "老师",
    "text": "还要知道它的高有怎样的关系。"
  },
  {
    "start": 1325.23,
    "end": 1326.79,
    "speaker": "老师",
    "text": "不难发现，"
  },
  {
    "start": 1327.03,
    "end": 1334.21,
    "speaker": "老师",
    "text": "这两个三角形应该是同底等高的，"
  },
  {
    "start": 1334.25,
    "end": 1340.31,
    "speaker": "老师",
    "text": "因此它们的面积是相等的，"
  },
  {
    "start": 1340.41,
    "end": 1348.63,
    "speaker": "老师",
    "text": "而三角形AIH的面积又等于正方形AEHI面积的二分之一。"
  },
  {
    "start": 1348.93,
    "end": 1368.98,
    "speaker": "老师",
    "text": "从而呢我们可以得到三角形AID的面积应该也等于正方形AEHI面积的二分之一。"
  },
  {
    "start": 1369.04,
    "end": 1369.9,
    "speaker": "老师",
    "text": "好，"
  },
  {
    "start": 1370.18,
    "end": 1390.28,
    "speaker": "老师",
    "text": "我们继续往后看同学们再来看看这个三角形三角形ABE的面积与长方形ABNM的面积又有怎样的关系呢？"
  },
  {
    "start": 1390.48,
    "end": 1395.04,
    "speaker": "老师",
    "text": "同样我们呢还要搭起一座桥梁，"
  },
  {
    "start": 1395.12,
    "end": 1399.04,
    "speaker": "老师",
    "text": "来三角形ABE与三角形ABN."
  },
  {
    "start": 1399.04,
    "end": 1400.12,
    "speaker": "老师",
    "text": "不难发现，"
  },
  {
    "start": 1400.64,
    "end": 1402.94,
    "speaker": "老师",
    "text": "它们同样同同底等高，"
  },
  {
    "start": 1403.18,
    "end": 1407.2,
    "speaker": "老师",
    "text": "因此它们的面积应该是相等的。"
  },
  {
    "start": 1407.2,
    "end": 1414.2,
    "speaker": "老师",
    "text": "而三角形ABN的面积又等于二分之一长方形ABNM的面积。"
  },
  {
    "start": 1414.2,
    "end": 1418.98,
    "speaker": "老师",
    "text": "因此啊我们可以得到三角形ABE的面积，"
  },
  {
    "start": 1418.98,
    "end": 1423.18,
    "speaker": "老师",
    "text": "也等于二分之一长方形ABNM的面积。"
  },
  {
    "start": 1423.18,
    "end": 1425.34,
    "speaker": "老师",
    "text": "那我们再来看一看，"
  },
  {
    "start": 1425.34,
    "end": 1425.82,
    "speaker": "老师",
    "text": "嗯，"
  },
  {
    "start": 1425.82,
    "end": 1433.14,
    "speaker": "老师",
    "text": "三角形AID与三角形AEB之间又有什么样的关系呢？"
  },
  {
    "start": 1433.14,
    "end": 1439.74,
    "speaker": "老师",
    "text": "我们发现啊这两个三角形AI等于AE,"
  },
  {
    "start": 1439.84,
    "end": 1442.66,
    "speaker": "老师",
    "text": "AD等于AB,"
  },
  {
    "start": 1442.66,
    "end": 1447.95,
    "speaker": "老师",
    "text": "也就是它们有两组，"
  },
  {
    "start": 1448.23,
    "end": 1450.09,
    "speaker": "老师",
    "text": "对应边是相等的。"
  },
  {
    "start": 1450.09,
    "end": 1453.71,
    "speaker": "老师",
    "text": "而中间的夹角IAD与EAB呢，"
  },
  {
    "start": 1453.71,
    "end": 1457.23,
    "speaker": "老师",
    "text": "刚好都是一个直角，"
  },
  {
    "start": 1457.23,
    "end": 1459.61,
    "speaker": "老师",
    "text": "加上角EAD,"
  },
  {
    "start": 1459.61,
    "end": 1461.61,
    "speaker": "老师",
    "text": "所以两组对边相等，"
  },
  {
    "start": 1461.65,
    "end": 1463.45,
    "speaker": "老师",
    "text": "并且夹角相等。"
  },
  {
    "start": 1463.45,
    "end": 1466.21,
    "speaker": "老师",
    "text": "这两个三角形的关系是没错，"
  },
  {
    "start": 1466.21,
    "end": 1467.65,
    "speaker": "老师",
    "text": "全等既然全等，"
  },
  {
    "start": 1468.01,
    "end": 1473.03,
    "speaker": "老师",
    "text": "那么它们的面积也应该是相等的。"
  },
  {
    "start": 1473.05,
    "end": 1481.45,
    "speaker": "老师",
    "text": "从而呢我们可以得到正方形AEHI与长方形ABNM的面积应该也是相等的。"
  },
  {
    "start": 1481.45,
    "end": 1481.91,
    "speaker": "老师",
    "text": "同理，"
  },
  {
    "start": 1482.13,
    "end": 1496.05,
    "speaker": "老师",
    "text": "我们还可以得到正方形DEFG与长方形CDMN的面积也是相等的那也就意味着两个小正方形的面积之和刚好等于这个大正方形的面积。"
  },
  {
    "start": 1496.17,
    "end": 1500.43,
    "speaker": "老师",
    "text": "如果两个小正方形的边长分别为AB,"
  },
  {
    "start": 1500.43,
    "end": 1507.43,
    "speaker": "老师",
    "text": "大正方形的边长为c那是不是就有a的平方加b的平方等于c的平方呢？"
  },
  {
    "start": 1507.43,
    "end": 1510.01,
    "speaker": "老师",
    "text": "也就是勾股定理。"
  },
  {
    "start": 1510.05,
    "end": 1511.93,
    "speaker": "老师",
    "text": "大家可以看到啊，"
  },
  {
    "start": 1511.93,
    "end": 1518.0,
    "speaker": "老师",
    "text": "欧几里德证明勾股定理的方法其实并不简单。"
  },
  {
    "start": 1518.0,
    "end": 1520.74,
    "speaker": "老师",
    "text": "但是啊它所用的方法当中，"
  },
  {
    "start": 1520.74,
    "end": 1523.6,
    "speaker": "老师",
    "text": "其实蕴含了更多的数学知识。"
  },
  {
    "start": 1523.6,
    "end": 1525.28,
    "speaker": "老师",
    "text": "在课程的最后，"
  },
  {
    "start": 1525.28,
    "end": 1530.3,
    "speaker": "老师",
    "text": "我啊请同学们一起来观看一个勾股定理的动画短片。"
  },
  {
    "start": 1530.44,
    "end": 1535.28,
    "speaker": "老师",
    "text": "我们再对勾股定理来进行一个简单的回顾。"
  },
  {
    "start": 1535.28,
    "end": 1536.06,
    "speaker": "老师",
    "text": "勾股定理。"
  },
  {
    "start": 1536.06,
    "end": 1537.6,
    "speaker": "老师",
    "text": "这是什么三角形？"
  },
  {
    "start": 1537.6,
    "end": 1538.98,
    "speaker": "老师",
    "text": "再说具体点呢，"
  },
  {
    "start": 1538.98,
    "end": 1541.42,
    "speaker": "老师",
    "text": "直角三角形此乃勾股星也。"
  },
  {
    "start": 1541.42,
    "end": 1541.8,
    "speaker": "老师",
    "text": "哎，"
  },
  {
    "start": 1541.94,
    "end": 1542.76,
    "speaker": "老师",
    "text": "你说啥？"
  },
  {
    "start": 1542.76,
    "end": 1543.0,
    "speaker": "老师",
    "text": "呃，"
  },
  {
    "start": 1543.0,
    "end": 1546.42,
    "speaker": "老师",
    "text": "古时候直角三角形就叫勾股形，"
  },
  {
    "start": 1546.42,
    "end": 1549.28,
    "speaker": "老师",
    "text": "两条直角边里短的是勾长的为股，"
  },
  {
    "start": 1549.28,
    "end": 1550.54,
    "speaker": "老师",
    "text": "斜边则叫弦，"
  },
  {
    "start": 1550.54,
    "end": 1551.56,
    "speaker": "老师",
    "text": "注意是弦，"
  },
  {
    "start": 1551.68,
    "end": 1552.46,
    "speaker": "老师",
    "text": "不是悬。"
  },
  {
    "start": 1552.46,
    "end": 1562.48,
    "speaker": "老师",
    "text": "直角边的长度分别记为a和b斜边长度记为c则一定有a的平方加b的平方等于c的平方，"
  },
  {
    "start": 1562.48,
    "end": 1564.32,
    "speaker": "老师",
    "text": "这就是勾股定理，"
  },
  {
    "start": 1564.44,
    "end": 1565.24,
    "speaker": "老师",
    "text": "好神奇。"
  },
  {
    "start": 1565.24,
    "end": 1567.7,
    "speaker": "老师",
    "text": "数和形的完美结合。"
  },
  {
    "start": 1567.7,
    "end": 1568.76,
    "speaker": "老师",
    "text": "正因如此，"
  },
  {
    "start": 1568.82,
    "end": 1572.72,
    "speaker": "老师",
    "text": "古今中外的很多人都为他疯狂中国的商高。"
  },
  {
    "start": 1572.72,
    "end": 1577.64,
    "speaker": "老师",
    "text": "赵爽刘辉、古希腊的毕达哥拉斯欧几里德，"
  },
  {
    "start": 1577.64,
    "end": 1579.42,
    "speaker": "老师",
    "text": "甚至还有美国总统。"
  },
  {
    "start": 1579.42,
    "end": 1581.4,
    "speaker": "老师",
    "text": "截止目前，"
  },
  {
    "start": 1581.46,
    "end": 1585.78,
    "speaker": "老师",
    "text": "勾股定理已经有了超过三百种证明方法，"
  },
  {
    "start": 1585.84,
    "end": 1590.82,
    "speaker": "老师",
    "text": "有一些思路比较清晰的想出了这样的证明，"
  },
  {
    "start": 1590.82,
    "end": 1591.6,
    "speaker": "老师",
    "text": "解释一下。"
  },
  {
    "start": 1591.72,
    "end": 1595.59,
    "speaker": "老师",
    "text": "中间的三角形是直角三角形，"
  },
  {
    "start": 1595.59,
    "end": 1597.31,
    "speaker": "老师",
    "text": "以三条边为边长，"
  },
  {
    "start": 1597.31,
    "end": 1600.01,
    "speaker": "老师",
    "text": "向外分别做三个正方形。"
  },
  {
    "start": 1600.01,
    "end": 1604.19,
    "speaker": "老师",
    "text": "妈妈的面积就是a的平方，"
  },
  {
    "start": 1604.19,
    "end": 1605.27,
    "speaker": "老师",
    "text": "b的平方，"
  },
  {
    "start": 1605.27,
    "end": 1606.67,
    "speaker": "老师",
    "text": "c的平方，"
  },
  {
    "start": 1606.71,
    "end": 1610.23,
    "speaker": "老师",
    "text": "这俩小的正方形里装满水转一下水，"
  },
  {
    "start": 1610.23,
    "end": 1611.35,
    "speaker": "老师",
    "text": "全部留下来，"
  },
  {
    "start": 1611.35,
    "end": 1614.31,
    "speaker": "老师",
    "text": "刚好装满大正方形多直观，"
  },
  {
    "start": 1614.31,
    "end": 1615.55,
    "speaker": "老师",
    "text": "不过这叫验证。"
  },
  {
    "start": 1615.55,
    "end": 1618.31,
    "speaker": "老师",
    "text": "下面的才是证明给两个大正方形，"
  },
  {
    "start": 1618.31,
    "end": 1623.09,
    "speaker": "老师",
    "text": "它们的边长都是a加b左边的正方形，"
  },
  {
    "start": 1623.21,
    "end": 1623.97,
    "speaker": "老师",
    "text": "这样分割，"
  },
  {
    "start": 1623.97,
    "end": 1628.89,
    "speaker": "老师",
    "text": "得到两个正方形和四个一模一样的直角三角形。"
  },
  {
    "start": 1628.89,
    "end": 1632.61,
    "speaker": "老师",
    "text": "这些图形的面积分别是a的平方，"
  },
  {
    "start": 1632.61,
    "end": 1635.17,
    "speaker": "老师",
    "text": "b的平方和二分之一AB."
  },
  {
    "start": 1635.25,
    "end": 1638.47,
    "speaker": "老师",
    "text": "右边的正方形分割之后，"
  },
  {
    "start": 1638.47,
    "end": 1643.87,
    "speaker": "老师",
    "text": "得到一个正方形和同样的四个直角三角形，"
  },
  {
    "start": 1644.15,
    "end": 1647.63,
    "speaker": "老师",
    "text": "直角三角形的面积还是二分之一AB,"
  },
  {
    "start": 1647.63,
    "end": 1651.23,
    "speaker": "老师",
    "text": "而正方形的边长刚好是直角三角形的斜边，"
  },
  {
    "start": 1651.23,
    "end": 1654.17,
    "speaker": "老师",
    "text": "c两边都减去这四个三角形，"
  },
  {
    "start": 1654.17,
    "end": 1655.83,
    "speaker": "老师",
    "text": "就可以得到a的平方，"
  },
  {
    "start": 1655.83,
    "end": 1659.19,
    "speaker": "老师",
    "text": "加b的平方等于c的平方。"
  },
  {
    "start": 1659.31,
    "end": 1661.47,
    "speaker": "老师",
    "text": "再比如青珠出入图，"
  },
  {
    "start": 1661.47,
    "end": 1668.74,
    "speaker": "老师",
    "text": "也是把两个正方形合成一个大正方形，"
  },
  {
    "start": 1668.74,
    "end": 1671.94,
    "speaker": "老师",
    "text": "直角三角形的三边之间也满足a的平方，"
  },
  {
    "start": 1671.94,
    "end": 1674.34,
    "speaker": "老师",
    "text": "加b的平方等于c的平方。"
  },
  {
    "start": 1674.34,
    "end": 1675.86,
    "speaker": "老师",
    "text": "如果a等于三，"
  },
  {
    "start": 1675.86,
    "end": 1676.96,
    "speaker": "老师",
    "text": "b等于四，"
  },
  {
    "start": 1676.96,
    "end": 1681.0,
    "speaker": "老师",
    "text": "那c的平方就等于三的平方，"
  },
  {
    "start": 1681.0,
    "end": 1683.2,
    "speaker": "老师",
    "text": "加四的平方等于二十五，"
  },
  {
    "start": 1683.22,
    "end": 1684.44,
    "speaker": "老师",
    "text": "c就是五。"
  },
  {
    "start": 1684.56,
    "end": 1688.86,
    "speaker": "老师",
    "text": "像这样的一组满足勾股定理的整数，"
  },
  {
    "start": 1688.86,
    "end": 1690.46,
    "speaker": "老师",
    "text": "就称之为勾股数，"
  },
  {
    "start": 1690.62,
    "end": 1692.62,
    "speaker": "老师",
    "text": "也见的勾股数。"
  },
  {
    "start": 1692.62,
    "end": 1693.46,
    "speaker": "老师",
    "text": "除了三四五，"
  },
  {
    "start": 1693.46,
    "end": 1697.1,
    "speaker": "老师",
    "text": "还有五十、二十三和八十五十七，"
  },
  {
    "start": 1697.1,
    "end": 1699.99,
    "speaker": "老师",
    "text": "再回头看b达格拉斯，"
  },
  {
    "start": 1700.21,
    "end": 1703.33,
    "speaker": "老师",
    "text": "它证明了勾股定理之后特别嗨，"
  },
  {
    "start": 1703.77,
    "end": 1705.47,
    "speaker": "老师",
    "text": "直接上了一百多牛脊，"
  },
  {
    "start": 1705.49,
    "end": 1711.17,
    "speaker": "老师",
    "text": "所以这个定理也叫毕达格拉斯定理或者百牛定理。"
  },
  {
    "start": 1711.17,
    "end": 1713.09,
    "speaker": "老师",
    "text": "牛也太可怜了吧，"
  },
  {
    "start": 1713.09,
    "end": 1715.53,
    "speaker": "老师",
    "text": "但是有个人比牛还可怜，"
  },
  {
    "start": 1715.53,
    "end": 1718.01,
    "speaker": "老师",
    "text": "那就是毕老的学生。"
  },
  {
    "start": 1718.03,
    "end": 1719.83,
    "speaker": "老师",
    "text": "西帕索斯。"
  },
  {
    "start": 1719.83,
    "end": 1721.75,
    "speaker": "老师",
    "text": "作为一个好奇的宝宝，"
  },
  {
    "start": 1721.75,
    "end": 1724.76,
    "speaker": "老师",
    "text": "他提了一个问题，"
  },
  {
    "start": 1724.76,
    "end": 1729.88,
    "speaker": "老师",
    "text": "如果一个等腰直角三角形的直角边长为一，"
  },
  {
    "start": 1730.06,
    "end": 1734.78,
    "speaker": "老师",
    "text": "那么这个三角形的斜边长是多少呢？"
  },
  {
    "start": 1734.78,
    "end": 1741.6,
    "speaker": "老师",
    "text": "毕达格拉斯大手一挥算直角边的平方都是一的平方，"
  },
  {
    "start": 1741.6,
    "end": 1744.82,
    "speaker": "老师",
    "text": "也就是一加起来等于二。"
  },
  {
    "start": 1744.88,
    "end": 1746.06,
    "speaker": "老师",
    "text": "换句话说，"
  },
  {
    "start": 1746.14,
    "end": 1749.66,
    "speaker": "老师",
    "text": "斜边的平方就是二，"
  },
  {
    "start": 1749.96,
    "end": 1752.62,
    "speaker": "老师",
    "text": "谁的平方等于二呢？"
  },
  {
    "start": 1752.62,
    "end": 1755.84,
    "speaker": "老师",
    "text": "这个数怎么找也找不到，"
  },
  {
    "start": 1755.84,
    "end": 1760.31,
    "speaker": "老师",
    "text": "根本无法用整数或分数表示地牢很受伤，"
  },
  {
    "start": 1760.31,
    "end": 1761.99,
    "speaker": "老师",
    "text": "后果很严重，"
  },
  {
    "start": 1762.17,
    "end": 1765.81,
    "speaker": "老师",
    "text": "西帕索斯就被扔到海里喂鱼了。"
  },
  {
    "start": 1765.81,
    "end": 1768.01,
    "speaker": "老师",
    "text": "放是知识的进步，"
  },
  {
    "start": 1768.17,
    "end": 1770.97,
    "speaker": "老师",
    "text": "不会就这样被抹杀。"
  },
  {
    "start": 1770.97,
    "end": 1775.73,
    "speaker": "老师",
    "text": "西帕索斯的问题引发了第一次数学危机，"
  },
  {
    "start": 1775.73,
    "end": 1778.53,
    "speaker": "老师",
    "text": "大大拓宽了人们对数的认识。"
  },
  {
    "start": 1778.53,
    "end": 1781.03,
    "speaker": "老师",
    "text": "而这一切都源于勾股定理，"
  },
  {
    "start": 1781.03,
    "end": 1784.81,
    "speaker": "老师",
    "text": "简单明了的结论。"
  },
  {
    "start": 1784.83,
    "end": 1785.51,
    "speaker": "老师",
    "text": "对了，"
  },
  {
    "start": 1785.51,
    "end": 1787.55,
    "speaker": "老师",
    "text": "上课可要积极发言。"
  },
  {
    "start": 1787.55,
    "end": 1788.09,
    "speaker": "老师",
    "text": "放心，"
  },
  {
    "start": 1788.11,
    "end": 1791.55,
    "speaker": "老师",
    "text": "你的老师是一定不会拿你喂鱼的。"
  },
  {
    "start": 1791.57,
    "end": 1792.95,
    "speaker": "老师",
    "text": "时间过得真快，"
  },
  {
    "start": 1792.95,
    "end": 1797.13,
    "speaker": "老师",
    "text": "我们这节课呢又已经接近尾声了。"
  },
  {
    "start": 1797.13,
    "end": 1799.19,
    "speaker": "老师",
    "text": "那么在课程的最后，"
  },
  {
    "start": 1799.19,
    "end": 1805.39,
    "speaker": "老师",
    "text": "我们还是要来一起回顾总结一下我们这节课都学了哪些知识呢？"
  },
  {
    "start": 1805.04,
    "end": 1805.39,
    "speaker": "老师",
    "text": "没错，"
  },
  {
    "start": 1805.04,
    "end": 1805.39,
    "speaker": "老师",
    "text": "这节课我们不仅复习了如何用勾股定理的相关知识来解决实际问题，"
  },
  {
    "start": 1805.04,
    "end": 1805.39,
    "speaker": "老师",
    "text": "更是沿着先哲们的脚步对勾股定理进行了一次又一次的证明。"
  },
  {
    "start": 1805.04,
    "end": 1805.39,
    "speaker": "老师",
    "text": "在这证明的过程当中，"
  },
  {
    "start": 1805.04,
    "end": 1805.39,
    "speaker": "老师",
    "text": "相信同学们也感觉到了数学的独特魅力所在。"
  },
  {
    "start": 1805.04,
    "end": 1805.39,
    "speaker": "老师",
    "text": "古往今来，"
  },
  {
    "start": 1805.04,
    "end": 1805.39,
    "speaker": "老师",
    "text": "人们对勾股定理的热忱从未消减。"
  },
  {
    "start": 1805.04,
    "end": 1805.39,
    "speaker": "老师",
    "text": "勾股定理的证明方法呢也还有很多很多。"
  },
  {
    "start": 1805.04,
    "end": 1805.39,
    "speaker": "老师",
    "text": "如果你对我们今天的这些证明啊还意犹未尽，"
  },
  {
    "start": 1805.04,
    "end": 1805.39,
    "speaker": "老师",
    "text": "那么就请同学们自己在课后查阅资料，"
  },
  {
    "start": 1805.04,
    "end": 1805.39,
    "speaker": "老师",
    "text": "又或是给出你们自己的证明，"
  },
  {
    "start": 1805.04,
    "end": 1805.39,
    "speaker": "老师",
    "text": "也许啊还可以得到一种查的方法。"
  },
  {
    "start": 1805.04,
    "end": 1805.39,
    "speaker": "老师",
    "text": "那么对于今天课的学习，"
  },
  {
    "start": 1805.04,
    "end": 1805.39,
    "speaker": "老师",
    "text": "同学们有哪些数学感悟呢？"
  },
  {
    "start": 1805.04,
    "end": 1805.39,
    "speaker": "老师",
    "text": "其实啊无论是我国的赵爽还是毕达哥拉斯，"
  },
  {
    "start": 1805.04,
    "end": 1805.39,
    "speaker": "老师",
    "text": "又或是美国总统和欧几里德，"
  },
  {
    "start": 1805.04,
    "end": 1805.39,
    "speaker": "老师",
    "text": "他们呢都是通过对图形的分析，"
  },
  {
    "start": 1805.04,
    "end": 1805.39,
    "speaker": "老师",
    "text": "从而得到直角三角形三边之间的数量关系。"
  },
  {
    "start": 1805.04,
    "end": 1805.39,
    "speaker": "老师",
    "text": "这呢正是以形正数，"
  },
  {
    "start": 1805.04,
    "end": 1805.39,
    "speaker": "老师",
    "text": "这是我们数学当中数形结合重要思想的充分体现。"
  },
  {
    "start": 1805.04,
    "end": 1805.39,
    "speaker": "老师",
    "text": "除此之外，"
  },
  {
    "start": 1805.04,
    "end": 1805.39,
    "speaker": "老师",
    "text": "在勾股定理的证明过程当中，"
  },
  {
    "start": 1805.04,
    "end": 1805.39,
    "speaker": "老师",
    "text": "也有很多人用到了图形的变换，"
  },
  {
    "start": 1805.04,
    "end": 1805.39,
    "speaker": "老师",
    "text": "这也是我们数学当中转换思想的重要体现。"
  },
  {
    "start": 1805.04,
    "end": 1805.39,
    "speaker": "老师",
    "text": "对于今天的学习，"
  },
  {
    "start": 1805.04,
    "end": 1805.39,
    "speaker": "老师",
    "text": "你们还有哪些质疑和发现吗？"
  },
  {
    "start": 1805.04,
    "end": 1805.39,
    "speaker": "老师",
    "text": "屏幕的下方有老师的邮箱，"
  },
  {
    "start": 1805.04,
    "end": 1805.39,
    "speaker": "老师",
    "text": "欢迎同学们能够以邮件的方式来与老师一起探讨数学问题。"
  },
  {
    "start": 1805.04,
    "end": 1805.39,
    "speaker": "老师",
    "text": "学习并不仅仅发生在课堂，"
  },
  {
    "start": 1805.04,
    "end": 1805.39,
    "speaker": "老师",
    "text": "课后的作业便是学习的延续与深化。"
  },
  {
    "start": 1805.04,
    "end": 1805.39,
    "speaker": "老师",
    "text": "希望同学们能够在课后独立自主的完成今天的作业。"
  },
  {
    "start": 1805.04,
    "end": 1805.39,
    "speaker": "老师",
    "text": "从下节课开始，"
  },
  {
    "start": 1805.04,
    "end": 1805.39,
    "speaker": "老师",
    "text": "我们将进入第十八章的学习。"
  },
  {
    "start": 1805.04,
    "end": 1805.39,
    "speaker": "老师",
    "text": "同学们，"
  },
  {
    "start": 1805.04,
    "end": 1805.39,
    "speaker": "老师",
    "text": "你们准备好了吗？"
  },
  {
    "start": 1805.04,
    "end": 1805.39,
    "speaker": "老师",
    "text": "那我们下节课再见。"
  }
]