[
  {
    "start": 13.57,
    "end": 14.47,
    "speaker": "老师",
    "text": "同学们，"
  },
  {
    "start": 14.47,
    "end": 15.73,
    "speaker": "老师",
    "text": "大家好，"
  },
  {
    "start": 16.09,
    "end": 22.27,
    "speaker": "老师",
    "text": "今天我们学习第五章分式与分式方程回顾与思考。"
  },
  {
    "start": 22.27,
    "end": 24.95,
    "speaker": "老师",
    "text": "第二部分分式方程。"
  },
  {
    "start": 24.95,
    "end": 25.69,
    "speaker": "老师",
    "text": "那么，"
  },
  {
    "start": 25.69,
    "end": 29.71,
    "speaker": "老师",
    "text": "同学们你还记得分式方程的特征呢？"
  },
  {
    "start": 29.71,
    "end": 35.01,
    "speaker": "老师",
    "text": "今天老师将和大家一起重温分式方程的奥秘。"
  },
  {
    "start": 35.01,
    "end": 41.95,
    "speaker": "老师",
    "text": "本节课将通过例题的形式来带领大家回顾与分式方程相关的知识。"
  },
  {
    "start": 41.95,
    "end": 72.95,
    "speaker": "老师",
    "text": "那么接下来请同学们完成例一吧。"
  },
  {
    "start": 72.95,
    "end": 73.65,
    "speaker": "老师",
    "text": "同学们，"
  },
  {
    "start": 73.65,
    "end": 77.83,
    "speaker": "老师",
    "text": "本道题考察的是什么知识点呢？"
  },
  {
    "start": 77.83,
    "end": 79.95,
    "speaker": "老师",
    "text": "分式方程的定义。"
  },
  {
    "start": 80.13,
    "end": 80.69,
    "speaker": "老师",
    "text": "那么，"
  },
  {
    "start": 80.69,
    "end": 88.51,
    "speaker": "老师",
    "text": "同学们，"
  },
  {
    "start": 88.51,
    "end": 92.17,
    "speaker": "老师",
    "text": "你还记得什么是分式方程吗？"
  },
  {
    "start": 92.27,
    "end": 120.29,
    "speaker": "老师",
    "text": "分母中含有未知数的方程叫做分式方程。"
  },
  {
    "start": 120.35,
    "end": 124.72,
    "speaker": "老师",
    "text": "那么我们一起来看看第一题，"
  },
  {
    "start": 124.96,
    "end": 127.12,
    "speaker": "老师",
    "text": "在这四个方程中，"
  },
  {
    "start": 127.16,
    "end": 138.5,
    "speaker": "老师",
    "text": "我们发现第一个第二个第三个分母中均含有未知数x因此这三个均为分式方程。"
  },
  {
    "start": 138.52,
    "end": 141.62,
    "speaker": "老师",
    "text": "那么第四个呢开它是常数，"
  },
  {
    "start": 141.62,
    "end": 142.98,
    "speaker": "老师",
    "text": "不是未知数。"
  },
  {
    "start": 142.98,
    "end": 147.06,
    "speaker": "老师",
    "text": "因此第四个不是分式方程，"
  },
  {
    "start": 147.06,
    "end": 150.12,
    "speaker": "老师",
    "text": "所以本题中是分式方程的有三个。"
  },
  {
    "start": 150.22,
    "end": 154.84,
    "speaker": "老师",
    "text": "那么同学们在我们认识了分式方程之后，"
  },
  {
    "start": 154.88,
    "end": 206.62,
    "speaker": "老师",
    "text": "我们还学习了分式方程的解法。"
  },
  {
    "start": 206.64,
    "end": 212.1,
    "speaker": "老师",
    "text": "那么接下来请同学们解这道分式方程，"
  },
  {
    "start": 212.1,
    "end": 213.18,
    "speaker": "老师",
    "text": "同学们，"
  },
  {
    "start": 213.18,
    "end": 214.62,
    "speaker": "老师",
    "text": "你完成了吗？"
  },
  {
    "start": 215.0,
    "end": 218.5,
    "speaker": "老师",
    "text": "让我们一起来看求解分式方程，"
  },
  {
    "start": 218.5,
    "end": 223.1,
    "speaker": "老师",
    "text": "首先得先找到各分母的最简公分母。"
  },
  {
    "start": 223.1,
    "end": 229.44,
    "speaker": "老师",
    "text": "那么同学们这个分式方程的最简公分母是什么呢？"
  },
  {
    "start": 229.58,
    "end": 235.5,
    "speaker": "老师",
    "text": "我们发现x减二与二减x互为相反数，"
  },
  {
    "start": 235.5,
    "end": 241.02,
    "speaker": "老师",
    "text": "因此本道题的最简公分母可以是x减二，"
  },
  {
    "start": 241.02,
    "end": 245.6,
    "speaker": "老师",
    "text": "也可以是二减x老师选择的是x减二，"
  },
  {
    "start": 245.6,
    "end": 250.66,
    "speaker": "老师",
    "text": "同学们也可以在课后试试。"
  },
  {
    "start": 250.74,
    "end": 258.36,
    "speaker": "老师",
    "text": "二减x在分式方程的左右两边同乘最简公分母。"
  },
  {
    "start": 258.38,
    "end": 264.02,
    "speaker": "老师",
    "text": "X减二后左边结果为x减三二减x分之一，"
  },
  {
    "start": 264.14,
    "end": 267.98,
    "speaker": "老师",
    "text": "乘以x减二后结果为负一，"
  },
  {
    "start": 268.02,
    "end": 271.22,
    "speaker": "老师",
    "text": "乘以x减二后结果为x减二。"
  },
  {
    "start": 271.42,
    "end": 279.97,
    "speaker": "老师",
    "text": "因此我们可以将原分式方程转化为这样一个整式方程。"
  },
  {
    "start": 280.17,
    "end": 283.25,
    "speaker": "老师",
    "text": "同学们请你观察一下，"
  },
  {
    "start": 283.25,
    "end": 285.98,
    "speaker": "老师",
    "text": "对于这个整式方程，"
  },
  {
    "start": 285.98,
    "end": 287.82,
    "speaker": "老师",
    "text": "你觉得怎么样呢？"
  },
  {
    "start": 287.84,
    "end": 288.86,
    "speaker": "老师",
    "text": "是的，"
  },
  {
    "start": 288.86,
    "end": 290.96,
    "speaker": "老师",
    "text": "忘记括号了。"
  },
  {
    "start": 290.96,
    "end": 294.68,
    "speaker": "老师",
    "text": "对于多项式x减二，"
  },
  {
    "start": 294.82,
    "end": 297.06,
    "speaker": "老师",
    "text": "前面是减号的时候，"
  },
  {
    "start": 297.06,
    "end": 300.64,
    "speaker": "老师",
    "text": "千万要记得打括号。"
  },
  {
    "start": 301.12,
    "end": 305.86,
    "speaker": "老师",
    "text": "接下来我们对这个方程进行求解。"
  },
  {
    "start": 305.86,
    "end": 309.76,
    "speaker": "老师",
    "text": "去括号得x减三等于负一，"
  },
  {
    "start": 309.88,
    "end": 314.42,
    "speaker": "老师",
    "text": "减x加二移项并合并同类项得到二，"
  },
  {
    "start": 314.42,
    "end": 316.56,
    "speaker": "老师",
    "text": "x等于四，"
  },
  {
    "start": 316.72,
    "end": 319.16,
    "speaker": "老师",
    "text": "最后解得x等于二。"
  },
  {
    "start": 319.2,
    "end": 320.94,
    "speaker": "老师",
    "text": "同学们，"
  },
  {
    "start": 321.1,
    "end": 325.25,
    "speaker": "老师",
    "text": "这就结束了吗？"
  },
  {
    "start": 325.25,
    "end": 325.91,
    "speaker": "老师",
    "text": "是的，"
  },
  {
    "start": 325.91,
    "end": 332.47,
    "speaker": "老师",
    "text": "我们还要检验将x等于二代入原分式方程的分母，"
  },
  {
    "start": 332.73,
    "end": 335.45,
    "speaker": "老师",
    "text": "我们发现分母会等于零，"
  },
  {
    "start": 335.47,
    "end": 344.52,
    "speaker": "老师",
    "text": "因此x减二试原分式方程的增根，"
  },
  {
    "start": 344.64,
    "end": 347.16,
    "speaker": "老师",
    "text": "即原分式方程五减。"
  },
  {
    "start": 347.38,
    "end": 353.62,
    "speaker": "老师",
    "text": "那么同学们请你回顾刚刚我们解这个分式方程的过程，"
  },
  {
    "start": 353.68,
    "end": 358.3,
    "speaker": "老师",
    "text": "你认为解分式方程一般有哪些步骤呢？"
  },
  {
    "start": 358.3,
    "end": 365.54,
    "speaker": "老师",
    "text": "第一步化即将分式方程转化为整式方程进行求解，"
  },
  {
    "start": 365.54,
    "end": 367.28,
    "speaker": "老师",
    "text": "那怎么实现呢？"
  },
  {
    "start": 367.34,
    "end": 375.36,
    "speaker": "老师",
    "text": "我们在分式方程的左右两边同乘各分母的最简公分母而实现的。"
  },
  {
    "start": 375.38,
    "end": 378.7,
    "speaker": "老师",
    "text": "接下来就是解分式方程，"
  },
  {
    "start": 378.7,
    "end": 385.34,
    "speaker": "老师",
    "text": "通过去括号一项合并同类项系数化为一来实现，"
  },
  {
    "start": 385.58,
    "end": 433.02,
    "speaker": "老师",
    "text": "最后将们就是来验根。"
  },
  {
    "start": 433.02,
    "end": 436.38,
    "speaker": "老师",
    "text": "那么验根的方法一般有两种。"
  },
  {
    "start": 436.5,
    "end": 437.02,
    "speaker": "老师",
    "text": "第一，"
  },
  {
    "start": 437.02,
    "end": 441.5,
    "speaker": "老师",
    "text": "将解代入原分式方程进行检验计算。"
  },
  {
    "start": 441.5,
    "end": 442.28,
    "speaker": "老师",
    "text": "第一，"
  },
  {
    "start": 442.28,
    "end": 445.62,
    "speaker": "老师",
    "text": "将解代入原分式方程的分母，"
  },
  {
    "start": 445.88,
    "end": 519.74,
    "speaker": "老师",
    "text": "看分母是否为零。"
  },
  {
    "start": 519.94,
    "end": 521.82,
    "speaker": "老师",
    "text": "如果分母为零，"
  },
  {
    "start": 521.9,
    "end": 523.08,
    "speaker": "老师",
    "text": "则解为增根。"
  },
  {
    "start": 523.08,
    "end": 528.4,
    "speaker": "老师",
    "text": "那么同学们在学习了分式方程的解法之后，"
  },
  {
    "start": 528.4,
    "end": 530.36,
    "speaker": "老师",
    "text": "我们还学了什么呢？"
  },
  {
    "start": 530.6,
    "end": 531.38,
    "speaker": "老师",
    "text": "是的，"
  },
  {
    "start": 531.38,
    "end": 536.34,
    "speaker": "老师",
    "text": "我们还学了运用分式方程解决实际问题。"
  },
  {
    "start": 536.42,
    "end": 543.67,
    "speaker": "老师",
    "text": "那么接下来请同学们解决下面这道问题吧。"
  },
  {
    "start": 543.85,
    "end": 544.31,
    "speaker": "老师",
    "text": "好，"
  },
  {
    "start": 544.39,
    "end": 553.61,
    "speaker": "老师",
    "text": "同学们本道题所涉及的基本量有工作总量、工作时间以及工作效率。"
  },
  {
    "start": 553.61,
    "end": 557.79,
    "speaker": "老师",
    "text": "它们之间的关系式为工作总量，"
  },
  {
    "start": 557.83,
    "end": 561.25,
    "speaker": "老师",
    "text": "等于工作时间乘以工作效率。"
  },
  {
    "start": 561.43,
    "end": 562.97,
    "speaker": "老师",
    "text": "那么同学们，"
  },
  {
    "start": 562.97,
    "end": 567.82,
    "speaker": "老师",
    "text": "你能找出本道题的等量关系吗？"
  },
  {
    "start": 567.94,
    "end": 574.08,
    "speaker": "老师",
    "text": "由甲乙两个工程队每天共整治河道一千五百米，"
  },
  {
    "start": 574.08,
    "end": 579.6,
    "speaker": "老师",
    "text": "我们可以得到这样一个等量关系。"
  },
  {
    "start": 579.6,
    "end": 580.92,
    "speaker": "老师",
    "text": "那么还有呢，"
  },
  {
    "start": 580.92,
    "end": 582.64,
    "speaker": "老师",
    "text": "根据这句话，"
  },
  {
    "start": 582.7,
    "end": 593.79,
    "speaker": "老师",
    "text": "我们可以得出甲队整治三千六百米的时间会等于乙队整治两千四百米所用的时间。"
  },
  {
    "start": 594.09,
    "end": 598.93,
    "speaker": "老师",
    "text": "题中问的是甲工程队每天整治河道多少米？"
  },
  {
    "start": 598.93,
    "end": 604.37,
    "speaker": "老师",
    "text": "那么我们不妨设甲队每天整治河道x米。"
  },
  {
    "start": 604.37,
    "end": 605.75,
    "speaker": "老师",
    "text": "那么乙队呢，"
  },
  {
    "start": 605.79,
    "end": 607.95,
    "speaker": "老师",
    "text": "根据第一个等量关系，"
  },
  {
    "start": 607.95,
    "end": 615.73,
    "speaker": "老师",
    "text": "我们可以得出乙队每天整治和的括号一千五百减x米。"
  },
  {
    "start": 615.73,
    "end": 622.3,
    "speaker": "老师",
    "text": "接下来我们可利用第二个等量关系来列方程。"
  },
  {
    "start": 622.36,
    "end": 623.48,
    "speaker": "老师",
    "text": "同学们，"
  },
  {
    "start": 623.48,
    "end": 630.18,
    "speaker": "老师",
    "text": "甲队整治三千六百米所用的时间为多少呢？"
  },
  {
    "start": 630.34,
    "end": 635.26,
    "speaker": "老师",
    "text": "根据工作时间等于工作总量除以工作效率。"
  },
  {
    "start": 635.26,
    "end": 650.1,
    "speaker": "老师",
    "text": "我们可以求出甲队整治三千六百米所用的时间应该为工作总量三千六百除以他的工作效率。"
  },
  {
    "start": 650.1,
    "end": 659.72,
    "speaker": "老师",
    "text": "X那么乙队呢同样的用乙队的工作总量去除以乙队的工作效率，"
  },
  {
    "start": 659.72,
    "end": 665.63,
    "speaker": "老师",
    "text": "也就是两千四百除以一千五百减x."
  },
  {
    "start": 665.63,
    "end": 668.85,
    "speaker": "老师",
    "text": "再根据这个等量关系，"
  },
  {
    "start": 669.11,
    "end": 685.24,
    "speaker": "老师",
    "text": "我们可列出方程三千六百除以x等于两千四百除以一千五百减x接下来我们对这个方程进行求解，"
  },
  {
    "start": 685.54,
    "end": 692.3,
    "speaker": "老师",
    "text": "解得x等于九百，"
  },
  {
    "start": 692.6,
    "end": 696.76,
    "speaker": "老师",
    "text": "接下来要对方程进行检验，"
  },
  {
    "start": 696.78,
    "end": 703.5,
    "speaker": "老师",
    "text": "将x等于九百代入原方程左边等于右边，"
  },
  {
    "start": 703.62,
    "end": 709.1,
    "speaker": "老师",
    "text": "所以x等于九百是所列方程的根。"
  },
  {
    "start": 709.12,
    "end": 776.75,
    "speaker": "老师",
    "text": "那么甲队每天整直河道为九百米。"
  },
  {
    "start": 777.07,
    "end": 778.31,
    "speaker": "老师",
    "text": "同学们，"
  },
  {
    "start": 778.33,
    "end": 779.99,
    "speaker": "老师",
    "text": "你做对了吗？"
  },
  {
    "start": 780.01,
    "end": 783.21,
    "speaker": "老师",
    "text": "那么同学们通过这道题，"
  },
  {
    "start": 783.45,
    "end": 790.35,
    "speaker": "老师",
    "text": "请你回顾一下运用分式方程解应用题的一般步骤有哪些呢？"
  },
  {
    "start": 790.37,
    "end": 870.54,
    "speaker": "老师",
    "text": "他们为神找射列检验答审是审清题意，"
  },
  {
    "start": 870.54,
    "end": 872.36,
    "speaker": "老师",
    "text": "找准题中的等量关系，"
  },
  {
    "start": 872.48,
    "end": 874.82,
    "speaker": "老师",
    "text": "接着设未知数，"
  },
  {
    "start": 874.82,
    "end": 876.68,
    "speaker": "老师",
    "text": "并列出分式方程。"
  },
  {
    "start": 876.96,
    "end": 880.2,
    "speaker": "老师",
    "text": "接下来对分式方程进行求解，"
  },
  {
    "start": 880.32,
    "end": 885.18,
    "speaker": "老师",
    "text": "并去检验解是否为分式方程的根。"
  },
  {
    "start": 885.36,
    "end": 887.22,
    "speaker": "老师",
    "text": "最后作答。"
  },
  {
    "start": 887.22,
    "end": 888.1,
    "speaker": "老师",
    "text": "同学们，"
  },
  {
    "start": 888.1,
    "end": 894.54,
    "speaker": "老师",
    "text": "以上便是本节课对分式方程相关知识的回顾。"
  },
  {
    "start": 894.54,
    "end": 900.5,
    "speaker": "老师",
    "text": "那么接下来我们即将进入当堂检测环节。"
  },
  {
    "start": 900.58,
    "end": 905.18,
    "speaker": "老师",
    "text": "首先我们进入第一部分基础篇，"
  },
  {
    "start": 905.24,
    "end": 909.75,
    "speaker": "老师",
    "text": "请同学们完成下面几道题，"
  },
  {
    "start": 909.81,
    "end": 910.65,
    "speaker": "老师",
    "text": "同学们，"
  },
  {
    "start": 910.65,
    "end": 912.13,
    "speaker": "老师",
    "text": "你完成了吗？"
  },
  {
    "start": 912.13,
    "end": 914.27,
    "speaker": "老师",
    "text": "那我们一起来看看吧。"
  },
  {
    "start": 914.43,
    "end": 915.75,
    "speaker": "老师",
    "text": "第一题，"
  },
  {
    "start": 915.75,
    "end": 918.63,
    "speaker": "老师",
    "text": "根据分式方程的定义，"
  },
  {
    "start": 918.63,
    "end": 925.46,
    "speaker": "老师",
    "text": "分母中含有未知数的方程叫做分式方程。"
  },
  {
    "start": 925.5,
    "end": 928.41,
    "speaker": "老师",
    "text": "首先请看a选项，"
  },
  {
    "start": 928.41,
    "end": 930.43,
    "speaker": "老师",
    "text": "它是一个常数，"
  },
  {
    "start": 930.47,
    "end": 934.25,
    "speaker": "老师",
    "text": "因此它是一个一元一次方程。"
  },
  {
    "start": 934.25,
    "end": 936.69,
    "speaker": "老师",
    "text": "B选项呢很好，"
  },
  {
    "start": 936.69,
    "end": 941.5,
    "speaker": "老师",
    "text": "它也是一个一元一次方程。"
  },
  {
    "start": 941.64,
    "end": 944.88,
    "speaker": "老师",
    "text": "首先请看c选项观察，"
  },
  {
    "start": 945.0,
    "end": 952.12,
    "speaker": "老师",
    "text": "发现分母中含有未知数x因此它是一个关于x的分式方程。"
  },
  {
    "start": 952.14,
    "end": 953.28,
    "speaker": "老师",
    "text": "同学们，"
  },
  {
    "start": 953.28,
    "end": 960.1,
    "speaker": "老师",
    "text": "d选项呢d选项是一个关于b的分式方程，"
  },
  {
    "start": 960.1,
    "end": 964.16,
    "speaker": "老师",
    "text": "并不是一个关于x的分式方程，"
  },
  {
    "start": 964.16,
    "end": 967.6,
    "speaker": "老师",
    "text": "因此本道题应该选择c选项。"
  },
  {
    "start": 967.72,
    "end": 968.7,
    "speaker": "老师",
    "text": "第二题，"
  },
  {
    "start": 968.8,
    "end": 1051.18,
    "speaker": "老师",
    "text": "互为相反数的两数有什么特征呢？"
  },
  {
    "start": 1051.18,
    "end": 1052.56,
    "speaker": "老师",
    "text": "它们的和为零。"
  },
  {
    "start": 1052.56,
    "end": 1053.7,
    "speaker": "老师",
    "text": "因此，"
  },
  {
    "start": 1053.8,
    "end": 1057.5,
    "speaker": "老师",
    "text": "我们可以列出这样一个分式方程，"
  },
  {
    "start": 1057.58,
    "end": 1059.26,
    "speaker": "老师",
    "text": "对其进行求解，"
  },
  {
    "start": 1059.32,
    "end": 1062.54,
    "speaker": "老师",
    "text": "并检验得到x的值为负一。"
  },
  {
    "start": 1062.54,
    "end": 1064.96,
    "speaker": "老师",
    "text": "同学们再看第三题，"
  },
  {
    "start": 1064.96,
    "end": 1068.0,
    "speaker": "老师",
    "text": "因为x等于三是分式方程的根，"
  },
  {
    "start": 1068.0,
    "end": 1072.9,
    "speaker": "老师",
    "text": "因此我们将x等于三代入分式方程，"
  },
  {
    "start": 1072.9,
    "end": 1076.78,
    "speaker": "老师",
    "text": "得到一个关于a的一元一次方程。"
  },
  {
    "start": 1076.78,
    "end": 1078.62,
    "speaker": "老师",
    "text": "对其进行求解，"
  },
  {
    "start": 1078.64,
    "end": 1080.08,
    "speaker": "老师",
    "text": "得到a等于八，"
  },
  {
    "start": 1080.56,
    "end": 1081.44,
    "speaker": "老师",
    "text": "同学们，"
  },
  {
    "start": 1081.44,
    "end": 1082.88,
    "speaker": "老师",
    "text": "你做对了吗？"
  },
  {
    "start": 1082.88,
    "end": 1087.14,
    "speaker": "老师",
    "text": "接下来老师想请同学们帮帮忙，"
  },
  {
    "start": 1087.38,
    "end": 1090.36,
    "speaker": "老师",
    "text": "请同学们帮老师解。"
  },
  {
    "start": 1090.78,
    "end": 1094.12,
    "speaker": "老师",
    "text": "下面两个分式方程。"
  },
  {
    "start": 1094.14,
    "end": 1096.3,
    "speaker": "老师",
    "text": "同学们开始吧。"
  },
  {
    "start": 1096.36,
    "end": 1097.02,
    "speaker": "老师",
    "text": "好，"
  },
  {
    "start": 1097.02,
    "end": 1098.16,
    "speaker": "老师",
    "text": "同学们，"
  },
  {
    "start": 1098.64,
    "end": 1105.64,
    "speaker": "老师",
    "text": "我们来看到第一小题利用比例的性质交叉相乘，"
  },
  {
    "start": 1105.66,
    "end": 1112.6,
    "speaker": "老师",
    "text": "我们可以将原分式方程转化为这样一个整式方程。"
  },
  {
    "start": 1112.8,
    "end": 1113.7,
    "speaker": "老师",
    "text": "同学们，"
  },
  {
    "start": 1113.7,
    "end": 1115.38,
    "speaker": "老师",
    "text": "请你再想一想，"
  },
  {
    "start": 1115.38,
    "end": 1120.22,
    "speaker": "老师",
    "text": "除了利用比例的性质交叉相乘以外，"
  },
  {
    "start": 1120.22,
    "end": 1127.05,
    "speaker": "老师",
    "text": "我们还可以通过怎样的方式进行转化呢？"
  },
  {
    "start": 1127.05,
    "end": 1127.87,
    "speaker": "老师",
    "text": "非常好，"
  },
  {
    "start": 1127.87,
    "end": 1135.22,
    "speaker": "老师",
    "text": "我们还可以通过在方程的两边同乘以各分母的最简公分母来实现。"
  },
  {
    "start": 1135.78,
    "end": 1140.98,
    "speaker": "老师",
    "text": "那么接下来我们来对这个方程进行求解。"
  },
  {
    "start": 1140.98,
    "end": 1146.24,
    "speaker": "老师",
    "text": "最先去括号得到六x减十五等于四x加七。"
  },
  {
    "start": 1146.26,
    "end": 1149.36,
    "speaker": "老师",
    "text": "接下来移项并合并同类项，"
  },
  {
    "start": 1149.68,
    "end": 1152.96,
    "speaker": "老师",
    "text": "得到二x等于二十二，"
  },
  {
    "start": 1152.96,
    "end": 1156.14,
    "speaker": "老师",
    "text": "最后解得x等于十一。"
  },
  {
    "start": 1156.14,
    "end": 1159.32,
    "speaker": "老师",
    "text": "那么同学们x等于十一，"
  },
  {
    "start": 1159.32,
    "end": 1162.78,
    "speaker": "老师",
    "text": "到底是不是原分式方程的解呢？"
  },
  {
    "start": 1162.78,
    "end": 1163.26,
    "speaker": "老师",
    "text": "对了，"
  },
  {
    "start": 1163.26,
    "end": 1165.36,
    "speaker": "老师",
    "text": "检验了才知道。"
  },
  {
    "start": 1165.36,
    "end": 1171.48,
    "speaker": "老师",
    "text": "我们将x等于十一代入原分式方程进行检验，"
  },
  {
    "start": 1171.48,
    "end": 1175.16,
    "speaker": "老师",
    "text": "发现方程的左边会等于方程的右边，"
  },
  {
    "start": 1175.2,
    "end": 1178.78,
    "speaker": "老师",
    "text": "因此x等于十一是原方程的根。"
  },
  {
    "start": 1178.78,
    "end": 1182.72,
    "speaker": "老师",
    "text": "接下来我们看到第二小题，"
  },
  {
    "start": 1182.74,
    "end": 1191.21,
    "speaker": "老师",
    "text": "小明同学在做第二小题的时候遇到了一个小小的困难，"
  },
  {
    "start": 1191.27,
    "end": 1198.36,
    "speaker": "老师",
    "text": "他说他很难找出各分母的最简公分母。"
  },
  {
    "start": 1198.36,
    "end": 1199.92,
    "speaker": "老师",
    "text": "同学们，"
  },
  {
    "start": 1199.92,
    "end": 1204.22,
    "speaker": "老师",
    "text": "你是否也遇到了同样的困惑呢？"
  },
  {
    "start": 1204.4,
    "end": 1207.7,
    "speaker": "老师",
    "text": "那么对于像第二题这样的，"
  },
  {
    "start": 1207.7,
    "end": 1212.48,
    "speaker": "老师",
    "text": "我们可以先将各分母进行因式分解，"
  },
  {
    "start": 1212.48,
    "end": 1215.52,
    "speaker": "老师",
    "text": "得到这样一个分式方程。"
  },
  {
    "start": 1215.52,
    "end": 1222.39,
    "speaker": "老师",
    "text": "那么现在同学们你能找出它们的最简公分母吗？"
  },
  {
    "start": 1222.51,
    "end": 1223.07,
    "speaker": "老师",
    "text": "很好，"
  },
  {
    "start": 1223.07,
    "end": 1224.11,
    "speaker": "老师",
    "text": "同学们，"
  },
  {
    "start": 1224.8,
    "end": 1231.42,
    "speaker": "老师",
    "text": "他们的最简公分母是x乘以括号x加一乘以括号x减一。"
  },
  {
    "start": 1231.42,
    "end": 1325.86,
    "speaker": "老师",
    "text": "那么在分式方程的两边同乘以最简公分母后，"
  },
  {
    "start": 1325.86,
    "end": 1330.02,
    "speaker": "老师",
    "text": "我们将原分式方程转化为这样一个整式方程。"
  },
  {
    "start": 1330.02,
    "end": 1333.78,
    "speaker": "老师",
    "text": "接下来去括号得到七x减七，"
  },
  {
    "start": 1334.12,
    "end": 1337.08,
    "speaker": "老师",
    "text": "加x加一等于六x接么？"
  },
  {
    "start": 1337.08,
    "end": 1341.25,
    "speaker": "老师",
    "text": "我们移项并合并同类项，"
  },
  {
    "start": 1341.25,
    "end": 1343.45,
    "speaker": "老师",
    "text": "得到二x等于六，"
  },
  {
    "start": 1343.63,
    "end": 1347.26,
    "speaker": "老师",
    "text": "最后减得x等于三，"
  },
  {
    "start": 1347.26,
    "end": 1348.66,
    "speaker": "老师",
    "text": "这就结束了吗？"
  },
  {
    "start": 1348.66,
    "end": 1349.18,
    "speaker": "老师",
    "text": "是的，"
  },
  {
    "start": 1349.18,
    "end": 1352.04,
    "speaker": "老师",
    "text": "我们还要进行检验，"
  },
  {
    "start": 1352.04,
    "end": 1359.68,
    "speaker": "老师",
    "text": "将x等于三代入原分式方程方程的左边会等于方程的右边，"
  },
  {
    "start": 1359.8,
    "end": 1364.11,
    "speaker": "老师",
    "text": "因此x等于三是原方程的根。"
  },
  {
    "start": 1365.12,
    "end": 1369.48,
    "speaker": "老师",
    "text": "同学们在解分式方程的时候，"
  },
  {
    "start": 1369.48,
    "end": 1372.78,
    "speaker": "老师",
    "text": "可千万别忘了检验哟。"
  },
  {
    "start": 1372.78,
    "end": 1374.88,
    "speaker": "老师",
    "text": "那么在基础边，"
  },
  {
    "start": 1374.88,
    "end": 1379.3,
    "speaker": "老师",
    "text": "同学们表现的都非常好。"
  },
  {
    "start": 1379.36,
    "end": 1380.38,
    "speaker": "老师",
    "text": "同学们加油。"
  },
  {
    "start": 1380.88,
    "end": 1386.78,
    "speaker": "老师",
    "text": "那么接下来我们即将进入能力提升篇，"
  },
  {
    "start": 1386.78,
    "end": 1388.16,
    "speaker": "老师",
    "text": "你准备好了吗？"
  },
  {
    "start": 1388.16,
    "end": 1391.58,
    "speaker": "老师",
    "text": "请挑战下面几道题吧。"
  },
  {
    "start": 1391.58,
    "end": 1392.56,
    "speaker": "老师",
    "text": "同学们，"
  },
  {
    "start": 1392.56,
    "end": 1394.12,
    "speaker": "老师",
    "text": "你完成了吗？"
  },
  {
    "start": 1394.12,
    "end": 1397.56,
    "speaker": "老师",
    "text": "让我们一起来看看吧。"
  },
  {
    "start": 1397.78,
    "end": 1399.32,
    "speaker": "老师",
    "text": "对于第一题，"
  },
  {
    "start": 1399.36,
    "end": 1404.52,
    "speaker": "老师",
    "text": "我们可以先对分式方程进行求解，"
  },
  {
    "start": 1404.52,
    "end": 1415.46,
    "speaker": "老师",
    "text": "取分母得到x减二乘以括号x减三等于m接下来去括号移项并合并同类项，"
  },
  {
    "start": 1415.46,
    "end": 1565.1,
    "speaker": "老师",
    "text": "最后解得x等于六减m因为题中告诉我们这个分式方程的解为正数，"
  },
  {
    "start": 1565.36,
    "end": 1568.98,
    "speaker": "老师",
    "text": "所以我们可以得到x大于零。"
  },
  {
    "start": 1569.02,
    "end": 1572.82,
    "speaker": "老师",
    "text": "那么同学们请你再想一想，"
  },
  {
    "start": 1572.82,
    "end": 1575.86,
    "speaker": "老师",
    "text": "x的范围就是x大于零吗？"
  },
  {
    "start": 1575.86,
    "end": 1578.42,
    "speaker": "老师",
    "text": "有没有别的要求呢？"
  },
  {
    "start": 1578.42,
    "end": 1579.5,
    "speaker": "老师",
    "text": "非常好，"
  },
  {
    "start": 1579.5,
    "end": 1584.05,
    "speaker": "老师",
    "text": "x减三作为分母分式要有意义，"
  },
  {
    "start": 1584.23,
    "end": 1585.97,
    "speaker": "老师",
    "text": "分母不能为零。"
  },
  {
    "start": 1586.51,
    "end": 1589.09,
    "speaker": "老师",
    "text": "所以x减三不等于零，"
  },
  {
    "start": 1589.11,
    "end": 1592.61,
    "speaker": "老师",
    "text": "也就是x不等于三所么？"
  },
  {
    "start": 1593.29,
    "end": 1596.49,
    "speaker": "老师",
    "text": "我们可以得到六减m大于零，"
  },
  {
    "start": 1596.55,
    "end": 1598.95,
    "speaker": "老师",
    "text": "且六减m不等于三，"
  },
  {
    "start": 1598.95,
    "end": 1604.75,
    "speaker": "老师",
    "text": "由六减m大于零可以得到m小于三六减m不等于三。"
  },
  {
    "start": 1604.75,
    "end": 1608.55,
    "speaker": "老师",
    "text": "我们可以得出m不等于三，"
  },
  {
    "start": 1608.67,
    "end": 1610.21,
    "speaker": "老师",
    "text": "所以当m小于六，"
  },
  {
    "start": 1610.21,
    "end": 1612.8,
    "speaker": "老师",
    "text": "且m不等于三时，"
  },
  {
    "start": 1612.8,
    "end": 1615.02,
    "speaker": "老师",
    "text": "原方程的解为正数，"
  },
  {
    "start": 1615.06,
    "end": 1616.62,
    "speaker": "老师",
    "text": "同学们，"
  },
  {
    "start": 1616.62,
    "end": 1617.7,
    "speaker": "老师",
    "text": "你学会了吗？"
  },
  {
    "start": 1617.7,
    "end": 1619.86,
    "speaker": "老师",
    "text": "六、然后不懂三十，"
  },
  {
    "start": 1619.86,
    "end": 1622.64,
    "speaker": "老师",
    "text": "原方程的解为正数，"
  },
  {
    "start": 1622.64,
    "end": 1623.66,
    "speaker": "老师",
    "text": "同学们，"
  },
  {
    "start": 1623.72,
    "end": 1626.1,
    "speaker": "老师",
    "text": "你学会了吗？"
  },
  {
    "start": 1626.1,
    "end": 1628.58,
    "speaker": "老师",
    "text": "接下来六减m不等于三十，"
  },
  {
    "start": 1628.58,
    "end": 1632.52,
    "speaker": "老师",
    "text": "接下来请挑战最后一道题吧。"
  },
  {
    "start": 1632.52,
    "end": 1633.54,
    "speaker": "老师",
    "text": "同学们，"
  },
  {
    "start": 1634.1,
    "end": 1636.6,
    "speaker": "老师",
    "text": "让我们一起来看一看吧。"
  },
  {
    "start": 1636.6,
    "end": 1638.62,
    "speaker": "老师",
    "text": "盈利该如何去求呢？"
  },
  {
    "start": 1638.62,
    "end": 1641.6,
    "speaker": "老师",
    "text": "盈利会等于销售总额，"
  },
  {
    "start": 1641.6,
    "end": 1642.74,
    "speaker": "老师",
    "text": "减去成本。"
  },
  {
    "start": 1642.74,
    "end": 1647.84,
    "speaker": "老师",
    "text": "由题中我们很容易得出成本，"
  },
  {
    "start": 1647.86,
    "end": 1650.32,
    "speaker": "老师",
    "text": "会等于第一次的两千元，"
  },
  {
    "start": 1650.52,
    "end": 1654.48,
    "speaker": "老师",
    "text": "加上第二次的六千三百元，"
  },
  {
    "start": 1654.66,
    "end": 1656.6,
    "speaker": "老师",
    "text": "一共是八千三百元。"
  },
  {
    "start": 1656.84,
    "end": 1661.75,
    "speaker": "老师",
    "text": "那么销售总额如何去求呢？"
  },
  {
    "start": 1661.87,
    "end": 1667.81,
    "speaker": "老师",
    "text": "销售总额会等于销售的总数乘以每个书包的售价，"
  },
  {
    "start": 1667.81,
    "end": 1674.49,
    "speaker": "老师",
    "text": "题目中给了我们与数量相关的等量关系。"
  },
  {
    "start": 1674.69,
    "end": 1682.01,
    "speaker": "老师",
    "text": "第二批所购的数量是第一批所购数量的三倍，"
  },
  {
    "start": 1682.01,
    "end": 1687.79,
    "speaker": "老师",
    "text": "因此我们可以得到这样一个等量关系，"
  },
  {
    "start": 1688.13,
    "end": 1694.31,
    "speaker": "老师",
    "text": "那么同学们还有没有别的等量关系呢？"
  },
  {
    "start": 1694.39,
    "end": 1700.02,
    "speaker": "老师",
    "text": "第二批的单价比第一批的单价贵了四元。"
  },
  {
    "start": 1700.02,
    "end": 1700.6,
    "speaker": "老师",
    "text": "因此，"
  },
  {
    "start": 1700.84,
    "end": 1712.38,
    "speaker": "老师",
    "text": "我们可以得出第一批购进书包的单价加四元会等于第二批购进书包的单价。"
  },
  {
    "start": 1712.38,
    "end": 1716.62,
    "speaker": "老师",
    "text": "在刚刚我们分析的时候，"
  },
  {
    "start": 1716.84,
    "end": 1723.3,
    "speaker": "老师",
    "text": "销售总额会等于销售总数乘以每个书包的售价。"
  },
  {
    "start": 1723.3,
    "end": 1726.28,
    "speaker": "老师",
    "text": "题目中已经告诉我们，"
  },
  {
    "start": 1726.4,
    "end": 1730.6,
    "speaker": "老师",
    "text": "每个书包的售价为一百二十元，"
  },
  {
    "start": 1730.6,
    "end": 1736.26,
    "speaker": "老师",
    "text": "那么我们不妨设第一批购进书包的数量为x个。"
  },
  {
    "start": 1736.38,
    "end": 1739.38,
    "speaker": "老师",
    "text": "由第一个等量关系，"
  },
  {
    "start": 1739.46,
    "end": 1744.7,
    "speaker": "老师",
    "text": "我们可以得到第二批购进了三x个书包，"
  },
  {
    "start": 1744.7,
    "end": 1749.86,
    "speaker": "老师",
    "text": "我们再来借助第二个等量关系去列方程，"
  },
  {
    "start": 1749.86,
    "end": 1753.32,
    "speaker": "老师",
    "text": "因为单价等于总价除以数量。"
  },
  {
    "start": 1753.36,
    "end": 1753.92,
    "speaker": "老师",
    "text": "那么，"
  },
  {
    "start": 1754.14,
    "end": 1759.71,
    "speaker": "老师",
    "text": "同学们第一批购进书包的单价是多少呢？"
  },
  {
    "start": 1760.65,
    "end": 1764.47,
    "speaker": "老师",
    "text": "用第一批购进书包的总价两千元。"
  },
  {
    "start": 1764.47,
    "end": 1769.76,
    "speaker": "老师",
    "text": "去除以第一批购进书包的数量，"
  },
  {
    "start": 1769.84,
    "end": 1780.39,
    "speaker": "老师",
    "text": "一个为两千除以x第二批呢同样的用第二批的总价六千三百元。"
  },
  {
    "start": 1780.71,
    "end": 1796.51,
    "speaker": "老师",
    "text": "去除以第二批的总数量，"
  },
  {
    "start": 1796.51,
    "end": 1799.37,
    "speaker": "老师",
    "text": "三x也就是六千三百除以三x."
  },
  {
    "start": 1799.37,
    "end": 1802.29,
    "speaker": "老师",
    "text": "那么根据这个等量关系，"
  },
  {
    "start": 1802.29,
    "end": 1809.83,
    "speaker": "老师",
    "text": "我们可列出分式方程两千除以x加四等于六千三百除以三x接着对其进行求解，"
  },
  {
    "start": 1809.89,
    "end": 1811.31,
    "speaker": "老师",
    "text": "解得x等于二十五，"
  },
  {
    "start": 1811.51,
    "end": 1854.28,
    "speaker": "老师",
    "text": "将x等于二十五代入原方程发现方程的左边会等于方程的右边，"
  },
  {
    "start": 1854.28,
    "end": 1858.64,
    "speaker": "老师",
    "text": "因此x等于二十五是所列方程的根。"
  },
  {
    "start": 1858.64,
    "end": 1862.4,
    "speaker": "老师",
    "text": "那么同学们第一批购进了二十五个书包，"
  },
  {
    "start": 1862.4,
    "end": 1867.99,
    "speaker": "老师",
    "text": "那么第二批呢三乘以二十五等于七十五个。"
  },
  {
    "start": 1867.99,
    "end": 1871.88,
    "speaker": "老师",
    "text": "还记得销售总额怎么求的吗？"
  },
  {
    "start": 1871.94,
    "end": 1878.59,
    "speaker": "老师",
    "text": "它等于销售总数乘以书包的售价一百二十元。"
  },
  {
    "start": 1878.81,
    "end": 1881.87,
    "speaker": "老师",
    "text": "那么总共购进了多少个书包呢？"
  },
  {
    "start": 1881.91,
    "end": 1885.81,
    "speaker": "老师",
    "text": "第一批的加上第二批的，"
  },
  {
    "start": 1885.81,
    "end": 1887.13,
    "speaker": "老师",
    "text": "一共为一百个。"
  },
  {
    "start": 1887.65,
    "end": 1892.89,
    "speaker": "老师",
    "text": "那么同学们现在销售总额为多少呢？"
  },
  {
    "start": 1892.89,
    "end": 1899.02,
    "speaker": "老师",
    "text": "用它的总数一百乘以每个书包的售价一百二十元，"
  },
  {
    "start": 1899.58,
    "end": 1906.1,
    "speaker": "老师",
    "text": "再减去我们之前所求得的成本两千加六千三百元。"
  },
  {
    "start": 1906.26,
    "end": 1909.1,
    "speaker": "老师",
    "text": "最后为三千七百元，"
  },
  {
    "start": 1909.1,
    "end": 1914.04,
    "speaker": "老师",
    "text": "所以全部售出后商店盈利三千七百元。"
  },
  {
    "start": 1914.04,
    "end": 1921.22,
    "speaker": "老师",
    "text": "同学们刚刚我们是根据第一个等量关系去设未知数，"
  },
  {
    "start": 1921.56,
    "end": 1926.58,
    "speaker": "老师",
    "text": "再根据第二个等量关系去列方程。"
  },
  {
    "start": 1926.58,
    "end": 1934.31,
    "speaker": "老师",
    "text": "那么同学们我们是否可以根据第二个等量关系去设未知数，"
  },
  {
    "start": 1935.72,
    "end": 1939.52,
    "speaker": "老师",
    "text": "再根据第一个等量关系去列方程呢？"
  },
  {
    "start": 1939.52,
    "end": 1941.5,
    "speaker": "老师",
    "text": "那我们试试吧，"
  },
  {
    "start": 1941.56,
    "end": 1946.27,
    "speaker": "老师",
    "text": "设第一批书包的单价是y元，"
  },
  {
    "start": 1946.27,
    "end": 1953.12,
    "speaker": "老师",
    "text": "那么第二批书包的单价是多少呢？"
  },
  {
    "start": 1953.3,
    "end": 1955.32,
    "speaker": "老师",
    "text": "根据第二个等量关系，"
  },
  {
    "start": 1955.34,
    "end": 1960.74,
    "speaker": "老师",
    "text": "我们可以得到第二批书包的单价，"
  },
  {
    "start": 1961.02,
    "end": 1963.22,
    "speaker": "老师",
    "text": "应该为括号y加四元，"
  },
  {
    "start": 1963.22,
    "end": 1968.86,
    "speaker": "老师",
    "text": "我们再来利用第一个等量关系去列方程。"
  },
  {
    "start": 1968.86,
    "end": 1989.46,
    "speaker": "老师",
    "text": "那么第一批书包的数量是多少呢？"
  },
  {
    "start": 1989.46,
    "end": 1992.98,
    "speaker": "老师",
    "text": "根据数量等于总价除以单价，"
  },
  {
    "start": 1992.98,
    "end": 2014.76,
    "speaker": "老师",
    "text": "所以第一批书包的数量应该为第一批书包的总价两千元除以第一批书包的单价y元为两千除以y."
  },
  {
    "start": 2014.76,
    "end": 2020.82,
    "speaker": "老师",
    "text": "那么第二批书包的数量呢，"
  },
  {
    "start": 2020.94,
    "end": 2025.1,
    "speaker": "老师",
    "text": "同样的应该为第二批书包的总价。"
  },
  {
    "start": 2025.2,
    "end": 2033.9,
    "speaker": "老师",
    "text": "六千三百元除以第二批书包的单价y加四元得到六千三百除以y加四。"
  },
  {
    "start": 2033.9,
    "end": 2040.02,
    "speaker": "老师",
    "text": "那么根据这个等量关系，"
  },
  {
    "start": 2040.02,
    "end": 2047.24,
    "speaker": "老师",
    "text": "我们可列方程两千除以y乘以三等于六千三百除以y加四，"
  },
  {
    "start": 2047.24,
    "end": 2050.0,
    "speaker": "老师",
    "text": "接着对这个方程进行求解，"
  },
  {
    "start": 2050.0,
    "end": 2060.12,
    "speaker": "老师",
    "text": "解得y等于八十，"
  },
  {
    "start": 2060.12,
    "end": 2062.51,
    "speaker": "老师",
    "text": "将y等于八十代入方程进行检验。"
  },
  {
    "start": 2062.16,
    "end": 2062.51,
    "speaker": "老师",
    "text": "左边等于右边，"
  },
  {
    "start": 2062.16,
    "end": 2062.51,
    "speaker": "老师",
    "text": "所以y等于八十是所列方程的根。"
  },
  {
    "start": 2062.16,
    "end": 2062.51,
    "speaker": "老师",
    "text": "那么第一批的单价为八十元，"
  },
  {
    "start": 2062.16,
    "end": 2062.51,
    "speaker": "老师",
    "text": "第一批的数量是多少呢？"
  },
  {
    "start": 2062.16,
    "end": 2062.51,
    "speaker": "老师",
    "text": "两千除以八十第二批呢第二批的总价为六千三，"
  },
  {
    "start": 2062.16,
    "end": 2062.51,
    "speaker": "老师",
    "text": "除以单价八十四。"
  },
  {
    "start": 2062.16,
    "end": 2062.51,
    "speaker": "老师",
    "text": "所以我们可以得到书包的总数应该为一百个与刚刚的求法相同。"
  },
  {
    "start": 2062.16,
    "end": 2062.51,
    "speaker": "老师",
    "text": "我们最后可以求得盈利为三千七百元，"
  },
  {
    "start": 2062.16,
    "end": 2062.51,
    "speaker": "老师",
    "text": "所以全部售出后，"
  },
  {
    "start": 2062.16,
    "end": 2062.51,
    "speaker": "老师",
    "text": "商店的盈利为三千七百元。"
  },
  {
    "start": 2062.16,
    "end": 2062.51,
    "speaker": "老师",
    "text": "同学们，"
  },
  {
    "start": 2062.16,
    "end": 2062.51,
    "speaker": "老师",
    "text": "你学会了吗？"
  },
  {
    "start": 2062.16,
    "end": 2062.51,
    "speaker": "老师",
    "text": "同学们，"
  },
  {
    "start": 2062.16,
    "end": 2062.51,
    "speaker": "老师",
    "text": "今天的表现非常好。"
  },
  {
    "start": 2062.16,
    "end": 2062.51,
    "speaker": "老师",
    "text": "那么通过今天的学习，"
  },
  {
    "start": 2062.16,
    "end": 2062.51,
    "speaker": "老师",
    "text": "你是否对分式方程有了新的认识呢？"
  },
  {
    "start": 2062.16,
    "end": 2062.51,
    "speaker": "老师",
    "text": "今天我们对分式方程的定义、解法以及应用进行了回顾。"
  },
  {
    "start": 2062.16,
    "end": 2062.51,
    "speaker": "老师",
    "text": "在解分式方程，"
  },
  {
    "start": 2062.16,
    "end": 2062.51,
    "speaker": "老师",
    "text": "我们运用了转化的思想，"
  },
  {
    "start": 2062.16,
    "end": 2062.51,
    "speaker": "老师",
    "text": "将分式方程转化为整式方程进行求解。"
  },
  {
    "start": 2062.16,
    "end": 2062.51,
    "speaker": "老师",
    "text": "在分式方程的应用当中，"
  },
  {
    "start": 2062.16,
    "end": 2062.51,
    "speaker": "老师",
    "text": "我们运用了数学中建模的思想去解决实际问题。"
  },
  {
    "start": 2062.16,
    "end": 2062.51,
    "speaker": "老师",
    "text": "同学们在今后的学习与做题中，"
  },
  {
    "start": 2062.16,
    "end": 2062.51,
    "speaker": "老师",
    "text": "希望你们也能够掌握并运用这些思想，"
  },
  {
    "start": 2062.16,
    "end": 2062.51,
    "speaker": "老师",
    "text": "这是今天的作业。"
  },
  {
    "start": 2062.16,
    "end": 2062.51,
    "speaker": "老师",
    "text": "请同学们课后认真完成。"
  },
  {
    "start": 2062.16,
    "end": 2062.51,
    "speaker": "老师",
    "text": "好，"
  },
  {
    "start": 2062.16,
    "end": 2062.51,
    "speaker": "老师",
    "text": "本节课就到这里，"
  },
  {
    "start": 2062.16,
    "end": 2062.51,
    "speaker": "老师",
    "text": "谢谢收看，"
  },
  {
    "start": 2062.16,
    "end": 2062.51,
    "speaker": "老师",
    "text": "再见。"
  }
]