[
  {
    "start": 9.94,
    "end": 10.76,
    "speaker": "老师",
    "text": "同学们好，"
  },
  {
    "start": 10.76,
    "end": 14.18,
    "speaker": "老师",
    "text": "我是南昌市阳明学校的刘志勇老师。"
  },
  {
    "start": 14.18,
    "end": 17.88,
    "speaker": "老师",
    "text": "今天我们学习的内容是二十点一点二，"
  },
  {
    "start": 17.88,
    "end": 20.6,
    "speaker": "老师",
    "text": "中位数与众数第一课时。"
  },
  {
    "start": 20.6,
    "end": 25.05,
    "speaker": "老师",
    "text": "首先我们来看到课本上的问题。"
  },
  {
    "start": 25.05,
    "end": 28.95,
    "speaker": "老师",
    "text": "二、下表是某公司员工月收入的资料，"
  },
  {
    "start": 28.95,
    "end": 46.69,
    "speaker": "老师",
    "text": "请同学们观察表格当中的数据，"
  },
  {
    "start": 46.69,
    "end": 47.97,
    "speaker": "老师",
    "text": "你有什么发现？"
  },
  {
    "start": 47.97,
    "end": 49.15,
    "speaker": "老师",
    "text": "在这里，"
  },
  {
    "start": 49.15,
    "end": 55.33,
    "speaker": "老师",
    "text": "同学们很容易得出四万五千元为最高收入一千元，"
  },
  {
    "start": 55.39,
    "end": 59.01,
    "speaker": "老师",
    "text": "为最低收入三千元，"
  },
  {
    "start": 59.01,
    "end": 61.63,
    "speaker": "老师",
    "text": "出现的次数最多有十一次。"
  },
  {
    "start": 61.65,
    "end": 66.87,
    "speaker": "老师",
    "text": "在这里我们还可以发现一共有二十五个数据，"
  },
  {
    "start": 66.87,
    "end": 72.53,
    "speaker": "老师",
    "text": "而且是按照由大到小的顺序排序的。"
  },
  {
    "start": 72.67,
    "end": 75.83,
    "speaker": "老师",
    "text": "假设你是该公司的一名普通员工，"
  },
  {
    "start": 75.83,
    "end": 92.38,
    "speaker": "老师",
    "text": "你如何向别人介绍你在公司的月收入水平呢？"
  },
  {
    "start": 92.38,
    "end": 93.82,
    "speaker": "老师",
    "text": "请同学们想一想，"
  },
  {
    "start": 93.82,
    "end": 96.5,
    "speaker": "老师",
    "text": "作为一名普通员工，"
  },
  {
    "start": 96.52,
    "end": 100.02,
    "speaker": "老师",
    "text": "我们可以用员工月收入的平均数来介绍。"
  },
  {
    "start": 100.02,
    "end": 102.4,
    "speaker": "老师",
    "text": "根据前面对数据的观察，"
  },
  {
    "start": 102.4,
    "end": 108.46,
    "speaker": "老师",
    "text": "我们可以发现我们可以用加权平均数的公式来计算。"
  },
  {
    "start": 108.46,
    "end": 113.28,
    "speaker": "老师",
    "text": "同学们还记得加权平均数的计算公式吗？"
  },
  {
    "start": 113.28,
    "end": 118.9,
    "speaker": "老师",
    "text": "我们一起来回顾一下这两个公式，"
  },
  {
    "start": 118.9,
    "end": 121.2,
    "speaker": "老师",
    "text": "它们在形式上是一样的。"
  },
  {
    "start": 121.22,
    "end": 124.72,
    "speaker": "老师",
    "text": "在本质上也是一致的，"
  },
  {
    "start": 124.72,
    "end": 128.65,
    "speaker": "老师",
    "text": "将数据带入第一个公式，"
  },
  {
    "start": 128.65,
    "end": 132.99,
    "speaker": "老师",
    "text": "我们可以计算得到平均工资为六千二百七十六元。"
  },
  {
    "start": 132.99,
    "end": 161.87,
    "speaker": "老师",
    "text": "如果用一中算得的平均数来反映公司全体员工的月收入水平，"
  },
  {
    "start": 161.97,
    "end": 163.25,
    "speaker": "老师",
    "text": "你认为合适吗？"
  },
  {
    "start": 163.25,
    "end": 165.59,
    "speaker": "老师",
    "text": "请同学们思考一下，"
  },
  {
    "start": 165.59,
    "end": 167.15,
    "speaker": "老师",
    "text": "在第一问当中，"
  },
  {
    "start": 167.15,
    "end": 170.99,
    "speaker": "老师",
    "text": "我们算的平均工资为六千二百七十六元。"
  },
  {
    "start": 170.99,
    "end": 173.67,
    "speaker": "老师",
    "text": "从表格当中我们可以发现，"
  },
  {
    "start": 173.71,
    "end": 180.31,
    "speaker": "老师",
    "text": "二十五位员工当中只有三位员工的收入超过了平均工资，"
  },
  {
    "start": 180.31,
    "end": 185.35,
    "speaker": "老师",
    "text": "而二十二位员工的收入没有达到平均工资。"
  },
  {
    "start": 185.35,
    "end": 190.37,
    "speaker": "老师",
    "text": "所以在这里我们认为平均数大于绝大数员工的月收入，"
  },
  {
    "start": 190.37,
    "end": 192.65,
    "speaker": "老师",
    "text": "所以不太合适。"
  },
  {
    "start": 192.65,
    "end": 219.9,
    "speaker": "老师",
    "text": "既然平均数不太合适，"
  },
  {
    "start": 219.9,
    "end": 227.76,
    "speaker": "老师",
    "text": "那你认为用哪个数据来反映该公司员工的月收入水平更合适呢？"
  },
  {
    "start": 227.76,
    "end": 229.32,
    "speaker": "老师",
    "text": "请同学们思考，"
  },
  {
    "start": 229.32,
    "end": 233.2,
    "speaker": "老师",
    "text": "大家来听听刘老师的学生是怎么思考的。"
  },
  {
    "start": 233.2,
    "end": 236.86,
    "speaker": "老师",
    "text": "第一问中我们求出的平均数太高了，"
  },
  {
    "start": 236.86,
    "end": 239.82,
    "speaker": "老师",
    "text": "有很多员工的工资达不到这个平均数，"
  },
  {
    "start": 239.82,
    "end": 243.64,
    "speaker": "老师",
    "text": "所以我觉得可以取三千四百作为这个中位数。"
  },
  {
    "start": 243.64,
    "end": 247.1,
    "speaker": "老师",
    "text": "因为三千四百是最中间的数，"
  },
  {
    "start": 247.4,
    "end": 251.94,
    "speaker": "老师",
    "text": "正好有十二名员工的月收入比三千四百元高，"
  },
  {
    "start": 251.94,
    "end": 257.1,
    "speaker": "老师",
    "text": "也有十二名员工的月收入比三千四百元低。"
  },
  {
    "start": 257.1,
    "end": 266.63,
    "speaker": "老师",
    "text": "我认为取三千这个数为这个公司全体员工的月收入水平是比较合适的。"
  },
  {
    "start": 266.81,
    "end": 270.54,
    "speaker": "老师",
    "text": "因为在二十五名员工当中，"
  },
  {
    "start": 270.54,
    "end": 273.56,
    "speaker": "老师",
    "text": "收入为三千的员工为十一人，"
  },
  {
    "start": 273.56,
    "end": 275.72,
    "speaker": "老师",
    "text": "所占比例较大，"
  },
  {
    "start": 275.72,
    "end": 277.2,
    "speaker": "老师",
    "text": "代表了大多数。"
  },
  {
    "start": 277.2,
    "end": 280.86,
    "speaker": "老师",
    "text": "所以取三千作为这个公司的员工，"
  },
  {
    "start": 280.94,
    "end": 283.12,
    "speaker": "老师",
    "text": "月收入水平比较合适。"
  },
  {
    "start": 283.12,
    "end": 288.04,
    "speaker": "老师",
    "text": "第一位学生认为用三千四百元比较合适。"
  },
  {
    "start": 288.04,
    "end": 293.48,
    "speaker": "老师",
    "text": "原因是这组数据是按照由大到小的顺序排序的，"
  },
  {
    "start": 293.48,
    "end": 299.74,
    "speaker": "老师",
    "text": "三千四百元正好在第十三位除以中间的位置，"
  },
  {
    "start": 299.74,
    "end": 302.06,
    "speaker": "老师",
    "text": "有一半比三千四百元低，"
  },
  {
    "start": 302.36,
    "end": 304.38,
    "speaker": "老师",
    "text": "有一半比三千四百元高。"
  },
  {
    "start": 304.38,
    "end": 305.28,
    "speaker": "老师",
    "text": "在这里，"
  },
  {
    "start": 305.28,
    "end": 311.45,
    "speaker": "老师",
    "text": "我们把三千四百元称之为这组数据的中位数。"
  },
  {
    "start": 311.45,
    "end": 316.37,
    "speaker": "老师",
    "text": "那现在刘老师将三千四百元排在五千元的前面。"
  },
  {
    "start": 316.37,
    "end": 318.35,
    "speaker": "老师",
    "text": "请同学们想想看，"
  },
  {
    "start": 318.35,
    "end": 322.47,
    "speaker": "老师",
    "text": "这个时候这组数据的中位数改变了吗？"
  },
  {
    "start": 322.47,
    "end": 325.4,
    "speaker": "老师",
    "text": "很显然是不会改变的，"
  },
  {
    "start": 325.4,
    "end": 327.5,
    "speaker": "老师",
    "text": "要找到中间位置的数，"
  },
  {
    "start": 327.5,
    "end": 330.78,
    "speaker": "老师",
    "text": "就需要对数据进行一个排序，"
  },
  {
    "start": 330.78,
    "end": 334.5,
    "speaker": "老师",
    "text": "重新排序之后，"
  },
  {
    "start": 334.5,
    "end": 338.9,
    "speaker": "老师",
    "text": "三千四百元依然排在第十三的位置。"
  },
  {
    "start": 338.9,
    "end": 344.12,
    "speaker": "老师",
    "text": "也就是说它的中间位置上数是不变的，"
  },
  {
    "start": 344.12,
    "end": 348.79,
    "speaker": "老师",
    "text": "所以我们可以得到一个结论，"
  },
  {
    "start": 348.79,
    "end": 351.55,
    "speaker": "老师",
    "text": "要找到一组数据的中位数。"
  },
  {
    "start": 351.75,
    "end": 354.05,
    "speaker": "老师",
    "text": "我们首先要进行排序。"
  },
  {
    "start": 354.27,
    "end": 358.01,
    "speaker": "老师",
    "text": "那现在是二十五个数据，"
  },
  {
    "start": 358.03,
    "end": 361.29,
    "speaker": "老师",
    "text": "我将五千元的人数有六人改成七人。"
  },
  {
    "start": 361.29,
    "end": 364.41,
    "speaker": "老师",
    "text": "那同学们想想看，"
  },
  {
    "start": 364.49,
    "end": 367.23,
    "speaker": "老师",
    "text": "现在中间位上的数是多少呢？"
  },
  {
    "start": 367.23,
    "end": 373.7,
    "speaker": "老师",
    "text": "现在表格当中有二十六个数据处在中间位上数，"
  },
  {
    "start": 373.72,
    "end": 378.5,
    "speaker": "老师",
    "text": "我们发现正好为第十三和第十四位。"
  },
  {
    "start": 378.5,
    "end": 383.84,
    "speaker": "老师",
    "text": "现在我们从左往右来找一找第十三位和第十四位，"
  },
  {
    "start": 383.84,
    "end": 387.57,
    "speaker": "老师",
    "text": "上数分别为多少？"
  },
  {
    "start": 387.59,
    "end": 393.33,
    "speaker": "老师",
    "text": "从左往右我们找过来可以发现第十三位正好为五千元，"
  },
  {
    "start": 393.33,
    "end": 397.27,
    "speaker": "老师",
    "text": "第十四位为三千四百元。"
  },
  {
    "start": 397.27,
    "end": 402.69,
    "speaker": "老师",
    "text": "那到底中位数是五千元还是三千四百元呢？"
  },
  {
    "start": 402.69,
    "end": 404.99,
    "speaker": "老师",
    "text": "为了反映中等水平，"
  },
  {
    "start": 405.01,
    "end": 410.92,
    "speaker": "老师",
    "text": "我们用中间位置上的两个数的平均数来表示。"
  },
  {
    "start": 410.92,
    "end": 413.74,
    "speaker": "老师",
    "text": "所以变成二十六个数据之后，"
  },
  {
    "start": 413.74,
    "end": 418.96,
    "speaker": "老师",
    "text": "它的中位数为五千和三千四百的平均数。"
  },
  {
    "start": 418.98,
    "end": 425.51,
    "speaker": "老师",
    "text": "刚才二十五个数据我们发现中间未上数为一个。"
  },
  {
    "start": 425.51,
    "end": 430.47,
    "speaker": "老师",
    "text": "现在二十六个数据我们发现中间未章数据有两个，"
  },
  {
    "start": 430.47,
    "end": 433.63,
    "speaker": "老师",
    "text": "所以我们可以得到一个结论，"
  },
  {
    "start": 433.63,
    "end": 437.26,
    "speaker": "老师",
    "text": "要找一组数据的中位数，"
  },
  {
    "start": 437.32,
    "end": 442.22,
    "speaker": "老师",
    "text": "还与数据个数的奇偶有关。"
  },
  {
    "start": 442.22,
    "end": 445.02,
    "speaker": "老师",
    "text": "所以我们认为找中位数，"
  },
  {
    "start": 445.08,
    "end": 447.7,
    "speaker": "老师",
    "text": "除了要排序之后，"
  },
  {
    "start": 447.7,
    "end": 451.77,
    "speaker": "老师",
    "text": "还要看数据个数的奇偶。"
  },
  {
    "start": 451.77,
    "end": 457.53,
    "speaker": "老师",
    "text": "第二位同学认为三千元比较合适。"
  },
  {
    "start": 457.53,
    "end": 461.72,
    "speaker": "老师",
    "text": "他的理由是，"
  },
  {
    "start": 461.72,
    "end": 465.68,
    "speaker": "老师",
    "text": "这些数据当中三千元出现的次数最多，"
  },
  {
    "start": 465.68,
    "end": 468.1,
    "speaker": "老师",
    "text": "反映了多数人的收入水平。"
  },
  {
    "start": 468.34,
    "end": 473.2,
    "speaker": "老师",
    "text": "我们把三千元称之为这组数据的众数。"
  },
  {
    "start": 473.2,
    "end": 475.22,
    "speaker": "老师",
    "text": "现在我们看到，"
  },
  {
    "start": 475.22,
    "end": 479.0,
    "speaker": "老师",
    "text": "中位数为三千四百元，"
  },
  {
    "start": 479.0,
    "end": 480.9,
    "speaker": "老师",
    "text": "众数为三千元，"
  },
  {
    "start": 480.92,
    "end": 483.82,
    "speaker": "老师",
    "text": "而平均数为六千二百七十六元。"
  },
  {
    "start": 483.82,
    "end": 489.34,
    "speaker": "老师",
    "text": "平均工资比中位数和众数大很多。"
  },
  {
    "start": 489.5,
    "end": 490.4,
    "speaker": "老师",
    "text": "什么原因呢？"
  },
  {
    "start": 490.4,
    "end": 492.9,
    "speaker": "老师",
    "text": "我们看到数据计算平均数，"
  },
  {
    "start": 492.9,
    "end": 532.01,
    "speaker": "老师",
    "text": "我们用了所有的数据参与计算。"
  },
  {
    "start": 532.01,
    "end": 534.05,
    "speaker": "老师",
    "text": "而在这组数据当中，"
  },
  {
    "start": 534.05,
    "end": 538.29,
    "speaker": "老师",
    "text": "有四万五千属于比较大的数据。"
  },
  {
    "start": 538.33,
    "end": 544.19,
    "speaker": "老师",
    "text": "所以我们认为平均数容易受到极端值的影响。"
  },
  {
    "start": 544.21,
    "end": 551.49,
    "speaker": "老师",
    "text": "这也是用平均数反映绝大数员工的收入水平不合适的原因。"
  },
  {
    "start": 551.57,
    "end": 555.84,
    "speaker": "老师",
    "text": "请同学们根据对实例的分析，"
  },
  {
    "start": 555.84,
    "end": 563.63,
    "speaker": "老师",
    "text": "用自前的语言说一说什么是一组数据的中位数和众数。"
  },
  {
    "start": 565.0,
    "end": 569.6,
    "speaker": "老师",
    "text": "将一组数据按照由小到大或由大到小的顺序排列。"
  },
  {
    "start": 569.6,
    "end": 624.72,
    "speaker": "老师",
    "text": "如果数据的个数是奇数，"
  },
  {
    "start": 624.72,
    "end": 629.82,
    "speaker": "老师",
    "text": "则称除以中间位置的数为这组数据的中位数。"
  },
  {
    "start": 629.82,
    "end": 631.96,
    "speaker": "老师",
    "text": "如果数据的个数是偶数，"
  },
  {
    "start": 631.96,
    "end": 636.86,
    "speaker": "老师",
    "text": "则称中间两个数据的平均数为这组数据的中位数。"
  },
  {
    "start": 636.96,
    "end": 639.94,
    "speaker": "老师",
    "text": "那什么是一组数据的众数呢？"
  },
  {
    "start": 639.94,
    "end": 647.18,
    "speaker": "老师",
    "text": "一组数据中出现次数最多的数据称为这组数据的众数。"
  },
  {
    "start": 647.18,
    "end": 647.64,
    "speaker": "老师",
    "text": "好，"
  },
  {
    "start": 647.64,
    "end": 650.1,
    "speaker": "老师",
    "text": "下面我们进行概念辨析，"
  },
  {
    "start": 650.46,
    "end": 652.8,
    "speaker": "老师",
    "text": "请同学们自己动手完成。"
  },
  {
    "start": 652.84,
    "end": 653.5,
    "speaker": "老师",
    "text": "第一题。"
  },
  {
    "start": 653.68,
    "end": 655.48,
    "speaker": "老师",
    "text": "首先我们来看到，"
  },
  {
    "start": 655.9,
    "end": 660.1,
    "speaker": "老师",
    "text": "第一小问发现数据没有按照大小顺序排序，"
  },
  {
    "start": 660.26,
    "end": 663.0,
    "speaker": "老师",
    "text": "要找一组数据的中位数。"
  },
  {
    "start": 663.0,
    "end": 668.18,
    "speaker": "老师",
    "text": "我们首先要对数据进行排序。"
  },
  {
    "start": 668.18,
    "end": 673.4,
    "speaker": "老师",
    "text": "我们按照由小到大的顺序排列得到如下的结果。"
  },
  {
    "start": 673.4,
    "end": 675.98,
    "speaker": "老师",
    "text": "在这里我们很容易发现，"
  },
  {
    "start": 675.98,
    "end": 678.12,
    "speaker": "老师",
    "text": "中间位上数为五，"
  },
  {
    "start": 678.12,
    "end": 681.08,
    "speaker": "老师",
    "text": "所以这组数据的中位数为五，"
  },
  {
    "start": 681.08,
    "end": 683.22,
    "speaker": "老师",
    "text": "那它的众数是多少呢？"
  },
  {
    "start": 683.32,
    "end": 685.62,
    "speaker": "老师",
    "text": "根据众数的概念，"
  },
  {
    "start": 685.62,
    "end": 692.86,
    "speaker": "老师",
    "text": "在一组数据当中出现次数最多的数为这组数据的众数。"
  },
  {
    "start": 692.86,
    "end": 695.44,
    "speaker": "老师",
    "text": "在这组数据当中，"
  },
  {
    "start": 696.16,
    "end": 700.04,
    "speaker": "老师",
    "text": "我们可以发现五出现的次数最多。"
  },
  {
    "start": 700.04,
    "end": 703.82,
    "speaker": "老师",
    "text": "所以这组数据的众数为五，"
  },
  {
    "start": 703.82,
    "end": 707.5,
    "speaker": "老师",
    "text": "下面我们来看到第二组数据，"
  },
  {
    "start": 707.5,
    "end": 712.54,
    "speaker": "老师",
    "text": "第二组数据依然没有按照大小顺序排序。"
  },
  {
    "start": 714.47,
    "end": 720.45,
    "speaker": "老师",
    "text": "所以首先我们同样对这组数据进行一个排序，"
  },
  {
    "start": 720.45,
    "end": 723.37,
    "speaker": "老师",
    "text": "我们可以得到如下的结果。"
  },
  {
    "start": 723.37,
    "end": 725.51,
    "speaker": "老师",
    "text": "在这组数据当中，"
  },
  {
    "start": 725.69,
    "end": 729.21,
    "speaker": "老师",
    "text": "我们发现它一共是六个数据，"
  },
  {
    "start": 729.35,
    "end": 777.43,
    "speaker": "老师",
    "text": "中间位张数有两个，"
  },
  {
    "start": 777.43,
    "end": 779.36,
    "speaker": "老师",
    "text": "分别为六和八，"
  },
  {
    "start": 779.5,
    "end": 784.64,
    "speaker": "老师",
    "text": "所以中位数为中间两个数的平均数得到中位数为七。"
  },
  {
    "start": 784.64,
    "end": 786.54,
    "speaker": "老师",
    "text": "那它的众数是多少呢？"
  },
  {
    "start": 787.0,
    "end": 788.36,
    "speaker": "老师",
    "text": "在数据当中，"
  },
  {
    "start": 788.36,
    "end": 791.08,
    "speaker": "老师",
    "text": "我们发现二出现了两次，"
  },
  {
    "start": 791.08,
    "end": 794.08,
    "speaker": "老师",
    "text": "八也出现了两次，"
  },
  {
    "start": 794.14,
    "end": 797.0,
    "speaker": "老师",
    "text": "都是出现次数最多的数据。"
  },
  {
    "start": 797.0,
    "end": 803.32,
    "speaker": "老师",
    "text": "所以我们认为它的众数有两个二和八做完了这道题，"
  },
  {
    "start": 803.46,
    "end": 807.56,
    "speaker": "老师",
    "text": "请同学们思考以下两个问题。"
  },
  {
    "start": 807.58,
    "end": 808.96,
    "speaker": "老师",
    "text": "第一个，"
  },
  {
    "start": 808.96,
    "end": 812.94,
    "speaker": "老师",
    "text": "你认为求中位数和众数应该注意什么？"
  },
  {
    "start": 812.98,
    "end": 813.72,
    "speaker": "老师",
    "text": "第二个，"
  },
  {
    "start": 814.0,
    "end": 817.3,
    "speaker": "老师",
    "text": "观察结果你能得到什么结论？"
  },
  {
    "start": 817.3,
    "end": 819.95,
    "speaker": "老师",
    "text": "请同学们想一想，"
  },
  {
    "start": 819.95,
    "end": 822.49,
    "speaker": "老师",
    "text": "我们看到第一个问题，"
  },
  {
    "start": 822.51,
    "end": 826.89,
    "speaker": "老师",
    "text": "求数据的中位数和众数应该注意什么呢？"
  },
  {
    "start": 827.01,
    "end": 831.73,
    "speaker": "老师",
    "text": "根据刚才我们解题的过程，"
  },
  {
    "start": 831.73,
    "end": 836.33,
    "speaker": "老师",
    "text": "我们可以发现找一组数据的中位数。"
  },
  {
    "start": 836.33,
    "end": 840.17,
    "speaker": "老师",
    "text": "我们首先应该对它们进行一个排序。"
  },
  {
    "start": 840.17,
    "end": 840.95,
    "speaker": "老师",
    "text": "排序之后，"
  },
  {
    "start": 840.95,
    "end": 846.91,
    "speaker": "老师",
    "text": "我们还发现找中间位上数与数据个数的奇偶有关系。"
  },
  {
    "start": 846.91,
    "end": 850.32,
    "speaker": "老师",
    "text": "所以我们除了排序之后，"
  },
  {
    "start": 850.32,
    "end": 853.44,
    "speaker": "老师",
    "text": "还要看数据个数的奇偶。"
  },
  {
    "start": 853.44,
    "end": 854.92,
    "speaker": "老师",
    "text": "那找众数呢，"
  },
  {
    "start": 854.94,
    "end": 861.14,
    "speaker": "老师",
    "text": "我们知道众数指的是一组数据当中出现次数最多的数，"
  },
  {
    "start": 861.14,
    "end": 865.08,
    "speaker": "老师",
    "text": "所以我们找的是出现次数最多的数据。"
  },
  {
    "start": 865.08,
    "end": 869.1,
    "speaker": "老师",
    "text": "在这里我们还可以发现，"
  },
  {
    "start": 869.22,
    "end": 872.54,
    "speaker": "老师",
    "text": "虽然找种树不需要排序，"
  },
  {
    "start": 872.54,
    "end": 874.8,
    "speaker": "老师",
    "text": "但是我们排序之后，"
  },
  {
    "start": 874.8,
    "end": 879.7,
    "speaker": "老师",
    "text": "我们更能够更加准确的找到种树。"
  },
  {
    "start": 879.7,
    "end": 880.64,
    "speaker": "老师",
    "text": "第二个问题，"
  },
  {
    "start": 880.64,
    "end": 884.43,
    "speaker": "老师",
    "text": "观察结果你能得到什么结论？"
  },
  {
    "start": 884.53,
    "end": 887.42,
    "speaker": "老师",
    "text": "首先我们看到中位数，"
  },
  {
    "start": 887.46,
    "end": 890.12,
    "speaker": "老师",
    "text": "在第一组数据当中，"
  },
  {
    "start": 890.12,
    "end": 891.92,
    "speaker": "老师",
    "text": "我们找的中位数是五。"
  },
  {
    "start": 891.92,
    "end": 896.28,
    "speaker": "老师",
    "text": "第二组数据当中我们找的中位数是七，"
  },
  {
    "start": 896.28,
    "end": 897.56,
    "speaker": "老师",
    "text": "你有什么发现呢？"
  },
  {
    "start": 897.56,
    "end": 901.14,
    "speaker": "老师",
    "text": "我们可以得到第一组数据当中，"
  },
  {
    "start": 901.14,
    "end": 904.57,
    "speaker": "老师",
    "text": "五是原数据当中的数。"
  },
  {
    "start": 904.57,
    "end": 910.31,
    "speaker": "老师",
    "text": "第二组数据的中位数七不是原数据当中的数，"
  },
  {
    "start": 910.33,
    "end": 916.98,
    "speaker": "老师",
    "text": "也就是说一组数据的中位数可能出现在这组数据当中，"
  },
  {
    "start": 917.08,
    "end": 921.64,
    "speaker": "老师",
    "text": "也可能不在这组数据当中。"
  },
  {
    "start": 921.64,
    "end": 923.7,
    "speaker": "老师",
    "text": "我们还可以发现，"
  },
  {
    "start": 923.7,
    "end": 932.14,
    "speaker": "老师",
    "text": "这两种数据它们的中位数都只有一个。"
  },
  {
    "start": 932.14,
    "end": 934.88,
    "speaker": "老师",
    "text": "我们可以得到一个结论，"
  },
  {
    "start": 934.88,
    "end": 1001.73,
    "speaker": "老师",
    "text": "一组数据的中位数不一定出现在这组数据中，"
  },
  {
    "start": 1001.73,
    "end": 1003.23,
    "speaker": "老师",
    "text": "并且只有一个，"
  },
  {
    "start": 1003.23,
    "end": 1006.71,
    "speaker": "老师",
    "text": "我们再来观察一下中暑的结果。"
  },
  {
    "start": 1007.49,
    "end": 1009.17,
    "speaker": "老师",
    "text": "在第一组数据当中，"
  },
  {
    "start": 1009.17,
    "end": 1010.99,
    "speaker": "老师",
    "text": "我们的众数为五，"
  },
  {
    "start": 1011.03,
    "end": 1014.15,
    "speaker": "老师",
    "text": "我们发现是原数据当中的数。"
  },
  {
    "start": 1014.15,
    "end": 1015.81,
    "speaker": "老师",
    "text": "在第二组数据当中，"
  },
  {
    "start": 1015.83,
    "end": 1020.97,
    "speaker": "老师",
    "text": "我们找的众数为二和八也是原数据当中的数。"
  },
  {
    "start": 1020.97,
    "end": 1027.37,
    "speaker": "老师",
    "text": "所以我们可以发现一组数据的众数都是原数据当中的数。"
  },
  {
    "start": 1027.37,
    "end": 1028.81,
    "speaker": "老师",
    "text": "但是我们还发现，"
  },
  {
    "start": 1028.81,
    "end": 1032.59,
    "speaker": "老师",
    "text": "第一组数据当中众树有一个，"
  },
  {
    "start": 1032.59,
    "end": 1036.27,
    "speaker": "老师",
    "text": "而第二组数据当中众数有两个，"
  },
  {
    "start": 1036.27,
    "end": 1041.63,
    "speaker": "老师",
    "text": "也就是说一组数据的众数一定出现在这组数据中，"
  },
  {
    "start": 1041.63,
    "end": 1044.47,
    "speaker": "老师",
    "text": "可能不止一个。"
  },
  {
    "start": 1044.51,
    "end": 1044.99,
    "speaker": "老师",
    "text": "好，"
  },
  {
    "start": 1045.59,
    "end": 1052.39,
    "speaker": "老师",
    "text": "我们看到第二题和第三题请同学们自己动手完成。"
  },
  {
    "start": 1053.57,
    "end": 1055.57,
    "speaker": "老师",
    "text": "我们来看到第二题，"
  },
  {
    "start": 1055.57,
    "end": 1069.59,
    "speaker": "老师",
    "text": "在数据负一零四五八中插入一个数据x使得这组数据的中位数是三原数据当中给出了五个数据，"
  },
  {
    "start": 1069.59,
    "end": 1072.57,
    "speaker": "老师",
    "text": "而且按照由小到大的顺序排序了。"
  },
  {
    "start": 1072.63,
    "end": 1074.83,
    "speaker": "老师",
    "text": "现在插入一个数据之后，"
  },
  {
    "start": 1074.83,
    "end": 1076.63,
    "speaker": "老师",
    "text": "变成了六个数据，"
  },
  {
    "start": 1076.63,
    "end": 1077.35,
    "speaker": "老师",
    "text": "偶数个，"
  },
  {
    "start": 1077.43,
    "end": 1082.21,
    "speaker": "老师",
    "text": "那它的中位数就为中间两个数的平均数。"
  },
  {
    "start": 1082.21,
    "end": 1085.66,
    "speaker": "老师",
    "text": "题目当中告诉我们，"
  },
  {
    "start": 1085.66,
    "end": 1087.74,
    "speaker": "老师",
    "text": "中位数是三，"
  },
  {
    "start": 1087.74,
    "end": 1095.62,
    "speaker": "老师",
    "text": "根据中位数的e我们可以知道这组数据当中有一半比三大。"
  },
  {
    "start": 1095.62,
    "end": 1097.22,
    "speaker": "老师",
    "text": "而在数据当中，"
  },
  {
    "start": 1097.22,
    "end": 1100.26,
    "speaker": "老师",
    "text": "我们已经看到了四五八比三要大。"
  },
  {
    "start": 1100.26,
    "end": 1108.38,
    "speaker": "老师",
    "text": "所以我们可以知道插入的这个数据x一定比四小所会不会比零小呢？"
  },
  {
    "start": 1108.38,
    "end": 1109.5,
    "speaker": "老师",
    "text": "显然不会。"
  },
  {
    "start": 1109.5,
    "end": 1114.53,
    "speaker": "老师",
    "text": "所以插入的数据x应该在零到四之间的数，"
  },
  {
    "start": 1114.77,
    "end": 1121.1,
    "speaker": "老师",
    "text": "所以这组数据的中位数为x和四的平均数。"
  },
  {
    "start": 1121.2,
    "end": 1123.76,
    "speaker": "老师",
    "text": "所以x和四的平均数等于三，"
  },
  {
    "start": 1124.53,
    "end": 1127.29,
    "speaker": "老师",
    "text": "我们可以得到x等于二。"
  },
  {
    "start": 1127.29,
    "end": 1128.11,
    "speaker": "老师",
    "text": "第三题，"
  },
  {
    "start": 1128.11,
    "end": 1129.85,
    "speaker": "老师",
    "text": "疫情期间，"
  },
  {
    "start": 1129.85,
    "end": 1135.31,
    "speaker": "老师",
    "text": "刘老师统计了八三班同学四月份在南昌教育。"
  },
  {
    "start": 1135.31,
    "end": 1138.62,
    "speaker": "老师",
    "text": "在这里我们可以看到，"
  },
  {
    "start": 1138.62,
    "end": 1141.34,
    "speaker": "老师",
    "text": "三十次的有二十二人，"
  },
  {
    "start": 1141.64,
    "end": 1144.92,
    "speaker": "老师",
    "text": "二十九次的有九人，"
  },
  {
    "start": 1144.92,
    "end": 1150.08,
    "speaker": "老师",
    "text": "所以第二十四和第二十五位都为二十九次。"
  },
  {
    "start": 1150.08,
    "end": 1159.03,
    "speaker": "老师",
    "text": "所以我们可以得到四月份准时健康打卡次数的中位数为二十九次。"
  },
  {
    "start": 1159.03,
    "end": 1162.39,
    "speaker": "老师",
    "text": "对于这种数据不多的情况，"
  },
  {
    "start": 1162.39,
    "end": 1166.42,
    "speaker": "老师",
    "text": "我们比较好找到中间位置的数。"
  },
  {
    "start": 1166.5,
    "end": 1169.16,
    "speaker": "老师",
    "text": "那数据比较多怎么办呢？"
  },
  {
    "start": 1169.16,
    "end": 1173.01,
    "speaker": "老师",
    "text": "有没有一个一般的方法，"
  },
  {
    "start": 1173.01,
    "end": 1177.07,
    "speaker": "老师",
    "text": "我们可以将数据的个数推广到一般情况。"
  },
  {
    "start": 1177.11,
    "end": 1180.81,
    "speaker": "老师",
    "text": "若有n个数据呢，"
  },
  {
    "start": 1180.81,
    "end": 1183.38,
    "speaker": "老师",
    "text": "在这里我们提到n个数据，"
  },
  {
    "start": 1184.21,
    "end": 1186.35,
    "speaker": "老师",
    "text": "首先要想到的是，"
  },
  {
    "start": 1186.57,
    "end": 1190.23,
    "speaker": "老师",
    "text": "我们要对n进行一个分类。"
  },
  {
    "start": 1190.27,
    "end": 1191.91,
    "speaker": "老师",
    "text": "当n为奇数时，"
  },
  {
    "start": 1191.91,
    "end": 1196.57,
    "speaker": "老师",
    "text": "中间位置上的那个数是第多少位呢？"
  },
  {
    "start": 1196.59,
    "end": 1199.54,
    "speaker": "老师",
    "text": "我们可以来想一想，"
  },
  {
    "start": 1199.54,
    "end": 1201.76,
    "speaker": "老师",
    "text": "如果只有三个数据，"
  },
  {
    "start": 1201.76,
    "end": 1204.32,
    "speaker": "老师",
    "text": "那除以中间位上数为第二位。"
  },
  {
    "start": 1204.5,
    "end": 1209.36,
    "speaker": "老师",
    "text": "如果五个数据除以中间位上数为第三位，"
  },
  {
    "start": 1209.38,
    "end": 1211.44,
    "speaker": "老师",
    "text": "第有如果有七个数据，"
  },
  {
    "start": 1211.44,
    "end": 1213.78,
    "speaker": "老师",
    "text": "中间位上数为第四位。"
  },
  {
    "start": 1214.16,
    "end": 1215.86,
    "speaker": "老师",
    "text": "所以我们可以得到，"
  },
  {
    "start": 1215.86,
    "end": 1217.36,
    "speaker": "老师",
    "text": "当n为奇数时，"
  },
  {
    "start": 1217.36,
    "end": 1220.24,
    "speaker": "老师",
    "text": "按照大小顺序排序后，"
  },
  {
    "start": 1220.24,
    "end": 1285.33,
    "speaker": "老师",
    "text": "中位数为第二分之n加一个数。"
  },
  {
    "start": 1285.35,
    "end": 1287.49,
    "speaker": "老师",
    "text": "那当n为偶数时，"
  },
  {
    "start": 1287.49,
    "end": 1290.69,
    "speaker": "老师",
    "text": "中间两个数据为多少位上的数呢？"
  },
  {
    "start": 1290.71,
    "end": 1294.47,
    "speaker": "老师",
    "text": "当n为四时有四个数据，"
  },
  {
    "start": 1294.47,
    "end": 1297.58,
    "speaker": "老师",
    "text": "中间两个数为第二和第三位，"
  },
  {
    "start": 1298.44,
    "end": 1299.94,
    "speaker": "老师",
    "text": "当为六个数据时，"
  },
  {
    "start": 1300.12,
    "end": 1303.3,
    "speaker": "老师",
    "text": "中间位上数为第三和第四位。"
  },
  {
    "start": 1303.3,
    "end": 1306.42,
    "speaker": "老师",
    "text": "刚才我们四十八个数据时，"
  },
  {
    "start": 1306.42,
    "end": 1310.78,
    "speaker": "老师",
    "text": "中间位上数为第二十四和第二十五位，"
  },
  {
    "start": 1310.78,
    "end": 1312.92,
    "speaker": "老师",
    "text": "我们是不是可以得到？"
  },
  {
    "start": 1312.92,
    "end": 1314.84,
    "speaker": "老师",
    "text": "当n为偶数时，"
  },
  {
    "start": 1314.88,
    "end": 1317.18,
    "speaker": "老师",
    "text": "按大小顺序排序后，"
  },
  {
    "start": 1317.18,
    "end": 1327.04,
    "speaker": "老师",
    "text": "中位数为第二分之n和第二分之n加一两个数的平均数。"
  },
  {
    "start": 1327.06,
    "end": 1327.3,
    "speaker": "老师",
    "text": "好，"
  },
  {
    "start": 1327.3,
    "end": 1331.23,
    "speaker": "老师",
    "text": "我们来看到课本上的例体。"
  },
  {
    "start": 1331.23,
    "end": 1334.59,
    "speaker": "老师",
    "text": "四、在一次男子马拉松长跑比赛中，"
  },
  {
    "start": 1334.81,
    "end": 1339.89,
    "speaker": "老师",
    "text": "抽得十二名选手所用的时间单位分钟如下，"
  },
  {
    "start": 1339.89,
    "end": 1342.71,
    "speaker": "老师",
    "text": "给出十二个数据两个问题。"
  },
  {
    "start": 1342.71,
    "end": 1343.29,
    "speaker": "老师",
    "text": "第一问，"
  },
  {
    "start": 1343.29,
    "end": 1344.55,
    "speaker": "老师",
    "text": "样本数据，"
  },
  {
    "start": 1344.59,
    "end": 1348.89,
    "speaker": "老师",
    "text": "十二名选手的成绩的中位数是多少？"
  },
  {
    "start": 1348.89,
    "end": 1349.55,
    "speaker": "老师",
    "text": "第二问，"
  },
  {
    "start": 1349.81,
    "end": 1353.87,
    "speaker": "老师",
    "text": "一名选手的成绩是一百四十二分钟，"
  },
  {
    "start": 1353.87,
    "end": 1355.17,
    "speaker": "老师",
    "text": "他的成绩如何？"
  },
  {
    "start": 1355.41,
    "end": 1357.07,
    "speaker": "老师",
    "text": "请同学们思考一下，"
  },
  {
    "start": 1357.43,
    "end": 1361.91,
    "speaker": "老师",
    "text": "在第一问当中要我们求样本数据的中位数。"
  },
  {
    "start": 1362.09,
    "end": 1366.71,
    "speaker": "老师",
    "text": "我们首先需要对样本数据进行一个排序。"
  },
  {
    "start": 1366.73,
    "end": 1369.36,
    "speaker": "老师",
    "text": "在这里，"
  },
  {
    "start": 1369.36,
    "end": 1371.62,
    "speaker": "老师",
    "text": "我们按照由小到大的顺序排序，"
  },
  {
    "start": 1371.62,
    "end": 1373.7,
    "speaker": "老师",
    "text": "得到如下的结果，"
  },
  {
    "start": 1373.7,
    "end": 1375.68,
    "speaker": "老师",
    "text": "一共是十二个数据，"
  },
  {
    "start": 1375.86,
    "end": 1377.1,
    "speaker": "老师",
    "text": "要找中位数。"
  },
  {
    "start": 1377.1,
    "end": 1380.38,
    "speaker": "老师",
    "text": "那应该找中间两个数的平均数，"
  },
  {
    "start": 1380.48,
    "end": 1389.16,
    "speaker": "老师",
    "text": "十二个数据中间两个数为第六和第七位。"
  },
  {
    "start": 1389.16,
    "end": 1394.25,
    "speaker": "老师",
    "text": "在这里我们可以找到第六位为一百四十六，"
  },
  {
    "start": 1394.25,
    "end": 1396.73,
    "speaker": "老师",
    "text": "第七位为一百四十八。"
  },
  {
    "start": 1396.73,
    "end": 1445.86,
    "speaker": "老师",
    "text": "所以我们可以得到这组数据的中位数为一百四十七。"
  },
  {
    "start": 1445.86,
    "end": 1452.4,
    "speaker": "老师",
    "text": "因此我们可以说样本数据的中位数是一百四十七。"
  },
  {
    "start": 1452.4,
    "end": 1453.26,
    "speaker": "老师",
    "text": "第二问，"
  },
  {
    "start": 1453.26,
    "end": 1456.52,
    "speaker": "老师",
    "text": "一名选手的成绩是一百四十二分钟，"
  },
  {
    "start": 1456.7,
    "end": 1458.3,
    "speaker": "老师",
    "text": "他的成绩如何？"
  },
  {
    "start": 1458.6,
    "end": 1462.42,
    "speaker": "老师",
    "text": "在数据当中没有出现一百四十二分钟。"
  },
  {
    "start": 1462.42,
    "end": 1472.04,
    "speaker": "老师",
    "text": "这个数据说明在这里需要我们用样本数据来进行估计。"
  },
  {
    "start": 1472.06,
    "end": 1476.64,
    "speaker": "老师",
    "text": "根据一中得到的样本数据的中位数可以估计，"
  },
  {
    "start": 1476.64,
    "end": 1479.5,
    "speaker": "老师",
    "text": "在这次马拉松比赛中，"
  },
  {
    "start": 1479.52,
    "end": 1484.1,
    "speaker": "老师",
    "text": "大约有一半选手的成绩快于一百四十七分钟，"
  },
  {
    "start": 1484.14,
    "end": 1539.11,
    "speaker": "老师",
    "text": "有一半选手的成绩慢于一百四十七分钟。"
  },
  {
    "start": 1539.11,
    "end": 1545.35,
    "speaker": "老师",
    "text": "所以我们可以推测他的成绩比一半选手的成绩要好。"
  },
  {
    "start": 1545.43,
    "end": 1550.25,
    "speaker": "老师",
    "text": "刚才我们用的是中位数对他的成绩进行评价。"
  },
  {
    "start": 1550.25,
    "end": 1553.23,
    "speaker": "老师",
    "text": "请同学们思考一下，"
  },
  {
    "start": 1553.29,
    "end": 1555.11,
    "speaker": "老师",
    "text": "根据样本数据，"
  },
  {
    "start": 1555.11,
    "end": 1560.95,
    "speaker": "老师",
    "text": "你还有其他办法评价这名选手在这次比赛中的表现吗？"
  },
  {
    "start": 1560.95,
    "end": 1562.87,
    "speaker": "老师",
    "text": "请同学们想一想，"
  },
  {
    "start": 1563.17,
    "end": 1567.17,
    "speaker": "老师",
    "text": "刚才我们用了中位数在这里，"
  },
  {
    "start": 1567.23,
    "end": 1569.39,
    "speaker": "老师",
    "text": "我们还可以用平均数。"
  },
  {
    "start": 1570.43,
    "end": 1571.75,
    "speaker": "老师",
    "text": "请同学们算一算，"
  },
  {
    "start": 1571.89,
    "end": 1575.05,
    "speaker": "老师",
    "text": "这组样本数据的平均数是多少。"
  },
  {
    "start": 1575.05,
    "end": 1576.23,
    "speaker": "老师",
    "text": "经过计算，"
  },
  {
    "start": 1576.25,
    "end": 1612.03,
    "speaker": "老师",
    "text": "我们可以得到这组样本数据的平均数为一百五十分钟。"
  },
  {
    "start": 1612.37,
    "end": 1613.09,
    "speaker": "老师",
    "text": "同学们，"
  },
  {
    "start": 1613.09,
    "end": 1614.33,
    "speaker": "老师",
    "text": "你算对了吗？"
  },
  {
    "start": 1614.35,
    "end": 1618.13,
    "speaker": "老师",
    "text": "这名选手的成绩为一百四十二分钟，"
  },
  {
    "start": 1618.13,
    "end": 1622.89,
    "speaker": "老师",
    "text": "我们发现这位选手的成绩比平均成绩要好。"
  },
  {
    "start": 1622.95,
    "end": 1629.08,
    "speaker": "老师",
    "text": "也就是可以说这位选手的成绩在平均水平之上。"
  },
  {
    "start": 1629.08,
    "end": 1632.92,
    "speaker": "老师",
    "text": "下面我们来看到课本上的例题。"
  },
  {
    "start": 1633.0,
    "end": 1644.29,
    "speaker": "老师",
    "text": "五一家鞋店在一段时间内销售了某种女鞋三十双各种尺码鞋的销售量如表所示，"
  },
  {
    "start": 1644.31,
    "end": 1649.41,
    "speaker": "老师",
    "text": "你能根据表中的数据为这家鞋店提供进货建议吗？"
  },
  {
    "start": 1649.41,
    "end": 1702.26,
    "speaker": "老师",
    "text": "同学们观察表格，"
  },
  {
    "start": 1702.26,
    "end": 1705.62,
    "speaker": "老师",
    "text": "这道题需要我们为商家提供进货建议。"
  },
  {
    "start": 1705.62,
    "end": 1706.42,
    "speaker": "老师",
    "text": "一般来说，"
  },
  {
    "start": 1706.44,
    "end": 1708.64,
    "speaker": "老师",
    "text": "鞋店比较关心哪种尺码，"
  },
  {
    "start": 1708.7,
    "end": 1710.86,
    "speaker": "老师",
    "text": "鞋的销量最大，"
  },
  {
    "start": 1710.86,
    "end": 1716.54,
    "speaker": "老师",
    "text": "也就是关心卖出鞋的尺码组成的数据的众数是多少。"
  },
  {
    "start": 1716.54,
    "end": 1722.76,
    "speaker": "老师",
    "text": "在表格当中我们很容易发现二十三点五出现的次数。"
  },
  {
    "start": 1722.76,
    "end": 1726.62,
    "speaker": "老师",
    "text": "最多是这组数据的众数，"
  },
  {
    "start": 1727.0,
    "end": 1730.86,
    "speaker": "老师",
    "text": "也就是说二十三点五厘米的鞋销量最大。"
  },
  {
    "start": 1731.0,
    "end": 1731.7,
    "speaker": "老师",
    "text": "因此，"
  },
  {
    "start": 1731.7,
    "end": 1736.94,
    "speaker": "老师",
    "text": "我们可以建议鞋垫多进二十三点五厘米的鞋。"
  },
  {
    "start": 1736.94,
    "end": 1739.68,
    "speaker": "老师",
    "text": "除了这个建议之外，"
  },
  {
    "start": 1739.7,
    "end": 1743.02,
    "speaker": "老师",
    "text": "同学们思考一下，"
  },
  {
    "start": 1743.02,
    "end": 1745.62,
    "speaker": "老师",
    "text": "你还能为鞋店进货，"
  },
  {
    "start": 1745.72,
    "end": 1747.2,
    "speaker": "老师",
    "text": "提出哪些建议呢？"
  },
  {
    "start": 1747.32,
    "end": 1751.74,
    "speaker": "老师",
    "text": "从表格当中我们发现二十二厘米的鞋销量为一双，"
  },
  {
    "start": 1751.8,
    "end": 1755.56,
    "speaker": "老师",
    "text": "二十五厘米的鞋销量也是一双，"
  },
  {
    "start": 1755.56,
    "end": 1762.72,
    "speaker": "老师",
    "text": "也就是说二十二厘米和二十五厘米的鞋销量很少。"
  },
  {
    "start": 1762.72,
    "end": 1768.22,
    "speaker": "老师",
    "text": "所以我们可以建议鞋垫少进二十二厘米和二十五厘米的鞋。"
  },
  {
    "start": 1768.22,
    "end": 1774.36,
    "speaker": "老师",
    "text": "我们还可以建议鞋垫按照它这组样本数据的比例来进行进货。"
  },
  {
    "start": 1774.38,
    "end": 1779.6,
    "speaker": "老师",
    "text": "我们来看到巩固练习某校男子足球队的年龄分布，"
  },
  {
    "start": 1779.6,
    "end": 1781.28,
    "speaker": "老师",
    "text": "如条形图所示，"
  },
  {
    "start": 1781.28,
    "end": 1786.32,
    "speaker": "老师",
    "text": "请找出这些队员年龄的平均数众数中位数，"
  },
  {
    "start": 1786.36,
    "end": 1788.06,
    "speaker": "老师",
    "text": "并解释他们的意义。"
  },
  {
    "start": 1788.06,
    "end": 1792.34,
    "speaker": "老师",
    "text": "请同学们思考题目当中给出了条形统计图。"
  },
  {
    "start": 1792.34,
    "end": 1798.52,
    "speaker": "老师",
    "text": "我们知道条形统计图的优点就是可以知道具体数量多少，"
  },
  {
    "start": 1798.52,
    "end": 1801.56,
    "speaker": "老师",
    "text": "从图中我们就可以得到年龄。"
  },
  {
    "start": 1801.56,
    "end": 1804.14,
    "speaker": "老师",
    "text": "十三岁的有两人，"
  },
  {
    "start": 1804.3,
    "end": 1806.66,
    "speaker": "老师",
    "text": "十四岁的有六人，"
  },
  {
    "start": 1806.74,
    "end": 1809.55,
    "speaker": "老师",
    "text": "十五岁的有八人，"
  },
  {
    "start": 1810.01,
    "end": 1811.45,
    "speaker": "老师",
    "text": "十六岁的有三人，"
  },
  {
    "start": 1811.47,
    "end": 1813.11,
    "speaker": "老师",
    "text": "十七岁的有两人，"
  },
  {
    "start": 1813.19,
    "end": 1814.61,
    "speaker": "老师",
    "text": "十八岁的有八人。"
  },
  {
    "start": 1814.63,
    "end": 1820.12,
    "speaker": "老师",
    "text": "我们先来求平均数，"
  },
  {
    "start": 1820.12,
    "end": 1824.06,
    "speaker": "老师",
    "text": "在这里可以用加权平均数的公式来计算，"
  },
  {
    "start": 1824.06,
    "end": 1826.92,
    "speaker": "老师",
    "text": "将数据带入公式当中，"
  },
  {
    "start": 1826.98,
    "end": 1831.57,
    "speaker": "老师",
    "text": "我们可以计算得到平均年龄为十五岁，"
  },
  {
    "start": 1831.57,
    "end": 1836.13,
    "speaker": "老师",
    "text": "也就是说队员的平均年龄为十五岁，"
  },
  {
    "start": 1836.15,
    "end": 1838.29,
    "speaker": "老师",
    "text": "那它的重数是多少呢？"
  },
  {
    "start": 1838.77,
    "end": 1841.73,
    "speaker": "老师",
    "text": "找这组数据的众数，"
  },
  {
    "start": 1841.73,
    "end": 1845.15,
    "speaker": "老师",
    "text": "从条形图中我们很容易发现，"
  },
  {
    "start": 1845.19,
    "end": 1848.51,
    "speaker": "老师",
    "text": "十五岁的出现的次数最多有八人。"
  },
  {
    "start": 1848.51,
    "end": 1852.37,
    "speaker": "老师",
    "text": "所以这组数据的众数为十五岁，"
  },
  {
    "start": 1852.37,
    "end": 1856.13,
    "speaker": "老师",
    "text": "也就是说大多数队员的年龄是十五岁。"
  },
  {
    "start": 1856.13,
    "end": 1859.79,
    "speaker": "老师",
    "text": "现在我们来找这组数据的中位数。"
  },
  {
    "start": 1859.79,
    "end": 1864.37,
    "speaker": "老师",
    "text": "我们知道找中位数需要对数据进行排序。"
  },
  {
    "start": 1864.41,
    "end": 1865.99,
    "speaker": "老师",
    "text": "在条形图中，"
  },
  {
    "start": 1866.07,
    "end": 1872.63,
    "speaker": "老师",
    "text": "我们可以发现这个数据已经按照由小到大的顺序排列了。"
  },
  {
    "start": 1872.63,
    "end": 1874.75,
    "speaker": "老师",
    "text": "这里一共有二十二个数据，"
  },
  {
    "start": 1874.75,
    "end": 1876.67,
    "speaker": "老师",
    "text": "找中位数，"
  },
  {
    "start": 1876.67,
    "end": 1881.03,
    "speaker": "老师",
    "text": "应该找第十一和第十二位的平均数。"
  },
  {
    "start": 1881.03,
    "end": 1889.86,
    "speaker": "老师",
    "text": "我们按照从小到大顺序来找一找第十一位和第十二位的年龄分别是多少？"
  },
  {
    "start": 1889.86,
    "end": 1893.78,
    "speaker": "老师",
    "text": "那这里我们可以只看到十三岁的有六人，"
  },
  {
    "start": 1893.78,
    "end": 1896.02,
    "speaker": "老师",
    "text": "十五岁的有六人，"
  },
  {
    "start": 1896.02,
    "end": 1897.56,
    "speaker": "老师",
    "text": "十五岁的有八人。"
  },
  {
    "start": 1897.58,
    "end": 1903.16,
    "speaker": "老师",
    "text": "那正好我们就可以发现第十一位和第十二位的都为十五岁。"
  },
  {
    "start": 1903.44,
    "end": 1906.82,
    "speaker": "老师",
    "text": "所以这组数据的中位数为十五岁，"
  },
  {
    "start": 1906.82,
    "end": 1911.51,
    "speaker": "老师",
    "text": "也就是说有一半队员的年龄大于或等于十五岁，"
  },
  {
    "start": 1911.21,
    "end": 1911.51,
    "speaker": "老师",
    "text": "有一半队员的年龄小于或等于十五岁，"
  },
  {
    "start": 1911.21,
    "end": 1911.51,
    "speaker": "老师",
    "text": "一节课的时间很快过去了。"
  },
  {
    "start": 1911.21,
    "end": 1911.51,
    "speaker": "老师",
    "text": "这节课我们学了什么？"
  },
  {
    "start": 1911.21,
    "end": 1911.51,
    "speaker": "老师",
    "text": "我们悟到了什么？"
  },
  {
    "start": 1911.21,
    "end": 1911.51,
    "speaker": "老师",
    "text": "我们还有什么质疑和发现？"
  },
  {
    "start": 1911.21,
    "end": 1911.51,
    "speaker": "老师",
    "text": "这节课当中我们学了中位数和众数，"
  },
  {
    "start": 1911.21,
    "end": 1911.51,
    "speaker": "老师",
    "text": "我们知道找中位数，"
  },
  {
    "start": 1911.21,
    "end": 1911.51,
    "speaker": "老师",
    "text": "首先应该对数据进行排序，"
  },
  {
    "start": 1911.21,
    "end": 1911.51,
    "speaker": "老师",
    "text": "找中间位置上的数，"
  },
  {
    "start": 1911.21,
    "end": 1911.51,
    "speaker": "老师",
    "text": "还与数据个数的奇偶有关系。"
  },
  {
    "start": 1911.21,
    "end": 1911.51,
    "speaker": "老师",
    "text": "找众数，"
  },
  {
    "start": 1911.21,
    "end": 1911.51,
    "speaker": "老师",
    "text": "找这组数据当中出现次数最多的数，"
  },
  {
    "start": 1911.21,
    "end": 1911.51,
    "speaker": "老师",
    "text": "加上前面学习的平均数，"
  },
  {
    "start": 1911.21,
    "end": 1911.51,
    "speaker": "老师",
    "text": "我们一共学习了三个表示数据集中趋势的统计量。"
  },
  {
    "start": 1911.21,
    "end": 1911.51,
    "speaker": "老师",
    "text": "现在给我们一组数据，"
  },
  {
    "start": 1911.21,
    "end": 1911.51,
    "speaker": "老师",
    "text": "我们可以对数据进行分析，"
  },
  {
    "start": 1911.21,
    "end": 1911.51,
    "speaker": "老师",
    "text": "分析它的集中趋势，"
  },
  {
    "start": 1911.21,
    "end": 1911.51,
    "speaker": "老师",
    "text": "从而做出全面分析，"
  },
  {
    "start": 1911.21,
    "end": 1911.51,
    "speaker": "老师",
    "text": "合理决策，"
  },
  {
    "start": 1911.21,
    "end": 1911.51,
    "speaker": "老师",
    "text": "用来指导我们的实际生活数学。"
  },
  {
    "start": 1911.21,
    "end": 1911.51,
    "speaker": "老师",
    "text": "园艺生活在实际生活当中，"
  },
  {
    "start": 1911.21,
    "end": 1911.51,
    "speaker": "老师",
    "text": "我们又可以进行数据的收集，"
  },
  {
    "start": 1911.21,
    "end": 1911.51,
    "speaker": "老师",
    "text": "对这些收集到的数据进行分析，"
  },
  {
    "start": 1911.21,
    "end": 1911.51,
    "speaker": "老师",
    "text": "做出合理决策。"
  },
  {
    "start": 1911.21,
    "end": 1911.51,
    "speaker": "老师",
    "text": "我们还需要树立统计思想，"
  },
  {
    "start": 1911.21,
    "end": 1911.51,
    "speaker": "老师",
    "text": "分析繁杂的信息，"
  },
  {
    "start": 1911.21,
    "end": 1911.51,
    "speaker": "老师",
    "text": "学会用数据说话。"
  },
  {
    "start": 1911.21,
    "end": 1911.51,
    "speaker": "老师",
    "text": "下面是我们今天的作业，"
  },
  {
    "start": 1911.21,
    "end": 1911.51,
    "speaker": "老师",
    "text": "第一项巩固性作业，"
  },
  {
    "start": 1911.21,
    "end": 1911.51,
    "speaker": "老师",
    "text": "数学练习册、第四十二页、第二项拓展性作业。"
  },
  {
    "start": 1911.21,
    "end": 1911.51,
    "speaker": "老师",
    "text": "希望我们大家都能够去做第三项研究性作业。"
  },
  {
    "start": 1911.21,
    "end": 1911.51,
    "speaker": "老师",
    "text": "对于这个研究性作业，"
  },
  {
    "start": 1911.21,
    "end": 1911.51,
    "speaker": "老师",
    "text": "我们同学可以在完成后与自询的老师同学进行交流。"
  },
  {
    "start": 1911.21,
    "end": 1911.51,
    "speaker": "老师",
    "text": "这节课我们上到这里下课。"
  }
]