[
  {
    "start": 4.0,
    "end": 10.85,
    "speaker": "老师",
    "text": "嗯，"
  },
  {
    "start": 10.85,
    "end": 13.27,
    "speaker": "老师",
    "text": "同学们大家好，"
  },
  {
    "start": 13.27,
    "end": 16.1,
    "speaker": "老师",
    "text": "很高兴又和大家见面了。"
  },
  {
    "start": 16.1,
    "end": 20.52,
    "speaker": "老师",
    "text": "我是南昌市外国语学校胡静华老师。"
  },
  {
    "start": 20.52,
    "end": 23.84,
    "speaker": "老师",
    "text": "今天我们将继续一起学习。"
  },
  {
    "start": 23.84,
    "end": 28.16,
    "speaker": "老师",
    "text": "前面我们已经学完了二十根世界一章上节课，"
  },
  {
    "start": 28.16,
    "end": 31.52,
    "speaker": "老师",
    "text": "我们已经进行了小结和复习。"
  },
  {
    "start": 31.52,
    "end": 34.66,
    "speaker": "老师",
    "text": "同学们通过小结和复习，"
  },
  {
    "start": 34.66,
    "end": 38.89,
    "speaker": "老师",
    "text": "对本章的知识你是否都掌握了呢？"
  },
  {
    "start": 38.89,
    "end": 39.55,
    "speaker": "老师",
    "text": "非常好，"
  },
  {
    "start": 39.55,
    "end": 44.67,
    "speaker": "老师",
    "text": "相信大家应该掌握的不错吧。"
  },
  {
    "start": 44.67,
    "end": 46.42,
    "speaker": "老师",
    "text": "好的，"
  },
  {
    "start": 46.42,
    "end": 49.48,
    "speaker": "老师",
    "text": "今天我们将学习什么呢？"
  },
  {
    "start": 49.48,
    "end": 53.92,
    "speaker": "老师",
    "text": "我们知道数学与生活是密不可分的，"
  },
  {
    "start": 53.92,
    "end": 59.49,
    "speaker": "老师",
    "text": "学数学就是为了在生活当中更好的运运用数学，"
  },
  {
    "start": 59.49,
    "end": 60.71,
    "speaker": "老师",
    "text": "运用数学的知识，"
  },
  {
    "start": 60.71,
    "end": 66.24,
    "speaker": "老师",
    "text": "运用数学的思维来解决生活当中的问题。"
  },
  {
    "start": 66.24,
    "end": 68.74,
    "speaker": "老师",
    "text": "那么学完阿兹根式这一章，"
  },
  {
    "start": 68.74,
    "end": 76.76,
    "speaker": "老师",
    "text": "实际上阿兹根式很多知识点在我们生活当中也无处不在，"
  },
  {
    "start": 76.76,
    "end": 81.45,
    "speaker": "老师",
    "text": "渗透在我们生活当中的各个方面。"
  },
  {
    "start": 81.45,
    "end": 93.8,
    "speaker": "老师",
    "text": "今天我们就通过一些数学活动来看一看哪些地方与本章的知识点有一些密切的关系。"
  },
  {
    "start": 93.8,
    "end": 96.03,
    "speaker": "老师",
    "text": "好的，"
  },
  {
    "start": 96.03,
    "end": 105.85,
    "speaker": "老师",
    "text": "上节课要大家做我的准备，"
  },
  {
    "start": 106.13,
    "end": 110.52,
    "speaker": "老师",
    "text": "同学们都准备好了吗？"
  },
  {
    "start": 110.52,
    "end": 113.3,
    "speaker": "老师",
    "text": "计算器、一些课本，"
  },
  {
    "start": 113.3,
    "end": 116.23,
    "speaker": "老师",
    "text": "还有一些盒子啊，"
  },
  {
    "start": 116.23,
    "end": 117.27,
    "speaker": "老师",
    "text": "还有直尺啊，"
  },
  {
    "start": 119.41,
    "end": 122.65,
    "speaker": "老师",
    "text": "还有我们常用的a四的纸，"
  },
  {
    "start": 122.65,
    "end": 127.02,
    "speaker": "老师",
    "text": "你都准备好了吗？"
  },
  {
    "start": 127.02,
    "end": 127.32,
    "speaker": "老师",
    "text": "好，"
  },
  {
    "start": 127.32,
    "end": 130.68,
    "speaker": "老师",
    "text": "我们把它拿出来放好好的，"
  },
  {
    "start": 130.68,
    "end": 134.35,
    "speaker": "老师",
    "text": "我们将一起进入今天的学习。"
  },
  {
    "start": 134.35,
    "end": 138.71,
    "speaker": "老师",
    "text": "首先我们来看三个非常特殊的无理数啊，"
  },
  {
    "start": 138.71,
    "end": 141.79,
    "speaker": "老师",
    "text": "也是我们的二次根式。"
  },
  {
    "start": 141.79,
    "end": 148.99,
    "speaker": "老师",
    "text": "你都知道这三个数的近似值等于多少吗？"
  },
  {
    "start": 148.99,
    "end": 149.27,
    "speaker": "老师",
    "text": "嗯，"
  },
  {
    "start": 149.27,
    "end": 153.05,
    "speaker": "老师",
    "text": "希望同学们能够记住，"
  },
  {
    "start": 153.05,
    "end": 159.7,
    "speaker": "老师",
    "text": "因为它是我们比较常用的常见的三个数值，"
  },
  {
    "start": 159.7,
    "end": 160.0,
    "speaker": "老师",
    "text": "嗯，"
  },
  {
    "start": 160.0,
    "end": 161.5,
    "speaker": "老师",
    "text": "非常好，"
  },
  {
    "start": 161.66,
    "end": 164.34,
    "speaker": "老师",
    "text": "实质上他在生活当中也无处不在。"
  },
  {
    "start": 164.34,
    "end": 166.98,
    "speaker": "老师",
    "text": "接下来我们一起来看看啊，"
  },
  {
    "start": 166.98,
    "end": 170.48,
    "speaker": "老师",
    "text": "同学们看到这些图片应该非常熟悉啊，"
  },
  {
    "start": 170.48,
    "end": 175.74,
    "speaker": "老师",
    "text": "这是我们八年级下册数学的课本封面。"
  },
  {
    "start": 175.74,
    "end": 182.14,
    "speaker": "老师",
    "text": "这是我们小学用过的语文书啊，"
  },
  {
    "start": 182.52,
    "end": 184.98,
    "speaker": "老师",
    "text": "这是我们的地理填充图册，"
  },
  {
    "start": 184.98,
    "end": 191.13,
    "speaker": "老师",
    "text": "还有我们经常用到的a四的纸啊，"
  },
  {
    "start": 191.13,
    "end": 192.91,
    "speaker": "老师",
    "text": "a三的相片纸，"
  },
  {
    "start": 192.91,
    "end": 197.01,
    "speaker": "老师",
    "text": "以及我们的一些喜欢阅读的书。"
  },
  {
    "start": 197.01,
    "end": 199.83,
    "speaker": "老师",
    "text": "这些相信大家也不陌生啊。"
  },
  {
    "start": 199.83,
    "end": 204.45,
    "speaker": "老师",
    "text": "生活当中常见的一些包装盒，"
  },
  {
    "start": 204.45,
    "end": 209.57,
    "speaker": "老师",
    "text": "其实大部分书籍和纸张它的长和宽呢都有固定的尺寸。"
  },
  {
    "start": 209.57,
    "end": 215.2,
    "speaker": "老师",
    "text": "那么你知道它们的长与宽的比值是多少吗？"
  },
  {
    "start": 215.2,
    "end": 219.97,
    "speaker": "老师",
    "text": "另外如果我告诉你一个长方体的长宽高之比，"
  },
  {
    "start": 219.99,
    "end": 224.87,
    "speaker": "老师",
    "text": "并且告诉你这个长方体的某个面的面积，"
  },
  {
    "start": 225.01,
    "end": 229.53,
    "speaker": "老师",
    "text": "你能动手做出这个长方体的纸盒。"
  },
  {
    "start": 229.53,
    "end": 233.97,
    "speaker": "老师",
    "text": "本节活动课就让我们一起来探讨这些问题吧。"
  },
  {
    "start": 233.97,
    "end": 237.15,
    "speaker": "老师",
    "text": "首先我们来探究a型纸张的规格。"
  },
  {
    "start": 237.15,
    "end": 238.75,
    "speaker": "老师",
    "text": "那么什么是a型纸呢？"
  },
  {
    "start": 238.75,
    "end": 239.47,
    "speaker": "老师",
    "text": "啊，"
  },
  {
    "start": 239.47,
    "end": 241.99,
    "speaker": "老师",
    "text": "我们最常见的就是a四型的纸，"
  },
  {
    "start": 242.09,
    "end": 247.23,
    "speaker": "老师",
    "text": "我们常用的一些打印纸就是a四型号的。"
  },
  {
    "start": 247.23,
    "end": 253.31,
    "speaker": "老师",
    "text": "当然啊如果有些同学不知道a型a四纸呃是什么样的，"
  },
  {
    "start": 254.18,
    "end": 256.57,
    "speaker": "老师",
    "text": "到底大小是多少。"
  },
  {
    "start": 256.57,
    "end": 260.75,
    "speaker": "老师",
    "text": "实际上我们可以拿出我们的地理填充图册，"
  },
  {
    "start": 260.75,
    "end": 266.87,
    "speaker": "老师",
    "text": "我们地理填充图册呢实际上就是一张a四纸的大小，"
  },
  {
    "start": 267.9,
    "end": 268.7,
    "speaker": "老师",
    "text": "大家看到了吧？"
  },
  {
    "start": 268.7,
    "end": 269.02,
    "speaker": "老师",
    "text": "啊，"
  },
  {
    "start": 269.02,
    "end": 271.24,
    "speaker": "老师",
    "text": "这个大小呢就是a四纸。"
  },
  {
    "start": 271.68,
    "end": 277.25,
    "speaker": "老师",
    "text": "Ok那么大家可以试着动手去测量一下，"
  },
  {
    "start": 277.25,
    "end": 281.23,
    "speaker": "老师",
    "text": "用刻度纸量一量a四纸的大小，"
  },
  {
    "start": 281.29,
    "end": 286.55,
    "speaker": "老师",
    "text": "它的长呢是二百九十七毫米，"
  },
  {
    "start": 286.55,
    "end": 289.56,
    "speaker": "老师",
    "text": "它的宽呢是二百一十，"
  },
  {
    "start": 289.56,
    "end": 294.13,
    "speaker": "老师",
    "text": "是不是这个数据有点奇怪啊，"
  },
  {
    "start": 294.13,
    "end": 295.61,
    "speaker": "老师",
    "text": "为什么是这样的？"
  },
  {
    "start": 295.61,
    "end": 299.66,
    "speaker": "老师",
    "text": "数不着急。"
  },
  {
    "start": 299.66,
    "end": 300.84,
    "speaker": "老师",
    "text": "通过今天的学习，"
  },
  {
    "start": 300.84,
    "end": 305.11,
    "speaker": "老师",
    "text": "我想我们能发现这个秘密。"
  },
  {
    "start": 305.11,
    "end": 305.95,
    "speaker": "老师",
    "text": "好的，"
  },
  {
    "start": 305.95,
    "end": 310.77,
    "speaker": "老师",
    "text": "老师现在给出了从a零到a七所有纸的长宽的大小。"
  },
  {
    "start": 310.77,
    "end": 312.49,
    "speaker": "老师",
    "text": "现在呢同学们，"
  },
  {
    "start": 312.83,
    "end": 316.35,
    "speaker": "老师",
    "text": "我们来观察一下，"
  },
  {
    "start": 316.35,
    "end": 326.54,
    "speaker": "老师",
    "text": "你有没有发现每一张a显纸长宽之间的这个数据好像没有什么比较特殊的地方，"
  },
  {
    "start": 326.54,
    "end": 327.2,
    "speaker": "老师",
    "text": "对吧？"
  },
  {
    "start": 331.22,
    "end": 332.56,
    "speaker": "老师",
    "text": "没有关系。"
  },
  {
    "start": 332.56,
    "end": 335.57,
    "speaker": "老师",
    "text": "A型纸之间，"
  },
  {
    "start": 335.57,
    "end": 341.99,
    "speaker": "老师",
    "text": "他们每一张之间到底有什么样的关系呢？"
  },
  {
    "start": 341.99,
    "end": 342.33,
    "speaker": "老师",
    "text": "好，"
  },
  {
    "start": 342.33,
    "end": 343.53,
    "speaker": "老师",
    "text": "我们先来做。"
  },
  {
    "start": 343.57,
    "end": 344.65,
    "speaker": "老师",
    "text": "第一个，"
  },
  {
    "start": 344.65,
    "end": 350.86,
    "speaker": "老师",
    "text": "我们来求一求它的长宽之比，"
  },
  {
    "start": 350.86,
    "end": 354.33,
    "speaker": "老师",
    "text": "什么叫长宽之比啊？"
  },
  {
    "start": 354.33,
    "end": 355.39,
    "speaker": "老师",
    "text": "非常好，"
  },
  {
    "start": 355.45,
    "end": 362.51,
    "speaker": "老师",
    "text": "就是用长比宽求一下它的比值，"
  },
  {
    "start": 362.51,
    "end": 368.98,
    "speaker": "老师",
    "text": "我们试着来算，"
  },
  {
    "start": 372.13,
    "end": 381.77,
    "speaker": "老师",
    "text": "第一个拿出你的计算器，"
  },
  {
    "start": 381.77,
    "end": 384.86,
    "speaker": "老师",
    "text": "一一八九比上八四一。"
  },
  {
    "start": 384.86,
    "end": 385.76,
    "speaker": "老师",
    "text": "同学们，"
  },
  {
    "start": 386.02,
    "end": 389.35,
    "speaker": "老师",
    "text": "你算出来了没？"
  },
  {
    "start": 389.51,
    "end": 389.97,
    "speaker": "老师",
    "text": "嗯，"
  },
  {
    "start": 389.97,
    "end": 392.64,
    "speaker": "老师",
    "text": "等于一点四以三好的。"
  },
  {
    "start": 392.64,
    "end": 400.06,
    "speaker": "老师",
    "text": "接下去我们再来看a型纸的长宽之比，"
  },
  {
    "start": 400.06,
    "end": 407.83,
    "speaker": "老师",
    "text": "打算好的填在你的笔记本上非常好。"
  },
  {
    "start": 407.83,
    "end": 412.99,
    "speaker": "老师",
    "text": "第二个算出来的是一点四一五八。"
  },
  {
    "start": 413.05,
    "end": 413.31,
    "speaker": "老师",
    "text": "好，"
  },
  {
    "start": 413.31,
    "end": 413.87,
    "speaker": "老师",
    "text": "继续。"
  },
  {
    "start": 413.87,
    "end": 417.21,
    "speaker": "老师",
    "text": "第三个嗯非常好，"
  },
  {
    "start": 418.35,
    "end": 424.49,
    "speaker": "老师",
    "text": "第四个、第五个、第六个、第七个。"
  },
  {
    "start": 424.55,
    "end": 424.83,
    "speaker": "老师",
    "text": "嗯，"
  },
  {
    "start": 424.83,
    "end": 425.37,
    "speaker": "老师",
    "text": "好的，"
  },
  {
    "start": 425.83,
    "end": 433.03,
    "speaker": "老师",
    "text": "同学们都介绍完了吗？"
  },
  {
    "start": 433.03,
    "end": 440.06,
    "speaker": "老师",
    "text": "我们现在算出了每一张型号的长宽字，"
  },
  {
    "start": 440.14,
    "end": 447.91,
    "speaker": "老师",
    "text": "比同学们有没有发现这些数值怎么样啊？"
  },
  {
    "start": 447.91,
    "end": 449.53,
    "speaker": "老师",
    "text": "嗯，"
  },
  {
    "start": 449.53,
    "end": 450.87,
    "speaker": "老师",
    "text": "非常非常的接近，"
  },
  {
    "start": 451.09,
    "end": 454.83,
    "speaker": "老师",
    "text": "它们都在一点四一左右，"
  },
  {
    "start": 454.83,
    "end": 456.25,
    "speaker": "老师",
    "text": "是不是啊？"
  },
  {
    "start": 456.25,
    "end": 460.97,
    "speaker": "老师",
    "text": "同学们还记得课前，"
  },
  {
    "start": 460.97,
    "end": 465.07,
    "speaker": "老师",
    "text": "我们讲过哪一个无理数，"
  },
  {
    "start": 467.62,
    "end": 468.72,
    "speaker": "老师",
    "text": "哪一个二字，"
  },
  {
    "start": 468.72,
    "end": 473.64,
    "speaker": "老师",
    "text": "根式的值跟一点四一差不多接近了，"
  },
  {
    "start": 473.64,
    "end": 478.11,
    "speaker": "老师",
    "text": "非常好更好啊，"
  },
  {
    "start": 478.11,
    "end": 479.07,
    "speaker": "老师",
    "text": "对吧？"
  },
  {
    "start": 479.07,
    "end": 479.37,
    "speaker": "老师",
    "text": "哎，"
  },
  {
    "start": 479.37,
    "end": 483.71,
    "speaker": "老师",
    "text": "原来我们发现a型纸张的长宽之比怎么样？"
  },
  {
    "start": 483.71,
    "end": 486.01,
    "speaker": "老师",
    "text": "非常接近一点，"
  },
  {
    "start": 486.05,
    "end": 489.42,
    "speaker": "老师",
    "text": "是一次大概就是根号二轴。"
  },
  {
    "start": 490.56,
    "end": 491.34,
    "speaker": "老师",
    "text": "好的，"
  },
  {
    "start": 491.34,
    "end": 496.9,
    "speaker": "老师",
    "text": "那有的是说你们有没有这样的想法，"
  },
  {
    "start": 497.14,
    "end": 501.42,
    "speaker": "老师",
    "text": "是不是a型纸张的笔就一定是根号二呢？"
  },
  {
    "start": 501.44,
    "end": 503.76,
    "speaker": "老师",
    "text": "常换字比一定是根号二。"
  },
  {
    "start": 503.82,
    "end": 505.1,
    "speaker": "老师",
    "text": "嗯，"
  },
  {
    "start": 505.1,
    "end": 507.0,
    "speaker": "老师",
    "text": "为什么会是这样？"
  },
  {
    "start": 507.04,
    "end": 507.46,
    "speaker": "老师",
    "text": "好，"
  },
  {
    "start": 508.0,
    "end": 513.8,
    "speaker": "老师",
    "text": "我们接着继续来研究。"
  },
  {
    "start": 513.8,
    "end": 517.1,
    "speaker": "老师",
    "text": "刚刚我们只是算了长与宽之比，"
  },
  {
    "start": 517.24,
    "end": 524.11,
    "speaker": "老师",
    "text": "我们现在试着来求一求每一张a型纸的面积。"
  },
  {
    "start": 524.41,
    "end": 532.28,
    "speaker": "老师",
    "text": "接下来我们一起来算一算a菱形纸的面积，"
  },
  {
    "start": 532.44,
    "end": 534.54,
    "speaker": "老师",
    "text": "拿出你的计算器，"
  },
  {
    "start": 534.56,
    "end": 537.32,
    "speaker": "老师",
    "text": "一一八九乘以八十一，"
  },
  {
    "start": 537.76,
    "end": 543.08,
    "speaker": "老师",
    "text": "我们来算算看哦，"
  },
  {
    "start": 545.12,
    "end": 547.5,
    "speaker": "老师",
    "text": "它等于九九九九四九。"
  },
  {
    "start": 547.5,
    "end": 548.5,
    "speaker": "老师",
    "text": "注意，"
  },
  {
    "start": 548.5,
    "end": 550.39,
    "speaker": "老师",
    "text": "因为它的单位呢是毫米，"
  },
  {
    "start": 556.58,
    "end": 559.02,
    "speaker": "老师",
    "text": "所以我算出来的面积是平方毫米。"
  },
  {
    "start": 559.02,
    "end": 562.81,
    "speaker": "老师",
    "text": "当我们把平方毫米化成平方米，"
  },
  {
    "start": 562.81,
    "end": 564.71,
    "speaker": "老师",
    "text": "我们发现这个数值非常好，"
  },
  {
    "start": 564.71,
    "end": 567.71,
    "speaker": "老师",
    "text": "约等于一平方。"
  },
  {
    "start": 567.71,
    "end": 567.89,
    "speaker": "老师",
    "text": "嗯，"
  },
  {
    "start": 567.89,
    "end": 570.8,
    "speaker": "老师",
    "text": "是不是一个非常重要的发现，"
  },
  {
    "start": 570.8,
    "end": 574.76,
    "speaker": "老师",
    "text": "原来a菱形纸的面积就是一平方米。"
  },
  {
    "start": 574.76,
    "end": 575.46,
    "speaker": "老师",
    "text": "那好，"
  },
  {
    "start": 575.46,
    "end": 580.02,
    "speaker": "老师",
    "text": "我们接下来再来看a一型纸，"
  },
  {
    "start": 580.02,
    "end": 584.8,
    "speaker": "老师",
    "text": "同学们算算看它大约等于多少？"
  },
  {
    "start": 584.94,
    "end": 589.12,
    "speaker": "老师",
    "text": "A二a三、a四a五a六a七。"
  },
  {
    "start": 589.18,
    "end": 591.18,
    "speaker": "老师",
    "text": "朋友们都计算一下，"
  },
  {
    "start": 591.18,
    "end": 593.63,
    "speaker": "老师",
    "text": "把答案写下来。"
  },
  {
    "start": 593.63,
    "end": 594.24,
    "speaker": "老师",
    "text": "好的，"
  },
  {
    "start": 595.1,
    "end": 596.12,
    "speaker": "老师",
    "text": "嗯，"
  },
  {
    "start": 596.14,
    "end": 596.66,
    "speaker": "老师",
    "text": "非常好。"
  },
  {
    "start": 596.66,
    "end": 603.72,
    "speaker": "老师",
    "text": "我们利用计算器是不是很快的得到了这些面积，"
  },
  {
    "start": 603.72,
    "end": 609.54,
    "speaker": "老师",
    "text": "你算出来的数字是这样吗？"
  },
  {
    "start": 609.56,
    "end": 610.06,
    "speaker": "老师",
    "text": "好，"
  },
  {
    "start": 610.08,
    "end": 611.63,
    "speaker": "老师",
    "text": "不要忘了，"
  },
  {
    "start": 612.74,
    "end": 616.75,
    "speaker": "老师",
    "text": "我们要把单位换算一下。"
  },
  {
    "start": 616.75,
    "end": 620.53,
    "speaker": "老师",
    "text": "当我们化为平方米的时候，"
  },
  {
    "start": 620.87,
    "end": 624.42,
    "speaker": "老师",
    "text": "是这些数字你都上线了。"
  },
  {
    "start": 624.42,
    "end": 625.02,
    "speaker": "老师",
    "text": "好的，"
  },
  {
    "start": 625.02,
    "end": 626.94,
    "speaker": "老师",
    "text": "我们再来问，"
  },
  {
    "start": 627.0,
    "end": 631.0,
    "speaker": "老师",
    "text": "看看这些数值之间的关系。"
  },
  {
    "start": 631.0,
    "end": 643.26,
    "speaker": "老师",
    "text": "同学们有没有发现a一型纸的面积是a零型纸面积的一个a二又是a一的，"
  },
  {
    "start": 643.26,
    "end": 644.36,
    "speaker": "老师",
    "text": "嗯，"
  },
  {
    "start": 644.36,
    "end": 648.7,
    "speaker": "老师",
    "text": "就是一半a三是a二的。"
  },
  {
    "start": 648.7,
    "end": 649.08,
    "speaker": "老师",
    "text": "嗯，"
  },
  {
    "start": 649.22,
    "end": 658.53,
    "speaker": "老师",
    "text": "一半a四呢是a三的一半非常好，"
  },
  {
    "start": 658.53,
    "end": 663.7,
    "speaker": "老师",
    "text": "每一张型号之间相邻之间的关系嗯一半的关系。"
  },
  {
    "start": 663.72,
    "end": 664.16,
    "speaker": "老师",
    "text": "好，"
  },
  {
    "start": 664.68,
    "end": 674.0,
    "speaker": "老师",
    "text": "那我们再来从长和宽里面看看数字之间有什么样的关系，"
  },
  {
    "start": 674.44,
    "end": 676.46,
    "speaker": "老师",
    "text": "你发现了吗？"
  },
  {
    "start": 676.46,
    "end": 681.63,
    "speaker": "老师",
    "text": "A菱形纸的宽度就是a一字形的长度，"
  },
  {
    "start": 682.7,
    "end": 690.53,
    "speaker": "老师",
    "text": "a型纸的宽度实际上是上面那个宽度的一半非常好。"
  },
  {
    "start": 690.65,
    "end": 696.07,
    "speaker": "老师",
    "text": "再看看AR是不是同样的，"
  },
  {
    "start": 696.51,
    "end": 701.59,
    "speaker": "老师",
    "text": "a二纸的长度是a一纸型的宽度，"
  },
  {
    "start": 701.59,
    "end": 708.38,
    "speaker": "老师",
    "text": "它的宽度实际上是前面长度的一半。"
  },
  {
    "start": 708.38,
    "end": 714.62,
    "speaker": "老师",
    "text": "发现原来每一张纸都是前面一个型号纸怎么样哦，"
  },
  {
    "start": 716.54,
    "end": 718.6,
    "speaker": "老师",
    "text": "对折一半的结果对吧？"
  },
  {
    "start": 718.6,
    "end": 718.84,
    "speaker": "老师",
    "text": "啊，"
  },
  {
    "start": 718.84,
    "end": 719.54,
    "speaker": "老师",
    "text": "非常好。"
  },
  {
    "start": 719.82,
    "end": 723.61,
    "speaker": "老师",
    "text": "我们从大量的计算和数据当中，"
  },
  {
    "start": 723.61,
    "end": 726.85,
    "speaker": "老师",
    "text": "大家发现了些什么呢？"
  },
  {
    "start": 726.85,
    "end": 730.61,
    "speaker": "老师",
    "text": "我们有没有发现他们之间的关系？"
  },
  {
    "start": 730.63,
    "end": 731.01,
    "speaker": "老师",
    "text": "嗯，"
  },
  {
    "start": 731.13,
    "end": 733.33,
    "speaker": "老师",
    "text": "通过前面的长宽之比，"
  },
  {
    "start": 733.33,
    "end": 734.55,
    "speaker": "老师",
    "text": "我们发现了什么？"
  },
  {
    "start": 734.55,
    "end": 738.03,
    "speaker": "老师",
    "text": "发现了a型纸张，"
  },
  {
    "start": 738.21,
    "end": 747.15,
    "speaker": "老师",
    "text": "它们的长宽比值始终保持一致不变的对吧？"
  },
  {
    "start": 747.15,
    "end": 748.59,
    "speaker": "老师",
    "text": "非常好。"
  },
  {
    "start": 749.07,
    "end": 750.61,
    "speaker": "老师",
    "text": "第二个发现，"
  },
  {
    "start": 751.21,
    "end": 752.33,
    "speaker": "老师",
    "text": "通过求面积，"
  },
  {
    "start": 752.37,
    "end": 757.36,
    "speaker": "老师",
    "text": "我们发现a菱形纸的面积就是一个平方米。"
  },
  {
    "start": 757.36,
    "end": 764.55,
    "speaker": "老师",
    "text": "接下来a一子就是a零子对责对办彩。"
  },
  {
    "start": 765.22,
    "end": 766.78,
    "speaker": "老师",
    "text": "同样的，"
  },
  {
    "start": 766.78,
    "end": 769.53,
    "speaker": "老师",
    "text": "a二又是a一子，"
  },
  {
    "start": 769.53,
    "end": 772.86,
    "speaker": "老师",
    "text": "接着对板材，"
  },
  {
    "start": 772.9,
    "end": 774.18,
    "speaker": "老师",
    "text": "对不对？"
  },
  {
    "start": 774.22,
    "end": 775.12,
    "speaker": "老师",
    "text": "非常好。"
  },
  {
    "start": 775.12,
    "end": 778.38,
    "speaker": "老师",
    "text": "通过我们的计算观察和发现，"
  },
  {
    "start": 778.54,
    "end": 781.0,
    "speaker": "老师",
    "text": "看似无规律的数值，"
  },
  {
    "start": 781.0,
    "end": 787.64,
    "speaker": "老师",
    "text": "实际上这里面藏着非常多的重要的信息。"
  },
  {
    "start": 787.64,
    "end": 788.06,
    "speaker": "老师",
    "text": "好，"
  },
  {
    "start": 788.06,
    "end": 795.79,
    "speaker": "老师",
    "text": "我们把我们刚才看到的重要的信息整理一下。"
  },
  {
    "start": 795.79,
    "end": 796.79,
    "speaker": "老师",
    "text": "好的，"
  },
  {
    "start": 796.79,
    "end": 803.83,
    "speaker": "老师",
    "text": "那现在呢我们就来看一张a零型号的纸，"
  },
  {
    "start": 804.35,
    "end": 808.26,
    "speaker": "老师",
    "text": "这一张就是最大的a零型号的纸。"
  },
  {
    "start": 808.26,
    "end": 812.14,
    "speaker": "老师",
    "text": "按照按照刚才我们发现的规律，"
  },
  {
    "start": 812.14,
    "end": 815.41,
    "speaker": "老师",
    "text": "a一的纸应该是什么呀？"
  },
  {
    "start": 815.97,
    "end": 816.79,
    "speaker": "老师",
    "text": "非常好，"
  },
  {
    "start": 816.81,
    "end": 819.21,
    "speaker": "老师",
    "text": "就是将a零的长边对折，"
  },
  {
    "start": 819.63,
    "end": 822.19,
    "speaker": "老师",
    "text": "产生了a一型号的纸。"
  },
  {
    "start": 822.19,
    "end": 826.51,
    "speaker": "老师",
    "text": "再将a一的纸再次沿着长边对折，"
  },
  {
    "start": 826.51,
    "end": 831.14,
    "speaker": "老师",
    "text": "我们就产生了a二型号的纸。"
  },
  {
    "start": 831.14,
    "end": 833.13,
    "speaker": "老师",
    "text": "通过刚才的规律，"
  },
  {
    "start": 835.35,
    "end": 838.37,
    "speaker": "老师",
    "text": "我们一起来回忆一下。"
  },
  {
    "start": 838.43,
    "end": 841.67,
    "speaker": "老师",
    "text": "通过前面的计算，"
  },
  {
    "start": 841.77,
    "end": 847.05,
    "speaker": "老师",
    "text": "我们发现a零的面积恰好是一个平方米。"
  },
  {
    "start": 847.91,
    "end": 852.75,
    "speaker": "老师",
    "text": "我们将长边对折就产生了a一型号的值，"
  },
  {
    "start": 853.01,
    "end": 857.79,
    "speaker": "老师",
    "text": "继续对折产生a二型号的值，"
  },
  {
    "start": 858.03,
    "end": 859.15,
    "speaker": "老师",
    "text": "以此类推。"
  },
  {
    "start": 859.49,
    "end": 861.83,
    "speaker": "老师",
    "text": "在对折的过程当中，"
  },
  {
    "start": 861.83,
    "end": 866.08,
    "speaker": "老师",
    "text": "我们通过前面的数据的观察发现，"
  },
  {
    "start": 866.08,
    "end": 872.32,
    "speaker": "老师",
    "text": "我们保证要使每一张型号的长宽的笔直要保持一致非常好。"
  },
  {
    "start": 872.32,
    "end": 881.06,
    "speaker": "老师",
    "text": "这就是我们a型纸之间它的规则和要求。"
  },
  {
    "start": 881.06,
    "end": 882.02,
    "speaker": "老师",
    "text": "那好，"
  },
  {
    "start": 883.12,
    "end": 884.62,
    "speaker": "老师",
    "text": "什么是a四纸啊？"
  },
  {
    "start": 884.62,
    "end": 887.3,
    "speaker": "老师",
    "text": "这样我们就很容易解释了，"
  },
  {
    "start": 887.3,
    "end": 891.76,
    "speaker": "老师",
    "text": "这是一张面积为一平方米的a零纸张。"
  },
  {
    "start": 891.76,
    "end": 894.0,
    "speaker": "老师",
    "text": "经过多次对折对折以后，"
  },
  {
    "start": 894.0,
    "end": 908.14,
    "speaker": "老师",
    "text": "每次得到纸张的长宽比例要和原来的那张纸的比例呢是相同的。"
  },
  {
    "start": 908.58,
    "end": 915.22,
    "speaker": "老师",
    "text": "那么a四纸呢就是通过第四次折叠得到的纸张，"
  },
  {
    "start": 915.22,
    "end": 918.58,
    "speaker": "老师",
    "text": "也就是a四纸。"
  },
  {
    "start": 918.58,
    "end": 925.43,
    "speaker": "老师",
    "text": "那同学们想想a四纸应该是a零纸的几分之几啊啊，"
  },
  {
    "start": 925.43,
    "end": 927.17,
    "speaker": "老师",
    "text": "非常好。"
  },
  {
    "start": 927.59,
    "end": 935.23,
    "speaker": "老师",
    "text": "A四纸是a零纸面积的十六分之一。"
  },
  {
    "start": 935.81,
    "end": 936.75,
    "speaker": "老师",
    "text": "好的，"
  },
  {
    "start": 936.75,
    "end": 942.11,
    "speaker": "老师",
    "text": "既然我们知道了a型纸张的规律，"
  },
  {
    "start": 942.41,
    "end": 958.92,
    "speaker": "老师",
    "text": "那么我们可不可以通过发现的规律来验证一下a型纸张的长宽比与我们测量的结果是否是一致的？"
  },
  {
    "start": 958.92,
    "end": 963.42,
    "speaker": "老师",
    "text": "A型纸张的要求是什么？"
  },
  {
    "start": 963.42,
    "end": 965.89,
    "speaker": "老师",
    "text": "我们一起来看看，"
  },
  {
    "start": 966.65,
    "end": 970.87,
    "speaker": "老师",
    "text": "就是a零的面积为一个平方长边，"
  },
  {
    "start": 970.87,
    "end": 979.57,
    "speaker": "老师",
    "text": "对折不断的分割始终保持长宽的比例一致。"
  },
  {
    "start": 979.57,
    "end": 981.29,
    "speaker": "老师",
    "text": "这样的话，"
  },
  {
    "start": 981.29,
    "end": 985.81,
    "speaker": "老师",
    "text": "我们来看看长宽比例必须是什么样的数值，"
  },
  {
    "start": 985.81,
    "end": 988.54,
    "speaker": "老师",
    "text": "才能符合这样的要求呢？"
  },
  {
    "start": 988.54,
    "end": 989.26,
    "speaker": "老师",
    "text": "好的，"
  },
  {
    "start": 989.26,
    "end": 993.58,
    "speaker": "老师",
    "text": "我们可以用数学的方法来推理验算一下。"
  },
  {
    "start": 993.66,
    "end": 999.14,
    "speaker": "老师",
    "text": "我们取一张a零的纸，"
  },
  {
    "start": 999.14,
    "end": 1002.73,
    "speaker": "老师",
    "text": "是取一张a一的纸，"
  },
  {
    "start": 1002.73,
    "end": 1011.5,
    "speaker": "老师",
    "text": "因为长边对折分割又要保持长宽的比例一致。"
  },
  {
    "start": 1012.06,
    "end": 1021.81,
    "speaker": "老师",
    "text": "我们可以设a零纸张的长为x宽为单位一。"
  },
  {
    "start": 1021.81,
    "end": 1028.85,
    "speaker": "老师",
    "text": "那么它对折产生a一纸张的长的单位呢啊长就是单位，"
  },
  {
    "start": 1029.47,
    "end": 1037.38,
    "speaker": "老师",
    "text": "一宽呢就是一半二分之x根据a型纸张的要求，"
  },
  {
    "start": 1037.38,
    "end": 1040.36,
    "speaker": "老师",
    "text": "长宽的比值保持一致，"
  },
  {
    "start": 1040.36,
    "end": 1047.76,
    "speaker": "老师",
    "text": "这样的话a零纸的长比宽x比一就等于a一纸的长比宽一比二分之x."
  },
  {
    "start": 1047.76,
    "end": 1053.1,
    "speaker": "老师",
    "text": "根据长宽比例关系保持一致，"
  },
  {
    "start": 1053.2,
    "end": 1057.36,
    "speaker": "老师",
    "text": "我们可以列出这样的一个比例关系。"
  },
  {
    "start": 1057.6,
    "end": 1058.02,
    "speaker": "老师",
    "text": "嗯，"
  },
  {
    "start": 1058.02,
    "end": 1061.57,
    "speaker": "老师",
    "text": "通过解方程运算，"
  },
  {
    "start": 1061.57,
    "end": 1063.38,
    "speaker": "老师",
    "text": "你算出来了吗？"
  },
  {
    "start": 1064.44,
    "end": 1065.18,
    "speaker": "老师",
    "text": "非常好，"
  },
  {
    "start": 1065.18,
    "end": 1067.92,
    "speaker": "老师",
    "text": "我们算出来这个比值为根号啊，"
  },
  {
    "start": 1067.92,
    "end": 1071.72,
    "speaker": "老师",
    "text": "原来按照这种规律来裁剪纸张，"
  },
  {
    "start": 1071.72,
    "end": 1076.96,
    "speaker": "老师",
    "text": "得到的纸张的比长宽之比一定是根好啊。"
  },
  {
    "start": 1077.34,
    "end": 1083.95,
    "speaker": "老师",
    "text": "那么我们通过数学的推理验算，"
  },
  {
    "start": 1084.09,
    "end": 1090.41,
    "speaker": "老师",
    "text": "再一次的验证了我们前面测量的数据和它是怎么样的吻合的，"
  },
  {
    "start": 1090.41,
    "end": 1093.51,
    "speaker": "老师",
    "text": "也发现了a型值产生的规律。"
  },
  {
    "start": 1093.87,
    "end": 1097.54,
    "speaker": "老师",
    "text": "A型纸的规律是什么？"
  },
  {
    "start": 1097.54,
    "end": 1104.13,
    "speaker": "老师",
    "text": "原来我们保证最大的那一张a零纸是一个一平方米的纸张，"
  },
  {
    "start": 1107.07,
    "end": 1110.28,
    "speaker": "老师",
    "text": "经过不断的长鞭对折，"
  },
  {
    "start": 1110.28,
    "end": 1113.98,
    "speaker": "老师",
    "text": "产生所有子对折以后，"
  },
  {
    "start": 1113.98,
    "end": 1118.74,
    "speaker": "老师",
    "text": "产生所有型号纸的长宽之比保持不变。"
  },
  {
    "start": 1118.74,
    "end": 1125.28,
    "speaker": "老师",
    "text": "符合这样要求的纸张的长宽之比只能是根号二比一，"
  },
  {
    "start": 1125.28,
    "end": 1126.06,
    "speaker": "老师",
    "text": "非常好。"
  },
  {
    "start": 1126.56,
    "end": 1132.08,
    "speaker": "老师",
    "text": "大家刚才了解的a型纸呢啊这个其实是国际标准纸。"
  },
  {
    "start": 1132.08,
    "end": 1138.64,
    "speaker": "老师",
    "text": "现在国际标准呢常见的有三种型号的纸、a型纸、b型纸、c型纸。"
  },
  {
    "start": 1138.86,
    "end": 1145.36,
    "speaker": "老师",
    "text": "这个呢是由德国人在十九世纪二十年代啊纳入了德国工业生产的标准。"
  },
  {
    "start": 1146.02,
    "end": 1147.88,
    "speaker": "老师",
    "text": "那么经过快速推广，"
  },
  {
    "start": 1147.88,
    "end": 1153.58,
    "speaker": "老师",
    "text": "现在呢啊国际上大部分国家呢都是利用这个标准来生产纸张，"
  },
  {
    "start": 1153.98,
    "end": 1156.86,
    "speaker": "老师",
    "text": "我们也使用的比较多。"
  },
  {
    "start": 1156.86,
    "end": 1160.92,
    "speaker": "老师",
    "text": "那么这里面最重要的就是它保证什么？"
  },
  {
    "start": 1161.12,
    "end": 1161.46,
    "speaker": "老师",
    "text": "哎，"
  },
  {
    "start": 1161.46,
    "end": 1163.8,
    "speaker": "老师",
    "text": "保证纸张每一次对折以后，"
  },
  {
    "start": 1163.8,
    "end": 1167.29,
    "speaker": "老师",
    "text": "裁剪它的长宽之比保持不变。"
  },
  {
    "start": 1167.29,
    "end": 1175.02,
    "speaker": "老师",
    "text": "那么同学们通过前面我们的推理验算，"
  },
  {
    "start": 1175.02,
    "end": 1178.04,
    "speaker": "老师",
    "text": "要保持这样的一个规则。"
  },
  {
    "start": 1178.04,
    "end": 1190.95,
    "speaker": "老师",
    "text": "那么它长宽的比始终要保持根号二比一的状态。"
  },
  {
    "start": 1191.03,
    "end": 1199.25,
    "speaker": "老师",
    "text": "那么同学们能不能想出这个长宽比例的优势是什么呢？"
  },
  {
    "start": 1199.25,
    "end": 1199.59,
    "speaker": "老师",
    "text": "嗯，"
  },
  {
    "start": 1199.59,
    "end": 1204.89,
    "speaker": "老师",
    "text": "其实啊它实质上就是一个标准化，"
  },
  {
    "start": 1205.15,
    "end": 1205.63,
    "speaker": "老师",
    "text": "对吧？"
  },
  {
    "start": 1205.63,
    "end": 1205.87,
    "speaker": "老师",
    "text": "哎，"
  },
  {
    "start": 1205.87,
    "end": 1207.85,
    "speaker": "老师",
    "text": "我们不断的对折分割，"
  },
  {
    "start": 1207.85,
    "end": 1213.86,
    "speaker": "老师",
    "text": "不改变它的长宽的比例关系。"
  },
  {
    "start": 1213.86,
    "end": 1220.18,
    "speaker": "老师",
    "text": "那么在大量的生产过程当中就不太容易的产生纸张的浪费。"
  },
  {
    "start": 1220.18,
    "end": 1220.82,
    "speaker": "老师",
    "text": "第二个，"
  },
  {
    "start": 1220.82,
    "end": 1224.62,
    "speaker": "老师",
    "text": "我们进行文件的缩印放大缩小。"
  },
  {
    "start": 1224.62,
    "end": 1227.84,
    "speaker": "老师",
    "text": "因为不改变这样的比例关系，"
  },
  {
    "start": 1227.84,
    "end": 1231.64,
    "speaker": "老师",
    "text": "图形呢就能保持一个稳定的状态。"
  },
  {
    "start": 1232.49,
    "end": 1241.43,
    "speaker": "老师",
    "text": "对吧同学们有没有平时啊试过我们原来的电视是四比三的比例，"
  },
  {
    "start": 1241.43,
    "end": 1244.57,
    "speaker": "老师",
    "text": "后面我们换了宽屏的十六比九。"
  },
  {
    "start": 1244.57,
    "end": 1248.51,
    "speaker": "老师",
    "text": "如果这个比例放大缩小不一致的话，"
  },
  {
    "start": 1248.51,
    "end": 1250.79,
    "speaker": "老师",
    "text": "那就会产生变形。"
  },
  {
    "start": 1250.79,
    "end": 1255.62,
    "speaker": "老师",
    "text": "那么这样保持长宽比例一致的话呢，"
  },
  {
    "start": 1256.46,
    "end": 1264.12,
    "speaker": "老师",
    "text": "哎整个图形放大或缩小或者纸张的使用呢就非常的方便，"
  },
  {
    "start": 1264.12,
    "end": 1265.52,
    "speaker": "老师",
    "text": "对不对啊？"
  },
  {
    "start": 1265.58,
    "end": 1271.64,
    "speaker": "老师",
    "text": "所以实质上这样制定一个标准，"
  },
  {
    "start": 1271.64,
    "end": 1276.5,
    "speaker": "老师",
    "text": "是让我们使用起来更标准啊更方便。"
  },
  {
    "start": 1276.54,
    "end": 1278.08,
    "speaker": "老师",
    "text": "然后呢，"
  },
  {
    "start": 1278.16,
    "end": 1283.4,
    "speaker": "老师",
    "text": "这样啊不会产生巨大的浪费，"
  },
  {
    "start": 1284.52,
    "end": 1288.62,
    "speaker": "老师",
    "text": "这也就是德国秉承的一贯的啊这样的一个风格。"
  },
  {
    "start": 1288.62,
    "end": 1289.58,
    "speaker": "老师",
    "text": "好的，"
  },
  {
    "start": 1289.58,
    "end": 1292.9,
    "speaker": "老师",
    "text": "那么刚才说我们生活当中词常常用啊，"
  },
  {
    "start": 1292.92,
    "end": 1298.96,
    "speaker": "老师",
    "text": "就是我们的填充图册用的是就是我们的a四的纸张。"
  },
  {
    "start": 1298.96,
    "end": 1299.73,
    "speaker": "老师",
    "text": "好的，"
  },
  {
    "start": 1300.54,
    "end": 1305.65,
    "speaker": "老师",
    "text": "那我们的数学书是多大的呢？"
  },
  {
    "start": 1305.65,
    "end": 1305.95,
    "speaker": "老师",
    "text": "哦，"
  },
  {
    "start": 1305.95,
    "end": 1309.79,
    "speaker": "老师",
    "text": "我们可以试着跟a形目的纸张比较一下，"
  },
  {
    "start": 1309.79,
    "end": 1314.55,
    "speaker": "老师",
    "text": "我们发现我们的数学书啊实质上比a四纸小，"
  },
  {
    "start": 1314.55,
    "end": 1319.07,
    "speaker": "老师",
    "text": "所以它不是a四纸的这样的大小。"
  },
  {
    "start": 1319.19,
    "end": 1321.29,
    "speaker": "老师",
    "text": "实际上在我们每一本书啊，"
  },
  {
    "start": 1321.29,
    "end": 1325.74,
    "speaker": "老师",
    "text": "它的一些这个枫页啊，"
  },
  {
    "start": 1326.52,
    "end": 1333.3,
    "speaker": "老师",
    "text": "或者一些封底都会有介绍这本书的大小。"
  },
  {
    "start": 1333.3,
    "end": 1335.9,
    "speaker": "老师",
    "text": "我们可以看到哎，"
  },
  {
    "start": 1335.9,
    "end": 1341.48,
    "speaker": "老师",
    "text": "实际上我们数学书的大小呢是叫做十六开啊、十六开。"
  },
  {
    "start": 1341.5,
    "end": 1344.59,
    "speaker": "老师",
    "text": "那十六开是什么意思呢？"
  },
  {
    "start": 1344.65,
    "end": 1350.94,
    "speaker": "老师",
    "text": "那么我们前面讲了a型纸呢是国际化标准。"
  },
  {
    "start": 1351.1,
    "end": 1358.48,
    "speaker": "老师",
    "text": "那么十六开呢是原来我们国内的一个标准啊，"
  },
  {
    "start": 1358.48,
    "end": 1363.47,
    "speaker": "老师",
    "text": "也是一张一张大开的纸啊，"
  },
  {
    "start": 1363.97,
    "end": 1368.14,
    "speaker": "老师",
    "text": "将一整张纸进行不断的分割，"
  },
  {
    "start": 1368.42,
    "end": 1369.9,
    "speaker": "老师",
    "text": "长边对折分割。"
  },
  {
    "start": 1369.9,
    "end": 1372.87,
    "speaker": "老师",
    "text": "当然它与杯型纸一样的，"
  },
  {
    "start": 1372.87,
    "end": 1377.41,
    "speaker": "老师",
    "text": "在分割的过程当中，"
  },
  {
    "start": 1377.41,
    "end": 1380.51,
    "speaker": "老师",
    "text": "始终保持每张纸的长宽之比保持不变。"
  },
  {
    "start": 1380.57,
    "end": 1384.09,
    "speaker": "老师",
    "text": "那十六开的意思就是什么呢？"
  },
  {
    "start": 1384.09,
    "end": 1384.37,
    "speaker": "老师",
    "text": "嗯，"
  },
  {
    "start": 1384.37,
    "end": 1387.43,
    "speaker": "老师",
    "text": "同样的就是占整个一张最大值的，"
  },
  {
    "start": 1387.43,
    "end": 1388.69,
    "speaker": "老师",
    "text": "是六分之一，"
  },
  {
    "start": 1388.69,
    "end": 1393.7,
    "speaker": "老师",
    "text": "所以它跟a四纸有类似的地方。"
  },
  {
    "start": 1393.7,
    "end": 1399.12,
    "speaker": "老师",
    "text": "A四纸是占a零纸的十六分之一。"
  },
  {
    "start": 1399.72,
    "end": 1408.61,
    "speaker": "老师",
    "text": "十六开的纸也是占我们这一大开张的十六分之一，"
  },
  {
    "start": 1408.61,
    "end": 1415.81,
    "speaker": "老师",
    "text": "只是因为他们最开始起始的那个纸张的标准嗯，"
  },
  {
    "start": 1415.81,
    "end": 1416.47,
    "speaker": "老师",
    "text": "不一样，"
  },
  {
    "start": 1416.47,
    "end": 1419.65,
    "speaker": "老师",
    "text": "非常好好的。"
  },
  {
    "start": 1419.71,
    "end": 1425.04,
    "speaker": "老师",
    "text": "那么同学们就可以自己动手实践一下，"
  },
  {
    "start": 1425.04,
    "end": 1428.66,
    "speaker": "老师",
    "text": "通过我们纸张制定的标准，"
  },
  {
    "start": 1428.66,
    "end": 1435.75,
    "speaker": "老师",
    "text": "是否可以推测推测出我们数学课本是六开的，"
  },
  {
    "start": 1436.15,
    "end": 1440.13,
    "speaker": "老师",
    "text": "这个长宽的比例是多少呢？"
  },
  {
    "start": 1440.13,
    "end": 1446.23,
    "speaker": "老师",
    "text": "当然同学们也可以先自己测量一下，"
  },
  {
    "start": 1446.25,
    "end": 1453.16,
    "speaker": "老师",
    "text": "通过测量长度和宽度求一下它的比值，"
  },
  {
    "start": 1453.3,
    "end": 1459.16,
    "speaker": "老师",
    "text": "与我们之前推测的结果是不是一致的呢？"
  },
  {
    "start": 1459.16,
    "end": 1460.6,
    "speaker": "老师",
    "text": "嗯，"
  },
  {
    "start": 1460.6,
    "end": 1461.7,
    "speaker": "老师",
    "text": "非常好。"
  },
  {
    "start": 1461.7,
    "end": 1471.11,
    "speaker": "老师",
    "text": "他只要保持我们前面的这样纸张的制定的一个规格，"
  },
  {
    "start": 1471.11,
    "end": 1472.75,
    "speaker": "老师",
    "text": "大家还记得吗？"
  },
  {
    "start": 1472.75,
    "end": 1481.34,
    "speaker": "老师",
    "text": "就是在不断的用长边对折产生的过程当中，"
  },
  {
    "start": 1481.6,
    "end": 1488.48,
    "speaker": "老师",
    "text": "使每一张纸的长宽比值保持不变。"
  },
  {
    "start": 1489.47,
    "end": 1498.97,
    "speaker": "老师",
    "text": "这样的话我们就得到嗯长宽比一定是根号二比一非常好啊。"
  },
  {
    "start": 1500.11,
    "end": 1507.45,
    "speaker": "老师",
    "text": "那实际上在我们生活当中有非常多各式各样的纸张，"
  },
  {
    "start": 1507.97,
    "end": 1511.64,
    "speaker": "老师",
    "text": "他到底存在一个什么样的关系呢？"
  },
  {
    "start": 1512.34,
    "end": 1512.68,
    "speaker": "老师",
    "text": "嗯，"
  },
  {
    "start": 1512.68,
    "end": 1513.38,
    "speaker": "老师",
    "text": "同学们，"
  },
  {
    "start": 1513.38,
    "end": 1525.87,
    "speaker": "老师",
    "text": "我们了解了今天我们的地理填充图册是一个a四型的纸张的大小。"
  },
  {
    "start": 1526.37,
    "end": 1530.52,
    "speaker": "老师",
    "text": "我们的数学书呢是十六开的。"
  },
  {
    "start": 1530.96,
    "end": 1531.4,
    "speaker": "老师",
    "text": "啊，"
  },
  {
    "start": 1531.4,
    "end": 1537.27,
    "speaker": "老师",
    "text": "我们小学的语文书呢大家可以去找一找，"
  },
  {
    "start": 1538.77,
    "end": 1542.83,
    "speaker": "老师",
    "text": "还有我们常见的一些书籍，"
  },
  {
    "start": 1542.83,
    "end": 1545.05,
    "speaker": "老师",
    "text": "还有生活当中啊，"
  },
  {
    "start": 1545.05,
    "end": 1548.41,
    "speaker": "老师",
    "text": "我们的一些图片建筑啊，"
  },
  {
    "start": 1548.41,
    "end": 1554.97,
    "speaker": "老师",
    "text": "还有我们非常著名的一些建筑和一些画像。"
  },
  {
    "start": 1554.97,
    "end": 1562.77,
    "speaker": "老师",
    "text": "是让这里面有刚才我们研究的一比根号二根号二比一的关系，"
  },
  {
    "start": 1562.77,
    "end": 1567.57,
    "speaker": "老师",
    "text": "实质上还有嗯非常多的一些比例的关系。"
  },
  {
    "start": 1567.77,
    "end": 1571.53,
    "speaker": "老师",
    "text": "比如说一比根号三，"
  },
  {
    "start": 1571.53,
    "end": 1575.05,
    "speaker": "老师",
    "text": "比如说根号五减一比二啊，"
  },
  {
    "start": 1575.05,
    "end": 1585.25,
    "speaker": "老师",
    "text": "黄金分割比这些常用的一些二十根式的比值的关系。"
  },
  {
    "start": 1585.37,
    "end": 1593.1,
    "speaker": "老师",
    "text": "用在我们生活当中会发现我们生活当中的很多建筑，"
  },
  {
    "start": 1593.1,
    "end": 1597.6,
    "speaker": "老师",
    "text": "很多图片都会产生不同的设计效果，"
  },
  {
    "start": 1597.62,
    "end": 1600.79,
    "speaker": "老师",
    "text": "呈现出不同的美。"
  },
  {
    "start": 1600.79,
    "end": 1603.69,
    "speaker": "老师",
    "text": "所以数学和我们生活是息息相关的。"
  },
  {
    "start": 1603.69,
    "end": 1609.36,
    "speaker": "老师",
    "text": "这些二尺的是这些特殊的数值啊，"
  },
  {
    "start": 1609.48,
    "end": 1613.54,
    "speaker": "老师",
    "text": "在我们生活当中也经常使用利用这些数值，"
  },
  {
    "start": 1613.54,
    "end": 1619.53,
    "speaker": "老师",
    "text": "我们可以产生非常多非常漂亮的啊非常贴近生活的一些设计。"
  },
  {
    "start": 1619.53,
    "end": 1622.93,
    "speaker": "老师",
    "text": "所以数学与生活密不可分，"
  },
  {
    "start": 1622.93,
    "end": 1628.14,
    "speaker": "老师",
    "text": "数学在我们生活当中随次随处可见。"
  },
  {
    "start": 1628.16,
    "end": 1628.5,
    "speaker": "老师",
    "text": "好的，"
  },
  {
    "start": 1628.5,
    "end": 1631.62,
    "speaker": "老师",
    "text": "接下来我们再来研究第二个问题。"
  },
  {
    "start": 1631.62,
    "end": 1637.74,
    "speaker": "老师",
    "text": "生活当中我们常见一些包装的盒子，"
  },
  {
    "start": 1637.78,
    "end": 1639.98,
    "speaker": "老师",
    "text": "比如说牙膏的包装盒，"
  },
  {
    "start": 1640.0,
    "end": 1644.65,
    "speaker": "老师",
    "text": "比如说快递的包装盒，"
  },
  {
    "start": 1644.65,
    "end": 1650.16,
    "speaker": "老师",
    "text": "比如说我们一些常用物品的包装盒。"
  },
  {
    "start": 1650.16,
    "end": 1654.96,
    "speaker": "老师",
    "text": "现在呢我们要做一个长方形的纸盒。"
  },
  {
    "start": 1654.96,
    "end": 1658.6,
    "speaker": "老师",
    "text": "现在我给了底面积是二十四平方厘米，"
  },
  {
    "start": 1658.94,
    "end": 1664.6,
    "speaker": "老师",
    "text": "如果我要保证这个盒子的长宽高的比为四比二比一。"
  },
  {
    "start": 1664.78,
    "end": 1668.96,
    "speaker": "老师",
    "text": "你能不能来回答一下下面几个问题，"
  },
  {
    "start": 1669.0,
    "end": 1674.04,
    "speaker": "老师",
    "text": "你知道这个长方体的长宽高分别是多少吗？"
  },
  {
    "start": 1674.04,
    "end": 1674.4,
    "speaker": "老师",
    "text": "嗯，"
  },
  {
    "start": 1674.4,
    "end": 1675.12,
    "speaker": "老师",
    "text": "非常好。"
  },
  {
    "start": 1675.12,
    "end": 1683.01,
    "speaker": "老师",
    "text": "实际上很多同学觉得老师这就是一道小学的问题，"
  },
  {
    "start": 1683.01,
    "end": 1684.07,
    "speaker": "老师",
    "text": "对吧？"
  },
  {
    "start": 1684.11,
    "end": 1688.31,
    "speaker": "老师",
    "text": "因为我们要知道这个长方体的长宽高，"
  },
  {
    "start": 1688.39,
    "end": 1690.81,
    "speaker": "老师",
    "text": "我们可以从底面积着手，"
  },
  {
    "start": 1690.81,
    "end": 1694.49,
    "speaker": "老师",
    "text": "因为底面积就等于长宽的乘积非常好。"
  },
  {
    "start": 1694.49,
    "end": 1703.18,
    "speaker": "老师",
    "text": "我们设通过它的比四比二比一，"
  },
  {
    "start": 1703.18,
    "end": 1707.4,
    "speaker": "老师",
    "text": "我们可以设长为四x,"
  },
  {
    "start": 1707.4,
    "end": 1715.6,
    "speaker": "老师",
    "text": "宽为二x高为x通过长与宽的乘积等于底面积，"
  },
  {
    "start": 1715.64,
    "end": 1717.82,
    "speaker": "老师",
    "text": "这样我们就求出来x的值。"
  },
  {
    "start": 1717.82,
    "end": 1723.85,
    "speaker": "老师",
    "text": "在这里呢我们要用到嗯二次根式的性质，"
  },
  {
    "start": 1723.85,
    "end": 1733.05,
    "speaker": "老师",
    "text": "x平方等于三十x呢等于本来应该等于正负根号三非常好。"
  },
  {
    "start": 1733.05,
    "end": 1735.59,
    "speaker": "老师",
    "text": "因为这里表示的是边长，"
  },
  {
    "start": 1735.59,
    "end": 1738.35,
    "speaker": "老师",
    "text": "所以我们取根号三好的，"
  },
  {
    "start": 1738.35,
    "end": 1740.19,
    "speaker": "老师",
    "text": "我们求出了x等于根号三。"
  },
  {
    "start": 1740.19,
    "end": 1748.86,
    "speaker": "老师",
    "text": "这样的话长宽高我们随之也就出来了，"
  },
  {
    "start": 1748.86,
    "end": 1756.51,
    "speaker": "老师",
    "text": "分别是根号三两倍的根号三根号三。"
  },
  {
    "start": 1756.51,
    "end": 1762.97,
    "speaker": "老师",
    "text": "原来这个长方形纸盒的长度呢是一个二次根式啊，"
  },
  {
    "start": 1762.97,
    "end": 1764.77,
    "speaker": "老师",
    "text": "是一个无理数。"
  },
  {
    "start": 1764.77,
    "end": 1765.11,
    "speaker": "老师",
    "text": "好，"
  },
  {
    "start": 1765.11,
    "end": 1768.43,
    "speaker": "老师",
    "text": "这样的话知道了长宽高，"
  },
  {
    "start": 1768.43,
    "end": 1773.76,
    "speaker": "老师",
    "text": "我们的表面积呢也就迎刃而解了。"
  },
  {
    "start": 1773.76,
    "end": 1774.06,
    "speaker": "老师",
    "text": "嗯，"
  },
  {
    "start": 1774.06,
    "end": 1775.44,
    "speaker": "老师",
    "text": "你球队的非常好，"
  },
  {
    "start": 1775.44,
    "end": 1775.74,
    "speaker": "老师",
    "text": "哎，"
  },
  {
    "start": 1775.74,
    "end": 1780.72,
    "speaker": "老师",
    "text": "一定要动手做一做好的，"
  },
  {
    "start": 1780.72,
    "end": 1782.4,
    "speaker": "老师",
    "text": "我们再来求体积，"
  },
  {
    "start": 1782.4,
    "end": 1782.76,
    "speaker": "老师",
    "text": "嗯，"
  },
  {
    "start": 1782.76,
    "end": 1783.22,
    "speaker": "老师",
    "text": "非常好，"
  },
  {
    "start": 1783.22,
    "end": 1787.49,
    "speaker": "老师",
    "text": "长乘宽乘高就是它的体积。"
  },
  {
    "start": 1787.49,
    "end": 1795.84,
    "speaker": "老师",
    "text": "那么同学们看到这道题里面长宽高分比含有根号三啊，"
  },
  {
    "start": 1795.84,
    "end": 1798.71,
    "speaker": "老师",
    "text": "根号三约等于多少啊？"
  },
  {
    "start": 1798.71,
    "end": 1799.85,
    "speaker": "老师",
    "text": "大家还记得吗？"
  },
  {
    "start": 1800.74,
    "end": 1801.06,
    "speaker": "老师",
    "text": "嗯，"
  },
  {
    "start": 1801.06,
    "end": 1803.12,
    "speaker": "老师",
    "text": "非常好，"
  },
  {
    "start": 1803.14,
    "end": 1806.86,
    "speaker": "老师",
    "text": "根号三约等于一点七三二啊，"
  },
  {
    "start": 1807.02,
    "end": 1813.58,
    "speaker": "老师",
    "text": "原来看上去是一个整数比四比二比一的长方体啊，"
  },
  {
    "start": 1813.66,
    "end": 1816.05,
    "speaker": "老师",
    "text": "它的边长呢不一定啊，"
  },
  {
    "start": 1816.05,
    "end": 1817.13,
    "speaker": "老师",
    "text": "就是整数啊，"
  },
  {
    "start": 1817.13,
    "end": 1818.29,
    "speaker": "老师",
    "text": "没有关系啊。"
  },
  {
    "start": 1818.29,
    "end": 1819.67,
    "speaker": "老师",
    "text": "同样的，"
  },
  {
    "start": 1819.69,
    "end": 1826.63,
    "speaker": "老师",
    "text": "我们可以用无理数来表示六二次根式来表示好的，"
  },
  {
    "start": 1826.81,
    "end": 1833.95,
    "speaker": "老师",
    "text": "那么同学们也可以自己动手来做一个长方形的纸盒。"
  },
  {
    "start": 1833.95,
    "end": 1839.45,
    "speaker": "老师",
    "text": "比如说我们用一张a四的纸要做一个长方体的礼物包装盒，"
  },
  {
    "start": 1839.45,
    "end": 1839.73,
    "speaker": "老师",
    "text": "嗯，"
  },
  {
    "start": 1839.73,
    "end": 1843.65,
    "speaker": "老师",
    "text": "同学们可以自己设定一下长宽高啊，"
  },
  {
    "start": 1843.65,
    "end": 1846.27,
    "speaker": "老师",
    "text": "如果再加一个限制，"
  },
  {
    "start": 1846.27,
    "end": 1847.89,
    "speaker": "老师",
    "text": "用这张a四纸，"
  },
  {
    "start": 1847.89,
    "end": 1855.12,
    "speaker": "老师",
    "text": "用这张a四的纸要做一个最大的尽可能的啊利用这个材料，"
  },
  {
    "start": 1855.12,
    "end": 1862.56,
    "speaker": "老师",
    "text": "尽可能的利用它的面积来做一个最大的纸和会是一个什么样子，"
  },
  {
    "start": 1862.56,
    "end": 1866.03,
    "speaker": "老师",
    "text": "同学们可以课后去试一试。"
  },
  {
    "start": 1866.8,
    "end": 1875.69,
    "speaker": "老师",
    "text": "老师呢嗯也是的画了一张我在这张a四纸里面画了一个，"
  },
  {
    "start": 1876.05,
    "end": 1877.31,
    "speaker": "老师",
    "text": "大家看到没有？"
  },
  {
    "start": 1877.49,
    "end": 1877.79,
    "speaker": "老师",
    "text": "哦，"
  },
  {
    "start": 1877.79,
    "end": 1880.11,
    "speaker": "老师",
    "text": "是一个长方体的展开，"
  },
  {
    "start": 1880.11,
    "end": 1881.17,
    "speaker": "老师",
    "text": "对吧？"
  },
  {
    "start": 1881.17,
    "end": 1884.55,
    "speaker": "老师",
    "text": "把它折起来就是一个长方体的纸啊，"
  },
  {
    "start": 1884.57,
    "end": 1888.5,
    "speaker": "老师",
    "text": "那我们试着稍微折一下，"
  },
  {
    "start": 1888.5,
    "end": 1896.76,
    "speaker": "老师",
    "text": "我们可以发现它的做出来的盒子的大小大小有没有感觉嗯，"
  },
  {
    "start": 1896.76,
    "end": 1901.18,
    "speaker": "老师",
    "text": "跟一块啊香皂的盒子差不多大，"
  },
  {
    "start": 1901.18,
    "end": 1905.48,
    "speaker": "老师",
    "text": "同学们呢可以来装一个小礼物。"
  },
  {
    "start": 1905.48,
    "end": 1905.78,
    "speaker": "老师",
    "text": "嗯，"
  },
  {
    "start": 1905.78,
    "end": 1911.3,
    "speaker": "老师",
    "text": "当然同学们还可以做的比老师的更大，"
  },
  {
    "start": 1911.3,
    "end": 1912.1,
    "speaker": "老师",
    "text": "对不对？"
  },
  {
    "start": 1912.12,
    "end": 1912.52,
    "speaker": "老师",
    "text": "嗯，"
  },
  {
    "start": 1912.84,
    "end": 1915.9,
    "speaker": "老师",
    "text": "充分的利用这张a四的纸，"
  },
  {
    "start": 1915.9,
    "end": 1918.44,
    "speaker": "老师",
    "text": "同学们可以自己去设计一下。"
  },
  {
    "start": 1918.44,
    "end": 1921.32,
    "speaker": "老师",
    "text": "好的，"
  },
  {
    "start": 1921.32,
    "end": 1923.04,
    "speaker": "老师",
    "text": "通过今天的数学学习，"
  },
  {
    "start": 1923.04,
    "end": 1925.3,
    "speaker": "老师",
    "text": "大家有些什么样的收获呢？"
  },
  {
    "start": 1925.3,
    "end": 1929.76,
    "speaker": "老师",
    "text": "我们通过一些生活当中常见的一些物品，"
  },
  {
    "start": 1930.08,
    "end": 1932.12,
    "speaker": "老师",
    "text": "通过我们的计算，"
  },
  {
    "start": 1932.16,
    "end": 1934.0,
    "speaker": "老师",
    "text": "通过我们的推理，"
  },
  {
    "start": 1934.0,
    "end": 1935.84,
    "speaker": "老师",
    "text": "通过我们的发现，"
  },
  {
    "start": 1935.84,
    "end": 1938.34,
    "speaker": "老师",
    "text": "同学们有什么样的感觉呢？"
  },
  {
    "start": 1938.5,
    "end": 1942.51,
    "speaker": "老师",
    "text": "我们发现生活当中到处都有数学，"
  },
  {
    "start": 1942.85,
    "end": 1945.49,
    "speaker": "老师",
    "text": "到处都存在数学的思想。"
  },
  {
    "start": 1945.51,
    "end": 1948.29,
    "speaker": "老师",
    "text": "实际生活呢就是数学的归属，"
  },
  {
    "start": 1948.29,
    "end": 1951.39,
    "speaker": "老师",
    "text": "数学是啊是服务于生活的。"
  },
  {
    "start": 1951.39,
    "end": 1959.49,
    "speaker": "老师",
    "text": "我们要学会用数学的思维方式来分析问题，"
  },
  {
    "start": 1959.49,
    "end": 1963.24,
    "speaker": "老师",
    "text": "用数学的眼光来看世界。"
  },
  {
    "start": 1963.24,
    "end": 1969.74,
    "speaker": "老师",
    "text": "实际上我们很多理论就是来自于实践，"
  },
  {
    "start": 1969.88,
    "end": 1973.17,
    "speaker": "老师",
    "text": "为了解决实际当中的问题，"
  },
  {
    "start": 1973.17,
    "end": 1976.86,
    "speaker": "老师",
    "text": "不断的总结出立论，"
  },
  {
    "start": 1976.86,
    "end": 1977.65,
    "speaker": "老师",
    "text": "总结出经验。"
  },
  {
    "start": 1977.3,
    "end": 1977.65,
    "speaker": "老师",
    "text": "当总结出了一定的规律，"
  },
  {
    "start": 1977.3,
    "end": 1977.65,
    "speaker": "老师",
    "text": "总结出了一定的理论，"
  },
  {
    "start": 1977.3,
    "end": 1977.65,
    "speaker": "老师",
    "text": "我们再用这一些来解决生活当中的问题。"
  },
  {
    "start": 1977.3,
    "end": 1977.65,
    "speaker": "老师",
    "text": "这实质上就是我们常说的理论，"
  },
  {
    "start": 1977.3,
    "end": 1977.65,
    "speaker": "老师",
    "text": "来自于实践和服务于实践。"
  },
  {
    "start": 1977.3,
    "end": 1977.65,
    "speaker": "老师",
    "text": "实质上这就是我们数学，"
  },
  {
    "start": 1977.3,
    "end": 1977.65,
    "speaker": "老师",
    "text": "所以大家得用数学对思维的表达形式，"
  },
  {
    "start": 1977.3,
    "end": 1977.65,
    "speaker": "老师",
    "text": "反映人们积极进取的意志、缜密周详的推理，"
  },
  {
    "start": 1977.3,
    "end": 1977.65,
    "speaker": "老师",
    "text": "以及对完美境界的追求。"
  },
  {
    "start": 1977.3,
    "end": 1977.65,
    "speaker": "老师",
    "text": "生活当中处处是数学，"
  },
  {
    "start": 1977.3,
    "end": 1977.65,
    "speaker": "老师",
    "text": "所以学数学学什么呢？"
  },
  {
    "start": 1977.3,
    "end": 1977.65,
    "speaker": "老师",
    "text": "实质上不光是学习数学的这些知识点，"
  },
  {
    "start": 1977.3,
    "end": 1977.65,
    "speaker": "老师",
    "text": "数学的这些公式，"
  },
  {
    "start": 1977.3,
    "end": 1977.65,
    "speaker": "老师",
    "text": "数学的这些定理主要是要学习数学的思维。"
  },
  {
    "start": 1977.3,
    "end": 1977.65,
    "speaker": "老师",
    "text": "我们要学习用数学的思维来分析问题、解决问题。"
  },
  {
    "start": 1977.3,
    "end": 1977.65,
    "speaker": "老师",
    "text": "华勒庚说过，"
  },
  {
    "start": 1977.3,
    "end": 1977.65,
    "speaker": "老师",
    "text": "宇宙之大，"
  },
  {
    "start": 1977.3,
    "end": 1977.65,
    "speaker": "老师",
    "text": "粒子之微，"
  },
  {
    "start": 1977.3,
    "end": 1977.65,
    "speaker": "老师",
    "text": "火箭之术、化工之巧，"
  },
  {
    "start": 1977.3,
    "end": 1977.65,
    "speaker": "老师",
    "text": "生物之变，"
  },
  {
    "start": 1977.3,
    "end": 1977.65,
    "speaker": "老师",
    "text": "地球之变，"
  },
  {
    "start": 1977.3,
    "end": 1977.65,
    "speaker": "老师",
    "text": "生物之明，"
  },
  {
    "start": 1977.3,
    "end": 1977.65,
    "speaker": "老师",
    "text": "运用之繁，"
  },
  {
    "start": 1977.3,
    "end": 1977.65,
    "speaker": "老师",
    "text": "无处不用数学。"
  },
  {
    "start": 1977.3,
    "end": 1977.65,
    "speaker": "老师",
    "text": "希望大家学好数学，"
  },
  {
    "start": 1977.3,
    "end": 1977.65,
    "speaker": "老师",
    "text": "用好数学，"
  },
  {
    "start": 1977.3,
    "end": 1977.65,
    "speaker": "老师",
    "text": "用数学的眼光去看世界。"
  },
  {
    "start": 1977.3,
    "end": 1977.65,
    "speaker": "老师",
    "text": "好的，"
  },
  {
    "start": 1977.3,
    "end": 1977.65,
    "speaker": "老师",
    "text": "今天的作业呢啊我希望大家查找资料，"
  },
  {
    "start": 1977.3,
    "end": 1977.65,
    "speaker": "老师",
    "text": "了解各种生活设计当中，"
  },
  {
    "start": 1977.3,
    "end": 1977.65,
    "speaker": "老师",
    "text": "我们用到的一些比例与二次函数的关系。"
  },
  {
    "start": 1977.3,
    "end": 1977.65,
    "speaker": "老师",
    "text": "第二个，"
  },
  {
    "start": 1977.3,
    "end": 1977.65,
    "speaker": "老师",
    "text": "我们可以选取本节课，"
  },
  {
    "start": 1977.3,
    "end": 1977.65,
    "speaker": "老师",
    "text": "你感兴趣的一个方面，"
  },
  {
    "start": 1977.3,
    "end": 1977.65,
    "speaker": "老师",
    "text": "试着写一篇数学的小论文，"
  },
  {
    "start": 1977.3,
    "end": 1977.65,
    "speaker": "老师",
    "text": "与同学们分享。"
  },
  {
    "start": 1977.3,
    "end": 1977.65,
    "speaker": "老师",
    "text": "第三个这一章我们已经完成了所有的学习。"
  },
  {
    "start": 1977.3,
    "end": 1977.65,
    "speaker": "老师",
    "text": "所以希望大家课后复习，"
  },
  {
    "start": 1977.3,
    "end": 1977.65,
    "speaker": "老师",
    "text": "整理本章的知识点，"
  },
  {
    "start": 1977.3,
    "end": 1977.65,
    "speaker": "老师",
    "text": "做一份章节试卷。"
  },
  {
    "start": 1977.3,
    "end": 1977.65,
    "speaker": "老师",
    "text": "好的，"
  },
  {
    "start": 1977.3,
    "end": 1977.65,
    "speaker": "老师",
    "text": "最后我们一起来欣赏一个学生的小论文作品。"
  },
  {
    "start": 1977.3,
    "end": 1977.65,
    "speaker": "老师",
    "text": "他通过这节课的学习，"
  },
  {
    "start": 1977.3,
    "end": 1977.65,
    "speaker": "老师",
    "text": "写了一篇a四纸的历历。"
  },
  {
    "start": 1977.3,
    "end": 1977.65,
    "speaker": "老师",
    "text": "同学们，"
  },
  {
    "start": 1977.3,
    "end": 1977.65,
    "speaker": "老师",
    "text": "你也可以试着写一写，"
  },
  {
    "start": 1977.3,
    "end": 1977.65,
    "speaker": "老师",
    "text": "相信你会比这位同学做的更好。"
  },
  {
    "start": 1977.3,
    "end": 1977.65,
    "speaker": "老师",
    "text": "今天我们的数学课就要结束了，"
  },
  {
    "start": 1977.3,
    "end": 1977.65,
    "speaker": "老师",
    "text": "感谢各位同学，"
  },
  {
    "start": 1977.3,
    "end": 1977.65,
    "speaker": "老师",
    "text": "跟着老师一起学习，"
  },
  {
    "start": 1977.3,
    "end": 1977.65,
    "speaker": "老师",
    "text": "希望在老师的课堂上，"
  },
  {
    "start": 1977.3,
    "end": 1977.65,
    "speaker": "老师",
    "text": "你有不少的收获，"
  },
  {
    "start": 1977.3,
    "end": 1977.65,
    "speaker": "老师",
    "text": "同学们期待下次与你再见。"
  }
]