[
  {
    "start": 3.96,
    "end": 9.3,
    "speaker": "老师",
    "text": "嗯，"
  },
  {
    "start": 9.3,
    "end": 10.38,
    "speaker": "老师",
    "text": "同学们好，"
  },
  {
    "start": 10.38,
    "end": 15.27,
    "speaker": "老师",
    "text": "我是南昌市红谷滩实验学校的李敏云老师。"
  },
  {
    "start": 15.27,
    "end": 16.51,
    "speaker": "老师",
    "text": "今天开始，"
  },
  {
    "start": 16.59,
    "end": 23.16,
    "speaker": "老师",
    "text": "我将带领大家学习平行四边形的判定及其应用，"
  },
  {
    "start": 23.16,
    "end": 28.4,
    "speaker": "老师",
    "text": "现在开启我们的思维之旅吧。"
  },
  {
    "start": 28.96,
    "end": 29.52,
    "speaker": "老师",
    "text": "首先，"
  },
  {
    "start": 29.52,
    "end": 34.63,
    "speaker": "老师",
    "text": "我们回顾平行四边形的定义和性质，"
  },
  {
    "start": 35.87,
    "end": 37.83,
    "speaker": "老师",
    "text": "平行四边形的定义，"
  },
  {
    "start": 37.83,
    "end": 47.11,
    "speaker": "老师",
    "text": "两组对边分别平行的四边形叫做平行四边形平四边形的性质。"
  },
  {
    "start": 47.11,
    "end": 51.97,
    "speaker": "老师",
    "text": "如果一个四边形是平行四边形，"
  },
  {
    "start": 51.97,
    "end": 60.11,
    "speaker": "老师",
    "text": "那么它们的对边相等对角相等对角线互相平分。"
  },
  {
    "start": 60.19,
    "end": 66.66,
    "speaker": "老师",
    "text": "这里大家要注意哦，"
  },
  {
    "start": 66.66,
    "end": 68.32,
    "speaker": "老师",
    "text": "对边有两组，"
  },
  {
    "start": 68.32,
    "end": 71.07,
    "speaker": "老师",
    "text": "对角也有两组。"
  },
  {
    "start": 71.19,
    "end": 71.59,
    "speaker": "老师",
    "text": "好，"
  },
  {
    "start": 71.95,
    "end": 74.81,
    "speaker": "老师",
    "text": "同学们，"
  },
  {
    "start": 74.87,
    "end": 79.76,
    "speaker": "老师",
    "text": "我们仔细观察一下，"
  },
  {
    "start": 79.76,
    "end": 81.7,
    "speaker": "老师",
    "text": "我们学习了定义，"
  },
  {
    "start": 81.7,
    "end": 83.18,
    "speaker": "老师",
    "text": "延伸到了性质。"
  },
  {
    "start": 83.18,
    "end": 90.24,
    "speaker": "老师",
    "text": "在以往的学习经历中，"
  },
  {
    "start": 90.24,
    "end": 94.46,
    "speaker": "老师",
    "text": "我们是否有类似的情况出现呢？"
  },
  {
    "start": 94.46,
    "end": 97.06,
    "speaker": "老师",
    "text": "嗯，"
  },
  {
    "start": 97.06,
    "end": 98.55,
    "speaker": "老师",
    "text": "有的，"
  },
  {
    "start": 98.55,
    "end": 106.42,
    "speaker": "老师",
    "text": "我们在全等三角形这一章有类似的情况学习过。"
  },
  {
    "start": 106.42,
    "end": 115.66,
    "speaker": "老师",
    "text": "那么这些经验可以给我们怎样的启示呢？"
  },
  {
    "start": 115.66,
    "end": 120.6,
    "speaker": "老师",
    "text": "我们发现我们从定义延伸到性质，"
  },
  {
    "start": 120.6,
    "end": 122.92,
    "speaker": "老师",
    "text": "通过逆向猜想论证，"
  },
  {
    "start": 122.96,
    "end": 124.76,
    "speaker": "老师",
    "text": "寻找判定方法。"
  },
  {
    "start": 125.06,
    "end": 131.23,
    "speaker": "老师",
    "text": "那么今天我们学习平行四边形的判定，"
  },
  {
    "start": 131.31,
    "end": 139.05,
    "speaker": "老师",
    "text": "是不是也可以借助类似的思想去完成呢？"
  },
  {
    "start": 139.07,
    "end": 143.54,
    "speaker": "老师",
    "text": "首先我们回到平行四边形的性质，"
  },
  {
    "start": 144.84,
    "end": 151.55,
    "speaker": "老师",
    "text": "平行四边形的性质定理，"
  },
  {
    "start": 151.71,
    "end": 157.29,
    "speaker": "老师",
    "text": "平行四边形的性质定理啊，"
  },
  {
    "start": 157.35,
    "end": 162.44,
    "speaker": "老师",
    "text": "平行四边形的性质定理。"
  },
  {
    "start": 162.44,
    "end": 163.14,
    "speaker": "老师",
    "text": "三。"
  },
  {
    "start": 163.16,
    "end": 164.64,
    "speaker": "老师",
    "text": "既然逆向猜想，"
  },
  {
    "start": 164.76,
    "end": 181.01,
    "speaker": "老师",
    "text": "那么我就想找到这些性质定理的逆向猜想是什么？"
  },
  {
    "start": 181.01,
    "end": 183.26,
    "speaker": "老师",
    "text": "同学们，"
  },
  {
    "start": 183.56,
    "end": 193.91,
    "speaker": "老师",
    "text": "我们有没有什么样的一个工具和知识能够帮助我们完成它呢？"
  },
  {
    "start": 193.91,
    "end": 194.35,
    "speaker": "老师",
    "text": "好，"
  },
  {
    "start": 197.81,
    "end": 199.84,
    "speaker": "老师",
    "text": "有的是什么呢？"
  },
  {
    "start": 199.84,
    "end": 201.51,
    "speaker": "老师",
    "text": "对匿命题。"
  },
  {
    "start": 203.4,
    "end": 207.6,
    "speaker": "老师",
    "text": "所以我们想要找到它的逆向猜想，"
  },
  {
    "start": 207.6,
    "end": 215.84,
    "speaker": "老师",
    "text": "我们首要要找出三个性质定理的逆命题。"
  },
  {
    "start": 215.84,
    "end": 227.74,
    "speaker": "老师",
    "text": "所以性质定理一的逆命题是两组，"
  },
  {
    "start": 227.74,
    "end": 236.14,
    "speaker": "老师",
    "text": "对边分别相等的四边形是平行四边形。"
  },
  {
    "start": 236.14,
    "end": 246.63,
    "speaker": "老师",
    "text": "想一想性质定理二的逆命题是什么呢？"
  },
  {
    "start": 246.69,
    "end": 255.73,
    "speaker": "老师",
    "text": "它的匿命题是两组对角分别相等的四边形是平行四边形。"
  },
  {
    "start": 255.75,
    "end": 259.39,
    "speaker": "老师",
    "text": "第三个逆命题是什么呢？"
  },
  {
    "start": 259.63,
    "end": 262.65,
    "speaker": "老师",
    "text": "第三个匿命提示，"
  },
  {
    "start": 262.65,
    "end": 270.57,
    "speaker": "老师",
    "text": "对角线互相平分的四边形是平行四边形。"
  },
  {
    "start": 270.61,
    "end": 271.37,
    "speaker": "老师",
    "text": "这样的话，"
  },
  {
    "start": 271.89,
    "end": 281.56,
    "speaker": "老师",
    "text": "我们如果三个猜想能够被我们理论论证，"
  },
  {
    "start": 282.2,
    "end": 286.54,
    "speaker": "老师",
    "text": "那么我们将多出三种判定方法来了。"
  },
  {
    "start": 286.84,
    "end": 301.07,
    "speaker": "老师",
    "text": "首先我们看到猜想一两组对边分别相等的四边形是平行四边形吗？"
  },
  {
    "start": 301.07,
    "end": 306.75,
    "speaker": "老师",
    "text": "有同学说这个很简单，"
  },
  {
    "start": 306.75,
    "end": 321.7,
    "speaker": "老师",
    "text": "我拿两组长度分别相等的小木棍实验一下就行了。"
  },
  {
    "start": 321.7,
    "end": 348.02,
    "speaker": "老师",
    "text": "那么我们把猜想音改写成已知求证罗独在四边形ABCD中AB等于CD AD等于BC求证四边形是平行四边形。"
  },
  {
    "start": 348.38,
    "end": 350.78,
    "speaker": "老师",
    "text": "第一步，"
  },
  {
    "start": 351.36,
    "end": 355.76,
    "speaker": "老师",
    "text": "我们认真身体审题之后，"
  },
  {
    "start": 355.76,
    "end": 359.86,
    "speaker": "老师",
    "text": "清晰的知道知什么，"
  },
  {
    "start": 360.68,
    "end": 363.3,
    "speaker": "老师",
    "text": "就是已知条件，"
  },
  {
    "start": 363.3,
    "end": 364.42,
    "speaker": "老师",
    "text": "求什么，"
  },
  {
    "start": 364.42,
    "end": 368.16,
    "speaker": "老师",
    "text": "就是我们的目的地，"
  },
  {
    "start": 368.16,
    "end": 372.96,
    "speaker": "老师",
    "text": "我们将在知求之间寻找思维的桥梁。"
  },
  {
    "start": 372.96,
    "end": 373.24,
    "speaker": "老师",
    "text": "好，"
  },
  {
    "start": 373.24,
    "end": 375.83,
    "speaker": "老师",
    "text": "回到这道题，"
  },
  {
    "start": 375.83,
    "end": 377.37,
    "speaker": "老师",
    "text": "已知知是什么呢？"
  },
  {
    "start": 377.77,
    "end": 379.63,
    "speaker": "老师",
    "text": "之AB等于cd,"
  },
  {
    "start": 379.63,
    "end": 385.3,
    "speaker": "老师",
    "text": "第一个因子条件知AD等于BC."
  },
  {
    "start": 385.3,
    "end": 388.07,
    "speaker": "老师",
    "text": "第二个已知条件，"
  },
  {
    "start": 388.07,
    "end": 394.51,
    "speaker": "老师",
    "text": "求目的地是证明四边形是平行四边形。"
  },
  {
    "start": 394.65,
    "end": 398.25,
    "speaker": "老师",
    "text": "嗯，"
  },
  {
    "start": 398.96,
    "end": 404.18,
    "speaker": "老师",
    "text": "有同学会说了，"
  },
  {
    "start": 408.69,
    "end": 418.05,
    "speaker": "老师",
    "text": "老师我们今天不是在学习平行四边形的判定吗？"
  },
  {
    "start": 418.05,
    "end": 424.09,
    "speaker": "老师",
    "text": "还没有学习好判定方法。"
  },
  {
    "start": 424.09,
    "end": 431.7,
    "speaker": "老师",
    "text": "怎么判定一个四边形是平行四边形呢？"
  },
  {
    "start": 431.7,
    "end": 438.3,
    "speaker": "老师",
    "text": "其实平行四边形的定义就是平行四边形的判定，"
  },
  {
    "start": 438.3,
    "end": 445.37,
    "speaker": "老师",
    "text": "所以要证它是平行四边形济震AB平行CD,"
  },
  {
    "start": 445.37,
    "end": 447.85,
    "speaker": "老师",
    "text": "ad平行BC."
  },
  {
    "start": 447.85,
    "end": 449.52,
    "speaker": "老师",
    "text": "好，"
  },
  {
    "start": 449.52,
    "end": 453.26,
    "speaker": "老师",
    "text": "我们知道思维的路径有三种，"
  },
  {
    "start": 453.26,
    "end": 455.5,
    "speaker": "老师",
    "text": "从已知除法，"
  },
  {
    "start": 455.5,
    "end": 458.88,
    "speaker": "老师",
    "text": "从结论出发，"
  },
  {
    "start": 458.88,
    "end": 460.66,
    "speaker": "老师",
    "text": "两头臭。"
  },
  {
    "start": 460.7,
    "end": 461.42,
    "speaker": "老师",
    "text": "好，"
  },
  {
    "start": 461.48,
    "end": 470.51,
    "speaker": "老师",
    "text": "这道题到了现在我们又怎样去延续我们的思维呢？"
  },
  {
    "start": 470.67,
    "end": 479.73,
    "speaker": "老师",
    "text": "要证上下左右两对边互相平行。"
  },
  {
    "start": 479.73,
    "end": 481.03,
    "speaker": "老师",
    "text": "同学们，"
  },
  {
    "start": 481.13,
    "end": 486.94,
    "speaker": "老师",
    "text": "这个时候会想起平行线的判定定理，"
  },
  {
    "start": 486.94,
    "end": 496.53,
    "speaker": "老师",
    "text": "我要证它们两条直线互相平行。"
  },
  {
    "start": 496.53,
    "end": 502.41,
    "speaker": "老师",
    "text": "那么我会去寻找同位角内错角或同旁内角的数量关系。"
  },
  {
    "start": 502.41,
    "end": 504.73,
    "speaker": "老师",
    "text": "那么在这道题目当中，"
  },
  {
    "start": 504.73,
    "end": 511.75,
    "speaker": "老师",
    "text": "角a角b角c角d之间有明显的数量关系吗？"
  },
  {
    "start": 513.02,
    "end": 513.68,
    "speaker": "老师",
    "text": "没有。"
  },
  {
    "start": 513.68,
    "end": 518.74,
    "speaker": "老师",
    "text": "那么我们再看看从已知出发，"
  },
  {
    "start": 518.86,
    "end": 522.76,
    "speaker": "老师",
    "text": "已知条件AB等于CD,"
  },
  {
    "start": 522.76,
    "end": 527.63,
    "speaker": "老师",
    "text": "AD等于BC两对边对应相等。"
  },
  {
    "start": 528.5,
    "end": 536.39,
    "speaker": "老师",
    "text": "那么这个时候我们该如何展开思维呢？"
  },
  {
    "start": 536.39,
    "end": 539.71,
    "speaker": "老师",
    "text": "对当两头臭而无望的时候，"
  },
  {
    "start": 539.73,
    "end": 545.29,
    "speaker": "老师",
    "text": "我们同学们就会想到要做辅助线。"
  },
  {
    "start": 545.29,
    "end": 548.99,
    "speaker": "老师",
    "text": "那么在这样的图形当中，"
  },
  {
    "start": 548.99,
    "end": 555.64,
    "speaker": "老师",
    "text": "你们最先想到的是做哪条辅助线呢？"
  },
  {
    "start": 555.64,
    "end": 556.58,
    "speaker": "老师",
    "text": "连接BD,"
  },
  {
    "start": 556.58,
    "end": 559.26,
    "speaker": "老师",
    "text": "连接其中的一条对角线。"
  },
  {
    "start": 559.26,
    "end": 566.72,
    "speaker": "老师",
    "text": "这样我们把一个四边形问题转化为了两个三角形问题。"
  },
  {
    "start": 568.0,
    "end": 575.48,
    "speaker": "老师",
    "text": "这个时候我们会发现思维的通道瞬间开朗了。"
  },
  {
    "start": 575.48,
    "end": 582.56,
    "speaker": "老师",
    "text": "因为AD等于BCAB等于CD,"
  },
  {
    "start": 582.56,
    "end": 584.96,
    "speaker": "老师",
    "text": "加上公共边相等，"
  },
  {
    "start": 585.06,
    "end": 589.75,
    "speaker": "老师",
    "text": "那么这两个三角形就会全等全等了，"
  },
  {
    "start": 589.75,
    "end": 593.93,
    "speaker": "老师",
    "text": "所以角一就会等于角二角三就会等于角四，"
  },
  {
    "start": 594.03,
    "end": 596.21,
    "speaker": "老师",
    "text": "所以内错角相等，"
  },
  {
    "start": 596.21,
    "end": 597.37,
    "speaker": "老师",
    "text": "两直线平行，"
  },
  {
    "start": 597.37,
    "end": 603.31,
    "speaker": "老师",
    "text": "两直线互相平行呢满足了平行四边形的定义，"
  },
  {
    "start": 603.31,
    "end": 607.87,
    "speaker": "老师",
    "text": "所以它是平行四边形。"
  },
  {
    "start": 607.87,
    "end": 610.05,
    "speaker": "老师",
    "text": "四维通道形成。"
  },
  {
    "start": 610.05,
    "end": 611.55,
    "speaker": "老师",
    "text": "同学们，"
  },
  {
    "start": 611.55,
    "end": 615.85,
    "speaker": "老师",
    "text": "我们来看它的证明过程，"
  },
  {
    "start": 615.85,
    "end": 622.28,
    "speaker": "老师",
    "text": "连接BD公共边SSS证明两个三角形全等，"
  },
  {
    "start": 622.28,
    "end": 626.32,
    "speaker": "老师",
    "text": "所以角一等于角二角三等于角四，"
  },
  {
    "start": 626.32,
    "end": 630.88,
    "speaker": "老师",
    "text": "所以两组对边分别平行，"
  },
  {
    "start": 631.63,
    "end": 634.47,
    "speaker": "老师",
    "text": "所以它是平行四边形。"
  },
  {
    "start": 634.47,
    "end": 642.28,
    "speaker": "老师",
    "text": "这样我们就把猜想一变成了我们的判定定理。"
  },
  {
    "start": 643.26,
    "end": 644.3,
    "speaker": "老师",
    "text": "一、由此，"
  },
  {
    "start": 644.3,
    "end": 647.86,
    "speaker": "老师",
    "text": "我们得到平行四边形的判定定理。"
  },
  {
    "start": 648.06,
    "end": 661.49,
    "speaker": "老师",
    "text": "一、两组对边分别相等的四边形是平行四边形，"
  },
  {
    "start": 662.82,
    "end": 669.83,
    "speaker": "老师",
    "text": "它的几何表达式在四边形ABCD中，"
  },
  {
    "start": 669.83,
    "end": 673.24,
    "speaker": "老师",
    "text": "因为AB等于CD,"
  },
  {
    "start": 675.59,
    "end": 679.55,
    "speaker": "老师",
    "text": "AD等于BC,"
  },
  {
    "start": 679.57,
    "end": 684.95,
    "speaker": "老师",
    "text": "所以四边形ABCD是平行四边形，"
  },
  {
    "start": 684.95,
    "end": 688.9,
    "speaker": "老师",
    "text": "继续我们的猜想之旅。"
  },
  {
    "start": 689.36,
    "end": 698.0,
    "speaker": "老师",
    "text": "蔡小傲两组对角分别相等的四边形是平行四边形，"
  },
  {
    "start": 698.0,
    "end": 708.23,
    "speaker": "老师",
    "text": "我们把它写成已知求证的证命题形式。"
  },
  {
    "start": 708.97,
    "end": 709.85,
    "speaker": "老师",
    "text": "如图，"
  },
  {
    "start": 709.85,
    "end": 713.0,
    "speaker": "老师",
    "text": "在四边形ABCD中，"
  },
  {
    "start": 713.85,
    "end": 730.98,
    "speaker": "老师",
    "text": "角a等于角c角b等于角d求证四边形ABCD是平行四边形这样的证明题，"
  },
  {
    "start": 731.06,
    "end": 740.42,
    "speaker": "老师",
    "text": "我们又要回到我们证明的基本的思维范式。"
  },
  {
    "start": 740.44,
    "end": 744.21,
    "speaker": "老师",
    "text": "首先我们认真审题，"
  },
  {
    "start": 744.27,
    "end": 745.35,
    "speaker": "老师",
    "text": "审题之后，"
  },
  {
    "start": 745.35,
    "end": 751.01,
    "speaker": "老师",
    "text": "分析清楚知什么、呵求什么，"
  },
  {
    "start": 751.39,
    "end": 757.52,
    "speaker": "老师",
    "text": "还是要在知求之间搭构思维的通道。"
  },
  {
    "start": 757.52,
    "end": 759.74,
    "speaker": "老师",
    "text": "回到这道题。"
  },
  {
    "start": 759.74,
    "end": 768.69,
    "speaker": "老师",
    "text": "乙这条剑有一角a等于角c哦，"
  },
  {
    "start": 768.69,
    "end": 773.55,
    "speaker": "老师",
    "text": "角b等于角d要我们证明的目的地是四边形，"
  },
  {
    "start": 773.55,
    "end": 776.65,
    "speaker": "老师",
    "text": "ABCD是平行四边形。"
  },
  {
    "start": 777.51,
    "end": 777.79,
    "speaker": "老师",
    "text": "好，"
  },
  {
    "start": 777.79,
    "end": 780.23,
    "speaker": "老师",
    "text": "同学们想一想，"
  },
  {
    "start": 780.23,
    "end": 783.04,
    "speaker": "老师",
    "text": "从结论出发，"
  },
  {
    "start": 783.04,
    "end": 794.27,
    "speaker": "老师",
    "text": "我们要证明四边形ABCD是平行四边形。"
  },
  {
    "start": 794.29,
    "end": 800.17,
    "speaker": "老师",
    "text": "现在我们有几种判定方法呢？"
  },
  {
    "start": 800.91,
    "end": 801.53,
    "speaker": "老师",
    "text": "对，"
  },
  {
    "start": 801.53,
    "end": 804.08,
    "speaker": "老师",
    "text": "有两种判定方法，"
  },
  {
    "start": 804.95,
    "end": 813.95,
    "speaker": "老师",
    "text": "第一种是定义不是第二种，"
  },
  {
    "start": 813.95,
    "end": 815.05,
    "speaker": "老师",
    "text": "是判定定理。"
  },
  {
    "start": 815.05,
    "end": 824.62,
    "speaker": "老师",
    "text": "第一证明上下左右两对边互相平行判定定理一证明上下左右两对边分别相等。"
  },
  {
    "start": 824.62,
    "end": 825.2,
    "speaker": "老师",
    "text": "好，"
  },
  {
    "start": 825.2,
    "end": 833.53,
    "speaker": "老师",
    "text": "那我们怎么去寻找思维的突破口呢？"
  },
  {
    "start": 834.48,
    "end": 843.96,
    "speaker": "老师",
    "text": "可能有同学会这样做延续刚才猜想一的想法，"
  },
  {
    "start": 843.96,
    "end": 848.25,
    "speaker": "老师",
    "text": "既然我现在两头凑凑不动，"
  },
  {
    "start": 849.12,
    "end": 850.6,
    "speaker": "老师",
    "text": "怎么办呢？"
  },
  {
    "start": 851.06,
    "end": 853.6,
    "speaker": "老师",
    "text": "我就想做辅助线。"
  },
  {
    "start": 853.6,
    "end": 866.02,
    "speaker": "老师",
    "text": "所以很多同学会连接DB仍然想延续第一问的思维证，"
  },
  {
    "start": 866.02,
    "end": 871.05,
    "speaker": "老师",
    "text": "两个三角形全等来解决问题。"
  },
  {
    "start": 872.57,
    "end": 874.12,
    "speaker": "老师",
    "text": "同学们，"
  },
  {
    "start": 874.24,
    "end": 880.33,
    "speaker": "老师",
    "text": "我们来看角a等于角c一致条件，"
  },
  {
    "start": 880.33,
    "end": 891.43,
    "speaker": "老师",
    "text": "角b等于角d然后连接壁d能证出两个三角形全等吗？"
  },
  {
    "start": 891.43,
    "end": 892.1,
    "speaker": "老师",
    "text": "显然不行。"
  },
  {
    "start": 893.64,
    "end": 898.47,
    "speaker": "老师",
    "text": "我们仔细观察会发现，"
  },
  {
    "start": 898.47,
    "end": 906.38,
    "speaker": "老师",
    "text": "其实我们的同学忽略了其中的一个条件。"
  },
  {
    "start": 906.38,
    "end": 908.62,
    "speaker": "老师",
    "text": "我们忽略了谁呢？"
  },
  {
    "start": 908.62,
    "end": 913.89,
    "speaker": "老师",
    "text": "四边形四边形意味着什么呢？"
  },
  {
    "start": 913.93,
    "end": 921.22,
    "speaker": "老师",
    "text": "我们在学习四边形这一章内容的时候，"
  },
  {
    "start": 921.22,
    "end": 926.77,
    "speaker": "老师",
    "text": "学习过四边形的内角和为三百六十度，"
  },
  {
    "start": 926.77,
    "end": 936.53,
    "speaker": "老师",
    "text": "这样我们不妨是john等于角c等于阿尔法角b角d喂贝塔。"
  },
  {
    "start": 936.53,
    "end": 941.25,
    "speaker": "老师",
    "text": "因为四边形内角和是三百六十度，"
  },
  {
    "start": 941.43,
    "end": 950.56,
    "speaker": "老师",
    "text": "所以阿尔法加倍的又加一个up加贝塔等于三百六十度。"
  },
  {
    "start": 950.56,
    "end": 956.94,
    "speaker": "老师",
    "text": "所以一个阿尔法加一个贝塔等于一百八十度，"
  },
  {
    "start": 956.94,
    "end": 960.23,
    "speaker": "老师",
    "text": "所以AD平行BC."
  },
  {
    "start": 960.23,
    "end": 962.23,
    "speaker": "老师",
    "text": "所以AB平行CD,"
  },
  {
    "start": 962.23,
    "end": 979.12,
    "speaker": "老师",
    "text": "这样我们就可以用到第一来判定它是一个平行四边形。"
  },
  {
    "start": 979.12,
    "end": 979.5,
    "speaker": "老师",
    "text": "好，"
  },
  {
    "start": 983.05,
    "end": 987.68,
    "speaker": "老师",
    "text": "可能同学会产生疑问了，"
  },
  {
    "start": 987.68,
    "end": 990.0,
    "speaker": "老师",
    "text": "这个忽略的条件，"
  },
  {
    "start": 990.02,
    "end": 995.53,
    "speaker": "老师",
    "text": "四边形三个字老师你是怎么想到的呢？"
  },
  {
    "start": 996.43,
    "end": 1004.8,
    "speaker": "老师",
    "text": "其实因为在已知条件当中给我们的是角的数量关系，"
  },
  {
    "start": 1004.8,
    "end": 1011.31,
    "speaker": "老师",
    "text": "所以我由此联想到了四边形内角和三百六十度，"
  },
  {
    "start": 1011.31,
    "end": 1019.06,
    "speaker": "老师",
    "text": "那么思维通道被我们彻底打开。"
  },
  {
    "start": 1019.06,
    "end": 1027.11,
    "speaker": "老师",
    "text": "我们来看几何证明过程。"
  },
  {
    "start": 1027.11,
    "end": 1040.31,
    "speaker": "老师",
    "text": "这样我们就把猜想号通过证明形成了我们的判定定理啊，"
  },
  {
    "start": 1040.31,
    "end": 1042.37,
    "speaker": "老师",
    "text": "判定定理啊，"
  },
  {
    "start": 1042.37,
    "end": 1057.28,
    "speaker": "老师",
    "text": "两组对角分别相等的四边形是平行四边形几何表达在四边形ABCD中，"
  },
  {
    "start": 1058.3,
    "end": 1071.67,
    "speaker": "老师",
    "text": "因为角a等于角c角b等于角d所以四边形ABCD是平行四边形，"
  },
  {
    "start": 1071.67,
    "end": 1075.66,
    "speaker": "老师",
    "text": "继续我们的猜想之旅吧。"
  },
  {
    "start": 1075.66,
    "end": 1076.48,
    "speaker": "老师",
    "text": "猜想三，"
  },
  {
    "start": 1076.48,
    "end": 1084.46,
    "speaker": "老师",
    "text": "对角线互相平分的四边形是平行四边形吗？"
  },
  {
    "start": 1084.62,
    "end": 1088.7,
    "speaker": "老师",
    "text": "我们把它改写成已知求正的形式，"
  },
  {
    "start": 1088.7,
    "end": 1094.75,
    "speaker": "老师",
    "text": "仍然去审题寻找我们的已知和目的地。"
  },
  {
    "start": 1094.75,
    "end": 1099.9,
    "speaker": "老师",
    "text": "已知OA的勇士OP等于OD目的地，"
  },
  {
    "start": 1099.9,
    "end": 1108.43,
    "speaker": "老师",
    "text": "仍然是要证明四边形ABCD是平行四边形。"
  },
  {
    "start": 1108.43,
    "end": 1108.83,
    "speaker": "老师",
    "text": "好，"
  },
  {
    "start": 1108.95,
    "end": 1109.91,
    "speaker": "老师",
    "text": "同学们，"
  },
  {
    "start": 1109.91,
    "end": 1111.93,
    "speaker": "老师",
    "text": "我们思维的三个统计，"
  },
  {
    "start": 1111.99,
    "end": 1113.25,
    "speaker": "老师",
    "text": "从结论出发，"
  },
  {
    "start": 1113.25,
    "end": 1114.55,
    "speaker": "老师",
    "text": "从乙知出发，"
  },
  {
    "start": 1114.55,
    "end": 1116.41,
    "speaker": "老师",
    "text": "两头臭。"
  },
  {
    "start": 1116.63,
    "end": 1118.73,
    "speaker": "老师",
    "text": "我们首先从结论出发，"
  },
  {
    "start": 1118.73,
    "end": 1126.44,
    "speaker": "老师",
    "text": "要证明四边形ABCD是平行四边形手上，"
  },
  {
    "start": 1126.44,
    "end": 1130.69,
    "speaker": "老师",
    "text": "现在有几种方法呢？"
  },
  {
    "start": 1131.61,
    "end": 1135.25,
    "speaker": "老师",
    "text": "对我们有三种方法，"
  },
  {
    "start": 1135.47,
    "end": 1138.98,
    "speaker": "老师",
    "text": "哪三种呢？"
  },
  {
    "start": 1138.98,
    "end": 1140.88,
    "speaker": "老师",
    "text": "同学们想一想，"
  },
  {
    "start": 1140.88,
    "end": 1142.24,
    "speaker": "老师",
    "text": "方法一，"
  },
  {
    "start": 1142.28,
    "end": 1143.41,
    "speaker": "老师",
    "text": "定义方法啊，"
  },
  {
    "start": 1145.08,
    "end": 1152.2,
    "speaker": "老师",
    "text": "刚刚学完的判定一和判定。"
  },
  {
    "start": 1152.3,
    "end": 1156.2,
    "speaker": "老师",
    "text": "二、两组对边分别平行，"
  },
  {
    "start": 1156.2,
    "end": 1158.67,
    "speaker": "老师",
    "text": "两组对边分别相等，"
  },
  {
    "start": 1158.67,
    "end": 1162.91,
    "speaker": "老师",
    "text": "两种对角分别相等。"
  },
  {
    "start": 1162.93,
    "end": 1164.19,
    "speaker": "老师",
    "text": "好，"
  },
  {
    "start": 1164.19,
    "end": 1168.9,
    "speaker": "老师",
    "text": "知求之间怎么寻找思维的通道呢？"
  },
  {
    "start": 1169.06,
    "end": 1173.08,
    "speaker": "老师",
    "text": "我们观察发现，"
  },
  {
    "start": 1175.04,
    "end": 1178.87,
    "speaker": "老师",
    "text": "OA等于OC从已知出发，"
  },
  {
    "start": 1178.87,
    "end": 1186.44,
    "speaker": "老师",
    "text": "OB等于OD已知条件上图。"
  },
  {
    "start": 1186.84,
    "end": 1188.86,
    "speaker": "老师",
    "text": "我们观察就会发现，"
  },
  {
    "start": 1188.86,
    "end": 1197.95,
    "speaker": "老师",
    "text": "这是我们非常熟悉的三角形全等里面的一些基本图形。"
  },
  {
    "start": 1198.27,
    "end": 1211.06,
    "speaker": "老师",
    "text": "因为在这有角一等于角二一对对顶角，"
  },
  {
    "start": 1211.06,
    "end": 1215.99,
    "speaker": "老师",
    "text": "角三等于角四两对对顶角。"
  },
  {
    "start": 1215.99,
    "end": 1223.25,
    "speaker": "老师",
    "text": "所以我们可以很容易的推导出上下两个三角形全等，"
  },
  {
    "start": 1223.25,
    "end": 1224.15,
    "speaker": "老师",
    "text": "理由，"
  },
  {
    "start": 1225.21,
    "end": 1229.84,
    "speaker": "老师",
    "text": "两边对应相等且夹角相等。"
  },
  {
    "start": 1229.84,
    "end": 1230.6,
    "speaker": "老师",
    "text": "同理，"
  },
  {
    "start": 1230.8,
    "end": 1236.78,
    "speaker": "老师",
    "text": "我们可以推出左右两个三角形全等，"
  },
  {
    "start": 1236.88,
    "end": 1237.32,
    "speaker": "老师",
    "text": "好，"
  },
  {
    "start": 1237.64,
    "end": 1239.51,
    "speaker": "老师",
    "text": "上下两个三角形全等，"
  },
  {
    "start": 1240.15,
    "end": 1241.81,
    "speaker": "老师",
    "text": "左右两个三角形全等。"
  },
  {
    "start": 1241.81,
    "end": 1245.44,
    "speaker": "老师",
    "text": "那么我们选择哪一条路，"
  },
  {
    "start": 1245.44,
    "end": 1255.58,
    "speaker": "老师",
    "text": "或者说哪一种判定来推导四边形ABCD四平行四边形呢？"
  },
  {
    "start": 1255.58,
    "end": 1259.98,
    "speaker": "老师",
    "text": "我们尝试使用它的定义来判定，"
  },
  {
    "start": 1261.69,
    "end": 1265.09,
    "speaker": "老师",
    "text": "因为两个三角形全等了，"
  },
  {
    "start": 1265.09,
    "end": 1269.29,
    "speaker": "老师",
    "text": "所以小舞等于角六内错角相等上下平行。"
  },
  {
    "start": 1269.29,
    "end": 1279.24,
    "speaker": "老师",
    "text": "因为两个三角形全等了，"
  },
  {
    "start": 1279.24,
    "end": 1286.72,
    "speaker": "老师",
    "text": "所以角七等于角八内错角相等左右平行，"
  },
  {
    "start": 1286.9,
    "end": 1296.97,
    "speaker": "老师",
    "text": "所以用定义可以完成判定上下两个三角形全等AB等于CD,"
  },
  {
    "start": 1296.97,
    "end": 1300.51,
    "speaker": "老师",
    "text": "同理可得AD和BC相等，"
  },
  {
    "start": 1300.51,
    "end": 1302.29,
    "speaker": "老师",
    "text": "所以判定一也行，"
  },
  {
    "start": 1302.29,
    "end": 1306.18,
    "speaker": "老师",
    "text": "我们还有感悟，"
  },
  {
    "start": 1306.22,
    "end": 1307.04,
    "speaker": "老师",
    "text": "判定，"
  },
  {
    "start": 1307.04,
    "end": 1309.0,
    "speaker": "老师",
    "text": "一比用定义快一点。"
  },
  {
    "start": 1309.08,
    "end": 1309.46,
    "speaker": "老师",
    "text": "好，"
  },
  {
    "start": 1309.46,
    "end": 1312.49,
    "speaker": "老师",
    "text": "同学们想一想，"
  },
  {
    "start": 1312.53,
    "end": 1321.12,
    "speaker": "老师",
    "text": "我们能不能用碳丁二去证明他呢？"
  },
  {
    "start": 1322.01,
    "end": 1324.61,
    "speaker": "老师",
    "text": "有同学说，"
  },
  {
    "start": 1324.81,
    "end": 1326.13,
    "speaker": "老师",
    "text": "想要用判定，"
  },
  {
    "start": 1326.17,
    "end": 1333.25,
    "speaker": "老师",
    "text": "二来证明它既证角两对对角分别相等，"
  },
  {
    "start": 1333.49,
    "end": 1337.93,
    "speaker": "老师",
    "text": "由左右上下两对全等三角形，"
  },
  {
    "start": 1337.93,
    "end": 1341.13,
    "speaker": "老师",
    "text": "分别可以推出对角和对角相等。"
  },
  {
    "start": 1341.13,
    "end": 1348.3,
    "speaker": "老师",
    "text": "所以判定二也是能够达成目标。"
  },
  {
    "start": 1349.07,
    "end": 1351.25,
    "speaker": "老师",
    "text": "但相比而言，"
  },
  {
    "start": 1351.27,
    "end": 1355.32,
    "speaker": "老师",
    "text": "判定二在这里面是最复杂的一种方法。"
  },
  {
    "start": 1355.34,
    "end": 1361.62,
    "speaker": "老师",
    "text": "所以我们一般使用判定一来进行证明，"
  },
  {
    "start": 1361.62,
    "end": 1375.59,
    "speaker": "老师",
    "text": "这样我们就把判猜想三变成了我们的判定定理神，"
  },
  {
    "start": 1375.59,
    "end": 1387.06,
    "speaker": "老师",
    "text": "由此得到平行四边形判定定理。"
  },
  {
    "start": 1389.65,
    "end": 1403.0,
    "speaker": "老师",
    "text": "三、对角线互相平分的四边形是平行四边形，"
  },
  {
    "start": 1403.0,
    "end": 1409.73,
    "speaker": "老师",
    "text": "它的几何表达式在四边形ABCD中，"
  },
  {
    "start": 1409.81,
    "end": 1419.69,
    "speaker": "老师",
    "text": "对角线ACBD相交于点o因为OA等于OC,"
  },
  {
    "start": 1419.69,
    "end": 1421.38,
    "speaker": "老师",
    "text": "OB等于OD,"
  },
  {
    "start": 1422.79,
    "end": 1426.81,
    "speaker": "老师",
    "text": "所以四边形ABCD是平行四边形。"
  },
  {
    "start": 1426.81,
    "end": 1433.01,
    "speaker": "老师",
    "text": "现在我们回顾一下，"
  },
  {
    "start": 1433.01,
    "end": 1439.23,
    "speaker": "老师",
    "text": "到目前为止我们一共有哪些判定平行四边形的方法呢？"
  },
  {
    "start": 1439.23,
    "end": 1443.98,
    "speaker": "老师",
    "text": "对我们有定义，"
  },
  {
    "start": 1444.52,
    "end": 1445.7,
    "speaker": "老师",
    "text": "有判定，"
  },
  {
    "start": 1445.7,
    "end": 1447.12,
    "speaker": "老师",
    "text": "一有判定，"
  },
  {
    "start": 1447.32,
    "end": 1448.46,
    "speaker": "老师",
    "text": "二有潘顶山，"
  },
  {
    "start": 1448.46,
    "end": 1453.15,
    "speaker": "老师",
    "text": "这样我们就有了四种判定。"
  },
  {
    "start": 1453.15,
    "end": 1458.08,
    "speaker": "老师",
    "text": "一个四边形是平行四边形的方法。"
  },
  {
    "start": 1458.08,
    "end": 1466.35,
    "speaker": "老师",
    "text": "那么我们除了学习了这么四种判定以外，"
  },
  {
    "start": 1466.35,
    "end": 1473.05,
    "speaker": "老师",
    "text": "还有一些什么样的思维方法上的收获呢？"
  },
  {
    "start": 1473.05,
    "end": 1479.71,
    "speaker": "老师",
    "text": "在研究平行四边形判定的过程中，"
  },
  {
    "start": 1480.85,
    "end": 1495.06,
    "speaker": "老师",
    "text": "我们经历了两个阶段是哪两个阶段呢？"
  },
  {
    "start": 1495.08,
    "end": 1497.04,
    "speaker": "老师",
    "text": "同学们想想看，"
  },
  {
    "start": 1497.04,
    "end": 1499.17,
    "speaker": "老师",
    "text": "嗯有猜想到论证。"
  },
  {
    "start": 1499.88,
    "end": 1507.57,
    "speaker": "老师",
    "text": "那么我们还有哪样一种体会呢？"
  },
  {
    "start": 1507.93,
    "end": 1520.63,
    "speaker": "老师",
    "text": "我们有把四边形问题转化为三角形问题来解题，"
  },
  {
    "start": 1520.73,
    "end": 1524.4,
    "speaker": "老师",
    "text": "将来可能同学们还会碰到。"
  },
  {
    "start": 1524.4,
    "end": 1531.47,
    "speaker": "老师",
    "text": "把三角形问题转化为四边形问题来解决。"
  },
  {
    "start": 1531.47,
    "end": 1539.54,
    "speaker": "老师",
    "text": "上面这个图揭示了定义性质、判定间的逻辑关系，"
  },
  {
    "start": 1539.54,
    "end": 1548.96,
    "speaker": "老师",
    "text": "为我们提供了研究几何图形的一般思路与方法。"
  },
  {
    "start": 1551.65,
    "end": 1568.68,
    "speaker": "老师",
    "text": "我们小试牛刀例题如图AB等于DC等于EF AD等于BC d一等于CF求证AB平行EF指什么条件？"
  },
  {
    "start": 1568.7,
    "end": 1572.13,
    "speaker": "老师",
    "text": "一、条件二条件三条件四，"
  },
  {
    "start": 1572.87,
    "end": 1576.41,
    "speaker": "老师",
    "text": "求什么求证AB平行EF继续。"
  },
  {
    "start": 1576.43,
    "end": 1578.95,
    "speaker": "老师",
    "text": "我们寻找四维通道的三种途径，"
  },
  {
    "start": 1579.43,
    "end": 1582.31,
    "speaker": "老师",
    "text": "从结论出发，"
  },
  {
    "start": 1583.74,
    "end": 1585.72,
    "speaker": "老师",
    "text": "从椅子出发，"
  },
  {
    "start": 1585.72,
    "end": 1586.84,
    "speaker": "老师",
    "text": "两头臭。"
  },
  {
    "start": 1586.96,
    "end": 1588.26,
    "speaker": "老师",
    "text": "从结论出发，"
  },
  {
    "start": 1588.26,
    "end": 1593.55,
    "speaker": "老师",
    "text": "要证AB平行EF."
  },
  {
    "start": 1594.94,
    "end": 1605.12,
    "speaker": "老师",
    "text": "第一个同学们想到的是证明内错角或同位角或同旁内角的数量关系，"
  },
  {
    "start": 1605.2,
    "end": 1610.64,
    "speaker": "老师",
    "text": "观察图形不存在。"
  },
  {
    "start": 1610.76,
    "end": 1611.38,
    "speaker": "老师",
    "text": "第二个，"
  },
  {
    "start": 1611.38,
    "end": 1624.62,
    "speaker": "老师",
    "text": "同学们会想到的方法是刚刚学习的平行四边形的判定。"
  },
  {
    "start": 1624.62,
    "end": 1635.53,
    "speaker": "老师",
    "text": "我把AB EF放在一个四边形中去，"
  },
  {
    "start": 1635.59,
    "end": 1642.98,
    "speaker": "老师",
    "text": "证明它们是平行四边形的一组对边观察图形不成立。"
  },
  {
    "start": 1642.98,
    "end": 1645.79,
    "speaker": "老师",
    "text": "既然从目的地出发，"
  },
  {
    "start": 1645.79,
    "end": 1647.97,
    "speaker": "老师",
    "text": "无法达成目标，"
  },
  {
    "start": 1647.97,
    "end": 1656.8,
    "speaker": "老师",
    "text": "那么我们从已知出发，"
  },
  {
    "start": 1659.53,
    "end": 1681.57,
    "speaker": "老师",
    "text": "欧独AB等于DC等于EF AD等于BCDE等于CF太多了四个条件。"
  },
  {
    "start": 1681.57,
    "end": 1689.09,
    "speaker": "老师",
    "text": "那么我们同学们要学会已知上图AB等于DC,"
  },
  {
    "start": 1689.09,
    "end": 1690.92,
    "speaker": "老师",
    "text": "等于EF,"
  },
  {
    "start": 1690.92,
    "end": 1694.58,
    "speaker": "老师",
    "text": "ad等于BC,"
  },
  {
    "start": 1694.58,
    "end": 1698.9,
    "speaker": "老师",
    "text": "第一等于CF嗯。"
  },
  {
    "start": 1698.9,
    "end": 1704.59,
    "speaker": "老师",
    "text": "同学们敏锐的眼眼睛能告诉你这其中的奥妙，"
  },
  {
    "start": 1704.71,
    "end": 1705.93,
    "speaker": "老师",
    "text": "原来上下相等，"
  },
  {
    "start": 1705.93,
    "end": 1708.25,
    "speaker": "老师",
    "text": "左右一组对边相等。"
  },
  {
    "start": 1708.25,
    "end": 1715.66,
    "speaker": "老师",
    "text": "那么我们可以证明ABCD是平行四边形，"
  },
  {
    "start": 1715.66,
    "end": 1732.19,
    "speaker": "老师",
    "text": "从一号、三号、两个已知进行拓展出来的条件是四边形，"
  },
  {
    "start": 1732.19,
    "end": 1735.46,
    "speaker": "老师",
    "text": "ABCD是平行四边形，"
  },
  {
    "start": 1735.46,
    "end": 1739.44,
    "speaker": "老师",
    "text": "同理可得四边形，"
  },
  {
    "start": 1739.44,
    "end": 1744.92,
    "speaker": "老师",
    "text": "DCFE也是平行四边形。"
  },
  {
    "start": 1744.92,
    "end": 1754.56,
    "speaker": "老师",
    "text": "那么告诉了我们两个是平行四边形，"
  },
  {
    "start": 1754.56,
    "end": 1755.42,
    "speaker": "老师",
    "text": "有什么用呢？"
  },
  {
    "start": 1755.42,
    "end": 1758.48,
    "speaker": "老师",
    "text": "目标线段是AB和EF."
  },
  {
    "start": 1758.48,
    "end": 1760.7,
    "speaker": "老师",
    "text": "我们发现这里CD,"
  },
  {
    "start": 1760.7,
    "end": 1771.79,
    "speaker": "老师",
    "text": "因为一号四边形是平行四边形，"
  },
  {
    "start": 1771.79,
    "end": 1782.58,
    "speaker": "老师",
    "text": "所以AB平行CD二号四边形也是平行四边形，"
  },
  {
    "start": 1782.58,
    "end": 1785.72,
    "speaker": "老师",
    "text": "所以CD平行EF."
  },
  {
    "start": 1785.72,
    "end": 1788.59,
    "speaker": "老师",
    "text": "这个时候我们想到，"
  },
  {
    "start": 1788.59,
    "end": 1793.81,
    "speaker": "老师",
    "text": "我们经常会忽略的一个定理的推论，"
  },
  {
    "start": 1797.96,
    "end": 1805.93,
    "speaker": "老师",
    "text": "叫平行公理的推论，"
  },
  {
    "start": 1806.81,
    "end": 1809.57,
    "speaker": "老师",
    "text": "两条直线都与第三条直线平行。"
  },
  {
    "start": 1809.95,
    "end": 1813.67,
    "speaker": "老师",
    "text": "那么这两条直线也互相平行。"
  },
  {
    "start": 1813.67,
    "end": 1814.03,
    "speaker": "老师",
    "text": "好，"
  },
  {
    "start": 1814.41,
    "end": 1822.04,
    "speaker": "老师",
    "text": "证明思维找到了我们看证明的表达过程。"
  },
  {
    "start": 1822.04,
    "end": 1826.4,
    "speaker": "老师",
    "text": "我们再来看例题啊。"
  },
  {
    "start": 1826.54,
    "end": 1829.98,
    "speaker": "老师",
    "text": "罗董平行四边形ABCD中，"
  },
  {
    "start": 1831.01,
    "end": 1834.99,
    "speaker": "老师",
    "text": "EF分别是对角线上的两个点，"
  },
  {
    "start": 1834.99,
    "end": 1851.29,
    "speaker": "老师",
    "text": "并且a已知上图等于FC求证四边形ABFDE是平行四边形。"
  },
  {
    "start": 1852.86,
    "end": 1857.33,
    "speaker": "老师",
    "text": "同学们想一想，"
  },
  {
    "start": 1857.33,
    "end": 1860.27,
    "speaker": "老师",
    "text": "在这个题目当中，"
  },
  {
    "start": 1860.49,
    "end": 1864.81,
    "speaker": "老师",
    "text": "知什么求什么呢？"
  },
  {
    "start": 1866.53,
    "end": 1866.98,
    "speaker": "老师",
    "text": "好，"
  },
  {
    "start": 1868.58,
    "end": 1876.37,
    "speaker": "老师",
    "text": "有同学会想到之条件一之条件二，"
  },
  {
    "start": 1876.37,
    "end": 1878.78,
    "speaker": "老师",
    "text": "求什么呢？"
  },
  {
    "start": 1878.78,
    "end": 1883.37,
    "speaker": "老师",
    "text": "又是求证，"
  },
  {
    "start": 1884.16,
    "end": 1887.03,
    "speaker": "老师",
    "text": "它是平行四边形。"
  },
  {
    "start": 1887.84,
    "end": 1892.72,
    "speaker": "老师",
    "text": "那么我们要证明它是平行四边形，"
  },
  {
    "start": 1892.72,
    "end": 1895.89,
    "speaker": "老师",
    "text": "很熟悉了。"
  },
  {
    "start": 1895.89,
    "end": 1896.99,
    "speaker": "老师",
    "text": "同学们，"
  },
  {
    "start": 1896.99,
    "end": 1901.3,
    "speaker": "老师",
    "text": "我们手上有几种方法呢？"
  },
  {
    "start": 1901.42,
    "end": 1901.74,
    "speaker": "老师",
    "text": "对，"
  },
  {
    "start": 1901.74,
    "end": 1903.58,
    "speaker": "老师",
    "text": "有四种方法。"
  },
  {
    "start": 1903.58,
    "end": 1907.78,
    "speaker": "老师",
    "text": "第一急三个判定。"
  },
  {
    "start": 1907.78,
    "end": 1908.2,
    "speaker": "老师",
    "text": "好，"
  },
  {
    "start": 1908.44,
    "end": 1912.22,
    "speaker": "老师",
    "text": "那么我们又用思维的三种途径，"
  },
  {
    "start": 1912.22,
    "end": 1913.22,
    "speaker": "老师",
    "text": "从结论出发，"
  },
  {
    "start": 1913.22,
    "end": 1915.98,
    "speaker": "老师",
    "text": "我们有四种可能性。"
  },
  {
    "start": 1915.98,
    "end": 1922.83,
    "speaker": "老师",
    "text": "四条路选哪一条不得而知。"
  },
  {
    "start": 1922.83,
    "end": 1926.41,
    "speaker": "老师",
    "text": "我们从已知出发，"
  },
  {
    "start": 1926.41,
    "end": 1928.35,
    "speaker": "老师",
    "text": "已知第一个条件，"
  },
  {
    "start": 1928.51,
    "end": 1938.27,
    "speaker": "老师",
    "text": "大四边形ABCD是平行四边形短短数字。"
  },
  {
    "start": 1938.27,
    "end": 1948.56,
    "speaker": "老师",
    "text": "其实这个条件它能够推导出更多的已知条件，"
  },
  {
    "start": 1948.56,
    "end": 1950.22,
    "speaker": "老师",
    "text": "为什么呢？"
  },
  {
    "start": 1950.4,
    "end": 1955.17,
    "speaker": "老师",
    "text": "因为它是平行四边形，"
  },
  {
    "start": 1955.45,
    "end": 1962.66,
    "speaker": "老师",
    "text": "所以平行四边形的性质有AD平行，"
  },
  {
    "start": 1962.66,
    "end": 1963.88,
    "speaker": "老师",
    "text": "并且等于BC,"
  },
  {
    "start": 1963.88,
    "end": 1964.84,
    "speaker": "老师",
    "text": "AB平行，"
  },
  {
    "start": 1964.84,
    "end": 1968.03,
    "speaker": "老师",
    "text": "并且等于CD."
  },
  {
    "start": 1968.03,
    "end": 1973.57,
    "speaker": "老师",
    "text": "我们已知上图AB平行，"
  },
  {
    "start": 1973.59,
    "end": 1975.17,
    "speaker": "老师",
    "text": "并且等于CD,"
  },
  {
    "start": 1975.17,
    "end": 1977.41,
    "speaker": "老师",
    "text": "AD平行，"
  },
  {
    "start": 1977.41,
    "end": 1980.71,
    "speaker": "老师",
    "text": "并且等于BC."
  },
  {
    "start": 1980.91,
    "end": 1981.51,
    "speaker": "老师",
    "text": "嗯，"
  },
  {
    "start": 1981.51,
    "end": 1982.91,
    "speaker": "老师",
    "text": "显而易见，"
  },
  {
    "start": 1982.91,
    "end": 2001.46,
    "speaker": "老师",
    "text": "很多同学说我可以证明三角形ABE全等于三角形DFC."
  },
  {
    "start": 2001.46,
    "end": 2001.86,
    "speaker": "老师",
    "text": "同理，"
  },
  {
    "start": 2001.86,
    "end": 2008.03,
    "speaker": "老师",
    "text": "我也可以证明三角形b fc全等于三角形AED,"
  },
  {
    "start": 2008.11,
    "end": 2013.06,
    "speaker": "老师",
    "text": "同学们政权的能能力是很强的。"
  },
  {
    "start": 2013.06,
    "end": 2019.02,
    "speaker": "老师",
    "text": "那么这两个三角形全等了两对三角形全等，"
  },
  {
    "start": 2019.1,
    "end": 2022.38,
    "speaker": "老师",
    "text": "我就可以得出b等于DF,"
  },
  {
    "start": 2022.38,
    "end": 2028.12,
    "speaker": "老师",
    "text": "我还可以得出第一等于BF,"
  },
  {
    "start": 2028.2,
    "end": 2036.23,
    "speaker": "老师",
    "text": "我们就可以得出两组对边分别相等四边形，"
  },
  {
    "start": 2036.23,
    "end": 2041.58,
    "speaker": "老师",
    "text": "BEFD是平行四边形，"
  },
  {
    "start": 2041.58,
    "end": 2043.35,
    "speaker": "老师",
    "text": "还有别的方法吗？"
  },
  {
    "start": 2045.06,
    "end": 2052.26,
    "speaker": "老师",
    "text": "我们能证明两组对边分别平行吗？"
  },
  {
    "start": 2052.26,
    "end": 2055.62,
    "speaker": "老师",
    "text": "同学们想一想，"
  },
  {
    "start": 2055.62,
    "end": 2055.84,
    "speaker": "老师",
    "text": "嗯，"
  },
  {
    "start": 2055.84,
    "end": 2058.05,
    "speaker": "老师",
    "text": "可以怎么证明呢？"
  },
  {
    "start": 2058.05,
    "end": 2064.51,
    "speaker": "老师",
    "text": "我们通过全等三角形得出它们的对应角相等，"
  },
  {
    "start": 2064.51,
    "end": 2068.43,
    "speaker": "老师",
    "text": "从而它们的邻补角相等，"
  },
  {
    "start": 2068.43,
    "end": 2071.05,
    "speaker": "老师",
    "text": "推出内错角相等，"
  },
  {
    "start": 2071.05,
    "end": 2072.41,
    "speaker": "老师",
    "text": "两直线平行，"
  },
  {
    "start": 2072.41,
    "end": 2079.37,
    "speaker": "老师",
    "text": "所以证明上下两段线段和左右两边分别平行，"
  },
  {
    "start": 2079.37,
    "end": 2082.59,
    "speaker": "老师",
    "text": "也能证明我们来看我们的证明方法。"
  },
  {
    "start": 2082.02,
    "end": 2082.59,
    "speaker": "老师",
    "text": "同学们想想看，"
  },
  {
    "start": 2082.02,
    "end": 2082.59,
    "speaker": "老师",
    "text": "还有其他的证明方法吗？"
  },
  {
    "start": 2082.02,
    "end": 2082.59,
    "speaker": "老师",
    "text": "我们又回到这个题目与知条件，"
  },
  {
    "start": 2082.02,
    "end": 2082.59,
    "speaker": "老师",
    "text": "上图a等于的是FC,"
  },
  {
    "start": 2082.02,
    "end": 2082.59,
    "speaker": "老师",
    "text": "要证明小四边形EBFD是平行四边形条件一调焦求证。"
  },
  {
    "start": 2082.02,
    "end": 2082.59,
    "speaker": "老师",
    "text": "在这里，"
  },
  {
    "start": 2082.02,
    "end": 2082.59,
    "speaker": "老师",
    "text": "我们仔细观察a和FC的位置，"
  },
  {
    "start": 2082.02,
    "end": 2082.59,
    "speaker": "老师",
    "text": "你有什么发现呢？"
  },
  {
    "start": 2082.02,
    "end": 2082.59,
    "speaker": "老师",
    "text": "对，"
  },
  {
    "start": 2082.02,
    "end": 2082.59,
    "speaker": "老师",
    "text": "我们发现了a和FC,"
  },
  {
    "start": 2082.02,
    "end": 2082.59,
    "speaker": "老师",
    "text": "实际上是大的四边形，"
  },
  {
    "start": 2082.02,
    "end": 2082.59,
    "speaker": "老师",
    "text": "ABCD的对角线的一部分。"
  },
  {
    "start": 2082.02,
    "end": 2082.59,
    "speaker": "老师",
    "text": "好，"
  },
  {
    "start": 2082.02,
    "end": 2082.59,
    "speaker": "老师",
    "text": "对角线三个字浮出水面。"
  },
  {
    "start": 2082.02,
    "end": 2082.59,
    "speaker": "老师",
    "text": "我就在思考与对角线有关的知识点。"
  },
  {
    "start": 2082.02,
    "end": 2082.59,
    "speaker": "老师",
    "text": "我们知道平行四边形对角线互相平分，"
  },
  {
    "start": 2082.02,
    "end": 2082.59,
    "speaker": "老师",
    "text": "而四边形ABCD只出现了一条对角线。"
  },
  {
    "start": 2082.02,
    "end": 2082.59,
    "speaker": "老师",
    "text": "所以我们想到的辅助线出来了。"
  },
  {
    "start": 2082.02,
    "end": 2082.59,
    "speaker": "老师",
    "text": "连接BD与AC相交于角。"
  },
  {
    "start": 2082.02,
    "end": 2082.59,
    "speaker": "老师",
    "text": "这样的话，"
  },
  {
    "start": 2082.02,
    "end": 2082.59,
    "speaker": "老师",
    "text": "平行四边形ABCD的对角线互相平分，"
  },
  {
    "start": 2082.02,
    "end": 2082.59,
    "speaker": "老师",
    "text": "那么OB等于OD,"
  },
  {
    "start": 2082.02,
    "end": 2082.59,
    "speaker": "老师",
    "text": "OA等于OC."
  },
  {
    "start": 2082.02,
    "end": 2082.59,
    "speaker": "老师",
    "text": "图形很清晰的显示了a一等于FC,"
  },
  {
    "start": 2082.02,
    "end": 2082.59,
    "speaker": "老师",
    "text": "所以等量减等量，"
  },
  {
    "start": 2082.02,
    "end": 2082.59,
    "speaker": "老师",
    "text": "其结果还是等量，"
  },
  {
    "start": 2082.02,
    "end": 2082.59,
    "speaker": "老师",
    "text": "我们就会得到o一等于OF OB等于OD."
  },
  {
    "start": 2082.02,
    "end": 2082.59,
    "speaker": "老师",
    "text": "这样我们运用刚刚学习的对角线，"
  },
  {
    "start": 2082.02,
    "end": 2082.59,
    "speaker": "老师",
    "text": "互相平分的四边形是平行四边形，"
  },
  {
    "start": 2082.02,
    "end": 2082.59,
    "speaker": "老师",
    "text": "证明了我们看它的几何表达。"
  },
  {
    "start": 2082.02,
    "end": 2082.59,
    "speaker": "老师",
    "text": "在刚才的政法一和政法二当中，"
  },
  {
    "start": 2082.02,
    "end": 2082.59,
    "speaker": "老师",
    "text": "同学们想想看，"
  },
  {
    "start": 2082.02,
    "end": 2082.59,
    "speaker": "老师",
    "text": "你更愿意用哪一种方法来证明呢？"
  },
  {
    "start": 2082.02,
    "end": 2082.59,
    "speaker": "老师",
    "text": "当然是用方法啊，"
  },
  {
    "start": 2082.02,
    "end": 2082.59,
    "speaker": "老师",
    "text": "时间过得很快，"
  },
  {
    "start": 2082.02,
    "end": 2082.59,
    "speaker": "老师",
    "text": "一节课就要结束了。"
  },
  {
    "start": 2082.02,
    "end": 2082.59,
    "speaker": "老师",
    "text": "同学们，"
  },
  {
    "start": 2082.02,
    "end": 2082.59,
    "speaker": "老师",
    "text": "我们一起来回顾一下这节课。"
  },
  {
    "start": 2082.02,
    "end": 2082.59,
    "speaker": "老师",
    "text": "我们学习了什么呢？"
  },
  {
    "start": 2082.02,
    "end": 2082.59,
    "speaker": "老师",
    "text": "我们学习了平行四边形的三个判定定理，"
  },
  {
    "start": 2082.02,
    "end": 2082.59,
    "speaker": "老师",
    "text": "这是我们在知识角度上的一种收获。"
  },
  {
    "start": 2082.02,
    "end": 2082.59,
    "speaker": "老师",
    "text": "很多同学会认为这节课我们就是学了三个判定定理吗？"
  },
  {
    "start": 2082.02,
    "end": 2082.59,
    "speaker": "老师",
    "text": "我们在这节课的思维推导过程当中，"
  },
  {
    "start": 2082.02,
    "end": 2082.59,
    "speaker": "老师",
    "text": "还有别的收获和认识吗？"
  },
  {
    "start": 2082.02,
    "end": 2082.59,
    "speaker": "老师",
    "text": "我们还学习了一种模型和经验研究图形的一般思路。"
  },
  {
    "start": 2082.02,
    "end": 2082.59,
    "speaker": "老师",
    "text": "我们还发现和体会了由猜想到论证的一个过程。"
  },
  {
    "start": 2082.02,
    "end": 2082.59,
    "speaker": "老师",
    "text": "我们还掌握了一种方法，"
  },
  {
    "start": 2082.02,
    "end": 2082.59,
    "speaker": "老师",
    "text": "四边形问题，"
  },
  {
    "start": 2082.02,
    "end": 2082.59,
    "speaker": "老师",
    "text": "有的时候转化为三角形问题。"
  },
  {
    "start": 2082.02,
    "end": 2082.59,
    "speaker": "老师",
    "text": "我们还有一种感悟，"
  },
  {
    "start": 2082.02,
    "end": 2082.59,
    "speaker": "老师",
    "text": "解题策略的角度上看，"
  },
  {
    "start": 2082.02,
    "end": 2082.59,
    "speaker": "老师",
    "text": "我们证明平行四边形有多种方法，"
  },
  {
    "start": 2082.02,
    "end": 2082.59,
    "speaker": "老师",
    "text": "但是我们要根据条件灵活运用，"
  },
  {
    "start": 2082.02,
    "end": 2082.59,
    "speaker": "老师",
    "text": "这是今天留给同学们的作业。"
  },
  {
    "start": 2082.02,
    "end": 2082.59,
    "speaker": "老师",
    "text": "同学们下课。"
  }
]