[
  {
    "start": 9.33,
    "end": 9.71,
    "speaker": "老师",
    "text": "好，"
  },
  {
    "start": 9.71,
    "end": 10.49,
    "speaker": "老师",
    "text": "同学们，"
  },
  {
    "start": 10.49,
    "end": 12.11,
    "speaker": "老师",
    "text": "我们开始上课了。"
  },
  {
    "start": 12.11,
    "end": 14.55,
    "speaker": "老师",
    "text": "今天呢就由我彭老师带领，"
  },
  {
    "start": 14.55,
    "end": 19.45,
    "speaker": "老师",
    "text": "大家一起来学习一下第二章第六节一元一次不等式组。"
  },
  {
    "start": 19.45,
    "end": 22.2,
    "speaker": "老师",
    "text": "今天我们来学习第一课时。"
  },
  {
    "start": 22.2,
    "end": 26.24,
    "speaker": "老师",
    "text": "首先我们来明确一下这节课的学习目标。"
  },
  {
    "start": 26.24,
    "end": 33.44,
    "speaker": "老师",
    "text": "第一个要理解掌握一元一次不等式组以及它的解集的相关概念。"
  },
  {
    "start": 33.44,
    "end": 38.14,
    "speaker": "老师",
    "text": "第二个掌握一元一次不等式组的解法，"
  },
  {
    "start": 38.44,
    "end": 40.36,
    "speaker": "老师",
    "text": "它的基本步骤。"
  },
  {
    "start": 40.42,
    "end": 41.36,
    "speaker": "老师",
    "text": "第三个，"
  },
  {
    "start": 41.36,
    "end": 46.02,
    "speaker": "老师",
    "text": "要会利用数轴来找出一元一次不等式组的解集，"
  },
  {
    "start": 46.02,
    "end": 50.73,
    "speaker": "老师",
    "text": "这将是我们这节课的重点和难点。"
  },
  {
    "start": 50.73,
    "end": 55.14,
    "speaker": "老师",
    "text": "那我们再来回顾一下之前我们学的一些知识。"
  },
  {
    "start": 55.14,
    "end": 61.02,
    "speaker": "老师",
    "text": "首先那什么叫做一元一次不等式呢？"
  },
  {
    "start": 62.15,
    "end": 62.59,
    "speaker": "老师",
    "text": "啊，"
  },
  {
    "start": 63.28,
    "end": 67.67,
    "speaker": "老师",
    "text": "一元一次不等式他主要把握三点，"
  },
  {
    "start": 68.03,
    "end": 69.29,
    "speaker": "老师",
    "text": "首先它是一个未知数。"
  },
  {
    "start": 69.29,
    "end": 70.81,
    "speaker": "老师",
    "text": "第二，"
  },
  {
    "start": 70.81,
    "end": 75.25,
    "speaker": "老师",
    "text": "最高这项它是未知数的，"
  },
  {
    "start": 75.37,
    "end": 78.12,
    "speaker": "老师",
    "text": "最高对象是一次，"
  },
  {
    "start": 78.12,
    "end": 80.18,
    "speaker": "老师",
    "text": "第三个是不等号的，"
  },
  {
    "start": 80.18,
    "end": 82.83,
    "speaker": "老师",
    "text": "两边都是整式。"
  },
  {
    "start": 82.83,
    "end": 84.17,
    "speaker": "老师",
    "text": "啊，"
  },
  {
    "start": 84.17,
    "end": 88.05,
    "speaker": "老师",
    "text": "我这三遍这样的不等式叫做一元一次不等式。"
  },
  {
    "start": 88.05,
    "end": 95.11,
    "speaker": "老师",
    "text": "那第二个我们来回顾一下一元一次不等式怎么来解呢？"
  },
  {
    "start": 95.15,
    "end": 97.97,
    "speaker": "老师",
    "text": "怎么来求它的解集呢？"
  },
  {
    "start": 97.97,
    "end": 98.5,
    "speaker": "老师",
    "text": "哎，"
  },
  {
    "start": 99.7,
    "end": 105.89,
    "speaker": "老师",
    "text": "我们知道类似于一元一次方程，"
  },
  {
    "start": 106.13,
    "end": 108.15,
    "speaker": "老师",
    "text": "我们有以下步骤。"
  },
  {
    "start": 108.59,
    "end": 109.29,
    "speaker": "老师",
    "text": "首先，"
  },
  {
    "start": 109.29,
    "end": 110.89,
    "speaker": "老师",
    "text": "第一步去分明，"
  },
  {
    "start": 110.89,
    "end": 112.79,
    "speaker": "老师",
    "text": "第二步，"
  },
  {
    "start": 112.79,
    "end": 115.94,
    "speaker": "老师",
    "text": "去括号第三步一项，"
  },
  {
    "start": 115.94,
    "end": 117.04,
    "speaker": "老师",
    "text": "第四步，"
  },
  {
    "start": 117.04,
    "end": 121.47,
    "speaker": "老师",
    "text": "合并同类项第五步，"
  },
  {
    "start": 121.47,
    "end": 123.01,
    "speaker": "老师",
    "text": "系数化为一把。"
  },
  {
    "start": 123.01,
    "end": 129.32,
    "speaker": "老师",
    "text": "这个不等式化为最终化为x大于a或者x小于a的形式。"
  },
  {
    "start": 129.68,
    "end": 138.59,
    "speaker": "老师",
    "text": "那我们还学习了一元一次不等式和一次函数的关系。"
  },
  {
    "start": 138.59,
    "end": 145.69,
    "speaker": "老师",
    "text": "那他们的关系我们要从两个方面来说。"
  },
  {
    "start": 145.69,
    "end": 147.91,
    "speaker": "老师",
    "text": "第一个从书的角度来看，"
  },
  {
    "start": 147.95,
    "end": 151.29,
    "speaker": "老师",
    "text": "九不等式x加b大零或小于零。"
  },
  {
    "start": 151.53,
    "end": 163.41,
    "speaker": "老师",
    "text": "它的解集其实就是函数y等于XAX加b这个对应的函数的函数值大于零或小于零。"
  },
  {
    "start": 164.29,
    "end": 167.57,
    "speaker": "老师",
    "text": "它的时候的自变量x的取值范围，"
  },
  {
    "start": 167.57,
    "end": 170.75,
    "speaker": "老师",
    "text": "就是这个不等式的解集，"
  },
  {
    "start": 170.75,
    "end": 176.05,
    "speaker": "老师",
    "text": "不等式的解解集和函数的关系。"
  },
  {
    "start": 176.13,
    "end": 179.27,
    "speaker": "老师",
    "text": "那从型的方面来讲，"
  },
  {
    "start": 179.27,
    "end": 182.29,
    "speaker": "老师",
    "text": "这个AX加b大于零或小于零。"
  },
  {
    "start": 182.29,
    "end": 186.01,
    "speaker": "老师",
    "text": "它的解集就是所对应的直线，"
  },
  {
    "start": 186.01,
    "end": 188.47,
    "speaker": "老师",
    "text": "也就是函数的直线，"
  },
  {
    "start": 189.19,
    "end": 196.0,
    "speaker": "老师",
    "text": "y等于AX加b在x轴上方或下方上方，"
  },
  {
    "start": 196.0,
    "end": 199.43,
    "speaker": "老师",
    "text": "就是AX加b大于零下方，"
  },
  {
    "start": 199.43,
    "end": 202.55,
    "speaker": "老师",
    "text": "就是AX加b小于零。"
  },
  {
    "start": 202.59,
    "end": 209.19,
    "speaker": "老师",
    "text": "它所对应的找到在图形上找到它的自变量说对的，"
  },
  {
    "start": 209.29,
    "end": 211.13,
    "speaker": "老师",
    "text": "这个取值范围。"
  },
  {
    "start": 211.13,
    "end": 211.69,
    "speaker": "老师",
    "text": "好，"
  },
  {
    "start": 211.89,
    "end": 215.47,
    "speaker": "老师",
    "text": "那走入到本节课的这个导入，"
  },
  {
    "start": 215.59,
    "end": 218.69,
    "speaker": "老师",
    "text": "大家看到这样的一个情景。"
  },
  {
    "start": 218.69,
    "end": 223.33,
    "speaker": "老师",
    "text": "某校今年通冬季烧煤取暖时间为四个月，"
  },
  {
    "start": 223.33,
    "end": 230.35,
    "speaker": "老师",
    "text": "如果每个月比计划多烧五吨，"
  },
  {
    "start": 230.63,
    "end": 233.13,
    "speaker": "老师",
    "text": "那总量用煤总量将超过一百吨。"
  },
  {
    "start": 233.13,
    "end": 237.46,
    "speaker": "老师",
    "text": "如果比计划少烧五吨每每天，"
  },
  {
    "start": 237.46,
    "end": 244.79,
    "speaker": "老师",
    "text": "那么用煤总量不足六十八吨。"
  },
  {
    "start": 244.79,
    "end": 256.8,
    "speaker": "老师",
    "text": "如果设计划每个月烧煤x吨，"
  },
  {
    "start": 257.04,
    "end": 262.98,
    "speaker": "老师",
    "text": "那x应该满足怎样的关系式呢？"
  },
  {
    "start": 262.98,
    "end": 264.53,
    "speaker": "老师",
    "text": "很好，"
  },
  {
    "start": 264.55,
    "end": 274.59,
    "speaker": "老师",
    "text": "我们首先要把握这里题目题意当中的两个这个描述不等关系的这样的词语。"
  },
  {
    "start": 275.25,
    "end": 278.53,
    "speaker": "老师",
    "text": "第一个超过超过就是太了，"
  },
  {
    "start": 278.53,
    "end": 280.33,
    "speaker": "老师",
    "text": "第二个不足，"
  },
  {
    "start": 280.33,
    "end": 282.83,
    "speaker": "老师",
    "text": "不足就是小鱼。"
  },
  {
    "start": 282.83,
    "end": 283.31,
    "speaker": "老师",
    "text": "好，"
  },
  {
    "start": 283.31,
    "end": 290.05,
    "speaker": "老师",
    "text": "那我们来看一下原设计划每月上x吨。"
  },
  {
    "start": 290.07,
    "end": 293.65,
    "speaker": "老师",
    "text": "那如果说比计划每天多烧五吨，"
  },
  {
    "start": 293.65,
    "end": 294.75,
    "speaker": "老师",
    "text": "就是x加五，"
  },
  {
    "start": 295.15,
    "end": 298.32,
    "speaker": "老师",
    "text": "那总的量是怎么算呢？"
  },
  {
    "start": 298.32,
    "end": 305.24,
    "speaker": "老师",
    "text": "就每天乘上时间x加五乘上四大于一百。"
  },
  {
    "start": 305.26,
    "end": 305.92,
    "speaker": "老师",
    "text": "第二个，"
  },
  {
    "start": 305.92,
    "end": 307.52,
    "speaker": "老师",
    "text": "如果少烧五吨，"
  },
  {
    "start": 307.64,
    "end": 310.22,
    "speaker": "老师",
    "text": "就是x减五乘上时间四，"
  },
  {
    "start": 310.22,
    "end": 312.98,
    "speaker": "老师",
    "text": "它应该是小于六十八，"
  },
  {
    "start": 313.08,
    "end": 315.42,
    "speaker": "老师",
    "text": "那x满足这两个关系式。"
  },
  {
    "start": 315.42,
    "end": 316.78,
    "speaker": "老师",
    "text": "那想一想，"
  },
  {
    "start": 317.1,
    "end": 320.98,
    "speaker": "老师",
    "text": "如果说只满足他一个不等式行吗？"
  },
  {
    "start": 320.98,
    "end": 324.07,
    "speaker": "老师",
    "text": "那肯定不行，"
  },
  {
    "start": 324.07,
    "end": 325.69,
    "speaker": "老师",
    "text": "因为这两个都要满足。"
  },
  {
    "start": 325.69,
    "end": 328.98,
    "speaker": "老师",
    "text": "那未知数x同时满足一二两个条件，"
  },
  {
    "start": 328.98,
    "end": 341.64,
    "speaker": "老师",
    "text": "我们把这个一二两个不等式合在一起就组成了一元一次不等式组。"
  },
  {
    "start": 341.64,
    "end": 354.3,
    "speaker": "老师",
    "text": "记住用大括号把这两个不等式连接起来这样一起组成了一个一元一次不等式组。"
  },
  {
    "start": 354.3,
    "end": 357.82,
    "speaker": "老师",
    "text": "这里是一个一元一次不等式，"
  },
  {
    "start": 357.98,
    "end": 360.9,
    "speaker": "老师",
    "text": "这里也是一个一元一次不等式，"
  },
  {
    "start": 360.9,
    "end": 363.4,
    "speaker": "老师",
    "text": "用大括号连接起来啊，"
  },
  {
    "start": 363.4,
    "end": 368.63,
    "speaker": "老师",
    "text": "这节我们这节课所学习的就是好，"
  },
  {
    "start": 368.63,
    "end": 377.57,
    "speaker": "老师",
    "text": "那大家能不能说一说这个一元一次不等式组的定义呢？"
  },
  {
    "start": 377.57,
    "end": 381.6,
    "speaker": "老师",
    "text": "按照这刚开始我们的认认识，"
  },
  {
    "start": 381.6,
    "end": 387.16,
    "speaker": "老师",
    "text": "它应该是有几个一元一次不等式合在一起，"
  },
  {
    "start": 387.16,
    "end": 392.75,
    "speaker": "老师",
    "text": "而且都是关于同一个未知数。"
  },
  {
    "start": 392.75,
    "end": 394.93,
    "speaker": "老师",
    "text": "因为这个是一元，"
  },
  {
    "start": 394.93,
    "end": 404.01,
    "speaker": "老师",
    "text": "所以也是要求这几个一元一次不等式是同一个未知数的。"
  },
  {
    "start": 404.01,
    "end": 408.61,
    "speaker": "老师",
    "text": "一元一次不等式合在一起，"
  },
  {
    "start": 408.61,
    "end": 412.91,
    "speaker": "老师",
    "text": "我们就组成了一元一次不等式，"
  },
  {
    "start": 412.91,
    "end": 423.36,
    "speaker": "老师",
    "text": "是关于同一个未知数的几个一元、一次复诊室合在一起就组成的这个原因是不等式组。"
  },
  {
    "start": 423.46,
    "end": 431.73,
    "speaker": "老师",
    "text": "所以说把握这个概念要抓到以下三个方面。"
  },
  {
    "start": 431.73,
    "end": 436.21,
    "speaker": "老师",
    "text": "第一个几个是指两个或两个以上，"
  },
  {
    "start": 436.21,
    "end": 437.2,
    "speaker": "老师",
    "text": "同一个未知数，"
  },
  {
    "start": 438.15,
    "end": 440.67,
    "speaker": "老师",
    "text": "只有一个未知数，"
  },
  {
    "start": 441.86,
    "end": 444.74,
    "speaker": "老师",
    "text": "那否则的话就叫多元了。"
  },
  {
    "start": 444.74,
    "end": 452.72,
    "speaker": "老师",
    "text": "第三个它组成的不等式里面都是一元一次不等式。"
  },
  {
    "start": 452.72,
    "end": 457.56,
    "speaker": "老师",
    "text": "那一元一次不等式我们刚才知道，"
  },
  {
    "start": 457.56,
    "end": 459.88,
    "speaker": "老师",
    "text": "首先是一元，"
  },
  {
    "start": 459.88,
    "end": 469.73,
    "speaker": "老师",
    "text": "而且一次不等号的左右两边都是整式。"
  },
  {
    "start": 470.7,
    "end": 471.04,
    "speaker": "老师",
    "text": "好，"
  },
  {
    "start": 471.04,
    "end": 477.51,
    "speaker": "老师",
    "text": "大家说一说下列哪些是一元一次不等式组呢？"
  },
  {
    "start": 477.51,
    "end": 480.88,
    "speaker": "老师",
    "text": "哪些又不是呢？"
  },
  {
    "start": 480.88,
    "end": 482.16,
    "speaker": "老师",
    "text": "为什么？"
  },
  {
    "start": 482.24,
    "end": 482.62,
    "speaker": "老师",
    "text": "好，"
  },
  {
    "start": 482.62,
    "end": 487.5,
    "speaker": "老师",
    "text": "我们来看一第一个很好。"
  },
  {
    "start": 487.5,
    "end": 489.5,
    "speaker": "老师",
    "text": "这个不是因为这里有两个未知数，"
  },
  {
    "start": 489.5,
    "end": 490.82,
    "speaker": "老师",
    "text": "这里是要因缘不断。"
  },
  {
    "start": 490.82,
    "end": 492.79,
    "speaker": "老师",
    "text": "第二个，"
  },
  {
    "start": 492.83,
    "end": 502.34,
    "speaker": "老师",
    "text": "它就是它有三个不等式构成的多个或几个多个，"
  },
  {
    "start": 502.34,
    "end": 506.6,
    "speaker": "老师",
    "text": "而且中满不是一院一次不认识。"
  },
  {
    "start": 506.62,
    "end": 508.65,
    "speaker": "老师",
    "text": "第三个是不是呢？"
  },
  {
    "start": 508.65,
    "end": 509.03,
    "speaker": "老师",
    "text": "很好，"
  },
  {
    "start": 509.03,
    "end": 509.87,
    "speaker": "老师",
    "text": "这个不是，"
  },
  {
    "start": 509.87,
    "end": 511.52,
    "speaker": "老师",
    "text": "为什么呢？"
  },
  {
    "start": 511.52,
    "end": 512.82,
    "speaker": "老师",
    "text": "因为这第二个不等式，"
  },
  {
    "start": 512.82,
    "end": 515.42,
    "speaker": "老师",
    "text": "它不是一元一次不等式，"
  },
  {
    "start": 515.42,
    "end": 520.2,
    "speaker": "老师",
    "text": "对吧？"
  },
  {
    "start": 520.2,
    "end": 524.06,
    "speaker": "老师",
    "text": "它的不等号左边是还有二次，"
  },
  {
    "start": 524.06,
    "end": 525.3,
    "speaker": "老师",
    "text": "对吧？"
  },
  {
    "start": 525.42,
    "end": 527.47,
    "speaker": "老师",
    "text": "它不是一次，"
  },
  {
    "start": 527.47,
    "end": 534.78,
    "speaker": "老师",
    "text": "第四个就是第一个是一元一次不等式，"
  },
  {
    "start": 534.78,
    "end": 537.54,
    "speaker": "老师",
    "text": "第二个也是一元一次不等式。"
  },
  {
    "start": 537.54,
    "end": 543.68,
    "speaker": "老师",
    "text": "所以这个不等号也是这个我们所说的这个不等关系里面的括号。"
  },
  {
    "start": 543.86,
    "end": 544.18,
    "speaker": "老师",
    "text": "好，"
  },
  {
    "start": 544.18,
    "end": 548.34,
    "speaker": "老师",
    "text": "第五个第五个，"
  },
  {
    "start": 548.34,
    "end": 554.47,
    "speaker": "老师",
    "text": "大家要注意这个是为什么呢？"
  },
  {
    "start": 554.47,
    "end": 561.65,
    "speaker": "老师",
    "text": "有同学说这里没有用大括号，"
  },
  {
    "start": 561.65,
    "end": 563.35,
    "speaker": "老师",
    "text": "把它框起来，"
  },
  {
    "start": 565.34,
    "end": 574.68,
    "speaker": "老师",
    "text": "这只不过是这个不等式组的另外一种形式。"
  },
  {
    "start": 574.68,
    "end": 582.26,
    "speaker": "老师",
    "text": "它其实就是相当于这两个一元一次不等式构成的二x加一小于六，"
  },
  {
    "start": 582.26,
    "end": 585.18,
    "speaker": "老师",
    "text": "同时还要满足二x加一大一副，"
  },
  {
    "start": 585.18,
    "end": 595.54,
    "speaker": "老师",
    "text": "是不是相当于这两个一元一次不等式合在一起组成的一元一次不等式组啊，"
  },
  {
    "start": 595.54,
    "end": 600.18,
    "speaker": "老师",
    "text": "所以同学们要注意这种形式，"
  },
  {
    "start": 600.18,
    "end": 604.32,
    "speaker": "老师",
    "text": "也是一元一次不等式组。"
  },
  {
    "start": 604.32,
    "end": 610.54,
    "speaker": "老师",
    "text": "再来看一下最后一个这个是不是呢？"
  },
  {
    "start": 618.14,
    "end": 618.6,
    "speaker": "老师",
    "text": "哎，"
  },
  {
    "start": 618.6,
    "end": 620.34,
    "speaker": "老师",
    "text": "这个就不是，"
  },
  {
    "start": 620.34,
    "end": 621.82,
    "speaker": "老师",
    "text": "为什么呢？"
  },
  {
    "start": 622.36,
    "end": 626.42,
    "speaker": "老师",
    "text": "因为他第二个里面不等号的左边，"
  },
  {
    "start": 626.74,
    "end": 627.88,
    "speaker": "老师",
    "text": "他不是整式，"
  },
  {
    "start": 628.08,
    "end": 632.18,
    "speaker": "老师",
    "text": "它是分式，"
  },
  {
    "start": 632.18,
    "end": 633.45,
    "speaker": "老师",
    "text": "对吧？"
  },
  {
    "start": 633.45,
    "end": 637.75,
    "speaker": "老师",
    "text": "右边是整式四分之三x但是这边是分式，"
  },
  {
    "start": 637.75,
    "end": 639.15,
    "speaker": "老师",
    "text": "它不是整式，"
  },
  {
    "start": 639.25,
    "end": 645.45,
    "speaker": "老师",
    "text": "也就不是一元一次不等式，"
  },
  {
    "start": 645.47,
    "end": 647.91,
    "speaker": "老师",
    "text": "不是一元一次不等式，"
  },
  {
    "start": 647.91,
    "end": 649.81,
    "speaker": "老师",
    "text": "那合在一起肯定有。"
  },
  {
    "start": 649.81,
    "end": 653.71,
    "speaker": "老师",
    "text": "我是医院一次购诊室主。"
  },
  {
    "start": 653.71,
    "end": 653.85,
    "speaker": "老师",
    "text": "好，"
  },
  {
    "start": 653.85,
    "end": 663.26,
    "speaker": "老师",
    "text": "所以同学们把握这个概念，"
  },
  {
    "start": 663.44,
    "end": 666.43,
    "speaker": "老师",
    "text": "我们要抓到以下几点。"
  },
  {
    "start": 666.43,
    "end": 668.4,
    "speaker": "老师",
    "text": "第一个是一元。"
  },
  {
    "start": 669.32,
    "end": 670.56,
    "speaker": "老师",
    "text": "第二个，"
  },
  {
    "start": 670.58,
    "end": 676.32,
    "speaker": "老师",
    "text": "他们每个都是一元一次不等式才组在一起，"
  },
  {
    "start": 676.32,
    "end": 679.0,
    "speaker": "老师",
    "text": "就叫一元一次不等式组。"
  },
  {
    "start": 679.0,
    "end": 679.3,
    "speaker": "老师",
    "text": "好，"
  },
  {
    "start": 679.3,
    "end": 690.23,
    "speaker": "老师",
    "text": "回到刚才那同学们你能尝试找出符合这个一元一次不等式组的这个未知数。"
  },
  {
    "start": 690.23,
    "end": 693.88,
    "speaker": "老师",
    "text": "X的值吗？"
  },
  {
    "start": 693.88,
    "end": 694.52,
    "speaker": "老师",
    "text": "好，"
  },
  {
    "start": 694.52,
    "end": 695.34,
    "speaker": "老师",
    "text": "可以了。"
  },
  {
    "start": 695.34,
    "end": 706.6,
    "speaker": "老师",
    "text": "我们首先对这两个构成的这两个一元一次不等式分别进行化简，"
  },
  {
    "start": 706.6,
    "end": 708.53,
    "speaker": "老师",
    "text": "得到他的解集。"
  },
  {
    "start": 709.03,
    "end": 711.61,
    "speaker": "老师",
    "text": "第一个很容易把它解集，"
  },
  {
    "start": 711.61,
    "end": 713.57,
    "speaker": "老师",
    "text": "得到x大于二十。"
  },
  {
    "start": 713.59,
    "end": 715.02,
    "speaker": "老师",
    "text": "第二个，"
  },
  {
    "start": 715.02,
    "end": 721.88,
    "speaker": "老师",
    "text": "你得到它的解集x小于二十二，"
  },
  {
    "start": 721.88,
    "end": 724.93,
    "speaker": "老师",
    "text": "那这个x只能满足一个吗？"
  },
  {
    "start": 724.93,
    "end": 726.64,
    "speaker": "老师",
    "text": "显然不行，"
  },
  {
    "start": 726.64,
    "end": 729.6,
    "speaker": "老师",
    "text": "要两个都满足，"
  },
  {
    "start": 729.6,
    "end": 730.5,
    "speaker": "老师",
    "text": "表都满足，"
  },
  {
    "start": 731.59,
    "end": 737.92,
    "speaker": "老师",
    "text": "也就是应该x取这个两个解集的公共部分，"
  },
  {
    "start": 737.92,
    "end": 740.5,
    "speaker": "老师",
    "text": "既要满足x大于二十，"
  },
  {
    "start": 740.5,
    "end": 743.22,
    "speaker": "老师",
    "text": "又要满足x小压上，"
  },
  {
    "start": 743.22,
    "end": 746.83,
    "speaker": "老师",
    "text": "找出它们的公共部分，"
  },
  {
    "start": 747.07,
    "end": 751.29,
    "speaker": "老师",
    "text": "也就是他们都满足的这个未知数。"
  },
  {
    "start": 754.11,
    "end": 760.5,
    "speaker": "老师",
    "text": "那我们怎么来确定它的这两个解集的公共部分呢？"
  },
  {
    "start": 788.92,
    "end": 789.54,
    "speaker": "老师",
    "text": "哎很好，"
  },
  {
    "start": 789.56,
    "end": 792.04,
    "speaker": "老师",
    "text": "我们要通过数轴更形象直观。"
  },
  {
    "start": 792.04,
    "end": 792.26,
    "speaker": "老师",
    "text": "好，"
  },
  {
    "start": 792.26,
    "end": 795.4,
    "speaker": "老师",
    "text": "我们看一下第一个解集x大于二十，"
  },
  {
    "start": 795.4,
    "end": 799.6,
    "speaker": "老师",
    "text": "空心圆圈向右第二个解集x小于二十二，"
  },
  {
    "start": 799.6,
    "end": 802.28,
    "speaker": "老师",
    "text": "这两个都要满足，"
  },
  {
    "start": 802.36,
    "end": 806.12,
    "speaker": "老师",
    "text": "也就是它的公共部分在哪里呢？"
  },
  {
    "start": 806.12,
    "end": 817.42,
    "speaker": "老师",
    "text": "要满足公共部分在x大于二十小于二十这一部分是不是他们公共部分呢？"
  },
  {
    "start": 817.42,
    "end": 823.86,
    "speaker": "老师",
    "text": "那我们就得到这样的x它的范围是大于二十小于二十二。"
  },
  {
    "start": 823.86,
    "end": 828.45,
    "speaker": "老师",
    "text": "那从而我们就得到以下概念。"
  },
  {
    "start": 830.38,
    "end": 833.51,
    "speaker": "老师",
    "text": "第一个不等式组的解体，"
  },
  {
    "start": 833.51,
    "end": 835.65,
    "speaker": "老师",
    "text": "不等式组的解集就是值，"
  },
  {
    "start": 835.65,
    "end": 841.2,
    "speaker": "老师",
    "text": "组成它的各个不等式的解集的公共部分。"
  },
  {
    "start": 841.2,
    "end": 842.74,
    "speaker": "老师",
    "text": "第二个，"
  },
  {
    "start": 842.76,
    "end": 849.05,
    "speaker": "老师",
    "text": "求解不等式组的解集的过程就叫解不等式组。"
  },
  {
    "start": 849.75,
    "end": 853.9,
    "speaker": "老师",
    "text": "我们前面学习了一元一次不等式，"
  },
  {
    "start": 855.28,
    "end": 856.78,
    "speaker": "老师",
    "text": "它的解集的概念。"
  },
  {
    "start": 856.78,
    "end": 864.79,
    "speaker": "老师",
    "text": "现在我们进一步学到了一元一次不等式组的解集。"
  },
  {
    "start": 864.79,
    "end": 873.66,
    "speaker": "老师",
    "text": "那一元一次不等式组的解集就是指组成它各个不等式，"
  },
  {
    "start": 873.66,
    "end": 876.62,
    "speaker": "老师",
    "text": "它解集的公共部分都要满足的对吧？"
  },
  {
    "start": 876.9,
    "end": 878.48,
    "speaker": "老师",
    "text": "再一个解不等式组，"
  },
  {
    "start": 878.48,
    "end": 884.23,
    "speaker": "老师",
    "text": "也就是求不等式组的解集的过程解不等式。"
  },
  {
    "start": 884.23,
    "end": 885.19,
    "speaker": "老师",
    "text": "同学们，"
  },
  {
    "start": 885.19,
    "end": 887.25,
    "speaker": "老师",
    "text": "下面我们来看一下这个例题，"
  },
  {
    "start": 887.51,
    "end": 889.89,
    "speaker": "老师",
    "text": "这里需要解不等式组。"
  },
  {
    "start": 889.89,
    "end": 898.41,
    "speaker": "老师",
    "text": "那我们根据解不等式组的定义是要求到不等式组的解集。"
  },
  {
    "start": 898.41,
    "end": 899.99,
    "speaker": "老师",
    "text": "那求不等式组的解集。"
  },
  {
    "start": 899.99,
    "end": 912.12,
    "speaker": "老师",
    "text": "那首先我们要解出它组成的每一个不等式组不等式的解集。"
  },
  {
    "start": 912.48,
    "end": 918.55,
    "speaker": "老师",
    "text": "那我们首先用序号一二，"
  },
  {
    "start": 918.55,
    "end": 922.41,
    "speaker": "老师",
    "text": "把这两个不等式区别开来，"
  },
  {
    "start": 922.41,
    "end": 926.94,
    "speaker": "老师",
    "text": "首先解出第一个不等式。"
  },
  {
    "start": 926.94,
    "end": 937.04,
    "speaker": "老师",
    "text": "那通过一项我们知道三x大于负一在系数化为一x大于三分之一。"
  },
  {
    "start": 937.86,
    "end": 939.88,
    "speaker": "老师",
    "text": "在我们还要解到第二个不等式，"
  },
  {
    "start": 941.21,
    "end": 945.56,
    "speaker": "老师",
    "text": "那解不等式二得到x小于六啊，"
  },
  {
    "start": 945.56,
    "end": 950.98,
    "speaker": "老师",
    "text": "我们只这两个都解完了之后，"
  },
  {
    "start": 950.98,
    "end": 955.07,
    "speaker": "老师",
    "text": "要得到它的公共部分，"
  },
  {
    "start": 955.07,
    "end": 959.5,
    "speaker": "老师",
    "text": "才是这个不等式组的解集。"
  },
  {
    "start": 959.58,
    "end": 964.76,
    "speaker": "老师",
    "text": "大家注意在这里我们在解每一个不等式的时候，"
  },
  {
    "start": 964.84,
    "end": 971.38,
    "speaker": "老师",
    "text": "它的解答过程就不需要那么多了。"
  },
  {
    "start": 971.38,
    "end": 986.45,
    "speaker": "老师",
    "text": "只要在草稿纸上进行这里我们只要写解不等式，"
  },
  {
    "start": 986.51,
    "end": 990.67,
    "speaker": "老师",
    "text": "一得解不等于二的。"
  },
  {
    "start": 990.87,
    "end": 991.25,
    "speaker": "老师",
    "text": "好，"
  },
  {
    "start": 991.25,
    "end": 1002.81,
    "speaker": "老师",
    "text": "接下来找它们的公共部分在同一个数轴上表示出这两个不等式的解集x大于三分之一。"
  },
  {
    "start": 1002.81,
    "end": 1005.07,
    "speaker": "老师",
    "text": "这空心圆圈向右x小于六，"
  },
  {
    "start": 1005.07,
    "end": 1006.91,
    "speaker": "老师",
    "text": "也是空心圆圈向左。"
  },
  {
    "start": 1006.91,
    "end": 1018.69,
    "speaker": "老师",
    "text": "那什么时候是实心圆点呢？"
  },
  {
    "start": 1018.69,
    "end": 1019.03,
    "speaker": "老师",
    "text": "嗯，"
  },
  {
    "start": 1019.03,
    "end": 1030.53,
    "speaker": "老师",
    "text": "当它具有等号的时候，"
  },
  {
    "start": 1030.55,
    "end": 1034.26,
    "speaker": "老师",
    "text": "这里就是实心原点，"
  },
  {
    "start": 1039.54,
    "end": 1040.72,
    "speaker": "老师",
    "text": "这两个都没有等号，"
  },
  {
    "start": 1040.72,
    "end": 1044.98,
    "speaker": "老师",
    "text": "所以都是空心圆圈，"
  },
  {
    "start": 1045.32,
    "end": 1046.38,
    "speaker": "老师",
    "text": "注意方向。"
  },
  {
    "start": 1046.38,
    "end": 1046.92,
    "speaker": "老师",
    "text": "好，"
  },
  {
    "start": 1058.3,
    "end": 1064.84,
    "speaker": "老师",
    "text": "我们来看一下公共部分在哪里。"
  },
  {
    "start": 1064.86,
    "end": 1065.14,
    "speaker": "老师",
    "text": "哎，"
  },
  {
    "start": 1065.14,
    "end": 1066.32,
    "speaker": "老师",
    "text": "很好，"
  },
  {
    "start": 1066.32,
    "end": 1069.18,
    "speaker": "老师",
    "text": "要满的大于乘零，"
  },
  {
    "start": 1069.18,
    "end": 1071.36,
    "speaker": "老师",
    "text": "不满足代六。"
  },
  {
    "start": 1071.66,
    "end": 1075.22,
    "speaker": "老师",
    "text": "在这里看一下公共部分，"
  },
  {
    "start": 1075.22,
    "end": 1075.5,
    "speaker": "老师",
    "text": "哎，"
  },
  {
    "start": 1075.5,
    "end": 1079.06,
    "speaker": "老师",
    "text": "就是在三分之一到六，"
  },
  {
    "start": 1079.06,
    "end": 1080.06,
    "speaker": "老师",
    "text": "这是他的公共吗？"
  },
  {
    "start": 1080.06,
    "end": 1086.98,
    "speaker": "老师",
    "text": "那我们从而得到不等式组的解集就可以下结论，"
  },
  {
    "start": 1089.05,
    "end": 1094.25,
    "speaker": "老师",
    "text": "x大于三分之一小于六。"
  },
  {
    "start": 1094.27,
    "end": 1094.61,
    "speaker": "老师",
    "text": "好，"
  },
  {
    "start": 1094.61,
    "end": 1096.37,
    "speaker": "老师",
    "text": "通过这个例题，"
  },
  {
    "start": 1096.37,
    "end": 1101.5,
    "speaker": "老师",
    "text": "我们再来总结一下解不等式组。"
  },
  {
    "start": 1101.5,
    "end": 1104.52,
    "speaker": "老师",
    "text": "他的解辑过程有哪些呢？"
  },
  {
    "start": 1104.52,
    "end": 1104.72,
    "speaker": "老师",
    "text": "好，"
  },
  {
    "start": 1104.72,
    "end": 1105.28,
    "speaker": "老师",
    "text": "很好，"
  },
  {
    "start": 1105.5,
    "end": 1106.93,
    "speaker": "老师",
    "text": "有三步。"
  },
  {
    "start": 1106.93,
    "end": 1107.33,
    "speaker": "老师",
    "text": "第一步，"
  },
  {
    "start": 1107.33,
    "end": 1113.54,
    "speaker": "老师",
    "text": "分别解除不等式组中各个不等式的解集。"
  },
  {
    "start": 1113.54,
    "end": 1114.54,
    "speaker": "老师",
    "text": "第二步，"
  },
  {
    "start": 1114.54,
    "end": 1119.62,
    "speaker": "老师",
    "text": "再利用数轴找出它们的公共部分。"
  },
  {
    "start": 1119.62,
    "end": 1121.44,
    "speaker": "老师",
    "text": "第三步，"
  },
  {
    "start": 1121.44,
    "end": 1121.96,
    "speaker": "老师",
    "text": "再下结论。"
  },
  {
    "start": 1121.96,
    "end": 1130.07,
    "speaker": "老师",
    "text": "根据它的公共部分写出这个不等式组的解集，"
  },
  {
    "start": 1130.07,
    "end": 1137.96,
    "speaker": "老师",
    "text": "所以我们就把不等式组的解集求出来减一元一次不等式嗯的步骤，"
  },
  {
    "start": 1137.96,
    "end": 1138.6,
    "speaker": "老师",
    "text": "有三步，"
  },
  {
    "start": 1138.6,
    "end": 1141.16,
    "speaker": "老师",
    "text": "这里我就省一点。"
  },
  {
    "start": 1141.16,
    "end": 1141.61,
    "speaker": "老师",
    "text": "好，"
  },
  {
    "start": 1143.38,
    "end": 1147.34,
    "speaker": "老师",
    "text": "下面我们再来看一下这两个练习。"
  },
  {
    "start": 1148.28,
    "end": 1152.35,
    "speaker": "老师",
    "text": "大家先可以动笔做一做好。"
  },
  {
    "start": 1152.35,
    "end": 1153.93,
    "speaker": "老师",
    "text": "我们来首先看一下，"
  },
  {
    "start": 1153.93,
    "end": 1157.42,
    "speaker": "老师",
    "text": "第一个把每个不等式进行标上序号，"
  },
  {
    "start": 1157.42,
    "end": 1161.76,
    "speaker": "老师",
    "text": "那我们解解不等式一得到x大于二分之一，"
  },
  {
    "start": 1161.76,
    "end": 1166.2,
    "speaker": "老师",
    "text": "那解不等式二得到x小于三。"
  },
  {
    "start": 1166.2,
    "end": 1169.42,
    "speaker": "老师",
    "text": "然后我们在同一个数轴上，"
  },
  {
    "start": 1169.42,
    "end": 1173.58,
    "speaker": "老师",
    "text": "把这两个解集表示出来。"
  },
  {
    "start": 1173.64,
    "end": 1180.15,
    "speaker": "老师",
    "text": "大压分机空心圆圈向右小于三，"
  },
  {
    "start": 1180.77,
    "end": 1181.93,
    "speaker": "老师",
    "text": "空心圆圈向左，"
  },
  {
    "start": 1182.35,
    "end": 1185.95,
    "speaker": "老师",
    "text": "这个公共部分就在二分之一到三之间。"
  },
  {
    "start": 1185.95,
    "end": 1194.84,
    "speaker": "老师",
    "text": "所以我们就下决了原不等式组的解集就为x大于二分之一小于三。"
  },
  {
    "start": 1194.84,
    "end": 1197.85,
    "speaker": "老师",
    "text": "所以这里还是三步。"
  },
  {
    "start": 1197.85,
    "end": 1203.9,
    "speaker": "老师",
    "text": "第一步把每一个不等式解出来，"
  },
  {
    "start": 1203.9,
    "end": 1206.4,
    "speaker": "老师",
    "text": "第二步，"
  },
  {
    "start": 1206.4,
    "end": 1211.31,
    "speaker": "老师",
    "text": "在数轴上找到他们的公共部门。"
  },
  {
    "start": 1211.31,
    "end": 1211.93,
    "speaker": "老师",
    "text": "第三步，"
  },
  {
    "start": 1211.93,
    "end": 1215.91,
    "speaker": "老师",
    "text": "下结论值得注意的说明的是，"
  },
  {
    "start": 1215.95,
    "end": 1226.86,
    "speaker": "老师",
    "text": "为了说明方便我们把每个不等式标上序号。"
  },
  {
    "start": 1227.22,
    "end": 1228.48,
    "speaker": "老师",
    "text": "第二步，"
  },
  {
    "start": 1228.48,
    "end": 1233.1,
    "speaker": "老师",
    "text": "我们在解每个不等式的过程当中，"
  },
  {
    "start": 1233.1,
    "end": 1238.7,
    "speaker": "老师",
    "text": "过程不需要写写进来，"
  },
  {
    "start": 1240.42,
    "end": 1243.71,
    "speaker": "老师",
    "text": "只要在草稿纸上操作，"
  },
  {
    "start": 1243.71,
    "end": 1247.08,
    "speaker": "老师",
    "text": "把最后的结论写上去。"
  },
  {
    "start": 1247.08,
    "end": 1253.2,
    "speaker": "老师",
    "text": "再再描述这个画数轴的时候，"
  },
  {
    "start": 1253.2,
    "end": 1254.92,
    "speaker": "老师",
    "text": "要注意这个原点，"
  },
  {
    "start": 1254.92,
    "end": 1256.02,
    "speaker": "老师",
    "text": "正方向单位长度，"
  },
  {
    "start": 1256.02,
    "end": 1260.81,
    "speaker": "老师",
    "text": "最后不要忘了下结论，"
  },
  {
    "start": 1260.81,
    "end": 1265.21,
    "speaker": "老师",
    "text": "因为我们是解不等式组解不能进足，"
  },
  {
    "start": 1265.21,
    "end": 1266.35,
    "speaker": "老师",
    "text": "所以要下跌。"
  },
  {
    "start": 1266.35,
    "end": 1266.63,
    "speaker": "老师",
    "text": "好，"
  },
  {
    "start": 1266.63,
    "end": 1273.04,
    "speaker": "老师",
    "text": "我们来再来看看第二个标上序号一啊，"
  },
  {
    "start": 1273.04,
    "end": 1279.1,
    "speaker": "老师",
    "text": "那解不等式一得到这里只要通过一项x大于一，"
  },
  {
    "start": 1279.1,
    "end": 1286.53,
    "speaker": "老师",
    "text": "那解不等式二得到先移项三x小于七，"
  },
  {
    "start": 1286.53,
    "end": 1289.31,
    "speaker": "老师",
    "text": "在系数化为一x小于三分之七。"
  },
  {
    "start": 1289.31,
    "end": 1294.46,
    "speaker": "老师",
    "text": "当然这个是比较简单是吧？"
  },
  {
    "start": 1294.46,
    "end": 1296.82,
    "speaker": "老师",
    "text": "那如果说碰到复杂的时候，"
  },
  {
    "start": 1296.92,
    "end": 1299.68,
    "speaker": "老师",
    "text": "我们一定要在考核纸上先运算，"
  },
  {
    "start": 1301.52,
    "end": 1305.19,
    "speaker": "老师",
    "text": "运算完了之后再得到这个解集。"
  },
  {
    "start": 1305.19,
    "end": 1305.73,
    "speaker": "老师",
    "text": "第二步，"
  },
  {
    "start": 1305.73,
    "end": 1313.79,
    "speaker": "老师",
    "text": "在同一个数轴上表示出它们的解集x大于一，"
  },
  {
    "start": 1313.79,
    "end": 1316.36,
    "speaker": "老师",
    "text": "x小于三分之七，"
  },
  {
    "start": 1316.36,
    "end": 1320.55,
    "speaker": "老师",
    "text": "垂直三分之七是在二的右边好，"
  },
  {
    "start": 1321.2,
    "end": 1324.95,
    "speaker": "老师",
    "text": "就得到它的公共部分，"
  },
  {
    "start": 1324.95,
    "end": 1326.35,
    "speaker": "老师",
    "text": "最后下结论。"
  },
  {
    "start": 1326.35,
    "end": 1332.19,
    "speaker": "老师",
    "text": "原不等式组的解集为x大于小于三好。"
  },
  {
    "start": 1332.19,
    "end": 1334.53,
    "speaker": "老师",
    "text": "同学们，"
  },
  {
    "start": 1334.61,
    "end": 1338.32,
    "speaker": "老师",
    "text": "通过这样的练习，"
  },
  {
    "start": 1338.32,
    "end": 1352.81,
    "speaker": "老师",
    "text": "我们对解不等式组这个步骤三步是不是熟练呢？"
  },
  {
    "start": 1352.81,
    "end": 1359.74,
    "speaker": "老师",
    "text": "下面我们再来想一想，"
  },
  {
    "start": 1359.74,
    "end": 1362.66,
    "speaker": "老师",
    "text": "根据这个解集在数轴上的路图，"
  },
  {
    "start": 1362.66,
    "end": 1372.31,
    "speaker": "老师",
    "text": "你能说出它的解集是什么？"
  },
  {
    "start": 1372.31,
    "end": 1378.05,
    "speaker": "老师",
    "text": "这不等式组的结级好，"
  },
  {
    "start": 1378.79,
    "end": 1391.52,
    "speaker": "老师",
    "text": "第一个这个不等式组的解集的公共部分就是大于负一小于，"
  },
  {
    "start": 1393.95,
    "end": 1395.41,
    "speaker": "老师",
    "text": "所以这里都是空心，"
  },
  {
    "start": 1395.41,
    "end": 1397.96,
    "speaker": "老师",
    "text": "这是公共部分。"
  },
  {
    "start": 1397.96,
    "end": 1415.53,
    "speaker": "老师",
    "text": "所以它的解集这个不等式组的解集就是x大于负一小于，"
  },
  {
    "start": 1415.53,
    "end": 1416.63,
    "speaker": "老师",
    "text": "再来看第二个。"
  },
  {
    "start": 1416.63,
    "end": 1431.99,
    "speaker": "老师",
    "text": "首先找出它的公共部分带来一下，"
  },
  {
    "start": 1431.99,
    "end": 1442.72,
    "speaker": "老师",
    "text": "觉得那它的公共部分是x要满足这一部分，"
  },
  {
    "start": 1442.72,
    "end": 1449.68,
    "speaker": "老师",
    "text": "要满足这部分它的公共部分是不是x小于负一啊，"
  },
  {
    "start": 1457.05,
    "end": 1459.77,
    "speaker": "老师",
    "text": "是不是在这里很好？"
  },
  {
    "start": 1459.77,
    "end": 1466.94,
    "speaker": "老师",
    "text": "那我们再下结论它的解集，"
  },
  {
    "start": 1466.96,
    "end": 1475.6,
    "speaker": "老师",
    "text": "就是不等式组的解集，"
  },
  {
    "start": 1475.6,
    "end": 1480.05,
    "speaker": "老师",
    "text": "就是x小于负。"
  },
  {
    "start": 1481.13,
    "end": 1488.22,
    "speaker": "老师",
    "text": "一再来看第三个这两个解集有没有公布过，"
  },
  {
    "start": 1489.43,
    "end": 1494.14,
    "speaker": "老师",
    "text": "大家很显然他没有公共部分，"
  },
  {
    "start": 1494.14,
    "end": 1494.6,
    "speaker": "老师",
    "text": "对吧？"
  },
  {
    "start": 1495.9,
    "end": 1504.38,
    "speaker": "老师",
    "text": "那我们呢怎么办呢？"
  },
  {
    "start": 1507.14,
    "end": 1509.16,
    "speaker": "老师",
    "text": "没有公共部分，"
  },
  {
    "start": 1512.94,
    "end": 1515.78,
    "speaker": "老师",
    "text": "也就是一不等式组，"
  },
  {
    "start": 1515.78,
    "end": 1517.12,
    "speaker": "老师",
    "text": "它的解集是无解，"
  },
  {
    "start": 1517.12,
    "end": 1519.23,
    "speaker": "老师",
    "text": "也不能这种无解。"
  },
  {
    "start": 1519.23,
    "end": 1527.23,
    "speaker": "老师",
    "text": "没有公共部问就叫无解。"
  },
  {
    "start": 1527.23,
    "end": 1530.59,
    "speaker": "老师",
    "text": "再来看最后一个，"
  },
  {
    "start": 1530.59,
    "end": 1533.89,
    "speaker": "老师",
    "text": "这里公共部分在哪里呢？"
  },
  {
    "start": 1535.29,
    "end": 1536.95,
    "speaker": "老师",
    "text": "是不在x大于二呀，"
  },
  {
    "start": 1536.95,
    "end": 1541.64,
    "speaker": "老师",
    "text": "所以不等式组的解集就是x大于二。"
  },
  {
    "start": 1542.39,
    "end": 1542.77,
    "speaker": "老师",
    "text": "好，"
  },
  {
    "start": 1543.11,
    "end": 1545.71,
    "speaker": "老师",
    "text": "我们再来看一下几个选择题。"
  },
  {
    "start": 1545.71,
    "end": 1548.92,
    "speaker": "老师",
    "text": "第一个，"
  },
  {
    "start": 1548.92,
    "end": 1564.41,
    "speaker": "老师",
    "text": "那我们知道确定它的公共部分要利用数轴，"
  },
  {
    "start": 1564.41,
    "end": 1566.59,
    "speaker": "老师",
    "text": "我们来借助于数轴，"
  },
  {
    "start": 1566.59,
    "end": 1570.54,
    "speaker": "老师",
    "text": "x大于等于负一，"
  },
  {
    "start": 1570.54,
    "end": 1578.9,
    "speaker": "老师",
    "text": "实心原点向右i的向右还有x大于等于二，"
  },
  {
    "start": 1578.9,
    "end": 1583.57,
    "speaker": "老师",
    "text": "也是实心原点向右把原点标一下。"
  },
  {
    "start": 1583.57,
    "end": 1584.07,
    "speaker": "老师",
    "text": "好，"
  },
  {
    "start": 1584.07,
    "end": 1590.28,
    "speaker": "老师",
    "text": "我们先来找出它的公共部分，"
  },
  {
    "start": 1590.28,
    "end": 1602.28,
    "speaker": "老师",
    "text": "公共部门是不是就是x大于点幺呀？"
  },
  {
    "start": 1602.28,
    "end": 1603.86,
    "speaker": "老师",
    "text": "再来看第二个，"
  },
  {
    "start": 1603.86,
    "end": 1606.75,
    "speaker": "老师",
    "text": "我们同样为了形象，"
  },
  {
    "start": 1606.75,
    "end": 1610.02,
    "speaker": "老师",
    "text": "直观借助于数轴，"
  },
  {
    "start": 1610.02,
    "end": 1612.29,
    "speaker": "老师",
    "text": "x小于负一空心圆圈，"
  },
  {
    "start": 1612.92,
    "end": 1625.77,
    "speaker": "老师",
    "text": "想要也是空军人员都是向左。"
  },
  {
    "start": 1627.98,
    "end": 1632.08,
    "speaker": "老师",
    "text": "那找出它的公共部分是不是在这里哎呀，"
  },
  {
    "start": 1632.26,
    "end": 1633.41,
    "speaker": "老师",
    "text": "很好，"
  },
  {
    "start": 1635.53,
    "end": 1640.34,
    "speaker": "老师",
    "text": "所以它的公共部分就是x小于负。"
  },
  {
    "start": 1640.34,
    "end": 1643.54,
    "speaker": "老师",
    "text": "一再来看，"
  },
  {
    "start": 1646.13,
    "end": 1655.04,
    "speaker": "老师",
    "text": "第三个借助于数轴，"
  },
  {
    "start": 1655.04,
    "end": 1666.35,
    "speaker": "老师",
    "text": "找出它的公共部分大于等于负一，"
  },
  {
    "start": 1667.04,
    "end": 1670.8,
    "speaker": "老师",
    "text": "小鸭大于等于向右的实心。"
  },
  {
    "start": 1670.8,
    "end": 1671.98,
    "speaker": "老师",
    "text": "小优向左来看，"
  },
  {
    "start": 1671.98,
    "end": 1676.42,
    "speaker": "老师",
    "text": "公共部分是不是在负一到二之间呢？"
  },
  {
    "start": 1676.42,
    "end": 1676.66,
    "speaker": "老师",
    "text": "对，"
  },
  {
    "start": 1676.66,
    "end": 1680.76,
    "speaker": "老师",
    "text": "大于等于负一，"
  },
  {
    "start": 1680.76,
    "end": 1692.95,
    "speaker": "老师",
    "text": "小于二再看最后一个借读一苏州小于负一向左大于等于二，"
  },
  {
    "start": 1692.95,
    "end": 1697.15,
    "speaker": "老师",
    "text": "向右实心。"
  },
  {
    "start": 1697.15,
    "end": 1702.6,
    "speaker": "老师",
    "text": "大家看他有没有公布部分呢？"
  },
  {
    "start": 1703.8,
    "end": 1704.46,
    "speaker": "老师",
    "text": "没有啊，"
  },
  {
    "start": 1704.46,
    "end": 1704.9,
    "speaker": "老师",
    "text": "没有，"
  },
  {
    "start": 1704.9,
    "end": 1707.15,
    "speaker": "老师",
    "text": "我们就怎样了无解，"
  },
  {
    "start": 1707.15,
    "end": 1707.49,
    "speaker": "老师",
    "text": "没有，"
  },
  {
    "start": 1707.49,
    "end": 1712.34,
    "speaker": "老师",
    "text": "就是无解。"
  },
  {
    "start": 1712.64,
    "end": 1720.43,
    "speaker": "老师",
    "text": "再来看下面两批。"
  },
  {
    "start": 1720.43,
    "end": 1721.15,
    "speaker": "老师",
    "text": "第一个，"
  },
  {
    "start": 1721.15,
    "end": 1725.15,
    "speaker": "老师",
    "text": "我们要把两个不等式都求出它的解集。"
  },
  {
    "start": 1725.15,
    "end": 1727.07,
    "speaker": "老师",
    "text": "第一个是x大于负二，"
  },
  {
    "start": 1727.07,
    "end": 1729.92,
    "speaker": "老师",
    "text": "x大于负二是向右空心，"
  },
  {
    "start": 1730.99,
    "end": 1731.39,
    "speaker": "老师",
    "text": "对吧？"
  },
  {
    "start": 1731.39,
    "end": 1737.85,
    "speaker": "老师",
    "text": "第二个是x大于等于一，"
  },
  {
    "start": 1737.85,
    "end": 1740.88,
    "speaker": "老师",
    "text": "也是向右实心，"
  },
  {
    "start": 1741.88,
    "end": 1744.89,
    "speaker": "老师",
    "text": "那我们很容易得到，"
  },
  {
    "start": 1744.89,
    "end": 1747.58,
    "speaker": "老师",
    "text": "是不是选c呀？"
  },
  {
    "start": 1747.64,
    "end": 1753.64,
    "speaker": "老师",
    "text": "带下面一瓶解集是x小于负四的，"
  },
  {
    "start": 1753.64,
    "end": 1760.3,
    "speaker": "老师",
    "text": "选哪一个呢？"
  },
  {
    "start": 1760.3,
    "end": 1764.39,
    "speaker": "老师",
    "text": "那我们同样得到用数轴把它的解析找出来，"
  },
  {
    "start": 1764.39,
    "end": 1767.18,
    "speaker": "老师",
    "text": "最后找它的公共部分。"
  },
  {
    "start": 1767.18,
    "end": 1772.18,
    "speaker": "老师",
    "text": "这个上面第一个可以得到x大于五，"
  },
  {
    "start": 1772.18,
    "end": 1774.86,
    "speaker": "老师",
    "text": "第二个得到负四，"
  },
  {
    "start": 1774.86,
    "end": 1787.81,
    "speaker": "老师",
    "text": "x大于负四也是空心好大于五，"
  },
  {
    "start": 1787.81,
    "end": 1789.47,
    "speaker": "老师",
    "text": "八一负四。"
  },
  {
    "start": 1789.47,
    "end": 1795.4,
    "speaker": "老师",
    "text": "所以我们得到的这个公共部分是不是x大于五啊，"
  },
  {
    "start": 1795.68,
    "end": 1798.62,
    "speaker": "老师",
    "text": "那我们这个就不符合第一，"
  },
  {
    "start": 1798.64,
    "end": 1800.42,
    "speaker": "老师",
    "text": "再看第二个，"
  },
  {
    "start": 1801.12,
    "end": 1802.06,
    "speaker": "老师",
    "text": "x小于五，"
  },
  {
    "start": 1802.42,
    "end": 1803.56,
    "speaker": "老师",
    "text": "x小于负四，"
  },
  {
    "start": 1803.56,
    "end": 1805.29,
    "speaker": "老师",
    "text": "小鱼向左，"
  },
  {
    "start": 1805.29,
    "end": 1808.55,
    "speaker": "老师",
    "text": "那公共部分是不是在这里啊？"
  },
  {
    "start": 1808.59,
    "end": 1808.91,
    "speaker": "老师",
    "text": "哎，"
  },
  {
    "start": 1808.91,
    "end": 1812.8,
    "speaker": "老师",
    "text": "公共就就小于负四，"
  },
  {
    "start": 1812.8,
    "end": 1815.16,
    "speaker": "老师",
    "text": "小于负四的话就是满足题。"
  },
  {
    "start": 1815.16,
    "end": 1818.82,
    "speaker": "老师",
    "text": "再看第三个x小于五，"
  },
  {
    "start": 1818.82,
    "end": 1823.22,
    "speaker": "老师",
    "text": "x大于负四，"
  },
  {
    "start": 1823.22,
    "end": 1831.14,
    "speaker": "老师",
    "text": "那他的公共部分是不是在负四到五？"
  },
  {
    "start": 1831.52,
    "end": 1832.28,
    "speaker": "老师",
    "text": "对同学们，"
  },
  {
    "start": 1832.28,
    "end": 1841.89,
    "speaker": "老师",
    "text": "我们在求它的不等式组的解集过程当中，"
  },
  {
    "start": 1841.89,
    "end": 1851.05,
    "speaker": "老师",
    "text": "都是要借助于数轴形象，"
  },
  {
    "start": 1851.05,
    "end": 1855.4,
    "speaker": "老师",
    "text": "直观在容易找到它的公共部分。"
  },
  {
    "start": 1856.32,
    "end": 1864.62,
    "speaker": "老师",
    "text": "最后我们来思考一下，"
  },
  {
    "start": 1864.62,
    "end": 1865.76,
    "speaker": "老师",
    "text": "这样的屏幕，"
  },
  {
    "start": 1865.76,
    "end": 1871.8,
    "speaker": "老师",
    "text": "这里是含有一个字母a要求a的取值范围。"
  },
  {
    "start": 1871.8,
    "end": 1883.45,
    "speaker": "老师",
    "text": "那我们这里首先也应该是借助于数轴来找他的公共部门，"
  },
  {
    "start": 1883.45,
    "end": 1885.68,
    "speaker": "老师",
    "text": "再根据题意得出来a的范围。"
  },
  {
    "start": 1885.68,
    "end": 1885.84,
    "speaker": "老师",
    "text": "好，"
  },
  {
    "start": 1885.84,
    "end": 1893.19,
    "speaker": "老师",
    "text": "能看到第一个它的解集不等式组的解集告诉了x大于三。"
  },
  {
    "start": 1893.19,
    "end": 1906.84,
    "speaker": "老师",
    "text": "那我们同样根据这个不等式组的解集的概念是它们的公每个不等式姐姐的公母比一个x大于三啊，"
  },
  {
    "start": 1906.84,
    "end": 1910.18,
    "speaker": "老师",
    "text": "这里原点x大于三向右空心。"
  },
  {
    "start": 1910.18,
    "end": 1914.72,
    "speaker": "老师",
    "text": "再来我们看x大于a这个a应该在哪里呢？"
  },
  {
    "start": 1914.78,
    "end": 1929.98,
    "speaker": "老师",
    "text": "如果a在三的右边我们来看一下。"
  },
  {
    "start": 1929.98,
    "end": 1935.63,
    "speaker": "老师",
    "text": "那我们得到它的公布部分是不是解集？"
  },
  {
    "start": 1937.05,
    "end": 1939.23,
    "speaker": "老师",
    "text": "就是x大于a那显然不符合题意，"
  },
  {
    "start": 1939.23,
    "end": 1956.81,
    "speaker": "老师",
    "text": "这就需要x大于三好。"
  },
  {
    "start": 1956.81,
    "end": 1957.75,
    "speaker": "老师",
    "text": "大家看一下，"
  },
  {
    "start": 1957.75,
    "end": 1960.87,
    "speaker": "老师",
    "text": "如果说在左边在上面左边，"
  },
  {
    "start": 1960.87,
    "end": 1962.9,
    "speaker": "老师",
    "text": "在山的左边，"
  },
  {
    "start": 1963.16,
    "end": 1965.95,
    "speaker": "老师",
    "text": "那公共部分是什么呢？"
  },
  {
    "start": 1965.95,
    "end": 1968.64,
    "speaker": "老师",
    "text": "大于三大于是不是大于三呢？"
  },
  {
    "start": 1968.64,
    "end": 1972.91,
    "speaker": "老师",
    "text": "这种情况是不是可以？"
  },
  {
    "start": 1972.91,
    "end": 1977.94,
    "speaker": "老师",
    "text": "那我们在分讨论的时候，"
  },
  {
    "start": 1977.94,
    "end": 1987.64,
    "speaker": "老师",
    "text": "除了在三的右边，"
  },
  {
    "start": 1987.86,
    "end": 1994.25,
    "speaker": "老师",
    "text": "左边还可能在三这个地方。"
  },
  {
    "start": 1994.41,
    "end": 1995.95,
    "speaker": "老师",
    "text": "如果a刚好是在三，"
  },
  {
    "start": 1995.95,
    "end": 2004.7,
    "speaker": "老师",
    "text": "那公共部分是不是也是x大于算了，"
  },
  {
    "start": 2005.02,
    "end": 2008.87,
    "speaker": "老师",
    "text": "哭这边刚好是三就都是大于三呢？"
  },
  {
    "start": 2009.76,
    "end": 2013.44,
    "speaker": "老师",
    "text": "所以我们得到这个a的范围就应该是小于等于三。"
  },
  {
    "start": 2013.84,
    "end": 2015.34,
    "speaker": "老师",
    "text": "再来看第二个，"
  },
  {
    "start": 2015.34,
    "end": 2023.3,
    "speaker": "老师",
    "text": "如果这个不等式组它有解m的范围，"
  },
  {
    "start": 2023.3,
    "end": 2027.66,
    "speaker": "老师",
    "text": "这也是含有字母m我们同样要借助数轴。"
  },
  {
    "start": 2027.66,
    "end": 2030.67,
    "speaker": "老师",
    "text": "首先x小于等于二在哪里呢？"
  },
  {
    "start": 2031.41,
    "end": 2032.25,
    "speaker": "老师",
    "text": "小一点啊，"
  },
  {
    "start": 2032.25,
    "end": 2032.55,
    "speaker": "老师",
    "text": "向左，"
  },
  {
    "start": 2032.55,
    "end": 2038.24,
    "speaker": "老师",
    "text": "那大于等于m我们来看一下m如果说在二的右边，"
  },
  {
    "start": 2038.24,
    "end": 2040.34,
    "speaker": "老师",
    "text": "大家看它有没有公共部分呢？"
  },
  {
    "start": 2040.34,
    "end": 2041.27,
    "speaker": "老师",
    "text": "没有没有，"
  },
  {
    "start": 2042.03,
    "end": 2042.73,
    "speaker": "老师",
    "text": "就是无解，"
  },
  {
    "start": 2042.73,
    "end": 2045.69,
    "speaker": "老师",
    "text": "就不符合题意。"
  },
  {
    "start": 2045.69,
    "end": 2063.23,
    "speaker": "老师",
    "text": "所以我们再来看看m这类，"
  },
  {
    "start": 2063.23,
    "end": 2067.23,
    "speaker": "老师",
    "text": "它的左边的话，"
  },
  {
    "start": 2067.23,
    "end": 2070.31,
    "speaker": "老师",
    "text": "这个大于m小于二，"
  },
  {
    "start": 2070.31,
    "end": 2072.61,
    "speaker": "老师",
    "text": "这是不是就是它的公母呢？"
  },
  {
    "start": 2072.61,
    "end": 2076.59,
    "speaker": "老师",
    "text": "这样是不是有解好在左边右边，"
  },
  {
    "start": 2076.59,
    "end": 2080.78,
    "speaker": "老师",
    "text": "还有可能在啊在二这个地方，"
  },
  {
    "start": 2080.78,
    "end": 2083.18,
    "speaker": "老师",
    "text": "在二这个地方的话，"
  },
  {
    "start": 2083.18,
    "end": 2090.56,
    "speaker": "老师",
    "text": "我们来看一下大于等于二小一等于二。"
  },
  {
    "start": 2090.56,
    "end": 2093.06,
    "speaker": "老师",
    "text": "如果这个m五刚好是二，"
  },
  {
    "start": 2093.06,
    "end": 2102.41,
    "speaker": "老师",
    "text": "那它有没有解大于等于二，"
  },
  {
    "start": 2103.3,
    "end": 2104.32,
    "speaker": "老师",
    "text": "小于等于二，"
  },
  {
    "start": 2104.32,
    "end": 2108.82,
    "speaker": "老师",
    "text": "它的公共部分有一个啊，"
  },
  {
    "start": 2108.82,
    "end": 2111.14,
    "speaker": "老师",
    "text": "所以也可以也可以，"
  },
  {
    "start": 2111.14,
    "end": 2115.9,
    "speaker": "老师",
    "text": "所以这个m就应该是小于等于二。"
  },
  {
    "start": 2115.9,
    "end": 2116.32,
    "speaker": "老师",
    "text": "好，"
  },
  {
    "start": 2116.64,
    "end": 2124.63,
    "speaker": "老师",
    "text": "我们再来看第三个这个解集当中有五个整数解求字母a的取值范围。"
  },
  {
    "start": 2124.63,
    "end": 2129.83,
    "speaker": "老师",
    "text": "那这样的题目我们还是要借助于数轴大于二，"
  },
  {
    "start": 2129.83,
    "end": 2134.21,
    "speaker": "老师",
    "text": "然后小于a大家看一下这个a应该在哪里啊？"
  },
  {
    "start": 2134.21,
    "end": 2140.04,
    "speaker": "老师",
    "text": "A户在它的左边他肯定是没有解，"
  },
  {
    "start": 2140.04,
    "end": 2147.42,
    "speaker": "老师",
    "text": "那a要在r的右边是不是才有解啊？"
  },
  {
    "start": 2147.5,
    "end": 2148.14,
    "speaker": "老师",
    "text": "不仅有解，"
  },
  {
    "start": 2148.14,
    "end": 2149.78,
    "speaker": "老师",
    "text": "它还要有五个整数解。"
  },
  {
    "start": 2149.78,
    "end": 2154.47,
    "speaker": "老师",
    "text": "那我们来看一下五个整数解，"
  },
  {
    "start": 2154.47,
    "end": 2157.59,
    "speaker": "老师",
    "text": "第一个三是这一二三四五。"
  },
  {
    "start": 2157.59,
    "end": 2159.49,
    "speaker": "老师",
    "text": "但说这个a在哪里啊？"
  },
  {
    "start": 2159.49,
    "end": 2165.3,
    "speaker": "老师",
    "text": "A是不是要在七和八之间，"
  },
  {
    "start": 2165.46,
    "end": 2166.28,
    "speaker": "老师",
    "text": "这样的话，"
  },
  {
    "start": 2169.85,
    "end": 2171.11,
    "speaker": "老师",
    "text": "它的公共部分里面是不是就有五个整数啊？"
  },
  {
    "start": 2170.73,
    "end": 2171.11,
    "speaker": "老师",
    "text": "那能不能大一般呢？"
  },
  {
    "start": 2170.73,
    "end": 2171.11,
    "speaker": "老师",
    "text": "如果大于八的话，"
  },
  {
    "start": 2170.73,
    "end": 2171.11,
    "speaker": "老师",
    "text": "那这个八是不是在里面，"
  },
  {
    "start": 2170.73,
    "end": 2171.11,
    "speaker": "老师",
    "text": "那就有六个，"
  },
  {
    "start": 2170.73,
    "end": 2171.11,
    "speaker": "老师",
    "text": "所以说这个a不能大于八。"
  },
  {
    "start": 2170.73,
    "end": 2171.11,
    "speaker": "老师",
    "text": "好，"
  },
  {
    "start": 2170.73,
    "end": 2171.11,
    "speaker": "老师",
    "text": "先确定a在七到八时间再来看一下这两个零件情况。"
  },
  {
    "start": 2170.73,
    "end": 2171.11,
    "speaker": "老师",
    "text": "如果a等于八的时候，"
  },
  {
    "start": 2170.73,
    "end": 2171.11,
    "speaker": "老师",
    "text": "对预发的时候，"
  },
  {
    "start": 2170.73,
    "end": 2171.11,
    "speaker": "老师",
    "text": "大家看一下，"
  },
  {
    "start": 2170.73,
    "end": 2171.11,
    "speaker": "老师",
    "text": "对一八的时候，"
  },
  {
    "start": 2170.73,
    "end": 2171.11,
    "speaker": "老师",
    "text": "因为这是空心，"
  },
  {
    "start": 2170.73,
    "end": 2171.11,
    "speaker": "老师",
    "text": "这个八没有包过，"
  },
  {
    "start": 2170.73,
    "end": 2171.11,
    "speaker": "老师",
    "text": "他想要它空心，"
  },
  {
    "start": 2170.73,
    "end": 2171.11,
    "speaker": "老师",
    "text": "它公共部分里面这个八没有暴露，"
  },
  {
    "start": 2170.73,
    "end": 2171.11,
    "speaker": "老师",
    "text": "所以等于八是可以的。"
  },
  {
    "start": 2170.73,
    "end": 2171.11,
    "speaker": "老师",
    "text": "如果等于七呢，"
  },
  {
    "start": 2170.73,
    "end": 2171.11,
    "speaker": "老师",
    "text": "我来画一下，"
  },
  {
    "start": 2170.73,
    "end": 2171.11,
    "speaker": "老师",
    "text": "再画一个。"
  },
  {
    "start": 2170.73,
    "end": 2171.11,
    "speaker": "老师",
    "text": "如果求a等于七空心这里是空心，"
  },
  {
    "start": 2170.73,
    "end": 2171.11,
    "speaker": "老师",
    "text": "那公共部分里面就没有包过期，"
  },
  {
    "start": 2170.73,
    "end": 2171.11,
    "speaker": "老师",
    "text": "对吧？"
  },
  {
    "start": 2170.73,
    "end": 2171.11,
    "speaker": "老师",
    "text": "没有包过期，"
  },
  {
    "start": 2170.73,
    "end": 2171.11,
    "speaker": "老师",
    "text": "就这四个，"
  },
  {
    "start": 2170.73,
    "end": 2171.11,
    "speaker": "老师",
    "text": "这个七就没有。"
  },
  {
    "start": 2170.73,
    "end": 2171.11,
    "speaker": "老师",
    "text": "所以说这里不能有点延期。"
  },
  {
    "start": 2170.73,
    "end": 2171.11,
    "speaker": "老师",
    "text": "好，"
  },
  {
    "start": 2170.73,
    "end": 2171.11,
    "speaker": "老师",
    "text": "这个题目有一定难度，"
  },
  {
    "start": 2170.73,
    "end": 2171.11,
    "speaker": "老师",
    "text": "大家课后可以再去思考一下。"
  },
  {
    "start": 2170.73,
    "end": 2171.11,
    "speaker": "老师",
    "text": "这里值得注意的是在两个临界情况，"
  },
  {
    "start": 2170.73,
    "end": 2171.11,
    "speaker": "老师",
    "text": "这个七和八之间能不能取等号特别值得注意。"
  },
  {
    "start": 2170.73,
    "end": 2171.11,
    "speaker": "老师",
    "text": "好，"
  },
  {
    "start": 2170.73,
    "end": 2171.11,
    "speaker": "老师",
    "text": "那今天我们学习了什么嘞？"
  },
  {
    "start": 2170.73,
    "end": 2171.11,
    "speaker": "老师",
    "text": "主要的学习呢第一个相几个概念，"
  },
  {
    "start": 2170.73,
    "end": 2171.11,
    "speaker": "老师",
    "text": "这个一元一次不等式组还有它的解集。"
  },
  {
    "start": 2170.73,
    "end": 2171.11,
    "speaker": "老师",
    "text": "第二个，"
  },
  {
    "start": 2170.73,
    "end": 2171.11,
    "speaker": "老师",
    "text": "他学习了这个解一元一次不等式组，"
  },
  {
    "start": 2170.73,
    "end": 2171.11,
    "speaker": "老师",
    "text": "它的主要步骤有三步。"
  },
  {
    "start": 2170.73,
    "end": 2171.11,
    "speaker": "老师",
    "text": "第一步，"
  },
  {
    "start": 2170.73,
    "end": 2171.11,
    "speaker": "老师",
    "text": "求出组成的每一个不等式组的每个不等式的解集。"
  },
  {
    "start": 2170.73,
    "end": 2171.11,
    "speaker": "老师",
    "text": "第二个去借助数轴，"
  },
  {
    "start": 2170.73,
    "end": 2171.11,
    "speaker": "老师",
    "text": "找出它的公共部门。"
  },
  {
    "start": 2170.73,
    "end": 2171.11,
    "speaker": "老师",
    "text": "第三步，"
  },
  {
    "start": 2170.73,
    "end": 2171.11,
    "speaker": "老师",
    "text": "再下结论。"
  },
  {
    "start": 2170.73,
    "end": 2171.11,
    "speaker": "老师",
    "text": "如果找不到公共部分，"
  },
  {
    "start": 2170.73,
    "end": 2171.11,
    "speaker": "老师",
    "text": "那它的解集就是无解。"
  },
  {
    "start": 2170.73,
    "end": 2171.11,
    "speaker": "老师",
    "text": "在这里，"
  },
  {
    "start": 2170.73,
    "end": 2171.11,
    "speaker": "老师",
    "text": "我们这节课最重要的是运用了一个树形结合思想，"
  },
  {
    "start": 2170.73,
    "end": 2171.11,
    "speaker": "老师",
    "text": "借助于数轴，"
  },
  {
    "start": 2170.73,
    "end": 2171.11,
    "speaker": "老师",
    "text": "体现更加形象直观，"
  },
  {
    "start": 2170.73,
    "end": 2171.11,
    "speaker": "老师",
    "text": "对树树形结合思想。"
  },
  {
    "start": 2170.73,
    "end": 2171.11,
    "speaker": "老师",
    "text": "在刚才解答这样的一个题目的时候，"
  },
  {
    "start": 2170.73,
    "end": 2171.11,
    "speaker": "老师",
    "text": "含有字母的时候特别显得尤为重要。"
  },
  {
    "start": 2170.73,
    "end": 2171.11,
    "speaker": "老师",
    "text": "好，"
  },
  {
    "start": 2170.73,
    "end": 2171.11,
    "speaker": "老师",
    "text": "这里是作业好，"
  },
  {
    "start": 2170.73,
    "end": 2171.11,
    "speaker": "老师",
    "text": "同学们下课。"
  }
]