[
  {
    "start": 11.05,
    "end": 13.13,
    "speaker": "老师",
    "text": "同学们大家好，"
  },
  {
    "start": 13.13,
    "end": 16.79,
    "speaker": "老师",
    "text": "我是南昌市栏杆学校贺老师，"
  },
  {
    "start": 17.01,
    "end": 22.91,
    "speaker": "老师",
    "text": "今天继续跟随老师一起来复习第十八章平行四边形。"
  },
  {
    "start": 22.91,
    "end": 24.13,
    "speaker": "老师",
    "text": "在复习之前，"
  },
  {
    "start": 24.13,
    "end": 27.45,
    "speaker": "老师",
    "text": "我们先来回顾折叠问题。"
  },
  {
    "start": 27.51,
    "end": 32.67,
    "speaker": "老师",
    "text": "大家知道折叠问题的本质就是轴对称。"
  },
  {
    "start": 32.67,
    "end": 36.79,
    "speaker": "老师",
    "text": "那么我们在学习轴对称的时候，"
  },
  {
    "start": 37.07,
    "end": 38.65,
    "speaker": "老师",
    "text": "有两条性质，"
  },
  {
    "start": 38.65,
    "end": 43.59,
    "speaker": "老师",
    "text": "其一成轴对称的两个图形全等。"
  },
  {
    "start": 43.59,
    "end": 44.29,
    "speaker": "老师",
    "text": "其二，"
  },
  {
    "start": 44.47,
    "end": 54.11,
    "speaker": "老师",
    "text": "成轴对称的两个图形的对应点所连线段被对称轴垂直平分。"
  },
  {
    "start": 54.45,
    "end": 57.05,
    "speaker": "老师",
    "text": "那么在折叠问题当中，"
  },
  {
    "start": 57.91,
    "end": 61.87,
    "speaker": "老师",
    "text": "折痕所在的直线就是对称轴。"
  },
  {
    "start": 61.87,
    "end": 89.16,
    "speaker": "老师",
    "text": "那天跟随老师先来看矩形中的折叠，"
  },
  {
    "start": 89.16,
    "end": 92.56,
    "speaker": "老师",
    "text": "请同学们先看题，"
  },
  {
    "start": 92.66,
    "end": 96.02,
    "speaker": "老师",
    "text": "我们来看题目交代。"
  },
  {
    "start": 96.1,
    "end": 104.78,
    "speaker": "老师",
    "text": "将矩形纸片ABCD沿对角线BD折叠点c落在点e处，"
  },
  {
    "start": 104.78,
    "end": 108.48,
    "speaker": "老师",
    "text": "BE与边AD交于点f."
  },
  {
    "start": 108.92,
    "end": 109.48,
    "speaker": "老师",
    "text": "好，"
  },
  {
    "start": 109.56,
    "end": 114.78,
    "speaker": "老师",
    "text": "接下来看到老师的问题。"
  },
  {
    "start": 114.78,
    "end": 116.88,
    "speaker": "老师",
    "text": "第一个问题，"
  },
  {
    "start": 116.88,
    "end": 121.46,
    "speaker": "老师",
    "text": "重叠部分三角形BDF是等腰三角形吗？"
  },
  {
    "start": 121.48,
    "end": 129.7,
    "speaker": "老师",
    "text": "为什么有些同学想到要证这两这个三角形是等腰三角形？"
  },
  {
    "start": 129.7,
    "end": 132.66,
    "speaker": "老师",
    "text": "那就要证直观感受，"
  },
  {
    "start": 132.72,
    "end": 137.84,
    "speaker": "老师",
    "text": "我们要证BF等于DF."
  },
  {
    "start": 137.84,
    "end": 144.51,
    "speaker": "老师",
    "text": "有些同学会想到要证BF等于DF,"
  },
  {
    "start": 144.67,
    "end": 147.89,
    "speaker": "老师",
    "text": "那就证这两个阴影的三角形全等。"
  },
  {
    "start": 147.89,
    "end": 148.31,
    "speaker": "老师",
    "text": "好，"
  },
  {
    "start": 148.85,
    "end": 150.71,
    "speaker": "老师",
    "text": "我们来看会全等吗？"
  },
  {
    "start": 150.71,
    "end": 154.01,
    "speaker": "老师",
    "text": "首先对顶的角对顶角相等，"
  },
  {
    "start": 155.15,
    "end": 162.82,
    "speaker": "老师",
    "text": "因为折叠角一等于角c那就等于角a等于九十度。"
  },
  {
    "start": 162.82,
    "end": 169.4,
    "speaker": "老师",
    "text": "同样因为折叠前后大家看到DE等于DC,"
  },
  {
    "start": 169.4,
    "end": 173.51,
    "speaker": "老师",
    "text": "那就等于AB,"
  },
  {
    "start": 173.79,
    "end": 178.73,
    "speaker": "老师",
    "text": "确实可以通过全等求出BF等于DF."
  },
  {
    "start": 178.73,
    "end": 182.53,
    "speaker": "老师",
    "text": "那么还有别的办法吗？"
  },
  {
    "start": 182.53,
    "end": 184.65,
    "speaker": "老师",
    "text": "有些同学会想到。"
  },
  {
    "start": 184.65,
    "end": 190.06,
    "speaker": "老师",
    "text": "因为折叠大家看到了角一和角二会相等。"
  },
  {
    "start": 190.06,
    "end": 190.5,
    "speaker": "老师",
    "text": "好，"
  },
  {
    "start": 190.52,
    "end": 194.56,
    "speaker": "老师",
    "text": "同样因为矩形，"
  },
  {
    "start": 194.78,
    "end": 199.23,
    "speaker": "老师",
    "text": "所以AD平行BC,"
  },
  {
    "start": 199.53,
    "end": 204.81,
    "speaker": "老师",
    "text": "那就能够得到角一等于角三，"
  },
  {
    "start": 204.81,
    "end": 208.97,
    "speaker": "老师",
    "text": "由等量代换得到角八等于角三。"
  },
  {
    "start": 209.11,
    "end": 211.97,
    "speaker": "老师",
    "text": "在这个问题当中，"
  },
  {
    "start": 212.07,
    "end": 216.04,
    "speaker": "老师",
    "text": "大家有发现吧。"
  },
  {
    "start": 216.08,
    "end": 223.59,
    "speaker": "老师",
    "text": "此时的折痕BD其实是角CBF的角平分线啊，"
  },
  {
    "start": 223.59,
    "end": 228.31,
    "speaker": "老师",
    "text": "又因为AD平行BC,"
  },
  {
    "start": 228.31,
    "end": 254.97,
    "speaker": "老师",
    "text": "所以才有了这个等腰三角形。"
  },
  {
    "start": 254.97,
    "end": 263.22,
    "speaker": "老师",
    "text": "因此我们发现角平分线加平行线就构建了等腰三角形。"
  },
  {
    "start": 263.22,
    "end": 271.08,
    "speaker": "老师",
    "text": "接下来请同学们看到老师的第二个问题，"
  },
  {
    "start": 271.08,
    "end": 273.63,
    "speaker": "老师",
    "text": "若AB等于四，"
  },
  {
    "start": 273.71,
    "end": 274.49,
    "speaker": "老师",
    "text": "BC等于八，"
  },
  {
    "start": 275.03,
    "end": 276.01,
    "speaker": "老师",
    "text": "求DF,"
  },
  {
    "start": 276.01,
    "end": 279.69,
    "speaker": "老师",
    "text": "老师先将已知条件上图，"
  },
  {
    "start": 279.69,
    "end": 282.37,
    "speaker": "老师",
    "text": "请同学们思考片刻，"
  },
  {
    "start": 282.59,
    "end": 287.2,
    "speaker": "老师",
    "text": "我们来看要求DF的长，"
  },
  {
    "start": 287.2,
    "end": 288.42,
    "speaker": "老师",
    "text": "有些同学说，"
  },
  {
    "start": 288.42,
    "end": 291.22,
    "speaker": "老师",
    "text": "那我该怎么办呢？"
  },
  {
    "start": 291.22,
    "end": 296.1,
    "speaker": "老师",
    "text": "我们就先设它为未知数吧。"
  },
  {
    "start": 296.1,
    "end": 297.56,
    "speaker": "老师",
    "text": "设DF为x."
  },
  {
    "start": 297.56,
    "end": 297.96,
    "speaker": "老师",
    "text": "好，"
  },
  {
    "start": 298.16,
    "end": 308.66,
    "speaker": "老师",
    "text": "如果DF为x那么同学们想我们AF可不可以表示对它就是八减x."
  },
  {
    "start": 308.66,
    "end": 310.3,
    "speaker": "老师",
    "text": "那在第一问当中，"
  },
  {
    "start": 310.3,
    "end": 314.79,
    "speaker": "老师",
    "text": "我们已经知道BF等于DF,"
  },
  {
    "start": 314.79,
    "end": 318.65,
    "speaker": "老师",
    "text": "因此BF也可以表示为x."
  },
  {
    "start": 318.69,
    "end": 319.41,
    "speaker": "老师",
    "text": "同学们，"
  },
  {
    "start": 319.41,
    "end": 322.88,
    "speaker": "老师",
    "text": "这个时候你发现吧，"
  },
  {
    "start": 322.88,
    "end": 330.72,
    "speaker": "老师",
    "text": "我们将直角三角形ABF的三条边都将表达出来了。"
  },
  {
    "start": 330.72,
    "end": 344.09,
    "speaker": "老师",
    "text": "这个时候可以利用勾股定理建立方程，"
  },
  {
    "start": 344.13,
    "end": 347.91,
    "speaker": "老师",
    "text": "从而求出x分之，"
  },
  {
    "start": 348.09,
    "end": 353.03,
    "speaker": "老师",
    "text": "也就求出了DF的差异。"
  },
  {
    "start": 353.11,
    "end": 356.17,
    "speaker": "老师",
    "text": "也就在这个问题当中，"
  },
  {
    "start": 356.17,
    "end": 360.29,
    "speaker": "老师",
    "text": "我们是利用了方程的思想，"
  },
  {
    "start": 360.29,
    "end": 364.29,
    "speaker": "老师",
    "text": "解决了这个球线段长的问题。"
  },
  {
    "start": 364.63,
    "end": 387.82,
    "speaker": "老师",
    "text": "接下来请跟随老师来看第二个问题，"
  },
  {
    "start": 387.94,
    "end": 393.55,
    "speaker": "老师",
    "text": "请同学们看仍然是矩形中的折叠，"
  },
  {
    "start": 393.55,
    "end": 396.49,
    "speaker": "老师",
    "text": "但是折痕发生了变化。"
  },
  {
    "start": 396.63,
    "end": 401.03,
    "speaker": "老师",
    "text": "老师的问题呢请大家看题。"
  },
  {
    "start": 401.03,
    "end": 415.96,
    "speaker": "老师",
    "text": "大家看要求的是CF的长已知条件是在矩形ABCD中沿BF折叠使点c落在点e处，"
  },
  {
    "start": 416.1,
    "end": 420.26,
    "speaker": "老师",
    "text": "而e刚好在AD这条边上。"
  },
  {
    "start": 420.26,
    "end": 422.52,
    "speaker": "老师",
    "text": "还有呢AB等于四，"
  },
  {
    "start": 422.98,
    "end": 424.98,
    "speaker": "老师",
    "text": "BC等于八，"
  },
  {
    "start": 424.98,
    "end": 427.78,
    "speaker": "老师",
    "text": "我们也将条件上图，"
  },
  {
    "start": 427.88,
    "end": 431.4,
    "speaker": "老师",
    "text": "请同学们也思考片刻，"
  },
  {
    "start": 431.4,
    "end": 437.53,
    "speaker": "老师",
    "text": "我们来看要求CF的长怎么办呢？"
  },
  {
    "start": 437.57,
    "end": 439.47,
    "speaker": "老师",
    "text": "受刚才的启发，"
  },
  {
    "start": 439.59,
    "end": 444.07,
    "speaker": "老师",
    "text": "方程的思想我们继续沿用设CF为x."
  },
  {
    "start": 446.56,
    "end": 448.16,
    "speaker": "老师",
    "text": "那么同学们想想，"
  },
  {
    "start": 448.16,
    "end": 451.96,
    "speaker": "老师",
    "text": "设CF为x根据AB等于DC,"
  },
  {
    "start": 451.96,
    "end": 456.53,
    "speaker": "老师",
    "text": "那我就可以表示DF,"
  },
  {
    "start": 456.53,
    "end": 459.89,
    "speaker": "老师",
    "text": "它就是四减x好折叠。"
  },
  {
    "start": 459.91,
    "end": 462.41,
    "speaker": "老师",
    "text": "我们刚才已经说了轴对称，"
  },
  {
    "start": 462.47,
    "end": 469.05,
    "speaker": "老师",
    "text": "那么称轴对称的两个图形全等，"
  },
  {
    "start": 469.05,
    "end": 472.55,
    "speaker": "老师",
    "text": "那我们就能得到对应元素相等。"
  },
  {
    "start": 472.55,
    "end": 475.67,
    "speaker": "老师",
    "text": "那BC等于八，"
  },
  {
    "start": 475.67,
    "end": 477.71,
    "speaker": "老师",
    "text": "我们就能得到，"
  },
  {
    "start": 478.19,
    "end": 479.81,
    "speaker": "老师",
    "text": "BE也等于八。"
  },
  {
    "start": 479.81,
    "end": 483.64,
    "speaker": "老师",
    "text": "那么CF为x那就可以得EF,"
  },
  {
    "start": 483.64,
    "end": 484.4,
    "speaker": "老师",
    "text": "也为x."
  },
  {
    "start": 484.4,
    "end": 485.14,
    "speaker": "老师",
    "text": "好，"
  },
  {
    "start": 485.24,
    "end": 489.74,
    "speaker": "老师",
    "text": "这些量我们都备注出来了。"
  },
  {
    "start": 489.74,
    "end": 500.09,
    "speaker": "老师",
    "text": "接下来请同学们把眼睛聚焦到直角三角形。"
  },
  {
    "start": 500.09,
    "end": 502.35,
    "speaker": "老师",
    "text": "Abe中有发现，"
  },
  {
    "start": 502.75,
    "end": 507.52,
    "speaker": "老师",
    "text": "我们利用勾股定理可以求出a一，"
  },
  {
    "start": 512.01,
    "end": 530.12,
    "speaker": "老师",
    "text": "它等于四倍的根号三好，"
  },
  {
    "start": 530.18,
    "end": 533.64,
    "speaker": "老师",
    "text": "求出a一有什么用呢？"
  },
  {
    "start": 533.64,
    "end": 536.42,
    "speaker": "老师",
    "text": "我们发现哎，"
  },
  {
    "start": 536.48,
    "end": 542.08,
    "speaker": "老师",
    "text": "那我们就可以表示出d一的长啊，"
  },
  {
    "start": 542.08,
    "end": 547.0,
    "speaker": "老师",
    "text": "DE就为八减四倍的根号三。"
  },
  {
    "start": 547.06,
    "end": 555.24,
    "speaker": "老师",
    "text": "我们继续把目光聚焦到这个小的直角三角形DEF中。"
  },
  {
    "start": 555.24,
    "end": 561.46,
    "speaker": "老师",
    "text": "大家发现它的三条边我们也表达出来了，"
  },
  {
    "start": 561.92,
    "end": 564.1,
    "speaker": "老师",
    "text": "它也是直角三角形。"
  },
  {
    "start": 564.34,
    "end": 568.16,
    "speaker": "老师",
    "text": "因此继续利用勾股定理建立方程，"
  },
  {
    "start": 568.58,
    "end": 571.54,
    "speaker": "老师",
    "text": "我们就能够求出x的值。"
  },
  {
    "start": 571.58,
    "end": 573.06,
    "speaker": "老师",
    "text": "好，"
  },
  {
    "start": 573.3,
    "end": 580.12,
    "speaker": "老师",
    "text": "这两道题给我们的启发是方程思想。"
  },
  {
    "start": 580.12,
    "end": 586.99,
    "speaker": "老师",
    "text": "接下来跟着老师一起来到二零一七年的中考链接。"
  },
  {
    "start": 586.99,
    "end": 588.07,
    "speaker": "老师",
    "text": "大家先看题，"
  },
  {
    "start": 588.07,
    "end": 590.61,
    "speaker": "老师",
    "text": "等一下。"
  },
  {
    "start": 590.77,
    "end": 591.86,
    "speaker": "老师",
    "text": "好，"
  },
  {
    "start": 593.42,
    "end": 600.16,
    "speaker": "老师",
    "text": "我们来看已知ABC的坐标，"
  },
  {
    "start": 600.16,
    "end": 615.49,
    "speaker": "老师",
    "text": "连接ACBC得到的矩形AOBC点d在边AC上将边OA沿OD折叠点a的对应点为a撇若点a撇到矩形较长，"
  },
  {
    "start": 616.37,
    "end": 620.43,
    "speaker": "老师",
    "text": "两对边的距离之比为一比。"
  },
  {
    "start": 620.43,
    "end": 624.64,
    "speaker": "老师",
    "text": "三要你求点a撇的坐标。"
  },
  {
    "start": 624.64,
    "end": 628.57,
    "speaker": "老师",
    "text": "同学们发现读完这个题目之后，"
  },
  {
    "start": 628.57,
    "end": 651.6,
    "speaker": "老师",
    "text": "还是有点摸不着头脑。"
  },
  {
    "start": 651.6,
    "end": 654.12,
    "speaker": "老师",
    "text": "首先我们要借助图形，"
  },
  {
    "start": 654.12,
    "end": 657.4,
    "speaker": "老师",
    "text": "更直观的去理解题意。"
  },
  {
    "start": 657.62,
    "end": 659.48,
    "speaker": "老师",
    "text": "请同学们看到，"
  },
  {
    "start": 659.6,
    "end": 665.04,
    "speaker": "老师",
    "text": "在平面直角坐标系中先描出ABC三个点的位置，"
  },
  {
    "start": 665.68,
    "end": 668.46,
    "speaker": "老师",
    "text": "然后有了矩形AODC,"
  },
  {
    "start": 668.48,
    "end": 671.92,
    "speaker": "老师",
    "text": "从已知条件通过它们的坐标。"
  },
  {
    "start": 672.0,
    "end": 675.07,
    "speaker": "老师",
    "text": "我们知道AO等于四，"
  },
  {
    "start": 677.94,
    "end": 679.44,
    "speaker": "老师",
    "text": "BO等于七。"
  },
  {
    "start": 679.44,
    "end": 685.75,
    "speaker": "老师",
    "text": "接下来大家继续看题滴在AC上，"
  },
  {
    "start": 685.75,
    "end": 691.57,
    "speaker": "老师",
    "text": "然后将边OA沿OD折叠点a的对应点为a撇。"
  },
  {
    "start": 691.61,
    "end": 696.08,
    "speaker": "老师",
    "text": "大家发现没有，"
  },
  {
    "start": 696.08,
    "end": 699.06,
    "speaker": "老师",
    "text": "这里面有第一个不确定，"
  },
  {
    "start": 699.06,
    "end": 702.94,
    "speaker": "老师",
    "text": "那就是d点的位置低点在哪呢？"
  },
  {
    "start": 702.94,
    "end": 704.84,
    "speaker": "老师",
    "text": "我们只知道在AC上，"
  },
  {
    "start": 704.84,
    "end": 708.43,
    "speaker": "老师",
    "text": "那就是在AC上运动。"
  },
  {
    "start": 708.51,
    "end": 708.85,
    "speaker": "老师",
    "text": "好，"
  },
  {
    "start": 708.85,
    "end": 714.3,
    "speaker": "老师",
    "text": "我们不妨来分析在因为在AC上不确定，"
  },
  {
    "start": 716.6,
    "end": 769.81,
    "speaker": "老师",
    "text": "所以老师给大家一起来看跌点位置不确定，"
  },
  {
    "start": 769.81,
    "end": 774.38,
    "speaker": "老师",
    "text": "请你看清楚动画。"
  },
  {
    "start": 774.38,
    "end": 774.72,
    "speaker": "老师",
    "text": "嗯，"
  },
  {
    "start": 774.72,
    "end": 776.78,
    "speaker": "老师",
    "text": "大家发现没有？"
  },
  {
    "start": 776.78,
    "end": 780.62,
    "speaker": "老师",
    "text": "因为低点的位置不确定，"
  },
  {
    "start": 781.6,
    "end": 785.82,
    "speaker": "老师",
    "text": "所以就会导致折痕位置不确定。"
  },
  {
    "start": 785.82,
    "end": 789.28,
    "speaker": "老师",
    "text": "那折痕位置不确定，"
  },
  {
    "start": 789.28,
    "end": 793.44,
    "speaker": "老师",
    "text": "大家发现没有a的对应点，"
  },
  {
    "start": 794.4,
    "end": 795.68,
    "speaker": "老师",
    "text": "a撇的位置，"
  },
  {
    "start": 795.68,
    "end": 806.99,
    "speaker": "老师",
    "text": "大家从这个运动的图当中可以感受到a撇的位置可能在矩形内也可能在矩形外。"
  },
  {
    "start": 806.99,
    "end": 811.89,
    "speaker": "老师",
    "text": "所以a撇的位置我们要分两类。"
  },
  {
    "start": 812.07,
    "end": 813.55,
    "speaker": "老师",
    "text": "那么另外大家看，"
  },
  {
    "start": 814.13,
    "end": 817.65,
    "speaker": "老师",
    "text": "因为a撇的位置不确定，"
  },
  {
    "start": 817.65,
    "end": 821.96,
    "speaker": "老师",
    "text": "接下来到两较长，"
  },
  {
    "start": 821.96,
    "end": 826.84,
    "speaker": "老师",
    "text": "对边的距离之比是一比三，"
  },
  {
    "start": 826.94,
    "end": 829.18,
    "speaker": "老师",
    "text": "大量较长对边。"
  },
  {
    "start": 829.52,
    "end": 834.14,
    "speaker": "老师",
    "text": "大家从这个图形当中也很直观的知道，"
  },
  {
    "start": 834.32,
    "end": 840.46,
    "speaker": "老师",
    "text": "AC和OB对于这个矩形来说就是较长的对边。"
  },
  {
    "start": 840.46,
    "end": 840.88,
    "speaker": "老师",
    "text": "好，"
  },
  {
    "start": 840.88,
    "end": 844.0,
    "speaker": "老师",
    "text": "那么接下来老师过a撇点作证，"
  },
  {
    "start": 844.0,
    "end": 845.86,
    "speaker": "老师",
    "text": "两对边的垂线，"
  },
  {
    "start": 845.86,
    "end": 848.02,
    "speaker": "老师",
    "text": "请继续看动画，"
  },
  {
    "start": 848.02,
    "end": 849.34,
    "speaker": "老师",
    "text": "请看清楚了。"
  },
  {
    "start": 849.34,
    "end": 850.4,
    "speaker": "老师",
    "text": "好，"
  },
  {
    "start": 850.52,
    "end": 853.7,
    "speaker": "老师",
    "text": "整个动画一呈现之后，"
  },
  {
    "start": 853.7,
    "end": 857.38,
    "speaker": "老师",
    "text": "同学们发现不确定。"
  },
  {
    "start": 858.02,
    "end": 867.53,
    "speaker": "老师",
    "text": "一比三这个一比三跟对边是到AC边为一到OB边为三，"
  },
  {
    "start": 867.53,
    "end": 869.17,
    "speaker": "老师",
    "text": "还是这里面不确定，"
  },
  {
    "start": 869.39,
    "end": 875.33,
    "speaker": "老师",
    "text": "还是到OB为一到AC为三呢？"
  },
  {
    "start": 875.73,
    "end": 880.19,
    "speaker": "老师",
    "text": "因此对于这些不确定，"
  },
  {
    "start": 880.19,
    "end": 883.09,
    "speaker": "老师",
    "text": "我们就需要分类讨论。"
  },
  {
    "start": 883.09,
    "end": 895.84,
    "speaker": "老师",
    "text": "那我们从这个动态图当中也很直观的感受到。"
  },
  {
    "start": 895.84,
    "end": 899.14,
    "speaker": "老师",
    "text": "首先点a的对应点，"
  },
  {
    "start": 899.26,
    "end": 902.63,
    "speaker": "老师",
    "text": "a撇在矩形内部时。"
  },
  {
    "start": 902.65,
    "end": 909.15,
    "speaker": "老师",
    "text": "那么请大家看到有第一种情况，"
  },
  {
    "start": 909.57,
    "end": 926.13,
    "speaker": "老师",
    "text": "大家看到这个图你就直观的感受到a撇一与a撇f的比值应该是一比三好。"
  },
  {
    "start": 926.89,
    "end": 929.29,
    "speaker": "老师",
    "text": "我们来看，"
  },
  {
    "start": 929.37,
    "end": 934.57,
    "speaker": "老师",
    "text": "因为折叠折叠前后图形全等，"
  },
  {
    "start": 935.29,
    "end": 937.87,
    "speaker": "老师",
    "text": "那对应元素也就相等，"
  },
  {
    "start": 937.87,
    "end": 947.59,
    "speaker": "老师",
    "text": "因此我们就可以得到a撇o也等于四大家看清楚了啊，"
  },
  {
    "start": 947.59,
    "end": 950.39,
    "speaker": "老师",
    "text": "因为这个一比三，"
  },
  {
    "start": 950.39,
    "end": 955.35,
    "speaker": "老师",
    "text": "大家知道整个AO是等于四啊，"
  },
  {
    "start": 955.35,
    "end": 959.64,
    "speaker": "老师",
    "text": "这里面看清楚了。"
  },
  {
    "start": 959.64,
    "end": 961.7,
    "speaker": "老师",
    "text": "大家看到这条EF,"
  },
  {
    "start": 962.36,
    "end": 967.02,
    "speaker": "老师",
    "text": "因为也是AC与OB之间的距离，"
  },
  {
    "start": 967.36,
    "end": 970.24,
    "speaker": "老师",
    "text": "所以EF也等于四，"
  },
  {
    "start": 970.24,
    "end": 973.22,
    "speaker": "老师",
    "text": "b值是一比三，"
  },
  {
    "start": 973.22,
    "end": 978.51,
    "speaker": "老师",
    "text": "因此a撇f就可得为三好。"
  },
  {
    "start": 978.55,
    "end": 984.11,
    "speaker": "老师",
    "text": "大家看清楚a撇f等于三，"
  },
  {
    "start": 984.27,
    "end": 988.15,
    "speaker": "老师",
    "text": "折叠前后a撇o为四。"
  },
  {
    "start": 988.15,
    "end": 997.09,
    "speaker": "老师",
    "text": "我们把目光聚焦到直角三角形a撇OF中，"
  },
  {
    "start": 997.09,
    "end": 1006.76,
    "speaker": "老师",
    "text": "利用勾股定理可以求出OF等于根号七，"
  },
  {
    "start": 1006.8,
    "end": 1015.87,
    "speaker": "老师",
    "text": "这样我们就能够写出a撇点的坐标为根号七三。"
  },
  {
    "start": 1015.99,
    "end": 1026.46,
    "speaker": "老师",
    "text": "大家看到此时这个图a撇到AC的距离与到OB的距离为一比三。"
  },
  {
    "start": 1026.46,
    "end": 1030.82,
    "speaker": "老师",
    "text": "接下来请看到第二个图，"
  },
  {
    "start": 1031.04,
    "end": 1037.88,
    "speaker": "老师",
    "text": "这个时候你发现那就是a撇f比上a撇一为一比三，"
  },
  {
    "start": 1038.12,
    "end": 1046.15,
    "speaker": "老师",
    "text": "仍然是整个EF等于四。"
  },
  {
    "start": 1046.15,
    "end": 1050.2,
    "speaker": "老师",
    "text": "因此我们就可得a撇f等于一好。"
  },
  {
    "start": 1050.48,
    "end": 1051.52,
    "speaker": "老师",
    "text": "因为折叠，"
  },
  {
    "start": 1051.52,
    "end": 1056.58,
    "speaker": "老师",
    "text": "所以a撇o和AO相等等于四，"
  },
  {
    "start": 1057.2,
    "end": 1064.38,
    "speaker": "老师",
    "text": "目光仍然聚焦到直角三角形。"
  },
  {
    "start": 1064.38,
    "end": 1071.02,
    "speaker": "老师",
    "text": "A撇OF中勾股定理求出OF等于根号一十五，"
  },
  {
    "start": 1071.18,
    "end": 1076.18,
    "speaker": "老师",
    "text": "这样我们也能写出a撇点的坐标。"
  },
  {
    "start": 1076.28,
    "end": 1082.08,
    "speaker": "老师",
    "text": "根号一十五一纵坐标就是a撇f的长度。"
  },
  {
    "start": 1083.68,
    "end": 1084.1,
    "speaker": "老师",
    "text": "好，"
  },
  {
    "start": 1084.26,
    "end": 1092.39,
    "speaker": "老师",
    "text": "大家发现我们在前面两个这两类当中，"
  },
  {
    "start": 1092.39,
    "end": 1094.25,
    "speaker": "老师",
    "text": "a的对应点，"
  },
  {
    "start": 1094.25,
    "end": 1099.64,
    "speaker": "老师",
    "text": "a撇的位置在矩形的内部折叠过来。"
  },
  {
    "start": 1138.15,
    "end": 1140.87,
    "speaker": "老师",
    "text": "那么接下来我们来看，"
  },
  {
    "start": 1140.87,
    "end": 1152.52,
    "speaker": "老师",
    "text": "当沿OD折叠a撇落a撇落在了矩形外部时呢，"
  },
  {
    "start": 1152.52,
    "end": 1156.44,
    "speaker": "老师",
    "text": "他也有一比三的情况。"
  },
  {
    "start": 1156.44,
    "end": 1168.17,
    "speaker": "老师",
    "text": "请大家看到此时就应该是a撇f比上，"
  },
  {
    "start": 1168.19,
    "end": 1173.02,
    "speaker": "老师",
    "text": "a撇一为一比三好。"
  },
  {
    "start": 1173.02,
    "end": 1176.32,
    "speaker": "老师",
    "text": "那么大家想一想a撇f比三，"
  },
  {
    "start": 1176.32,
    "end": 1179.43,
    "speaker": "老师",
    "text": "a撇一是一比三，"
  },
  {
    "start": 1179.43,
    "end": 1182.59,
    "speaker": "老师",
    "text": "而整个EF是等于四。"
  },
  {
    "start": 1183.01,
    "end": 1190.57,
    "speaker": "老师",
    "text": "因此我们就可以知道a撇f就等于啊。"
  },
  {
    "start": 1190.57,
    "end": 1191.09,
    "speaker": "老师",
    "text": "好，"
  },
  {
    "start": 1191.43,
    "end": 1195.19,
    "speaker": "老师",
    "text": "那么大家看到a撇f等于二，"
  },
  {
    "start": 1196.05,
    "end": 1198.99,
    "speaker": "老师",
    "text": "我们求出来了。"
  },
  {
    "start": 1198.99,
    "end": 1205.63,
    "speaker": "老师",
    "text": "那么接下来因为折叠a撇o等于AO等于四，"
  },
  {
    "start": 1205.79,
    "end": 1216.5,
    "speaker": "老师",
    "text": "仍然在直角三角形a撇OF中，"
  },
  {
    "start": 1216.5,
    "end": 1219.28,
    "speaker": "老师",
    "text": "我们利用勾股定理求出OF,"
  },
  {
    "start": 1219.28,
    "end": 1226.17,
    "speaker": "老师",
    "text": "因此OF等于两倍的根号三。"
  },
  {
    "start": 1226.17,
    "end": 1232.31,
    "speaker": "老师",
    "text": "而这个时候请大家注意细节，"
  },
  {
    "start": 1232.31,
    "end": 1234.67,
    "speaker": "老师",
    "text": "a撇的位置在第四象限，"
  },
  {
    "start": 1234.67,
    "end": 1250.31,
    "speaker": "老师",
    "text": "因此a撇的坐标就是二倍的根号三负二。"
  },
  {
    "start": 1250.31,
    "end": 1251.53,
    "speaker": "老师",
    "text": "同学们，"
  },
  {
    "start": 1251.59,
    "end": 1254.59,
    "speaker": "老师",
    "text": "在这个问题当中，"
  },
  {
    "start": 1254.77,
    "end": 1255.89,
    "speaker": "老师",
    "text": "我们发现，"
  },
  {
    "start": 1255.99,
    "end": 1260.71,
    "speaker": "老师",
    "text": "因为d的位置不确定，"
  },
  {
    "start": 1260.71,
    "end": 1263.53,
    "speaker": "老师",
    "text": "导致折痕位置不确定，"
  },
  {
    "start": 1263.69,
    "end": 1271.38,
    "speaker": "老师",
    "text": "从而导致a的对应点a撇的位置不确定。"
  },
  {
    "start": 1271.78,
    "end": 1277.17,
    "speaker": "老师",
    "text": "所以我们要进行分类讨论，"
  },
  {
    "start": 1277.45,
    "end": 1285.55,
    "speaker": "老师",
    "text": "这样通过分析本道题的三个结果就呈现了。"
  },
  {
    "start": 1285.55,
    "end": 1292.41,
    "speaker": "老师",
    "text": "接下来我们一起来到正方形的折叠桌。"
  },
  {
    "start": 1292.41,
    "end": 1294.43,
    "speaker": "老师",
    "text": "请同学们先看题，"
  },
  {
    "start": 1294.43,
    "end": 1295.61,
    "speaker": "老师",
    "text": "同学们来看，"
  },
  {
    "start": 1295.61,
    "end": 1308.25,
    "speaker": "老师",
    "text": "将边长为二的正方形ABCD沿EF对折对策，"
  },
  {
    "start": 1308.25,
    "end": 1317.54,
    "speaker": "老师",
    "text": "然后接着沿c去折叠直角顶点d恰好落在EF上的g处。"
  },
  {
    "start": 1317.54,
    "end": 1319.83,
    "speaker": "老师",
    "text": "要你求HD,"
  },
  {
    "start": 1319.83,
    "end": 1324.32,
    "speaker": "老师",
    "text": "我们该怎么办呢？"
  },
  {
    "start": 1325.06,
    "end": 1326.76,
    "speaker": "老师",
    "text": "求线段长，"
  },
  {
    "start": 1326.8,
    "end": 1329.57,
    "speaker": "老师",
    "text": "同学们说，"
  },
  {
    "start": 1329.63,
    "end": 1335.14,
    "speaker": "老师",
    "text": "先将我们知道的条件备注上图，"
  },
  {
    "start": 1335.94,
    "end": 1342.1,
    "speaker": "老师",
    "text": "请大家看到边长为二，"
  },
  {
    "start": 1342.18,
    "end": 1344.04,
    "speaker": "老师",
    "text": "又因为是对折，"
  },
  {
    "start": 1344.06,
    "end": 1348.26,
    "speaker": "老师",
    "text": "因此我们可知CF等于EF,"
  },
  {
    "start": 1348.7,
    "end": 1351.3,
    "speaker": "老师",
    "text": "也就CF为一好受。"
  },
  {
    "start": 1351.46,
    "end": 1354.42,
    "speaker": "老师",
    "text": "之前方程思想的启发，"
  },
  {
    "start": 1354.58,
    "end": 1361.3,
    "speaker": "老师",
    "text": "我们不妨在这里面也设HD为x好，"
  },
  {
    "start": 1361.3,
    "end": 1363.58,
    "speaker": "老师",
    "text": "因为方折这样方折，"
  },
  {
    "start": 1363.58,
    "end": 1368.26,
    "speaker": "老师",
    "text": "大家知道图形前后全等对应元素相等，"
  },
  {
    "start": 1368.26,
    "end": 1384.83,
    "speaker": "老师",
    "text": "因此HG也为x那CG就为i接下来呢接下来我们的目光先会聚焦到直角三角形GCF组，"
  },
  {
    "start": 1384.83,
    "end": 1386.05,
    "speaker": "老师",
    "text": "先用勾股定理，"
  },
  {
    "start": 1386.05,
    "end": 1390.49,
    "speaker": "老师",
    "text": "可以求出GF啊，"
  },
  {
    "start": 1390.79,
    "end": 1392.09,
    "speaker": "老师",
    "text": "等于根号三好。"
  },
  {
    "start": 1392.09,
    "end": 1395.93,
    "speaker": "老师",
    "text": "那这个根号三出来了之后，"
  },
  {
    "start": 1395.93,
    "end": 1398.39,
    "speaker": "老师",
    "text": "会给我们什么启发呢？"
  },
  {
    "start": 1398.39,
    "end": 1400.51,
    "speaker": "老师",
    "text": "同学们先想想看，"
  },
  {
    "start": 1400.69,
    "end": 1405.71,
    "speaker": "老师",
    "text": "有些同学说老师我受你前面的启发。"
  },
  {
    "start": 1405.71,
    "end": 1406.91,
    "speaker": "老师",
    "text": "哎，"
  },
  {
    "start": 1407.15,
    "end": 1413.57,
    "speaker": "老师",
    "text": "我看到了小直角三角形EHG,"
  },
  {
    "start": 1413.57,
    "end": 1414.95,
    "speaker": "老师",
    "text": "你CD等于二，"
  },
  {
    "start": 1415.01,
    "end": 1421.23,
    "speaker": "老师",
    "text": "那就EF等于二，"
  },
  {
    "start": 1421.23,
    "end": 1424.17,
    "speaker": "老师",
    "text": "而这个GF等于根号三，"
  },
  {
    "start": 1424.17,
    "end": 1428.45,
    "speaker": "老师",
    "text": "因此EG就等于二减根号三好，"
  },
  {
    "start": 1428.45,
    "end": 1437.27,
    "speaker": "老师",
    "text": "这个是DH为x这个第一为一，"
  },
  {
    "start": 1437.27,
    "end": 1440.25,
    "speaker": "老师",
    "text": "因此一h就是一减好。"
  },
  {
    "start": 1440.69,
    "end": 1511.89,
    "speaker": "老师",
    "text": "在直角三角形EHG中，"
  },
  {
    "start": 1511.89,
    "end": 1515.49,
    "speaker": "老师",
    "text": "我们可以建立方程，"
  },
  {
    "start": 1515.49,
    "end": 1529.05,
    "speaker": "老师",
    "text": "看到一减x括号的平方加上二减根号三括号的平方等于斜边x的平方方程式。"
  },
  {
    "start": 1529.53,
    "end": 1534.21,
    "speaker": "老师",
    "text": "想有些同学做法不一样，"
  },
  {
    "start": 1534.21,
    "end": 1538.43,
    "speaker": "老师",
    "text": "大家看到他是怎么想的呢？"
  },
  {
    "start": 1538.45,
    "end": 1539.59,
    "speaker": "老师",
    "text": "他说，"
  },
  {
    "start": 1539.59,
    "end": 1547.63,
    "speaker": "老师",
    "text": "老师我发现了这里有一个特殊的直角三角形三角形GCF,"
  },
  {
    "start": 1547.63,
    "end": 1551.45,
    "speaker": "老师",
    "text": "它克数在哪呢？"
  },
  {
    "start": 1551.93,
    "end": 1555.91,
    "speaker": "老师",
    "text": "直角边与斜边看到直角边是斜边的一半，"
  },
  {
    "start": 1555.91,
    "end": 1560.79,
    "speaker": "老师",
    "text": "因此他说这个角CGF就等于三十度。"
  },
  {
    "start": 1561.03,
    "end": 1563.49,
    "speaker": "老师",
    "text": "而因为折叠，"
  },
  {
    "start": 1563.75,
    "end": 1576.09,
    "speaker": "老师",
    "text": "大家知道角d的对应角是角HGC它是九十度。"
  },
  {
    "start": 1576.09,
    "end": 1587.0,
    "speaker": "老师",
    "text": "因此他说我就能确定这个角大家看清楚是角EGH就是六十度。"
  },
  {
    "start": 1587.14,
    "end": 1592.34,
    "speaker": "老师",
    "text": "那在这个小的直角三角形中，"
  },
  {
    "start": 1592.34,
    "end": 1603.81,
    "speaker": "老师",
    "text": "大家看清楚了老师把备注出来这个角一是六十度，"
  },
  {
    "start": 1603.81,
    "end": 1611.25,
    "speaker": "老师",
    "text": "那我们就能得到角EHG这个角为三十度。"
  },
  {
    "start": 1611.25,
    "end": 1611.91,
    "speaker": "老师",
    "text": "好，"
  },
  {
    "start": 1612.07,
    "end": 1617.91,
    "speaker": "老师",
    "text": "大家知道了这个角是三十度，"
  },
  {
    "start": 1618.29,
    "end": 1622.71,
    "speaker": "老师",
    "text": "一距不就是三十度的对边吗？"
  },
  {
    "start": 1623.11,
    "end": 1623.49,
    "speaker": "老师",
    "text": "嗯，"
  },
  {
    "start": 1623.49,
    "end": 1654.37,
    "speaker": "老师",
    "text": "这边知道依据是多少啊？"
  },
  {
    "start": 1654.37,
    "end": 1656.05,
    "speaker": "老师",
    "text": "二、减根号三，"
  },
  {
    "start": 1656.05,
    "end": 1661.76,
    "speaker": "老师",
    "text": "那三十度所对的直角边会等于斜边的一半。"
  },
  {
    "start": 1661.76,
    "end": 1665.42,
    "speaker": "老师",
    "text": "现在直角边知道要求斜边，"
  },
  {
    "start": 1665.42,
    "end": 1669.28,
    "speaker": "老师",
    "text": "那不就是一g的两倍吗？"
  },
  {
    "start": 1669.48,
    "end": 1673.3,
    "speaker": "老师",
    "text": "因此它不用解方程，"
  },
  {
    "start": 1673.36,
    "end": 1680.42,
    "speaker": "老师",
    "text": "它就马上可以知道HG等于四减二倍的根号三。"
  },
  {
    "start": 1680.46,
    "end": 1682.08,
    "speaker": "老师",
    "text": "同学们，"
  },
  {
    "start": 1682.34,
    "end": 1686.4,
    "speaker": "老师",
    "text": "你觉得这种方法妙不妙？"
  },
  {
    "start": 1686.48,
    "end": 1687.52,
    "speaker": "老师",
    "text": "的确很好，"
  },
  {
    "start": 1687.52,
    "end": 1693.76,
    "speaker": "老师",
    "text": "希望同学们哎花点时间来梳理一下，"
  },
  {
    "start": 1693.76,
    "end": 1696.1,
    "speaker": "老师",
    "text": "两种方法都可以，"
  },
  {
    "start": 1696.1,
    "end": 1700.34,
    "speaker": "老师",
    "text": "但是这种方法更高效一些。"
  },
  {
    "start": 1700.46,
    "end": 1707.18,
    "speaker": "老师",
    "text": "接下来继续跟着老师来到正方形中的折叠。"
  },
  {
    "start": 1707.7,
    "end": 1711.62,
    "speaker": "老师",
    "text": "请同学们先看题，"
  },
  {
    "start": 1711.68,
    "end": 1713.14,
    "speaker": "老师",
    "text": "同学们，"
  },
  {
    "start": 1713.14,
    "end": 1717.59,
    "speaker": "老师",
    "text": "我们一起来看正方形。"
  },
  {
    "start": 1717.87,
    "end": 1727.3,
    "speaker": "老师",
    "text": "Abcd的边长为二m是BC的中点将正方形折叠使点a与点m重合，"
  },
  {
    "start": 1727.3,
    "end": 1730.2,
    "speaker": "老师",
    "text": "折痕为EF要求。"
  },
  {
    "start": 1730.32,
    "end": 1735.59,
    "speaker": "老师",
    "text": "Ef的差又是求线段差。"
  },
  {
    "start": 1735.81,
    "end": 1736.29,
    "speaker": "老师",
    "text": "好，"
  },
  {
    "start": 1736.29,
    "end": 1739.01,
    "speaker": "老师",
    "text": "同学们，"
  },
  {
    "start": 1739.01,
    "end": 1740.79,
    "speaker": "老师",
    "text": "你会怎样想呢？"
  },
  {
    "start": 1741.25,
    "end": 1743.55,
    "speaker": "老师",
    "text": "他说有点无从下手。"
  },
  {
    "start": 1743.55,
    "end": 1744.71,
    "speaker": "老师",
    "text": "没关系，"
  },
  {
    "start": 1744.71,
    "end": 1817.85,
    "speaker": "老师",
    "text": "我们先把知道的条件把它备注出来。"
  },
  {
    "start": 1817.89,
    "end": 1822.33,
    "speaker": "老师",
    "text": "大家看边长为二m是终点，"
  },
  {
    "start": 1822.63,
    "end": 1825.49,
    "speaker": "老师",
    "text": "那BM等于一好，"
  },
  {
    "start": 1825.49,
    "end": 1827.31,
    "speaker": "老师",
    "text": "还有吗？"
  },
  {
    "start": 1827.39,
    "end": 1832.73,
    "speaker": "老师",
    "text": "因为有这个一和二，"
  },
  {
    "start": 1833.25,
    "end": 1836.38,
    "speaker": "老师",
    "text": "你会有什么样的想法呢？"
  },
  {
    "start": 1838.05,
    "end": 1839.36,
    "speaker": "老师",
    "text": "有些同学说，"
  },
  {
    "start": 1841.07,
    "end": 1844.01,
    "speaker": "老师",
    "text": "老师我先不管连接AM吧。"
  },
  {
    "start": 1844.23,
    "end": 1847.17,
    "speaker": "老师",
    "text": "那大家发现连了AM,"
  },
  {
    "start": 1847.17,
    "end": 1852.87,
    "speaker": "老师",
    "text": "因为a点和m点是对应点，"
  },
  {
    "start": 1852.93,
    "end": 1858.05,
    "speaker": "老师",
    "text": "那么EF是折痕。"
  },
  {
    "start": 1858.11,
    "end": 1859.99,
    "speaker": "老师",
    "text": "刚才我们已经说了，"
  },
  {
    "start": 1859.99,
    "end": 1871.73,
    "speaker": "老师",
    "text": "成轴对称的两个图形的对应点的连线被垂直被对称轴垂直平分，"
  },
  {
    "start": 1871.89,
    "end": 1873.93,
    "speaker": "老师",
    "text": "而折痕就是对称轴啊，"
  },
  {
    "start": 1874.13,
    "end": 1884.56,
    "speaker": "老师",
    "text": "因此EF就会是AM的垂直平分线。"
  },
  {
    "start": 1886.0,
    "end": 1887.68,
    "speaker": "老师",
    "text": "好，"
  },
  {
    "start": 1887.74,
    "end": 1893.43,
    "speaker": "老师",
    "text": "这个垂直又能够带给我们怎样的联想呢？"
  },
  {
    "start": 1893.51,
    "end": 1894.15,
    "speaker": "老师",
    "text": "请注意，"
  },
  {
    "start": 1894.15,
    "end": 1907.03,
    "speaker": "老师",
    "text": "因为背景是在正方形ABCD中跟着老师一起来回顾前面我们所做过的一道思考题。"
  },
  {
    "start": 1907.11,
    "end": 1911.83,
    "speaker": "老师",
    "text": "请大家先看图，"
  },
  {
    "start": 1912.25,
    "end": 1918.79,
    "speaker": "老师",
    "text": "在前面课程的学习过程当中，"
  },
  {
    "start": 1918.79,
    "end": 1924.54,
    "speaker": "老师",
    "text": "对这三个图我们已经进行了探究。"
  },
  {
    "start": 1924.54,
    "end": 1926.62,
    "speaker": "老师",
    "text": "请大家看到这三个图，"
  },
  {
    "start": 1926.62,
    "end": 1933.78,
    "speaker": "老师",
    "text": "我们经历了从特殊到一般探究之后，"
  },
  {
    "start": 1933.78,
    "end": 1941.55,
    "speaker": "老师",
    "text": "我们发现像这样的两条线段在正方形的背景下垂直。"
  },
  {
    "start": 1941.55,
    "end": 1955.53,
    "speaker": "老师",
    "text": "我们通过推理证明就得知这两条线段会相等这样一个数量关系。"
  },
  {
    "start": 1955.87,
    "end": 1962.23,
    "speaker": "老师",
    "text": "那么回到我们刚才的折叠当中的正方形，"
  },
  {
    "start": 1962.45,
    "end": 1965.57,
    "speaker": "老师",
    "text": "大家看到ABCD是正方形，"
  },
  {
    "start": 1965.57,
    "end": 1975.1,
    "speaker": "老师",
    "text": "这两条线段的位置关系跟刚才一样的垂直也有。"
  },
  {
    "start": 1975.1,
    "end": 1982.36,
    "speaker": "老师",
    "text": "因此我们也可以进行推理证明得到EF等于AM."
  },
  {
    "start": 1982.48,
    "end": 1986.0,
    "speaker": "老师",
    "text": "那要我们求EF的长，"
  },
  {
    "start": 1986.0,
    "end": 1990.48,
    "speaker": "老师",
    "text": "不就转化为求AM的长吗？"
  },
  {
    "start": 1990.48,
    "end": 1992.84,
    "speaker": "老师",
    "text": "好要求AM的长。"
  },
  {
    "start": 1992.86,
    "end": 1993.86,
    "speaker": "老师",
    "text": "同学们，"
  },
  {
    "start": 1993.86,
    "end": 2000.54,
    "speaker": "老师",
    "text": "我们把目光聚焦到直角三角形ABM中，"
  },
  {
    "start": 2000.54,
    "end": 2006.04,
    "speaker": "老师",
    "text": "不就可以利用勾股定理求出AM等于根号五吗？"
  },
  {
    "start": 2006.04,
    "end": 2006.64,
    "speaker": "老师",
    "text": "好，"
  },
  {
    "start": 2006.64,
    "end": 2008.78,
    "speaker": "老师",
    "text": "这样EF也就迎刃而解，"
  },
  {
    "start": 2009.0,
    "end": 2010.26,
    "speaker": "老师",
    "text": "为根号五了。"
  },
  {
    "start": 2010.46,
    "end": 2011.34,
    "speaker": "老师",
    "text": "同学们，"
  },
  {
    "start": 2011.34,
    "end": 2013.02,
    "speaker": "老师",
    "text": "你学会了吗？"
  },
  {
    "start": 2013.22,
    "end": 2016.86,
    "speaker": "老师",
    "text": "接下来希望你能学以致用，"
  },
  {
    "start": 2016.86,
    "end": 2018.74,
    "speaker": "老师",
    "text": "请看题试试看吧。"
  },
  {
    "start": 2018.74,
    "end": 2030.03,
    "speaker": "老师",
    "text": "大家来看题目是将边长为十二的正方形ABCD折叠使点d落在边CB上的点e处，"
  },
  {
    "start": 2030.03,
    "end": 2032.05,
    "speaker": "老师",
    "text": "折痕为FGFG,"
  },
  {
    "start": 2032.05,
    "end": 2032.95,
    "speaker": "老师",
    "text": "长为十三，"
  },
  {
    "start": 2032.95,
    "end": 2035.21,
    "speaker": "老师",
    "text": "要你求DF."
  },
  {
    "start": 2035.21,
    "end": 2037.67,
    "speaker": "老师",
    "text": "大家看清楚了，"
  },
  {
    "start": 2037.67,
    "end": 2048.9,
    "speaker": "老师",
    "text": "要求的是DF还是求线段差，"
  },
  {
    "start": 2048.9,
    "end": 2050.54,
    "speaker": "老师",
    "text": "这个问题怎么办呢？"
  },
  {
    "start": 2050.54,
    "end": 2055.48,
    "speaker": "老师",
    "text": "我们先将已知条件上图边长为十二，"
  },
  {
    "start": 2055.48,
    "end": 2059.0,
    "speaker": "老师",
    "text": "还有这条FG等于十三要求的是DF."
  },
  {
    "start": 2059.44,
    "end": 2062.7,
    "speaker": "老师",
    "text": "受我们前面这些题目的启发，"
  },
  {
    "start": 2062.84,
    "end": 2065.04,
    "speaker": "老师",
    "text": "我们会想到什么呢？"
  },
  {
    "start": 2065.04,
    "end": 2066.05,
    "speaker": "老师",
    "text": "方程好方程，"
  },
  {
    "start": 2065.58,
    "end": 2066.05,
    "speaker": "老师",
    "text": "那我们就会继续联想直角三角形。"
  },
  {
    "start": 2065.58,
    "end": 2066.05,
    "speaker": "老师",
    "text": "而DF好，"
  },
  {
    "start": 2065.58,
    "end": 2066.05,
    "speaker": "老师",
    "text": "有些同学已经发现了DF和EF会相等，"
  },
  {
    "start": 2065.58,
    "end": 2066.05,
    "speaker": "老师",
    "text": "那就有直角三角形EEFC好EFC EFC哪条边都不知道接下来怎么办呢？"
  },
  {
    "start": 2065.58,
    "end": 2066.05,
    "speaker": "老师",
    "text": "受我们刚才那道例题的启发，"
  },
  {
    "start": 2065.58,
    "end": 2066.05,
    "speaker": "老师",
    "text": "大家知道d点和e点是折叠前后的对应点，"
  },
  {
    "start": 2065.58,
    "end": 2066.05,
    "speaker": "老师",
    "text": "因此你就会连接d一，"
  },
  {
    "start": 2065.58,
    "end": 2066.05,
    "speaker": "老师",
    "text": "那折痕就会是DE的垂直平分线，"
  },
  {
    "start": 2065.58,
    "end": 2066.05,
    "speaker": "老师",
    "text": "那一FG和DE就会相等，"
  },
  {
    "start": 2065.58,
    "end": 2066.05,
    "speaker": "老师",
    "text": "因此我们可以得到d一也等于十三。"
  },
  {
    "start": 2065.58,
    "end": 2066.05,
    "speaker": "老师",
    "text": "好，"
  },
  {
    "start": 2065.58,
    "end": 2066.05,
    "speaker": "老师",
    "text": "请同学们看到。"
  },
  {
    "start": 2065.58,
    "end": 2066.05,
    "speaker": "老师",
    "text": "那这样就可以利用勾股定理求出c一呀，"
  },
  {
    "start": 2065.58,
    "end": 2066.05,
    "speaker": "老师",
    "text": "等于五好。"
  },
  {
    "start": 2065.58,
    "end": 2066.05,
    "speaker": "老师",
    "text": "在直角三角形EFC中，"
  },
  {
    "start": 2065.58,
    "end": 2066.05,
    "speaker": "老师",
    "text": "我们发现已经得知一条边。"
  },
  {
    "start": 2065.58,
    "end": 2066.05,
    "speaker": "老师",
    "text": "那接下来呢接下来要求DF,"
  },
  {
    "start": 2065.58,
    "end": 2066.05,
    "speaker": "老师",
    "text": "我们不凡设DF为x,"
  },
  {
    "start": 2065.58,
    "end": 2066.05,
    "speaker": "老师",
    "text": "那EF也为x,"
  },
  {
    "start": 2065.58,
    "end": 2066.05,
    "speaker": "老师",
    "text": "那FC就为十二减x."
  },
  {
    "start": 2065.58,
    "end": 2066.05,
    "speaker": "老师",
    "text": "同学们接下来请看到三角形EFC直角三角形三条边，"
  },
  {
    "start": 2065.58,
    "end": 2066.05,
    "speaker": "老师",
    "text": "我们都已表达出来。"
  },
  {
    "start": 2065.58,
    "end": 2066.05,
    "speaker": "老师",
    "text": "这个时候我们可以利用勾股定理建立方程。"
  },
  {
    "start": 2065.58,
    "end": 2066.05,
    "speaker": "老师",
    "text": "请看到那对于这个方程，"
  },
  {
    "start": 2065.58,
    "end": 2066.05,
    "speaker": "老师",
    "text": "接下来我们求解就可以得到x的值，"
  },
  {
    "start": 2065.58,
    "end": 2066.05,
    "speaker": "老师",
    "text": "而x就是DF的长啊，"
  },
  {
    "start": 2065.58,
    "end": 2066.05,
    "speaker": "老师",
    "text": "所以问题迎刃而解了。"
  },
  {
    "start": 2065.58,
    "end": 2066.05,
    "speaker": "老师",
    "text": "那么在本堂课的体验，"
  },
  {
    "start": 2065.58,
    "end": 2066.05,
    "speaker": "老师",
    "text": "同学们，"
  },
  {
    "start": 2065.58,
    "end": 2066.05,
    "speaker": "老师",
    "text": "你来谈谈你学了什么，"
  },
  {
    "start": 2065.58,
    "end": 2066.05,
    "speaker": "老师",
    "text": "你又悟到了什么呢？"
  },
  {
    "start": 2065.58,
    "end": 2066.05,
    "speaker": "老师",
    "text": "对于贺老师说最深刻的体会，"
  },
  {
    "start": 2065.58,
    "end": 2066.05,
    "speaker": "老师",
    "text": "跟大家一起来交流第一个折叠的本质。"
  },
  {
    "start": 2065.58,
    "end": 2066.05,
    "speaker": "老师",
    "text": "今天贺老师跟大家一起在分享的那就是矩形中的折叠，"
  },
  {
    "start": 2065.58,
    "end": 2066.05,
    "speaker": "老师",
    "text": "正方形中的折叠。"
  },
  {
    "start": 2065.58,
    "end": 2066.05,
    "speaker": "老师",
    "text": "第二个转化思想。"
  },
  {
    "start": 2065.58,
    "end": 2066.05,
    "speaker": "老师",
    "text": "我们在解决数学问题的时候，"
  },
  {
    "start": 2065.58,
    "end": 2066.05,
    "speaker": "老师",
    "text": "要不断的去体验这个转化思想。"
  },
  {
    "start": 2065.58,
    "end": 2066.05,
    "speaker": "老师",
    "text": "而本节课我们用到的最重要的一条主线，"
  },
  {
    "start": 2065.58,
    "end": 2066.05,
    "speaker": "老师",
    "text": "那就是方程思想。"
  },
  {
    "start": 2065.58,
    "end": 2066.05,
    "speaker": "老师",
    "text": "希望同学们以后在解决类似的问题的时候也会学以致用。"
  },
  {
    "start": 2065.58,
    "end": 2066.05,
    "speaker": "老师",
    "text": "最后老师布置了三项作业，"
  },
  {
    "start": 2065.58,
    "end": 2066.05,
    "speaker": "老师",
    "text": "请大家看清楚好，"
  },
  {
    "start": 2065.58,
    "end": 2066.05,
    "speaker": "老师",
    "text": "最后的一项作业呢是写一篇小作文折叠的启发，"
  },
  {
    "start": 2065.58,
    "end": 2066.05,
    "speaker": "老师",
    "text": "希望同学们更多的来跟老师分享。"
  },
  {
    "start": 2065.58,
    "end": 2066.05,
    "speaker": "老师",
    "text": "所以发到老师的邮箱，"
  },
  {
    "start": 2065.58,
    "end": 2066.05,
    "speaker": "老师",
    "text": "老师也愿意跟你们一起分享。"
  },
  {
    "start": 2065.58,
    "end": 2066.05,
    "speaker": "老师",
    "text": "好，"
  },
  {
    "start": 2065.58,
    "end": 2066.05,
    "speaker": "老师",
    "text": "本节课到此结束，"
  },
  {
    "start": 2065.58,
    "end": 2066.05,
    "speaker": "老师",
    "text": "同学们再见。"
  }
]