[
  {
    "start": 11.5,
    "end": 12.8,
    "speaker": "老师",
    "text": "同学们好，"
  },
  {
    "start": 12.84,
    "end": 16.34,
    "speaker": "老师",
    "text": "上节课我们已经认识了分式，"
  },
  {
    "start": 16.34,
    "end": 19.93,
    "speaker": "老师",
    "text": "我们学习了分式的定义。"
  },
  {
    "start": 19.93,
    "end": 23.19,
    "speaker": "老师",
    "text": "分式的定义中有三个要求，"
  },
  {
    "start": 23.19,
    "end": 28.46,
    "speaker": "老师",
    "text": "首先得满足b分之a的形式。"
  },
  {
    "start": 28.46,
    "end": 37.32,
    "speaker": "老师",
    "text": "Ab呢代表两个整式还需满足b中含有字母，"
  },
  {
    "start": 37.32,
    "end": 42.85,
    "speaker": "老师",
    "text": "特别注意对于任意一个分式分母都不能为零。"
  },
  {
    "start": 42.85,
    "end": 49.41,
    "speaker": "老师",
    "text": "我们还学习了分式的相关知识，"
  },
  {
    "start": 49.41,
    "end": 51.84,
    "speaker": "老师",
    "text": "有分是有意义，"
  },
  {
    "start": 52.89,
    "end": 54.59,
    "speaker": "老师",
    "text": "但是无意义。"
  },
  {
    "start": 54.59,
    "end": 59.07,
    "speaker": "老师",
    "text": "分式的值为零分式有意义，"
  },
  {
    "start": 59.19,
    "end": 61.31,
    "speaker": "老师",
    "text": "满足什么呢？"
  },
  {
    "start": 61.59,
    "end": 63.79,
    "speaker": "老师",
    "text": "分母固等于零，"
  },
  {
    "start": 63.79,
    "end": 66.05,
    "speaker": "老师",
    "text": "分析无意义呢。"
  },
  {
    "start": 66.17,
    "end": 68.23,
    "speaker": "老师",
    "text": "分母等于零，"
  },
  {
    "start": 68.47,
    "end": 70.7,
    "speaker": "老师",
    "text": "分式的值为零，"
  },
  {
    "start": 71.0,
    "end": 73.12,
    "speaker": "老师",
    "text": "意味着分值等于零，"
  },
  {
    "start": 73.86,
    "end": 75.58,
    "speaker": "老师",
    "text": "且分母不等于零。"
  },
  {
    "start": 75.58,
    "end": 94.54,
    "speaker": "老师",
    "text": "本节课我们将继续认识分式。"
  },
  {
    "start": 95.22,
    "end": 99.34,
    "speaker": "老师",
    "text": "首先我们来看看本节课的学习目标，"
  },
  {
    "start": 99.34,
    "end": 108.42,
    "speaker": "老师",
    "text": "请同学们思考八分之四等于二分之一等于六分之三吗？"
  },
  {
    "start": 108.42,
    "end": 111.48,
    "speaker": "老师",
    "text": "你的判断依据是什么？"
  },
  {
    "start": 111.6,
    "end": 112.02,
    "speaker": "老师",
    "text": "显然，"
  },
  {
    "start": 112.02,
    "end": 115.36,
    "speaker": "老师",
    "text": "八分之四等于二分之一，"
  },
  {
    "start": 115.54,
    "end": 118.69,
    "speaker": "老师",
    "text": "也等于六分之三。"
  },
  {
    "start": 118.69,
    "end": 123.31,
    "speaker": "老师",
    "text": "八分之四为什么会等于二分之一呢？"
  },
  {
    "start": 123.31,
    "end": 131.87,
    "speaker": "老师",
    "text": "分子分母同时除以四二分之一等于六分之三呢？"
  },
  {
    "start": 131.87,
    "end": 136.96,
    "speaker": "老师",
    "text": "分子分母同时乘以三，"
  },
  {
    "start": 136.96,
    "end": 142.96,
    "speaker": "老师",
    "text": "这种做法的判断依据是分数的基本性质。"
  },
  {
    "start": 143.02,
    "end": 148.56,
    "speaker": "老师",
    "text": "你还记得它的主要内容吗？"
  },
  {
    "start": 148.64,
    "end": 156.71,
    "speaker": "老师",
    "text": "分数的分子分母同时乘或除以一个相同的数零除外。"
  },
  {
    "start": 156.71,
    "end": 159.01,
    "speaker": "老师",
    "text": "分数的大小不变。"
  },
  {
    "start": 159.95,
    "end": 194.99,
    "speaker": "老师",
    "text": "我们类比分数，"
  },
  {
    "start": 195.09,
    "end": 198.89,
    "speaker": "老师",
    "text": "你认为二a分之a与二分之一相等吗？"
  },
  {
    "start": 198.97,
    "end": 202.89,
    "speaker": "老师",
    "text": "Mn分之n平方与m分之n呢？"
  },
  {
    "start": 202.89,
    "end": 205.64,
    "speaker": "老师",
    "text": "请你想一想，"
  },
  {
    "start": 205.64,
    "end": 211.38,
    "speaker": "老师",
    "text": "相信同学们已经得到的答案。"
  },
  {
    "start": 211.38,
    "end": 215.38,
    "speaker": "老师",
    "text": "二a分之a等于二分之一，"
  },
  {
    "start": 216.32,
    "end": 222.01,
    "speaker": "老师",
    "text": "MN分之n平方呢也会等于m分之n."
  },
  {
    "start": 222.21,
    "end": 224.01,
    "speaker": "老师",
    "text": "怎么理解的呢？"
  },
  {
    "start": 224.37,
    "end": 226.35,
    "speaker": "老师",
    "text": "从左往右看，"
  },
  {
    "start": 226.35,
    "end": 241.17,
    "speaker": "老师",
    "text": "分式分子分母同时除以a第二个呢分式的分子分母同时除以n我们会理解分式与分数类似，"
  },
  {
    "start": 241.17,
    "end": 243.43,
    "speaker": "老师",
    "text": "有相同的基本性质，"
  },
  {
    "start": 244.61,
    "end": 248.79,
    "speaker": "老师",
    "text": "请同学们类比分数的基本性质。"
  },
  {
    "start": 248.97,
    "end": 254.15,
    "speaker": "老师",
    "text": "说一说分式的基本性质，"
  },
  {
    "start": 254.15,
    "end": 264.79,
    "speaker": "老师",
    "text": "我们看分数中分子分母同时乘或除以的是一个相同的数。"
  },
  {
    "start": 264.79,
    "end": 270.46,
    "speaker": "老师",
    "text": "那么分式呢就不仅限于数，"
  },
  {
    "start": 270.46,
    "end": 273.54,
    "speaker": "老师",
    "text": "可以是一个相同的整式，"
  },
  {
    "start": 273.54,
    "end": 280.69,
    "speaker": "老师",
    "text": "分式的分子分母都乘或除以同一个整式，"
  },
  {
    "start": 280.73,
    "end": 283.94,
    "speaker": "老师",
    "text": "结果是分式的值不变，"
  },
  {
    "start": 283.94,
    "end": 287.56,
    "speaker": "老师",
    "text": "分数中有零除外的要求。"
  },
  {
    "start": 287.56,
    "end": 303.41,
    "speaker": "老师",
    "text": "分式呢分式的分母与分数一样，"
  },
  {
    "start": 303.41,
    "end": 304.85,
    "speaker": "老师",
    "text": "分母不为零，"
  },
  {
    "start": 305.13,
    "end": 312.04,
    "speaker": "老师",
    "text": "所以分式中也有不能为零的要求，"
  },
  {
    "start": 312.24,
    "end": 314.6,
    "speaker": "老师",
    "text": "不为零的整数，"
  },
  {
    "start": 314.6,
    "end": 317.68,
    "speaker": "老师",
    "text": "这样我们就得到了分式的基本性质。"
  },
  {
    "start": 317.9,
    "end": 324.22,
    "speaker": "老师",
    "text": "我们将这个基本性质用字母表示，"
  },
  {
    "start": 324.46,
    "end": 331.19,
    "speaker": "老师",
    "text": "如果把原来的分式记成a分之b,"
  },
  {
    "start": 331.19,
    "end": 336.79,
    "speaker": "老师",
    "text": "那么我们乘或除以的是同一个整式。"
  },
  {
    "start": 340.72,
    "end": 347.15,
    "speaker": "老师",
    "text": "为了体现这个同一个，"
  },
  {
    "start": 347.33,
    "end": 350.76,
    "speaker": "老师",
    "text": "我们要用相同字母，"
  },
  {
    "start": 350.76,
    "end": 352.72,
    "speaker": "老师",
    "text": "我们先写乘的。"
  },
  {
    "start": 352.72,
    "end": 361.77,
    "speaker": "老师",
    "text": "如果分母是a乘以m那分子呢b乘以m那么m有什么要求呢？"
  },
  {
    "start": 361.81,
    "end": 364.55,
    "speaker": "老师",
    "text": "不等于零的整式，"
  },
  {
    "start": 364.61,
    "end": 409.34,
    "speaker": "老师",
    "text": "所以m不等于零再看除法，"
  },
  {
    "start": 409.34,
    "end": 413.77,
    "speaker": "老师",
    "text": "如果我把分母除以m分值，"
  },
  {
    "start": 413.91,
    "end": 420.57,
    "speaker": "老师",
    "text": "也要除以m才能保持它们的相等关系。"
  },
  {
    "start": 420.57,
    "end": 423.57,
    "speaker": "老师",
    "text": "这就是基本性质的字母，"
  },
  {
    "start": 423.57,
    "end": 431.5,
    "speaker": "老师",
    "text": "表示接下来我们运用分式的基本性质做这样的两道题请。"
  },
  {
    "start": 431.5,
    "end": 433.06,
    "speaker": "老师",
    "text": "同学们完成一下，"
  },
  {
    "start": 433.06,
    "end": 435.56,
    "speaker": "老师",
    "text": "我们一起来看一下。"
  },
  {
    "start": 435.56,
    "end": 436.82,
    "speaker": "老师",
    "text": "第一题，"
  },
  {
    "start": 436.82,
    "end": 442.26,
    "speaker": "老师",
    "text": "二x分之b等于二XY分之BY."
  },
  {
    "start": 442.48,
    "end": 449.0,
    "speaker": "老师",
    "text": "从左往右看我们发现分子分母多了，"
  },
  {
    "start": 449.28,
    "end": 460.82,
    "speaker": "老师",
    "text": "y意味着分子分母同时乘以y乘的这个整式不能等于零。"
  },
  {
    "start": 460.82,
    "end": 464.6,
    "speaker": "老师",
    "text": "M不等于零的要求。"
  },
  {
    "start": 464.6,
    "end": 467.6,
    "speaker": "老师",
    "text": "那么我们这里的y呢，"
  },
  {
    "start": 467.6,
    "end": 470.05,
    "speaker": "老师",
    "text": "是的，"
  },
  {
    "start": 470.05,
    "end": 474.53,
    "speaker": "老师",
    "text": "题目中也交代了y不等于零。"
  },
  {
    "start": 474.63,
    "end": 476.73,
    "speaker": "老师",
    "text": "步骤我们这样写，"
  },
  {
    "start": 476.73,
    "end": 479.1,
    "speaker": "老师",
    "text": "因为y不等于零，"
  },
  {
    "start": 479.1,
    "end": 490.85,
    "speaker": "老师",
    "text": "所以二x分之b等于二x乘以y分之b乘以y等于二XY分之BY."
  },
  {
    "start": 490.85,
    "end": 492.67,
    "speaker": "老师",
    "text": "第二题，"
  },
  {
    "start": 492.69,
    "end": 495.17,
    "speaker": "老师",
    "text": "从左往右看，"
  },
  {
    "start": 495.17,
    "end": 508.35,
    "speaker": "老师",
    "text": "我们发现分子分母少x意味着分子分母同时除以x同样的除的这个整式呢不能为力。"
  },
  {
    "start": 508.35,
    "end": 516.0,
    "speaker": "老师",
    "text": "在上一问中明显交代了y不等于零，"
  },
  {
    "start": 516.28,
    "end": 522.68,
    "speaker": "老师",
    "text": "这一问中有没有交代x不等于零呢？"
  },
  {
    "start": 523.02,
    "end": 524.1,
    "speaker": "老师",
    "text": "事实上，"
  },
  {
    "start": 524.1,
    "end": 534.78,
    "speaker": "老师",
    "text": "一个等式的左边是已知条件BX分之AX是已知分式。"
  },
  {
    "start": 534.78,
    "end": 569.02,
    "speaker": "老师",
    "text": "已知分式在无特别情况说明下是有意义的。"
  },
  {
    "start": 569.18,
    "end": 577.34,
    "speaker": "老师",
    "text": "Bx这个分母呢就不等于所以隐含了x不等于零的条件。"
  },
  {
    "start": 578.02,
    "end": 579.86,
    "speaker": "老师",
    "text": "步骤我们这样写，"
  },
  {
    "start": 579.96,
    "end": 581.54,
    "speaker": "老师",
    "text": "因为x不等于，"
  },
  {
    "start": 581.54,
    "end": 596.08,
    "speaker": "老师",
    "text": "所以BX分之AX等于BX除以x分之AX除以x等于b分之a我们将第二位换位置做的变色，"
  },
  {
    "start": 596.08,
    "end": 599.38,
    "speaker": "老师",
    "text": "判断这个等式是否成立呢？"
  },
  {
    "start": 599.38,
    "end": 603.61,
    "speaker": "老师",
    "text": "换了位置之后怎么理解呢？"
  },
  {
    "start": 603.61,
    "end": 605.97,
    "speaker": "老师",
    "text": "我们也来看从左往右看，"
  },
  {
    "start": 605.97,
    "end": 612.46,
    "speaker": "老师",
    "text": "意味着分子分母乘以x乘的这个x同样不能为零。"
  },
  {
    "start": 612.52,
    "end": 618.05,
    "speaker": "老师",
    "text": "那么这道题目中有没有隐含x不为零呢？"
  },
  {
    "start": 618.09,
    "end": 632.53,
    "speaker": "老师",
    "text": "左边是已知分式b分之a是已知的b一分之a有意义意味着b不等于有没有告诉你x不等于零呢？"
  },
  {
    "start": 632.53,
    "end": 632.95,
    "speaker": "老师",
    "text": "没有。"
  },
  {
    "start": 632.95,
    "end": 638.66,
    "speaker": "老师",
    "text": "所以如果就是这样的判断它是错误的。"
  },
  {
    "start": 638.66,
    "end": 643.81,
    "speaker": "老师",
    "text": "但是如果题目中加一个条件，"
  },
  {
    "start": 643.81,
    "end": 646.17,
    "speaker": "老师",
    "text": "x不等于零呢，"
  },
  {
    "start": 646.17,
    "end": 651.87,
    "speaker": "老师",
    "text": "那它就是正确的这种题目，"
  },
  {
    "start": 652.03,
    "end": 656.5,
    "speaker": "老师",
    "text": "我们特别要注意是否交代了x为零，"
  },
  {
    "start": 656.84,
    "end": 661.64,
    "speaker": "老师",
    "text": "有些是像第一问这样的直接交代，"
  },
  {
    "start": 661.64,
    "end": 665.52,
    "speaker": "老师",
    "text": "还有些像第二问这样的隐含条件，"
  },
  {
    "start": 665.52,
    "end": 669.32,
    "speaker": "老师",
    "text": "接下来我们继续探究，"
  },
  {
    "start": 669.32,
    "end": 671.71,
    "speaker": "老师",
    "text": "请看化简下列分数，"
  },
  {
    "start": 672.91,
    "end": 677.27,
    "speaker": "老师",
    "text": "同学们一定对这两个分数的化简很熟悉。"
  },
  {
    "start": 677.29,
    "end": 684.59,
    "speaker": "老师",
    "text": "我们直接来看二十一分之十二分子分母都是三的倍数，"
  },
  {
    "start": 684.65,
    "end": 689.5,
    "speaker": "老师",
    "text": "所以我们会除以三得到七分之四，"
  },
  {
    "start": 689.5,
    "end": 693.08,
    "speaker": "老师",
    "text": "第二七十二分之四十五。"
  },
  {
    "start": 693.08,
    "end": 698.59,
    "speaker": "老师",
    "text": "如果我也发现它们是三的倍数，"
  },
  {
    "start": 698.59,
    "end": 702.65,
    "speaker": "老师",
    "text": "我也除以三得到二十四分之十五。"
  },
  {
    "start": 703.17,
    "end": 707.99,
    "speaker": "老师",
    "text": "如果我把它作为最后答案的话，"
  },
  {
    "start": 708.07,
    "end": 711.16,
    "speaker": "老师",
    "text": "你有什么想说的呢？"
  },
  {
    "start": 711.36,
    "end": 719.04,
    "speaker": "老师",
    "text": "同学们会发现这个还能接着化简二十四和十五还是三的倍数。"
  },
  {
    "start": 721.18,
    "end": 724.46,
    "speaker": "老师",
    "text": "所以我们再次除以三，"
  },
  {
    "start": 724.46,
    "end": 726.72,
    "speaker": "老师",
    "text": "得到八分之五。"
  },
  {
    "start": 726.88,
    "end": 727.82,
    "speaker": "老师",
    "text": "当然，"
  },
  {
    "start": 727.84,
    "end": 797.48,
    "speaker": "老师",
    "text": "如果我们能一次性观察到位，"
  },
  {
    "start": 797.64,
    "end": 800.74,
    "speaker": "老师",
    "text": "直接分子分母除以九，"
  },
  {
    "start": 800.86,
    "end": 803.26,
    "speaker": "老师",
    "text": "那也是可以的。"
  },
  {
    "start": 803.3,
    "end": 808.72,
    "speaker": "老师",
    "text": "这样也是百分之五这种做法的，"
  },
  {
    "start": 808.74,
    "end": 814.48,
    "speaker": "老师",
    "text": "在我们数学中称为约约分分数的约分。"
  },
  {
    "start": 814.66,
    "end": 816.33,
    "speaker": "老师",
    "text": "约分约的是什么呢？"
  },
  {
    "start": 817.06,
    "end": 820.94,
    "speaker": "老师",
    "text": "这里的三这里的九是公因数分子，"
  },
  {
    "start": 820.94,
    "end": 827.75,
    "speaker": "老师",
    "text": "分母的公因数约分的结果要像我们第二问一样，"
  },
  {
    "start": 827.75,
    "end": 829.21,
    "speaker": "老师",
    "text": "化成八分之五，"
  },
  {
    "start": 829.55,
    "end": 832.69,
    "speaker": "老师",
    "text": "这叫最简分数，"
  },
  {
    "start": 832.69,
    "end": 834.75,
    "speaker": "老师",
    "text": "有的时候也是整数。"
  },
  {
    "start": 834.75,
    "end": 843.51,
    "speaker": "老师",
    "text": "那么请同学们类比分数的化简尝试化简下面两个分式。"
  },
  {
    "start": 844.39,
    "end": 846.07,
    "speaker": "老师",
    "text": "分数的化解，"
  },
  {
    "start": 846.07,
    "end": 849.4,
    "speaker": "老师",
    "text": "关键是找整公因数。"
  },
  {
    "start": 849.72,
    "end": 856.14,
    "speaker": "老师",
    "text": "那么分式的化解关键是什么呢？"
  },
  {
    "start": 857.16,
    "end": 858.64,
    "speaker": "老师",
    "text": "找准供应式，"
  },
  {
    "start": 858.64,
    "end": 860.32,
    "speaker": "老师",
    "text": "什么是公因式呢？"
  },
  {
    "start": 860.32,
    "end": 864.34,
    "speaker": "老师",
    "text": "分子分母相同的因式。"
  },
  {
    "start": 864.4,
    "end": 866.28,
    "speaker": "老师",
    "text": "我们来看第一题，"
  },
  {
    "start": 866.28,
    "end": 870.93,
    "speaker": "老师",
    "text": "分子分母相同的因式是什么呢？"
  },
  {
    "start": 870.93,
    "end": 875.17,
    "speaker": "老师",
    "text": "我们发现它们都有相同的字母，"
  },
  {
    "start": 875.17,
    "end": 882.7,
    "speaker": "老师",
    "text": "a也有相同的字母b它的指数涨最低次幂。"
  },
  {
    "start": 882.7,
    "end": 888.72,
    "speaker": "老师",
    "text": "所以我们发现它的公因式是AB,"
  },
  {
    "start": 888.72,
    "end": 892.22,
    "speaker": "老师",
    "text": "我们将分子进行改写，"
  },
  {
    "start": 892.22,
    "end": 894.83,
    "speaker": "老师",
    "text": "得到这样的结果。"
  },
  {
    "start": 894.83,
    "end": 897.0,
    "speaker": "老师",
    "text": "Ab乘以AC,"
  },
  {
    "start": 897.6,
    "end": 900.28,
    "speaker": "老师",
    "text": "分母保持不变，"
  },
  {
    "start": 900.28,
    "end": 902.64,
    "speaker": "老师",
    "text": "谁是公因式呢？"
  },
  {
    "start": 902.68,
    "end": 904.4,
    "speaker": "老师",
    "text": "现在看的很清楚，"
  },
  {
    "start": 904.4,
    "end": 907.99,
    "speaker": "老师",
    "text": "AB是我们的公因式，"
  },
  {
    "start": 907.99,
    "end": 908.55,
    "speaker": "老师",
    "text": "将它约去，"
  },
  {
    "start": 908.55,
    "end": 914.91,
    "speaker": "老师",
    "text": "答案为ac第二分子分母呢改成了多项式，"
  },
  {
    "start": 915.77,
    "end": 920.01,
    "speaker": "老师",
    "text": "这个时候又该怎么找出它的公因式呢？"
  },
  {
    "start": 920.01,
    "end": 924.61,
    "speaker": "老师",
    "text": "根据我们第四章的因式分解的内容，"
  },
  {
    "start": 925.97,
    "end": 931.82,
    "speaker": "老师",
    "text": "我们知道先要将多项式因式分解。"
  },
  {
    "start": 932.68,
    "end": 936.38,
    "speaker": "老师",
    "text": "我们来看分子x平方减一，"
  },
  {
    "start": 936.38,
    "end": 941.8,
    "speaker": "老师",
    "text": "可以理解成x平方减一的平方，"
  },
  {
    "start": 941.8,
    "end": 944.23,
    "speaker": "老师",
    "text": "它是一个平方差公式，"
  },
  {
    "start": 945.66,
    "end": 950.34,
    "speaker": "老师",
    "text": "括号x加一乘以括号x减一，"
  },
  {
    "start": 950.34,
    "end": 956.1,
    "speaker": "老师",
    "text": "弹幕x平方减二x加一把一也理解成一的平方。"
  },
  {
    "start": 956.1,
    "end": 959.28,
    "speaker": "老师",
    "text": "分母是完全平方公式，"
  },
  {
    "start": 959.28,
    "end": 964.15,
    "speaker": "老师",
    "text": "答案为括号x减一的平方，"
  },
  {
    "start": 964.15,
    "end": 967.91,
    "speaker": "老师",
    "text": "这样就得到了因式分解的结果。"
  },
  {
    "start": 967.91,
    "end": 1021.37,
    "speaker": "老师",
    "text": "我们再来观察，"
  },
  {
    "start": 1021.37,
    "end": 1029.31,
    "speaker": "老师",
    "text": "这个时候我们就能看出它们的公因式是x减一。"
  },
  {
    "start": 1029.31,
    "end": 1040.26,
    "speaker": "老师",
    "text": "我们将它约去注意分母中平方意味着有两个x减一相乘，"
  },
  {
    "start": 1040.66,
    "end": 1043.02,
    "speaker": "老师",
    "text": "所以约了一个之后，"
  },
  {
    "start": 1043.02,
    "end": 1049.1,
    "speaker": "老师",
    "text": "还有一个答案为x减一分之x加一。"
  },
  {
    "start": 1049.1,
    "end": 1058.26,
    "speaker": "老师",
    "text": "我们把这种做法约去分子分母的公因式这种变形，"
  },
  {
    "start": 1058.28,
    "end": 1062.22,
    "speaker": "老师",
    "text": "我们称为分式的约分。"
  },
  {
    "start": 1062.24,
    "end": 1066.87,
    "speaker": "老师",
    "text": "分式的约分它的依据是什么呢？"
  },
  {
    "start": 1066.87,
    "end": 1077.3,
    "speaker": "老师",
    "text": "我们以第一个为准AB能约去的道理是利用了分式的基本性质，"
  },
  {
    "start": 1077.34,
    "end": 1080.84,
    "speaker": "老师",
    "text": "分子分母同时除以AB."
  },
  {
    "start": 1081.04,
    "end": 1086.49,
    "speaker": "老师",
    "text": "所以它的理论依据在这里，"
  },
  {
    "start": 1086.49,
    "end": 1090.13,
    "speaker": "老师",
    "text": "为了更好的理解约份，"
  },
  {
    "start": 1090.13,
    "end": 1093.51,
    "speaker": "老师",
    "text": "我们再做两个相关的训练，"
  },
  {
    "start": 1093.53,
    "end": 1096.93,
    "speaker": "老师",
    "text": "请同学们完成一下。"
  },
  {
    "start": 1097.03,
    "end": 1099.34,
    "speaker": "老师",
    "text": "我们来看。"
  },
  {
    "start": 1099.4,
    "end": 1099.98,
    "speaker": "老师",
    "text": "第三，"
  },
  {
    "start": 1099.98,
    "end": 1103.04,
    "speaker": "老师",
    "text": "问，"
  },
  {
    "start": 1103.04,
    "end": 1108.04,
    "speaker": "老师",
    "text": "如果老师发现分子分母有公，"
  },
  {
    "start": 1108.04,
    "end": 1110.94,
    "speaker": "老师",
    "text": "因是y这样的感系，"
  },
  {
    "start": 1110.94,
    "end": 1130.22,
    "speaker": "老师",
    "text": "分子为五x乘以y分母呢二十x平方乘以y约取y答案是二十x平方分之五x把这个答案作为最后结果怎么样呢？"
  },
  {
    "start": 1130.22,
    "end": 1136.23,
    "speaker": "老师",
    "text": "我们发现他们还能接着约分。"
  },
  {
    "start": 1136.27,
    "end": 1139.43,
    "speaker": "老师",
    "text": "五跟二十能约分，"
  },
  {
    "start": 1139.43,
    "end": 1145.9,
    "speaker": "老师",
    "text": "分母为四x元x的平方也能约分。"
  },
  {
    "start": 1145.9,
    "end": 1151.42,
    "speaker": "老师",
    "text": "所以最后答案是四x分之一。"
  },
  {
    "start": 1151.72,
    "end": 1153.78,
    "speaker": "老师",
    "text": "像这样的分子，"
  },
  {
    "start": 1153.78,
    "end": 1159.37,
    "speaker": "老师",
    "text": "分母已经没有公因式了，"
  },
  {
    "start": 1159.63,
    "end": 1163.42,
    "speaker": "老师",
    "text": "我们把它叫做最简分式，"
  },
  {
    "start": 1163.42,
    "end": 1168.12,
    "speaker": "老师",
    "text": "分式与分数一样。"
  },
  {
    "start": 1168.12,
    "end": 1169.74,
    "speaker": "老师",
    "text": "最后的答案，"
  },
  {
    "start": 1169.74,
    "end": 1174.48,
    "speaker": "老师",
    "text": "要求化成最简形式。"
  },
  {
    "start": 1174.48,
    "end": 1177.2,
    "speaker": "老师",
    "text": "如果你能观察出五XY,"
  },
  {
    "start": 1177.26,
    "end": 1180.86,
    "speaker": "老师",
    "text": "整体是我们的公因式款，"
  },
  {
    "start": 1181.46,
    "end": 1186.92,
    "speaker": "老师",
    "text": "我们也可以一步改写到位，"
  },
  {
    "start": 1187.18,
    "end": 1190.68,
    "speaker": "老师",
    "text": "这样约去为XY,"
  },
  {
    "start": 1190.78,
    "end": 1193.28,
    "speaker": "老师",
    "text": "答案是四x分之一。"
  },
  {
    "start": 1193.28,
    "end": 1194.64,
    "speaker": "老师",
    "text": "第四问，"
  },
  {
    "start": 1194.7,
    "end": 1206.93,
    "speaker": "老师",
    "text": "分子分母是多项式的，"
  },
  {
    "start": 1207.17,
    "end": 1209.53,
    "speaker": "老师",
    "text": "这个时候怎么处理呢？"
  },
  {
    "start": 1209.91,
    "end": 1222.28,
    "speaker": "老师",
    "text": "我们可以先将分子分母因式分解，"
  },
  {
    "start": 1222.5,
    "end": 1229.04,
    "speaker": "老师",
    "text": "a平方加AB,"
  },
  {
    "start": 1229.08,
    "end": 1269.38,
    "speaker": "老师",
    "text": "可以用提公因式法提取a答案为a乘以括号a加b分母呢同样用体积公因式法提取b结果为b乘以括号b加a我们发现分子分母有公因式，"
  },
  {
    "start": 1269.48,
    "end": 1279.89,
    "speaker": "老师",
    "text": "公因式是a加b余HA加b答案为b分之a我们将这四位进行归纳总结，"
  },
  {
    "start": 1279.89,
    "end": 1285.74,
    "speaker": "老师",
    "text": "约分约的是分子分母的公因式，"
  },
  {
    "start": 1285.76,
    "end": 1291.64,
    "speaker": "老师",
    "text": "约分的依据是分式的基本性质。"
  },
  {
    "start": 1291.72,
    "end": 1312.43,
    "speaker": "老师",
    "text": "约分的结果呢要求化成最简分式或整式，"
  },
  {
    "start": 1312.43,
    "end": 1317.13,
    "speaker": "老师",
    "text": "意味着分子分母之间不存在公因式。"
  },
  {
    "start": 1317.19,
    "end": 1326.01,
    "speaker": "老师",
    "text": "约分的关键要找准分子分母的公因式，"
  },
  {
    "start": 1326.01,
    "end": 1329.03,
    "speaker": "老师",
    "text": "具体的有两类题，"
  },
  {
    "start": 1329.03,
    "end": 1359.63,
    "speaker": "老师",
    "text": "比如刚刚的第一，"
  },
  {
    "start": 1359.65,
    "end": 1363.42,
    "speaker": "老师",
    "text": "第三问的分子分母为单项式。"
  },
  {
    "start": 1363.9,
    "end": 1367.81,
    "speaker": "老师",
    "text": "它有什么步骤呢？"
  },
  {
    "start": 1367.81,
    "end": 1372.88,
    "speaker": "老师",
    "text": "我们首先得找到分子分母的公因式，"
  },
  {
    "start": 1372.88,
    "end": 1374.66,
    "speaker": "老师",
    "text": "找到公因式之后，"
  },
  {
    "start": 1374.66,
    "end": 1377.62,
    "speaker": "老师",
    "text": "再将它约去约分。"
  },
  {
    "start": 1377.62,
    "end": 1378.94,
    "speaker": "老师",
    "text": "再次提醒，"
  },
  {
    "start": 1378.94,
    "end": 1381.53,
    "speaker": "老师",
    "text": "约分的结果要化成最简，"
  },
  {
    "start": 1382.93,
    "end": 1393.69,
    "speaker": "老师",
    "text": "像我们这里的单项式系数怎么处理系数的公因式与我们前面分数一样，"
  },
  {
    "start": 1393.69,
    "end": 1399.18,
    "speaker": "老师",
    "text": "用最大公因数字母呢找相同字母的最低次幂。"
  },
  {
    "start": 1399.18,
    "end": 1401.06,
    "speaker": "老师",
    "text": "比如XX平方，"
  },
  {
    "start": 1401.6,
    "end": 1408.44,
    "speaker": "老师",
    "text": "我们找到最低次幂依次也就是x喂y,"
  },
  {
    "start": 1408.58,
    "end": 1414.1,
    "speaker": "老师",
    "text": "那么意味着最低次幂也是一次，"
  },
  {
    "start": 1414.1,
    "end": 1419.29,
    "speaker": "老师",
    "text": "所以五XY是它的公因式，"
  },
  {
    "start": 1419.29,
    "end": 1426.18,
    "speaker": "老师",
    "text": "第二类分子分母为多项式，"
  },
  {
    "start": 1426.32,
    "end": 1429.08,
    "speaker": "老师",
    "text": "我们要先进行因式分解，"
  },
  {
    "start": 1429.08,
    "end": 1433.04,
    "speaker": "老师",
    "text": "单项式不需要这一步，"
  },
  {
    "start": 1433.81,
    "end": 1438.49,
    "speaker": "老师",
    "text": "因式分解之后，"
  },
  {
    "start": 1438.49,
    "end": 1442.5,
    "speaker": "老师",
    "text": "我们才能观察出它们的。"
  },
  {
    "start": 1442.5,
    "end": 1446.74,
    "speaker": "老师",
    "text": "公因式接着约去公因式化成最简，"
  },
  {
    "start": 1446.82,
    "end": 1448.7,
    "speaker": "老师",
    "text": "我们接着探究，"
  },
  {
    "start": 1449.0,
    "end": 1456.1,
    "speaker": "老师",
    "text": "请问负y分之负x与y分之x有什么关系呢？"
  },
  {
    "start": 1480.41,
    "end": 1483.51,
    "speaker": "老师",
    "text": "相信同学们已经有了答案，"
  },
  {
    "start": 1483.51,
    "end": 1485.81,
    "speaker": "老师",
    "text": "他们是怎么样的呢？"
  },
  {
    "start": 1485.85,
    "end": 1488.84,
    "speaker": "老师",
    "text": "相等可以怎么想呢？"
  },
  {
    "start": 1488.84,
    "end": 1539.96,
    "speaker": "老师",
    "text": "我们想前面我们学习分式的基本性质是我们类比了分数。"
  },
  {
    "start": 1539.96,
    "end": 1544.56,
    "speaker": "老师",
    "text": "我们在研究分式的约分时，"
  },
  {
    "start": 1544.64,
    "end": 1546.96,
    "speaker": "老师",
    "text": "我们还是类比分数。"
  },
  {
    "start": 1546.96,
    "end": 1550.93,
    "speaker": "老师",
    "text": "那么研究这个符号时，"
  },
  {
    "start": 1550.95,
    "end": 1556.11,
    "speaker": "老师",
    "text": "我们也来类比分数。"
  },
  {
    "start": 1556.11,
    "end": 1563.05,
    "speaker": "老师",
    "text": "我们联想负五分之负三与五分之三的关系，"
  },
  {
    "start": 1563.05,
    "end": 1565.21,
    "speaker": "老师",
    "text": "它们是相等的。"
  },
  {
    "start": 1565.21,
    "end": 1574.51,
    "speaker": "老师",
    "text": "所以我们认为负y分之负x与y分之x也是相等。"
  },
  {
    "start": 1574.51,
    "end": 1577.54,
    "speaker": "老师",
    "text": "我们还能这样理解，"
  },
  {
    "start": 1577.54,
    "end": 1585.24,
    "speaker": "老师",
    "text": "分子分母同时乘以负一或分子分母同时除以负一，"
  },
  {
    "start": 1585.24,
    "end": 1600.07,
    "speaker": "老师",
    "text": "也能得到y分之x第二个y分之负x负y分之x y分之x的相反数有什么关系呢？"
  },
  {
    "start": 1600.07,
    "end": 1604.31,
    "speaker": "老师",
    "text": "我们会跟上面一样接着嘞，"
  },
  {
    "start": 1604.31,
    "end": 1687.92,
    "speaker": "老师",
    "text": "比如五分之负三负，"
  },
  {
    "start": 1687.92,
    "end": 1695.31,
    "speaker": "老师",
    "text": "五分之三五分之三的相反数，"
  },
  {
    "start": 1695.31,
    "end": 1699.12,
    "speaker": "老师",
    "text": "它们的关系是相等的。"
  },
  {
    "start": 1700.35,
    "end": 1706.85,
    "speaker": "老师",
    "text": "所以这三个的关系也是相等的这两个呀，"
  },
  {
    "start": 1706.85,
    "end": 1712.82,
    "speaker": "老师",
    "text": "方便我们判别分式的符号。"
  },
  {
    "start": 1712.84,
    "end": 1718.18,
    "speaker": "老师",
    "text": "接下来我们进入当行检测部分，"
  },
  {
    "start": 1718.46,
    "end": 1724.36,
    "speaker": "老师",
    "text": "检验一下同学们的学习效果。"
  },
  {
    "start": 1724.82,
    "end": 1727.75,
    "speaker": "老师",
    "text": "请同学们完成第一题，"
  },
  {
    "start": 1727.75,
    "end": 1735.8,
    "speaker": "老师",
    "text": "第一问我们看分子分母的比较，"
  },
  {
    "start": 1735.88,
    "end": 1737.8,
    "speaker": "老师",
    "text": "我们先看分母，"
  },
  {
    "start": 1737.8,
    "end": 1741.62,
    "speaker": "老师",
    "text": "分母明显多了。"
  },
  {
    "start": 1741.62,
    "end": 1751.7,
    "speaker": "老师",
    "text": "X加y意味着分子分母同时乘以这个价位，"
  },
  {
    "start": 1751.7,
    "end": 1761.93,
    "speaker": "老师",
    "text": "所以答案为二x乘以括号x加y第二分子分母为多项式不方便。"
  },
  {
    "start": 1761.93,
    "end": 1764.19,
    "speaker": "老师",
    "text": "我们直接看出结果。"
  },
  {
    "start": 1764.19,
    "end": 1772.23,
    "speaker": "老师",
    "text": "我们先将多项式因式分解分母y平方，"
  },
  {
    "start": 1772.37,
    "end": 1779.13,
    "speaker": "老师",
    "text": "解释可以理解成y平方减二平方，"
  },
  {
    "start": 1779.81,
    "end": 1782.09,
    "speaker": "老师",
    "text": "也就是平方差公式，"
  },
  {
    "start": 1782.47,
    "end": 1789.88,
    "speaker": "老师",
    "text": "分母为括号y加二乘以括号y减二。"
  },
  {
    "start": 1789.88,
    "end": 1795.54,
    "speaker": "老师",
    "text": "这个时候我们再去比较，"
  },
  {
    "start": 1795.68,
    "end": 1800.51,
    "speaker": "老师",
    "text": "我们发现分子除以了y加二，"
  },
  {
    "start": 1800.65,
    "end": 1804.9,
    "speaker": "老师",
    "text": "那么分母呢也要除以y加二，"
  },
  {
    "start": 1804.9,
    "end": 1809.75,
    "speaker": "老师",
    "text": "所以答案为y角接着看。"
  },
  {
    "start": 1809.75,
    "end": 1811.59,
    "speaker": "老师",
    "text": "第二个当场检测，"
  },
  {
    "start": 1811.83,
    "end": 1815.12,
    "speaker": "老师",
    "text": "请同学们完成这三道题。"
  },
  {
    "start": 1816.11,
    "end": 1819.64,
    "speaker": "老师",
    "text": "我们来看第一问，"
  },
  {
    "start": 1819.88,
    "end": 1823.76,
    "speaker": "老师",
    "text": "先看符号分子有负号，"
  },
  {
    "start": 1823.86,
    "end": 1830.11,
    "speaker": "老师",
    "text": "那么结果呢分式也应该是负号，"
  },
  {
    "start": 1830.11,
    "end": 1833.65,
    "speaker": "老师",
    "text": "再看剩下的系数部分。"
  },
  {
    "start": 1833.65,
    "end": 1838.09,
    "speaker": "老师",
    "text": "四与十四最大公因数为二，"
  },
  {
    "start": 1838.27,
    "end": 1841.69,
    "speaker": "老师",
    "text": "相同字母为MN,"
  },
  {
    "start": 1841.71,
    "end": 1847.23,
    "speaker": "老师",
    "text": "它们的次数呢最低次为一次，"
  },
  {
    "start": 1847.35,
    "end": 1851.16,
    "speaker": "老师",
    "text": "所以公因式是二MN,"
  },
  {
    "start": 1851.3,
    "end": 1855.3,
    "speaker": "老师",
    "text": "我们将它改写约去公因式。"
  },
  {
    "start": 1855.3,
    "end": 1860.75,
    "speaker": "老师",
    "text": "所以最后结果为二m分之七NK的相反数。"
  },
  {
    "start": 1861.11,
    "end": 1865.76,
    "speaker": "老师",
    "text": "第二个y减x与x减y什么关系呢？"
  },
  {
    "start": 1865.76,
    "end": 1868.27,
    "speaker": "老师",
    "text": "互为相反数，"
  },
  {
    "start": 1868.27,
    "end": 1871.86,
    "speaker": "老师",
    "text": "我们将y减x进行改写。"
  },
  {
    "start": 1872.0,
    "end": 1874.76,
    "speaker": "老师",
    "text": "分子是这样提升。"
  },
  {
    "start": 1874.76,
    "end": 1927.58,
    "speaker": "老师",
    "text": "这个时候我们发现它的公因式是x减y约去公因式，"
  },
  {
    "start": 1927.86,
    "end": 1939.85,
    "speaker": "老师",
    "text": "最后结果为括号x减y的平方分之一的相反数最后一个分子分母为多项式，"
  },
  {
    "start": 1939.85,
    "end": 1943.83,
    "speaker": "老师",
    "text": "我们应先将它进行因式分解。"
  },
  {
    "start": 1944.13,
    "end": 1969.7,
    "speaker": "老师",
    "text": "分子四减x平方可以理解成二的平方减x平方平方差公式改写为括号二加x乘以括号二减x分母x平方减二x用提公因式法进行因式分解，"
  },
  {
    "start": 1969.7,
    "end": 1983.92,
    "speaker": "老师",
    "text": "分母答案为x乘以括号x减二再观察这个时候我们就发现二减x和x减二，"
  },
  {
    "start": 1984.56,
    "end": 1988.7,
    "speaker": "老师",
    "text": "他们什么关系呢？"
  },
  {
    "start": 1989.04,
    "end": 1991.68,
    "speaker": "老师",
    "text": "与第二问类似，"
  },
  {
    "start": 1991.68,
    "end": 1995.37,
    "speaker": "老师",
    "text": "互为相反数，"
  },
  {
    "start": 1995.61,
    "end": 2000.82,
    "speaker": "老师",
    "text": "我们将分子中的二减x进行改写，"
  },
  {
    "start": 2000.82,
    "end": 2002.44,
    "speaker": "老师",
    "text": "是这样的结果。"
  },
  {
    "start": 2002.44,
    "end": 2004.39,
    "speaker": "老师",
    "text": "公因式为x减二，"
  },
  {
    "start": 2006.35,
    "end": 2007.41,
    "speaker": "老师",
    "text": "约去公因式，"
  },
  {
    "start": 2007.41,
    "end": 2011.76,
    "speaker": "老师",
    "text": "最后答案是x分之二加x的相反数。"
  },
  {
    "start": 2011.76,
    "end": 2014.57,
    "speaker": "老师",
    "text": "这三问各有侧重，"
  },
  {
    "start": 2014.57,
    "end": 2019.46,
    "speaker": "老师",
    "text": "第一问是分子分母为单项式的处理。"
  },
  {
    "start": 2019.46,
    "end": 2022.96,
    "speaker": "老师",
    "text": "第二问互为相反数的处理。"
  },
  {
    "start": 2023.08,
    "end": 2024.1,
    "speaker": "老师",
    "text": "第三，"
  },
  {
    "start": 2024.54,
    "end": 2029.07,
    "speaker": "老师",
    "text": "问分子分母为多项式的处理，"
  },
  {
    "start": 2029.15,
    "end": 2034.63,
    "speaker": "老师",
    "text": "并且也包含了第二问中的相反数处理。"
  },
  {
    "start": 2035.53,
    "end": 2040.12,
    "speaker": "老师",
    "text": "每一问中我们都有了符号的处理，"
  },
  {
    "start": 2040.12,
    "end": 2044.42,
    "speaker": "老师",
    "text": "我们再进入最后一个肛肠检测，"
  },
  {
    "start": 2044.44,
    "end": 2046.76,
    "speaker": "老师",
    "text": "先化简再求值，"
  },
  {
    "start": 2046.76,
    "end": 2048.52,
    "speaker": "老师",
    "text": "请你完成。"
  },
  {
    "start": 2048.56,
    "end": 2051.49,
    "speaker": "老师",
    "text": "我们一起来看一下。"
  },
  {
    "start": 2051.79,
    "end": 2056.81,
    "speaker": "老师",
    "text": "我们先将这个分式进行化简，"
  },
  {
    "start": 2056.81,
    "end": 2060.71,
    "speaker": "老师",
    "text": "它是分子分母为多项式，"
  },
  {
    "start": 2060.71,
    "end": 2063.41,
    "speaker": "老师",
    "text": "按照我们化简的要求，"
  },
  {
    "start": 2063.69,
    "end": 2066.64,
    "speaker": "老师",
    "text": "先做因式分解。"
  },
  {
    "start": 2066.64,
    "end": 2078.51,
    "speaker": "老师",
    "text": "这一步分子x平方减四x可以用提公因式法公因式为x结果为x乘以括号x减四，"
  },
  {
    "start": 2078.51,
    "end": 2083.89,
    "speaker": "老师",
    "text": "汤姆x平方减八x加十六，"
  },
  {
    "start": 2083.89,
    "end": 2087.39,
    "speaker": "老师",
    "text": "我们把十六看成四的平方，"
  },
  {
    "start": 2088.14,
    "end": 2089.82,
    "speaker": "老师",
    "text": "这是什么呢？"
  },
  {
    "start": 2089.82,
    "end": 2093.01,
    "speaker": "老师",
    "text": "完全平方公式可以写成括号x减四的平方，"
  },
  {
    "start": 2092.66,
    "end": 2093.01,
    "speaker": "老师",
    "text": "这样就得到了因式分解。"
  },
  {
    "start": 2092.66,
    "end": 2093.01,
    "speaker": "老师",
    "text": "最后的结果我们将x减四进行约分。"
  },
  {
    "start": 2092.66,
    "end": 2093.01,
    "speaker": "老师",
    "text": "答案为，"
  },
  {
    "start": 2092.66,
    "end": 2093.01,
    "speaker": "老师",
    "text": "x减四分之x再求值，"
  },
  {
    "start": 2092.66,
    "end": 2093.01,
    "speaker": "老师",
    "text": "将x等于五代入五除以五减四。"
  },
  {
    "start": 2092.66,
    "end": 2093.01,
    "speaker": "老师",
    "text": "最后结果为先，"
  },
  {
    "start": 2092.66,
    "end": 2093.01,
    "speaker": "老师",
    "text": "化简再求值的体，"
  },
  {
    "start": 2092.66,
    "end": 2093.01,
    "speaker": "老师",
    "text": "关键还是在化解中。"
  },
  {
    "start": 2092.66,
    "end": 2093.01,
    "speaker": "老师",
    "text": "所以同学们在做画简时特别要细心一点，"
  },
  {
    "start": 2092.66,
    "end": 2093.01,
    "speaker": "老师",
    "text": "通过本节课的学习，"
  },
  {
    "start": 2092.66,
    "end": 2093.01,
    "speaker": "老师",
    "text": "你有什么收获呢？"
  },
  {
    "start": 2092.66,
    "end": 2093.01,
    "speaker": "老师",
    "text": "本节课我们再一次的认识分式，"
  },
  {
    "start": 2092.66,
    "end": 2093.01,
    "speaker": "老师",
    "text": "我们学习了分式的基本性质，"
  },
  {
    "start": 2092.66,
    "end": 2093.01,
    "speaker": "老师",
    "text": "分式的分子、分母都乘或除以同一个不为零的整式，"
  },
  {
    "start": 2092.66,
    "end": 2093.01,
    "speaker": "老师",
    "text": "分式的值不变。"
  },
  {
    "start": 2092.66,
    "end": 2093.01,
    "speaker": "老师",
    "text": "我们还学习了约分化。"
  },
  {
    "start": 2092.66,
    "end": 2093.01,
    "speaker": "老师",
    "text": "解约分的依据呢是分式的基本性质。"
  },
  {
    "start": 2092.66,
    "end": 2093.01,
    "speaker": "老师",
    "text": "约分，"
  },
  {
    "start": 2092.66,
    "end": 2093.01,
    "speaker": "老师",
    "text": "常见的有三个步骤，"
  },
  {
    "start": 2092.66,
    "end": 2093.01,
    "speaker": "老师",
    "text": "当分子分母为多项式时，"
  },
  {
    "start": 2092.66,
    "end": 2093.01,
    "speaker": "老师",
    "text": "我们先将分子分母因式分解。"
  },
  {
    "start": 2092.66,
    "end": 2093.01,
    "speaker": "老师",
    "text": "如果是单项式呢，"
  },
  {
    "start": 2092.66,
    "end": 2093.01,
    "speaker": "老师",
    "text": "则不需要第一步。"
  },
  {
    "start": 2092.66,
    "end": 2093.01,
    "speaker": "老师",
    "text": "第二步，"
  },
  {
    "start": 2092.66,
    "end": 2093.01,
    "speaker": "老师",
    "text": "找分子分母的公因式，"
  },
  {
    "start": 2092.66,
    "end": 2093.01,
    "speaker": "老师",
    "text": "接着约去公因式化简，"
  },
  {
    "start": 2092.66,
    "end": 2093.01,
    "speaker": "老师",
    "text": "特别提醒，"
  },
  {
    "start": 2092.66,
    "end": 2093.01,
    "speaker": "老师",
    "text": "化简的结果要求化成最简分式或整式。"
  },
  {
    "start": 2092.66,
    "end": 2093.01,
    "speaker": "老师",
    "text": "我们还学习了分式的符号。"
  },
  {
    "start": 2092.66,
    "end": 2093.01,
    "speaker": "老师",
    "text": "当分子分母都有负号时，"
  },
  {
    "start": 2092.66,
    "end": 2093.01,
    "speaker": "老师",
    "text": "结果为正号。"
  },
  {
    "start": 2092.66,
    "end": 2093.01,
    "speaker": "老师",
    "text": "当分子分母只有一个负号时呢，"
  },
  {
    "start": 2092.66,
    "end": 2093.01,
    "speaker": "老师",
    "text": "结果为负号，"
  },
  {
    "start": 2092.66,
    "end": 2093.01,
    "speaker": "老师",
    "text": "这是本节课的课后作业。"
  },
  {
    "start": 2092.66,
    "end": 2093.01,
    "speaker": "老师",
    "text": "请同学们课后认真完成。"
  },
  {
    "start": 2092.66,
    "end": 2093.01,
    "speaker": "老师",
    "text": "好，"
  },
  {
    "start": 2092.66,
    "end": 2093.01,
    "speaker": "老师",
    "text": "本节课，"
  },
  {
    "start": 2092.66,
    "end": 2093.01,
    "speaker": "老师",
    "text": "我们就上到这里，"
  },
  {
    "start": 2092.66,
    "end": 2093.01,
    "speaker": "老师",
    "text": "感谢你的收看，"
  },
  {
    "start": 2092.66,
    "end": 2093.01,
    "speaker": "老师",
    "text": "再见。"
  }
]