[
  {
    "start": 9.11,
    "end": 11.07,
    "speaker": "老师",
    "text": "同学们好，"
  },
  {
    "start": 11.07,
    "end": 22.18,
    "speaker": "老师",
    "text": "这节课我们学习北师大版八年级数学下册第一章第三节线段垂直平分线的第一个课时。"
  },
  {
    "start": 24.1,
    "end": 27.94,
    "speaker": "老师",
    "text": "下面我们先看一下这个这一张纸，"
  },
  {
    "start": 27.94,
    "end": 30.58,
    "speaker": "老师",
    "text": "这里画了一条线段。"
  },
  {
    "start": 30.58,
    "end": 35.2,
    "speaker": "老师",
    "text": "如果说我们把这条线段对折，"
  },
  {
    "start": 35.24,
    "end": 36.06,
    "speaker": "老师",
    "text": "对折以后，"
  },
  {
    "start": 36.06,
    "end": 40.05,
    "speaker": "老师",
    "text": "两条线段的端点重合，"
  },
  {
    "start": 40.05,
    "end": 44.9,
    "speaker": "老师",
    "text": "然后再打开这里就有一条折痕，"
  },
  {
    "start": 44.9,
    "end": 66.97,
    "speaker": "老师",
    "text": "这条折痕应该就是这一条线段的垂直平分线。"
  },
  {
    "start": 66.97,
    "end": 68.35,
    "speaker": "老师",
    "text": "我把它画下来，"
  },
  {
    "start": 68.35,
    "end": 72.02,
    "speaker": "老师",
    "text": "在这条垂直平分线上，"
  },
  {
    "start": 72.02,
    "end": 75.4,
    "speaker": "老师",
    "text": "我们任意找一个点找一个点，"
  },
  {
    "start": 75.4,
    "end": 87.31,
    "speaker": "老师",
    "text": "然后呢跟这两个端点一连，"
  },
  {
    "start": 87.31,
    "end": 98.18,
    "speaker": "老师",
    "text": "我们发现了什么呢？"
  },
  {
    "start": 98.18,
    "end": 99.86,
    "speaker": "老师",
    "text": "没如果你你看看好，"
  },
  {
    "start": 99.86,
    "end": 103.16,
    "speaker": "老师",
    "text": "把这个这条线段对折以后，"
  },
  {
    "start": 103.56,
    "end": 111.66,
    "speaker": "老师",
    "text": "其实我们可以发现这两条边可以互相重合。"
  },
  {
    "start": 111.66,
    "end": 113.41,
    "speaker": "老师",
    "text": "这里得到一个什么结论呢？"
  },
  {
    "start": 115.63,
    "end": 122.73,
    "speaker": "老师",
    "text": "从刚才的这个演示当中发现一个什么结论？"
  },
  {
    "start": 122.73,
    "end": 131.42,
    "speaker": "老师",
    "text": "应该说线段这条线段垂直平分线上的点到这两个端点的距离是相等的，"
  },
  {
    "start": 131.42,
    "end": 133.84,
    "speaker": "老师",
    "text": "得到了这么一句话。"
  },
  {
    "start": 133.84,
    "end": 134.1,
    "speaker": "老师",
    "text": "好，"
  },
  {
    "start": 134.1,
    "end": 138.12,
    "speaker": "老师",
    "text": "那这句话呢我们是通过直观感受得到的，"
  },
  {
    "start": 138.89,
    "end": 142.34,
    "speaker": "老师",
    "text": "但是还没有经过证明，"
  },
  {
    "start": 143.16,
    "end": 145.08,
    "speaker": "老师",
    "text": "我们知道要把一个命题进行证明，"
  },
  {
    "start": 145.08,
    "end": 149.06,
    "speaker": "老师",
    "text": "需要经过哪几个步骤呢？"
  },
  {
    "start": 149.06,
    "end": 153.56,
    "speaker": "老师",
    "text": "当然我们首先把它改成如果纳姆的形式啊，"
  },
  {
    "start": 153.56,
    "end": 158.09,
    "speaker": "老师",
    "text": "如果一个点在线段的垂直平分线上，"
  },
  {
    "start": 158.09,
    "end": 166.94,
    "speaker": "老师",
    "text": "那么这个点到这条线段的两个端点的距离相等，"
  },
  {
    "start": 167.08,
    "end": 168.94,
    "speaker": "老师",
    "text": "那怎么证明呢？"
  },
  {
    "start": 168.94,
    "end": 175.43,
    "speaker": "老师",
    "text": "还记得这明一个命题的一般步骤吗？"
  },
  {
    "start": 175.43,
    "end": 177.15,
    "speaker": "老师",
    "text": "它的步骤是，"
  },
  {
    "start": 177.15,
    "end": 178.05,
    "speaker": "老师",
    "text": "第一，"
  },
  {
    "start": 178.05,
    "end": 180.83,
    "speaker": "老师",
    "text": "要弄清楚题设和结论。"
  },
  {
    "start": 180.83,
    "end": 184.97,
    "speaker": "老师",
    "text": "这个提示是什么呢？"
  },
  {
    "start": 184.97,
    "end": 192.04,
    "speaker": "老师",
    "text": "提设其实就是如果部分这个条件一个点在线段的垂直平分线上，"
  },
  {
    "start": 192.04,
    "end": 193.5,
    "speaker": "老师",
    "text": "这是提设结论呢，"
  },
  {
    "start": 193.5,
    "end": 195.06,
    "speaker": "老师",
    "text": "这个点到这条线段，"
  },
  {
    "start": 195.06,
    "end": 197.69,
    "speaker": "老师",
    "text": "两个端点距离相等。"
  },
  {
    "start": 199.06,
    "end": 199.48,
    "speaker": "老师",
    "text": "好，"
  },
  {
    "start": 199.5,
    "end": 202.46,
    "speaker": "老师",
    "text": "弄清楚提示和结论以后，"
  },
  {
    "start": 202.46,
    "end": 205.68,
    "speaker": "老师",
    "text": "那么第二步我们就是根据题意来画出相应的图形。"
  },
  {
    "start": 205.68,
    "end": 210.34,
    "speaker": "老师",
    "text": "这个图形怎么画？"
  },
  {
    "start": 210.34,
    "end": 214.3,
    "speaker": "老师",
    "text": "其实只要画像我这里这个图这样的图一样，"
  },
  {
    "start": 214.58,
    "end": 216.12,
    "speaker": "老师",
    "text": "画的这么样一个图，"
  },
  {
    "start": 216.12,
    "end": 219.68,
    "speaker": "老师",
    "text": "就是根据题意画出来的图形。"
  },
  {
    "start": 219.68,
    "end": 220.04,
    "speaker": "老师",
    "text": "好，"
  },
  {
    "start": 220.04,
    "end": 221.9,
    "speaker": "老师",
    "text": "这个AB是一条线段，"
  },
  {
    "start": 222.6,
    "end": 227.54,
    "speaker": "老师",
    "text": "然后呢MH它的一个垂直平分线。"
  },
  {
    "start": 227.54,
    "end": 230.95,
    "speaker": "老师",
    "text": "我们现在要证明什么呢？"
  },
  {
    "start": 230.95,
    "end": 244.07,
    "speaker": "老师",
    "text": "要证明PA和PB是相等的那根据这个我们来写出已知已知什么已知MN垂直AB垂足为c点，"
  },
  {
    "start": 244.07,
    "end": 248.87,
    "speaker": "老师",
    "text": "并且AC和BC是相等的，"
  },
  {
    "start": 248.89,
    "end": 252.19,
    "speaker": "老师",
    "text": "p点是MN上的任意点。"
  },
  {
    "start": 252.19,
    "end": 255.98,
    "speaker": "老师",
    "text": "下面要证明的是PA等于PB."
  },
  {
    "start": 255.98,
    "end": 258.44,
    "speaker": "老师",
    "text": "那么第四步呢，"
  },
  {
    "start": 258.44,
    "end": 259.58,
    "speaker": "老师",
    "text": "就是进行证明。"
  },
  {
    "start": 259.58,
    "end": 266.63,
    "speaker": "老师",
    "text": "当然我们首先要分析一下这个题目怎么去证明这个PA等于PB呢？"
  },
  {
    "start": 267.85,
    "end": 269.31,
    "speaker": "老师",
    "text": "要证明PA等于PB."
  },
  {
    "start": 269.31,
    "end": 276.12,
    "speaker": "老师",
    "text": "当然我们首先想到的第一个法宝就是证明他全等，"
  },
  {
    "start": 276.12,
    "end": 279.16,
    "speaker": "老师",
    "text": "它全等怎么证呢？"
  },
  {
    "start": 279.52,
    "end": 285.66,
    "speaker": "老师",
    "text": "来看看能不能证明它全等啊，"
  },
  {
    "start": 285.66,
    "end": 292.16,
    "speaker": "老师",
    "text": "要证明PA和PB是相等的那我就证明这两个三角形全等。"
  },
  {
    "start": 292.16,
    "end": 296.28,
    "speaker": "老师",
    "text": "那这两个三角形能否全等呢？"
  },
  {
    "start": 296.28,
    "end": 303.42,
    "speaker": "老师",
    "text": "这里告诉的是AC和BC相等告诉的这是垂直的，"
  },
  {
    "start": 303.42,
    "end": 306.42,
    "speaker": "老师",
    "text": "还有吗？"
  },
  {
    "start": 306.46,
    "end": 309.65,
    "speaker": "老师",
    "text": "还有一个PC是公共边，"
  },
  {
    "start": 310.96,
    "end": 314.54,
    "speaker": "老师",
    "text": "那这样一来边角边这两个三角形就可以了。"
  },
  {
    "start": 314.54,
    "end": 315.12,
    "speaker": "老师",
    "text": "全等，"
  },
  {
    "start": 315.22,
    "end": 321.64,
    "speaker": "老师",
    "text": "那就得到PA和PB应该是相等的。"
  },
  {
    "start": 321.64,
    "end": 321.84,
    "speaker": "老师",
    "text": "好，"
  },
  {
    "start": 321.84,
    "end": 325.57,
    "speaker": "老师",
    "text": "那我们看一下整理过程。"
  },
  {
    "start": 325.57,
    "end": 330.15,
    "speaker": "老师",
    "text": "因为MN是垂直于AB的，"
  },
  {
    "start": 330.15,
    "end": 337.72,
    "speaker": "老师",
    "text": "所以角PCA和角PCB这两个角相等都等于九十度。"
  },
  {
    "start": 337.72,
    "end": 338.0,
    "speaker": "老师",
    "text": "好，"
  },
  {
    "start": 338.0,
    "end": 341.62,
    "speaker": "老师",
    "text": "因为AC和BC相等的PC和PC相等，"
  },
  {
    "start": 342.78,
    "end": 346.6,
    "speaker": "老师",
    "text": "所以这两个三角形应该是全等。"
  },
  {
    "start": 346.7,
    "end": 351.27,
    "speaker": "老师",
    "text": "但这个理由要注意是边角边，"
  },
  {
    "start": 351.27,
    "end": 354.91,
    "speaker": "老师",
    "text": "然后就可以得到什么啊，"
  },
  {
    "start": 354.91,
    "end": 357.05,
    "speaker": "老师",
    "text": "PA和PB应该是相等的，"
  },
  {
    "start": 357.05,
    "end": 359.96,
    "speaker": "老师",
    "text": "全等三角形的对应边是相等。"
  },
  {
    "start": 361.5,
    "end": 365.56,
    "speaker": "老师",
    "text": "这就证明出了这个命题其实是一个真命题。"
  },
  {
    "start": 365.56,
    "end": 367.64,
    "speaker": "老师",
    "text": "当然还有一个特殊情况，"
  },
  {
    "start": 367.64,
    "end": 370.22,
    "speaker": "老师",
    "text": "因为这里讲的是p点是什么？"
  },
  {
    "start": 370.22,
    "end": 373.54,
    "speaker": "老师",
    "text": "M点上哎y轴上的任意点，"
  },
  {
    "start": 373.54,
    "end": 376.82,
    "speaker": "老师",
    "text": "那如果说p点和c点是重合呢，"
  },
  {
    "start": 376.82,
    "end": 377.46,
    "speaker": "老师",
    "text": "成成立吗？"
  },
  {
    "start": 377.46,
    "end": 377.64,
    "speaker": "老师",
    "text": "好，"
  },
  {
    "start": 377.64,
    "end": 382.65,
    "speaker": "老师",
    "text": "当p点和c点重合的时候，"
  },
  {
    "start": 382.65,
    "end": 391.07,
    "speaker": "老师",
    "text": "其实PCPA的长度就是AC的长度，"
  },
  {
    "start": 391.57,
    "end": 396.03,
    "speaker": "老师",
    "text": "PB的长度就是BC的长度。"
  },
  {
    "start": 396.03,
    "end": 398.99,
    "speaker": "老师",
    "text": "已知你的高度是相等的。"
  },
  {
    "start": 399.29,
    "end": 402.86,
    "speaker": "老师",
    "text": "所以如果点p与点c是重合，"
  },
  {
    "start": 402.86,
    "end": 404.7,
    "speaker": "老师",
    "text": "那么结论显然是成立的。"
  },
  {
    "start": 404.7,
    "end": 408.06,
    "speaker": "老师",
    "text": "也就是说我们刚才证明的这条定理，"
  },
  {
    "start": 408.06,
    "end": 408.42,
    "speaker": "老师",
    "text": "呃，"
  },
  {
    "start": 408.42,
    "end": 411.87,
    "speaker": "老师",
    "text": "这个命题其实是一个真命题，"
  },
  {
    "start": 411.87,
    "end": 416.15,
    "speaker": "老师",
    "text": "是真命题就可以把它作为一条定理来用。"
  },
  {
    "start": 416.15,
    "end": 416.87,
    "speaker": "老师",
    "text": "这个定理。"
  },
  {
    "start": 416.87,
    "end": 421.47,
    "speaker": "老师",
    "text": "我们把它叫一个名称，"
  },
  {
    "start": 421.47,
    "end": 428.33,
    "speaker": "老师",
    "text": "叫做线段的垂直平分线性质定理。"
  },
  {
    "start": 428.37,
    "end": 432.85,
    "speaker": "老师",
    "text": "对于这一条定理来讲，"
  },
  {
    "start": 432.85,
    "end": 434.79,
    "speaker": "老师",
    "text": "它的逆命题是什么呢？"
  },
  {
    "start": 434.79,
    "end": 435.21,
    "speaker": "老师",
    "text": "好，"
  },
  {
    "start": 435.51,
    "end": 437.33,
    "speaker": "老师",
    "text": "当然我们要解出它的逆命题，"
  },
  {
    "start": 437.33,
    "end": 439.76,
    "speaker": "老师",
    "text": "首先要把原命题分解开来。"
  },
  {
    "start": 439.76,
    "end": 445.48,
    "speaker": "老师",
    "text": "当然原命题是线段垂直平分线上的，"
  },
  {
    "start": 445.48,
    "end": 449.4,
    "speaker": "老师",
    "text": "点到这条线段两个端点的距离相等，"
  },
  {
    "start": 449.4,
    "end": 450.84,
    "speaker": "老师",
    "text": "那我先把它改成。"
  },
  {
    "start": 450.84,
    "end": 453.46,
    "speaker": "老师",
    "text": "如果拉姆的形式是原命题，"
  },
  {
    "start": 453.7,
    "end": 456.86,
    "speaker": "老师",
    "text": "如果一点在线段的垂直平分线上，"
  },
  {
    "start": 456.96,
    "end": 464.98,
    "speaker": "老师",
    "text": "那么这个点到这条线段的两个端点的距离相等，"
  },
  {
    "start": 465.34,
    "end": 467.62,
    "speaker": "老师",
    "text": "那怎么去写已知求证呢？"
  },
  {
    "start": 467.62,
    "end": 473.07,
    "speaker": "老师",
    "text": "那我们看看先画出它的这个条件，"
  },
  {
    "start": 473.07,
    "end": 478.2,
    "speaker": "老师",
    "text": "应该是一点在线段的垂直平分线上。"
  },
  {
    "start": 478.42,
    "end": 483.45,
    "speaker": "老师",
    "text": "结论呢就是这一点到这个线段的两个端点的距离相等。"
  },
  {
    "start": 483.45,
    "end": 486.43,
    "speaker": "老师",
    "text": "但现在匿名题我看一下哈，"
  },
  {
    "start": 486.45,
    "end": 489.71,
    "speaker": "老师",
    "text": "第一命题就是把条件和结论应该是对调一下。"
  },
  {
    "start": 489.71,
    "end": 493.95,
    "speaker": "老师",
    "text": "如果一个点到一条线段的两个端点的距离相等，"
  },
  {
    "start": 493.95,
    "end": 498.65,
    "speaker": "老师",
    "text": "那么这点在这条线段的垂直平分线上，"
  },
  {
    "start": 500.61,
    "end": 504.16,
    "speaker": "老师",
    "text": "就是把结论变成条件，"
  },
  {
    "start": 504.16,
    "end": 506.5,
    "speaker": "老师",
    "text": "把条件变成结论变了以后，"
  },
  {
    "start": 506.5,
    "end": 512.51,
    "speaker": "老师",
    "text": "下面我们能不能把这个命题证明出来呢？"
  },
  {
    "start": 516.31,
    "end": 519.03,
    "speaker": "老师",
    "text": "认为证明刷是一条真命题，"
  },
  {
    "start": 519.03,
    "end": 521.99,
    "speaker": "老师",
    "text": "来看一下是不是真命题。"
  },
  {
    "start": 521.99,
    "end": 524.25,
    "speaker": "老师",
    "text": "如果不是当然要举一个反例。"
  },
  {
    "start": 524.25,
    "end": 524.57,
    "speaker": "老师",
    "text": "好，"
  },
  {
    "start": 524.57,
    "end": 528.27,
    "speaker": "老师",
    "text": "首先我们看看这个图形，"
  },
  {
    "start": 528.27,
    "end": 532.0,
    "speaker": "老师",
    "text": "根据这个题目的意思，"
  },
  {
    "start": 532.0,
    "end": 534.74,
    "speaker": "老师",
    "text": "画出一个图形一个点，"
  },
  {
    "start": 534.84,
    "end": 537.32,
    "speaker": "老师",
    "text": "p点到两个端点，"
  },
  {
    "start": 537.42,
    "end": 541.49,
    "speaker": "老师",
    "text": "a点和b点的距离是相等的，"
  },
  {
    "start": 541.49,
    "end": 544.37,
    "speaker": "老师",
    "text": "到现在AB的两个端点的距离相等。"
  },
  {
    "start": 544.37,
    "end": 548.52,
    "speaker": "老师",
    "text": "那现在要证明的是什么？"
  },
  {
    "start": 548.52,
    "end": 554.17,
    "speaker": "老师",
    "text": "这个p点在这个AB的垂直平分线上，"
  },
  {
    "start": 554.23,
    "end": 559.5,
    "speaker": "老师",
    "text": "那我就已知是PA,"
  },
  {
    "start": 559.5,
    "end": 561.32,
    "speaker": "老师",
    "text": "等于PB啊，"
  },
  {
    "start": 561.32,
    "end": 566.88,
    "speaker": "老师",
    "text": "求证是p点在这个线段的AB的垂直平分线上，"
  },
  {
    "start": 566.88,
    "end": 570.29,
    "speaker": "老师",
    "text": "怎么证明呢？"
  },
  {
    "start": 570.29,
    "end": 570.65,
    "speaker": "老师",
    "text": "好，"
  },
  {
    "start": 570.65,
    "end": 572.55,
    "speaker": "老师",
    "text": "仔细看观察一下，"
  },
  {
    "start": 572.55,
    "end": 578.88,
    "speaker": "老师",
    "text": "要证明这个p点在AB的垂直平分线上。"
  },
  {
    "start": 581.24,
    "end": 582.76,
    "speaker": "老师",
    "text": "有同学讲，"
  },
  {
    "start": 582.92,
    "end": 586.36,
    "speaker": "老师",
    "text": "我直接过这个p点，"
  },
  {
    "start": 586.36,
    "end": 590.56,
    "speaker": "老师",
    "text": "做这个AB的垂直平分线不行吗？"
  },
  {
    "start": 590.56,
    "end": 593.53,
    "speaker": "老师",
    "text": "其实这样一想就错了，"
  },
  {
    "start": 594.42,
    "end": 599.22,
    "speaker": "老师",
    "text": "因为我们做辅助线只能是起到一个功能，"
  },
  {
    "start": 599.38,
    "end": 603.33,
    "speaker": "老师",
    "text": "就说过p点做了AB的垂线。"
  },
  {
    "start": 603.33,
    "end": 606.37,
    "speaker": "老师",
    "text": "我们要证明它是AB的中线。"
  },
  {
    "start": 606.37,
    "end": 608.73,
    "speaker": "老师",
    "text": "要么如果说你做出来，"
  },
  {
    "start": 608.75,
    "end": 612.03,
    "speaker": "老师",
    "text": "它就过过这个p点做出AB的中线，"
  },
  {
    "start": 612.03,
    "end": 618.41,
    "speaker": "老师",
    "text": "你要证明它和AB应该是垂直的。"
  },
  {
    "start": 618.41,
    "end": 620.11,
    "speaker": "老师",
    "text": "所以做这个题目呢，"
  },
  {
    "start": 620.25,
    "end": 623.56,
    "speaker": "老师",
    "text": "首先要么是做垂直证中线，"
  },
  {
    "start": 623.56,
    "end": 625.44,
    "speaker": "老师",
    "text": "要么就是做中线证垂直。"
  },
  {
    "start": 625.44,
    "end": 626.18,
    "speaker": "老师",
    "text": "先我们看一下，"
  },
  {
    "start": 626.18,
    "end": 628.3,
    "speaker": "老师",
    "text": "如果说我们做垂直证，"
  },
  {
    "start": 628.3,
    "end": 630.83,
    "speaker": "老师",
    "text": "中线怎么做呢？"
  },
  {
    "start": 630.83,
    "end": 636.44,
    "speaker": "老师",
    "text": "过p点做PC垂直AB垂足为c点，"
  },
  {
    "start": 636.44,
    "end": 639.68,
    "speaker": "老师",
    "text": "那怎么去证明它也是中线呢？"
  },
  {
    "start": 639.68,
    "end": 640.64,
    "speaker": "老师",
    "text": "怎么证明好，"
  },
  {
    "start": 640.64,
    "end": 643.88,
    "speaker": "老师",
    "text": "那要证明AC和BC是相等的。"
  },
  {
    "start": 643.88,
    "end": 646.94,
    "speaker": "老师",
    "text": "这里已知是什么？"
  },
  {
    "start": 646.94,
    "end": 652.38,
    "speaker": "老师",
    "text": "Pa和PB是相等，"
  },
  {
    "start": 653.26,
    "end": 658.91,
    "speaker": "老师",
    "text": "还有一个什么PC是什么公共BN吧，"
  },
  {
    "start": 659.69,
    "end": 663.55,
    "speaker": "老师",
    "text": "我可以得到这两个三角形怎么样？"
  },
  {
    "start": 663.55,
    "end": 665.18,
    "speaker": "老师",
    "text": "全蛋白啊，"
  },
  {
    "start": 665.18,
    "end": 672.92,
    "speaker": "老师",
    "text": "为什么选那个斜边相等的直角边是公共边是相等的，"
  },
  {
    "start": 672.92,
    "end": 681.71,
    "speaker": "老师",
    "text": "斜边直角边两个三角形全等呢全等以后对应边就应该相等的。"
  },
  {
    "start": 681.71,
    "end": 685.75,
    "speaker": "老师",
    "text": "所以这个证法应该说比较简洁来，"
  },
  {
    "start": 686.73,
    "end": 688.76,
    "speaker": "老师",
    "text": "因为PC垂直于AB,"
  },
  {
    "start": 690.17,
    "end": 695.39,
    "speaker": "老师",
    "text": "所以这个三角形都是直角三角形。"
  },
  {
    "start": 695.39,
    "end": 697.53,
    "speaker": "老师",
    "text": "那PA和PB相等，"
  },
  {
    "start": 698.6,
    "end": 701.07,
    "speaker": "老师",
    "text": "PC是公共边相等的，"
  },
  {
    "start": 702.58,
    "end": 708.46,
    "speaker": "老师",
    "text": "所以这两个直角三角形全等好用，"
  },
  {
    "start": 708.46,
    "end": 709.9,
    "speaker": "老师",
    "text": "斜边直角边定理，"
  },
  {
    "start": 709.9,
    "end": 714.04,
    "speaker": "老师",
    "text": "然后就得到了什么AC和BC是相等的了。"
  },
  {
    "start": 714.3,
    "end": 718.69,
    "speaker": "老师",
    "text": "前面又讲了这个PC和AB是垂直的，"
  },
  {
    "start": 719.03,
    "end": 723.34,
    "speaker": "老师",
    "text": "现在这个c点又是AB的中点，"
  },
  {
    "start": 723.34,
    "end": 725.3,
    "speaker": "老师",
    "text": "那就说明了什么呢？"
  },
  {
    "start": 725.3,
    "end": 729.46,
    "speaker": "老师",
    "text": "P点在AB的垂直平分线上，"
  },
  {
    "start": 729.46,
    "end": 732.12,
    "speaker": "老师",
    "text": "这是第一种证法。"
  },
  {
    "start": 732.2,
    "end": 732.54,
    "speaker": "老师",
    "text": "好，"
  },
  {
    "start": 732.54,
    "end": 739.24,
    "speaker": "老师",
    "text": "第二种如果说我们过p点做AB的中线行不行呢？"
  },
  {
    "start": 739.24,
    "end": 741.18,
    "speaker": "老师",
    "text": "也就是说，"
  },
  {
    "start": 741.18,
    "end": 742.54,
    "speaker": "老师",
    "text": "找到AB的中点，"
  },
  {
    "start": 742.54,
    "end": 744.97,
    "speaker": "老师",
    "text": "把这个PC连在一起，"
  },
  {
    "start": 744.97,
    "end": 747.87,
    "speaker": "老师",
    "text": "看第二种方法能不能做出来呢？"
  },
  {
    "start": 747.87,
    "end": 753.77,
    "speaker": "老师",
    "text": "把这个线段AB的中点记为c点连接PC,"
  },
  {
    "start": 753.77,
    "end": 757.9,
    "speaker": "老师",
    "text": "那能不能证明这个PC和AB也垂直呢？"
  },
  {
    "start": 757.9,
    "end": 761.29,
    "speaker": "老师",
    "text": "如果垂直了，"
  },
  {
    "start": 763.46,
    "end": 765.52,
    "speaker": "老师",
    "text": "那它又是什么平分的，"
  },
  {
    "start": 766.22,
    "end": 768.26,
    "speaker": "老师",
    "text": "不就是垂直平分线吗？"
  },
  {
    "start": 768.26,
    "end": 768.54,
    "speaker": "老师",
    "text": "好，"
  },
  {
    "start": 768.54,
    "end": 770.38,
    "speaker": "老师",
    "text": "怎么去证明它垂直呢？"
  },
  {
    "start": 770.38,
    "end": 775.75,
    "speaker": "老师",
    "text": "看一下AC和BC相等，"
  },
  {
    "start": 775.75,
    "end": 779.95,
    "speaker": "老师",
    "text": "PC是公共边PA和PB是怎么样相等的吧。"
  },
  {
    "start": 780.03,
    "end": 783.56,
    "speaker": "老师",
    "text": "所以这两个三角形全等根据什么变变变？"
  },
  {
    "start": 783.56,
    "end": 783.78,
    "speaker": "老师",
    "text": "好，"
  },
  {
    "start": 783.78,
    "end": 786.25,
    "speaker": "老师",
    "text": "两个单角全等以后，"
  },
  {
    "start": 786.25,
    "end": 792.2,
    "speaker": "老师",
    "text": "那就说明这两个角应该怎么样相等的啦，"
  },
  {
    "start": 792.2,
    "end": 795.78,
    "speaker": "老师",
    "text": "并且都等于九十度。"
  },
  {
    "start": 795.78,
    "end": 796.14,
    "speaker": "老师",
    "text": "好，"
  },
  {
    "start": 796.14,
    "end": 797.92,
    "speaker": "老师",
    "text": "题目不就出来了吗？"
  },
  {
    "start": 797.92,
    "end": 798.16,
    "speaker": "老师",
    "text": "好，"
  },
  {
    "start": 798.16,
    "end": 798.98,
    "speaker": "老师",
    "text": "现来看一下哈，"
  },
  {
    "start": 798.98,
    "end": 801.0,
    "speaker": "老师",
    "text": "因为c为AB的中点，"
  },
  {
    "start": 801.0,
    "end": 804.29,
    "speaker": "老师",
    "text": "所以AC等于BC."
  },
  {
    "start": 804.29,
    "end": 808.05,
    "speaker": "老师",
    "text": "又因为什么PA和PB相等，"
  },
  {
    "start": 808.93,
    "end": 810.55,
    "speaker": "老师",
    "text": "PC等于PC,"
  },
  {
    "start": 810.55,
    "end": 817.54,
    "speaker": "老师",
    "text": "所以这个三角形APC和三角形BPC是全等的，"
  },
  {
    "start": 818.22,
    "end": 819.5,
    "speaker": "老师",
    "text": "由此就得到了。"
  },
  {
    "start": 819.5,
    "end": 823.94,
    "speaker": "老师",
    "text": "这两个角是直角都等于九十度。"
  },
  {
    "start": 823.94,
    "end": 824.12,
    "speaker": "老师",
    "text": "好，"
  },
  {
    "start": 824.12,
    "end": 828.08,
    "speaker": "老师",
    "text": "从而就说明什么PC和AB垂直了，"
  },
  {
    "start": 828.08,
    "end": 836.67,
    "speaker": "老师",
    "text": "也就是p点在AB的垂直平分线上了。"
  },
  {
    "start": 836.67,
    "end": 846.17,
    "speaker": "老师",
    "text": "这是我们最常用的两种方法。"
  },
  {
    "start": 846.19,
    "end": 849.47,
    "speaker": "老师",
    "text": "过这个p点做垂线证明它是中线，"
  },
  {
    "start": 849.47,
    "end": 852.31,
    "speaker": "老师",
    "text": "要么过p点做它的中线证明它是垂直。"
  },
  {
    "start": 852.31,
    "end": 855.31,
    "speaker": "老师",
    "text": "那还有没有其他的证明方法呢？"
  },
  {
    "start": 855.57,
    "end": 856.25,
    "speaker": "老师",
    "text": "想想看，"
  },
  {
    "start": 856.29,
    "end": 863.26,
    "speaker": "老师",
    "text": "那有的同学讲你这样做是不是太啰嗦了一点，"
  },
  {
    "start": 863.26,
    "end": 867.72,
    "speaker": "老师",
    "text": "我是不是可以跟有一个更简洁一点的方法。"
  },
  {
    "start": 868.36,
    "end": 870.67,
    "speaker": "老师",
    "text": "比如说这个要证明p点，"
  },
  {
    "start": 870.67,
    "end": 876.92,
    "speaker": "老师",
    "text": "在AB的垂直平分线上，"
  },
  {
    "start": 877.0,
    "end": 879.48,
    "speaker": "老师",
    "text": "这个PA和PB相等，"
  },
  {
    "start": 879.48,
    "end": 882.26,
    "speaker": "老师",
    "text": "这不就是个等腰三角形吗？"
  },
  {
    "start": 882.26,
    "end": 887.82,
    "speaker": "老师",
    "text": "等腰三角形有一个什么特殊的性质啊，"
  },
  {
    "start": 887.82,
    "end": 891.15,
    "speaker": "老师",
    "text": "等腰三角形的三线合一。"
  },
  {
    "start": 891.25,
    "end": 901.06,
    "speaker": "老师",
    "text": "也就说如果我们做的这个顶角的角平分线，"
  },
  {
    "start": 901.06,
    "end": 905.98,
    "speaker": "老师",
    "text": "如果说做平角平分线以后，"
  },
  {
    "start": 905.98,
    "end": 911.02,
    "speaker": "老师",
    "text": "这个时候不直接可以得到这个和AB垂直平分的吗？"
  },
  {
    "start": 911.02,
    "end": 913.12,
    "speaker": "老师",
    "text": "来看一下哈，"
  },
  {
    "start": 913.5,
    "end": 920.56,
    "speaker": "老师",
    "text": "过p点做角APB的角平分线交AB于c点，"
  },
  {
    "start": 920.56,
    "end": 921.98,
    "speaker": "老师",
    "text": "因为什么？"
  },
  {
    "start": 922.24,
    "end": 927.4,
    "speaker": "老师",
    "text": "Pa等于PBPC是平分，"
  },
  {
    "start": 927.4,
    "end": 928.06,
    "speaker": "老师",
    "text": "它的平分，"
  },
  {
    "start": 928.06,
    "end": 929.98,
    "speaker": "老师",
    "text": "它三线合一哪三线顶角？"
  },
  {
    "start": 929.98,
    "end": 933.26,
    "speaker": "老师",
    "text": "角平分线底边上的高底边的中线，"
  },
  {
    "start": 933.26,
    "end": 939.12,
    "speaker": "老师",
    "text": "就是它的高和中线都是垂直平分线的。"
  },
  {
    "start": 939.12,
    "end": 941.64,
    "speaker": "老师",
    "text": "所以PC垂直平分AB的，"
  },
  {
    "start": 945.86,
    "end": 947.28,
    "speaker": "老师",
    "text": "就等下三点去三点回，"
  },
  {
    "start": 947.28,
    "end": 948.52,
    "speaker": "老师",
    "text": "这个可更简洁了。"
  },
  {
    "start": 948.52,
    "end": 948.96,
    "speaker": "老师",
    "text": "好，"
  },
  {
    "start": 948.96,
    "end": 953.24,
    "speaker": "老师",
    "text": "所以点p呢在AB的垂直平分线上好了。"
  },
  {
    "start": 953.24,
    "end": 957.88,
    "speaker": "老师",
    "text": "如果一个点到一条线段的两个端点距离相等，"
  },
  {
    "start": 958.0,
    "end": 965.42,
    "speaker": "老师",
    "text": "那么这个点呢在这个线段的垂直平分线呃垂直平分线上，"
  },
  {
    "start": 965.42,
    "end": 970.07,
    "speaker": "老师",
    "text": "这一句话我们刚刚得到了证明。"
  },
  {
    "start": 971.13,
    "end": 976.13,
    "speaker": "老师",
    "text": "应该说它是一条真命气，"
  },
  {
    "start": 976.15,
    "end": 978.17,
    "speaker": "老师",
    "text": "是真命题，"
  },
  {
    "start": 978.77,
    "end": 983.59,
    "speaker": "老师",
    "text": "我们就可以把它作为定理来用。"
  },
  {
    "start": 983.59,
    "end": 991.36,
    "speaker": "老师",
    "text": "当然这样的写法可能啰嗦了一点，"
  },
  {
    "start": 991.36,
    "end": 995.32,
    "speaker": "老师",
    "text": "可以把它简写简写成什么呢？"
  },
  {
    "start": 995.32,
    "end": 997.16,
    "speaker": "老师",
    "text": "到一条线段，"
  },
  {
    "start": 997.16,
    "end": 1019.76,
    "speaker": "老师",
    "text": "两个端点距离相等的点。"
  },
  {
    "start": 1020.42,
    "end": 1023.8,
    "speaker": "老师",
    "text": "在这条线段的垂直平分线上，"
  },
  {
    "start": 1023.8,
    "end": 1031.35,
    "speaker": "老师",
    "text": "我们把这条定理称为是线段的垂直平分线的判定定理，"
  },
  {
    "start": 1032.79,
    "end": 1039.42,
    "speaker": "老师",
    "text": "就是判断一个点是不是在垂直平面线上用几何语言来描述这两个定理。"
  },
  {
    "start": 1039.42,
    "end": 1045.97,
    "speaker": "老师",
    "text": "首先是线段的垂直平分线的性质、定理。"
  },
  {
    "start": 1045.97,
    "end": 1048.22,
    "speaker": "老师",
    "text": "性质定理呢，"
  },
  {
    "start": 1051.94,
    "end": 1054.92,
    "speaker": "老师",
    "text": "首先我们要根据图形干什么，"
  },
  {
    "start": 1054.92,
    "end": 1057.79,
    "speaker": "老师",
    "text": "三个条件都不能丢，"
  },
  {
    "start": 1057.79,
    "end": 1058.23,
    "speaker": "老师",
    "text": "哪一个呢？"
  },
  {
    "start": 1058.23,
    "end": 1061.57,
    "speaker": "老师",
    "text": "Ac和BC相等。"
  },
  {
    "start": 1061.57,
    "end": 1068.87,
    "speaker": "老师",
    "text": "Mn和AB垂直是垂直平分线上的点，"
  },
  {
    "start": 1068.87,
    "end": 1073.33,
    "speaker": "老师",
    "text": "另一点p点啊到两个端点的距离相等，"
  },
  {
    "start": 1073.33,
    "end": 1077.12,
    "speaker": "老师",
    "text": "那么得到PA和PB相等，"
  },
  {
    "start": 1077.12,
    "end": 1080.72,
    "speaker": "老师",
    "text": "应该这样写，"
  },
  {
    "start": 1080.8,
    "end": 1084.58,
    "speaker": "老师",
    "text": "前面三个条件一个都不能丢。"
  },
  {
    "start": 1084.58,
    "end": 1085.04,
    "speaker": "老师",
    "text": "好了。"
  },
  {
    "start": 1085.24,
    "end": 1089.88,
    "speaker": "老师",
    "text": "对于这个人判定定理，"
  },
  {
    "start": 1089.88,
    "end": 1095.03,
    "speaker": "老师",
    "text": "他如果用几何语言怎么来描述呢？"
  },
  {
    "start": 1096.08,
    "end": 1097.76,
    "speaker": "老师",
    "text": "到一个线段，"
  },
  {
    "start": 1097.88,
    "end": 1103.38,
    "speaker": "老师",
    "text": "两个端点距离相等的点，"
  },
  {
    "start": 1103.38,
    "end": 1105.38,
    "speaker": "老师",
    "text": "也就是PA和PB相等呢，"
  },
  {
    "start": 1105.38,
    "end": 1107.78,
    "speaker": "老师",
    "text": "就是因为PA等于PB,"
  },
  {
    "start": 1107.78,
    "end": 1113.16,
    "speaker": "老师",
    "text": "所以p点在AB的垂直平面线上直接去写以后直接可以用啊。"
  },
  {
    "start": 1113.16,
    "end": 1113.64,
    "speaker": "老师",
    "text": "好，"
  },
  {
    "start": 1113.64,
    "end": 1119.53,
    "speaker": "老师",
    "text": "这是讲的这个线段的垂直平分线的性质定理和判定定理。"
  },
  {
    "start": 1119.53,
    "end": 1123.0,
    "speaker": "老师",
    "text": "下面我们看一下这几个例题。"
  },
  {
    "start": 1123.12,
    "end": 1124.86,
    "speaker": "老师",
    "text": "第一个已知如图，"
  },
  {
    "start": 1124.86,
    "end": 1127.45,
    "speaker": "老师",
    "text": "在三角形ABC中，"
  },
  {
    "start": 1127.45,
    "end": 1134.86,
    "speaker": "老师",
    "text": "AB等于ACO点是三角形ABC内的一点，"
  },
  {
    "start": 1134.86,
    "end": 1136.1,
    "speaker": "老师",
    "text": "并且OA呃，"
  },
  {
    "start": 1136.1,
    "end": 1140.39,
    "speaker": "老师",
    "text": "OB等于OC求证AO垂直平分线段BC."
  },
  {
    "start": 1140.39,
    "end": 1147.18,
    "speaker": "老师",
    "text": "那要证明这个AO垂直平分线段BC你会怎么做呢？"
  },
  {
    "start": 1147.18,
    "end": 1147.94,
    "speaker": "老师",
    "text": "先思考一下。"
  },
  {
    "start": 1147.94,
    "end": 1148.24,
    "speaker": "老师",
    "text": "嗯，"
  },
  {
    "start": 1148.24,
    "end": 1148.74,
    "speaker": "老师",
    "text": "好，"
  },
  {
    "start": 1149.49,
    "end": 1151.46,
    "speaker": "老师",
    "text": "我们看一下哈，"
  },
  {
    "start": 1152.32,
    "end": 1159.27,
    "speaker": "老师",
    "text": "我们要证明AO是垂直平分线段BC的。"
  },
  {
    "start": 1162.4,
    "end": 1165.77,
    "speaker": "老师",
    "text": "其实我们这样想，"
  },
  {
    "start": 1165.77,
    "end": 1170.54,
    "speaker": "老师",
    "text": "垂直平板如果能证明它是角平分线，"
  },
  {
    "start": 1171.83,
    "end": 1173.23,
    "speaker": "老师",
    "text": "题目就很好办了。"
  },
  {
    "start": 1173.23,
    "end": 1177.42,
    "speaker": "老师",
    "text": "角平分线三线合一对吧？"
  },
  {
    "start": 1177.62,
    "end": 1180.98,
    "speaker": "老师",
    "text": "能不能证明它是角平分线呢？"
  },
  {
    "start": 1181.08,
    "end": 1183.67,
    "speaker": "老师",
    "text": "也就是证明哪一个呢？"
  },
  {
    "start": 1183.67,
    "end": 1184.93,
    "speaker": "老师",
    "text": "这个角哪一个呢？"
  },
  {
    "start": 1184.93,
    "end": 1186.72,
    "speaker": "老师",
    "text": "角BAO能等于什么呢？"
  },
  {
    "start": 1187.55,
    "end": 1192.88,
    "speaker": "老师",
    "text": "角CAO要么证明这两个角相等，"
  },
  {
    "start": 1193.24,
    "end": 1195.62,
    "speaker": "老师",
    "text": "其实也就证明什么呢？"
  },
  {
    "start": 1195.62,
    "end": 1198.22,
    "speaker": "老师",
    "text": "能证明这两个三角形全等不来，"
  },
  {
    "start": 1198.22,
    "end": 1206.44,
    "speaker": "老师",
    "text": "看看能证明的这个三角形BAO和三角形CAO能全等吧。"
  },
  {
    "start": 1206.46,
    "end": 1207.86,
    "speaker": "老师",
    "text": "如果全等两个角相等，"
  },
  {
    "start": 1207.86,
    "end": 1211.32,
    "speaker": "老师",
    "text": "但是全等这个条件够不够呢？"
  },
  {
    "start": 1211.32,
    "end": 1215.98,
    "speaker": "老师",
    "text": "来看一下AB和AC是相等的。"
  },
  {
    "start": 1215.98,
    "end": 1217.42,
    "speaker": "老师",
    "text": "看看啊，"
  },
  {
    "start": 1217.42,
    "end": 1221.29,
    "speaker": "老师",
    "text": "那告诉的是AB等于什么？"
  },
  {
    "start": 1221.29,
    "end": 1224.25,
    "speaker": "老师",
    "text": "Ac告诉的什么呀，"
  },
  {
    "start": 1224.25,
    "end": 1228.0,
    "speaker": "老师",
    "text": "告诉了OB等于OC,"
  },
  {
    "start": 1228.0,
    "end": 1230.47,
    "speaker": "老师",
    "text": "还有其他的条件吗？"
  },
  {
    "start": 1232.25,
    "end": 1235.35,
    "speaker": "老师",
    "text": "第三条边是哪条边呢？"
  },
  {
    "start": 1235.35,
    "end": 1239.7,
    "speaker": "老师",
    "text": "Ao AO是什么啊？"
  },
  {
    "start": 1244.99,
    "end": 1246.53,
    "speaker": "老师",
    "text": "是公共边对吧？"
  },
  {
    "start": 1246.53,
    "end": 1304.29,
    "speaker": "老师",
    "text": "三条边对应相等的两个三角形就全等对应角就相等。"
  },
  {
    "start": 1304.43,
    "end": 1306.55,
    "speaker": "老师",
    "text": "对应角a相等以后，"
  },
  {
    "start": 1306.55,
    "end": 1308.69,
    "speaker": "老师",
    "text": "那这是角平分线，"
  },
  {
    "start": 1308.69,
    "end": 1319.04,
    "speaker": "老师",
    "text": "根据什么等腰三角形的三线合一可以得到这个AO应该是垂直平分b行线，"
  },
  {
    "start": 1319.08,
    "end": 1321.94,
    "speaker": "老师",
    "text": "这个题目不就出来了吗？"
  },
  {
    "start": 1321.94,
    "end": 1322.48,
    "speaker": "老师",
    "text": "好啊，"
  },
  {
    "start": 1322.48,
    "end": 1323.94,
    "speaker": "老师",
    "text": "下面我们看一看，"
  },
  {
    "start": 1323.94,
    "end": 1331.45,
    "speaker": "老师",
    "text": "在这两个三角形当中，"
  },
  {
    "start": 1331.45,
    "end": 1338.3,
    "speaker": "老师",
    "text": "先证明三角形AOB和三角形AOC是全等的。"
  },
  {
    "start": 1338.3,
    "end": 1345.7,
    "speaker": "老师",
    "text": "然后所以得到的角AOAB和角OAC是相等的，"
  },
  {
    "start": 1345.7,
    "end": 1352.83,
    "speaker": "老师",
    "text": "又因为AB和AC相等的等腰三角形，"
  },
  {
    "start": 1352.93,
    "end": 1355.69,
    "speaker": "老师",
    "text": "顶角的角平分线是底边的，"
  },
  {
    "start": 1355.69,
    "end": 1357.27,
    "speaker": "老师",
    "text": "中线，"
  },
  {
    "start": 1357.35,
    "end": 1358.71,
    "speaker": "老师",
    "text": "也是底边上的高。"
  },
  {
    "start": 1359.11,
    "end": 1371.05,
    "speaker": "老师",
    "text": "所以得到AO是垂直平分的BCD就得到了等腰三角形的三线合一真理。"
  },
  {
    "start": 1371.05,
    "end": 1371.59,
    "speaker": "老师",
    "text": "O好，"
  },
  {
    "start": 1371.79,
    "end": 1372.99,
    "speaker": "老师",
    "text": "这第一个正反。"
  },
  {
    "start": 1372.99,
    "end": 1375.45,
    "speaker": "老师",
    "text": "第二个正反呢，"
  },
  {
    "start": 1375.87,
    "end": 1377.53,
    "speaker": "老师",
    "text": "再想想看，"
  },
  {
    "start": 1377.53,
    "end": 1383.69,
    "speaker": "老师",
    "text": "有没有其他的阵法来我们这样想，"
  },
  {
    "start": 1383.69,
    "end": 1387.27,
    "speaker": "老师",
    "text": "这个啊AB和AC是相等的。"
  },
  {
    "start": 1387.31,
    "end": 1393.59,
    "speaker": "老师",
    "text": "刚刚我们讲的什么线段的垂直平分线的判定定理啊，"
  },
  {
    "start": 1393.59,
    "end": 1394.43,
    "speaker": "老师",
    "text": "到一个线段，"
  },
  {
    "start": 1394.43,
    "end": 1396.57,
    "speaker": "老师",
    "text": "两个端点距离相等的点，"
  },
  {
    "start": 1396.57,
    "end": 1399.37,
    "speaker": "老师",
    "text": "在这个线段的垂直平分线上。"
  },
  {
    "start": 1399.37,
    "end": 1400.49,
    "speaker": "老师",
    "text": "大家看一下，"
  },
  {
    "start": 1400.49,
    "end": 1405.22,
    "speaker": "老师",
    "text": "因为AB等于AC,"
  },
  {
    "start": 1405.22,
    "end": 1409.67,
    "speaker": "老师",
    "text": "那么a点应该在哪里？"
  },
  {
    "start": 1409.69,
    "end": 1412.85,
    "speaker": "老师",
    "text": "应该在BC的垂直平分线上好。"
  },
  {
    "start": 1412.85,
    "end": 1414.45,
    "speaker": "老师",
    "text": "同样的同理哈，"
  },
  {
    "start": 1414.45,
    "end": 1417.83,
    "speaker": "老师",
    "text": "o点OB等于OC了，"
  },
  {
    "start": 1417.83,
    "end": 1422.6,
    "speaker": "老师",
    "text": "那么o点也应该在BC的垂直平分线上吧。"
  },
  {
    "start": 1422.6,
    "end": 1425.74,
    "speaker": "老师",
    "text": "那现在问题来了，"
  },
  {
    "start": 1425.74,
    "end": 1426.4,
    "speaker": "老师",
    "text": "a点袋，"
  },
  {
    "start": 1427.14,
    "end": 1429.54,
    "speaker": "老师",
    "text": "现在呢BC的垂直平分线上，"
  },
  {
    "start": 1429.76,
    "end": 1434.23,
    "speaker": "老师",
    "text": "o点也在这条线段的垂直平分线上。"
  },
  {
    "start": 1439.67,
    "end": 1441.49,
    "speaker": "老师",
    "text": "我们讲两点，"
  },
  {
    "start": 1441.49,
    "end": 1481.97,
    "speaker": "老师",
    "text": "确定一条直线，"
  },
  {
    "start": 1481.97,
    "end": 1484.01,
    "speaker": "老师",
    "text": "那就说明什么？"
  },
  {
    "start": 1485.66,
    "end": 1499.96,
    "speaker": "老师",
    "text": "这一条AO这条直线正好就是BC的什么啊垂直平分线也就说明AO垂直平分线段BC这个第二种阵法不太常见啊，"
  },
  {
    "start": 1499.96,
    "end": 1502.4,
    "speaker": "老师",
    "text": "但是呢他的效率非常高啊，"
  },
  {
    "start": 1502.4,
    "end": 1506.49,
    "speaker": "老师",
    "text": "写的呢也比较简洁。"
  },
  {
    "start": 1506.49,
    "end": 1508.97,
    "speaker": "老师",
    "text": "下面我们看一下这个题目呢，"
  },
  {
    "start": 1508.99,
    "end": 1511.41,
    "speaker": "老师",
    "text": "大家先思考两分钟去。"
  },
  {
    "start": 1511.51,
    "end": 1511.99,
    "speaker": "老师",
    "text": "好，"
  },
  {
    "start": 1511.99,
    "end": 1516.93,
    "speaker": "老师",
    "text": "时间到我们来看一下第一题，"
  },
  {
    "start": 1517.09,
    "end": 1522.5,
    "speaker": "老师",
    "text": "已知AB是这个线段CD的垂直平分线，"
  },
  {
    "start": 1523.25,
    "end": 1525.96,
    "speaker": "老师",
    "text": "e是AB上的一点，"
  },
  {
    "start": 1526.16,
    "end": 1527.42,
    "speaker": "老师",
    "text": "EC等于七厘米。"
  },
  {
    "start": 1527.42,
    "end": 1530.68,
    "speaker": "老师",
    "text": "那ED呢肯定就是七厘米。"
  },
  {
    "start": 1530.68,
    "end": 1540.66,
    "speaker": "老师",
    "text": "理由呢线段的垂直平分线上的点到两个端点的距离相等，"
  },
  {
    "start": 1540.66,
    "end": 1543.02,
    "speaker": "老师",
    "text": "EC和ED应该相等的，"
  },
  {
    "start": 1543.02,
    "end": 1547.14,
    "speaker": "老师",
    "text": "所以ED也等于七厘米。"
  },
  {
    "start": 1547.14,
    "end": 1547.5,
    "speaker": "老师",
    "text": "好，"
  },
  {
    "start": 1547.5,
    "end": 1549.54,
    "speaker": "老师",
    "text": "如果角ECD等于六十度，"
  },
  {
    "start": 1549.54,
    "end": 1551.85,
    "speaker": "老师",
    "text": "角EC等于六十度，"
  },
  {
    "start": 1551.85,
    "end": 1554.83,
    "speaker": "老师",
    "text": "那么角EDC呢也等于六十度。"
  },
  {
    "start": 1554.83,
    "end": 1557.15,
    "speaker": "老师",
    "text": "理由呢等边对等角，"
  },
  {
    "start": 1557.15,
    "end": 1559.35,
    "speaker": "老师",
    "text": "那EC和ED相等，"
  },
  {
    "start": 1559.35,
    "end": 1562.9,
    "speaker": "老师",
    "text": "所以角c和角d相等，"
  },
  {
    "start": 1562.9,
    "end": 1567.44,
    "speaker": "老师",
    "text": "所以它也等于六十度。"
  },
  {
    "start": 1567.44,
    "end": 1568.49,
    "speaker": "老师",
    "text": "第二个如图，"
  },
  {
    "start": 1569.29,
    "end": 1573.93,
    "speaker": "老师",
    "text": "已知这个MN是这个BC的垂直平分线，"
  },
  {
    "start": 1574.05,
    "end": 1580.92,
    "speaker": "老师",
    "text": "a是这个BC上的一点则以下的结论，"
  },
  {
    "start": 1580.92,
    "end": 1586.36,
    "speaker": "老师",
    "text": "正确的有哪一个呢？"
  },
  {
    "start": 1586.36,
    "end": 1605.71,
    "speaker": "老师",
    "text": "看一下AC和AB相等，"
  },
  {
    "start": 1605.71,
    "end": 1631.38,
    "speaker": "老师",
    "text": "对吗？"
  },
  {
    "start": 1631.68,
    "end": 1632.08,
    "speaker": "老师",
    "text": "对的，"
  },
  {
    "start": 1632.08,
    "end": 1641.78,
    "speaker": "老师",
    "text": "线段垂直平分线上点到线段，"
  },
  {
    "start": 1641.78,
    "end": 1644.24,
    "speaker": "老师",
    "text": "两个端点的距离相等。"
  },
  {
    "start": 1644.24,
    "end": 1648.2,
    "speaker": "老师",
    "text": "第二三角形ABC是等边三角形，"
  },
  {
    "start": 1648.2,
    "end": 1648.52,
    "speaker": "老师",
    "text": "对吗？"
  },
  {
    "start": 1648.52,
    "end": 1651.43,
    "speaker": "老师",
    "text": "这个a点是BC上的，"
  },
  {
    "start": 1651.43,
    "end": 1654.6,
    "speaker": "老师",
    "text": "一点是任意一点，"
  },
  {
    "start": 1654.6,
    "end": 1658.26,
    "speaker": "老师",
    "text": "你往下面移移过来，"
  },
  {
    "start": 1658.26,
    "end": 1666.1,
    "speaker": "老师",
    "text": "这个三角形ABC看得像还像一个等边三角形吗？"
  },
  {
    "start": 1666.1,
    "end": 1668.76,
    "speaker": "老师",
    "text": "只不过这就画的像一个等边三角形而已。"
  },
  {
    "start": 1669.06,
    "end": 1669.76,
    "speaker": "老师",
    "text": "而事实上，"
  },
  {
    "start": 1669.76,
    "end": 1673.13,
    "speaker": "老师",
    "text": "它并不是等边代价性，"
  },
  {
    "start": 1673.13,
    "end": 1678.02,
    "speaker": "老师",
    "text": "所以第二个是错误的。"
  },
  {
    "start": 1678.02,
    "end": 1685.04,
    "speaker": "老师",
    "text": "第三个三角形ADB和三角形ADC全等一对折对称的它是全等的。"
  },
  {
    "start": 1685.04,
    "end": 1686.58,
    "speaker": "老师",
    "text": "对的啊，"
  },
  {
    "start": 1686.58,
    "end": 1688.54,
    "speaker": "老师",
    "text": "证明起来也很简单，"
  },
  {
    "start": 1688.54,
    "end": 1691.97,
    "speaker": "老师",
    "text": "AB和AC相等，"
  },
  {
    "start": 1691.97,
    "end": 1694.35,
    "speaker": "老师",
    "text": "AB是公共边是吧？"
  },
  {
    "start": 1694.35,
    "end": 1699.09,
    "speaker": "老师",
    "text": "斜边直角边两个看全等，"
  },
  {
    "start": 1699.09,
    "end": 1702.55,
    "speaker": "老师",
    "text": "第四个MN是三角形，"
  },
  {
    "start": 1702.55,
    "end": 1705.66,
    "speaker": "老师",
    "text": "ABC的对称轴是对称轴，"
  },
  {
    "start": 1705.66,
    "end": 1709.4,
    "speaker": "老师",
    "text": "垂直平分线就是它对称轴，"
  },
  {
    "start": 1709.4,
    "end": 1713.0,
    "speaker": "老师",
    "text": "所以这个应该是对的，"
  },
  {
    "start": 1713.0,
    "end": 1716.4,
    "speaker": "老师",
    "text": "应该说正确的结论有一三四三个。"
  },
  {
    "start": 1716.4,
    "end": 1716.62,
    "speaker": "老师",
    "text": "好，"
  },
  {
    "start": 1716.62,
    "end": 1720.28,
    "speaker": "老师",
    "text": "这一道题思考两个是好时间到我们看一下哈。"
  },
  {
    "start": 1720.28,
    "end": 1723.56,
    "speaker": "老师",
    "text": "在这个三角形ABC当中，"
  },
  {
    "start": 1724.36,
    "end": 1735.55,
    "speaker": "老师",
    "text": "AC的长度等于二十七AB的垂直平分线交AB于d点。"
  },
  {
    "start": 1735.55,
    "end": 1739.24,
    "speaker": "老师",
    "text": "这个时候其实我们有个条件反射，"
  },
  {
    "start": 1739.24,
    "end": 1741.72,
    "speaker": "老师",
    "text": "什么垂直平分线上点到两个端点，"
  },
  {
    "start": 1741.72,
    "end": 1746.9,
    "speaker": "老师",
    "text": "距离相等EA和EB就相等。"
  },
  {
    "start": 1746.98,
    "end": 1753.26,
    "speaker": "老师",
    "text": "三角形BCE的周长等于五十，"
  },
  {
    "start": 1753.68,
    "end": 1760.27,
    "speaker": "老师",
    "text": "也就是这三条线段加在就等于五十。"
  },
  {
    "start": 1760.27,
    "end": 1763.25,
    "speaker": "老师",
    "text": "求BC的长，"
  },
  {
    "start": 1763.25,
    "end": 1766.21,
    "speaker": "老师",
    "text": "要求BC的长，"
  },
  {
    "start": 1766.21,
    "end": 1770.72,
    "speaker": "老师",
    "text": "事实上只要把BE加EC求出来了。"
  },
  {
    "start": 1770.84,
    "end": 1774.73,
    "speaker": "老师",
    "text": "刚才讲了BE和AE怎么样相等，"
  },
  {
    "start": 1774.73,
    "end": 1781.05,
    "speaker": "老师",
    "text": "那我们要算的就是EC加EA的长度等于多少了，"
  },
  {
    "start": 1781.05,
    "end": 1787.32,
    "speaker": "老师",
    "text": "正好就是AC的长度。"
  },
  {
    "start": 1787.32,
    "end": 1790.5,
    "speaker": "老师",
    "text": "已知高度等于二十七一减就出来了吧。"
  },
  {
    "start": 1790.5,
    "end": 1792.86,
    "speaker": "老师",
    "text": "好，"
  },
  {
    "start": 1792.86,
    "end": 1793.3,
    "speaker": "老师",
    "text": "嗯，"
  },
  {
    "start": 1793.3,
    "end": 1796.08,
    "speaker": "老师",
    "text": "因为DE是AB的垂直平分线，"
  },
  {
    "start": 1796.08,
    "end": 1799.83,
    "speaker": "老师",
    "text": "所以呢AE和BE是相等的。"
  },
  {
    "start": 1799.83,
    "end": 1804.63,
    "speaker": "老师",
    "text": "又因为这个三角形BCE的周长等于五十，"
  },
  {
    "start": 1804.63,
    "end": 1808.91,
    "speaker": "老师",
    "text": "所以这三条线段加一起等于五十。"
  },
  {
    "start": 1808.93,
    "end": 1818.5,
    "speaker": "老师",
    "text": "好注意到这个AE和BE相等的那我这里就把BE就换成了AE,"
  },
  {
    "start": 1818.5,
    "end": 1824.75,
    "speaker": "老师",
    "text": "那么就是AE加EC加BC就等于五十。"
  },
  {
    "start": 1824.75,
    "end": 1827.29,
    "speaker": "老师",
    "text": "但是要注意到AE加EC,"
  },
  {
    "start": 1827.29,
    "end": 1830.63,
    "speaker": "老师",
    "text": "正好就是AC,"
  },
  {
    "start": 1830.63,
    "end": 1841.76,
    "speaker": "老师",
    "text": "所以AC加BC等于五十。"
  },
  {
    "start": 1841.76,
    "end": 1848.85,
    "speaker": "老师",
    "text": "但是又因为AC等于多少啊？"
  },
  {
    "start": 1848.85,
    "end": 1849.61,
    "speaker": "老师",
    "text": "二十七吧，"
  },
  {
    "start": 1849.61,
    "end": 1853.05,
    "speaker": "老师",
    "text": "所以BC五十减二十七就等于二十三。"
  },
  {
    "start": 1853.05,
    "end": 1853.25,
    "speaker": "老师",
    "text": "好，"
  },
  {
    "start": 1853.25,
    "end": 1854.79,
    "speaker": "老师",
    "text": "那再看一下这一道题，"
  },
  {
    "start": 1854.79,
    "end": 1855.81,
    "speaker": "老师",
    "text": "两分钟的思考，"
  },
  {
    "start": 1855.81,
    "end": 1856.81,
    "speaker": "老师",
    "text": "切我想是，"
  },
  {
    "start": 1856.81,
    "end": 1859.74,
    "speaker": "老师",
    "text": "所以你神经病切。"
  },
  {
    "start": 1860.4,
    "end": 1860.94,
    "speaker": "老师",
    "text": "好，"
  },
  {
    "start": 1860.94,
    "end": 1864.58,
    "speaker": "老师",
    "text": "我们看这里要证明这个PB和PC是相等的。"
  },
  {
    "start": 1865.08,
    "end": 1867.04,
    "speaker": "老师",
    "text": "已知什么呢？"
  },
  {
    "start": 1867.06,
    "end": 1869.42,
    "speaker": "老师",
    "text": "已知AB和AC相等，"
  },
  {
    "start": 1869.42,
    "end": 1874.16,
    "speaker": "老师",
    "text": "BD和CD相等p点是这个呢AD上的一点。"
  },
  {
    "start": 1874.16,
    "end": 1878.8,
    "speaker": "老师",
    "text": "现在我们要证明PB等于PC,"
  },
  {
    "start": 1878.8,
    "end": 1880.12,
    "speaker": "老师",
    "text": "当然要证明什么呢？"
  },
  {
    "start": 1880.12,
    "end": 1882.38,
    "speaker": "老师",
    "text": "要证明PB等于PC."
  },
  {
    "start": 1883.77,
    "end": 1890.09,
    "speaker": "老师",
    "text": "我就是如果能证明的三角形ABP全等于三角形ACP能不能证明出来？"
  },
  {
    "start": 1890.09,
    "end": 1891.53,
    "speaker": "老师",
    "text": "如果证明出来以后，"
  },
  {
    "start": 1891.53,
    "end": 1894.68,
    "speaker": "老师",
    "text": "PB和PC相等，"
  },
  {
    "start": 1894.68,
    "end": 1899.99,
    "speaker": "老师",
    "text": "但是怎么证明呢？"
  },
  {
    "start": 1900.25,
    "end": 1900.49,
    "speaker": "老师",
    "text": "好，"
  },
  {
    "start": 1900.49,
    "end": 1902.37,
    "speaker": "老师",
    "text": "怎么证明呢？"
  },
  {
    "start": 1905.89,
    "end": 1910.65,
    "speaker": "老师",
    "text": "其实这里如果说这里少一个什么条件呢？"
  },
  {
    "start": 1910.65,
    "end": 1915.25,
    "speaker": "老师",
    "text": "知道了AB和AC相等。"
  },
  {
    "start": 1915.25,
    "end": 1918.81,
    "speaker": "老师",
    "text": "知道了AP等于AP,"
  },
  {
    "start": 1918.81,
    "end": 1938.03,
    "speaker": "老师",
    "text": "应该说知道了AB是等于AC的。"
  },
  {
    "start": 1938.03,
    "end": 1949.18,
    "speaker": "老师",
    "text": "知道了什么呢？"
  },
  {
    "start": 1949.18,
    "end": 1954.43,
    "speaker": "老师",
    "text": "知道AP是等于AP的，"
  },
  {
    "start": 1954.51,
    "end": 1957.85,
    "speaker": "老师",
    "text": "我就是擦一个什么擦一个角，"
  },
  {
    "start": 1957.85,
    "end": 1960.06,
    "speaker": "老师",
    "text": "擦他们的夹角，"
  },
  {
    "start": 1960.06,
    "end": 1964.47,
    "speaker": "老师",
    "text": "看看这个角BAP能不能等于角CAP呢？"
  },
  {
    "start": 1964.47,
    "end": 1967.23,
    "speaker": "老师",
    "text": "如果说能够证明出这两个角相等，"
  },
  {
    "start": 1967.23,
    "end": 1969.53,
    "speaker": "老师",
    "text": "那么这两个三角是是全等的，"
  },
  {
    "start": 1969.87,
    "end": 1973.57,
    "speaker": "老师",
    "text": "现在角BAP和角CAP能否相等等。"
  },
  {
    "start": 1974.23,
    "end": 1979.85,
    "speaker": "老师",
    "text": "那当然除了它是这两个三角形当中的角，"
  },
  {
    "start": 1979.85,
    "end": 1984.35,
    "speaker": "老师",
    "text": "也是大三角形当中当中的角，"
  },
  {
    "start": 1984.35,
    "end": 1987.73,
    "speaker": "老师",
    "text": "因此也就把它转换成证明什么呢？"
  },
  {
    "start": 1987.73,
    "end": 1995.71,
    "speaker": "老师",
    "text": "证明三角形ABD和三角形ACD能不能全等。"
  },
  {
    "start": 1995.71,
    "end": 2000.51,
    "speaker": "老师",
    "text": "如果这两个三角形全等，"
  },
  {
    "start": 2000.53,
    "end": 2002.53,
    "speaker": "老师",
    "text": "那这两个角也是相等的。"
  },
  {
    "start": 2002.53,
    "end": 2006.03,
    "speaker": "老师",
    "text": "现在看看要证明这两个三角形全等，"
  },
  {
    "start": 2006.17,
    "end": 2011.68,
    "speaker": "老师",
    "text": "已知条件里面有些什么呢？"
  },
  {
    "start": 2011.68,
    "end": 2017.85,
    "speaker": "老师",
    "text": "看看有哪一些啊AB等于AC,"
  },
  {
    "start": 2018.62,
    "end": 2019.9,
    "speaker": "老师",
    "text": "这是已知的。"
  },
  {
    "start": 2019.9,
    "end": 2024.49,
    "speaker": "老师",
    "text": "还有呢这个BD等于CD也是已知的。"
  },
  {
    "start": 2024.49,
    "end": 2025.73,
    "speaker": "老师",
    "text": "还有个条件是什么？"
  },
  {
    "start": 2025.99,
    "end": 2029.02,
    "speaker": "老师",
    "text": "Ad应该是公共边，"
  },
  {
    "start": 2030.44,
    "end": 2038.79,
    "speaker": "老师",
    "text": "所以AD等于AD的那这三条线段都是相等的，"
  },
  {
    "start": 2039.03,
    "end": 2041.83,
    "speaker": "老师",
    "text": "两个三角形全等倒的一推挺直出来。"
  },
  {
    "start": 2041.83,
    "end": 2047.55,
    "speaker": "老师",
    "text": "这是我们分析一道证明题的一个思路，"
  },
  {
    "start": 2047.55,
    "end": 2048.09,
    "speaker": "老师",
    "text": "一种办法。"
  },
  {
    "start": 2048.09,
    "end": 2048.27,
    "speaker": "老师",
    "text": "好，"
  },
  {
    "start": 2048.27,
    "end": 2053.95,
    "speaker": "老师",
    "text": "那现在我们看看这个题目的证明真满意。"
  },
  {
    "start": 2055.21,
    "end": 2057.29,
    "speaker": "老师",
    "text": "在这两个三角形当中，"
  },
  {
    "start": 2057.29,
    "end": 2063.72,
    "speaker": "老师",
    "text": "三角形ABD和三角形ACD中，"
  },
  {
    "start": 2063.72,
    "end": 2068.37,
    "speaker": "老师",
    "text": "AB和AC相等，"
  },
  {
    "start": 2068.37,
    "end": 2070.47,
    "speaker": "老师",
    "text": "BD和CD相等，"
  },
  {
    "start": 2070.77,
    "end": 2071.95,
    "speaker": "老师",
    "text": "AD和AD相等。"
  },
  {
    "start": 2071.95,
    "end": 2081.83,
    "speaker": "老师",
    "text": "所以这两个三角形全等好，"
  },
  {
    "start": 2081.83,
    "end": 2088.33,
    "speaker": "老师",
    "text": "所以就得到了角BAD和角CAD应该是相等的啦。"
  },
  {
    "start": 2088.33,
    "end": 2092.15,
    "speaker": "老师",
    "text": "好在这个三角形ABP和三角形ACP当中，"
  },
  {
    "start": 2092.15,
    "end": 2096.61,
    "speaker": "老师",
    "text": "AB和AC相等夹角相等的AP等于AP."
  },
  {
    "start": 2096.63,
    "end": 2100.85,
    "speaker": "老师",
    "text": "根据呢边角边可以得到两个三角形全等，"
  },
  {
    "start": 2100.85,
    "end": 2102.09,
    "speaker": "老师",
    "text": "所以就得到了PB,"
  },
  {
    "start": 2102.09,
    "end": 2102.87,
    "speaker": "老师",
    "text": "等于PC."
  },
  {
    "start": 2102.99,
    "end": 2103.47,
    "speaker": "老师",
    "text": "好了，"
  },
  {
    "start": 2103.47,
    "end": 2104.83,
    "speaker": "老师",
    "text": "这是第一种证法，"
  },
  {
    "start": 2104.83,
    "end": 2108.03,
    "speaker": "老师",
    "text": "我们用全等做出来的，"
  },
  {
    "start": 2108.23,
    "end": 2110.28,
    "speaker": "老师",
    "text": "还有没有？"
  },
  {
    "start": 2110.28,
    "end": 2111.38,
    "speaker": "老师",
    "text": "第二种证法呢？"
  },
  {
    "start": 2111.4,
    "end": 2113.97,
    "speaker": "老师",
    "text": "看一下看一下啊，"
  },
  {
    "start": 2113.97,
    "end": 2117.32,
    "speaker": "老师",
    "text": "如果我们把BC连在一起，"
  },
  {
    "start": 2117.32,
    "end": 2135.43,
    "speaker": "老师",
    "text": "然后告诉你这个a点是在这个BC的垂直平分线上能不能证明d点也在BC的垂直平分线上能不能得到这个AD正好垂直平分线。"
  },
  {
    "start": 2135.43,
    "end": 2140.27,
    "speaker": "老师",
    "text": "刚才那一道题还记得吧？"
  },
  {
    "start": 2140.27,
    "end": 2140.55,
    "speaker": "老师",
    "text": "啊，"
  },
  {
    "start": 2140.55,
    "end": 2143.0,
    "speaker": "老师",
    "text": "AB等于AC,"
  },
  {
    "start": 2143.0,
    "end": 2144.76,
    "speaker": "老师",
    "text": "那么a点就在这个线段BC的垂直平分线上。"
  },
  {
    "start": 2144.34,
    "end": 2144.76,
    "speaker": "老师",
    "text": "同样的，"
  },
  {
    "start": 2144.34,
    "end": 2144.76,
    "speaker": "老师",
    "text": "因为BD等于BCD,"
  },
  {
    "start": 2144.34,
    "end": 2144.76,
    "speaker": "老师",
    "text": "那么b点也在线段BC的垂直平分线上吧，"
  },
  {
    "start": 2144.34,
    "end": 2144.76,
    "speaker": "老师",
    "text": "那这个就得到什么AD,"
  },
  {
    "start": 2144.34,
    "end": 2144.76,
    "speaker": "老师",
    "text": "就应该是BC的垂直平分线好了。"
  },
  {
    "start": 2144.34,
    "end": 2144.76,
    "speaker": "老师",
    "text": "既然垂直平分线p点不是在AD上吗？"
  },
  {
    "start": 2144.34,
    "end": 2144.76,
    "speaker": "老师",
    "text": "那就得到什么p点是AD上的一点，"
  },
  {
    "start": 2144.34,
    "end": 2144.76,
    "speaker": "老师",
    "text": "那就直接可以得到了PB,"
  },
  {
    "start": 2144.34,
    "end": 2144.76,
    "speaker": "老师",
    "text": "等于PC,"
  },
  {
    "start": 2144.34,
    "end": 2144.76,
    "speaker": "老师",
    "text": "就是线段的垂直平分线上点到线段，"
  },
  {
    "start": 2144.34,
    "end": 2144.76,
    "speaker": "老师",
    "text": "两个端点的距离是相等的。"
  },
  {
    "start": 2144.34,
    "end": 2144.76,
    "speaker": "老师",
    "text": "这样的证明想到了吗？"
  },
  {
    "start": 2144.34,
    "end": 2144.76,
    "speaker": "老师",
    "text": "好，"
  },
  {
    "start": 2144.34,
    "end": 2144.76,
    "speaker": "老师",
    "text": "我们看一下第五题，"
  },
  {
    "start": 2144.34,
    "end": 2144.76,
    "speaker": "老师",
    "text": "已知如图，"
  },
  {
    "start": 2144.34,
    "end": 2144.76,
    "speaker": "老师",
    "text": "这个直线AB是线段CD的垂直平分线，"
  },
  {
    "start": 2144.34,
    "end": 2144.76,
    "speaker": "老师",
    "text": "EF是直线AB上的两点求证，"
  },
  {
    "start": 2144.34,
    "end": 2144.76,
    "speaker": "老师",
    "text": "两个角ECF和角EDF是相等的。"
  },
  {
    "start": 2144.34,
    "end": 2144.76,
    "speaker": "老师",
    "text": "好，"
  },
  {
    "start": 2144.34,
    "end": 2144.76,
    "speaker": "老师",
    "text": "思考一下，"
  },
  {
    "start": 2144.34,
    "end": 2144.76,
    "speaker": "老师",
    "text": "花一分钟的时间你接好，"
  },
  {
    "start": 2144.34,
    "end": 2144.76,
    "speaker": "老师",
    "text": "我们看一下这个题目要证明角ECF和角EDF是相等的。"
  },
  {
    "start": 2144.34,
    "end": 2144.76,
    "speaker": "老师",
    "text": "你会采用什么样的方法呢？"
  },
  {
    "start": 2144.34,
    "end": 2144.76,
    "speaker": "老师",
    "text": "首先我们看第一个方法，"
  },
  {
    "start": 2144.34,
    "end": 2144.76,
    "speaker": "老师",
    "text": "利用垂直平面线上点到两个端点的距离相等。"
  },
  {
    "start": 2144.34,
    "end": 2144.76,
    "speaker": "老师",
    "text": "你看一下EC和ED不相等怎么办？"
  },
  {
    "start": 2144.34,
    "end": 2144.76,
    "speaker": "老师",
    "text": "这属垂直平面线上点，"
  },
  {
    "start": 2144.34,
    "end": 2144.76,
    "speaker": "老师",
    "text": "那就得到了这个角ECD和角EDC是相等的吧。"
  },
  {
    "start": 2144.34,
    "end": 2144.76,
    "speaker": "老师",
    "text": "同理，"
  },
  {
    "start": 2144.34,
    "end": 2144.76,
    "speaker": "老师",
    "text": "角FCD和角FDC也相等的了两个，"
  },
  {
    "start": 2144.34,
    "end": 2144.76,
    "speaker": "老师",
    "text": "一加出来了吧。"
  },
  {
    "start": 2144.34,
    "end": 2144.76,
    "speaker": "老师",
    "text": "好，"
  },
  {
    "start": 2144.34,
    "end": 2144.76,
    "speaker": "老师",
    "text": "这是第一种证法啊。"
  },
  {
    "start": 2144.34,
    "end": 2144.76,
    "speaker": "老师",
    "text": "因为AB是CD的垂直平分线，"
  },
  {
    "start": 2144.34,
    "end": 2144.76,
    "speaker": "老师",
    "text": "所以呢EC等于ED,"
  },
  {
    "start": 2144.34,
    "end": 2144.76,
    "speaker": "老师",
    "text": "那就得到了什么呢？"
  },
  {
    "start": 2144.34,
    "end": 2144.76,
    "speaker": "老师",
    "text": "角ECD和角EDC应该是相等的。"
  },
  {
    "start": 2144.34,
    "end": 2144.76,
    "speaker": "老师",
    "text": "同理角FCD和角FDC也相等，"
  },
  {
    "start": 2144.34,
    "end": 2144.76,
    "speaker": "老师",
    "text": "那我现在可以怎么样？"
  },
  {
    "start": 2144.34,
    "end": 2144.76,
    "speaker": "老师",
    "text": "左边和左边相加，"
  },
  {
    "start": 2144.34,
    "end": 2144.76,
    "speaker": "老师",
    "text": "右边和右边相加等量加等量和相等角ECD加角FCD是什么？"
  },
  {
    "start": 2144.34,
    "end": 2144.76,
    "speaker": "老师",
    "text": "正好是角ECF吧，"
  },
  {
    "start": 2144.34,
    "end": 2144.76,
    "speaker": "老师",
    "text": "角EDC加角FDC,"
  },
  {
    "start": 2144.34,
    "end": 2144.76,
    "speaker": "老师",
    "text": "正好是角EDF对吧？"
  },
  {
    "start": 2144.34,
    "end": 2144.76,
    "speaker": "老师",
    "text": "题目不就证明出来了吗？"
  },
  {
    "start": 2144.34,
    "end": 2144.76,
    "speaker": "老师",
    "text": "好，"
  },
  {
    "start": 2144.34,
    "end": 2144.76,
    "speaker": "老师",
    "text": "当然我想很多同学想的方法肯定不是这一个，"
  },
  {
    "start": 2144.34,
    "end": 2144.76,
    "speaker": "老师",
    "text": "而是另外一个什么全等。"
  },
  {
    "start": 2144.34,
    "end": 2144.76,
    "speaker": "老师",
    "text": "来我们看看用全脸能不能做出来。"
  },
  {
    "start": 2144.34,
    "end": 2144.76,
    "speaker": "老师",
    "text": "Ab是垂直平分线e点，"
  },
  {
    "start": 2144.34,
    "end": 2144.76,
    "speaker": "老师",
    "text": "是在这个垂直平分线上，"
  },
  {
    "start": 2144.34,
    "end": 2144.76,
    "speaker": "老师",
    "text": "所以EC等于EDFC等于FD."
  },
  {
    "start": 2144.34,
    "end": 2144.76,
    "speaker": "老师",
    "text": "还有一个什么？"
  },
  {
    "start": 2144.34,
    "end": 2144.76,
    "speaker": "老师",
    "text": "Ef是公共边两个三角形就怎么样全等的，"
  },
  {
    "start": 2144.34,
    "end": 2144.76,
    "speaker": "老师",
    "text": "所以对应角相等很简单。"
  },
  {
    "start": 2144.34,
    "end": 2144.76,
    "speaker": "老师",
    "text": "所以这个其实就是利用全等证明出来的东西啊。"
  },
  {
    "start": 2144.34,
    "end": 2144.76,
    "speaker": "老师",
    "text": "好了，"
  },
  {
    "start": 2144.34,
    "end": 2144.76,
    "speaker": "老师",
    "text": "所以就得到了角ECF等于角EDF啊，"
  },
  {
    "start": 2144.34,
    "end": 2144.76,
    "speaker": "老师",
    "text": "EC和ED相等，"
  },
  {
    "start": 2144.34,
    "end": 2144.76,
    "speaker": "老师",
    "text": "CF和DF相等啊，"
  },
  {
    "start": 2144.34,
    "end": 2144.76,
    "speaker": "老师",
    "text": "根据边边边证明两个赛的选等的。"
  },
  {
    "start": 2144.34,
    "end": 2144.76,
    "speaker": "老师",
    "text": "好，"
  },
  {
    "start": 2144.34,
    "end": 2144.76,
    "speaker": "老师",
    "text": "通过今天的学习，"
  },
  {
    "start": 2144.34,
    "end": 2144.76,
    "speaker": "老师",
    "text": "你学到了什么呢？"
  },
  {
    "start": 2144.34,
    "end": 2144.76,
    "speaker": "老师",
    "text": "首先我们讲的是线段的垂直平分线的性质，"
  },
  {
    "start": 2144.34,
    "end": 2144.76,
    "speaker": "老师",
    "text": "定理应该是线段垂直平分线上点到这个线段的两个端点的距离相等。"
  },
  {
    "start": 2144.34,
    "end": 2144.76,
    "speaker": "老师",
    "text": "它的逆定理其实就是线段垂直平分线的判定。"
  },
  {
    "start": 2144.34,
    "end": 2144.76,
    "speaker": "老师",
    "text": "定理到一条线段的两个端点，"
  },
  {
    "start": 2144.34,
    "end": 2144.76,
    "speaker": "老师",
    "text": "距离相等的点在这条线段的垂直平分线上，"
  },
  {
    "start": 2144.34,
    "end": 2144.76,
    "speaker": "老师",
    "text": "这是我们今天所学的知识。"
  },
  {
    "start": 2144.34,
    "end": 2144.76,
    "speaker": "老师",
    "text": "那从今天的学习当中，"
  },
  {
    "start": 2144.34,
    "end": 2144.76,
    "speaker": "老师",
    "text": "你悟到了什么呢？"
  },
  {
    "start": 2144.34,
    "end": 2144.76,
    "speaker": "老师",
    "text": "其实我们在分析证明题的时候，"
  },
  {
    "start": 2144.34,
    "end": 2144.76,
    "speaker": "老师",
    "text": "经常采用的一种方法就是逆向思维。"
  },
  {
    "start": 2144.34,
    "end": 2144.76,
    "speaker": "老师",
    "text": "好，"
  },
  {
    "start": 2144.34,
    "end": 2144.76,
    "speaker": "老师",
    "text": "并且呢每一道题我们证明的方法呢可以有一种或者两种，"
  },
  {
    "start": 2144.34,
    "end": 2144.76,
    "speaker": "老师",
    "text": "甚至可能有三种啊，"
  },
  {
    "start": 2144.34,
    "end": 2144.76,
    "speaker": "老师",
    "text": "可以从不同的角度，"
  },
  {
    "start": 2144.34,
    "end": 2144.76,
    "speaker": "老师",
    "text": "不同的方向进行思考，"
  },
  {
    "start": 2144.34,
    "end": 2144.76,
    "speaker": "老师",
    "text": "这是我们今天的作业。"
  },
  {
    "start": 2144.34,
    "end": 2144.76,
    "speaker": "老师",
    "text": "好，"
  },
  {
    "start": 2144.34,
    "end": 2144.76,
    "speaker": "老师",
    "text": "今天的课就到这里，"
  },
  {
    "start": 2144.34,
    "end": 2144.76,
    "speaker": "老师",
    "text": "同学们再见。"
  }
]