[
  {
    "start": 9.59,
    "end": 12.91,
    "speaker": "老师",
    "text": "同学们大家好，"
  },
  {
    "start": 12.91,
    "end": 15.67,
    "speaker": "老师",
    "text": "我是南昌市广南学校。"
  },
  {
    "start": 15.67,
    "end": 20.33,
    "speaker": "老师",
    "text": "温公祥老师在正式上课之前，"
  },
  {
    "start": 20.33,
    "end": 29.23,
    "speaker": "老师",
    "text": "请同学们准备好直尺、铅笔、橡皮擦等作图工具。"
  },
  {
    "start": 29.23,
    "end": 43.84,
    "speaker": "老师",
    "text": "今天我们要学习的内容是十九点二点三一次函数与方程不等式第一课时。"
  },
  {
    "start": 43.84,
    "end": 46.62,
    "speaker": "老师",
    "text": "在前面的学习过程当中，"
  },
  {
    "start": 46.62,
    "end": 50.39,
    "speaker": "老师",
    "text": "我们学习了一次函数图像的做法。"
  },
  {
    "start": 50.39,
    "end": 53.4,
    "speaker": "老师",
    "text": "那么请同学们回忆一下，"
  },
  {
    "start": 53.4,
    "end": 57.22,
    "speaker": "老师",
    "text": "如何来画一次函数图像呢？"
  },
  {
    "start": 57.26,
    "end": 62.9,
    "speaker": "老师",
    "text": "画一次函数图像有哪些步骤呢？"
  },
  {
    "start": 62.9,
    "end": 64.88,
    "speaker": "老师",
    "text": "对，"
  },
  {
    "start": 64.88,
    "end": 74.16,
    "speaker": "老师",
    "text": "画一次函数图像总共有三步，"
  },
  {
    "start": 74.24,
    "end": 77.01,
    "speaker": "老师",
    "text": "第一步列表，"
  },
  {
    "start": 77.01,
    "end": 78.25,
    "speaker": "老师",
    "text": "第二步描点，"
  },
  {
    "start": 78.25,
    "end": 79.79,
    "speaker": "老师",
    "text": "第三步连线。"
  },
  {
    "start": 79.83,
    "end": 91.95,
    "speaker": "老师",
    "text": "接下来我们将运用前面所学的知识进入今天的第一个数学活动，"
  },
  {
    "start": 91.97,
    "end": 99.29,
    "speaker": "老师",
    "text": "探究一探究一次函数与一元一次方程的关系。"
  },
  {
    "start": 99.29,
    "end": 110.28,
    "speaker": "老师",
    "text": "请同学们画出一次函数y等于二x加一的图像。"
  },
  {
    "start": 112.27,
    "end": 114.65,
    "speaker": "老师",
    "text": "在这个过程当中，"
  },
  {
    "start": 114.65,
    "end": 117.71,
    "speaker": "老师",
    "text": "你有什么新发现吗？"
  },
  {
    "start": 117.71,
    "end": 127.7,
    "speaker": "老师",
    "text": "第一步列表当y等于负一时得到方程二x加一等于负一，"
  },
  {
    "start": 127.7,
    "end": 129.64,
    "speaker": "老师",
    "text": "解得x等于负一。"
  },
  {
    "start": 129.66,
    "end": 134.21,
    "speaker": "老师",
    "text": "我们看方程二x加一等于负一，"
  },
  {
    "start": 134.35,
    "end": 146.24,
    "speaker": "老师",
    "text": "就是我们前面学习过的一元一次方程解一元一次方程二x加一等于负一，"
  },
  {
    "start": 147.3,
    "end": 153.35,
    "speaker": "老师",
    "text": "就是相当于求一次函数y等于二x加一，"
  },
  {
    "start": 153.63,
    "end": 157.95,
    "speaker": "老师",
    "text": "函数值y等于负一时，"
  },
  {
    "start": 158.11,
    "end": 161.02,
    "speaker": "老师",
    "text": "对应自变量x的值。"
  },
  {
    "start": 161.02,
    "end": 170.63,
    "speaker": "老师",
    "text": "所以第一列空白处填上负一当x等于零时，"
  },
  {
    "start": 170.65,
    "end": 174.64,
    "speaker": "老师",
    "text": "得到y等于一。"
  },
  {
    "start": 174.64,
    "end": 178.36,
    "speaker": "老师",
    "text": "第二列空白处填上一，"
  },
  {
    "start": 178.36,
    "end": 180.42,
    "speaker": "老师",
    "text": "当y等于零时，"
  },
  {
    "start": 180.42,
    "end": 185.82,
    "speaker": "老师",
    "text": "得到方程二x加一等于零，"
  },
  {
    "start": 185.82,
    "end": 189.64,
    "speaker": "老师",
    "text": "解得x等于负零点五解，"
  },
  {
    "start": 189.64,
    "end": 194.48,
    "speaker": "老师",
    "text": "一元一次方程二x加一等于零，"
  },
  {
    "start": 194.48,
    "end": 203.82,
    "speaker": "老师",
    "text": "就是求一次函数y等于二x加一的函数值，"
  },
  {
    "start": 203.82,
    "end": 205.56,
    "speaker": "老师",
    "text": "y等于零时，"
  },
  {
    "start": 206.36,
    "end": 211.13,
    "speaker": "老师",
    "text": "对应自变量x的值。"
  },
  {
    "start": 211.41,
    "end": 215.73,
    "speaker": "老师",
    "text": "第三列的空白处填上负零点五，"
  },
  {
    "start": 215.73,
    "end": 221.51,
    "speaker": "老师",
    "text": "当y等于三时得到方程二x加一等于三，"
  },
  {
    "start": 221.51,
    "end": 224.09,
    "speaker": "老师",
    "text": "解得x等于一，"
  },
  {
    "start": 224.09,
    "end": 228.43,
    "speaker": "老师",
    "text": "解方程二x加一等于三，"
  },
  {
    "start": 228.43,
    "end": 235.9,
    "speaker": "老师",
    "text": "就是相当于求一次函数y等于二，"
  },
  {
    "start": 235.9,
    "end": 238.58,
    "speaker": "老师",
    "text": "x加一的函数值，"
  },
  {
    "start": 238.62,
    "end": 240.68,
    "speaker": "老师",
    "text": "y等于三时，"
  },
  {
    "start": 240.68,
    "end": 244.56,
    "speaker": "老师",
    "text": "它所对应自变量x的值。"
  },
  {
    "start": 244.56,
    "end": 247.28,
    "speaker": "老师",
    "text": "所以第四列空白处填上一。"
  },
  {
    "start": 249.24,
    "end": 255.2,
    "speaker": "老师",
    "text": "当然这里面还可以取出很多个x值和很多个y值，"
  },
  {
    "start": 255.32,
    "end": 259.14,
    "speaker": "老师",
    "text": "我们这里就不一一列举了。"
  },
  {
    "start": 259.2,
    "end": 263.32,
    "speaker": "老师",
    "text": "从这个列表的过程当中，"
  },
  {
    "start": 263.82,
    "end": 269.88,
    "speaker": "老师",
    "text": "我们可以看出给出一个x值或一个y值，"
  },
  {
    "start": 269.88,
    "end": 276.44,
    "speaker": "老师",
    "text": "我们都能得到相应的一个一元一次方程，"
  },
  {
    "start": 276.44,
    "end": 280.5,
    "speaker": "老师",
    "text": "并能得到相应的解继续。"
  },
  {
    "start": 280.5,
    "end": 283.07,
    "speaker": "老师",
    "text": "我们的作图。"
  },
  {
    "start": 283.07,
    "end": 284.31,
    "speaker": "老师",
    "text": "通过描点连线，"
  },
  {
    "start": 284.31,
    "end": 292.79,
    "speaker": "老师",
    "text": "我们可以得到一次函数y等于二x加一的图像，"
  },
  {
    "start": 292.81,
    "end": 294.31,
    "speaker": "老师",
    "text": "如图所示。"
  },
  {
    "start": 294.31,
    "end": 295.53,
    "speaker": "老师",
    "text": "那么同学们，"
  },
  {
    "start": 295.53,
    "end": 303.39,
    "speaker": "老师",
    "text": "你们能从图中找出二x加一等于负一的解吗？"
  },
  {
    "start": 303.41,
    "end": 307.14,
    "speaker": "老师",
    "text": "通过我们前面的分析，"
  },
  {
    "start": 307.14,
    "end": 315.42,
    "speaker": "老师",
    "text": "我们可以知道解二x加一等于负一，"
  },
  {
    "start": 315.42,
    "end": 324.11,
    "speaker": "老师",
    "text": "就是求一次函数y等于二x加一的图像上纵坐标为负一时，"
  },
  {
    "start": 324.11,
    "end": 327.54,
    "speaker": "老师",
    "text": "它所对应的横坐标的值。"
  },
  {
    "start": 328.56,
    "end": 331.42,
    "speaker": "老师",
    "text": "因此，"
  },
  {
    "start": 331.42,
    "end": 337.35,
    "speaker": "老师",
    "text": "方程二x加一等于负一的解为x等于负一。"
  },
  {
    "start": 337.45,
    "end": 350.94,
    "speaker": "老师",
    "text": "方程二x加一等于零的解就是一次函数y等于二x加一的图像上纵坐标为零时，"
  },
  {
    "start": 350.94,
    "end": 357.16,
    "speaker": "老师",
    "text": "它所对应的横坐标的值，"
  },
  {
    "start": 357.16,
    "end": 364.08,
    "speaker": "老师",
    "text": "因此一元一次方程二x加一等于零的解为x等于负零点五。"
  },
  {
    "start": 364.08,
    "end": 366.06,
    "speaker": "老师",
    "text": "那么同学们，"
  },
  {
    "start": 366.06,
    "end": 374.17,
    "speaker": "老师",
    "text": "你们能快速的从图像中找出二x加一等于三的解吗？"
  },
  {
    "start": 374.17,
    "end": 380.72,
    "speaker": "老师",
    "text": "我相信同学们很快已经得到答案。"
  },
  {
    "start": 380.76,
    "end": 387.4,
    "speaker": "老师",
    "text": "解一元一次方程二x加一等于三，"
  },
  {
    "start": 387.4,
    "end": 428.37,
    "speaker": "老师",
    "text": "就是求一次函数y等于二，"
  },
  {
    "start": 428.37,
    "end": 433.41,
    "speaker": "老师",
    "text": "x加一的图像上纵坐标为三时，"
  },
  {
    "start": 433.45,
    "end": 435.85,
    "speaker": "老师",
    "text": "它所对应的横坐标的值，"
  },
  {
    "start": 435.85,
    "end": 442.37,
    "speaker": "老师",
    "text": "因此二x加一等于三的解为x等于一。"
  },
  {
    "start": 442.45,
    "end": 445.15,
    "speaker": "老师",
    "text": "那么同学们，"
  },
  {
    "start": 445.73,
    "end": 451.67,
    "speaker": "老师",
    "text": "你们能把这个结论推广到一般情况吗？"
  },
  {
    "start": 452.15,
    "end": 457.11,
    "speaker": "老师",
    "text": "请同学们试着总结归纳。"
  },
  {
    "start": 457.15,
    "end": 457.77,
    "speaker": "老师",
    "text": "好，"
  },
  {
    "start": 457.89,
    "end": 472.16,
    "speaker": "老师",
    "text": "通过我们刚才从数和形两方面对一次函数与一元制方程的关系的研究，"
  },
  {
    "start": 472.24,
    "end": 478.52,
    "speaker": "老师",
    "text": "我们可以得到它们的关系如下，"
  },
  {
    "start": 478.52,
    "end": 484.92,
    "speaker": "老师",
    "text": "求一元一次方程AX加b等于零的解。"
  },
  {
    "start": 485.8,
    "end": 488.46,
    "speaker": "老师",
    "text": "从数的角度来看，"
  },
  {
    "start": 488.46,
    "end": 494.63,
    "speaker": "老师",
    "text": "就是求一次函数y等于AX加b的函数值，"
  },
  {
    "start": 495.27,
    "end": 501.49,
    "speaker": "老师",
    "text": "y等于零时对应自变量x的值。"
  },
  {
    "start": 501.49,
    "end": 503.75,
    "speaker": "老师",
    "text": "从行的角度来看，"
  },
  {
    "start": 504.58,
    "end": 527.59,
    "speaker": "老师",
    "text": "就是求直线y等于AX加b与x轴交点的横坐标。"
  },
  {
    "start": 527.61,
    "end": 532.7,
    "speaker": "老师",
    "text": "接下来我们将进入今天的第二个数学活动。"
  },
  {
    "start": 534.38,
    "end": 535.04,
    "speaker": "老师",
    "text": "探究二，"
  },
  {
    "start": 535.04,
    "end": 539.8,
    "speaker": "老师",
    "text": "探究一次函数与二元一次方程的关系，"
  },
  {
    "start": 539.8,
    "end": 542.82,
    "speaker": "老师",
    "text": "一次函数y等于二x加一，"
  },
  {
    "start": 542.9,
    "end": 549.88,
    "speaker": "老师",
    "text": "如果把XY看作未知数，"
  },
  {
    "start": 550.0,
    "end": 554.52,
    "speaker": "老师",
    "text": "那么这个市值表达什么意义呢？"
  },
  {
    "start": 554.52,
    "end": 556.21,
    "speaker": "老师",
    "text": "请同学们思考好，"
  },
  {
    "start": 558.22,
    "end": 565.7,
    "speaker": "老师",
    "text": "通过变形我们可以得到二x减y等于负一。"
  },
  {
    "start": 565.98,
    "end": 572.63,
    "speaker": "老师",
    "text": "这就是我们非常熟悉的二元一次方程。"
  },
  {
    "start": 572.77,
    "end": 575.01,
    "speaker": "老师",
    "text": "在这个变形过程当中，"
  },
  {
    "start": 575.39,
    "end": 583.85,
    "speaker": "老师",
    "text": "我们可以看出一次函数与二元一次方程的数量关系。"
  },
  {
    "start": 584.05,
    "end": 615.86,
    "speaker": "老师",
    "text": "在本质上是一样的，"
  },
  {
    "start": 615.86,
    "end": 624.91,
    "speaker": "老师",
    "text": "我们将从行的角度继续来探究一次函数与二元一次方程的关系。"
  },
  {
    "start": 624.91,
    "end": 634.48,
    "speaker": "老师",
    "text": "请同学们在同一坐标系内一画出一次函数y等于二x加一的图像，"
  },
  {
    "start": 634.48,
    "end": 642.18,
    "speaker": "老师",
    "text": "二画出以方程二x减y等于负一的示组解为坐标的点，"
  },
  {
    "start": 642.18,
    "end": 644.2,
    "speaker": "老师",
    "text": "你有什么发现呢？"
  },
  {
    "start": 644.2,
    "end": 649.01,
    "speaker": "老师",
    "text": "请同学们认真完成图像并思考。"
  },
  {
    "start": 649.01,
    "end": 649.29,
    "speaker": "老师",
    "text": "好，"
  },
  {
    "start": 649.29,
    "end": 711.28,
    "speaker": "老师",
    "text": "我们一起来看一看。"
  },
  {
    "start": 711.42,
    "end": 715.81,
    "speaker": "老师",
    "text": "通过列表描点连线，"
  },
  {
    "start": 715.85,
    "end": 724.1,
    "speaker": "老师",
    "text": "我们画出了一次函数y等于二x的加一的图像。"
  },
  {
    "start": 724.18,
    "end": 725.54,
    "speaker": "老师",
    "text": "如图所示，"
  },
  {
    "start": 725.54,
    "end": 733.71,
    "speaker": "老师",
    "text": "请同学们认真观察图像思考这样一个问题，"
  },
  {
    "start": 733.91,
    "end": 749.72,
    "speaker": "老师",
    "text": "一次函数图像上每个点的横纵坐标和二元一次方程二x减y等于负一的一组解之间会有什么关系？"
  },
  {
    "start": 749.72,
    "end": 754.25,
    "speaker": "老师",
    "text": "同学们结合刚才所做的图像进行研究。"
  },
  {
    "start": 756.53,
    "end": 756.83,
    "speaker": "老师",
    "text": "好，"
  },
  {
    "start": 756.83,
    "end": 757.55,
    "speaker": "老师",
    "text": "同学们，"
  },
  {
    "start": 757.77,
    "end": 759.81,
    "speaker": "老师",
    "text": "我们一起来看一看。"
  },
  {
    "start": 759.81,
    "end": 764.89,
    "speaker": "老师",
    "text": "图像上的点负一负一就是二元一次方程，"
  },
  {
    "start": 764.89,
    "end": 793.58,
    "speaker": "老师",
    "text": "二x减y等于负一的一组解二元一次方程二x减y等于负一的解x等于负一y等于负一为坐标的点在一次函数y等于二x加一的图像上坐标上的点负零点五零就是二元一次方程。"
  },
  {
    "start": 793.58,
    "end": 800.67,
    "speaker": "老师",
    "text": "二x减y等于负一的一组解二零一次方程。"
  },
  {
    "start": 801.41,
    "end": 806.01,
    "speaker": "老师",
    "text": "二x减y等于负一的，"
  },
  {
    "start": 806.01,
    "end": 817.14,
    "speaker": "老师",
    "text": "一组解x等于负零点五y等于零为坐标的点在一次函数y等于二x加一的图像上，"
  },
  {
    "start": 817.14,
    "end": 822.46,
    "speaker": "老师",
    "text": "坐标上的点零一就是二元一次方程。"
  },
  {
    "start": 822.62,
    "end": 828.77,
    "speaker": "老师",
    "text": "二x减y等于负一的一组解二元一次方程。"
  },
  {
    "start": 828.91,
    "end": 844.06,
    "speaker": "老师",
    "text": "二x减y等于负一的一组解x等于零y等于一为坐标的点在一次函数y等于二x加一的图像上，"
  },
  {
    "start": 844.06,
    "end": 852.91,
    "speaker": "老师",
    "text": "坐标上的点一三就是二元一次方程。"
  },
  {
    "start": 852.91,
    "end": 860.5,
    "speaker": "老师",
    "text": "二x减y等于负一的一组解二元一次方程。"
  },
  {
    "start": 860.5,
    "end": 866.3,
    "speaker": "老师",
    "text": "二x减y等于负一的一组解，"
  },
  {
    "start": 866.3,
    "end": 869.72,
    "speaker": "老师",
    "text": "x等于一y等于三为坐标的点，"
  },
  {
    "start": 869.78,
    "end": 875.95,
    "speaker": "老师",
    "text": "在一次函数y等于二x减加一的图像上，"
  },
  {
    "start": 875.95,
    "end": 884.01,
    "speaker": "老师",
    "text": "我们知道一次函数图像上有无数个点二元一次方程。"
  },
  {
    "start": 885.47,
    "end": 887.51,
    "speaker": "老师",
    "text": "二x减y等于负一的解，"
  },
  {
    "start": 887.51,
    "end": 889.17,
    "speaker": "老师",
    "text": "也有无数组，"
  },
  {
    "start": 889.27,
    "end": 943.15,
    "speaker": "老师",
    "text": "他们之间是不是都有类似的关系呢？"
  },
  {
    "start": 943.23,
    "end": 946.85,
    "speaker": "老师",
    "text": "同学们不妨再取些点试试看。"
  },
  {
    "start": 946.91,
    "end": 949.57,
    "speaker": "老师",
    "text": "通过刚才的分析，"
  },
  {
    "start": 949.57,
    "end": 955.8,
    "speaker": "老师",
    "text": "我们能得出一次函数y等于二x加一，"
  },
  {
    "start": 955.82,
    "end": 963.4,
    "speaker": "老师",
    "text": "图像上的每个点的横纵坐标就是二元一次方程。"
  },
  {
    "start": 963.4,
    "end": 971.8,
    "speaker": "老师",
    "text": "二x减y等于负一的一组解以二元一次方程。"
  },
  {
    "start": 971.8,
    "end": 978.36,
    "speaker": "老师",
    "text": "二x减y等于负一的解为坐标的点，"
  },
  {
    "start": 978.54,
    "end": 985.3,
    "speaker": "老师",
    "text": "在一次函数y等于二x加一的图像上。"
  },
  {
    "start": 985.32,
    "end": 986.8,
    "speaker": "老师",
    "text": "那么同学们，"
  },
  {
    "start": 986.8,
    "end": 996.59,
    "speaker": "老师",
    "text": "你能把这个结论推广到一般情况吗？"
  },
  {
    "start": 996.65,
    "end": 1002.77,
    "speaker": "老师",
    "text": "请同学们试着总结归纳。"
  },
  {
    "start": 1002.77,
    "end": 1003.19,
    "speaker": "老师",
    "text": "好，"
  },
  {
    "start": 1003.27,
    "end": 1005.83,
    "speaker": "老师",
    "text": "通过以上的分析，"
  },
  {
    "start": 1005.93,
    "end": 1013.5,
    "speaker": "老师",
    "text": "我们可以得出一次函数与二元一次方程的关系如下，"
  },
  {
    "start": 1013.5,
    "end": 1019.59,
    "speaker": "老师",
    "text": "一次函数y等于KX加b图像上，"
  },
  {
    "start": 1019.59,
    "end": 1107.3,
    "speaker": "老师",
    "text": "每个点的横纵坐标就是关于XY的二元一次方程y等于KX加b的一组解以二元一次方程y等于KX加b的解为坐标的点。"
  },
  {
    "start": 1107.36,
    "end": 1112.1,
    "speaker": "老师",
    "text": "在一次函数y等于KX加b的图像上。"
  },
  {
    "start": 1112.24,
    "end": 1118.51,
    "speaker": "老师",
    "text": "接下来我们将进入今天的第三个数学活动。"
  },
  {
    "start": 1118.51,
    "end": 1120.45,
    "speaker": "老师",
    "text": "探究三，"
  },
  {
    "start": 1120.45,
    "end": 1127.06,
    "speaker": "老师",
    "text": "探究一次函数与二元一次方程组的关系，"
  },
  {
    "start": 1127.18,
    "end": 1143.58,
    "speaker": "老师",
    "text": "请同学们在同一坐标系中分别画出一次函数y等于二x加一和y等于三x加二的图像。"
  },
  {
    "start": 1143.66,
    "end": 1150.41,
    "speaker": "老师",
    "text": "你能求出它们的交点坐标吗？"
  },
  {
    "start": 1150.41,
    "end": 1156.79,
    "speaker": "老师",
    "text": "你能用上述类似方法，"
  },
  {
    "start": 1157.66,
    "end": 1161.28,
    "speaker": "老师",
    "text": "从数和形两方面分别加以研究吗？"
  },
  {
    "start": 1161.38,
    "end": 1165.32,
    "speaker": "老师",
    "text": "请同学们认真完成图像并思考。"
  },
  {
    "start": 1165.4,
    "end": 1165.94,
    "speaker": "老师",
    "text": "好，"
  },
  {
    "start": 1165.94,
    "end": 1173.85,
    "speaker": "老师",
    "text": "我们首先从数的角度进行研究。"
  },
  {
    "start": 1173.85,
    "end": 1186.9,
    "speaker": "老师",
    "text": "我们知道一次函数与二元一次方程的数量关系在本质上是一样的。"
  },
  {
    "start": 1187.08,
    "end": 1194.55,
    "speaker": "老师",
    "text": "因此要求这两个函数的交点坐标，"
  },
  {
    "start": 1195.11,
    "end": 1199.43,
    "speaker": "老师",
    "text": "从数的角度来看，"
  },
  {
    "start": 1199.47,
    "end": 1205.81,
    "speaker": "老师",
    "text": "就是要求这两个方程的公共解解方程组。"
  },
  {
    "start": 1205.85,
    "end": 1207.43,
    "speaker": "老师",
    "text": "Y等于二，"
  },
  {
    "start": 1207.43,
    "end": 1208.54,
    "speaker": "老师",
    "text": "x加一，"
  },
  {
    "start": 1209.42,
    "end": 1210.6,
    "speaker": "老师",
    "text": "y等于三，"
  },
  {
    "start": 1210.6,
    "end": 1268.28,
    "speaker": "老师",
    "text": "x加二解得x等于负一，"
  },
  {
    "start": 1268.28,
    "end": 1270.24,
    "speaker": "老师",
    "text": "y等于负一。"
  },
  {
    "start": 1270.24,
    "end": 1271.44,
    "speaker": "老师",
    "text": "因此，"
  },
  {
    "start": 1271.52,
    "end": 1275.68,
    "speaker": "老师",
    "text": "这两条直线的交点坐标为负一负。"
  },
  {
    "start": 1277.86,
    "end": 1279.94,
    "speaker": "老师",
    "text": "一从形的角度来看，"
  },
  {
    "start": 1281.8,
    "end": 1284.96,
    "speaker": "老师",
    "text": "通过列表描点连线，"
  },
  {
    "start": 1284.96,
    "end": 1298.14,
    "speaker": "老师",
    "text": "我们在同一坐标系中分别画出了y等于二x加一的图像和y等于三x加二的图像。"
  },
  {
    "start": 1298.14,
    "end": 1300.32,
    "speaker": "老师",
    "text": "从图中可以看出，"
  },
  {
    "start": 1300.5,
    "end": 1304.3,
    "speaker": "老师",
    "text": "当x等于负一时，"
  },
  {
    "start": 1304.3,
    "end": 1309.51,
    "speaker": "老师",
    "text": "它所对应的函数值相等都是负一。"
  },
  {
    "start": 1309.55,
    "end": 1314.61,
    "speaker": "老师",
    "text": "也就是说这两条直线交于一点，"
  },
  {
    "start": 1314.61,
    "end": 1343.74,
    "speaker": "老师",
    "text": "因此这两条直线的交点坐标为负一负一。"
  },
  {
    "start": 1343.74,
    "end": 1352.82,
    "speaker": "老师",
    "text": "同学们通过刚才从竖和形两方面进行分析，"
  },
  {
    "start": 1352.98,
    "end": 1359.4,
    "speaker": "老师",
    "text": "你能把结论推广到一般情况吗？"
  },
  {
    "start": 1359.5,
    "end": 1362.94,
    "speaker": "老师",
    "text": "请同学们试着总结归纳。"
  },
  {
    "start": 1362.96,
    "end": 1366.44,
    "speaker": "老师",
    "text": "通过刚才的分析，"
  },
  {
    "start": 1366.72,
    "end": 1372.4,
    "speaker": "老师",
    "text": "我们可以得出一次函数与二元一次方程组的关系如下，"
  },
  {
    "start": 1374.4,
    "end": 1383.96,
    "speaker": "老师",
    "text": "二元一次方程组的解就是相应的两条直线的交点坐标，"
  },
  {
    "start": 1384.02,
    "end": 1393.93,
    "speaker": "老师",
    "text": "两条直线的交点坐标就是相应的二元一次方程组的解。"
  },
  {
    "start": 1393.93,
    "end": 1402.49,
    "speaker": "老师",
    "text": "下面我们将通过适当的练习巩固以上所学内容。"
  },
  {
    "start": 1402.55,
    "end": 1416.68,
    "speaker": "老师",
    "text": "请看练习一一次函数y等于KX加三的图像，"
  },
  {
    "start": 1416.7,
    "end": 1418.46,
    "speaker": "老师",
    "text": "如图所示，"
  },
  {
    "start": 1418.48,
    "end": 1425.53,
    "speaker": "老师",
    "text": "则方程KX加三等于零的解为多少？"
  },
  {
    "start": 1425.55,
    "end": 1429.99,
    "speaker": "老师",
    "text": "请同学们认真思考并完成。"
  },
  {
    "start": 1429.99,
    "end": 1432.41,
    "speaker": "老师",
    "text": "同学们，"
  },
  {
    "start": 1432.41,
    "end": 1461.22,
    "speaker": "老师",
    "text": "你们有答案了吗？"
  },
  {
    "start": 1461.22,
    "end": 1470.09,
    "speaker": "老师",
    "text": "我们一起来分析练习要求的是方程KX加三等于零的解。"
  },
  {
    "start": 1470.09,
    "end": 1477.44,
    "speaker": "老师",
    "text": "我们知道方程KX加三等于零是一元一次方程。"
  },
  {
    "start": 1477.44,
    "end": 1485.21,
    "speaker": "老师",
    "text": "根据我们前面所学一次函数与一元一次方程的关系。"
  },
  {
    "start": 1485.21,
    "end": 1490.43,
    "speaker": "老师",
    "text": "我们可以知道方程KX加三等于零的解，"
  },
  {
    "start": 1490.43,
    "end": 1497.21,
    "speaker": "老师",
    "text": "就是直线y等于KX加三与x轴交点的横坐标。"
  },
  {
    "start": 1497.39,
    "end": 1502.56,
    "speaker": "老师",
    "text": "通过观察图像我们可以知道，"
  },
  {
    "start": 1502.56,
    "end": 1519.56,
    "speaker": "老师",
    "text": "一次函数y等于KX加三的图像与x轴交点的横坐标为负三，"
  },
  {
    "start": 1519.58,
    "end": 1526.5,
    "speaker": "老师",
    "text": "因此方程KX加三等于你的解为x等于负三。"
  },
  {
    "start": 1526.5,
    "end": 1528.59,
    "speaker": "老师",
    "text": "第二题，"
  },
  {
    "start": 1528.59,
    "end": 1587.88,
    "speaker": "老师",
    "text": "若方程KX加二等于零的解为x等于五则直线y等于KX加二与x轴的交点坐标为多少？"
  },
  {
    "start": 1588.12,
    "end": 1589.83,
    "speaker": "老师",
    "text": "请同学们试试看。"
  },
  {
    "start": 1592.81,
    "end": 1593.62,
    "speaker": "老师",
    "text": "同学们，"
  },
  {
    "start": 1594.48,
    "end": 1596.22,
    "speaker": "老师",
    "text": "你们完成了吗？"
  },
  {
    "start": 1596.22,
    "end": 1599.72,
    "speaker": "老师",
    "text": "我相信通过第一个题的训练，"
  },
  {
    "start": 1599.78,
    "end": 1605.22,
    "speaker": "老师",
    "text": "这题很快能得出答案。"
  },
  {
    "start": 1605.22,
    "end": 1608.89,
    "speaker": "老师",
    "text": "题干告诉我们，"
  },
  {
    "start": 1608.89,
    "end": 1616.8,
    "speaker": "老师",
    "text": "方程KX加二等于零的解为x等于五。"
  },
  {
    "start": 1616.8,
    "end": 1620.24,
    "speaker": "老师",
    "text": "其中方程KS加二等于零，"
  },
  {
    "start": 1620.74,
    "end": 1622.32,
    "speaker": "老师",
    "text": "也是一元一次方程。"
  },
  {
    "start": 1622.32,
    "end": 1626.99,
    "speaker": "老师",
    "text": "根据一次函数与约约式方程的关系，"
  },
  {
    "start": 1627.23,
    "end": 1638.6,
    "speaker": "老师",
    "text": "我们可以知道方程KX加二等于零的解就是直线y等于KX加二与x轴交点的横坐标，"
  },
  {
    "start": 1638.6,
    "end": 1651.44,
    "speaker": "老师",
    "text": "所以直线y等于KX加二与x轴的交点坐标为五零。"
  },
  {
    "start": 1651.44,
    "end": 1652.3,
    "speaker": "老师",
    "text": "第三题，"
  },
  {
    "start": 1652.3,
    "end": 1658.58,
    "speaker": "老师",
    "text": "若方程组二x减y等于负一三，"
  },
  {
    "start": 1658.68,
    "end": 1694.7,
    "speaker": "老师",
    "text": "x减y等于一的解为x等于二，"
  },
  {
    "start": 1694.7,
    "end": 1701.93,
    "speaker": "老师",
    "text": "y等于五则一次函数y等于二x加一，"
  },
  {
    "start": 1704.2,
    "end": 1707.63,
    "speaker": "老师",
    "text": "乙y等于三，"
  },
  {
    "start": 1707.63,
    "end": 1712.71,
    "speaker": "老师",
    "text": "x减一的图像交点坐标为多少？"
  },
  {
    "start": 1712.71,
    "end": 1717.79,
    "speaker": "老师",
    "text": "请同学们认真思考并完成。"
  },
  {
    "start": 1718.17,
    "end": 1718.81,
    "speaker": "老师",
    "text": "好，"
  },
  {
    "start": 1718.81,
    "end": 1721.31,
    "speaker": "老师",
    "text": "我们一起来看一看。"
  },
  {
    "start": 1721.93,
    "end": 1737.82,
    "speaker": "老师",
    "text": "我们知道一次函数与二元一次方程的数量关系在本质上是一样的。"
  },
  {
    "start": 1737.88,
    "end": 1751.45,
    "speaker": "老师",
    "text": "本题是告诉方程组的解为x等于二y等于五求函数图像的交点坐标。"
  },
  {
    "start": 1751.97,
    "end": 1836.95,
    "speaker": "老师",
    "text": "根据我们前面所学一次函数与二元一次方程组之间的关系可知，"
  },
  {
    "start": 1840.2,
    "end": 1849.6,
    "speaker": "老师",
    "text": "二元一次方程组的解就是相应两条直线的交点坐标。"
  },
  {
    "start": 1849.6,
    "end": 1851.83,
    "speaker": "老师",
    "text": "因此，"
  },
  {
    "start": 1852.01,
    "end": 1864.07,
    "speaker": "老师",
    "text": "一次函数y等于二x加一与y等于三x加一的图像交点坐标为二五。"
  },
  {
    "start": 1866.59,
    "end": 1867.95,
    "speaker": "老师",
    "text": "第四题，"
  },
  {
    "start": 1868.55,
    "end": 1881.99,
    "speaker": "老师",
    "text": "若直线y等于负x加a与直线y等于x加b的交点坐标为二八，"
  },
  {
    "start": 1882.01,
    "end": 1887.95,
    "speaker": "老师",
    "text": "则a减b的值为多少？"
  },
  {
    "start": 1887.97,
    "end": 1890.53,
    "speaker": "老师",
    "text": "请同学们试试看。"
  },
  {
    "start": 1890.53,
    "end": 1891.63,
    "speaker": "老师",
    "text": "好，"
  },
  {
    "start": 1891.67,
    "end": 1901.71,
    "speaker": "老师",
    "text": "我们看一看题目告诉两条直线的交点坐标为二八。"
  },
  {
    "start": 1901.71,
    "end": 1908.27,
    "speaker": "老师",
    "text": "因此我们可以得到八等于负二加a八等于二，"
  },
  {
    "start": 1908.27,
    "end": 1910.39,
    "speaker": "老师",
    "text": "加b解得a等于十，"
  },
  {
    "start": 1910.39,
    "end": 1911.65,
    "speaker": "老师",
    "text": "b等于六，"
  },
  {
    "start": 1911.65,
    "end": 1915.24,
    "speaker": "老师",
    "text": "则a减b等于十减六等于四。"
  },
  {
    "start": 1915.24,
    "end": 1919.4,
    "speaker": "老师",
    "text": "因此a减b的值为是我们看第五题，"
  },
  {
    "start": 1919.52,
    "end": 1920.0,
    "speaker": "老师",
    "text": "如图，"
  },
  {
    "start": 1920.0,
    "end": 1938.27,
    "speaker": "老师",
    "text": "过点零负二的直线l一y一等于KX加b与直线l二y二等于x加一交于点p二m求点p的坐标和直线l一的解析式，"
  },
  {
    "start": 1938.97,
    "end": 1944.77,
    "speaker": "老师",
    "text": "请同学们认真思考并完成。"
  },
  {
    "start": 1944.77,
    "end": 1945.03,
    "speaker": "老师",
    "text": "好，"
  },
  {
    "start": 1945.03,
    "end": 1953.26,
    "speaker": "老师",
    "text": "我们一起来看一看解由图像可知点p的横坐标为二，"
  },
  {
    "start": 1953.34,
    "end": 1957.87,
    "speaker": "老师",
    "text": "因为点p在直线l二上，"
  },
  {
    "start": 1957.87,
    "end": 1969.72,
    "speaker": "老师",
    "text": "所以把x等于二代入y二等于x加一得y二等于三，"
  },
  {
    "start": 1969.72,
    "end": 1973.14,
    "speaker": "老师",
    "text": "所以点p的坐标为二三，"
  },
  {
    "start": 1973.14,
    "end": 1983.58,
    "speaker": "老师",
    "text": "把零负二和二升代入y一等于KX加b中得到方程组，"
  },
  {
    "start": 1983.58,
    "end": 1988.62,
    "speaker": "老师",
    "text": "b等于负二二k加b等于三，"
  },
  {
    "start": 1988.62,
    "end": 1997.18,
    "speaker": "老师",
    "text": "解方程组得到b等于负二k等于二点五，"
  },
  {
    "start": 1997.56,
    "end": 2002.54,
    "speaker": "老师",
    "text": "因此直线l一的解析式为y一等于二点五，"
  },
  {
    "start": 2002.54,
    "end": 2004.04,
    "speaker": "老师",
    "text": "x减二。"
  },
  {
    "start": 2004.04,
    "end": 2007.02,
    "speaker": "老师",
    "text": "进入我们的今天的小结，"
  },
  {
    "start": 2007.02,
    "end": 2008.37,
    "speaker": "老师",
    "text": "今天我们学了什么？"
  },
  {
    "start": 2007.86,
    "end": 2008.37,
    "speaker": "老师",
    "text": "今天这节课我们学习了一次函数与方程的关系，"
  },
  {
    "start": 2007.86,
    "end": 2008.37,
    "speaker": "老师",
    "text": "学习了一次函数与一元一次方程、一次函数与二元一次方程以及一次函数与二元一次方程组之间的关系。"
  },
  {
    "start": 2007.86,
    "end": 2008.37,
    "speaker": "老师",
    "text": "今天我们还有什么发现呢？"
  },
  {
    "start": 2007.86,
    "end": 2008.37,
    "speaker": "老师",
    "text": "在研究这些关系的过程当中，"
  },
  {
    "start": 2007.86,
    "end": 2008.37,
    "speaker": "老师",
    "text": "我们始终采用塑形结合的思想，"
  },
  {
    "start": 2007.86,
    "end": 2008.37,
    "speaker": "老师",
    "text": "以行表述以述试行。"
  },
  {
    "start": 2007.86,
    "end": 2008.37,
    "speaker": "老师",
    "text": "今天我们还有什么质疑呢？"
  },
  {
    "start": 2007.86,
    "end": 2008.37,
    "speaker": "老师",
    "text": "这是今天的作业。"
  },
  {
    "start": 2007.86,
    "end": 2008.37,
    "speaker": "老师",
    "text": "第一项巩固性作业教科书习题十九点二第八第十第十一题。"
  },
  {
    "start": 2007.86,
    "end": 2008.37,
    "speaker": "老师",
    "text": "二、拓展性作业练习册三十六面三研究性作业。"
  },
  {
    "start": 2007.86,
    "end": 2008.37,
    "speaker": "老师",
    "text": "甲乙两人在操场上练习一百米跑步，"
  },
  {
    "start": 2007.86,
    "end": 2008.37,
    "speaker": "老师",
    "text": "甲的平均速度是六米每秒，"
  },
  {
    "start": 2007.86,
    "end": 2008.37,
    "speaker": "老师",
    "text": "乙的平均速度是五米每秒。"
  },
  {
    "start": 2007.86,
    "end": 2008.37,
    "speaker": "老师",
    "text": "如果甲让乙先跑两秒，"
  },
  {
    "start": 2007.86,
    "end": 2008.37,
    "speaker": "老师",
    "text": "甲能追上乙吗？"
  },
  {
    "start": 2007.86,
    "end": 2008.37,
    "speaker": "老师",
    "text": "如果人什么时候追上呢？"
  },
  {
    "start": 2007.86,
    "end": 2008.37,
    "speaker": "老师",
    "text": "请用方程和函数两种方法解决这个问题，"
  },
  {
    "start": 2007.86,
    "end": 2008.37,
    "speaker": "老师",
    "text": "请同学们课后认真完成作业。"
  },
  {
    "start": 2007.86,
    "end": 2008.37,
    "speaker": "老师",
    "text": "今天的课程就到这里结束，"
  },
  {
    "start": 2007.86,
    "end": 2008.37,
    "speaker": "老师",
    "text": "同学们再见。"
  }
]