[
  {
    "start": 1.86,
    "end": 16.31,
    "speaker": "老师",
    "text": "嗯嗯，"
  },
  {
    "start": 16.31,
    "end": 17.43,
    "speaker": "老师",
    "text": "同学们好，"
  },
  {
    "start": 17.53,
    "end": 21.25,
    "speaker": "老师",
    "text": "今天我们来学习第六章平行四边形。"
  },
  {
    "start": 21.35,
    "end": 28.63,
    "speaker": "老师",
    "text": "接下来我将和同学们一起来探究一下本章第一节平行四边形的性质。"
  },
  {
    "start": 28.63,
    "end": 43.66,
    "speaker": "老师",
    "text": "首先我们来看一下本节课的学习目标，"
  },
  {
    "start": 43.66,
    "end": 47.54,
    "speaker": "老师",
    "text": "平行四边形的应用在我们的生活中十分的广泛。"
  },
  {
    "start": 47.54,
    "end": 57.23,
    "speaker": "老师",
    "text": "你能找到下列图形中的平行四边形吗？"
  },
  {
    "start": 57.25,
    "end": 63.63,
    "speaker": "老师",
    "text": "无论是我们的楼梯扶手、伸缩门、推拉杆还是天窗，"
  },
  {
    "start": 64.23,
    "end": 66.49,
    "speaker": "老师",
    "text": "都有我们的平行四边形，"
  },
  {
    "start": 66.49,
    "end": 71.35,
    "speaker": "老师",
    "text": "那平行四边形有怎样的特征呢？"
  },
  {
    "start": 71.35,
    "end": 85.51,
    "speaker": "老师",
    "text": "观察图形说出下列图形边的位置有什么样的特征？"
  },
  {
    "start": 85.55,
    "end": 86.15,
    "speaker": "老师",
    "text": "是的，"
  },
  {
    "start": 86.29,
    "end": 87.33,
    "speaker": "老师",
    "text": "非常明显。"
  },
  {
    "start": 87.37,
    "end": 93.99,
    "speaker": "老师",
    "text": "第一幅图形是两组对边都不平行的四边形。"
  },
  {
    "start": 93.99,
    "end": 98.93,
    "speaker": "老师",
    "text": "第二个是只有一组对边平行的梯形第三幅图形，"
  },
  {
    "start": 98.93,
    "end": 102.15,
    "speaker": "老师",
    "text": "它的两组对边分别平行。"
  },
  {
    "start": 102.17,
    "end": 139.52,
    "speaker": "老师",
    "text": "那么我们把这样的图形叫做平行四边形，"
  },
  {
    "start": 139.52,
    "end": 141.94,
    "speaker": "老师",
    "text": "这就是我们平行四边形的定义。"
  },
  {
    "start": 141.94,
    "end": 150.67,
    "speaker": "老师",
    "text": "接下来我们再来了解一下平行四边形的相关概念吧。"
  },
  {
    "start": 150.67,
    "end": 151.05,
    "speaker": "老师",
    "text": "如图，"
  },
  {
    "start": 151.05,
    "end": 155.43,
    "speaker": "老师",
    "text": "四边形ABCD是平行四边形，"
  },
  {
    "start": 155.43,
    "end": 157.51,
    "speaker": "老师",
    "text": "读作平行四边形，"
  },
  {
    "start": 157.51,
    "end": 158.35,
    "speaker": "老师",
    "text": "ABCD,"
  },
  {
    "start": 158.35,
    "end": 161.53,
    "speaker": "老师",
    "text": "也可以读作平行四边形BCDA."
  },
  {
    "start": 161.53,
    "end": 166.57,
    "speaker": "老师",
    "text": "在这里我们要注意字母的顺序，"
  },
  {
    "start": 166.57,
    "end": 168.95,
    "speaker": "老师",
    "text": "要按照顶点连接的顺序，"
  },
  {
    "start": 168.95,
    "end": 178.56,
    "speaker": "老师",
    "text": "按顺时针或者逆时针方向去读记作平行四边形。"
  },
  {
    "start": 178.98,
    "end": 183.04,
    "speaker": "老师",
    "text": "Abcd记在字母的前面，"
  },
  {
    "start": 183.12,
    "end": 186.53,
    "speaker": "老师",
    "text": "加上平行四边形的符号，"
  },
  {
    "start": 186.53,
    "end": 189.41,
    "speaker": "老师",
    "text": "我们把形如AB和DCAD和BC,"
  },
  {
    "start": 189.41,
    "end": 191.31,
    "speaker": "老师",
    "text": "这样的边称之为对边。"
  },
  {
    "start": 191.89,
    "end": 195.73,
    "speaker": "老师",
    "text": "把角a和角c角b和角d称之为锐角。"
  },
  {
    "start": 196.15,
    "end": 208.11,
    "speaker": "老师",
    "text": "在平行四边形中，"
  },
  {
    "start": 208.11,
    "end": 214.69,
    "speaker": "老师",
    "text": "我们把平行四边形中不相邻的两个顶点连成的线段称之为对角线。"
  },
  {
    "start": 214.87,
    "end": 217.43,
    "speaker": "老师",
    "text": "在这个平行四边形ABCD中，"
  },
  {
    "start": 217.43,
    "end": 221.49,
    "speaker": "老师",
    "text": "它有两条对角线、AC和BD."
  },
  {
    "start": 221.49,
    "end": 224.65,
    "speaker": "老师",
    "text": "平行四边形的定义包含两层意思。"
  },
  {
    "start": 224.67,
    "end": 227.98,
    "speaker": "老师",
    "text": "第一层在一个四边形中，"
  },
  {
    "start": 227.98,
    "end": 231.72,
    "speaker": "老师",
    "text": "如果它的对边平行的话，"
  },
  {
    "start": 231.78,
    "end": 238.58,
    "speaker": "老师",
    "text": "那我们就说这个四边形是平行四边形。"
  },
  {
    "start": 238.58,
    "end": 239.26,
    "speaker": "老师",
    "text": "反之。"
  },
  {
    "start": 240.17,
    "end": 244.99,
    "speaker": "老师",
    "text": "我们说如果一个四边形是平行四边形的话，"
  },
  {
    "start": 244.99,
    "end": 249.23,
    "speaker": "老师",
    "text": "那么它的对边平行。"
  },
  {
    "start": 249.23,
    "end": 255.46,
    "speaker": "老师",
    "text": "那么用我们的几何语言表述就是在四边形ABCD中。"
  },
  {
    "start": 255.46,
    "end": 259.14,
    "speaker": "老师",
    "text": "因为AB平行ACDBC平行DA,"
  },
  {
    "start": 259.26,
    "end": 264.07,
    "speaker": "老师",
    "text": "所以四边形ABCD是平行四边形反之。"
  },
  {
    "start": 264.07,
    "end": 265.93,
    "speaker": "老师",
    "text": "我们也可以说，"
  },
  {
    "start": 266.15,
    "end": 270.55,
    "speaker": "老师",
    "text": "因为四边形ABCD是平行四边形，"
  },
  {
    "start": 270.57,
    "end": 276.46,
    "speaker": "老师",
    "text": "所以AB平行CDBC平行DA平行四边形的相关概念，"
  },
  {
    "start": 276.66,
    "end": 278.84,
    "speaker": "老师",
    "text": "同学们都了解了吗？"
  },
  {
    "start": 278.84,
    "end": 283.04,
    "speaker": "老师",
    "text": "接下来我们去探究一下平行四边形的性质吧。"
  },
  {
    "start": 283.04,
    "end": 285.46,
    "speaker": "老师",
    "text": "首先我们来看一下问题，"
  },
  {
    "start": 285.46,
    "end": 285.88,
    "speaker": "老师",
    "text": "一，"
  },
  {
    "start": 285.96,
    "end": 289.68,
    "speaker": "老师",
    "text": "平行四边形是中心对称图形吗？"
  },
  {
    "start": 289.68,
    "end": 293.66,
    "speaker": "老师",
    "text": "如果是找出它的对称中心并验证你的结论。"
  },
  {
    "start": 293.66,
    "end": 347.7,
    "speaker": "老师",
    "text": "首先我们来回顾一下什么是中心对称图形。"
  },
  {
    "start": 354.44,
    "end": 359.84,
    "speaker": "老师",
    "text": "我们说把一个图形绕着某一个点旋转一百八十度后，"
  },
  {
    "start": 359.84,
    "end": 363.92,
    "speaker": "老师",
    "text": "如果旋转后的图形能与原来的图形重合，"
  },
  {
    "start": 363.92,
    "end": 369.35,
    "speaker": "老师",
    "text": "那么我们就说这个图形是中心对称图形。"
  },
  {
    "start": 369.35,
    "end": 395.17,
    "speaker": "老师",
    "text": "接下来请同学们拿出一个平行四边形的小纸片自己去尝试看看吧。"
  },
  {
    "start": 395.17,
    "end": 397.41,
    "speaker": "老师",
    "text": "你们得出了什么结论呢？"
  },
  {
    "start": 397.41,
    "end": 399.45,
    "speaker": "老师",
    "text": "我们一起来看看吧。"
  },
  {
    "start": 399.45,
    "end": 426.6,
    "speaker": "老师",
    "text": "我们发现这个平行四边形绕着它对角线的焦点，"
  },
  {
    "start": 426.6,
    "end": 431.53,
    "speaker": "老师",
    "text": "旋转一百八十度以后能够与原来图形重合。"
  },
  {
    "start": 431.73,
    "end": 435.33,
    "speaker": "老师",
    "text": "那我们就说平行四边形是中心对称图形，"
  },
  {
    "start": 435.51,
    "end": 439.3,
    "speaker": "老师",
    "text": "而对角线的交点则是它的对称中心，"
  },
  {
    "start": 439.3,
    "end": 444.7,
    "speaker": "老师",
    "text": "这就是我们平行四边形的第一性质。"
  },
  {
    "start": 444.7,
    "end": 446.28,
    "speaker": "老师",
    "text": "通过刚刚的旋转，"
  },
  {
    "start": 446.38,
    "end": 451.4,
    "speaker": "老师",
    "text": "你还发现平行四边形的边与角有哪些限制吗？"
  },
  {
    "start": 451.4,
    "end": 452.12,
    "speaker": "老师",
    "text": "是的，"
  },
  {
    "start": 452.12,
    "end": 453.5,
    "speaker": "老师",
    "text": "非常明显。"
  },
  {
    "start": 453.5,
    "end": 458.42,
    "speaker": "老师",
    "text": "我们发现了平行四边形的对边相等，"
  },
  {
    "start": 458.58,
    "end": 462.2,
    "speaker": "老师",
    "text": "平行四边形的对角相等。"
  },
  {
    "start": 462.44,
    "end": 467.84,
    "speaker": "老师",
    "text": "但这两个猜想是我们通过观察得到的。"
  },
  {
    "start": 467.84,
    "end": 473.68,
    "speaker": "老师",
    "text": "如何通过推理论证进一步验证这个结论的正确性呢？"
  },
  {
    "start": 473.78,
    "end": 477.87,
    "speaker": "老师",
    "text": "我们首先去验证猜想一吧，"
  },
  {
    "start": 477.87,
    "end": 480.31,
    "speaker": "老师",
    "text": "我们要验证这个猜想，"
  },
  {
    "start": 480.31,
    "end": 540.54,
    "speaker": "老师",
    "text": "就必须要知道它的已知和求证。"
  },
  {
    "start": 540.54,
    "end": 547.22,
    "speaker": "老师",
    "text": "所以此时我们可以结合证明命题的一般步骤把它写出来。"
  },
  {
    "start": 547.22,
    "end": 552.71,
    "speaker": "老师",
    "text": "首先我们需要知道这个命题的题设和结论，"
  },
  {
    "start": 552.73,
    "end": 555.57,
    "speaker": "老师",
    "text": "然后根据题意画出图形，"
  },
  {
    "start": 555.59,
    "end": 557.23,
    "speaker": "老师",
    "text": "由命题的题上，"
  },
  {
    "start": 557.23,
    "end": 561.46,
    "speaker": "老师",
    "text": "我们可以写出已知由结论，"
  },
  {
    "start": 561.46,
    "end": 564.45,
    "speaker": "老师",
    "text": "我们可以写出求证，"
  },
  {
    "start": 564.45,
    "end": 566.75,
    "speaker": "老师",
    "text": "最后整理思路，"
  },
  {
    "start": 567.37,
    "end": 568.99,
    "speaker": "老师",
    "text": "把这个过程写出来。"
  },
  {
    "start": 568.99,
    "end": 573.01,
    "speaker": "老师",
    "text": "现在请同学们按照这个一般步骤，"
  },
  {
    "start": 573.01,
    "end": 579.51,
    "speaker": "老师",
    "text": "把我们猜想一的图形已知求证写出来吧。"
  },
  {
    "start": 579.51,
    "end": 617.01,
    "speaker": "老师",
    "text": "同学们，"
  },
  {
    "start": 617.07,
    "end": 619.72,
    "speaker": "老师",
    "text": "你们都写出来了吗？"
  },
  {
    "start": 619.82,
    "end": 624.27,
    "speaker": "老师",
    "text": "首先我们需要把这个命题改成，"
  },
  {
    "start": 624.27,
    "end": 626.61,
    "speaker": "老师",
    "text": "如果那么的形式，"
  },
  {
    "start": 627.35,
    "end": 630.01,
    "speaker": "老师",
    "text": "如果一个四边形是平行四边形，"
  },
  {
    "start": 630.01,
    "end": 632.81,
    "speaker": "老师",
    "text": "那么它的对边相等。"
  },
  {
    "start": 632.83,
    "end": 640.7,
    "speaker": "老师",
    "text": "所以我们由题意可以画出平行四边形ABCD刘蹄色，"
  },
  {
    "start": 640.7,
    "end": 643.92,
    "speaker": "老师",
    "text": "我们可以写出已知已知四边形，"
  },
  {
    "start": 643.92,
    "end": 646.44,
    "speaker": "老师",
    "text": "ABCD是平行四边形。"
  },
  {
    "start": 646.44,
    "end": 647.16,
    "speaker": "老师",
    "text": "有结论，"
  },
  {
    "start": 647.18,
    "end": 649.38,
    "speaker": "老师",
    "text": "我们可以写出求证，"
  },
  {
    "start": 649.38,
    "end": 655.3,
    "speaker": "老师",
    "text": "求证它的对边相等即求证AB等于CDBC等于DA."
  },
  {
    "start": 655.3,
    "end": 658.36,
    "speaker": "老师",
    "text": "接下来请同学们完成这个证明吧。"
  },
  {
    "start": 658.36,
    "end": 659.23,
    "speaker": "老师",
    "text": "同学们，"
  },
  {
    "start": 660.36,
    "end": 661.48,
    "speaker": "老师",
    "text": "你们都完成了吗？"
  },
  {
    "start": 661.48,
    "end": 667.46,
    "speaker": "老师",
    "text": "首先我们先来分析一下题意，"
  },
  {
    "start": 667.46,
    "end": 674.5,
    "speaker": "老师",
    "text": "已知四边形ABCD是平行四边形由平行四边形的定义，"
  },
  {
    "start": 674.5,
    "end": 678.7,
    "speaker": "老师",
    "text": "我们知道它的对边互相平行要求。"
  },
  {
    "start": 678.7,
    "end": 684.07,
    "speaker": "老师",
    "text": "我们证明AB等于CDBC等于DA,"
  },
  {
    "start": 684.07,
    "end": 684.83,
    "speaker": "老师",
    "text": "由平行，"
  },
  {
    "start": 684.83,
    "end": 687.81,
    "speaker": "老师",
    "text": "如何得到边相等呢？"
  },
  {
    "start": 687.81,
    "end": 693.55,
    "speaker": "老师",
    "text": "我们知道用全等三角形的对应边对应角相等，"
  },
  {
    "start": 693.59,
    "end": 697.89,
    "speaker": "老师",
    "text": "是证明线段和角相等的一种重要手段。"
  },
  {
    "start": 697.89,
    "end": 702.1,
    "speaker": "老师",
    "text": "我们能否通过添加辅助线，"
  },
  {
    "start": 702.1,
    "end": 707.87,
    "speaker": "老师",
    "text": "把这个平行四边形变成两个三角形，"
  },
  {
    "start": 707.87,
    "end": 717.51,
    "speaker": "老师",
    "text": "通过证明两个三角形全等来验证它的对应边相等呢？"
  },
  {
    "start": 717.51,
    "end": 719.79,
    "speaker": "老师",
    "text": "我们一起来试试看吧。"
  },
  {
    "start": 719.79,
    "end": 723.38,
    "speaker": "老师",
    "text": "首先我们可以连接AC,"
  },
  {
    "start": 723.38,
    "end": 725.28,
    "speaker": "老师",
    "text": "当然我们也可以连接BD."
  },
  {
    "start": 725.28,
    "end": 733.46,
    "speaker": "老师",
    "text": "那现在我们就是要证明三角形ABC全等于三角形CDA如何去证明呢？"
  },
  {
    "start": 733.54,
    "end": 738.44,
    "speaker": "老师",
    "text": "我们来看一下已知条件，"
  },
  {
    "start": 738.44,
    "end": 742.6,
    "speaker": "老师",
    "text": "因为四边形ABCD是平行四边形，"
  },
  {
    "start": 742.6,
    "end": 747.15,
    "speaker": "老师",
    "text": "所以它的对边平行由平行线的性质。"
  },
  {
    "start": 747.15,
    "end": 750.71,
    "speaker": "老师",
    "text": "我们知道角一等于角二角三等于角四，"
  },
  {
    "start": 750.71,
    "end": 779.13,
    "speaker": "老师",
    "text": "又因为AC是公共边，"
  },
  {
    "start": 779.13,
    "end": 792.83,
    "speaker": "老师",
    "text": "那我们由角边角就得到了三角形ABC全等于三角形CDA即可得到AB等于CDBC等于DA."
  },
  {
    "start": 792.83,
    "end": 844.55,
    "speaker": "老师",
    "text": "接下来我们来看一看字明过程吧。"
  },
  {
    "start": 844.55,
    "end": 846.51,
    "speaker": "老师",
    "text": "如图连接AC."
  },
  {
    "start": 846.61,
    "end": 851.07,
    "speaker": "老师",
    "text": "因为四边形ABCD是平行四边形，"
  },
  {
    "start": 851.07,
    "end": 853.5,
    "speaker": "老师",
    "text": "所以我们得到了它的两组，"
  },
  {
    "start": 854.16,
    "end": 855.56,
    "speaker": "老师",
    "text": "对边分别平行，"
  },
  {
    "start": 855.56,
    "end": 863.09,
    "speaker": "老师",
    "text": "由平行线的性质就得到角一等于角二角三等于角四。"
  },
  {
    "start": 863.09,
    "end": 865.37,
    "speaker": "老师",
    "text": "又因为AC等于CA,"
  },
  {
    "start": 865.61,
    "end": 873.04,
    "speaker": "老师",
    "text": "所以我们可以得到三角形ABC全等于三角形CBA."
  },
  {
    "start": 873.04,
    "end": 877.84,
    "speaker": "老师",
    "text": "又因为全等三角形的对应边相等，"
  },
  {
    "start": 877.84,
    "end": 880.97,
    "speaker": "老师",
    "text": "我们就得到了AB,"
  },
  {
    "start": 880.97,
    "end": 883.15,
    "speaker": "老师",
    "text": "等于CDBC等于DA."
  },
  {
    "start": 883.15,
    "end": 889.73,
    "speaker": "老师",
    "text": "那么这样我们就得到了我们平行四边形的第一个定理，"
  },
  {
    "start": 889.73,
    "end": 895.43,
    "speaker": "老师",
    "text": "平行四边形的对边相等用我们的几何语言描述。"
  },
  {
    "start": 895.43,
    "end": 901.56,
    "speaker": "老师",
    "text": "就是因为四边形ABCD是平行四边形，"
  },
  {
    "start": 901.56,
    "end": 904.1,
    "speaker": "老师",
    "text": "所以AB等于CDBC,"
  },
  {
    "start": 904.18,
    "end": 906.61,
    "speaker": "老师",
    "text": "等于DA."
  },
  {
    "start": 906.61,
    "end": 916.33,
    "speaker": "老师",
    "text": "现在请同学们利用刚刚我们证明的方法去验证一下我们的猜想二吧。"
  },
  {
    "start": 916.39,
    "end": 919.24,
    "speaker": "老师",
    "text": "同学们，"
  },
  {
    "start": 919.28,
    "end": 922.71,
    "speaker": "老师",
    "text": "你们都完成了吗？"
  },
  {
    "start": 922.87,
    "end": 923.49,
    "speaker": "老师",
    "text": "首先，"
  },
  {
    "start": 923.49,
    "end": 928.29,
    "speaker": "老师",
    "text": "我们需要根据命题写出题示和结论。"
  },
  {
    "start": 928.29,
    "end": 932.74,
    "speaker": "老师",
    "text": "如果一个四边形是平行四边形，"
  },
  {
    "start": 934.12,
    "end": 936.35,
    "speaker": "老师",
    "text": "那么它的对角相等有题意，"
  },
  {
    "start": 937.57,
    "end": 940.09,
    "speaker": "老师",
    "text": "我们可以画出图形四边形。"
  },
  {
    "start": 940.09,
    "end": 942.71,
    "speaker": "老师",
    "text": "Abcd是平行四边形，"
  },
  {
    "start": 942.71,
    "end": 945.67,
    "speaker": "老师",
    "text": "由题是我们可以写出已知四边形。"
  },
  {
    "start": 945.67,
    "end": 991.02,
    "speaker": "老师",
    "text": "Abcd是平行四边形，"
  },
  {
    "start": 991.02,
    "end": 1000.18,
    "speaker": "老师",
    "text": "由结论我们可以写出求证角a等于角c角b等于角d那如何去证明呢？"
  },
  {
    "start": 1000.18,
    "end": 1003.18,
    "speaker": "老师",
    "text": "刚刚我们说了要证明边或角相等，"
  },
  {
    "start": 1003.3,
    "end": 1006.99,
    "speaker": "老师",
    "text": "可以利用三角形全等来证明。"
  },
  {
    "start": 1006.99,
    "end": 1010.07,
    "speaker": "老师",
    "text": "所以在这里面同样的我们连接AC,"
  },
  {
    "start": 1010.35,
    "end": 1014.85,
    "speaker": "老师",
    "text": "通过证明三角形ABC全等于三角形CDA,"
  },
  {
    "start": 1015.03,
    "end": 1021.13,
    "speaker": "老师",
    "text": "最终得到角b等于角d又因为角一等于角二角三等于角四，"
  },
  {
    "start": 1021.13,
    "end": 1027.2,
    "speaker": "老师",
    "text": "所以我们可以得到角BAD等于角DCD."
  },
  {
    "start": 1027.2,
    "end": 1031.82,
    "speaker": "老师",
    "text": "接下来让我们一起去看看证明过程吧。"
  },
  {
    "start": 1032.02,
    "end": 1039.19,
    "speaker": "老师",
    "text": "首先连接AC证明到三角形ABC全等于三角形CDA,"
  },
  {
    "start": 1039.39,
    "end": 1051.21,
    "speaker": "老师",
    "text": "所以角b等于角d又移为角一等于角二角三等于角四即可证到角BAD等于角DCD."
  },
  {
    "start": 1051.21,
    "end": 1054.15,
    "speaker": "老师",
    "text": "你们都是用的这种方法吗？"
  },
  {
    "start": 1054.15,
    "end": 1072.64,
    "speaker": "老师",
    "text": "有没有同学用其他的方法呢？"
  },
  {
    "start": 1072.64,
    "end": 1075.08,
    "speaker": "老师",
    "text": "接下来我们来思考一下，"
  },
  {
    "start": 1075.08,
    "end": 1078.5,
    "speaker": "老师",
    "text": "如果不添加辅助线，"
  },
  {
    "start": 1078.54,
    "end": 1084.97,
    "speaker": "老师",
    "text": "你能否直接运用平行四边形的定义验证这个结果呢？"
  },
  {
    "start": 1084.97,
    "end": 1103.55,
    "speaker": "老师",
    "text": "请同学们去思考一下，"
  },
  {
    "start": 1103.55,
    "end": 1104.51,
    "speaker": "老师",
    "text": "同学们，"
  },
  {
    "start": 1104.51,
    "end": 1105.69,
    "speaker": "老师",
    "text": "你们都完成了吗？"
  },
  {
    "start": 1105.69,
    "end": 1107.71,
    "speaker": "老师",
    "text": "我们先来分析一下题意吧。"
  },
  {
    "start": 1107.71,
    "end": 1156.8,
    "speaker": "老师",
    "text": "已知四边形ABCD是平行四边形，"
  },
  {
    "start": 1156.8,
    "end": 1159.66,
    "speaker": "老师",
    "text": "由平行四边形的DE,"
  },
  {
    "start": 1159.66,
    "end": 1163.88,
    "speaker": "老师",
    "text": "我们可以知道它的两组对边分别平行，"
  },
  {
    "start": 1163.88,
    "end": 1172.25,
    "speaker": "老师",
    "text": "既我们可以得到角b加角c等于一百八十度，"
  },
  {
    "start": 1172.47,
    "end": 1177.44,
    "speaker": "老师",
    "text": "角a加角b等于一百八十度，"
  },
  {
    "start": 1177.52,
    "end": 1180.7,
    "speaker": "老师",
    "text": "由同角的五角相等，"
  },
  {
    "start": 1180.7,
    "end": 1186.14,
    "speaker": "老师",
    "text": "我们就可以证得角a等于角c同理，"
  },
  {
    "start": 1186.14,
    "end": 1193.44,
    "speaker": "老师",
    "text": "我们也可以证得角b等于角d接下来我们来看一下证明过程吧。"
  },
  {
    "start": 1193.46,
    "end": 1200.64,
    "speaker": "老师",
    "text": "因为四边形ABCD是平行四边形，"
  },
  {
    "start": 1200.64,
    "end": 1209.13,
    "speaker": "老师",
    "text": "所以它的两组对边分别平行即可得到角b加角c等于一百八十度，"
  },
  {
    "start": 1209.13,
    "end": 1214.6,
    "speaker": "老师",
    "text": "角a加角b也等于一百八十度，"
  },
  {
    "start": 1214.6,
    "end": 1216.32,
    "speaker": "老师",
    "text": "所以角a等于角c同理，"
  },
  {
    "start": 1216.32,
    "end": 1227.47,
    "speaker": "老师",
    "text": "我们可得角b等于角d那么我们就得到了平行四边形的内角相等，"
  },
  {
    "start": 1227.47,
    "end": 1229.81,
    "speaker": "老师",
    "text": "这是我们的另外一个定理，"
  },
  {
    "start": 1229.81,
    "end": 1233.87,
    "speaker": "老师",
    "text": "用我们的几何语言来表示。"
  },
  {
    "start": 1233.97,
    "end": 1241.15,
    "speaker": "老师",
    "text": "就是因为四边形ABCD是平行四边形，"
  },
  {
    "start": 1241.15,
    "end": 1250.24,
    "speaker": "老师",
    "text": "所以角a等于角c角b等于角d这些就是我们今天学习的平行四边形的性质。"
  },
  {
    "start": 1250.24,
    "end": 1259.18,
    "speaker": "老师",
    "text": "接下来让我们来利用刚刚所学习的平行四边形的定义和性质去解决以下问题吧。"
  },
  {
    "start": 1259.18,
    "end": 1260.04,
    "speaker": "老师",
    "text": "同学们，"
  },
  {
    "start": 1260.04,
    "end": 1322.3,
    "speaker": "老师",
    "text": "你们都完成了吗？"
  },
  {
    "start": 1322.3,
    "end": 1326.32,
    "speaker": "老师",
    "text": "现在看看你的思路是否和老师的一样吧。"
  },
  {
    "start": 1326.42,
    "end": 1330.45,
    "speaker": "老师",
    "text": "首先我们来分析一下题目，"
  },
  {
    "start": 1330.45,
    "end": 1335.13,
    "speaker": "老师",
    "text": "已知四边形ABC是平行四边形，"
  },
  {
    "start": 1335.15,
    "end": 1340.67,
    "speaker": "老师",
    "text": "而且a一等于CF要求我们去证明b等于DF."
  },
  {
    "start": 1340.91,
    "end": 1349.23,
    "speaker": "老师",
    "text": "那非常明显我们可以证明三角形AB全等于三角形CDF如何去证明呢？"
  },
  {
    "start": 1349.23,
    "end": 1352.36,
    "speaker": "老师",
    "text": "还需要什么条件呢？"
  },
  {
    "start": 1352.36,
    "end": 1355.78,
    "speaker": "老师",
    "text": "我们一起来看一看平平四边形的定义，"
  },
  {
    "start": 1355.78,
    "end": 1357.92,
    "speaker": "老师",
    "text": "我们可以知道等于CD,"
  },
  {
    "start": 1358.04,
    "end": 1361.0,
    "speaker": "老师",
    "text": "而且AB平行CD,"
  },
  {
    "start": 1361.0,
    "end": 1363.58,
    "speaker": "老师",
    "text": "所以我们可以得到角边，"
  },
  {
    "start": 1365.32,
    "end": 1370.28,
    "speaker": "老师",
    "text": "e等于角DCF由边角边，"
  },
  {
    "start": 1370.28,
    "end": 1379.58,
    "speaker": "老师",
    "text": "我们就可以证明到这两个三角形全等即可求出BE等于DF."
  },
  {
    "start": 1379.62,
    "end": 1384.58,
    "speaker": "老师",
    "text": "接下来我们来看一看证明过程吧。"
  },
  {
    "start": 1384.76,
    "end": 1388.3,
    "speaker": "老师",
    "text": "因为四边形ABCD是平行四边形，"
  },
  {
    "start": 1388.3,
    "end": 1392.96,
    "speaker": "老师",
    "text": "所以AD等于CDAB平行CD."
  },
  {
    "start": 1392.96,
    "end": 1399.85,
    "speaker": "老师",
    "text": "在这里就要求我们同学们提前分析题意，"
  },
  {
    "start": 1399.87,
    "end": 1402.48,
    "speaker": "老师",
    "text": "找到自己需要的条件，"
  },
  {
    "start": 1402.48,
    "end": 1409.58,
    "speaker": "老师",
    "text": "即可得到角BAE等于角DCF."
  },
  {
    "start": 1409.7,
    "end": 1412.5,
    "speaker": "老师",
    "text": "又因为a等于CF,"
  },
  {
    "start": 1412.5,
    "end": 1418.06,
    "speaker": "老师",
    "text": "所以我们可以得到这两个三角形全等，"
  },
  {
    "start": 1418.06,
    "end": 1463.12,
    "speaker": "老师",
    "text": "由全等三角形的对应边相等，"
  },
  {
    "start": 1463.14,
    "end": 1465.46,
    "speaker": "老师",
    "text": "我们即可得到BE等于DF."
  },
  {
    "start": 1465.46,
    "end": 1468.64,
    "speaker": "老师",
    "text": "同学们可以去尝试一下，"
  },
  {
    "start": 1468.7,
    "end": 1472.93,
    "speaker": "老师",
    "text": "还有没有其他的方法去证明。"
  },
  {
    "start": 1473.07,
    "end": 1476.04,
    "speaker": "老师",
    "text": "下面进入单马检测环节，"
  },
  {
    "start": 1476.04,
    "end": 1480.83,
    "speaker": "老师",
    "text": "请同学们完成第二小题。"
  },
  {
    "start": 1480.83,
    "end": 1482.85,
    "speaker": "老师",
    "text": "聪明的你一定都完成了吧？"
  },
  {
    "start": 1482.85,
    "end": 1483.27,
    "speaker": "老师",
    "text": "是的，"
  },
  {
    "start": 1483.27,
    "end": 1484.21,
    "speaker": "老师",
    "text": "非常简单。"
  },
  {
    "start": 1484.21,
    "end": 1487.15,
    "speaker": "老师",
    "text": "我们先来看一下第一题，"
  },
  {
    "start": 1487.15,
    "end": 1491.3,
    "speaker": "老师",
    "text": "已知角a等于五十二度，"
  },
  {
    "start": 1491.3,
    "end": 1494.11,
    "speaker": "老师",
    "text": "要求出角b角c角d的度数。"
  },
  {
    "start": 1494.11,
    "end": 1498.39,
    "speaker": "老师",
    "text": "因为四边形ABCD是平行四边形，"
  },
  {
    "start": 1498.39,
    "end": 1500.47,
    "speaker": "老师",
    "text": "由平四边形的DE."
  },
  {
    "start": 1500.47,
    "end": 1504.05,
    "speaker": "老师",
    "text": "我们知道AD平行BC,"
  },
  {
    "start": 1504.05,
    "end": 1509.68,
    "speaker": "老师",
    "text": "既可以求出角a加角b等于一百八十度，"
  },
  {
    "start": 1510.39,
    "end": 1515.33,
    "speaker": "老师",
    "text": "所以角b等于一百二十八度。"
  },
  {
    "start": 1515.33,
    "end": 1518.19,
    "speaker": "老师",
    "text": "比如平行四边形的性质。"
  },
  {
    "start": 1518.19,
    "end": 1524.42,
    "speaker": "老师",
    "text": "我们知道平行四边形的对角相等，"
  },
  {
    "start": 1524.42,
    "end": 1532.76,
    "speaker": "老师",
    "text": "所以可以得到角c等于角a等于五十二度角d等于角d等于一百二十八度。"
  },
  {
    "start": 1532.76,
    "end": 1538.46,
    "speaker": "老师",
    "text": "现在我们来看第二题，"
  },
  {
    "start": 1538.46,
    "end": 1546.98,
    "speaker": "老师",
    "text": "已知平行四边形ABCD的周长是三十厘米，"
  },
  {
    "start": 1546.98,
    "end": 1549.12,
    "speaker": "老师",
    "text": "且BC比AB长三厘米，"
  },
  {
    "start": 1549.12,
    "end": 1556.83,
    "speaker": "老师",
    "text": "要求AB和AD的长度由平行四边形的性质。"
  },
  {
    "start": 1556.83,
    "end": 1561.65,
    "speaker": "老师",
    "text": "我们知道平行四边形的对边相等，"
  },
  {
    "start": 1561.75,
    "end": 1567.06,
    "speaker": "老师",
    "text": "即平四边形的周长等于相邻两边的和乘以二。"
  },
  {
    "start": 1567.06,
    "end": 1572.84,
    "speaker": "老师",
    "text": "所以我们可以知道EC等于十五厘米，"
  },
  {
    "start": 1572.84,
    "end": 1580.7,
    "speaker": "老师",
    "text": "又因为BC比AB长三厘米，"
  },
  {
    "start": 1580.7,
    "end": 1585.0,
    "speaker": "老师",
    "text": "我们就可以求出AB等于六厘米，"
  },
  {
    "start": 1585.0,
    "end": 1588.52,
    "speaker": "老师",
    "text": "BC等于九厘米，"
  },
  {
    "start": 1588.52,
    "end": 1592.4,
    "speaker": "老师",
    "text": "AD是BC的对边。"
  },
  {
    "start": 1592.48,
    "end": 1597.37,
    "speaker": "老师",
    "text": "所以我们知道了BAD等于九厘米，"
  },
  {
    "start": 1597.37,
    "end": 1597.89,
    "speaker": "老师",
    "text": "同学们，"
  },
  {
    "start": 1597.89,
    "end": 1640.24,
    "speaker": "老师",
    "text": "你们都做对了吗？"
  },
  {
    "start": 1640.24,
    "end": 1641.94,
    "speaker": "老师",
    "text": "接下来请看第三题，"
  },
  {
    "start": 1642.32,
    "end": 1642.94,
    "speaker": "老师",
    "text": "同学们，"
  },
  {
    "start": 1642.94,
    "end": 1646.36,
    "speaker": "老师",
    "text": "你们都完成了吗？"
  },
  {
    "start": 1646.36,
    "end": 1649.78,
    "speaker": "老师",
    "text": "我们一起来看一看吧。"
  },
  {
    "start": 1650.1,
    "end": 1653.17,
    "speaker": "老师",
    "text": "我们先来分析一下题意，"
  },
  {
    "start": 1653.45,
    "end": 1654.53,
    "speaker": "老师",
    "text": "比如题意，"
  },
  {
    "start": 1654.53,
    "end": 1660.55,
    "speaker": "老师",
    "text": "我们知四边形ABCD是平行四边形，"
  },
  {
    "start": 1660.55,
    "end": 1670.24,
    "speaker": "老师",
    "text": "要求我们证明角ABC和角BCD的度数由平行四边形的性质。"
  },
  {
    "start": 1670.24,
    "end": 1675.56,
    "speaker": "老师",
    "text": "我们知道平行四边形的对角相等，"
  },
  {
    "start": 1675.56,
    "end": 1677.3,
    "speaker": "老师",
    "text": "我们可以求到角，"
  },
  {
    "start": 1677.52,
    "end": 1680.82,
    "speaker": "老师",
    "text": "ADC等于角b等于五十六度。"
  },
  {
    "start": 1680.84,
    "end": 1684.7,
    "speaker": "老师",
    "text": "由平行四边形的定义，"
  },
  {
    "start": 1684.7,
    "end": 1686.98,
    "speaker": "老师",
    "text": "我们可以知道平行CD,"
  },
  {
    "start": 1687.02,
    "end": 1695.51,
    "speaker": "老师",
    "text": "所以我们可以得到角d加角BCD,"
  },
  {
    "start": 1695.51,
    "end": 1703.69,
    "speaker": "老师",
    "text": "等于一百八十度即可求出角BCD的度数。"
  },
  {
    "start": 1703.69,
    "end": 1706.97,
    "speaker": "老师",
    "text": "现在我们一起来看一看吧。"
  },
  {
    "start": 1706.97,
    "end": 1714.74,
    "speaker": "老师",
    "text": "因为四边形ABCD是平行四边形，"
  },
  {
    "start": 1714.74,
    "end": 1720.94,
    "speaker": "老师",
    "text": "所以角ABC等于角BAB平行CD."
  },
  {
    "start": 1720.94,
    "end": 1724.74,
    "speaker": "老师",
    "text": "所以角BCD加角b等于一百八十度，"
  },
  {
    "start": 1724.74,
    "end": 1729.86,
    "speaker": "老师",
    "text": "由图知角b等于五十六度。"
  },
  {
    "start": 1729.96,
    "end": 1797.6,
    "speaker": "老师",
    "text": "所以我们可以知道角ABC等于五十六度角BCD等于一百八十度减去角b最后等于一百二十四度。"
  },
  {
    "start": 1797.6,
    "end": 1798.12,
    "speaker": "老师",
    "text": "哎，"
  },
  {
    "start": 1798.12,
    "end": 1800.56,
    "speaker": "老师",
    "text": "那我们去看一看第二问吧，"
  },
  {
    "start": 1800.56,
    "end": 1803.6,
    "speaker": "老师",
    "text": "要求出AB和BC的长度，"
  },
  {
    "start": 1803.6,
    "end": 1806.23,
    "speaker": "老师",
    "text": "由平行四边形的性质。"
  },
  {
    "start": 1807.4,
    "end": 1816.4,
    "speaker": "老师",
    "text": "我们知道平行四边形的对边相等由图我们可知AD等于三十，"
  },
  {
    "start": 1816.72,
    "end": 1821.61,
    "speaker": "老师",
    "text": "GBC等于AB等于三十，"
  },
  {
    "start": 1821.61,
    "end": 1824.75,
    "speaker": "老师",
    "text": "而又因为CD等于二十五，"
  },
  {
    "start": 1824.75,
    "end": 1830.75,
    "speaker": "老师",
    "text": "即可求出AB等于CD等于二十五。"
  },
  {
    "start": 1830.75,
    "end": 1835.24,
    "speaker": "老师",
    "text": "接下来让我们来看一看解题过程吧。"
  },
  {
    "start": 1835.24,
    "end": 1840.76,
    "speaker": "老师",
    "text": "因为四边形ABCD是平行四边形，"
  },
  {
    "start": 1840.76,
    "end": 1846.83,
    "speaker": "老师",
    "text": "所以AD等于CDBC等于AD."
  },
  {
    "start": 1846.93,
    "end": 1853.05,
    "speaker": "老师",
    "text": "又因为由图知CD等于二十五AD等于三十，"
  },
  {
    "start": 1853.05,
    "end": 1856.88,
    "speaker": "老师",
    "text": "所以AB等于二十五，"
  },
  {
    "start": 1856.88,
    "end": 1858.22,
    "speaker": "老师",
    "text": "BC等于三十。"
  },
  {
    "start": 1858.22,
    "end": 1859.56,
    "speaker": "老师",
    "text": "同学们，"
  },
  {
    "start": 1859.56,
    "end": 1863.16,
    "speaker": "老师",
    "text": "你们的解题过程是这样的吗？"
  },
  {
    "start": 1863.16,
    "end": 1867.59,
    "speaker": "老师",
    "text": "接下来让我们去看一看第四题吧，"
  },
  {
    "start": 1867.59,
    "end": 1872.36,
    "speaker": "老师",
    "text": "聪明的你一定都完成了吧。"
  },
  {
    "start": 1872.36,
    "end": 1878.54,
    "speaker": "老师",
    "text": "我们一起来看一看一块如图所示的玻璃，"
  },
  {
    "start": 1878.54,
    "end": 1882.28,
    "speaker": "老师",
    "text": "不小心把EDF部分打碎了。"
  },
  {
    "start": 1882.28,
    "end": 1886.64,
    "speaker": "老师",
    "text": "现在我们测得a等于六十厘米，"
  },
  {
    "start": 1886.64,
    "end": 1889.64,
    "speaker": "老师",
    "text": "BC等于八十厘米，"
  },
  {
    "start": 1889.64,
    "end": 1891.48,
    "speaker": "老师",
    "text": "角b等于六十度。"
  },
  {
    "start": 1891.48,
    "end": 1901.64,
    "speaker": "老师",
    "text": "而且我们还知道a平行BCAB平行CF再由这两组对边分别平行。"
  },
  {
    "start": 1901.64,
    "end": 1908.98,
    "speaker": "老师",
    "text": "我们可以知道四边形ABCD是平行四边形，"
  },
  {
    "start": 1909.2,
    "end": 1916.44,
    "speaker": "老师",
    "text": "由平行四边形的对边相等，"
  },
  {
    "start": 1916.56,
    "end": 1917.64,
    "speaker": "老师",
    "text": "对角相等，"
  },
  {
    "start": 1917.64,
    "end": 1925.25,
    "speaker": "老师",
    "text": "我们就可以求出d一的长度和角d的度数。"
  },
  {
    "start": 1925.29,
    "end": 1930.43,
    "speaker": "老师",
    "text": "接下来我们来看一看它的解题过程吧。"
  },
  {
    "start": 1930.73,
    "end": 1933.07,
    "speaker": "老师",
    "text": "因为AE平行DC,"
  },
  {
    "start": 1933.51,
    "end": 1936.01,
    "speaker": "老师",
    "text": "AB平行CF,"
  },
  {
    "start": 1936.03,
    "end": 1940.5,
    "speaker": "老师",
    "text": "所以四边形ABCD是平行四边形，"
  },
  {
    "start": 1940.5,
    "end": 1945.42,
    "speaker": "老师",
    "text": "所以角d等于角b等于六十度，"
  },
  {
    "start": 1945.42,
    "end": 1950.74,
    "speaker": "老师",
    "text": "AD等于BC等于八十厘米，"
  },
  {
    "start": 1950.74,
    "end": 1953.34,
    "speaker": "老师",
    "text": "ED等于AD减去a一，"
  },
  {
    "start": 1954.59,
    "end": 1959.51,
    "speaker": "老师",
    "text": "所以等于八十减去六十等于二十厘米。"
  },
  {
    "start": 1959.93,
    "end": 1966.21,
    "speaker": "老师",
    "text": "最终我们就求得b一的长度是二十厘米，"
  },
  {
    "start": 1966.21,
    "end": 1967.99,
    "speaker": "老师",
    "text": "角d的度数是六十度。"
  },
  {
    "start": 1968.21,
    "end": 1971.68,
    "speaker": "老师",
    "text": "你们是这样写的吗？"
  },
  {
    "start": 1971.68,
    "end": 1976.02,
    "speaker": "老师",
    "text": "接下来让我们看一看本节课的最后一题，"
  },
  {
    "start": 1976.02,
    "end": 1979.21,
    "speaker": "老师",
    "text": "同学们都完成了吗？"
  },
  {
    "start": 1979.21,
    "end": 1981.73,
    "speaker": "老师",
    "text": "我们一起来看一看吧。"
  },
  {
    "start": 1981.77,
    "end": 1984.85,
    "speaker": "老师",
    "text": "我们首先先来分析一下观察题目，"
  },
  {
    "start": 1984.85,
    "end": 1989.78,
    "speaker": "老师",
    "text": "我们发现题目中并没有给出图形，"
  },
  {
    "start": 1989.78,
    "end": 2012.6,
    "speaker": "老师",
    "text": "所以我们需要根据题意先画另一个平行四边形ABC角DAB的平分线分BC为三厘米、四厘米两部分，"
  },
  {
    "start": 2012.6,
    "end": 2014.54,
    "speaker": "老师",
    "text": "那哪一部分是三厘米，"
  },
  {
    "start": 2014.58,
    "end": 2017.96,
    "speaker": "老师",
    "text": "哪一部分是四厘米呢？"
  },
  {
    "start": 2017.96,
    "end": 2018.8,
    "speaker": "老师",
    "text": "是的，"
  },
  {
    "start": 2018.8,
    "end": 2020.12,
    "speaker": "老师",
    "text": "不能确定。"
  },
  {
    "start": 2020.12,
    "end": 2022.58,
    "speaker": "老师",
    "text": "所以我们要分情况讨论。"
  },
  {
    "start": 2022.6,
    "end": 2027.81,
    "speaker": "老师",
    "text": "第一种情况我们可以设b一为三厘米，"
  },
  {
    "start": 2027.81,
    "end": 2029.09,
    "speaker": "老师",
    "text": "c一为四厘米。"
  },
  {
    "start": 2029.09,
    "end": 2032.96,
    "speaker": "老师",
    "text": "第二种情况我们可以设b一为四厘米，"
  },
  {
    "start": 2033.94,
    "end": 2034.92,
    "speaker": "老师",
    "text": "c为三厘米。"
  },
  {
    "start": 2034.92,
    "end": 2038.5,
    "speaker": "老师",
    "text": "接下来我们先去研究一下第一种情况吧。"
  },
  {
    "start": 2038.5,
    "end": 2040.54,
    "speaker": "老师",
    "text": "当b一为三厘米，"
  },
  {
    "start": 2040.54,
    "end": 2043.7,
    "speaker": "老师",
    "text": "c一为四厘米，"
  },
  {
    "start": 2043.7,
    "end": 2053.2,
    "speaker": "老师",
    "text": "要求我们去求出平行四边形ABCD的周长。"
  },
  {
    "start": 2053.2,
    "end": 2056.21,
    "speaker": "老师",
    "text": "要求出周长的话，"
  },
  {
    "start": 2056.21,
    "end": 2057.99,
    "speaker": "老师",
    "text": "我们知道BC等于b一加c一等于七厘米，"
  },
  {
    "start": 2057.67,
    "end": 2057.99,
    "speaker": "老师",
    "text": "那我们还需要求出AP的长度。"
  },
  {
    "start": 2057.67,
    "end": 2057.99,
    "speaker": "老师",
    "text": "那如何求出AB的长度呢？"
  },
  {
    "start": 2057.67,
    "end": 2057.99,
    "speaker": "老师",
    "text": "我们发现a平分角BAD,"
  },
  {
    "start": 2057.67,
    "end": 2057.99,
    "speaker": "老师",
    "text": "所以可以得到角一等于角二。"
  },
  {
    "start": 2057.67,
    "end": 2057.99,
    "speaker": "老师",
    "text": "又因为四边形ABCD是平行四边形，"
  },
  {
    "start": 2057.67,
    "end": 2057.99,
    "speaker": "老师",
    "text": "所以我们可以得到AD,"
  },
  {
    "start": 2057.67,
    "end": 2057.99,
    "speaker": "老师",
    "text": "平行BC即可得到角二等于角三。"
  },
  {
    "start": 2057.67,
    "end": 2057.99,
    "speaker": "老师",
    "text": "由此我们就可以得出角一等于角三，"
  },
  {
    "start": 2057.67,
    "end": 2057.99,
    "speaker": "老师",
    "text": "第三角形ABE是等腰三角形，"
  },
  {
    "start": 2057.67,
    "end": 2057.99,
    "speaker": "老师",
    "text": "所以我们就可以求出AB的长度，"
  },
  {
    "start": 2057.67,
    "end": 2057.99,
    "speaker": "老师",
    "text": "我们一起来看一看过程吧。"
  },
  {
    "start": 2057.67,
    "end": 2057.99,
    "speaker": "老师",
    "text": "因为四边形ABCD是平行四边形，"
  },
  {
    "start": 2057.67,
    "end": 2057.99,
    "speaker": "老师",
    "text": "所以AD等于BCAB等于CDAD平行BC,"
  },
  {
    "start": 2057.67,
    "end": 2057.99,
    "speaker": "老师",
    "text": "所以角二等于角三又。"
  },
  {
    "start": 2057.67,
    "end": 2057.99,
    "speaker": "老师",
    "text": "因为a一平分角BAD,"
  },
  {
    "start": 2057.67,
    "end": 2057.99,
    "speaker": "老师",
    "text": "所以角一等于角二由等量代换，"
  },
  {
    "start": 2057.67,
    "end": 2057.99,
    "speaker": "老师",
    "text": "我们可以得到角一等于角三即AD等于BE等于三厘米，"
  },
  {
    "start": 2057.67,
    "end": 2057.99,
    "speaker": "老师",
    "text": "BC等于BE加c一等于七厘米，"
  },
  {
    "start": 2057.67,
    "end": 2057.99,
    "speaker": "老师",
    "text": "所以我们可以求出平四边形的周长为二十厘米。"
  },
  {
    "start": 2057.67,
    "end": 2057.99,
    "speaker": "老师",
    "text": "接下来让我们来看一下第二组情况，"
  },
  {
    "start": 2057.67,
    "end": 2057.99,
    "speaker": "老师",
    "text": "当b一等于四厘米，"
  },
  {
    "start": 2057.67,
    "end": 2057.99,
    "speaker": "老师",
    "text": "c一等于三厘米。"
  },
  {
    "start": 2057.67,
    "end": 2057.99,
    "speaker": "老师",
    "text": "同理，"
  },
  {
    "start": 2057.67,
    "end": 2057.99,
    "speaker": "老师",
    "text": "我们可以求出AB等于DE等于四厘米，"
  },
  {
    "start": 2057.67,
    "end": 2057.99,
    "speaker": "老师",
    "text": "BC等于d加c一等于七厘米，"
  },
  {
    "start": 2057.67,
    "end": 2057.99,
    "speaker": "老师",
    "text": "即我们可以求得平行四边形的周长为八十二厘米。"
  },
  {
    "start": 2057.67,
    "end": 2057.99,
    "speaker": "老师",
    "text": "所以我们说平行四边形的周长是二十厘米或二十二厘米，"
  },
  {
    "start": 2057.67,
    "end": 2057.99,
    "speaker": "老师",
    "text": "同学们，"
  },
  {
    "start": 2057.67,
    "end": 2057.99,
    "speaker": "老师",
    "text": "这两种情况你们都考虑到了吗？"
  },
  {
    "start": 2057.67,
    "end": 2057.99,
    "speaker": "老师",
    "text": "所以在我们写题目的过程中，"
  },
  {
    "start": 2057.67,
    "end": 2057.99,
    "speaker": "老师",
    "text": "一定要认真分析题意。"
  },
  {
    "start": 2057.67,
    "end": 2057.99,
    "speaker": "老师",
    "text": "通过本节课的学习，"
  },
  {
    "start": 2057.67,
    "end": 2057.99,
    "speaker": "老师",
    "text": "我们来反思一下，"
  },
  {
    "start": 2057.67,
    "end": 2057.99,
    "speaker": "老师",
    "text": "我们学到了什么呢？"
  },
  {
    "start": 2057.67,
    "end": 2057.99,
    "speaker": "老师",
    "text": "是的，"
  },
  {
    "start": 2057.67,
    "end": 2057.99,
    "speaker": "老师",
    "text": "本节课我们学习了平行四边形的定义和性质。"
  },
  {
    "start": 2057.67,
    "end": 2057.99,
    "speaker": "老师",
    "text": "平行四边形的定义是指两组对边分别平行的四边形，"
  },
  {
    "start": 2057.67,
    "end": 2057.99,
    "speaker": "老师",
    "text": "叫做平行四边形，"
  },
  {
    "start": 2057.67,
    "end": 2057.99,
    "speaker": "老师",
    "text": "平四边形的对边相等，"
  },
  {
    "start": 2057.67,
    "end": 2057.99,
    "speaker": "老师",
    "text": "对角相等，"
  },
  {
    "start": 2057.67,
    "end": 2057.99,
    "speaker": "老师",
    "text": "而且它还是一个中心对称图形。"
  },
  {
    "start": 2057.67,
    "end": 2057.99,
    "speaker": "老师",
    "text": "所以在今后的解题过程中，"
  },
  {
    "start": 2057.67,
    "end": 2057.99,
    "speaker": "老师",
    "text": "我们可以直接利用平行四边形的定义和性质来解决相关问题。"
  },
  {
    "start": 2057.67,
    "end": 2057.99,
    "speaker": "老师",
    "text": "在我们解平行四边形有关问题的时候，"
  },
  {
    "start": 2057.67,
    "end": 2057.99,
    "speaker": "老师",
    "text": "我们经常把它转化为三角形的问题去解决。"
  },
  {
    "start": 2057.67,
    "end": 2057.99,
    "speaker": "老师",
    "text": "接下来让我们来看一下本节课的课后作业，"
  },
  {
    "start": 2057.67,
    "end": 2057.99,
    "speaker": "老师",
    "text": "请同学们课后认真完成。"
  },
  {
    "start": 2057.67,
    "end": 2057.99,
    "speaker": "老师",
    "text": "好了，"
  },
  {
    "start": 2057.67,
    "end": 2057.99,
    "speaker": "老师",
    "text": "这节课就学到这里，"
  },
  {
    "start": 2057.67,
    "end": 2057.99,
    "speaker": "老师",
    "text": "谢谢收看。"
  }
]