[
  {
    "start": 9.67,
    "end": 10.17,
    "speaker": "老师",
    "text": "好，"
  },
  {
    "start": 10.17,
    "end": 11.81,
    "speaker": "老师",
    "text": "同学们好，"
  },
  {
    "start": 11.81,
    "end": 14.64,
    "speaker": "老师",
    "text": "陈老师又来了。"
  },
  {
    "start": 14.64,
    "end": 17.49,
    "speaker": "老师",
    "text": "今天给大家带来什么内容呢？"
  },
  {
    "start": 17.49,
    "end": 20.19,
    "speaker": "老师",
    "text": "让我们拭目以待吧。"
  },
  {
    "start": 20.21,
    "end": 26.99,
    "speaker": "老师",
    "text": "在这个非常时期并不并不可怕，"
  },
  {
    "start": 27.13,
    "end": 30.89,
    "speaker": "老师",
    "text": "只要我们万众一心众志成城，"
  },
  {
    "start": 30.89,
    "end": 35.37,
    "speaker": "老师",
    "text": "就一定能打赢疫情防控阻击战，"
  },
  {
    "start": 35.43,
    "end": 41.07,
    "speaker": "老师",
    "text": "让我们一起为武汉加油。"
  },
  {
    "start": 41.07,
    "end": 43.86,
    "speaker": "老师",
    "text": "为中国加油。"
  },
  {
    "start": 43.86,
    "end": 51.63,
    "speaker": "老师",
    "text": "在进行这一场防疫阻击战的时候，"
  },
  {
    "start": 51.63,
    "end": 54.17,
    "speaker": "老师",
    "text": "我们要手拉手。"
  },
  {
    "start": 54.17,
    "end": 59.79,
    "speaker": "老师",
    "text": "当下的手拉手指的是团结协作，"
  },
  {
    "start": 59.79,
    "end": 67.35,
    "speaker": "老师",
    "text": "而数学问题也有手拉手是什么呢？"
  },
  {
    "start": 67.35,
    "end": 84.61,
    "speaker": "老师",
    "text": "是由两个共顶点且顶角相等的三角形组成。"
  },
  {
    "start": 84.71,
    "end": 85.87,
    "speaker": "老师",
    "text": "好下来，"
  },
  {
    "start": 85.99,
    "end": 92.63,
    "speaker": "老师",
    "text": "这是两个的BA三角形，"
  },
  {
    "start": 92.63,
    "end": 106.02,
    "speaker": "老师",
    "text": "它们有一个公共的顶点a我们把这样的懂了就叫做手拉手模型。"
  },
  {
    "start": 106.04,
    "end": 123.56,
    "speaker": "老师",
    "text": "手拉手模型往往有一个重要的结论，"
  },
  {
    "start": 123.56,
    "end": 132.33,
    "speaker": "老师",
    "text": "大家请看看你发现了什么吗？"
  },
  {
    "start": 132.69,
    "end": 133.53,
    "speaker": "老师",
    "text": "很好，"
  },
  {
    "start": 137.8,
    "end": 150.02,
    "speaker": "老师",
    "text": "三角形ABD与三角形ACE全等，"
  },
  {
    "start": 150.02,
    "end": 154.74,
    "speaker": "老师",
    "text": "你知道他们全等的依据吗？"
  },
  {
    "start": 154.94,
    "end": 171.96,
    "speaker": "老师",
    "text": "边角边这个角BAD等于角CAE这两个角为什么会相等呢？"
  },
  {
    "start": 171.96,
    "end": 192.05,
    "speaker": "老师",
    "text": "其实可以用角BAC减角BAD角a角DAE减角DAC由等量减等量得到。"
  },
  {
    "start": 192.05,
    "end": 192.57,
    "speaker": "老师",
    "text": "好，"
  },
  {
    "start": 192.57,
    "end": 196.32,
    "speaker": "老师",
    "text": "我们再来看第二个图，"
  },
  {
    "start": 196.32,
    "end": 205.1,
    "speaker": "老师",
    "text": "这是两个等腰直角三角形，"
  },
  {
    "start": 205.1,
    "end": 210.28,
    "speaker": "老师",
    "text": "它们的直角顶点a重合，"
  },
  {
    "start": 210.28,
    "end": 214.45,
    "speaker": "老师",
    "text": "注意是直角顶点考合。"
  },
  {
    "start": 214.45,
    "end": 226.57,
    "speaker": "老师",
    "text": "同样的我们连接DB和CE,"
  },
  {
    "start": 226.59,
    "end": 229.64,
    "speaker": "老师",
    "text": "你发现了什么吗？"
  },
  {
    "start": 229.64,
    "end": 230.58,
    "speaker": "老师",
    "text": "不错，"
  },
  {
    "start": 230.76,
    "end": 243.33,
    "speaker": "老师",
    "text": "三角形ADB全等于三角形AEC."
  },
  {
    "start": 243.33,
    "end": 254.55,
    "speaker": "老师",
    "text": "这两个三角形全等的依据又是什么呢？"
  },
  {
    "start": 254.63,
    "end": 259.12,
    "speaker": "老师",
    "text": "很好，"
  },
  {
    "start": 259.12,
    "end": 259.88,
    "speaker": "老师",
    "text": "还是边角边，"
  },
  {
    "start": 259.88,
    "end": 266.56,
    "speaker": "老师",
    "text": "我们在一般化两个等腰三角形，"
  },
  {
    "start": 266.7,
    "end": 279.93,
    "speaker": "老师",
    "text": "他们的顶角a同款连接BD和ce."
  },
  {
    "start": 280.07,
    "end": 285.27,
    "speaker": "老师",
    "text": "请同学们观察这幅图形，"
  },
  {
    "start": 285.27,
    "end": 289.69,
    "speaker": "老师",
    "text": "你又能发现什么吗？"
  },
  {
    "start": 289.69,
    "end": 292.43,
    "speaker": "老师",
    "text": "对了，"
  },
  {
    "start": 292.51,
    "end": 294.05,
    "speaker": "老师",
    "text": "仍然有全等现象。"
  },
  {
    "start": 294.05,
    "end": 303.73,
    "speaker": "老师",
    "text": "那么这两个三角形为什么会全等呢？"
  },
  {
    "start": 303.73,
    "end": 311.63,
    "speaker": "老师",
    "text": "下面老师带领大家一起来证明一下吧。"
  },
  {
    "start": 312.29,
    "end": 323.71,
    "speaker": "老师",
    "text": "已知三角形ABC和三角形ABE都是等腰三角形，"
  },
  {
    "start": 323.71,
    "end": 328.44,
    "speaker": "老师",
    "text": "其中AB等于ACAD等于AE."
  },
  {
    "start": 328.44,
    "end": 336.96,
    "speaker": "老师",
    "text": "并且这两个等腰三角形的顶角角BAC和角DAE相等。"
  },
  {
    "start": 337.24,
    "end": 351.33,
    "speaker": "老师",
    "text": "注意哈手拉手模型等腰三角形的顶角必须要相等，"
  },
  {
    "start": 351.69,
    "end": 367.02,
    "speaker": "老师",
    "text": "求证三角形ABD全等于三角形ACE,"
  },
  {
    "start": 367.1,
    "end": 377.11,
    "speaker": "老师",
    "text": "证明两个三角形全等需要有三组条件。"
  },
  {
    "start": 378.61,
    "end": 386.31,
    "speaker": "老师",
    "text": "我们一起来看一下，"
  },
  {
    "start": 386.35,
    "end": 389.25,
    "speaker": "老师",
    "text": "在这两个三角形中，"
  },
  {
    "start": 389.25,
    "end": 391.41,
    "speaker": "老师",
    "text": "AB等于AC."
  },
  {
    "start": 391.51,
    "end": 394.31,
    "speaker": "老师",
    "text": "这显然是一组条件，"
  },
  {
    "start": 396.06,
    "end": 403.95,
    "speaker": "老师",
    "text": "还有它们的短边AD和AE也对应相等，"
  },
  {
    "start": 404.11,
    "end": 408.15,
    "speaker": "老师",
    "text": "因此就差一组角。"
  },
  {
    "start": 408.21,
    "end": 413.97,
    "speaker": "老师",
    "text": "那么这两个角BAD和COE相等，"
  },
  {
    "start": 414.03,
    "end": 415.81,
    "speaker": "老师",
    "text": "你知道他的道理吗？"
  },
  {
    "start": 416.21,
    "end": 416.69,
    "speaker": "老师",
    "text": "很好，"
  },
  {
    "start": 416.69,
    "end": 418.89,
    "speaker": "老师",
    "text": "因为角一等于角二，"
  },
  {
    "start": 418.89,
    "end": 428.96,
    "speaker": "老师",
    "text": "所以角一加角三等于角二加角三，"
  },
  {
    "start": 428.96,
    "end": 432.04,
    "speaker": "老师",
    "text": "所以角BAD等于角CAE."
  },
  {
    "start": 432.12,
    "end": 444.63,
    "speaker": "老师",
    "text": "这就是在证明手拉手模型全等过程中倒角的一个常用的方法。"
  },
  {
    "start": 444.69,
    "end": 445.45,
    "speaker": "老师",
    "text": "事实上，"
  },
  {
    "start": 445.45,
    "end": 453.95,
    "speaker": "老师",
    "text": "手拉手模型它们全等的依据都是边角边，"
  },
  {
    "start": 453.95,
    "end": 458.77,
    "speaker": "老师",
    "text": "其中唯一要推导的就是这个角了。"
  },
  {
    "start": 458.93,
    "end": 466.39,
    "speaker": "老师",
    "text": "那么要么是用等量加等量和相等来推导，"
  },
  {
    "start": 466.77,
    "end": 472.45,
    "speaker": "老师",
    "text": "要么是用等量减等量差相等来推导，"
  },
  {
    "start": 472.45,
    "end": 476.01,
    "speaker": "老师",
    "text": "加上已知的两组边相等，"
  },
  {
    "start": 476.01,
    "end": 481.11,
    "speaker": "老师",
    "text": "所以就得到三角形BAD,"
  },
  {
    "start": 481.19,
    "end": 485.89,
    "speaker": "老师",
    "text": "全等于三角形CAE,"
  },
  {
    "start": 486.23,
    "end": 488.09,
    "speaker": "老师",
    "text": "依据是边角边，"
  },
  {
    "start": 488.09,
    "end": 490.24,
    "speaker": "老师",
    "text": "对吧？"
  },
  {
    "start": 490.44,
    "end": 491.6,
    "speaker": "老师",
    "text": "好，"
  },
  {
    "start": 491.82,
    "end": 499.0,
    "speaker": "老师",
    "text": "这就是手拉手模型的一个特点。"
  },
  {
    "start": 499.08,
    "end": 508.33,
    "speaker": "老师",
    "text": "当两个等腰三角形的顶角相等且顶角的顶点重合时，"
  },
  {
    "start": 508.33,
    "end": 520.43,
    "speaker": "老师",
    "text": "我们在连接相应的两条线段，"
  },
  {
    "start": 520.49,
    "end": 527.92,
    "speaker": "老师",
    "text": "就可以得到一组全等三角形。"
  },
  {
    "start": 527.92,
    "end": 530.66,
    "speaker": "老师",
    "text": "有了全等三角形。"
  },
  {
    "start": 531.44,
    "end": 545.14,
    "speaker": "老师",
    "text": "那么图中的边或者角就是可以进行转化，"
  },
  {
    "start": 545.5,
    "end": 550.57,
    "speaker": "老师",
    "text": "这也是手拉手模型的作用吧。"
  },
  {
    "start": 550.69,
    "end": 556.81,
    "speaker": "老师",
    "text": "下面我们来看一下两道例题吧。"
  },
  {
    "start": 556.83,
    "end": 558.04,
    "speaker": "老师",
    "text": "第一如图，"
  },
  {
    "start": 558.88,
    "end": 571.06,
    "speaker": "老师",
    "text": "三角形ADC与三角形EDG都为等腰直角三角形，"
  },
  {
    "start": 571.06,
    "end": 584.78,
    "speaker": "老师",
    "text": "且角ADC等于角EDG等于九十度连接AGC一相交于点h第一问求证，"
  },
  {
    "start": 586.46,
    "end": 590.39,
    "speaker": "老师",
    "text": "AG等于c一。"
  },
  {
    "start": 590.55,
    "end": 591.69,
    "speaker": "老师",
    "text": "第二问，"
  },
  {
    "start": 591.89,
    "end": 603.12,
    "speaker": "老师",
    "text": "求证AG垂直c一钢纤板要证明AG等于c该从哪里下手呢？"
  },
  {
    "start": 603.38,
    "end": 603.94,
    "speaker": "老师",
    "text": "很好，"
  },
  {
    "start": 603.94,
    "end": 611.92,
    "speaker": "老师",
    "text": "只要证明三角形ADG全，"
  },
  {
    "start": 611.92,
    "end": 615.89,
    "speaker": "老师",
    "text": "等于三角形CDE即可。"
  },
  {
    "start": 615.95,
    "end": 626.27,
    "speaker": "老师",
    "text": "那么这是两个等腰直角三角形共了直角顶点的一个图。"
  },
  {
    "start": 626.27,
    "end": 633.75,
    "speaker": "老师",
    "text": "所以本图就是一个手拉手模型，"
  },
  {
    "start": 633.75,
    "end": 635.59,
    "speaker": "老师",
    "text": "这两餐还行，"
  },
  {
    "start": 635.59,
    "end": 640.33,
    "speaker": "老师",
    "text": "写的是全等的问题，"
  },
  {
    "start": 640.33,
    "end": 644.86,
    "speaker": "老师",
    "text": "一呢就得到了证定。"
  },
  {
    "start": 644.86,
    "end": 645.96,
    "speaker": "老师",
    "text": "好，"
  },
  {
    "start": 646.04,
    "end": 652.94,
    "speaker": "老师",
    "text": "我们来看一下它的过程。"
  },
  {
    "start": 653.04,
    "end": 661.37,
    "speaker": "老师",
    "text": "首先大家看怎么来倒角三户第一步，"
  },
  {
    "start": 661.37,
    "end": 667.92,
    "speaker": "老师",
    "text": "因为角ADC等于角EDG等于九十度。"
  },
  {
    "start": 668.51,
    "end": 672.18,
    "speaker": "老师",
    "text": "这两个角是直角，"
  },
  {
    "start": 672.18,
    "end": 680.07,
    "speaker": "老师",
    "text": "然后分别加上中间这个角CDG,"
  },
  {
    "start": 680.07,
    "end": 691.35,
    "speaker": "老师",
    "text": "我们把它简称为等量加等量和相等。"
  },
  {
    "start": 691.53,
    "end": 702.06,
    "speaker": "老师",
    "text": "所以角ADG等于角CDE."
  },
  {
    "start": 702.06,
    "end": 710.14,
    "speaker": "老师",
    "text": "同学们会证明这两个角相等的吧，"
  },
  {
    "start": 710.26,
    "end": 716.66,
    "speaker": "老师",
    "text": "接下来就可以直接得到全等。"
  },
  {
    "start": 716.68,
    "end": 724.63,
    "speaker": "老师",
    "text": "其中AD等于CDDG等于DE,"
  },
  {
    "start": 724.63,
    "end": 727.48,
    "speaker": "老师",
    "text": "都是题目的条件，"
  },
  {
    "start": 727.48,
    "end": 732.88,
    "speaker": "老师",
    "text": "他们传在的依据仍然是边角边，"
  },
  {
    "start": 732.88,
    "end": 737.52,
    "speaker": "老师",
    "text": "所以呢AG等于CE."
  },
  {
    "start": 737.52,
    "end": 737.96,
    "speaker": "老师",
    "text": "好，"
  },
  {
    "start": 739.2,
    "end": 743.08,
    "speaker": "老师",
    "text": "第一问就是这样。"
  },
  {
    "start": 743.54,
    "end": 767.53,
    "speaker": "老师",
    "text": "下面我们再来看第二个要求证AG垂直c一证明两条直线垂直，"
  },
  {
    "start": 768.94,
    "end": 783.81,
    "speaker": "老师",
    "text": "我们往往都是来证明它们的夹角等于多少度啊，"
  },
  {
    "start": 783.81,
    "end": 786.89,
    "speaker": "老师",
    "text": "等于九十度。"
  },
  {
    "start": 788.3,
    "end": 791.12,
    "speaker": "老师",
    "text": "也就是说，"
  },
  {
    "start": 791.14,
    "end": 802.38,
    "speaker": "老师",
    "text": "同学们要证明角AHC等于九十度就可以了。"
  },
  {
    "start": 802.38,
    "end": 806.5,
    "speaker": "老师",
    "text": "那么如何来证明角AHC等于九十度的？"
  },
  {
    "start": 807.3,
    "end": 815.82,
    "speaker": "老师",
    "text": "来请看小红的分析。"
  },
  {
    "start": 815.94,
    "end": 831.77,
    "speaker": "老师",
    "text": "首先利用全等三角形对应角相等，"
  },
  {
    "start": 831.77,
    "end": 835.08,
    "speaker": "老师",
    "text": "有角一等于角二，"
  },
  {
    "start": 835.08,
    "end": 850.95,
    "speaker": "老师",
    "text": "然后可以利用图中的八字形结合三角形内角和来证明我现在小红所说的八字形，"
  },
  {
    "start": 850.95,
    "end": 859.97,
    "speaker": "老师",
    "text": "就是屏幕中这两个绿色的三角形，"
  },
  {
    "start": 859.99,
    "end": 867.55,
    "speaker": "老师",
    "text": "他们像不像一个八字呢？"
  },
  {
    "start": 867.57,
    "end": 881.88,
    "speaker": "老师",
    "text": "小红所说的八字形是怎么来证明角AHC等于九十度的呢？"
  },
  {
    "start": 881.98,
    "end": 885.35,
    "speaker": "老师",
    "text": "大家请看黑板，"
  },
  {
    "start": 885.51,
    "end": 900.8,
    "speaker": "老师",
    "text": "因为角一加角AOB加角ADO等于多少度啊？"
  },
  {
    "start": 901.06,
    "end": 913.15,
    "speaker": "老师",
    "text": "对一百八十度角二加角COG加角c h a等于一百八十度，"
  },
  {
    "start": 913.71,
    "end": 935.69,
    "speaker": "老师",
    "text": "而角一等于角二角AOD呢又等于角COG对应着大家请看角一等于角二角AOD和角COG是对顶角也相等。"
  },
  {
    "start": 935.69,
    "end": 942.75,
    "speaker": "老师",
    "text": "因此我们就可以得到什么结论。"
  },
  {
    "start": 942.75,
    "end": 945.87,
    "speaker": "老师",
    "text": "对了，"
  },
  {
    "start": 946.61,
    "end": 954.32,
    "speaker": "老师",
    "text": "我们可以得到角CHA等于角ADO等于九十度了，"
  },
  {
    "start": 954.32,
    "end": 958.15,
    "speaker": "老师",
    "text": "从而就说明AG垂直CE,"
  },
  {
    "start": 958.15,
    "end": 960.17,
    "speaker": "老师",
    "text": "这是这道题的部分过程。"
  },
  {
    "start": 960.17,
    "end": 968.31,
    "speaker": "老师",
    "text": "其中利用了八字形来导脚下蹬，"
  },
  {
    "start": 968.31,
    "end": 971.73,
    "speaker": "老师",
    "text": "希望大家要引起中医一起注意。"
  },
  {
    "start": 971.75,
    "end": 972.05,
    "speaker": "老师",
    "text": "好，"
  },
  {
    "start": 972.05,
    "end": 980.03,
    "speaker": "老师",
    "text": "下面我们再来看第二个例子。"
  },
  {
    "start": 980.69,
    "end": 992.11,
    "speaker": "老师",
    "text": "如果在直线AB的同一侧做三角形ABD和三角形BCE,"
  },
  {
    "start": 992.11,
    "end": 1002.53,
    "speaker": "老师",
    "text": "三角形ABD和三角形BCE都是等边三角形。"
  },
  {
    "start": 1002.55,
    "end": 1014.46,
    "speaker": "老师",
    "text": "连接a一CD相交于点h一求证a一等于DC啊，"
  },
  {
    "start": 1014.46,
    "end": 1030.44,
    "speaker": "老师",
    "text": "连接HB求证HB平分角AHC发现没题目，"
  },
  {
    "start": 1030.5,
    "end": 1042.7,
    "speaker": "老师",
    "text": "已知了两个等边三角形，"
  },
  {
    "start": 1044.73,
    "end": 1061.4,
    "speaker": "老师",
    "text": "而且这两个等边三角形有一个公共的顶点b所以他是不是本节课的手拉手模型呢？"
  },
  {
    "start": 1061.4,
    "end": 1062.3,
    "speaker": "老师",
    "text": "很好，"
  },
  {
    "start": 1062.54,
    "end": 1065.9,
    "speaker": "老师",
    "text": "这就是一个手拉手模型。"
  },
  {
    "start": 1065.9,
    "end": 1075.53,
    "speaker": "老师",
    "text": "那么手拉手模型它是有一组全等三角形的。"
  },
  {
    "start": 1075.61,
    "end": 1077.63,
    "speaker": "老师",
    "text": "在这几个图中，"
  },
  {
    "start": 1077.63,
    "end": 1085.75,
    "speaker": "老师",
    "text": "哪两个三角形明显全等吧？"
  },
  {
    "start": 1085.93,
    "end": 1087.47,
    "speaker": "老师",
    "text": "很好，"
  },
  {
    "start": 1087.49,
    "end": 1098.91,
    "speaker": "老师",
    "text": "就是三角形ABE和三角形DBC全等，"
  },
  {
    "start": 1098.91,
    "end": 1099.85,
    "speaker": "老师",
    "text": "对吧？"
  },
  {
    "start": 1099.99,
    "end": 1105.88,
    "speaker": "老师",
    "text": "我们所到的守活型一定都有这样的权等啊，"
  },
  {
    "start": 1105.88,
    "end": 1113.22,
    "speaker": "老师",
    "text": "当然在这个图中可能还有别的三角形全等，"
  },
  {
    "start": 1113.22,
    "end": 1115.72,
    "speaker": "老师",
    "text": "我们暂时不用理会。"
  },
  {
    "start": 1115.72,
    "end": 1121.75,
    "speaker": "老师",
    "text": "我们是怎么来证明出这两个钝角三角形全等的呢？"
  },
  {
    "start": 1121.75,
    "end": 1126.84,
    "speaker": "老师",
    "text": "大家请看啊，"
  },
  {
    "start": 1126.88,
    "end": 1146.83,
    "speaker": "老师",
    "text": "它同样是什么爹角边其中边指的是AAB等于DB,"
  },
  {
    "start": 1146.83,
    "end": 1158.71,
    "speaker": "老师",
    "text": "这两个钝角三角形的中边对相等，"
  },
  {
    "start": 1158.71,
    "end": 1168.29,
    "speaker": "老师",
    "text": "而角指的是角ABE和角BBC相等，"
  },
  {
    "start": 1168.35,
    "end": 1175.96,
    "speaker": "老师",
    "text": "这两钝角都等于一百二十度，"
  },
  {
    "start": 1175.96,
    "end": 1178.58,
    "speaker": "老师",
    "text": "以及BAEB等于CB,"
  },
  {
    "start": 1192.19,
    "end": 1195.37,
    "speaker": "老师",
    "text": "它们的短边也对应相等，"
  },
  {
    "start": 1195.37,
    "end": 1207.14,
    "speaker": "老师",
    "text": "所以这两个三角形全等好显摆。"
  },
  {
    "start": 1210.36,
    "end": 1211.0,
    "speaker": "老师",
    "text": "第一问，"
  },
  {
    "start": 1211.0,
    "end": 1212.36,
    "speaker": "老师",
    "text": "听懂了吗？"
  },
  {
    "start": 1216.0,
    "end": 1220.1,
    "speaker": "老师",
    "text": "我们再来看第二问，"
  },
  {
    "start": 1220.1,
    "end": 1230.04,
    "speaker": "老师",
    "text": "连接HB求证HB平分角AHC这个问题有一定的挑战。"
  },
  {
    "start": 1233.5,
    "end": 1238.6,
    "speaker": "老师",
    "text": "那么小明他说可以利用角平分线的判定定理来证。"
  },
  {
    "start": 1238.6,
    "end": 1247.72,
    "speaker": "老师",
    "text": "那么角平分线的判定定理是如何说的呢？"
  },
  {
    "start": 1250.77,
    "end": 1254.52,
    "speaker": "老师",
    "text": "请同学们再复述一遍，"
  },
  {
    "start": 1254.52,
    "end": 1262.35,
    "speaker": "老师",
    "text": "在脚的内部到角两边距离相等的点在这个角的平分线上，"
  },
  {
    "start": 1262.35,
    "end": 1275.95,
    "speaker": "老师",
    "text": "为了证明HB是角AHC的平分线，"
  },
  {
    "start": 1275.95,
    "end": 1286.92,
    "speaker": "老师",
    "text": "我们可以去探究对b到角AHC的两边的距离是否相等。"
  },
  {
    "start": 1286.92,
    "end": 1291.52,
    "speaker": "老师",
    "text": "假如相等由判定定理就可以证出，"
  },
  {
    "start": 1292.27,
    "end": 1293.97,
    "speaker": "老师",
    "text": "它是角平分线了。"
  },
  {
    "start": 1293.97,
    "end": 1305.16,
    "speaker": "老师",
    "text": "同学白为了要证明点b到角两边的距离相等，"
  },
  {
    "start": 1305.16,
    "end": 1313.45,
    "speaker": "老师",
    "text": "所以我们要把这两个距离画出来，"
  },
  {
    "start": 1313.45,
    "end": 1318.9,
    "speaker": "老师",
    "text": "同学们怎么能画出这两个距离呢？"
  },
  {
    "start": 1319.2,
    "end": 1327.01,
    "speaker": "老师",
    "text": "很好过点b做AH的垂线以及CH的垂线。"
  },
  {
    "start": 1327.15,
    "end": 1331.97,
    "speaker": "老师",
    "text": "当我们证明出BP等于BQ的时候，"
  },
  {
    "start": 1332.07,
    "end": 1346.81,
    "speaker": "老师",
    "text": "就可以得到HD平分角AHC这个问题就转化成如何来证明BP等于BQ了。"
  },
  {
    "start": 1347.27,
    "end": 1353.15,
    "speaker": "老师",
    "text": "可是bp为什么不等于BQ呢？"
  },
  {
    "start": 1353.17,
    "end": 1358.15,
    "speaker": "老师",
    "text": "或许有些同学已经有了自己的思路，"
  },
  {
    "start": 1358.15,
    "end": 1360.6,
    "speaker": "老师",
    "text": "可能有同学这样想，"
  },
  {
    "start": 1360.6,
    "end": 1374.47,
    "speaker": "老师",
    "text": "是不是证明三角形ABP全等于三角形DBQ啊，"
  },
  {
    "start": 1374.87,
    "end": 1380.19,
    "speaker": "老师",
    "text": "请问这个思路可行吗？"
  },
  {
    "start": 1380.95,
    "end": 1382.83,
    "speaker": "老师",
    "text": "当然可行。"
  },
  {
    "start": 1382.83,
    "end": 1403.59,
    "speaker": "老师",
    "text": "由第一问我们已经证明出两个对的方形全等角BAP自然而然等于角BDQ了。"
  },
  {
    "start": 1403.59,
    "end": 1412.26,
    "speaker": "老师",
    "text": "而且这两个三角形是直角三角形，"
  },
  {
    "start": 1412.78,
    "end": 1419.31,
    "speaker": "老师",
    "text": "它们还有一种直角相等，"
  },
  {
    "start": 1419.31,
    "end": 1420.05,
    "speaker": "老师",
    "text": "对吧？"
  },
  {
    "start": 1420.05,
    "end": 1422.57,
    "speaker": "老师",
    "text": "并且还有什么条件啊？"
  },
  {
    "start": 1422.57,
    "end": 1422.93,
    "speaker": "老师",
    "text": "对，"
  },
  {
    "start": 1422.93,
    "end": 1429.41,
    "speaker": "老师",
    "text": "AB等于DB,"
  },
  {
    "start": 1429.41,
    "end": 1443.42,
    "speaker": "老师",
    "text": "所以证明三角形ABP全等于三角形ABQ是完全可行的。"
  },
  {
    "start": 1444.14,
    "end": 1454.28,
    "speaker": "老师",
    "text": "但是老师呢想给大家带来一种不同的阵法。"
  },
  {
    "start": 1454.74,
    "end": 1456.6,
    "speaker": "老师",
    "text": "瞧了老师，"
  },
  {
    "start": 1456.76,
    "end": 1463.79,
    "speaker": "老师",
    "text": "根据三角形全等得到了另外一种结论，"
  },
  {
    "start": 1464.37,
    "end": 1486.3,
    "speaker": "老师",
    "text": "就是这两个三角形的面积相等角等三角形它是能够完全重合的两个三角形，"
  },
  {
    "start": 1486.54,
    "end": 1489.81,
    "speaker": "老师",
    "text": "它们的面积当然相等了。"
  },
  {
    "start": 1492.8,
    "end": 1499.05,
    "speaker": "老师",
    "text": "再看所以二分之一乘a一乘，"
  },
  {
    "start": 1499.13,
    "end": 1504.99,
    "speaker": "老师",
    "text": "b撇等于二分之一乘DC乘BQ左边表示，"
  },
  {
    "start": 1505.47,
    "end": 1510.35,
    "speaker": "老师",
    "text": "三角形ABE的面积，"
  },
  {
    "start": 1511.03,
    "end": 1512.22,
    "speaker": "老师",
    "text": "右边表示，"
  },
  {
    "start": 1513.02,
    "end": 1517.32,
    "speaker": "老师",
    "text": "三角形ADBC的面积，"
  },
  {
    "start": 1517.4,
    "end": 1522.77,
    "speaker": "老师",
    "text": "他们面积相等，"
  },
  {
    "start": 1522.87,
    "end": 1527.78,
    "speaker": "老师",
    "text": "所以得到这样一个等式，"
  },
  {
    "start": 1527.78,
    "end": 1539.19,
    "speaker": "老师",
    "text": "其中AE和DC相等。"
  },
  {
    "start": 1539.19,
    "end": 1543.61,
    "speaker": "老师",
    "text": "我们第一问已经真了，"
  },
  {
    "start": 1543.61,
    "end": 1548.27,
    "speaker": "老师",
    "text": "两个三角形面积相等，"
  },
  {
    "start": 1548.27,
    "end": 1549.93,
    "speaker": "老师",
    "text": "底面相等，"
  },
  {
    "start": 1549.99,
    "end": 1556.64,
    "speaker": "老师",
    "text": "所以他们的高呢不就相等了吗？"
  },
  {
    "start": 1558.42,
    "end": 1560.32,
    "speaker": "老师",
    "text": "也就这种阵法，"
  },
  {
    "start": 1560.74,
    "end": 1565.96,
    "speaker": "老师",
    "text": "他绕开了全等啊，"
  },
  {
    "start": 1565.96,
    "end": 1574.47,
    "speaker": "老师",
    "text": "我们把它叫做面积法吧。"
  },
  {
    "start": 1574.51,
    "end": 1574.87,
    "speaker": "老师",
    "text": "好，"
  },
  {
    "start": 1574.87,
    "end": 1580.61,
    "speaker": "老师",
    "text": "关于手拉手模型的基本的应用，"
  },
  {
    "start": 1580.61,
    "end": 1582.09,
    "speaker": "老师",
    "text": "我们就讲到这里。"
  },
  {
    "start": 1582.09,
    "end": 1590.4,
    "speaker": "老师",
    "text": "接下来老师来给大家出一道思考题，"
  },
  {
    "start": 1590.58,
    "end": 1591.26,
    "speaker": "老师",
    "text": "请看题。"
  },
  {
    "start": 1591.26,
    "end": 1591.6,
    "speaker": "老师",
    "text": "如图，"
  },
  {
    "start": 1591.6,
    "end": 1594.87,
    "speaker": "老师",
    "text": "在四边形ABCD中，"
  },
  {
    "start": 1594.87,
    "end": 1608.93,
    "speaker": "老师",
    "text": "AD等于三CD等于二角ABC等于角ACB等于角ADC等于四十五度求BD的长。"
  },
  {
    "start": 1611.72,
    "end": 1617.77,
    "speaker": "老师",
    "text": "这道题目它给了两个四十五度角，"
  },
  {
    "start": 1617.77,
    "end": 1632.85,
    "speaker": "老师",
    "text": "所以我们要想到三角形ABC是什么三角形呢？"
  },
  {
    "start": 1632.85,
    "end": 1634.52,
    "speaker": "老师",
    "text": "很好，"
  },
  {
    "start": 1635.63,
    "end": 1646.71,
    "speaker": "老师",
    "text": "三角形ABC是等腰直角三角形，"
  },
  {
    "start": 1646.73,
    "end": 1655.72,
    "speaker": "老师",
    "text": "我们再来观察题目的条件和所要求的线段的位置关系。"
  },
  {
    "start": 1655.72,
    "end": 1666.01,
    "speaker": "老师",
    "text": "Dadc已知BB要求这三条线段都是从d点发出的线段，"
  },
  {
    "start": 1666.01,
    "end": 1669.52,
    "speaker": "老师",
    "text": "他们过于集中，"
  },
  {
    "start": 1669.52,
    "end": 1670.76,
    "speaker": "老师",
    "text": "不好处理，"
  },
  {
    "start": 1670.76,
    "end": 1671.6,
    "speaker": "老师",
    "text": "是不是？"
  },
  {
    "start": 1671.6,
    "end": 1679.3,
    "speaker": "老师",
    "text": "如果我们能够把某些线段转移出去，"
  },
  {
    "start": 1679.3,
    "end": 1682.65,
    "speaker": "老师",
    "text": "让某些线段组成三角形，"
  },
  {
    "start": 1682.65,
    "end": 1688.4,
    "speaker": "老师",
    "text": "或许问题就可以得到解决。"
  },
  {
    "start": 1688.4,
    "end": 1689.12,
    "speaker": "老师",
    "text": "因此，"
  },
  {
    "start": 1689.12,
    "end": 1696.65,
    "speaker": "老师",
    "text": "本题的关键是要把某些线段进行转移，"
  },
  {
    "start": 1696.65,
    "end": 1705.6,
    "speaker": "老师",
    "text": "而手拉手模型它恰好具备这个功能。"
  },
  {
    "start": 1706.44,
    "end": 1712.72,
    "speaker": "老师",
    "text": "但是如何来构造手拉手模型呢？"
  },
  {
    "start": 1712.72,
    "end": 1725.08,
    "speaker": "老师",
    "text": "三角形ABC是等腰直角三角形，"
  },
  {
    "start": 1725.08,
    "end": 1731.98,
    "speaker": "老师",
    "text": "这具有一个非常强烈的提示吧。"
  },
  {
    "start": 1731.98,
    "end": 1732.86,
    "speaker": "老师",
    "text": "同学们回忆一下，"
  },
  {
    "start": 1732.86,
    "end": 1738.68,
    "speaker": "老师",
    "text": "手拉手模型都是由两个等腰三角形造成的，"
  },
  {
    "start": 1738.68,
    "end": 1742.04,
    "speaker": "老师",
    "text": "而且是它们的顶角顶点如何？"
  },
  {
    "start": 1742.06,
    "end": 1750.21,
    "speaker": "老师",
    "text": "三角形ABC是等腰直角三角形，"
  },
  {
    "start": 1750.21,
    "end": 1752.97,
    "speaker": "老师",
    "text": "甲CAB是比较。"
  },
  {
    "start": 1752.97,
    "end": 1755.41,
    "speaker": "老师",
    "text": "因此我们要怎么样呢？"
  },
  {
    "start": 1755.41,
    "end": 1763.79,
    "speaker": "老师",
    "text": "我们要在a点这个位置处再构造一个，"
  },
  {
    "start": 1764.73,
    "end": 1770.29,
    "speaker": "老师",
    "text": "还是以a为直角平点的等腰直角三角形。"
  },
  {
    "start": 1770.47,
    "end": 1770.91,
    "speaker": "老师",
    "text": "因此，"
  },
  {
    "start": 1770.91,
    "end": 1779.32,
    "speaker": "老师",
    "text": "显然最好的选择就是以AD为边来构造一个等腰直角三角形。"
  },
  {
    "start": 1779.34,
    "end": 1780.62,
    "speaker": "老师",
    "text": "同学们，"
  },
  {
    "start": 1780.62,
    "end": 1781.6,
    "speaker": "老师",
    "text": "你想到了吗？"
  },
  {
    "start": 1781.62,
    "end": 1787.27,
    "speaker": "老师",
    "text": "当我们以AD为直角边，"
  },
  {
    "start": 1787.29,
    "end": 1796.71,
    "speaker": "老师",
    "text": "作为一个等腰直角三角形DAE的时候，"
  },
  {
    "start": 1796.71,
    "end": 1799.18,
    "speaker": "老师",
    "text": "首拉手模型是是有的，"
  },
  {
    "start": 1799.87,
    "end": 1807.97,
    "speaker": "老师",
    "text": "两个等于腰直角三角形共挡直角顶点a可是呢有没有全等三角形的？"
  },
  {
    "start": 1808.29,
    "end": 1810.59,
    "speaker": "老师",
    "text": "显然目前没有说明，"
  },
  {
    "start": 1810.59,
    "end": 1815.19,
    "speaker": "老师",
    "text": "我们还要添加一条辅助线，"
  },
  {
    "start": 1815.19,
    "end": 1819.4,
    "speaker": "老师",
    "text": "请问还要添加哪条线是吧？"
  },
  {
    "start": 1819.48,
    "end": 1823.6,
    "speaker": "老师",
    "text": "连接z这个时候有没有全等三角形呢？"
  },
  {
    "start": 1824.2,
    "end": 1828.62,
    "speaker": "老师",
    "text": "对三角形ABD和三角形ACE全等失败，"
  },
  {
    "start": 1828.62,
    "end": 1832.2,
    "speaker": "老师",
    "text": "然后呢我们带来计算出DE的长，"
  },
  {
    "start": 1832.22,
    "end": 1837.98,
    "speaker": "老师",
    "text": "再来计算出DE的长。"
  },
  {
    "start": 1837.98,
    "end": 1843.64,
    "speaker": "老师",
    "text": "三角形ADE是一个等腰直角三角形，"
  },
  {
    "start": 1843.86,
    "end": 1846.72,
    "speaker": "老师",
    "text": "AD的长度为三，"
  },
  {
    "start": 1846.72,
    "end": 1849.12,
    "speaker": "老师",
    "text": "那么它的斜边可以扫出来三倍。"
  },
  {
    "start": 1849.12,
    "end": 1849.62,
    "speaker": "老师",
    "text": "等好啊，"
  },
  {
    "start": 1849.62,
    "end": 1851.46,
    "speaker": "老师",
    "text": "b的长就求出来了。"
  },
  {
    "start": 1852.53,
    "end": 1855.83,
    "speaker": "老师",
    "text": "当然我们最终目的是要求DB的长，"
  },
  {
    "start": 1855.91,
    "end": 1856.79,
    "speaker": "老师",
    "text": "这个DB的长，"
  },
  {
    "start": 1856.83,
    "end": 1859.69,
    "speaker": "老师",
    "text": "它是可以转化成求EC的长，"
  },
  {
    "start": 1859.69,
    "end": 1860.49,
    "speaker": "老师",
    "text": "对吧？"
  },
  {
    "start": 1860.53,
    "end": 1863.69,
    "speaker": "老师",
    "text": "根据全等EC的长，"
  },
  {
    "start": 1863.69,
    "end": 1868.16,
    "speaker": "老师",
    "text": "求出来问题就可以解决了。"
  },
  {
    "start": 1868.16,
    "end": 1868.9,
    "speaker": "老师",
    "text": "同学们，"
  },
  {
    "start": 1868.9,
    "end": 1871.32,
    "speaker": "老师",
    "text": "b一的长已知了，"
  },
  {
    "start": 1871.32,
    "end": 1873.87,
    "speaker": "老师",
    "text": "怎么能求EC不长呢？"
  },
  {
    "start": 1873.87,
    "end": 1875.32,
    "speaker": "老师",
    "text": "哎，"
  },
  {
    "start": 1875.32,
    "end": 1876.48,
    "speaker": "老师",
    "text": "第一个c长液已知吧，"
  },
  {
    "start": 1876.48,
    "end": 1878.26,
    "speaker": "老师",
    "text": "你想到了什么？"
  },
  {
    "start": 1878.26,
    "end": 1878.96,
    "speaker": "老师",
    "text": "对，"
  },
  {
    "start": 1879.04,
    "end": 1886.03,
    "speaker": "老师",
    "text": "实际上我们还要探究探究什么角EDC等于九十度。"
  },
  {
    "start": 1886.21,
    "end": 1889.89,
    "speaker": "老师",
    "text": "这两个角为什么是九十度呢？"
  },
  {
    "start": 1890.07,
    "end": 1890.73,
    "speaker": "老师",
    "text": "很好，"
  },
  {
    "start": 1890.89,
    "end": 1895.67,
    "speaker": "老师",
    "text": "因为角EDA等于四十五度，"
  },
  {
    "start": 1895.67,
    "end": 1899.21,
    "speaker": "老师",
    "text": "角ADC题目也给了三十五度，"
  },
  {
    "start": 1899.21,
    "end": 1902.33,
    "speaker": "老师",
    "text": "四十五加四十五等于九十。"
  },
  {
    "start": 1902.33,
    "end": 1908.18,
    "speaker": "老师",
    "text": "所以三角形CDE啊是一个直角三角形，"
  },
  {
    "start": 1908.3,
    "end": 1915.62,
    "speaker": "老师",
    "text": "它的两条直角边已知那么斜边CE的就求出它了。"
  },
  {
    "start": 1915.62,
    "end": 1918.34,
    "speaker": "老师",
    "text": "De的平方等于一十八，"
  },
  {
    "start": 1918.34,
    "end": 1920.93,
    "speaker": "老师",
    "text": "DC的平方等于四，"
  },
  {
    "start": 1920.93,
    "end": 1923.71,
    "speaker": "老师",
    "text": "这两条直角边的平方和等于二十二，"
  },
  {
    "start": 1923.97,
    "end": 1926.59,
    "speaker": "老师",
    "text": "所以斜边EC等于根号二十二，"
  },
  {
    "start": 1926.59,
    "end": 1929.07,
    "speaker": "老师",
    "text": "所以DB也就等于根号二十二，"
  },
  {
    "start": 1929.07,
    "end": 1933.46,
    "speaker": "老师",
    "text": "问题就得到了解决。"
  },
  {
    "start": 1933.46,
    "end": 1933.78,
    "speaker": "老师",
    "text": "好，"
  },
  {
    "start": 1933.78,
    "end": 1935.9,
    "speaker": "老师",
    "text": "这是老师的分析，"
  },
  {
    "start": 1935.9,
    "end": 1938.5,
    "speaker": "老师",
    "text": "那么过程请同学们课后把它写出来。"
  },
  {
    "start": 1938.5,
    "end": 1941.39,
    "speaker": "老师",
    "text": "如果你来不及抄题的话，"
  },
  {
    "start": 1941.04,
    "end": 1941.39,
    "speaker": "老师",
    "text": "同学们可以通过回看再来解题。"
  },
  {
    "start": 1941.04,
    "end": 1941.39,
    "speaker": "老师",
    "text": "当然，"
  },
  {
    "start": 1941.04,
    "end": 1941.39,
    "speaker": "老师",
    "text": "老师还要给出一道思考题，"
  },
  {
    "start": 1941.04,
    "end": 1941.39,
    "speaker": "老师",
    "text": "在四边形ABCD中连接ACBD."
  },
  {
    "start": 1941.04,
    "end": 1941.39,
    "speaker": "老师",
    "text": "已知三角形ABC是等边三角形角，"
  },
  {
    "start": 1941.04,
    "end": 1941.39,
    "speaker": "老师",
    "text": "ABC是三十度，"
  },
  {
    "start": 1941.04,
    "end": 1941.39,
    "speaker": "老师",
    "text": "并且AD等于四点五，"
  },
  {
    "start": 1941.04,
    "end": 1941.39,
    "speaker": "老师",
    "text": "BD等于七点五，"
  },
  {
    "start": 1941.04,
    "end": 1941.39,
    "speaker": "老师",
    "text": "求CD的长。"
  },
  {
    "start": 1941.04,
    "end": 1941.39,
    "speaker": "老师",
    "text": "对于这个问题，"
  },
  {
    "start": 1941.04,
    "end": 1941.39,
    "speaker": "老师",
    "text": "同学们同样的把它截屏，"
  },
  {
    "start": 1941.04,
    "end": 1941.39,
    "speaker": "老师",
    "text": "然后课后思考。"
  },
  {
    "start": 1941.04,
    "end": 1941.39,
    "speaker": "老师",
    "text": "最后我们来总结一下，"
  },
  {
    "start": 1941.04,
    "end": 1941.39,
    "speaker": "老师",
    "text": "手拉手模型是由两个共顶点且顶角相等的等腰三角形组成，"
  },
  {
    "start": 1941.04,
    "end": 1941.39,
    "speaker": "老师",
    "text": "在相对位置变化的同时，"
  },
  {
    "start": 1941.04,
    "end": 1941.39,
    "speaker": "老师",
    "text": "始终存在一对全等三角形。"
  },
  {
    "start": 1941.04,
    "end": 1941.39,
    "speaker": "老师",
    "text": "这是什么意思呢？"
  },
  {
    "start": 1941.04,
    "end": 1941.39,
    "speaker": "老师",
    "text": "就是把三角形ADE绕点a旋转，"
  },
  {
    "start": 1941.04,
    "end": 1941.39,
    "speaker": "老师",
    "text": "始终会有全等现象啊，"
  },
  {
    "start": 1941.04,
    "end": 1941.39,
    "speaker": "老师",
    "text": "哪两三全等也就是三角形ADB和三角形AEC全等啊，"
  },
  {
    "start": 1941.04,
    "end": 1941.39,
    "speaker": "老师",
    "text": "这点大家不要忽略了，"
  },
  {
    "start": 1941.04,
    "end": 1941.39,
    "speaker": "老师",
    "text": "这是我们手拉手模型最重要一个结论，"
  },
  {
    "start": 1941.04,
    "end": 1941.39,
    "speaker": "老师",
    "text": "对吧？"
  },
  {
    "start": 1941.04,
    "end": 1941.39,
    "speaker": "老师",
    "text": "如果把小等腰三角形的腰看作小手，"
  },
  {
    "start": 1941.04,
    "end": 1941.39,
    "speaker": "老师",
    "text": "大等腰三角形的腰看作大手两个等腰三角形具有公共的顶点，"
  },
  {
    "start": 1941.04,
    "end": 1941.39,
    "speaker": "老师",
    "text": "并且顶角相等，"
  },
  {
    "start": 1941.04,
    "end": 1941.39,
    "speaker": "老师",
    "text": "类似于小手拉大手，"
  },
  {
    "start": 1941.04,
    "end": 1941.39,
    "speaker": "老师",
    "text": "这个模型称为手拉手模型。"
  },
  {
    "start": 1941.04,
    "end": 1941.39,
    "speaker": "老师",
    "text": "啊，"
  },
  {
    "start": 1941.04,
    "end": 1941.39,
    "speaker": "老师",
    "text": "小手拉大手，"
  },
  {
    "start": 1941.04,
    "end": 1941.39,
    "speaker": "老师",
    "text": "你看这个三角形看的大小，"
  },
  {
    "start": 1941.04,
    "end": 1941.39,
    "speaker": "老师",
    "text": "那个小的一样才行。"
  },
  {
    "start": 1941.04,
    "end": 1941.39,
    "speaker": "老师",
    "text": "那个小手，"
  },
  {
    "start": 1941.04,
    "end": 1941.39,
    "speaker": "老师",
    "text": "它就像小手拉着大手手拉手模型与旋转变换有关。"
  },
  {
    "start": 1941.04,
    "end": 1941.39,
    "speaker": "老师",
    "text": "出现等腰三角形或等腰直角三角形，"
  },
  {
    "start": 1941.04,
    "end": 1941.39,
    "speaker": "老师",
    "text": "且需要转移线段时可考虑构造子模型。"
  },
  {
    "start": 1941.04,
    "end": 1941.39,
    "speaker": "老师",
    "text": "事实上，"
  },
  {
    "start": 1941.04,
    "end": 1941.39,
    "speaker": "老师",
    "text": "三角形ADB和三角形AC,"
  },
  {
    "start": 1941.04,
    "end": 1941.39,
    "speaker": "老师",
    "text": "它们不仅是一种转等关系，"
  },
  {
    "start": 1941.04,
    "end": 1941.39,
    "speaker": "老师",
    "text": "它们也是一种旋转变换的关系。"
  },
  {
    "start": 1941.04,
    "end": 1941.39,
    "speaker": "老师",
    "text": "同学们可以想象一下，"
  },
  {
    "start": 1941.04,
    "end": 1941.39,
    "speaker": "老师",
    "text": "把三角形ABD绕点a逆时针旋转一定的角度就可以得到三角形ACE."
  },
  {
    "start": 1941.04,
    "end": 1941.39,
    "speaker": "老师",
    "text": "用旋热的变换的观点来观察这两个全等三角形啊，"
  },
  {
    "start": 1941.04,
    "end": 1941.39,
    "speaker": "老师",
    "text": "我们可以更容易找到它们的对应关系，"
  },
  {
    "start": 1941.04,
    "end": 1941.39,
    "speaker": "老师",
    "text": "以及更容易理解图形的结构的。"
  },
  {
    "start": 1941.04,
    "end": 1941.39,
    "speaker": "老师",
    "text": "啊，"
  },
  {
    "start": 1941.04,
    "end": 1941.39,
    "speaker": "老师",
    "text": "希望同学们也引起重视。"
  },
  {
    "start": 1941.04,
    "end": 1941.39,
    "speaker": "老师",
    "text": "好，"
  },
  {
    "start": 1941.04,
    "end": 1941.39,
    "speaker": "老师",
    "text": "本节课就上到这里。"
  },
  {
    "start": 1941.04,
    "end": 1941.39,
    "speaker": "老师",
    "text": "那么我们还有什么疑问的啊？"
  },
  {
    "start": 1941.04,
    "end": 1941.39,
    "speaker": "老师",
    "text": "事实上除了手拉手模型，"
  },
  {
    "start": 1941.04,
    "end": 1941.39,
    "speaker": "老师",
    "text": "还有很多有趣的几何模型。"
  },
  {
    "start": 1941.04,
    "end": 1941.39,
    "speaker": "老师",
    "text": "好，"
  },
  {
    "start": 1941.04,
    "end": 1941.39,
    "speaker": "老师",
    "text": "今天的作业。"
  }
]