[
  {
    "start": 4.04,
    "end": 9.9,
    "speaker": "老师",
    "text": "嗯，"
  },
  {
    "start": 9.9,
    "end": 10.92,
    "speaker": "老师",
    "text": "同学们好，"
  },
  {
    "start": 10.92,
    "end": 15.06,
    "speaker": "老师",
    "text": "我是来自南昌三中青云谱校区的桂老师。"
  },
  {
    "start": 15.06,
    "end": 16.36,
    "speaker": "老师",
    "text": "接下来两天，"
  },
  {
    "start": 16.36,
    "end": 22.46,
    "speaker": "老师",
    "text": "我将与同学们一起对书本上习题十九点二的内容进行学习。"
  },
  {
    "start": 22.46,
    "end": 24.6,
    "speaker": "老师",
    "text": "今天是第一课时，"
  },
  {
    "start": 24.72,
    "end": 27.36,
    "speaker": "老师",
    "text": "这节课呢分为三个环节。"
  },
  {
    "start": 27.36,
    "end": 32.08,
    "speaker": "老师",
    "text": "第一个环节是一次函数解析式的确定。"
  },
  {
    "start": 32.18,
    "end": 36.52,
    "speaker": "老师",
    "text": "第二个环节是两个一次函数的碰撞。"
  },
  {
    "start": 36.52,
    "end": 43.16,
    "speaker": "老师",
    "text": "第三个环节是函数图像的碰撞。"
  },
  {
    "start": 43.26,
    "end": 45.76,
    "speaker": "老师",
    "text": "首先进入第一环节，"
  },
  {
    "start": 45.84,
    "end": 49.45,
    "speaker": "老师",
    "text": "课本九十九页的第六题，"
  },
  {
    "start": 50.24,
    "end": 58.3,
    "speaker": "老师",
    "text": "已知一次函数y等于KX加b当x等于二时y的值为四，"
  },
  {
    "start": 58.66,
    "end": 61.49,
    "speaker": "老师",
    "text": "当x等于负二时，"
  },
  {
    "start": 61.93,
    "end": 63.27,
    "speaker": "老师",
    "text": "y的值为负二，"
  },
  {
    "start": 63.55,
    "end": 66.31,
    "speaker": "老师",
    "text": "求k与b看完题之后，"
  },
  {
    "start": 66.31,
    "end": 71.73,
    "speaker": "老师",
    "text": "同学们应该知道这题考察的是待定系数法，"
  },
  {
    "start": 71.73,
    "end": 74.71,
    "speaker": "老师",
    "text": "求一次函数解析式的问题。"
  },
  {
    "start": 74.71,
    "end": 84.61,
    "speaker": "老师",
    "text": "那么你能回顾一下待定系数法，"
  },
  {
    "start": 85.29,
    "end": 90.95,
    "speaker": "老师",
    "text": "求一次函数解析式的一般步骤吗？"
  },
  {
    "start": 91.55,
    "end": 92.15,
    "speaker": "老师",
    "text": "啊，"
  },
  {
    "start": 92.15,
    "end": 93.09,
    "speaker": "老师",
    "text": "第一步是设，"
  },
  {
    "start": 93.09,
    "end": 93.93,
    "speaker": "老师",
    "text": "第二步是代，"
  },
  {
    "start": 93.93,
    "end": 96.63,
    "speaker": "老师",
    "text": "第三步是求第四步回代。"
  },
  {
    "start": 96.69,
    "end": 97.11,
    "speaker": "老师",
    "text": "好，"
  },
  {
    "start": 97.11,
    "end": 98.43,
    "speaker": "老师",
    "text": "思路明确了，"
  },
  {
    "start": 98.47,
    "end": 101.97,
    "speaker": "老师",
    "text": "我们来看一下这个题目，"
  },
  {
    "start": 102.01,
    "end": 106.85,
    "speaker": "老师",
    "text": "因为它已经帮我设好了这些事儿。"
  },
  {
    "start": 107.05,
    "end": 114.4,
    "speaker": "老师",
    "text": "我们直接将相应的自变量以及函数值代入其中，"
  },
  {
    "start": 114.82,
    "end": 119.92,
    "speaker": "老师",
    "text": "就能够得到关于KB的二元一次方程组。"
  },
  {
    "start": 119.92,
    "end": 124.27,
    "speaker": "老师",
    "text": "这个方程组你会解吗？"
  },
  {
    "start": 124.79,
    "end": 130.71,
    "speaker": "老师",
    "text": "我们观察到它k的系数是互为相反数的，"
  },
  {
    "start": 130.73,
    "end": 146.8,
    "speaker": "老师",
    "text": "因此呢我们可以一式加二式将k消掉得到二b等于二b等于一再将b等于一回代入一式当中就能够得出k的值。"
  },
  {
    "start": 147.16,
    "end": 153.93,
    "speaker": "老师",
    "text": "同样我又发现了b的系数是相同的，"
  },
  {
    "start": 154.73,
    "end": 161.06,
    "speaker": "老师",
    "text": "因此我也可以用一式减二式，"
  },
  {
    "start": 161.28,
    "end": 162.78,
    "speaker": "老师",
    "text": "这样呢b就消掉了，"
  },
  {
    "start": 162.78,
    "end": 166.58,
    "speaker": "老师",
    "text": "就变成了四k等于四减负二，"
  },
  {
    "start": 166.66,
    "end": 172.97,
    "speaker": "老师",
    "text": "也就是六k算出来呢等于二分之三。"
  },
  {
    "start": 172.97,
    "end": 178.25,
    "speaker": "老师",
    "text": "同样我们可以将k等于二分之三代入一式当中，"
  },
  {
    "start": 178.25,
    "end": 182.23,
    "speaker": "老师",
    "text": "就算出b的值是一，"
  },
  {
    "start": 182.23,
    "end": 184.86,
    "speaker": "老师",
    "text": "你解对了吗？"
  },
  {
    "start": 184.86,
    "end": 187.32,
    "speaker": "老师",
    "text": "得出了KB之后，"
  },
  {
    "start": 187.5,
    "end": 204.55,
    "speaker": "老师",
    "text": "我们就已经完成了作答。"
  },
  {
    "start": 204.57,
    "end": 210.71,
    "speaker": "老师",
    "text": "所以k与b的值分别是二分之三和一。"
  },
  {
    "start": 210.71,
    "end": 214.16,
    "speaker": "老师",
    "text": "接下来看第二个题目，"
  },
  {
    "start": 214.16,
    "end": 216.7,
    "speaker": "老师",
    "text": "书本上九十九页的第七题，"
  },
  {
    "start": 216.7,
    "end": 223.42,
    "speaker": "老师",
    "text": "已知一次函数的图像经过点负数九和点六三，"
  },
  {
    "start": 223.44,
    "end": 226.64,
    "speaker": "老师",
    "text": "求这个函数的解析式同学又发现了，"
  },
  {
    "start": 226.86,
    "end": 233.35,
    "speaker": "老师",
    "text": "这又是用待定系数法求一次函数解析式的问题。"
  },
  {
    "start": 233.47,
    "end": 238.01,
    "speaker": "老师",
    "text": "那么解题思路你清楚了吗？"
  },
  {
    "start": 238.03,
    "end": 242.77,
    "speaker": "老师",
    "text": "题目中没有帮我们设解决事儿，"
  },
  {
    "start": 242.77,
    "end": 248.37,
    "speaker": "老师",
    "text": "所以我们要根据它是个一次函数，"
  },
  {
    "start": 248.37,
    "end": 256.03,
    "speaker": "老师",
    "text": "我就可以设它的解析式为y等于KX加b的形式。"
  },
  {
    "start": 256.81,
    "end": 258.05,
    "speaker": "老师",
    "text": "题中说了，"
  },
  {
    "start": 258.05,
    "end": 263.25,
    "speaker": "老师",
    "text": "图像经过点负四九和六三。"
  },
  {
    "start": 263.31,
    "end": 275.47,
    "speaker": "老师",
    "text": "所以我们可以将这两个点的横坐标当做x纵坐标当做相应的y就得到了关于KB的二元一次方程组。"
  },
  {
    "start": 275.47,
    "end": 279.43,
    "speaker": "老师",
    "text": "我们又可以用对加减消元法，"
  },
  {
    "start": 279.45,
    "end": 284.09,
    "speaker": "老师",
    "text": "将这个方程组解出来得出k与b的值。"
  },
  {
    "start": 284.09,
    "end": 292.35,
    "speaker": "老师",
    "text": "因为这个题啊是要我们求这个函数的解析式儿，"
  },
  {
    "start": 292.35,
    "end": 295.45,
    "speaker": "老师",
    "text": "所以算出k与b的值之后，"
  },
  {
    "start": 295.57,
    "end": 298.55,
    "speaker": "老师",
    "text": "我们还必须回代入这个函数。"
  },
  {
    "start": 298.55,
    "end": 307.2,
    "speaker": "老师",
    "text": "解析式当中得到这个一次函数的解析式为y等于负五分之三，"
  },
  {
    "start": 307.93,
    "end": 309.79,
    "speaker": "老师",
    "text": "x加五分之三十。"
  },
  {
    "start": 309.79,
    "end": 312.25,
    "speaker": "老师",
    "text": "再你算对了吗？"
  },
  {
    "start": 312.25,
    "end": 317.21,
    "speaker": "老师",
    "text": "刚刚啊我们讲的两个题目都是用待定系数法，"
  },
  {
    "start": 317.21,
    "end": 320.55,
    "speaker": "老师",
    "text": "求一次函数解析式的问题。"
  },
  {
    "start": 320.67,
    "end": 324.83,
    "speaker": "老师",
    "text": "我们将它放在一起来对比思考一下。"
  },
  {
    "start": 324.83,
    "end": 326.89,
    "speaker": "老师",
    "text": "我们看一下这两个题，"
  },
  {
    "start": 326.89,
    "end": 331.24,
    "speaker": "老师",
    "text": "它们之间有什么区别与联系呢？"
  },
  {
    "start": 331.28,
    "end": 337.24,
    "speaker": "老师",
    "text": "有同学说第一个题已经设好了函数的解析式儿，"
  },
  {
    "start": 337.24,
    "end": 343.68,
    "speaker": "老师",
    "text": "我只要将相应的自变量及函数值代入其中就好。"
  },
  {
    "start": 343.68,
    "end": 348.74,
    "speaker": "老师",
    "text": "第二个题呢没有设函数解析式儿。"
  },
  {
    "start": 348.74,
    "end": 352.04,
    "speaker": "老师",
    "text": "因此啊我要根据它的条件，"
  },
  {
    "start": 352.1,
    "end": 355.68,
    "speaker": "老师",
    "text": "因次函数自己来设对的。"
  },
  {
    "start": 355.82,
    "end": 366.56,
    "speaker": "老师",
    "text": "另外呀第一个题它是从数的角度告诉我们自变量以及相应的函数值。"
  },
  {
    "start": 366.68,
    "end": 372.52,
    "speaker": "老师",
    "text": "第二个题是从形的角度告诉我们，"
  },
  {
    "start": 373.0,
    "end": 376.14,
    "speaker": "老师",
    "text": "图像上经过的点，"
  },
  {
    "start": 376.46,
    "end": 382.98,
    "speaker": "老师",
    "text": "其实数与形之间是可以相互转换的。"
  },
  {
    "start": 383.0,
    "end": 391.38,
    "speaker": "老师",
    "text": "比如说第一个我可以将它自变量以及相应的函数值改为图像上的点，"
  },
  {
    "start": 391.38,
    "end": 395.04,
    "speaker": "老师",
    "text": "经过点二四和负二负二。"
  },
  {
    "start": 395.04,
    "end": 398.16,
    "speaker": "老师",
    "text": "同样的第二个题，"
  },
  {
    "start": 398.18,
    "end": 400.34,
    "speaker": "老师",
    "text": "图像上的点，"
  },
  {
    "start": 400.4,
    "end": 407.28,
    "speaker": "老师",
    "text": "我也可以将它变为相应的自变量以及函数值。"
  },
  {
    "start": 407.32,
    "end": 410.8,
    "speaker": "老师",
    "text": "接着我们再次回顾一下，"
  },
  {
    "start": 410.8,
    "end": 417.98,
    "speaker": "老师",
    "text": "用待定系数法求一次函数解析式的完整过程吧。"
  },
  {
    "start": 417.98,
    "end": 427.01,
    "speaker": "老师",
    "text": "首先我们要设这个一次函数的解析式为y等于KX加b的形式。"
  },
  {
    "start": 427.25,
    "end": 428.19,
    "speaker": "老师",
    "text": "家长，"
  },
  {
    "start": 428.41,
    "end": 431.98,
    "speaker": "老师",
    "text": "我们要选取符合条件的两个点，"
  },
  {
    "start": 431.98,
    "end": 437.62,
    "speaker": "老师",
    "text": "或者说是满足条件的自变量以及函数的对应值。"
  },
  {
    "start": 437.66,
    "end": 442.64,
    "speaker": "老师",
    "text": "代入这个解析式当中就能够得到，"
  },
  {
    "start": 442.66,
    "end": 443.18,
    "speaker": "老师",
    "text": "对，"
  },
  {
    "start": 443.24,
    "end": 446.81,
    "speaker": "老师",
    "text": "很好就能够得到呢。"
  },
  {
    "start": 446.81,
    "end": 448.09,
    "speaker": "老师",
    "text": "关于KB的方程组，"
  },
  {
    "start": 448.09,
    "end": 449.87,
    "speaker": "老师",
    "text": "通过求解，"
  },
  {
    "start": 450.13,
    "end": 454.89,
    "speaker": "老师",
    "text": "我们就能够得出k与b的值，"
  },
  {
    "start": 454.89,
    "end": 463.68,
    "speaker": "老师",
    "text": "最终将我们算出的k与b回代入一次函数的解析式当中。"
  },
  {
    "start": 463.68,
    "end": 468.57,
    "speaker": "老师",
    "text": "那么这个解析式呢就得到了。"
  },
  {
    "start": 468.65,
    "end": 521.8,
    "speaker": "老师",
    "text": "其实啊我们知道了一次函数的解析式啊，"
  },
  {
    "start": 521.8,
    "end": 526.82,
    "speaker": "老师",
    "text": "我们就能够画出这个一次函数的图像。"
  },
  {
    "start": 526.82,
    "end": 529.62,
    "speaker": "老师",
    "text": "同样的假设，"
  },
  {
    "start": 529.92,
    "end": 533.5,
    "speaker": "老师",
    "text": "我知道了一次函数的图像，"
  },
  {
    "start": 533.62,
    "end": 539.53,
    "speaker": "老师",
    "text": "我也能够得到其相应的解析式儿。"
  },
  {
    "start": 539.71,
    "end": 548.21,
    "speaker": "老师",
    "text": "再次说明了数与形之间其实是可以相互转换的。"
  },
  {
    "start": 549.23,
    "end": 554.15,
    "speaker": "老师",
    "text": "接着我们进入第二个环节，"
  },
  {
    "start": 554.51,
    "end": 559.43,
    "speaker": "老师",
    "text": "两个一次函数的碰撞，"
  },
  {
    "start": 559.45,
    "end": 562.33,
    "speaker": "老师",
    "text": "请同学们自己读题，"
  },
  {
    "start": 562.39,
    "end": 564.07,
    "speaker": "老师",
    "text": "并认真思考。"
  },
  {
    "start": 564.07,
    "end": 571.91,
    "speaker": "老师",
    "text": "我们知道题目中给了我们两个函数，"
  },
  {
    "start": 571.95,
    "end": 576.95,
    "speaker": "老师",
    "text": "并且这两个函数都是对一次函数，"
  },
  {
    "start": 576.95,
    "end": 583.05,
    "speaker": "老师",
    "text": "它们都是形如y等于KX加b的形式啊，"
  },
  {
    "start": 583.05,
    "end": 587.77,
    "speaker": "老师",
    "text": "这两个函数当自变量x取何值时，"
  },
  {
    "start": 587.85,
    "end": 590.39,
    "speaker": "老师",
    "text": "它们的函数值相等，"
  },
  {
    "start": 590.39,
    "end": 594.5,
    "speaker": "老师",
    "text": "并且这个函数值是多少？"
  },
  {
    "start": 594.5,
    "end": 595.46,
    "speaker": "老师",
    "text": "函数值相等，"
  },
  {
    "start": 595.46,
    "end": 601.01,
    "speaker": "老师",
    "text": "实际上就是说y值相等。"
  },
  {
    "start": 601.01,
    "end": 607.45,
    "speaker": "老师",
    "text": "那么自变量x取何值的时候，"
  },
  {
    "start": 608.36,
    "end": 609.78,
    "speaker": "老师",
    "text": "y值相等的话，"
  },
  {
    "start": 609.92,
    "end": 616.24,
    "speaker": "老师",
    "text": "我就可以将这两个函数的解析式儿进行联立，"
  },
  {
    "start": 616.24,
    "end": 621.68,
    "speaker": "老师",
    "text": "得到了这样的一个二元方程组，"
  },
  {
    "start": 621.86,
    "end": 626.5,
    "speaker": "老师",
    "text": "这个时候又该如何解这个方程组呢？"
  },
  {
    "start": 626.82,
    "end": 630.67,
    "speaker": "老师",
    "text": "又有同学发现呢，"
  },
  {
    "start": 630.75,
    "end": 639.51,
    "speaker": "老师",
    "text": "这个时候呢我们用代入消元法会更加的简单一些。"
  },
  {
    "start": 639.57,
    "end": 647.24,
    "speaker": "老师",
    "text": "我们可以将第二个式子呢带入第一个式子当中，"
  },
  {
    "start": 647.32,
    "end": 655.24,
    "speaker": "老师",
    "text": "就能够得到五x加上一十七是等于二分之五x加一的。"
  },
  {
    "start": 655.24,
    "end": 660.18,
    "speaker": "老师",
    "text": "紧接着我们可以移项，"
  },
  {
    "start": 660.18,
    "end": 662.18,
    "speaker": "老师",
    "text": "并且合并同类项。"
  },
  {
    "start": 662.24,
    "end": 662.8,
    "speaker": "老师",
    "text": "好，"
  },
  {
    "start": 662.8,
    "end": 666.12,
    "speaker": "老师",
    "text": "左边就是五x减二分之五，"
  },
  {
    "start": 666.12,
    "end": 671.18,
    "speaker": "老师",
    "text": "x也就是得到了二分之五x等于十七移过来，"
  },
  {
    "start": 671.28,
    "end": 673.82,
    "speaker": "老师",
    "text": "记得编号哦，"
  },
  {
    "start": 673.82,
    "end": 675.86,
    "speaker": "老师",
    "text": "得到的是负十六，"
  },
  {
    "start": 676.34,
    "end": 681.72,
    "speaker": "老师",
    "text": "所以x算出来等于负五分之三十二，"
  },
  {
    "start": 681.72,
    "end": 689.36,
    "speaker": "老师",
    "text": "我们再将我们算出的x的值代入一中y就也能够解出来了。"
  },
  {
    "start": 689.36,
    "end": 721.36,
    "speaker": "老师",
    "text": "因此啊我们知道了当x等于负五分之三十二时，"
  },
  {
    "start": 721.84,
    "end": 725.02,
    "speaker": "老师",
    "text": "两函数的函数值相等，"
  },
  {
    "start": 725.02,
    "end": 729.26,
    "speaker": "老师",
    "text": "并且呀这个值呢均为负十五。"
  },
  {
    "start": 729.26,
    "end": 735.4,
    "speaker": "老师",
    "text": "那么考虑完量函数值相等的情况，"
  },
  {
    "start": 736.0,
    "end": 739.17,
    "speaker": "老师",
    "text": "又有同学提问了。"
  },
  {
    "start": 739.17,
    "end": 745.43,
    "speaker": "老师",
    "text": "他说老师如果这两个函数的函数值不相等的话，"
  },
  {
    "start": 746.03,
    "end": 747.55,
    "speaker": "老师",
    "text": "那又该如何呢？"
  },
  {
    "start": 747.55,
    "end": 748.65,
    "speaker": "老师",
    "text": "不等的话，"
  },
  {
    "start": 749.01,
    "end": 753.13,
    "speaker": "老师",
    "text": "我就要对它进行分类讨论了。"
  },
  {
    "start": 753.13,
    "end": 758.45,
    "speaker": "老师",
    "text": "有可能是第一个函数的函数值更大，"
  },
  {
    "start": 758.81,
    "end": 765.39,
    "speaker": "老师",
    "text": "也有可能是第二个函数的函数值更大。"
  },
  {
    "start": 765.39,
    "end": 768.25,
    "speaker": "老师",
    "text": "我们先来看便式一，"
  },
  {
    "start": 768.31,
    "end": 771.12,
    "speaker": "老师",
    "text": "当自变量x取何值时，"
  },
  {
    "start": 771.81,
    "end": 782.66,
    "speaker": "老师",
    "text": "函数y等于二分之五x加一的值大于函数y等于五x加十七的值。"
  },
  {
    "start": 783.49,
    "end": 789.04,
    "speaker": "老师",
    "text": "这个问题中的关键词是大于。"
  },
  {
    "start": 789.04,
    "end": 789.96,
    "speaker": "老师",
    "text": "因此啊，"
  },
  {
    "start": 790.3,
    "end": 794.36,
    "speaker": "老师",
    "text": "我们刚刚的解方程组的问题，"
  },
  {
    "start": 794.36,
    "end": 803.04,
    "speaker": "老师",
    "text": "或者说解方程的问题就转化为了解不等式的问题了。"
  },
  {
    "start": 803.04,
    "end": 804.16,
    "speaker": "老师",
    "text": "根据题意，"
  },
  {
    "start": 804.16,
    "end": 807.83,
    "speaker": "老师",
    "text": "我们就得到了一个不等式。"
  },
  {
    "start": 807.99,
    "end": 814.87,
    "speaker": "老师",
    "text": "同样利用不等式的性质呢通过一项系数化为一，"
  },
  {
    "start": 814.93,
    "end": 818.77,
    "speaker": "老师",
    "text": "我们得出x小于负五分之三十二。"
  },
  {
    "start": 818.99,
    "end": 824.79,
    "speaker": "老师",
    "text": "因此啊当x小于负五分之三十二的时候，"
  },
  {
    "start": 824.83,
    "end": 832.12,
    "speaker": "老师",
    "text": "第一个函数的函数值大于第二个函数的函数值。"
  },
  {
    "start": 832.58,
    "end": 835.56,
    "speaker": "老师",
    "text": "那么便式二你又会了吗？"
  },
  {
    "start": 835.8,
    "end": 846.15,
    "speaker": "老师",
    "text": "是说何时这个函数小于这个函数关键词是小于同学们非常的棒。"
  },
  {
    "start": 846.15,
    "end": 855.35,
    "speaker": "老师",
    "text": "我们依旧可以根据题意列出不等式并进行求解。"
  },
  {
    "start": 855.35,
    "end": 859.55,
    "speaker": "老师",
    "text": "所以说函数值相等与不等的情况，"
  },
  {
    "start": 859.65,
    "end": 864.73,
    "speaker": "老师",
    "text": "我们都已经解决了。"
  },
  {
    "start": 864.73,
    "end": 982.41,
    "speaker": "老师",
    "text": "可是刚刚我们提到了知道函数的解析式儿，"
  },
  {
    "start": 982.77,
    "end": 987.13,
    "speaker": "老师",
    "text": "我们就能够画出函数的图像。"
  },
  {
    "start": 987.13,
    "end": 993.94,
    "speaker": "老师",
    "text": "这两个一次函数我都知道它的解析式儿，"
  },
  {
    "start": 993.94,
    "end": 999.54,
    "speaker": "老师",
    "text": "因此我能够将它们的图像画出来，"
  },
  {
    "start": 999.6,
    "end": 1004.52,
    "speaker": "老师",
    "text": "他们的图像体现形式是什么呀？"
  },
  {
    "start": 1004.68,
    "end": 1005.28,
    "speaker": "老师",
    "text": "对，"
  },
  {
    "start": 1005.28,
    "end": 1008.38,
    "speaker": "老师",
    "text": "直线我们有两个一次函数，"
  },
  {
    "start": 1008.38,
    "end": 1014.42,
    "speaker": "老师",
    "text": "因此呢在图像上就形为两条直线。"
  },
  {
    "start": 1014.42,
    "end": 1024.71,
    "speaker": "老师",
    "text": "那么这两条直线在同一平面内的位置关系会有哪一些呢？"
  },
  {
    "start": 1024.71,
    "end": 1025.19,
    "speaker": "老师",
    "text": "很好，"
  },
  {
    "start": 1025.19,
    "end": 1028.77,
    "speaker": "老师",
    "text": "有可能是相交或者是平行。"
  },
  {
    "start": 1028.89,
    "end": 1036.95,
    "speaker": "老师",
    "text": "那么我们这两个直线的位置关系又如何呢？"
  },
  {
    "start": 1037.31,
    "end": 1041.09,
    "speaker": "老师",
    "text": "我们一起来画一画吧。"
  },
  {
    "start": 1041.13,
    "end": 1057.12,
    "speaker": "老师",
    "text": "课本九十九页的第一十三题在同一直角坐标系中画出函数y等于二分之五x加一与y等于五x加十七的图像，"
  },
  {
    "start": 1057.12,
    "end": 1066.42,
    "speaker": "老师",
    "text": "并结合图像比较这两个函数的函数值大小关系。"
  },
  {
    "start": 1066.42,
    "end": 1068.99,
    "speaker": "老师",
    "text": "一次函数的图像是直线，"
  },
  {
    "start": 1068.99,
    "end": 1073.77,
    "speaker": "老师",
    "text": "而且我们又知道两点能够确定一条直线，"
  },
  {
    "start": 1074.29,
    "end": 1081.89,
    "speaker": "老师",
    "text": "因此我需要在每个函数上找出两个点的坐标即可。"
  },
  {
    "start": 1081.89,
    "end": 1086.8,
    "speaker": "老师",
    "text": "我们先来看第一个函数，"
  },
  {
    "start": 1087.06,
    "end": 1089.08,
    "speaker": "老师",
    "text": "我可以取x等于零，"
  },
  {
    "start": 1089.36,
    "end": 1094.06,
    "speaker": "老师",
    "text": "那么代进去得到的y值就是一。"
  },
  {
    "start": 1094.24,
    "end": 1098.05,
    "speaker": "老师",
    "text": "所以第一个点是零一，"
  },
  {
    "start": 1098.05,
    "end": 1102.61,
    "speaker": "老师",
    "text": "另外呢发现了x的系数是个分数，"
  },
  {
    "start": 1102.65,
    "end": 1105.43,
    "speaker": "老师",
    "text": "不妨取x等于二。"
  },
  {
    "start": 1106.18,
    "end": 1110.04,
    "speaker": "老师",
    "text": "那么算出来的y值就是六，"
  },
  {
    "start": 1110.2,
    "end": 1114.08,
    "speaker": "老师",
    "text": "第二个点也得到了由这两个点，"
  },
  {
    "start": 1114.08,
    "end": 1117.06,
    "speaker": "老师",
    "text": "我们就能够得到第一个函数的图像。"
  },
  {
    "start": 1117.06,
    "end": 1117.54,
    "speaker": "老师",
    "text": "好，"
  },
  {
    "start": 1117.74,
    "end": 1121.78,
    "speaker": "老师",
    "text": "紧接着第二个函数，"
  },
  {
    "start": 1121.78,
    "end": 1124.98,
    "speaker": "老师",
    "text": "假设我让x等于零的话，"
  },
  {
    "start": 1124.98,
    "end": 1126.94,
    "speaker": "老师",
    "text": "y值是十七，"
  },
  {
    "start": 1127.06,
    "end": 1134.17,
    "speaker": "老师",
    "text": "可是零十七已经不在我们这个屏幕内了。"
  },
  {
    "start": 1134.23,
    "end": 1137.11,
    "speaker": "老师",
    "text": "因此我们换一个点试试吧。"
  },
  {
    "start": 1137.11,
    "end": 1144.17,
    "speaker": "老师",
    "text": "我发现呢它的常数项十七比较大我不妨取x为一个负数。"
  },
  {
    "start": 1144.31,
    "end": 1147.59,
    "speaker": "老师",
    "text": "我们不妨让x等于负三的时候，"
  },
  {
    "start": 1148.09,
    "end": 1151.55,
    "speaker": "老师",
    "text": "得到y的值呢是二。"
  },
  {
    "start": 1151.61,
    "end": 1153.55,
    "speaker": "老师",
    "text": "另外还要取一个点，"
  },
  {
    "start": 1153.75,
    "end": 1158.85,
    "speaker": "老师",
    "text": "不妨让x取负四算出相应y的值，"
  },
  {
    "start": 1158.85,
    "end": 1160.91,
    "speaker": "老师",
    "text": "就是负三两个点，"
  },
  {
    "start": 1160.91,
    "end": 1162.19,
    "speaker": "老师",
    "text": "得到了图像，"
  },
  {
    "start": 1162.19,
    "end": 1164.73,
    "speaker": "老师",
    "text": "也就形成了。"
  },
  {
    "start": 1164.81,
    "end": 1166.23,
    "speaker": "老师",
    "text": "通过观察呀，"
  },
  {
    "start": 1166.23,
    "end": 1170.11,
    "speaker": "老师",
    "text": "我发现这两条直线是相交的关系。"
  },
  {
    "start": 1170.11,
    "end": 1177.35,
    "speaker": "老师",
    "text": "题目中让我们结合图像比较这两个函数的函数值大小关系。"
  },
  {
    "start": 1177.69,
    "end": 1182.85,
    "speaker": "老师",
    "text": "我们来仔细观察一下这个图像，"
  },
  {
    "start": 1183.03,
    "end": 1187.99,
    "speaker": "老师",
    "text": "这两条直线呢有一个交点说明啊，"
  },
  {
    "start": 1187.99,
    "end": 1194.99,
    "speaker": "老师",
    "text": "这个时候呢x以及相应的函数值都是相等的，"
  },
  {
    "start": 1194.99,
    "end": 1197.75,
    "speaker": "老师",
    "text": "显然交给两侧的情况是不同的。"
  },
  {
    "start": 1197.89,
    "end": 1203.01,
    "speaker": "老师",
    "text": "因此如何求这个焦点的坐标呢？"
  },
  {
    "start": 1203.21,
    "end": 1206.56,
    "speaker": "老师",
    "text": "我们来看一看这个点，"
  },
  {
    "start": 1206.56,
    "end": 1209.54,
    "speaker": "老师",
    "text": "从图像上来看，"
  },
  {
    "start": 1209.72,
    "end": 1214.06,
    "speaker": "老师",
    "text": "它既在黄色的这条线上，"
  },
  {
    "start": 1214.06,
    "end": 1217.53,
    "speaker": "老师",
    "text": "又在红色的这条线上。"
  },
  {
    "start": 1217.53,
    "end": 1227.07,
    "speaker": "老师",
    "text": "那么这个点的坐标既符合就黄色的线所代表的函数关系式儿，"
  },
  {
    "start": 1227.15,
    "end": 1234.79,
    "speaker": "老师",
    "text": "也符合这条红色的线代表的函数关系式儿。"
  },
  {
    "start": 1234.97,
    "end": 1238.63,
    "speaker": "老师",
    "text": "因此我可以将这两个解析式儿联立，"
  },
  {
    "start": 1238.71,
    "end": 1241.01,
    "speaker": "老师",
    "text": "从而得到交点的坐标。"
  },
  {
    "start": 1241.01,
    "end": 1245.81,
    "speaker": "老师",
    "text": "其实我们刚刚已经算过了，"
  },
  {
    "start": 1246.11,
    "end": 1249.05,
    "speaker": "老师",
    "text": "你还记得吗？"
  },
  {
    "start": 1249.05,
    "end": 1257.73,
    "speaker": "老师",
    "text": "刚刚我们得出这个方程组的解是x等于负五分之三十二，"
  },
  {
    "start": 1257.93,
    "end": 1259.95,
    "speaker": "老师",
    "text": "y等于负十五。"
  },
  {
    "start": 1259.95,
    "end": 1267.77,
    "speaker": "老师",
    "text": "因此就知道这个交点的横坐标对应的是负五分之三十二。"
  },
  {
    "start": 1267.77,
    "end": 1268.03,
    "speaker": "老师",
    "text": "好，"
  },
  {
    "start": 1268.03,
    "end": 1270.47,
    "speaker": "老师",
    "text": "我们来看一下这个过焦点，"
  },
  {
    "start": 1270.47,
    "end": 1274.59,
    "speaker": "老师",
    "text": "画了一条与x轴垂直的线。"
  },
  {
    "start": 1274.59,
    "end": 1282.12,
    "speaker": "老师",
    "text": "我们看一下这个垂线左侧的情况，"
  },
  {
    "start": 1282.24,
    "end": 1287.38,
    "speaker": "老师",
    "text": "不妨任意画一条与x轴垂直的线。"
  },
  {
    "start": 1287.56,
    "end": 1289.9,
    "speaker": "老师",
    "text": "我们仔细看一看，"
  },
  {
    "start": 1289.9,
    "end": 1293.76,
    "speaker": "老师",
    "text": "当自变量相同的时候，"
  },
  {
    "start": 1293.84,
    "end": 1305.25,
    "speaker": "老师",
    "text": "黄色线上的点对应的函数值更大红色线上的点呢对应的函数值更小。"
  },
  {
    "start": 1305.27,
    "end": 1309.73,
    "speaker": "老师",
    "text": "其实啊在这个区域内自变量相同的时候，"
  },
  {
    "start": 1309.73,
    "end": 1313.75,
    "speaker": "老师",
    "text": "红色的线在黄色线的下方。"
  },
  {
    "start": 1313.97,
    "end": 1320.79,
    "speaker": "老师",
    "text": "我们再来看一下这个区域自变量的取值范围，"
  },
  {
    "start": 1321.13,
    "end": 1329.35,
    "speaker": "老师",
    "text": "我们发现它都是在x等于负五分之三十二的左侧，"
  },
  {
    "start": 1329.37,
    "end": 1335.12,
    "speaker": "老师",
    "text": "也就是数啊x小于负五分之三十二的时候呢，"
  },
  {
    "start": 1335.12,
    "end": 1338.78,
    "speaker": "老师",
    "text": "二分之五x加一大于五x加十七。"
  },
  {
    "start": 1338.86,
    "end": 1339.26,
    "speaker": "老师",
    "text": "好，"
  },
  {
    "start": 1339.26,
    "end": 1343.78,
    "speaker": "老师",
    "text": "如果我们x正好是负五分之三十二，"
  },
  {
    "start": 1343.78,
    "end": 1347.78,
    "speaker": "老师",
    "text": "这两个函数的函数值就会相等。"
  },
  {
    "start": 1347.78,
    "end": 1349.28,
    "speaker": "老师",
    "text": "看完左侧看完，"
  },
  {
    "start": 1350.05,
    "end": 1353.46,
    "speaker": "老师",
    "text": "正好在这条线上的。"
  },
  {
    "start": 1353.66,
    "end": 1356.84,
    "speaker": "老师",
    "text": "接下来看这个垂线的右侧，"
  },
  {
    "start": 1356.94,
    "end": 1361.94,
    "speaker": "老师",
    "text": "不妨又任意画一条与x轴垂直的线。"
  },
  {
    "start": 1361.94,
    "end": 1367.72,
    "speaker": "老师",
    "text": "对于自变量相同的时候，"
  },
  {
    "start": 1368.14,
    "end": 1373.46,
    "speaker": "老师",
    "text": "红色线上的点对应的函数值更大，"
  },
  {
    "start": 1374.0,
    "end": 1376.96,
    "speaker": "老师",
    "text": "黄色线上点对应的函数值更小。"
  },
  {
    "start": 1376.98,
    "end": 1380.08,
    "speaker": "老师",
    "text": "那么在这个区域之内的话，"
  },
  {
    "start": 1380.32,
    "end": 1384.03,
    "speaker": "老师",
    "text": "相同的自变量的时候，"
  },
  {
    "start": 1384.03,
    "end": 1389.96,
    "speaker": "老师",
    "text": "黄色的线在红色线的下方，"
  },
  {
    "start": 1389.98,
    "end": 1393.54,
    "speaker": "老师",
    "text": "再看自变量的取值范围。"
  },
  {
    "start": 1393.56,
    "end": 1401.2,
    "speaker": "老师",
    "text": "这个区域全部是在x等于负五分之三十二的右侧，"
  },
  {
    "start": 1401.2,
    "end": 1406.42,
    "speaker": "老师",
    "text": "所以x大于负五分之三十二的时候呢，"
  },
  {
    "start": 1406.42,
    "end": 1513.91,
    "speaker": "老师",
    "text": "二分之五x加一小于五，"
  },
  {
    "start": 1513.97,
    "end": 1515.07,
    "speaker": "老师",
    "text": "x加十七。"
  },
  {
    "start": 1515.8,
    "end": 1518.9,
    "speaker": "老师",
    "text": "这个题你听明白了吗？"
  },
  {
    "start": 1518.9,
    "end": 1524.88,
    "speaker": "老师",
    "text": "我们接着将刚刚两个题再一次放在一起。"
  },
  {
    "start": 1524.98,
    "end": 1534.87,
    "speaker": "老师",
    "text": "比较一下前面一个我们是从数的角度来比较两个函数值的大小关系。"
  },
  {
    "start": 1534.87,
    "end": 1543.3,
    "speaker": "老师",
    "text": "第二个呢我们是从图像的角度来比较函数值的大小关系。"
  },
  {
    "start": 1543.3,
    "end": 1547.66,
    "speaker": "老师",
    "text": "实际上啊我们知道两个一次函数，"
  },
  {
    "start": 1547.66,
    "end": 1550.2,
    "speaker": "老师",
    "text": "它从数的角度来看呢，"
  },
  {
    "start": 1550.22,
    "end": 1554.17,
    "speaker": "老师",
    "text": "它对应的是二元一次方程组。"
  },
  {
    "start": 1554.45,
    "end": 1557.09,
    "speaker": "老师",
    "text": "从形的角度来看，"
  },
  {
    "start": 1557.09,
    "end": 1558.87,
    "speaker": "老师",
    "text": "对应的是两条直线，"
  },
  {
    "start": 1558.87,
    "end": 1562.99,
    "speaker": "老师",
    "text": "那么一次函数的函数值相等时，"
  },
  {
    "start": 1562.99,
    "end": 1565.49,
    "speaker": "老师",
    "text": "自变量及函数值呢？"
  },
  {
    "start": 1565.61,
    "end": 1567.98,
    "speaker": "老师",
    "text": "从数的角度来看，"
  },
  {
    "start": 1568.65,
    "end": 1578.32,
    "speaker": "老师",
    "text": "就是我们刚刚组成的那个二元一次方程组的解。"
  },
  {
    "start": 1578.32,
    "end": 1581.6,
    "speaker": "老师",
    "text": "从形的角度来看，"
  },
  {
    "start": 1581.94,
    "end": 1588.16,
    "speaker": "老师",
    "text": "就是这两条直线的对交点坐标再一次向我们展示了，"
  },
  {
    "start": 1588.16,
    "end": 1593.98,
    "speaker": "老师",
    "text": "数与形之间呢是可以相互转换和结合的。"
  },
  {
    "start": 1594.0,
    "end": 1597.52,
    "speaker": "老师",
    "text": "接着进入最后一个环节，"
  },
  {
    "start": 1597.52,
    "end": 1602.09,
    "speaker": "老师",
    "text": "函数图像的分析，"
  },
  {
    "start": 1602.09,
    "end": 1605.41,
    "speaker": "老师",
    "text": "请同学们自己认真读题，"
  },
  {
    "start": 1605.41,
    "end": 1614.84,
    "speaker": "老师",
    "text": "并思考课本一百页的第一十四题图中的折线表示，"
  },
  {
    "start": 1615.2,
    "end": 1618.14,
    "speaker": "老师",
    "text": "一骑车人离家的距离，"
  },
  {
    "start": 1618.14,
    "end": 1621.64,
    "speaker": "老师",
    "text": "y与时间x的关系。"
  },
  {
    "start": 1621.64,
    "end": 1624.09,
    "speaker": "老师",
    "text": "骑车人九点离开家，"
  },
  {
    "start": 1624.21,
    "end": 1626.45,
    "speaker": "老师",
    "text": "十五点回到家。"
  },
  {
    "start": 1626.45,
    "end": 1633.33,
    "speaker": "老师",
    "text": "请你根据这个折线图回答下列问题，"
  },
  {
    "start": 1633.33,
    "end": 1640.01,
    "speaker": "老师",
    "text": "那么我们就要来看一看这个折线图横轴呢。"
  },
  {
    "start": 1640.01,
    "end": 1655.49,
    "speaker": "老师",
    "text": "它表示骑车人离家的时间用了字母x表示纵轴表示骑车人离家的距离用了字母y来表示。"
  },
  {
    "start": 1655.51,
    "end": 1660.51,
    "speaker": "老师",
    "text": "另外呢在这个折线当中有很多的转折点，"
  },
  {
    "start": 1660.51,
    "end": 1663.61,
    "speaker": "老师",
    "text": "为了接下来解答的方便呢，"
  },
  {
    "start": 1663.61,
    "end": 1669.45,
    "speaker": "老师",
    "text": "我们把这些点的横坐标都给它写出来吧。"
  },
  {
    "start": 1669.45,
    "end": 1672.81,
    "speaker": "老师",
    "text": "紧接着我们来看具体的问题，"
  },
  {
    "start": 1672.85,
    "end": 1674.11,
    "speaker": "老师",
    "text": "第一，"
  },
  {
    "start": 1674.27,
    "end": 1676.67,
    "speaker": "老师",
    "text": "问这个人何时离家最远，"
  },
  {
    "start": 1676.67,
    "end": 1679.49,
    "speaker": "老师",
    "text": "这时他离家多，"
  },
  {
    "start": 1679.59,
    "end": 1681.99,
    "speaker": "老师",
    "text": "远离家最远，"
  },
  {
    "start": 1682.33,
    "end": 1687.72,
    "speaker": "老师",
    "text": "实际上就是问y值最大，"
  },
  {
    "start": 1687.8,
    "end": 1690.4,
    "speaker": "老师",
    "text": "并且最大值是多少？"
  },
  {
    "start": 1690.4,
    "end": 1693.46,
    "speaker": "老师",
    "text": "那我们来仔细看一下，"
  },
  {
    "start": 1694.5,
    "end": 1698.48,
    "speaker": "老师",
    "text": "y值最大的时候是等于四十五的时候，"
  },
  {
    "start": 1698.48,
    "end": 1706.37,
    "speaker": "老师",
    "text": "对应的时间是十二点三十分到十三点三十分。"
  },
  {
    "start": 1706.43,
    "end": 1708.74,
    "speaker": "老师",
    "text": "第二问何时，"
  },
  {
    "start": 1708.86,
    "end": 1712.7,
    "speaker": "老师",
    "text": "他开始第一次休息休息多长时间，"
  },
  {
    "start": 1712.7,
    "end": 1717.25,
    "speaker": "老师",
    "text": "这时他离家多远休息。"
  },
  {
    "start": 1717.31,
    "end": 1721.43,
    "speaker": "老师",
    "text": "也就是说我们的y值是不变的。"
  },
  {
    "start": 1721.43,
    "end": 1724.13,
    "speaker": "老师",
    "text": "看这个图像当中啊，"
  },
  {
    "start": 1724.13,
    "end": 1728.61,
    "speaker": "老师",
    "text": "其实这两段y的值都没有变。"
  },
  {
    "start": 1728.61,
    "end": 1732.23,
    "speaker": "老师",
    "text": "可是题中问的是第一次休息。"
  },
  {
    "start": 1732.25,
    "end": 1737.89,
    "speaker": "老师",
    "text": "因此呢我们要看第一段十点半开始第一次休息，"
  },
  {
    "start": 1737.89,
    "end": 1741.33,
    "speaker": "老师",
    "text": "一直到十一点的时候，"
  },
  {
    "start": 1741.47,
    "end": 1745.07,
    "speaker": "老师",
    "text": "这时他休息了多长时间呢？"
  },
  {
    "start": 1745.07,
    "end": 1745.91,
    "speaker": "老师",
    "text": "对，"
  },
  {
    "start": 1745.91,
    "end": 1749.43,
    "speaker": "老师",
    "text": "半个小时离家的距离是三十千米，"
  },
  {
    "start": 1749.47,
    "end": 1754.47,
    "speaker": "老师",
    "text": "紧接着第三问十一点到十二点三十分，"
  },
  {
    "start": 1754.75,
    "end": 1757.49,
    "speaker": "老师",
    "text": "它骑了多少千米？"
  },
  {
    "start": 1757.49,
    "end": 1762.02,
    "speaker": "老师",
    "text": "他告诉了我们骑行时间，"
  },
  {
    "start": 1762.06,
    "end": 1765.07,
    "speaker": "老师",
    "text": "现在问的是路程，"
  },
  {
    "start": 1765.93,
    "end": 1768.85,
    "speaker": "老师",
    "text": "我们来找一找。"
  },
  {
    "start": 1770.36,
    "end": 1772.92,
    "speaker": "老师",
    "text": "十一点在这儿，"
  },
  {
    "start": 1773.2,
    "end": 1777.76,
    "speaker": "老师",
    "text": "离家的距离是三十千米，"
  },
  {
    "start": 1777.84,
    "end": 1786.4,
    "speaker": "老师",
    "text": "十二点半呢在这个地方离家的距离是四十五千米。"
  },
  {
    "start": 1786.46,
    "end": 1792.88,
    "speaker": "老师",
    "text": "因此这段时间它骑行的路程就是四十五，"
  },
  {
    "start": 1792.94,
    "end": 1794.56,
    "speaker": "老师",
    "text": "减掉三十，"
  },
  {
    "start": 1794.74,
    "end": 1797.48,
    "speaker": "老师",
    "text": "得到是十五千米。"
  },
  {
    "start": 1797.52,
    "end": 1798.68,
    "speaker": "老师",
    "text": "第四问，"
  },
  {
    "start": 1798.68,
    "end": 1805.2,
    "speaker": "老师",
    "text": "它在九点到十点半和十点半到十二点半的平均速度是多少？"
  },
  {
    "start": 1805.2,
    "end": 1808.74,
    "speaker": "老师",
    "text": "他给了两个时间段，"
  },
  {
    "start": 1808.94,
    "end": 1813.49,
    "speaker": "老师",
    "text": "我们需要一段一段来看，"
  },
  {
    "start": 1814.03,
    "end": 1819.2,
    "speaker": "老师",
    "text": "另外速度是等于路程除以时间的。"
  },
  {
    "start": 1819.36,
    "end": 1822.48,
    "speaker": "老师",
    "text": "我们先来看第一段吧，"
  },
  {
    "start": 1822.54,
    "end": 1825.14,
    "speaker": "老师",
    "text": "九点到十点半，"
  },
  {
    "start": 1825.24,
    "end": 1830.96,
    "speaker": "老师",
    "text": "我们看一下九点的时候还在家十点半，"
  },
  {
    "start": 1831.02,
    "end": 1835.98,
    "speaker": "老师",
    "text": "距家呢是三十千米。"
  },
  {
    "start": 1836.06,
    "end": 1843.05,
    "speaker": "老师",
    "text": "因此这一段时间它骑行的路程是三十减零，"
  },
  {
    "start": 1843.95,
    "end": 1845.75,
    "speaker": "老师",
    "text": "等于三十千米，"
  },
  {
    "start": 1845.97,
    "end": 1849.35,
    "speaker": "老师",
    "text": "时间是一点五小时。"
  },
  {
    "start": 1850.15,
    "end": 1859.57,
    "speaker": "老师",
    "text": "我们用路程除以时间就得到了九点到十点半的速度呢是二十千米每小时。"
  },
  {
    "start": 1859.61,
    "end": 1866.4,
    "speaker": "老师",
    "text": "紧接着来看看第二段十点半到十二点半，"
  },
  {
    "start": 1866.4,
    "end": 1868.2,
    "speaker": "老师",
    "text": "十点半时离家三十千米，"
  },
  {
    "start": 1868.28,
    "end": 1871.61,
    "speaker": "老师",
    "text": "十二点半时离家四十五千米。"
  },
  {
    "start": 1871.61,
    "end": 1882.81,
    "speaker": "老师",
    "text": "因此这段时间骑行的路程是四十五减三十是等于十五千米的时间是多少啊？"
  },
  {
    "start": 1882.99,
    "end": 1883.51,
    "speaker": "老师",
    "text": "对，"
  },
  {
    "start": 1883.51,
    "end": 1885.61,
    "speaker": "老师",
    "text": "时间是两小时，"
  },
  {
    "start": 1885.89,
    "end": 1889.43,
    "speaker": "老师",
    "text": "因此速度也就得到了。"
  },
  {
    "start": 1890.11,
    "end": 1890.57,
    "speaker": "老师",
    "text": "好。"
  },
  {
    "start": 1891.13,
    "end": 1898.29,
    "speaker": "老师",
    "text": "接着呢第五问它返家时的平均速度是多少？"
  },
  {
    "start": 1898.69,
    "end": 1904.3,
    "speaker": "老师",
    "text": "返家说明他离家的距离越来越小，"
  },
  {
    "start": 1904.3,
    "end": 1907.1,
    "speaker": "老师",
    "text": "y值在逐渐变小。"
  },
  {
    "start": 1907.26,
    "end": 1913.86,
    "speaker": "老师",
    "text": "我们来看一下y值从十三点三十分开始变小的，"
  },
  {
    "start": 1913.86,
    "end": 1919.16,
    "speaker": "老师",
    "text": "一直到十五点的时候到家了。"
  },
  {
    "start": 1919.16,
    "end": 1926.32,
    "speaker": "老师",
    "text": "因此它的骑行路程是四十五到回到了家。"
  },
  {
    "start": 1926.58,
    "end": 1928.3,
    "speaker": "老师",
    "text": "所以呢，"
  },
  {
    "start": 1928.36,
    "end": 1935.24,
    "speaker": "老师",
    "text": "骑行路程直接就是四十五除以时间时间，"
  },
  {
    "start": 1935.34,
    "end": 1939.16,
    "speaker": "老师",
    "text": "你看一看是一点五小时，"
  },
  {
    "start": 1939.44,
    "end": 1943.35,
    "speaker": "老师",
    "text": "因此速度也就知道了。"
  },
  {
    "start": 1943.35,
    "end": 1946.93,
    "speaker": "老师",
    "text": "算出来呢是三十千米每小时。"
  },
  {
    "start": 1947.41,
    "end": 1949.15,
    "speaker": "老师",
    "text": "紧接着看一看，"
  },
  {
    "start": 1949.15,
    "end": 1952.03,
    "speaker": "老师",
    "text": "最后一问十四点时，"
  },
  {
    "start": 1952.03,
    "end": 1954.11,
    "speaker": "老师",
    "text": "他离家多远？"
  },
  {
    "start": 1954.13,
    "end": 1956.63,
    "speaker": "老师",
    "text": "回家路上何时距家九千米，"
  },
  {
    "start": 1957.11,
    "end": 1961.71,
    "speaker": "老师",
    "text": "先找到十四点离家是十八千米。"
  },
  {
    "start": 1961.71,
    "end": 1962.37,
    "speaker": "老师",
    "text": "好，"
  },
  {
    "start": 1962.43,
    "end": 1966.81,
    "speaker": "老师",
    "text": "回家路上何时距家九千米，"
  },
  {
    "start": 1967.39,
    "end": 1971.71,
    "speaker": "老师",
    "text": "也就是说何时y等于九。"
  },
  {
    "start": 1971.99,
    "end": 1978.09,
    "speaker": "老师",
    "text": "我们会发现这两个点都符合题目要求。"
  },
  {
    "start": 1978.09,
    "end": 1982.79,
    "speaker": "老师",
    "text": "可是他说的是回家的路上。"
  },
  {
    "start": 1982.91,
    "end": 1990.68,
    "speaker": "老师",
    "text": "因此我们要知道这个点所对应的横坐标，"
  },
  {
    "start": 1990.7,
    "end": 1996.12,
    "speaker": "老师",
    "text": "我们知道纵坐标要求点的横坐标。"
  },
  {
    "start": 1996.12,
    "end": 1999.28,
    "speaker": "老师",
    "text": "因此我就会想着，"
  },
  {
    "start": 1999.28,
    "end": 2004.44,
    "speaker": "老师",
    "text": "我要是知道这一段的解析式就好了。"
  },
  {
    "start": 2004.5,
    "end": 2009.93,
    "speaker": "老师",
    "text": "我们观察到它在实际问题当中呢，"
  },
  {
    "start": 2009.93,
    "end": 2011.41,
    "speaker": "老师",
    "text": "实际是一条线段。"
  },
  {
    "start": 2011.41,
    "end": 2015.99,
    "speaker": "老师",
    "text": "因此我可以设它的解析式为y等于KX加b的形式，"
  },
  {
    "start": 2016.61,
    "end": 2021.19,
    "speaker": "老师",
    "text": "好找两个点代入其中你找到了吗？"
  },
  {
    "start": 2021.31,
    "end": 2024.95,
    "speaker": "老师",
    "text": "一个点是十四、十八，"
  },
  {
    "start": 2024.95,
    "end": 2027.39,
    "speaker": "老师",
    "text": "还有个点呢是十五，"
  },
  {
    "start": 2027.39,
    "end": 2029.55,
    "speaker": "老师",
    "text": "零代入进去，"
  },
  {
    "start": 2029.55,
    "end": 2034.45,
    "speaker": "老师",
    "text": "又得到了关于KB的二元一次方程组，"
  },
  {
    "start": 2034.45,
    "end": 2036.41,
    "speaker": "老师",
    "text": "通过加减消元计算，"
  },
  {
    "start": 2036.41,
    "end": 2039.21,
    "speaker": "老师",
    "text": "可以得出k与b的值。"
  },
  {
    "start": 2039.25,
    "end": 2041.07,
    "speaker": "老师",
    "text": "因此我知道了。"
  },
  {
    "start": 2041.07,
    "end": 2044.66,
    "speaker": "老师",
    "text": "在这一段时间内，"
  },
  {
    "start": 2044.66,
    "end": 2049.06,
    "speaker": "老师",
    "text": "它的解析式是y等于负十八，"
  },
  {
    "start": 2049.08,
    "end": 2051.26,
    "speaker": "老师",
    "text": "x加二百。"
  },
  {
    "start": 2051.5,
    "end": 2055.0,
    "speaker": "老师",
    "text": "七题中告诉我纵坐标，"
  },
  {
    "start": 2055.0,
    "end": 2056.66,
    "speaker": "老师",
    "text": "我要求横坐标，"
  },
  {
    "start": 2057.0,
    "end": 2063.46,
    "speaker": "老师",
    "text": "因此我可以令y等于九算出相应的自变量的值，"
  },
  {
    "start": 2063.46,
    "end": 2069.48,
    "speaker": "老师",
    "text": "就能够知道十四点三十分的时候距加是九千米。"
  },
  {
    "start": 2069.58,
    "end": 2071.16,
    "speaker": "老师",
    "text": "关于这一题，"
  },
  {
    "start": 2071.16,
    "end": 2072.72,
    "speaker": "老师",
    "text": "你明白了吗？"
  },
  {
    "start": 2072.78,
    "end": 2076.42,
    "speaker": "老师",
    "text": "有同学提出了不同的想法，"
  },
  {
    "start": 2076.42,
    "end": 2083.68,
    "speaker": "老师",
    "text": "他说老师这个题呢我也可以通过路线图来求解。"
  },
  {
    "start": 2083.68,
    "end": 2088.67,
    "speaker": "老师",
    "text": "那么我们一起来画一画路线图吧，"
  },
  {
    "start": 2088.67,
    "end": 2094.67,
    "speaker": "老师",
    "text": "我们给这些相应的点呢标上ABCDE这些字母。"
  },
  {
    "start": 2094.67,
    "end": 2097.42,
    "speaker": "老师",
    "text": "九点的时候，"
  },
  {
    "start": 2097.42,
    "end": 2098.82,
    "speaker": "老师",
    "text": "骑车人还在家，"
  },
  {
    "start": 2098.82,
    "end": 2099.66,
    "speaker": "老师",
    "text": "十点半时到达了距家三十千米的a处。"
  },
  {
    "start": 2099.28,
    "end": 2099.66,
    "speaker": "老师",
    "text": "十一点的时候呢，"
  },
  {
    "start": 2099.28,
    "end": 2099.66,
    "speaker": "老师",
    "text": "依旧是在a处休息了一段时间。"
  },
  {
    "start": 2099.28,
    "end": 2099.66,
    "speaker": "老师",
    "text": "好，"
  },
  {
    "start": 2099.28,
    "end": 2099.66,
    "speaker": "老师",
    "text": "紧接着十二点半到达了居家四十五千米的深处，"
  },
  {
    "start": 2099.28,
    "end": 2099.66,
    "speaker": "老师",
    "text": "紧接着第二次休息十三点三十分的时候开始返回了。"
  },
  {
    "start": 2099.28,
    "end": 2099.66,
    "speaker": "老师",
    "text": "十四点的时候呢，"
  },
  {
    "start": 2099.28,
    "end": 2099.66,
    "speaker": "老师",
    "text": "到达了距家十八千米的一处，"
  },
  {
    "start": 2099.28,
    "end": 2099.66,
    "speaker": "老师",
    "text": "紧接着十五点回到了家。"
  },
  {
    "start": 2099.28,
    "end": 2099.66,
    "speaker": "老师",
    "text": "其实利用这个路线图，"
  },
  {
    "start": 2099.28,
    "end": 2099.66,
    "speaker": "老师",
    "text": "我们依旧可以解答刚刚的所有问题。"
  },
  {
    "start": 2099.28,
    "end": 2099.66,
    "speaker": "老师",
    "text": "比如我们来看一下第一个这个人何时离家最远，"
  },
  {
    "start": 2099.28,
    "end": 2099.66,
    "speaker": "老师",
    "text": "这是他离家多远。"
  },
  {
    "start": 2099.28,
    "end": 2099.66,
    "speaker": "老师",
    "text": "我们来看一看，"
  },
  {
    "start": 2099.28,
    "end": 2099.66,
    "speaker": "老师",
    "text": "十二点三十分到十三点三十分，"
  },
  {
    "start": 2099.28,
    "end": 2099.66,
    "speaker": "老师",
    "text": "离家最远，"
  },
  {
    "start": 2099.28,
    "end": 2099.66,
    "speaker": "老师",
    "text": "这个时候离家是四十五千米。"
  },
  {
    "start": 2099.28,
    "end": 2099.66,
    "speaker": "老师",
    "text": "好，"
  },
  {
    "start": 2099.28,
    "end": 2099.66,
    "speaker": "老师",
    "text": "第二，"
  },
  {
    "start": 2099.28,
    "end": 2099.66,
    "speaker": "老师",
    "text": "问，"
  },
  {
    "start": 2099.28,
    "end": 2099.66,
    "speaker": "老师",
    "text": "何时他开始第一次休息，"
  },
  {
    "start": 2099.28,
    "end": 2099.66,
    "speaker": "老师",
    "text": "休息多长时间？"
  },
  {
    "start": 2099.28,
    "end": 2099.66,
    "speaker": "老师",
    "text": "这时他离家多远，"
  },
  {
    "start": 2099.28,
    "end": 2099.66,
    "speaker": "老师",
    "text": "我们观察一下，"
  },
  {
    "start": 2099.28,
    "end": 2099.66,
    "speaker": "老师",
    "text": "十点三十分开始第一次休息，"
  },
  {
    "start": 2099.28,
    "end": 2099.66,
    "speaker": "老师",
    "text": "休息了半小时。"
  },
  {
    "start": 2099.28,
    "end": 2099.66,
    "speaker": "老师",
    "text": "这时离家三十千米，"
  },
  {
    "start": 2099.28,
    "end": 2099.66,
    "speaker": "老师",
    "text": "其余的问题呢也可以同样的得到解答，"
  },
  {
    "start": 2099.28,
    "end": 2099.66,
    "speaker": "老师",
    "text": "请同学们自己试一试吧。"
  },
  {
    "start": 2099.28,
    "end": 2099.66,
    "speaker": "老师",
    "text": "其实啊我们理解函数图像的意义是解决函数问题的根本，"
  },
  {
    "start": 2099.28,
    "end": 2099.66,
    "speaker": "老师",
    "text": "利用函数图像解决实际问题，"
  },
  {
    "start": 2099.28,
    "end": 2099.66,
    "speaker": "老师",
    "text": "其关键在于正确的理解函数图像横纵坐标表示的意义。"
  },
  {
    "start": 2099.28,
    "end": 2099.66,
    "speaker": "老师",
    "text": "准确的理解函数图像中的关键点的意义，"
  },
  {
    "start": 2099.28,
    "end": 2099.66,
    "speaker": "老师",
    "text": "理解问题的发展过程。"
  },
  {
    "start": 2099.28,
    "end": 2099.66,
    "speaker": "老师",
    "text": "接下来是我们今天的作业，"
  },
  {
    "start": 2099.28,
    "end": 2099.66,
    "speaker": "老师",
    "text": "希望同学们能够利用课后的时间多加以巩固学习。"
  },
  {
    "start": 2099.28,
    "end": 2099.66,
    "speaker": "老师",
    "text": "今天我们就上到这里，"
  },
  {
    "start": 2099.28,
    "end": 2099.66,
    "speaker": "老师",
    "text": "同学们再见。"
  }
]