[
  {
    "start": 10.53,
    "end": 11.25,
    "speaker": "老师",
    "text": "同学们，"
  },
  {
    "start": 11.25,
    "end": 12.33,
    "speaker": "老师",
    "text": "大家好，"
  },
  {
    "start": 12.33,
    "end": 15.01,
    "speaker": "老师",
    "text": "很高兴与大家再次见面。"
  },
  {
    "start": 15.01,
    "end": 18.47,
    "speaker": "老师",
    "text": "今天我们学习的内容是第十九章，"
  },
  {
    "start": 18.83,
    "end": 21.37,
    "speaker": "老师",
    "text": "一次函数复习题讲评。"
  },
  {
    "start": 21.37,
    "end": 28.85,
    "speaker": "老师",
    "text": "二、请同学们翻开课本的第一百零八页做好准备。"
  },
  {
    "start": 28.85,
    "end": 33.65,
    "speaker": "老师",
    "text": "首先我们一起来回顾上节课的内容。"
  },
  {
    "start": 33.65,
    "end": 34.63,
    "speaker": "老师",
    "text": "在上节课，"
  },
  {
    "start": 34.63,
    "end": 41.56,
    "speaker": "老师",
    "text": "我们主要根据实际问题建立了函数的模型，"
  },
  {
    "start": 41.96,
    "end": 44.06,
    "speaker": "老师",
    "text": "写出了解析式，"
  },
  {
    "start": 44.06,
    "end": 46.56,
    "speaker": "老师",
    "text": "根据列表画出了图像，"
  },
  {
    "start": 47.24,
    "end": 54.68,
    "speaker": "老师",
    "text": "而解析式法、列表法和图像法也是函数的三种表示方法，"
  },
  {
    "start": 54.68,
    "end": 56.98,
    "speaker": "老师",
    "text": "它们可以互相的转化。"
  },
  {
    "start": 56.98,
    "end": 65.26,
    "speaker": "老师",
    "text": "今天我们主要用函数来解决实际问题，"
  },
  {
    "start": 65.26,
    "end": 67.28,
    "speaker": "老师",
    "text": "重点在应用。"
  },
  {
    "start": 67.28,
    "end": 153.47,
    "speaker": "老师",
    "text": "接下来我们一起看到课本的第八题请，"
  },
  {
    "start": 153.47,
    "end": 156.45,
    "speaker": "老师",
    "text": "同学们仔细审题先思考。"
  },
  {
    "start": 156.77,
    "end": 157.23,
    "speaker": "老师",
    "text": "好，"
  },
  {
    "start": 157.33,
    "end": 161.25,
    "speaker": "老师",
    "text": "下面我们接着题意来分析图像，"
  },
  {
    "start": 161.25,
    "end": 162.59,
    "speaker": "老师",
    "text": "先看横纵轴，"
  },
  {
    "start": 162.63,
    "end": 164.38,
    "speaker": "老师",
    "text": "横轴表示时间，"
  },
  {
    "start": 165.35,
    "end": 167.91,
    "speaker": "老师",
    "text": "纵轴表示水面的高度。"
  },
  {
    "start": 167.91,
    "end": 178.26,
    "speaker": "老师",
    "text": "而图像是由三条线段组成的折线这三条线段恰好对应容器山段水位的变化。"
  },
  {
    "start": 178.3,
    "end": 181.12,
    "speaker": "老师",
    "text": "我们知道线段的倾斜程度不同，"
  },
  {
    "start": 181.12,
    "end": 187.18,
    "speaker": "老师",
    "text": "表示水面升高的速度不同。"
  },
  {
    "start": 187.18,
    "end": 192.68,
    "speaker": "老师",
    "text": "那水面升高的速度与容器的什么有关系呢？"
  },
  {
    "start": 192.68,
    "end": 195.76,
    "speaker": "老师",
    "text": "对半径生活经验告诉我们，"
  },
  {
    "start": 195.76,
    "end": 197.14,
    "speaker": "老师",
    "text": "半径越大时，"
  },
  {
    "start": 197.14,
    "end": 201.41,
    "speaker": "老师",
    "text": "水面升高的速度就越小。"
  },
  {
    "start": 201.75,
    "end": 203.25,
    "speaker": "老师",
    "text": "根据这个结论，"
  },
  {
    "start": 203.25,
    "end": 205.39,
    "speaker": "老师",
    "text": "我们再回到图像。"
  },
  {
    "start": 205.89,
    "end": 208.43,
    "speaker": "老师",
    "text": "我们不妨先看AB段，"
  },
  {
    "start": 208.43,
    "end": 211.76,
    "speaker": "老师",
    "text": "AB的倾斜程度最小，"
  },
  {
    "start": 211.76,
    "end": 217.96,
    "speaker": "老师",
    "text": "因此它对应的容器的第二段半径就最大。"
  },
  {
    "start": 217.96,
    "end": 223.31,
    "speaker": "老师",
    "text": "所以我们排除第一个，"
  },
  {
    "start": 223.31,
    "end": 225.41,
    "speaker": "老师",
    "text": "我们再看BC段，"
  },
  {
    "start": 225.41,
    "end": 227.25,
    "speaker": "老师",
    "text": "它的倾斜程度最大，"
  },
  {
    "start": 227.25,
    "end": 230.95,
    "speaker": "老师",
    "text": "因此溶器的第三段半径就最小。"
  },
  {
    "start": 230.95,
    "end": 304.75,
    "speaker": "老师",
    "text": "所以我们选择对第三个接下来老师继续追问匀速的向另两个容器注水时，"
  },
  {
    "start": 304.75,
    "end": 310.89,
    "speaker": "老师",
    "text": "你能画出水面高度h随时间t变化的图像吗？"
  },
  {
    "start": 310.89,
    "end": 313.55,
    "speaker": "老师",
    "text": "这里只要求画出草图，"
  },
  {
    "start": 313.55,
    "end": 316.49,
    "speaker": "老师",
    "text": "请同学们试一试。"
  },
  {
    "start": 316.49,
    "end": 316.79,
    "speaker": "老师",
    "text": "好，"
  },
  {
    "start": 316.79,
    "end": 317.37,
    "speaker": "老师",
    "text": "同学们，"
  },
  {
    "start": 317.37,
    "end": 323.85,
    "speaker": "老师",
    "text": "我们一起来对一下。"
  },
  {
    "start": 323.85,
    "end": 326.01,
    "speaker": "老师",
    "text": "先看第一个容器，"
  },
  {
    "start": 326.33,
    "end": 329.25,
    "speaker": "老师",
    "text": "由下至上它的半径越来越小，"
  },
  {
    "start": 329.29,
    "end": 336.0,
    "speaker": "老师",
    "text": "因此对应的倾斜程度就越来越大。"
  },
  {
    "start": 336.04,
    "end": 340.51,
    "speaker": "老师",
    "text": "所以我们可以这样画。"
  },
  {
    "start": 340.87,
    "end": 341.35,
    "speaker": "老师",
    "text": "好，"
  },
  {
    "start": 341.37,
    "end": 343.85,
    "speaker": "老师",
    "text": "我们再看到第二个容器，"
  },
  {
    "start": 343.85,
    "end": 347.28,
    "speaker": "老师",
    "text": "它的第一段半径最小，"
  },
  {
    "start": 347.28,
    "end": 354.46,
    "speaker": "老师",
    "text": "因此对应的倾斜程度最大，"
  },
  {
    "start": 354.46,
    "end": 355.9,
    "speaker": "老师",
    "text": "第二段半径最大，"
  },
  {
    "start": 355.9,
    "end": 359.02,
    "speaker": "老师",
    "text": "因此倾斜程度最小。"
  },
  {
    "start": 359.02,
    "end": 362.41,
    "speaker": "老师",
    "text": "而第三段半径居中，"
  },
  {
    "start": 362.41,
    "end": 416.01,
    "speaker": "老师",
    "text": "因是它的倾斜程度居于前两者之间。"
  },
  {
    "start": 417.76,
    "end": 418.56,
    "speaker": "老师",
    "text": "同学们，"
  },
  {
    "start": 418.56,
    "end": 421.38,
    "speaker": "老师",
    "text": "你们注意这个细节了吗？"
  },
  {
    "start": 421.42,
    "end": 428.47,
    "speaker": "老师",
    "text": "接下来我们再看一道与函数图像有关的问题，"
  },
  {
    "start": 428.47,
    "end": 434.6,
    "speaker": "老师",
    "text": "请看到课本的第十三题请仔细审题完成。"
  },
  {
    "start": 434.6,
    "end": 436.73,
    "speaker": "老师",
    "text": "第一问，"
  },
  {
    "start": 436.73,
    "end": 437.27,
    "speaker": "老师",
    "text": "是的。"
  },
  {
    "start": 437.27,
    "end": 437.69,
    "speaker": "老师",
    "text": "好，"
  },
  {
    "start": 437.85,
    "end": 439.73,
    "speaker": "老师",
    "text": "我们一起来分析，"
  },
  {
    "start": 439.73,
    "end": 441.27,
    "speaker": "老师",
    "text": "先看横纵轴，"
  },
  {
    "start": 441.27,
    "end": 443.19,
    "speaker": "老师",
    "text": "横轴表示时间，"
  },
  {
    "start": 443.19,
    "end": 444.23,
    "speaker": "老师",
    "text": "纵轴表示水量，"
  },
  {
    "start": 444.23,
    "end": 448.95,
    "speaker": "老师",
    "text": "而它是由两段线段组成的折线。"
  },
  {
    "start": 449.01,
    "end": 449.57,
    "speaker": "老师",
    "text": "显然，"
  },
  {
    "start": 449.75,
    "end": 450.77,
    "speaker": "老师",
    "text": "第一段表示，"
  },
  {
    "start": 450.77,
    "end": 455.35,
    "speaker": "老师",
    "text": "四分钟内只进水不出水的过程。"
  },
  {
    "start": 455.35,
    "end": 456.09,
    "speaker": "老师",
    "text": "第二段表示，"
  },
  {
    "start": 456.09,
    "end": 460.23,
    "speaker": "老师",
    "text": "随后的八分钟内既进水又出水的过程。"
  },
  {
    "start": 460.27,
    "end": 460.69,
    "speaker": "老师",
    "text": "好，"
  },
  {
    "start": 460.69,
    "end": 465.89,
    "speaker": "老师",
    "text": "我们来看第一问当x大于等于零，"
  },
  {
    "start": 465.89,
    "end": 472.75,
    "speaker": "老师",
    "text": "小于等于四时求y关于x的函数解析式求解析式，"
  },
  {
    "start": 472.75,
    "end": 478.43,
    "speaker": "老师",
    "text": "我们想到了待定系数法。"
  },
  {
    "start": 478.81,
    "end": 479.17,
    "speaker": "老师",
    "text": "好，"
  },
  {
    "start": 479.17,
    "end": 481.72,
    "speaker": "老师",
    "text": "我们来观察图像，"
  },
  {
    "start": 481.72,
    "end": 484.53,
    "speaker": "老师",
    "text": "x大于等于零，"
  },
  {
    "start": 484.53,
    "end": 487.91,
    "speaker": "老师",
    "text": "小于等于四。"
  },
  {
    "start": 487.95,
    "end": 489.27,
    "speaker": "老师",
    "text": "也就是第一段，"
  },
  {
    "start": 489.27,
    "end": 493.49,
    "speaker": "老师",
    "text": "我们发现它是经过原点的一条线段，"
  },
  {
    "start": 493.49,
    "end": 495.85,
    "speaker": "老师",
    "text": "因此我们设y等于k一x,"
  },
  {
    "start": 497.08,
    "end": 574.47,
    "speaker": "老师",
    "text": "而图像又是经过点四二十。"
  },
  {
    "start": 575.46,
    "end": 578.3,
    "speaker": "老师",
    "text": "因此我们把这个点带入解析式，"
  },
  {
    "start": 578.3,
    "end": 580.68,
    "speaker": "老师",
    "text": "并解得k一等于五，"
  },
  {
    "start": 580.68,
    "end": 584.5,
    "speaker": "老师",
    "text": "所以解析式为y等于五x."
  },
  {
    "start": 584.5,
    "end": 584.86,
    "speaker": "老师",
    "text": "好，"
  },
  {
    "start": 584.86,
    "end": 593.3,
    "speaker": "老师",
    "text": "下面我们来看到第二问当x大于四小于等于十二时，"
  },
  {
    "start": 593.3,
    "end": 598.26,
    "speaker": "老师",
    "text": "求y关于x的函数解析式。"
  },
  {
    "start": 598.26,
    "end": 602.49,
    "speaker": "老师",
    "text": "下面给点时间，"
  },
  {
    "start": 602.49,
    "end": 604.21,
    "speaker": "老师",
    "text": "同学们来算一算，"
  },
  {
    "start": 604.21,
    "end": 604.67,
    "speaker": "老师",
    "text": "不出。"
  },
  {
    "start": 604.67,
    "end": 605.09,
    "speaker": "老师",
    "text": "好，"
  },
  {
    "start": 605.09,
    "end": 605.67,
    "speaker": "老师",
    "text": "同学们，"
  },
  {
    "start": 605.67,
    "end": 611.29,
    "speaker": "老师",
    "text": "我们来对一下x大于四小于等于十二，"
  },
  {
    "start": 611.29,
    "end": 613.53,
    "speaker": "老师",
    "text": "也就是第二段。"
  },
  {
    "start": 621.43,
    "end": 630.37,
    "speaker": "老师",
    "text": "我们通过观察发现它是经过点四二十和点十二三十。"
  },
  {
    "start": 630.51,
    "end": 706.7,
    "speaker": "老师",
    "text": "因此我们设y等于k二x加b然后再把这两点带入解析式。"
  },
  {
    "start": 707.48,
    "end": 711.28,
    "speaker": "老师",
    "text": "提到关于k二b的二元一次方程组，"
  },
  {
    "start": 711.38,
    "end": 716.96,
    "speaker": "老师",
    "text": "通过计算得到k二等于四分之五，"
  },
  {
    "start": 717.06,
    "end": 719.44,
    "speaker": "老师",
    "text": "b等于十五，"
  },
  {
    "start": 719.44,
    "end": 723.22,
    "speaker": "老师",
    "text": "所以解析式为y等于四分之五，"
  },
  {
    "start": 723.22,
    "end": 723.98,
    "speaker": "老师",
    "text": "x加十五，"
  },
  {
    "start": 723.98,
    "end": 725.3,
    "speaker": "老师",
    "text": "你们算对了吗？"
  },
  {
    "start": 725.3,
    "end": 729.64,
    "speaker": "老师",
    "text": "接下来我们再看到第三问，"
  },
  {
    "start": 729.84,
    "end": 735.41,
    "speaker": "老师",
    "text": "每分钟进水出水各多少升？"
  },
  {
    "start": 735.41,
    "end": 735.63,
    "speaker": "老师",
    "text": "好，"
  },
  {
    "start": 735.63,
    "end": 740.0,
    "speaker": "老师",
    "text": "请同学们先思考。"
  },
  {
    "start": 740.08,
    "end": 740.6,
    "speaker": "老师",
    "text": "好，"
  },
  {
    "start": 740.6,
    "end": 742.42,
    "speaker": "老师",
    "text": "我们一起来看。"
  },
  {
    "start": 742.42,
    "end": 746.87,
    "speaker": "老师",
    "text": "由于第一段示只进水的过程，"
  },
  {
    "start": 746.89,
    "end": 753.21,
    "speaker": "老师",
    "text": "而且由图像观察发现四分钟内进水二十升，"
  },
  {
    "start": 753.33,
    "end": 757.97,
    "speaker": "老师",
    "text": "因此进水的速度为每分钟进水五升。"
  },
  {
    "start": 757.97,
    "end": 759.57,
    "speaker": "老师",
    "text": "再看出水速度，"
  },
  {
    "start": 759.57,
    "end": 771.86,
    "speaker": "老师",
    "text": "显然我们要看到第二段从第二段你能得到什么相关信息呢？"
  },
  {
    "start": 771.86,
    "end": 772.32,
    "speaker": "老师",
    "text": "对，"
  },
  {
    "start": 772.32,
    "end": 778.99,
    "speaker": "老师",
    "text": "我们发现八分钟内水量增加了十升，"
  },
  {
    "start": 778.99,
    "end": 784.35,
    "speaker": "老师",
    "text": "那水量增加的怎么计算呢？"
  },
  {
    "start": 784.35,
    "end": 790.82,
    "speaker": "老师",
    "text": "对根据进水量减出水量就会等于增加的水量，"
  },
  {
    "start": 790.82,
    "end": 793.78,
    "speaker": "老师",
    "text": "而进水的速度是五升，"
  },
  {
    "start": 793.86,
    "end": 796.46,
    "speaker": "老师",
    "text": "每分钟时间是八分钟，"
  },
  {
    "start": 796.8,
    "end": 800.5,
    "speaker": "老师",
    "text": "所以我们不妨设每分钟出水m升。"
  },
  {
    "start": 800.5,
    "end": 803.18,
    "speaker": "老师",
    "text": "那根据这个等量关系，"
  },
  {
    "start": 803.18,
    "end": 806.77,
    "speaker": "老师",
    "text": "你们会列出对应的方程吗？"
  },
  {
    "start": 806.77,
    "end": 807.53,
    "speaker": "老师",
    "text": "嗯，"
  },
  {
    "start": 807.53,
    "end": 807.89,
    "speaker": "老师",
    "text": "对，"
  },
  {
    "start": 808.01,
    "end": 814.22,
    "speaker": "老师",
    "text": "我们得到了八乘五减八m等于十，"
  },
  {
    "start": 814.22,
    "end": 818.32,
    "speaker": "老师",
    "text": "进而解出m等于四分之十五，"
  },
  {
    "start": 893.6,
    "end": 898.14,
    "speaker": "老师",
    "text": "所以每分钟进水出水各是五升和四分之十五升。"
  },
  {
    "start": 898.14,
    "end": 902.45,
    "speaker": "老师",
    "text": "同学们通过两道题的分析，"
  },
  {
    "start": 902.45,
    "end": 908.98,
    "speaker": "老师",
    "text": "我们发现根据函数的图像可以写出解析式，"
  },
  {
    "start": 908.98,
    "end": 912.02,
    "speaker": "老师",
    "text": "它们可以相互的转化。"
  },
  {
    "start": 912.02,
    "end": 918.19,
    "speaker": "老师",
    "text": "我们还有一个体会是我们要学会去观察函数图像，"
  },
  {
    "start": 918.19,
    "end": 927.32,
    "speaker": "老师",
    "text": "根据函数图像上的关键点、图像的变化趋势等得到相关的信息，"
  },
  {
    "start": 927.38,
    "end": 930.29,
    "speaker": "老师",
    "text": "进而来解决问题。"
  },
  {
    "start": 930.33,
    "end": 930.89,
    "speaker": "老师",
    "text": "好，"
  },
  {
    "start": 932.01,
    "end": 939.49,
    "speaker": "老师",
    "text": "接下来我们一起看到一个行程问题，"
  },
  {
    "start": 939.49,
    "end": 941.67,
    "speaker": "老师",
    "text": "请同学们仔细审题。"
  },
  {
    "start": 941.67,
    "end": 948.87,
    "speaker": "老师",
    "text": "接下来我们一起来分析同学们注意，"
  },
  {
    "start": 948.87,
    "end": 950.95,
    "speaker": "老师",
    "text": "在这个行程问题中，"
  },
  {
    "start": 950.95,
    "end": 953.27,
    "speaker": "老师",
    "text": "我们的自变量是十克，"
  },
  {
    "start": 953.27,
    "end": 955.37,
    "speaker": "老师",
    "text": "不是时间，"
  },
  {
    "start": 955.37,
    "end": 956.67,
    "speaker": "老师",
    "text": "函数依然是行程，"
  },
  {
    "start": 956.67,
    "end": 958.91,
    "speaker": "老师",
    "text": "也就是路程。"
  },
  {
    "start": 958.91,
    "end": 963.37,
    "speaker": "老师",
    "text": "首先我们不妨设时刻为x时，"
  },
  {
    "start": 963.41,
    "end": 965.92,
    "speaker": "老师",
    "text": "行程为y千米。"
  },
  {
    "start": 965.92,
    "end": 971.37,
    "speaker": "老师",
    "text": "接下来我们分别来表达甲乙的行程，"
  },
  {
    "start": 971.37,
    "end": 974.49,
    "speaker": "老师",
    "text": "先看甲的行程，"
  },
  {
    "start": 974.49,
    "end": 978.77,
    "speaker": "老师",
    "text": "依然根据路程等于速度乘时间，"
  },
  {
    "start": 978.95,
    "end": 982.59,
    "speaker": "老师",
    "text": "甲的速度是十千米每小时。"
  },
  {
    "start": 982.59,
    "end": 987.38,
    "speaker": "老师",
    "text": "那时间呢由于甲八点出发，"
  },
  {
    "start": 988.28,
    "end": 993.17,
    "speaker": "老师",
    "text": "那x时它用的时限就是x减八，"
  },
  {
    "start": 993.17,
    "end": 998.01,
    "speaker": "老师",
    "text": "因此甲的行程等于十乘x减八，"
  },
  {
    "start": 998.01,
    "end": 1001.99,
    "speaker": "老师",
    "text": "通过化简y甲等于十x减八十。"
  },
  {
    "start": 1002.07,
    "end": 1002.81,
    "speaker": "老师",
    "text": "同学们，"
  },
  {
    "start": 1002.81,
    "end": 1044.38,
    "speaker": "老师",
    "text": "这个实际问题，"
  },
  {
    "start": 1044.38,
    "end": 1049.97,
    "speaker": "老师",
    "text": "当我们写完解析式之后，"
  },
  {
    "start": 1049.97,
    "end": 1055.8,
    "speaker": "老师",
    "text": "我们要记得对考虑自变量的取值范围。"
  },
  {
    "start": 1055.8,
    "end": 1061.81,
    "speaker": "老师",
    "text": "这里的质币呢是时刻而出发时间，"
  },
  {
    "start": 1061.81,
    "end": 1063.03,
    "speaker": "老师",
    "text": "已知八点出发。"
  },
  {
    "start": 1063.03,
    "end": 1067.41,
    "speaker": "老师",
    "text": "那我们只要解决甲到达b地的时刻，"
  },
  {
    "start": 1067.65,
    "end": 1071.65,
    "speaker": "老师",
    "text": "根据全程二十五千米，"
  },
  {
    "start": 1071.81,
    "end": 1075.23,
    "speaker": "老师",
    "text": "甲的速度是十千米每小时。"
  },
  {
    "start": 1075.23,
    "end": 1075.77,
    "speaker": "老师",
    "text": "因此，"
  },
  {
    "start": 1075.77,
    "end": 1081.2,
    "speaker": "老师",
    "text": "甲到达b地所用的时间就是对两点五小时。"
  },
  {
    "start": 1081.2,
    "end": 1086.03,
    "speaker": "老师",
    "text": "那甲到达b地的时刻就是十点五十，"
  },
  {
    "start": 1086.03,
    "end": 1092.24,
    "speaker": "老师",
    "text": "所以我们得到x大于等于八，"
  },
  {
    "start": 1092.36,
    "end": 1093.82,
    "speaker": "老师",
    "text": "小于等于十点五。"
  },
  {
    "start": 1093.82,
    "end": 1094.06,
    "speaker": "老师",
    "text": "好，"
  },
  {
    "start": 1094.06,
    "end": 1097.68,
    "speaker": "老师",
    "text": "请类比老师的分析，"
  },
  {
    "start": 1097.68,
    "end": 1103.47,
    "speaker": "老师",
    "text": "同学们再完善一下你对乙的行程的解答。"
  },
  {
    "start": 1187.13,
    "end": 1187.57,
    "speaker": "老师",
    "text": "好，"
  },
  {
    "start": 1187.57,
    "end": 1191.18,
    "speaker": "老师",
    "text": "我们一起来看由乙的信息。"
  },
  {
    "start": 1191.18,
    "end": 1197.8,
    "speaker": "老师",
    "text": "我们知道乙的行程等于y等于四十乘以x减九点五，"
  },
  {
    "start": 1197.82,
    "end": 1202.59,
    "speaker": "老师",
    "text": "化简得到四十x减三百八。"
  },
  {
    "start": 1202.59,
    "end": 1202.95,
    "speaker": "老师",
    "text": "好，"
  },
  {
    "start": 1202.95,
    "end": 1209.46,
    "speaker": "老师",
    "text": "下面我们再来具体分享质变量取值范围。"
  },
  {
    "start": 1211.33,
    "end": 1215.31,
    "speaker": "老师",
    "text": "同样我们要解决已到达b地的时刻。"
  },
  {
    "start": 1215.33,
    "end": 1220.27,
    "speaker": "老师",
    "text": "根据AB两地相距二十五千米，"
  },
  {
    "start": 1220.27,
    "end": 1226.3,
    "speaker": "老师",
    "text": "乙的速度是四十千米每小时。"
  },
  {
    "start": 1226.42,
    "end": 1226.86,
    "speaker": "老师",
    "text": "因此，"
  },
  {
    "start": 1227.06,
    "end": 1230.0,
    "speaker": "老师",
    "text": "我们得到已到达b地，"
  },
  {
    "start": 1230.02,
    "end": 1234.19,
    "speaker": "老师",
    "text": "所花的时间是零点六二五，"
  },
  {
    "start": 1234.45,
    "end": 1239.69,
    "speaker": "老师",
    "text": "所以乙到达b近时刻则为十点一二五，"
  },
  {
    "start": 1239.69,
    "end": 1243.95,
    "speaker": "老师",
    "text": "所以x大于等于九点五，"
  },
  {
    "start": 1243.99,
    "end": 1248.8,
    "speaker": "老师",
    "text": "小于等于十点一二五。"
  },
  {
    "start": 1248.8,
    "end": 1249.47,
    "speaker": "老师",
    "text": "好，"
  },
  {
    "start": 1250.71,
    "end": 1251.79,
    "speaker": "老师",
    "text": "同学们，"
  },
  {
    "start": 1251.81,
    "end": 1254.57,
    "speaker": "老师",
    "text": "接下来我们看到第二问，"
  },
  {
    "start": 1254.57,
    "end": 1257.25,
    "speaker": "老师",
    "text": "请同学们再思考。"
  },
  {
    "start": 1257.25,
    "end": 1257.61,
    "speaker": "老师",
    "text": "好，"
  },
  {
    "start": 1257.61,
    "end": 1260.71,
    "speaker": "老师",
    "text": "同学们，"
  },
  {
    "start": 1260.71,
    "end": 1262.71,
    "speaker": "老师",
    "text": "我们一起来看吧。"
  },
  {
    "start": 1262.71,
    "end": 1272.37,
    "speaker": "老师",
    "text": "细心的同学会发现，"
  },
  {
    "start": 1272.37,
    "end": 1276.29,
    "speaker": "老师",
    "text": "从第一问的自变量取值范围，"
  },
  {
    "start": 1276.29,
    "end": 1279.49,
    "speaker": "老师",
    "text": "我们发现乙比甲早到达b地，"
  },
  {
    "start": 1279.49,
    "end": 1282.2,
    "speaker": "老师",
    "text": "因此从这一点就能发现，"
  },
  {
    "start": 1283.8,
    "end": 1287.78,
    "speaker": "老师",
    "text": "乙是能在途中超过甲的那何时超过呢？"
  },
  {
    "start": 1287.78,
    "end": 1289.6,
    "speaker": "老师",
    "text": "因为能超过，"
  },
  {
    "start": 1289.6,
    "end": 1292.08,
    "speaker": "老师",
    "text": "那就有一个时刻，"
  },
  {
    "start": 1293.68,
    "end": 1294.8,
    "speaker": "老师",
    "text": "它们会相遇，"
  },
  {
    "start": 1294.8,
    "end": 1296.24,
    "speaker": "老师",
    "text": "相遇时，"
  },
  {
    "start": 1296.26,
    "end": 1298.54,
    "speaker": "老师",
    "text": "也就是行程相等。"
  },
  {
    "start": 1298.56,
    "end": 1410.48,
    "speaker": "老师",
    "text": "我们自然想到，"
  },
  {
    "start": 1410.56,
    "end": 1414.27,
    "speaker": "老师",
    "text": "联立解析式经额解得x等于十y等于二十。"
  },
  {
    "start": 1416.59,
    "end": 1420.16,
    "speaker": "老师",
    "text": "也就是说在十点他们相遇了。"
  },
  {
    "start": 1420.16,
    "end": 1423.4,
    "speaker": "老师",
    "text": "那十点以后乙就超过甲。"
  },
  {
    "start": 1423.4,
    "end": 1428.38,
    "speaker": "老师",
    "text": "当然我们也可以借助于函数的图像，"
  },
  {
    "start": 1428.38,
    "end": 1431.91,
    "speaker": "老师",
    "text": "根据解析式我们画出图像，"
  },
  {
    "start": 1431.93,
    "end": 1435.43,
    "speaker": "老师",
    "text": "我们发现他们有交点，"
  },
  {
    "start": 1435.67,
    "end": 1439.95,
    "speaker": "老师",
    "text": "因此乙是能在途中超过甲的，"
  },
  {
    "start": 1439.95,
    "end": 1443.79,
    "speaker": "老师",
    "text": "而交点的横坐标正是相遇的时刻。"
  },
  {
    "start": 1443.79,
    "end": 1444.13,
    "speaker": "老师",
    "text": "好，"
  },
  {
    "start": 1444.13,
    "end": 1451.19,
    "speaker": "老师",
    "text": "接下来请同学们再看一看这个解答。"
  },
  {
    "start": 1451.19,
    "end": 1451.85,
    "speaker": "老师",
    "text": "好，"
  },
  {
    "start": 1451.85,
    "end": 1455.89,
    "speaker": "老师",
    "text": "下面我们看到课本的最后一题，"
  },
  {
    "start": 1455.91,
    "end": 1457.55,
    "speaker": "老师",
    "text": "也就是第十五题。"
  },
  {
    "start": 1457.55,
    "end": 1460.53,
    "speaker": "老师",
    "text": "昨天老师已经布置，"
  },
  {
    "start": 1462.04,
    "end": 1466.5,
    "speaker": "老师",
    "text": "你们先思考你们思考的怎样，"
  },
  {
    "start": 1466.5,
    "end": 1468.8,
    "speaker": "老师",
    "text": "这道题的量比较多，"
  },
  {
    "start": 1468.8,
    "end": 1473.64,
    "speaker": "老师",
    "text": "为了更好的理清量和量的关系，"
  },
  {
    "start": 1473.82,
    "end": 1476.56,
    "speaker": "老师",
    "text": "我们不妨借助于对表格，"
  },
  {
    "start": 1476.56,
    "end": 1478.96,
    "speaker": "老师",
    "text": "老师这里画了一张表，"
  },
  {
    "start": 1480.66,
    "end": 1484.95,
    "speaker": "老师",
    "text": "请同学们结合提议填一填这张表格。"
  },
  {
    "start": 1484.95,
    "end": 1485.49,
    "speaker": "老师",
    "text": "好，"
  },
  {
    "start": 1485.55,
    "end": 1486.83,
    "speaker": "老师",
    "text": "同学们，"
  },
  {
    "start": 1486.83,
    "end": 1489.29,
    "speaker": "老师",
    "text": "你们填好了吗？"
  },
  {
    "start": 1489.29,
    "end": 1493.06,
    "speaker": "老师",
    "text": "我们一起来对一下数据，"
  },
  {
    "start": 1493.08,
    "end": 1496.48,
    "speaker": "老师",
    "text": "你们是不是这样的。"
  },
  {
    "start": 1496.48,
    "end": 1496.88,
    "speaker": "老师",
    "text": "好，"
  },
  {
    "start": 1496.96,
    "end": 1499.58,
    "speaker": "老师",
    "text": "下面请看到供应量。"
  },
  {
    "start": 1499.98,
    "end": 1576.17,
    "speaker": "老师",
    "text": "我们发现AB层的供应量的和是五百。"
  },
  {
    "start": 1576.17,
    "end": 1580.53,
    "speaker": "老师",
    "text": "我们再看到CD两箱的需求量，"
  },
  {
    "start": 1580.53,
    "end": 1583.95,
    "speaker": "老师",
    "text": "发现他们的和也是五百，"
  },
  {
    "start": 1584.43,
    "end": 1587.57,
    "speaker": "老师",
    "text": "那说明供应量等于需求量到这里。"
  },
  {
    "start": 1587.57,
    "end": 1595.99,
    "speaker": "老师",
    "text": "相信同学们对整道题的题意是基本把握了的。"
  },
  {
    "start": 1596.37,
    "end": 1596.71,
    "speaker": "老师",
    "text": "好，"
  },
  {
    "start": 1596.71,
    "end": 1597.89,
    "speaker": "老师",
    "text": "我们再回答问题。"
  },
  {
    "start": 1597.89,
    "end": 1599.33,
    "speaker": "老师",
    "text": "怎样调运，"
  },
  {
    "start": 1599.33,
    "end": 1600.89,
    "speaker": "老师",
    "text": "可使总运费最少，"
  },
  {
    "start": 1601.65,
    "end": 1605.73,
    "speaker": "老师",
    "text": "总运费不就是四条路线的运费之和，"
  },
  {
    "start": 1605.87,
    "end": 1608.95,
    "speaker": "老师",
    "text": "那每条路线的运费该怎么求呢？"
  },
  {
    "start": 1608.95,
    "end": 1609.81,
    "speaker": "老师",
    "text": "有提议，"
  },
  {
    "start": 1609.81,
    "end": 1613.65,
    "speaker": "老师",
    "text": "我们知道运费等于运价乘运量，"
  },
  {
    "start": 1613.65,
    "end": 1616.49,
    "speaker": "老师",
    "text": "而运价都已知道。"
  },
  {
    "start": 1616.49,
    "end": 1620.7,
    "speaker": "老师",
    "text": "那我们只要表示出运量来，"
  },
  {
    "start": 1620.7,
    "end": 1625.3,
    "speaker": "老师",
    "text": "而根据题意运量之间又是有关系的。"
  },
  {
    "start": 1625.3,
    "end": 1625.82,
    "speaker": "老师",
    "text": "因此，"
  },
  {
    "start": 1625.82,
    "end": 1631.73,
    "speaker": "老师",
    "text": "我们不妨设出一条路线的运量老师，"
  },
  {
    "start": 1631.73,
    "end": 1639.08,
    "speaker": "老师",
    "text": "这里设的是a层运往c箱的肥料量为x吨，"
  },
  {
    "start": 1639.08,
    "end": 1640.42,
    "speaker": "老师",
    "text": "总运费为y元。"
  },
  {
    "start": 1640.44,
    "end": 1645.9,
    "speaker": "老师",
    "text": "那老师的表格就要再添加一辆酝酿。"
  },
  {
    "start": 1645.9,
    "end": 1653.95,
    "speaker": "老师",
    "text": "那a到c的运量就是x吨。"
  },
  {
    "start": 1653.95,
    "end": 1655.7,
    "speaker": "老师",
    "text": "请同学们结合题意，"
  },
  {
    "start": 1658.66,
    "end": 1660.94,
    "speaker": "老师",
    "text": "再把其他三个运量填一填好，"
  },
  {
    "start": 1660.94,
    "end": 1664.42,
    "speaker": "老师",
    "text": "我们一起来对一下。"
  },
  {
    "start": 1664.42,
    "end": 1668.9,
    "speaker": "老师",
    "text": "由于a层到身下的运量是x,"
  },
  {
    "start": 1668.9,
    "end": 1672.35,
    "speaker": "老师",
    "text": "而a层的供应量是两百，"
  },
  {
    "start": 1673.81,
    "end": 1678.51,
    "speaker": "老师",
    "text": "我们马上可以表示a层到d箱的运量是两百减x."
  },
  {
    "start": 1678.51,
    "end": 1679.12,
    "speaker": "老师",
    "text": "好，"
  },
  {
    "start": 1679.91,
    "end": 1692.42,
    "speaker": "老师",
    "text": "我们再看到b层到c箱的运量，"
  },
  {
    "start": 1692.68,
    "end": 1695.44,
    "speaker": "老师",
    "text": "由于c箱的需求量是两百四，"
  },
  {
    "start": 1695.44,
    "end": 1704.68,
    "speaker": "老师",
    "text": "我们可以得到它的运量是两百四减x我们再看到最后一个b层到d箱的运量，"
  },
  {
    "start": 1704.68,
    "end": 1708.9,
    "speaker": "老师",
    "text": "我们可以根据供应量，"
  },
  {
    "start": 1708.9,
    "end": 1713.92,
    "speaker": "老师",
    "text": "也可以根据需求量来填。"
  },
  {
    "start": 1713.92,
    "end": 1716.5,
    "speaker": "老师",
    "text": "我们不妨根据供应量来填。"
  },
  {
    "start": 1716.5,
    "end": 1719.52,
    "speaker": "老师",
    "text": "横向看表格，"
  },
  {
    "start": 1719.52,
    "end": 1723.69,
    "speaker": "老师",
    "text": "b层的供应量是三百，"
  },
  {
    "start": 1723.71,
    "end": 1728.41,
    "speaker": "老师",
    "text": "而b层已经运往c箱两百四减x,"
  },
  {
    "start": 1730.05,
    "end": 1736.11,
    "speaker": "老师",
    "text": "所以b层运往d箱的就是三百，"
  },
  {
    "start": 1736.11,
    "end": 1743.31,
    "speaker": "老师",
    "text": "减括号两百四减x所以得到六十加x好，"
  },
  {
    "start": 1743.33,
    "end": 1745.85,
    "speaker": "老师",
    "text": "现在四个运量都已找到，"
  },
  {
    "start": 1745.85,
    "end": 1749.21,
    "speaker": "老师",
    "text": "那么你们会求它的运费吗？"
  },
  {
    "start": 1749.21,
    "end": 1749.78,
    "speaker": "老师",
    "text": "对，"
  },
  {
    "start": 1750.96,
    "end": 1754.3,
    "speaker": "老师",
    "text": "我们只要把运价乘以运量，"
  },
  {
    "start": 1754.34,
    "end": 1755.26,
    "speaker": "老师",
    "text": "就是运费。"
  },
  {
    "start": 1755.26,
    "end": 1755.86,
    "speaker": "老师",
    "text": "好，"
  },
  {
    "start": 1755.86,
    "end": 1764.83,
    "speaker": "老师",
    "text": "那么种运费呢只能是把这四个运费加起来，"
  },
  {
    "start": 1764.83,
    "end": 1769.17,
    "speaker": "老师",
    "text": "我们得到这样一个y与x的关系式，"
  },
  {
    "start": 1769.21,
    "end": 1775.56,
    "speaker": "老师",
    "text": "通过化简y等于四x加一万零四十。"
  },
  {
    "start": 1775.58,
    "end": 1775.96,
    "speaker": "老师",
    "text": "哎，"
  },
  {
    "start": 1776.2,
    "end": 1776.84,
    "speaker": "老师",
    "text": "同学们，"
  },
  {
    "start": 1776.84,
    "end": 1912.78,
    "speaker": "老师",
    "text": "我们发现y是x的一次函数，"
  },
  {
    "start": 1912.78,
    "end": 1914.46,
    "speaker": "老师",
    "text": "但是写完解析式，"
  },
  {
    "start": 1914.48,
    "end": 1920.26,
    "speaker": "老师",
    "text": "我们依然要注意考虑质变量的取值范围。"
  },
  {
    "start": 1920.26,
    "end": 1921.38,
    "speaker": "老师",
    "text": "那怎么求呢？"
  },
  {
    "start": 1921.38,
    "end": 1921.89,
    "speaker": "老师",
    "text": "对，"
  },
  {
    "start": 1926.28,
    "end": 1927.76,
    "speaker": "老师",
    "text": "因为运价都已知道，"
  },
  {
    "start": 1928.54,
    "end": 1932.1,
    "speaker": "老师",
    "text": "那么我们只要保证运量都是非负的。"
  },
  {
    "start": 1932.12,
    "end": 1941.2,
    "speaker": "老师",
    "text": "所以我们得到这样一个关于x的不等式组，"
  },
  {
    "start": 1941.22,
    "end": 1944.68,
    "speaker": "老师",
    "text": "进而解得x大于等于零，"
  },
  {
    "start": 1944.68,
    "end": 1946.88,
    "speaker": "老师",
    "text": "小于等于两百，"
  },
  {
    "start": 1948.03,
    "end": 1952.03,
    "speaker": "老师",
    "text": "那总运费y什么时候最小呢？"
  },
  {
    "start": 1952.05,
    "end": 1952.85,
    "speaker": "老师",
    "text": "X取多少？"
  },
  {
    "start": 1952.97,
    "end": 1957.52,
    "speaker": "老师",
    "text": "我们自然想到这是一个一次函数，"
  },
  {
    "start": 1957.52,
    "end": 1960.85,
    "speaker": "老师",
    "text": "它的k大于零，"
  },
  {
    "start": 1960.85,
    "end": 1965.22,
    "speaker": "老师",
    "text": "因此图像从左至右是呈上升的趋势。"
  },
  {
    "start": 1965.22,
    "end": 1969.04,
    "speaker": "老师",
    "text": "所以y随x的增大而增大。"
  },
  {
    "start": 1969.04,
    "end": 1971.82,
    "speaker": "老师",
    "text": "因此当x取零时y能取最小，"
  },
  {
    "start": 1971.82,
    "end": 1979.49,
    "speaker": "老师",
    "text": "并且最小值为一万零四十。"
  },
  {
    "start": 1979.49,
    "end": 1988.29,
    "speaker": "老师",
    "text": "那接下来我们只要把x等于零带入其他三个运量表达式，"
  },
  {
    "start": 1988.29,
    "end": 1991.39,
    "speaker": "老师",
    "text": "进而得到最佳的方案。"
  },
  {
    "start": 1991.39,
    "end": 1994.37,
    "speaker": "老师",
    "text": "是从a层运往d箱是两百吨，"
  },
  {
    "start": 1994.37,
    "end": 2001.95,
    "speaker": "老师",
    "text": "从b层运往c箱两百四十吨，"
  },
  {
    "start": 2001.95,
    "end": 2003.97,
    "speaker": "老师",
    "text": "从b层运往d箱六十吨。"
  },
  {
    "start": 2004.65,
    "end": 2005.03,
    "speaker": "老师",
    "text": "好，"
  },
  {
    "start": 2005.03,
    "end": 2005.71,
    "speaker": "老师",
    "text": "同学们，"
  },
  {
    "start": 2005.71,
    "end": 2041.02,
    "speaker": "老师",
    "text": "下面老师如果设b层运往深下的肥料量为x吨，"
  },
  {
    "start": 2041.02,
    "end": 2043.1,
    "speaker": "老师",
    "text": "总运费为万元。"
  },
  {
    "start": 2043.1,
    "end": 2045.24,
    "speaker": "老师",
    "text": "下面请类比老师分析，"
  },
  {
    "start": 2045.24,
    "end": 2046.56,
    "speaker": "老师",
    "text": "你们来做。"
  },
  {
    "start": 2048.72,
    "end": 2049.84,
    "speaker": "老师",
    "text": "一做好同学们，"
  },
  {
    "start": 2049.84,
    "end": 2052.31,
    "speaker": "老师",
    "text": "我们一起来看。"
  },
  {
    "start": 2052.31,
    "end": 2062.73,
    "speaker": "老师",
    "text": "由于我们已经设出b层到c下的运量是x那其他三个运量通过提意，"
  },
  {
    "start": 2062.75,
    "end": 2064.37,
    "speaker": "老师",
    "text": "我们可以得到，"
  },
  {
    "start": 2064.37,
    "end": 2066.77,
    "speaker": "老师",
    "text": "你们是这样表达的吗？"
  },
  {
    "start": 2066.79,
    "end": 2067.15,
    "speaker": "老师",
    "text": "好，"
  },
  {
    "start": 2067.15,
    "end": 2076.74,
    "speaker": "老师",
    "text": "接下来我们再用运价乘以运量得出运费来我们得到这样的四个运费，"
  },
  {
    "start": 2076.74,
    "end": 2078.5,
    "speaker": "老师",
    "text": "再把这运费加起来，"
  },
  {
    "start": 2078.5,
    "end": 2085.49,
    "speaker": "老师",
    "text": "进而得到y与x的关系式，"
  },
  {
    "start": 2085.79,
    "end": 2086.43,
    "speaker": "老师",
    "text": "通过化简y等于负四x加一万一千。"
  },
  {
    "start": 2085.95,
    "end": 2086.43,
    "speaker": "老师",
    "text": "同样我们在考虑自变量的取值范围，"
  },
  {
    "start": 2085.95,
    "end": 2086.43,
    "speaker": "老师",
    "text": "根据运量都是非负的。"
  },
  {
    "start": 2085.95,
    "end": 2086.43,
    "speaker": "老师",
    "text": "因此，"
  },
  {
    "start": 2085.95,
    "end": 2086.43,
    "speaker": "老师",
    "text": "我们得到这样一个不等式组，"
  },
  {
    "start": 2085.95,
    "end": 2086.43,
    "speaker": "老师",
    "text": "进而解出x大于等于四十，"
  },
  {
    "start": 2085.95,
    "end": 2086.43,
    "speaker": "老师",
    "text": "小于等于两百四。"
  },
  {
    "start": 2085.95,
    "end": 2086.43,
    "speaker": "老师",
    "text": "接下来我们再根据这个一次函数的图像和性质，"
  },
  {
    "start": 2085.95,
    "end": 2086.43,
    "speaker": "老师",
    "text": "k小林图像从左至右是下降的，"
  },
  {
    "start": 2085.95,
    "end": 2086.43,
    "speaker": "老师",
    "text": "因此y数s的增大而减小。"
  },
  {
    "start": 2085.95,
    "end": 2086.43,
    "speaker": "老师",
    "text": "所以当对当x等于两百四时y取最小，"
  },
  {
    "start": 2085.95,
    "end": 2086.43,
    "speaker": "老师",
    "text": "我们得到了一样的答案，"
  },
  {
    "start": 2085.95,
    "end": 2086.43,
    "speaker": "老师",
    "text": "因此我们的方案也是一样的。"
  },
  {
    "start": 2085.95,
    "end": 2086.43,
    "speaker": "老师",
    "text": "好，"
  },
  {
    "start": 2085.95,
    "end": 2086.43,
    "speaker": "老师",
    "text": "到这里我们这堂课就将接近尾声了。"
  },
  {
    "start": 2085.95,
    "end": 2086.43,
    "speaker": "老师",
    "text": "请同学们借着这两个问题反思一下本堂课。"
  },
  {
    "start": 2085.95,
    "end": 2086.43,
    "speaker": "老师",
    "text": "同学们老师的最大感受是在这堂课，"
  },
  {
    "start": 2085.95,
    "end": 2086.43,
    "speaker": "老师",
    "text": "我们主要用函数模型来解决实际问题。"
  },
  {
    "start": 2085.95,
    "end": 2086.43,
    "speaker": "老师",
    "text": "为了得到实际问题的解，"
  },
  {
    "start": 2085.95,
    "end": 2086.43,
    "speaker": "老师",
    "text": "我们设变量找对应关系转化为一次函数问题，"
  },
  {
    "start": 2085.95,
    "end": 2086.43,
    "speaker": "老师",
    "text": "得到一次函数问题的解，"
  },
  {
    "start": 2085.95,
    "end": 2086.43,
    "speaker": "老师",
    "text": "最后又回到实际问题，"
  },
  {
    "start": 2085.95,
    "end": 2086.43,
    "speaker": "老师",
    "text": "解释其实际意义，"
  },
  {
    "start": 2085.95,
    "end": 2086.43,
    "speaker": "老师",
    "text": "进而得到了实际问题的解。"
  },
  {
    "start": 2085.95,
    "end": 2086.43,
    "speaker": "老师",
    "text": "老师希望同学们通过不断的总结反思来提高自己的学习能力，"
  },
  {
    "start": 2085.95,
    "end": 2086.43,
    "speaker": "老师",
    "text": "这是今天的作业。"
  },
  {
    "start": 2085.95,
    "end": 2086.43,
    "speaker": "老师",
    "text": "请同学们认真完成，"
  },
  {
    "start": 2085.95,
    "end": 2086.43,
    "speaker": "老师",
    "text": "感谢大家的聆听，"
  },
  {
    "start": 2085.95,
    "end": 2086.43,
    "speaker": "老师",
    "text": "再见。"
  }
]