[
  {
    "start": 9.09,
    "end": 10.89,
    "speaker": "老师",
    "text": "同学们大家好，"
  },
  {
    "start": 10.89,
    "end": 13.08,
    "speaker": "老师",
    "text": "现在我们开始上课了。"
  },
  {
    "start": 13.08,
    "end": 19.16,
    "speaker": "老师",
    "text": "那今天呢我们来主要对第二章做一个回顾与复习。"
  },
  {
    "start": 19.18,
    "end": 28.96,
    "speaker": "老师",
    "text": "那首先我们来总结一下这章学习了哪些主要知识脉络。"
  },
  {
    "start": 28.96,
    "end": 30.72,
    "speaker": "老师",
    "text": "那本章的开始，"
  },
  {
    "start": 30.72,
    "end": 33.5,
    "speaker": "老师",
    "text": "我们是由生活当中的不等关系，"
  },
  {
    "start": 33.54,
    "end": 38.24,
    "speaker": "老师",
    "text": "得到不等式的概念。"
  },
  {
    "start": 38.24,
    "end": 43.67,
    "speaker": "老师",
    "text": "然后呢学习了这个不等式的基本性质，"
  },
  {
    "start": 43.67,
    "end": 48.36,
    "speaker": "老师",
    "text": "在还学习了这个不等式的解集相关的概念。"
  },
  {
    "start": 48.36,
    "end": 55.96,
    "speaker": "老师",
    "text": "接着我们主要学习了一元一次不等式，"
  },
  {
    "start": 55.96,
    "end": 57.18,
    "speaker": "老师",
    "text": "他的定义和解绑，"
  },
  {
    "start": 57.18,
    "end": 63.59,
    "speaker": "老师",
    "text": "主要的是它的解集在数轴上的表示。"
  },
  {
    "start": 63.59,
    "end": 71.65,
    "speaker": "老师",
    "text": "在之后我们还学习了这个一元一次不等式以一次函数的之间的关系。"
  },
  {
    "start": 71.65,
    "end": 77.37,
    "speaker": "老师",
    "text": "最后我们介绍了一元一次不等式组，"
  },
  {
    "start": 77.37,
    "end": 79.81,
    "speaker": "老师",
    "text": "它的相关概念和解法，"
  },
  {
    "start": 79.81,
    "end": 86.74,
    "speaker": "老师",
    "text": "也主要是介绍了他的解集在数轴上的表示。"
  },
  {
    "start": 86.74,
    "end": 98.9,
    "speaker": "老师",
    "text": "当然我们也介绍了这个一元一次不等式啊这个相关的实际应用。"
  },
  {
    "start": 98.9,
    "end": 106.37,
    "speaker": "老师",
    "text": "那首先我们来回顾一下这个不等式的概念以及不等式的基本性质。"
  },
  {
    "start": 106.37,
    "end": 109.2,
    "speaker": "老师",
    "text": "不等式的定义很简单，"
  },
  {
    "start": 109.24,
    "end": 114.67,
    "speaker": "老师",
    "text": "就是定不等号连接的式子。"
  },
  {
    "start": 114.67,
    "end": 117.29,
    "speaker": "老师",
    "text": "注意这一个符号也是不等号，"
  },
  {
    "start": 117.29,
    "end": 120.03,
    "speaker": "老师",
    "text": "然后它的基本性质有三条，"
  },
  {
    "start": 120.09,
    "end": 121.09,
    "speaker": "老师",
    "text": "第一条。"
  },
  {
    "start": 121.09,
    "end": 123.15,
    "speaker": "老师",
    "text": "不等式的基本性质，"
  },
  {
    "start": 123.15,
    "end": 129.15,
    "speaker": "老师",
    "text": "一把不等式的两边同时加或减同一个整式，"
  },
  {
    "start": 129.15,
    "end": 132.13,
    "speaker": "老师",
    "text": "不等号的方向不变。"
  },
  {
    "start": 132.15,
    "end": 135.61,
    "speaker": "老师",
    "text": "如果用数学语言，"
  },
  {
    "start": 135.61,
    "end": 146.26,
    "speaker": "老师",
    "text": "那就是如果a大于b那么a加c大于b加CA减c大于b减c不等式的基本性质啊，"
  },
  {
    "start": 146.26,
    "end": 153.77,
    "speaker": "老师",
    "text": "把不等式的两边同时都乘或除以同一个正数，"
  },
  {
    "start": 153.77,
    "end": 155.77,
    "speaker": "老师",
    "text": "不等号的方向不变。"
  },
  {
    "start": 155.77,
    "end": 161.16,
    "speaker": "老师",
    "text": "那数学语言就是如果a大于BC大于零，"
  },
  {
    "start": 162.24,
    "end": 171.82,
    "speaker": "老师",
    "text": "那么ACIBC c分之a八AC分之b这不等号的方向，"
  },
  {
    "start": 171.82,
    "end": 175.55,
    "speaker": "老师",
    "text": "它是不改变不等式的基本性质，"
  },
  {
    "start": 175.55,
    "end": 184.3,
    "speaker": "老师",
    "text": "三把两边同时乘或除一个步数，"
  },
  {
    "start": 184.3,
    "end": 187.18,
    "speaker": "老师",
    "text": "他的方向就发生了改变。"
  },
  {
    "start": 187.18,
    "end": 191.81,
    "speaker": "老师",
    "text": "这里是大于号变成个小于号，"
  },
  {
    "start": 191.81,
    "end": 195.42,
    "speaker": "老师",
    "text": "i号变成了小于号，"
  },
  {
    "start": 195.42,
    "end": 196.7,
    "speaker": "老师",
    "text": "c是负数。"
  },
  {
    "start": 196.84,
    "end": 202.85,
    "speaker": "老师",
    "text": "好看到例题一用适当的符号表示下列关系。"
  },
  {
    "start": 202.85,
    "end": 206.91,
    "speaker": "老师",
    "text": "第一个a的两倍比八小，"
  },
  {
    "start": 206.91,
    "end": 211.21,
    "speaker": "老师",
    "text": "那就是二a小于八。"
  },
  {
    "start": 211.23,
    "end": 212.53,
    "speaker": "老师",
    "text": "第二个，"
  },
  {
    "start": 212.53,
    "end": 219.21,
    "speaker": "老师",
    "text": "a与b的两数和的平方不大于二，"
  },
  {
    "start": 219.21,
    "end": 225.11,
    "speaker": "老师",
    "text": "这点要注意和的平方和，"
  },
  {
    "start": 225.27,
    "end": 228.25,
    "speaker": "老师",
    "text": "平方和是两回事，"
  },
  {
    "start": 228.79,
    "end": 229.67,
    "speaker": "老师",
    "text": "这不大。"
  },
  {
    "start": 229.89,
    "end": 231.61,
    "speaker": "老师",
    "text": "于是什么呢？"
  },
  {
    "start": 231.61,
    "end": 246.88,
    "speaker": "老师",
    "text": "不大于就小于或等于也就是a加b括号的平方小于等于第三个x与y的差为非正数。"
  },
  {
    "start": 246.88,
    "end": 252.8,
    "speaker": "老师",
    "text": "非正数是什么呢？"
  },
  {
    "start": 252.8,
    "end": 253.6,
    "speaker": "老师",
    "text": "就是不是正数，"
  },
  {
    "start": 253.6,
    "end": 258.3,
    "speaker": "老师",
    "text": "也就是负数和零，"
  },
  {
    "start": 258.3,
    "end": 263.2,
    "speaker": "老师",
    "text": "也就小于等于零，"
  },
  {
    "start": 263.22,
    "end": 267.93,
    "speaker": "老师",
    "text": "x减y小于等于a与四的和不小于这个不小，"
  },
  {
    "start": 267.93,
    "end": 271.02,
    "speaker": "老师",
    "text": "于是表示什么符号呢？"
  },
  {
    "start": 271.02,
    "end": 273.31,
    "speaker": "老师",
    "text": "就是大于等于。"
  },
  {
    "start": 273.31,
    "end": 273.57,
    "speaker": "老师",
    "text": "好，"
  },
  {
    "start": 273.57,
    "end": 276.92,
    "speaker": "老师",
    "text": "我们再来看一下第二题，"
  },
  {
    "start": 277.76,
    "end": 284.95,
    "speaker": "老师",
    "text": "若a大于b下列式子正确的是那a版这里是怎么变形过来的，"
  },
  {
    "start": 284.95,
    "end": 290.39,
    "speaker": "老师",
    "text": "是两边同时加上二不等号的方向不发生改变，"
  },
  {
    "start": 290.39,
    "end": 293.27,
    "speaker": "老师",
    "text": "所以这个错了。"
  },
  {
    "start": 293.27,
    "end": 299.51,
    "speaker": "老师",
    "text": "那第二个这是怎么变形过来的呢？"
  },
  {
    "start": 299.51,
    "end": 305.12,
    "speaker": "老师",
    "text": "他是把不等号的两边同时除以负啊，"
  },
  {
    "start": 305.34,
    "end": 306.82,
    "speaker": "老师",
    "text": "同时除以负。"
  },
  {
    "start": 306.82,
    "end": 310.17,
    "speaker": "老师",
    "text": "二用不等式的基本性质。"
  },
  {
    "start": 310.17,
    "end": 314.06,
    "speaker": "老师",
    "text": "三、不不等号的方向发生了改变，"
  },
  {
    "start": 314.06,
    "end": 320.93,
    "speaker": "老师",
    "text": "所以这个是正确的那我们看看c答案是怎么过来的呢？"
  },
  {
    "start": 320.99,
    "end": 323.05,
    "speaker": "老师",
    "text": "是吧？"
  },
  {
    "start": 323.05,
    "end": 333.1,
    "speaker": "老师",
    "text": "不等号两边先同时乘上负三就变成负三负三b它不等号的两边同时乘以一个负数的话，"
  },
  {
    "start": 333.1,
    "end": 335.14,
    "speaker": "老师",
    "text": "方向发生改变。"
  },
  {
    "start": 335.14,
    "end": 344.1,
    "speaker": "老师",
    "text": "所以这里是小于在两边同时加上一就变成了一这个负三a加一负三b加油，"
  },
  {
    "start": 344.1,
    "end": 347.68,
    "speaker": "老师",
    "text": "所以这个方向是错了。"
  },
  {
    "start": 347.68,
    "end": 349.97,
    "speaker": "老师",
    "text": "那最后一个了，"
  },
  {
    "start": 349.97,
    "end": 353.28,
    "speaker": "老师",
    "text": "a大于b赢a平方跟b平方，"
  },
  {
    "start": 353.28,
    "end": 365.01,
    "speaker": "老师",
    "text": "就是把两边一个是乘了a一个乘了b这里就不是不等式的基本信息了。"
  },
  {
    "start": 365.01,
    "end": 368.0,
    "speaker": "老师",
    "text": "那同学们说这个对吗？"
  },
  {
    "start": 368.0,
    "end": 368.18,
    "speaker": "老师",
    "text": "哎，"
  },
  {
    "start": 368.18,
    "end": 368.8,
    "speaker": "老师",
    "text": "显然错了。"
  },
  {
    "start": 368.8,
    "end": 372.8,
    "speaker": "老师",
    "text": "因为我们来看举个反例，"
  },
  {
    "start": 372.8,
    "end": 374.44,
    "speaker": "老师",
    "text": "如果a是一，"
  },
  {
    "start": 374.48,
    "end": 375.66,
    "speaker": "老师",
    "text": "b是负二，"
  },
  {
    "start": 375.78,
    "end": 380.54,
    "speaker": "老师",
    "text": "那这里平方就是一这里是四那一小于四，"
  },
  {
    "start": 380.56,
    "end": 382.94,
    "speaker": "老师",
    "text": "所以这个肯定是错的。"
  },
  {
    "start": 382.94,
    "end": 388.12,
    "speaker": "老师",
    "text": "再来看例题三关于x这样的一个不等式，"
  },
  {
    "start": 388.12,
    "end": 391.89,
    "speaker": "老师",
    "text": "它的解集是它那a的取值范围。"
  },
  {
    "start": 392.23,
    "end": 399.63,
    "speaker": "老师",
    "text": "那我们看一下这个是怎么变形过来的呢？"
  },
  {
    "start": 399.69,
    "end": 400.07,
    "speaker": "老师",
    "text": "哎，"
  },
  {
    "start": 400.07,
    "end": 405.26,
    "speaker": "老师",
    "text": "很好看，"
  },
  {
    "start": 405.4,
    "end": 423.58,
    "speaker": "老师",
    "text": "这是把两边不等号的两边同时除以一减a左边除以一减a变成x右边除以一减a变成一减a平方。"
  },
  {
    "start": 423.58,
    "end": 424.14,
    "speaker": "老师",
    "text": "好，"
  },
  {
    "start": 424.42,
    "end": 425.98,
    "speaker": "老师",
    "text": "同时除以一减一之后，"
  },
  {
    "start": 426.59,
    "end": 431.0,
    "speaker": "老师",
    "text": "这个不等号的方向这里是发生了改变。"
  },
  {
    "start": 431.1,
    "end": 435.88,
    "speaker": "老师",
    "text": "那所以说这个一减a就应该满足小，"
  },
  {
    "start": 435.88,
    "end": 438.62,
    "speaker": "老师",
    "text": "应是负数是吧？"
  },
  {
    "start": 438.74,
    "end": 439.21,
    "speaker": "老师",
    "text": "哎，"
  },
  {
    "start": 440.05,
    "end": 442.91,
    "speaker": "老师",
    "text": "一减a一减a小于零，"
  },
  {
    "start": 443.15,
    "end": 449.63,
    "speaker": "老师",
    "text": "那我们就会得到啊一一心二v在这里我们把a解出来，"
  },
  {
    "start": 449.81,
    "end": 460.92,
    "speaker": "老师",
    "text": "两边同时乘以负一不等号的方向发生了改变。"
  },
  {
    "start": 460.92,
    "end": 465.56,
    "speaker": "老师",
    "text": "这边乘负一这边乘负一，"
  },
  {
    "start": 465.56,
    "end": 475.3,
    "speaker": "老师",
    "text": "所以我们这里选b当然我们这里还可以直接把负a移过来，"
  },
  {
    "start": 475.32,
    "end": 484.14,
    "speaker": "老师",
    "text": "那就是得到一小于a也就是说a大于一是不是相对a大一。"
  },
  {
    "start": 484.14,
    "end": 491.68,
    "speaker": "老师",
    "text": "所以这个题目是考察同时除了一减a这个方向变了，"
  },
  {
    "start": 491.68,
    "end": 495.79,
    "speaker": "老师",
    "text": "所以它是一减h小于零。"
  },
  {
    "start": 495.79,
    "end": 497.68,
    "speaker": "老师",
    "text": "好，"
  },
  {
    "start": 497.68,
    "end": 504.96,
    "speaker": "老师",
    "text": "我们再来看看例题四若a大于BC为实数，"
  },
  {
    "start": 504.96,
    "end": 508.6,
    "speaker": "老师",
    "text": "比较AC平方与BC平方。"
  },
  {
    "start": 508.6,
    "end": 512.32,
    "speaker": "老师",
    "text": "那我们看到这里要比较AC平方，"
  },
  {
    "start": 512.32,
    "end": 513.16,
    "speaker": "老师",
    "text": "BC平方。"
  },
  {
    "start": 513.16,
    "end": 520.38,
    "speaker": "老师",
    "text": "我们知道这个是把a到a乘c平方是同时成了c平方，"
  },
  {
    "start": 520.4,
    "end": 523.18,
    "speaker": "老师",
    "text": "b也是成了c平方。"
  },
  {
    "start": 523.18,
    "end": 524.88,
    "speaker": "老师",
    "text": "那这两个大小怎么定呢？"
  },
  {
    "start": 525.52,
    "end": 535.52,
    "speaker": "老师",
    "text": "所以这里要看到c平方同时成了一个c平方，"
  },
  {
    "start": 535.62,
    "end": 538.93,
    "speaker": "老师",
    "text": "它是正数还是负数呢？"
  },
  {
    "start": 538.93,
    "end": 543.19,
    "speaker": "老师",
    "text": "或者说它有没有可能是零呢？"
  },
  {
    "start": 543.19,
    "end": 545.86,
    "speaker": "老师",
    "text": "我们知道一个数的平方是非负数，"
  },
  {
    "start": 547.02,
    "end": 547.74,
    "speaker": "老师",
    "text": "非负性平方的，"
  },
  {
    "start": 547.74,
    "end": 551.92,
    "speaker": "老师",
    "text": "非负性c平方大于等于零。"
  },
  {
    "start": 552.18,
    "end": 557.21,
    "speaker": "老师",
    "text": "那这里两边同时乘了一个c平方，"
  },
  {
    "start": 557.21,
    "end": 559.95,
    "speaker": "老师",
    "text": "如果它大于的话，"
  },
  {
    "start": 559.95,
    "end": 562.12,
    "speaker": "老师",
    "text": "不等号的方向不变。"
  },
  {
    "start": 562.81,
    "end": 563.97,
    "speaker": "老师",
    "text": "如果它等于零呢，"
  },
  {
    "start": 563.97,
    "end": 565.21,
    "speaker": "老师",
    "text": "对于零，"
  },
  {
    "start": 565.21,
    "end": 565.81,
    "speaker": "老师",
    "text": "这也是零，"
  },
  {
    "start": 565.81,
    "end": 567.05,
    "speaker": "老师",
    "text": "这也是零，"
  },
  {
    "start": 567.05,
    "end": 567.75,
    "speaker": "老师",
    "text": "那有可能相等。"
  },
  {
    "start": 567.75,
    "end": 570.61,
    "speaker": "老师",
    "text": "所以这里要分c如果等于零，"
  },
  {
    "start": 570.61,
    "end": 571.59,
    "speaker": "老师",
    "text": "那这里是相等，"
  },
  {
    "start": 571.59,
    "end": 573.56,
    "speaker": "老师",
    "text": "露西不等于零呢。"
  },
  {
    "start": 573.56,
    "end": 576.54,
    "speaker": "老师",
    "text": "因为c平方是大于不等号的方向，"
  },
  {
    "start": 576.54,
    "end": 579.63,
    "speaker": "老师",
    "text": "同时乘以c平方括好方向不变，"
  },
  {
    "start": 579.63,
    "end": 581.01,
    "speaker": "老师",
    "text": "还是保持大腰好了。"
  },
  {
    "start": 581.01,
    "end": 588.84,
    "speaker": "老师",
    "text": "我们这里也可以把c分成三种情况大于小于或等于零。"
  },
  {
    "start": 588.94,
    "end": 592.6,
    "speaker": "老师",
    "text": "所以这个题目还是要分类讨论。"
  },
  {
    "start": 592.6,
    "end": 594.68,
    "speaker": "老师",
    "text": "当c大于零的时候，"
  },
  {
    "start": 594.68,
    "end": 601.23,
    "speaker": "老师",
    "text": "c平方大于根据不等式的基本性质二得到这里还是大于。"
  },
  {
    "start": 601.23,
    "end": 604.15,
    "speaker": "老师",
    "text": "如果它等于零的时候，"
  },
  {
    "start": 604.15,
    "end": 604.95,
    "speaker": "老师",
    "text": "这是零，"
  },
  {
    "start": 605.09,
    "end": 606.79,
    "speaker": "老师",
    "text": "这是零，"
  },
  {
    "start": 606.79,
    "end": 611.01,
    "speaker": "老师",
    "text": "那就等于零。"
  },
  {
    "start": 611.01,
    "end": 612.49,
    "speaker": "老师",
    "text": "小于零的时候，"
  },
  {
    "start": 612.49,
    "end": 613.73,
    "speaker": "老师",
    "text": "c平方还是代零，"
  },
  {
    "start": 613.73,
    "end": 619.53,
    "speaker": "老师",
    "text": "所以不等式的基本清状还是可以得到大于来。"
  },
  {
    "start": 619.53,
    "end": 621.85,
    "speaker": "老师",
    "text": "总结一下，"
  },
  {
    "start": 621.85,
    "end": 628.42,
    "speaker": "老师",
    "text": "就是商加等于的时候候不等于零的时候是大于号。"
  },
  {
    "start": 628.58,
    "end": 638.23,
    "speaker": "老师",
    "text": "现在我们再看到一元一次不等式和一元一次不等式组它的相关概念和解法。"
  },
  {
    "start": 638.23,
    "end": 643.83,
    "speaker": "老师",
    "text": "那一元一次不等式它的定义只要把握三点，"
  },
  {
    "start": 649.62,
    "end": 653.56,
    "speaker": "老师",
    "text": "首先是只含有一个未知数一元，"
  },
  {
    "start": 653.56,
    "end": 660.92,
    "speaker": "老师",
    "text": "然后依次呢对未知数的最高次数是一啊，"
  },
  {
    "start": 661.0,
    "end": 663.34,
    "speaker": "老师",
    "text": "两边都是整式，"
  },
  {
    "start": 663.34,
    "end": 664.58,
    "speaker": "老师",
    "text": "两边都是整式。"
  },
  {
    "start": 664.58,
    "end": 673.42,
    "speaker": "老师",
    "text": "那解一元一次不等式和解一元一次方程比较类似，"
  },
  {
    "start": 674.04,
    "end": 675.9,
    "speaker": "老师",
    "text": "主要有一个区分母。"
  },
  {
    "start": 675.9,
    "end": 676.96,
    "speaker": "老师",
    "text": "第二个去括号。"
  },
  {
    "start": 676.96,
    "end": 680.37,
    "speaker": "老师",
    "text": "第三个呢一项第四个合并同类项。"
  },
  {
    "start": 680.37,
    "end": 683.69,
    "speaker": "老师",
    "text": "最后一个是系数化为一把，"
  },
  {
    "start": 683.69,
    "end": 687.7,
    "speaker": "老师",
    "text": "它变成x大于a或x小于a的形式，"
  },
  {
    "start": 687.7,
    "end": 694.79,
    "speaker": "老师",
    "text": "最终得到了这个不等式的解集。"
  },
  {
    "start": 694.79,
    "end": 695.43,
    "speaker": "老师",
    "text": "好，"
  },
  {
    "start": 695.43,
    "end": 697.71,
    "speaker": "老师",
    "text": "我们来看一下这个例题。"
  },
  {
    "start": 697.71,
    "end": 700.48,
    "speaker": "老师",
    "text": "五这里四个式子当中，"
  },
  {
    "start": 700.48,
    "end": 701.92,
    "speaker": "老师",
    "text": "哪个是远因子不等式？"
  },
  {
    "start": 702.94,
    "end": 704.34,
    "speaker": "老师",
    "text": "那第一个不是，"
  },
  {
    "start": 704.34,
    "end": 706.46,
    "speaker": "老师",
    "text": "因为它是二二次，"
  },
  {
    "start": 706.46,
    "end": 707.84,
    "speaker": "老师",
    "text": "不是一次。"
  },
  {
    "start": 707.84,
    "end": 708.96,
    "speaker": "老师",
    "text": "第二个，"
  },
  {
    "start": 708.96,
    "end": 713.65,
    "speaker": "老师",
    "text": "它也不是整它的不等号的右左边，"
  },
  {
    "start": 713.65,
    "end": 716.38,
    "speaker": "老师",
    "text": "它不是整式，"
  },
  {
    "start": 716.38,
    "end": 719.55,
    "speaker": "老师",
    "text": "这个x分之一，"
  },
  {
    "start": 720.36,
    "end": 721.04,
    "speaker": "老师",
    "text": "它不是整式，"
  },
  {
    "start": 721.04,
    "end": 723.55,
    "speaker": "老师",
    "text": "所以他也不是，"
  },
  {
    "start": 723.55,
    "end": 726.97,
    "speaker": "老师",
    "text": "这个是二元，"
  },
  {
    "start": 726.97,
    "end": 727.67,
    "speaker": "老师",
    "text": "也不是。"
  },
  {
    "start": 728.23,
    "end": 733.88,
    "speaker": "老师",
    "text": "因为这边它是整式，"
  },
  {
    "start": 734.64,
    "end": 735.76,
    "speaker": "老师",
    "text": "这边也是整室，"
  },
  {
    "start": 735.76,
    "end": 738.29,
    "speaker": "老师",
    "text": "而且是一元一次，"
  },
  {
    "start": 738.29,
    "end": 746.16,
    "speaker": "老师",
    "text": "这个就相当于是二分之一减二分之x这样的一个多项式。"
  },
  {
    "start": 746.16,
    "end": 756.93,
    "speaker": "老师",
    "text": "所以这里只有四满足是这个一元一次不等式只有一个。"
  },
  {
    "start": 756.93,
    "end": 757.29,
    "speaker": "老师",
    "text": "好，"
  },
  {
    "start": 757.29,
    "end": 768.31,
    "speaker": "老师",
    "text": "我们再来看到这个解这个一元一次不等式，"
  },
  {
    "start": 768.31,
    "end": 770.15,
    "speaker": "老师",
    "text": "并把它解集，"
  },
  {
    "start": 770.15,
    "end": 771.45,
    "speaker": "老师",
    "text": "然后在数轴上。"
  },
  {
    "start": 771.45,
    "end": 774.05,
    "speaker": "老师",
    "text": "那我们首先看到这里有分母，"
  },
  {
    "start": 774.05,
    "end": 778.68,
    "speaker": "老师",
    "text": "所以我们第一步要去分母，"
  },
  {
    "start": 778.68,
    "end": 779.62,
    "speaker": "老师",
    "text": "去分母，"
  },
  {
    "start": 779.62,
    "end": 783.18,
    "speaker": "老师",
    "text": "找到这三和六的最小公倍数。"
  },
  {
    "start": 783.2,
    "end": 783.42,
    "speaker": "老师",
    "text": "六。"
  },
  {
    "start": 783.42,
    "end": 790.95,
    "speaker": "老师",
    "text": "那我们根据不等式的基本性质啊，"
  },
  {
    "start": 790.95,
    "end": 805.02,
    "speaker": "老师",
    "text": "不等号两边同时纸上正六这个不等号的方向还不发生改变。"
  },
  {
    "start": 805.02,
    "end": 805.38,
    "speaker": "老师",
    "text": "好，"
  },
  {
    "start": 805.6,
    "end": 806.78,
    "speaker": "老师",
    "text": "再乘进去的话，"
  },
  {
    "start": 806.78,
    "end": 814.14,
    "speaker": "老师",
    "text": "这里就是二倍的二x减一真义乘进去分配率乘进来。"
  },
  {
    "start": 817.23,
    "end": 818.25,
    "speaker": "老师",
    "text": "有要注意这些减法，"
  },
  {
    "start": 818.25,
    "end": 821.42,
    "speaker": "老师",
    "text": "这分子是一个整体，"
  },
  {
    "start": 821.42,
    "end": 822.94,
    "speaker": "老师",
    "text": "这里一定要加括号，"
  },
  {
    "start": 822.94,
    "end": 824.22,
    "speaker": "老师",
    "text": "表示一个整体，"
  },
  {
    "start": 824.6,
    "end": 825.8,
    "speaker": "老师",
    "text": "否则就错了哈，"
  },
  {
    "start": 825.8,
    "end": 827.04,
    "speaker": "老师",
    "text": "这边不要漏成了六，"
  },
  {
    "start": 827.04,
    "end": 828.56,
    "speaker": "老师",
    "text": "所以第一步去分母，"
  },
  {
    "start": 828.56,
    "end": 831.67,
    "speaker": "老师",
    "text": "然后再去个号，"
  },
  {
    "start": 831.67,
    "end": 834.57,
    "speaker": "老师",
    "text": "最后再按照步骤进行下去。"
  },
  {
    "start": 834.57,
    "end": 836.99,
    "speaker": "老师",
    "text": "在一项带合并同类项，"
  },
  {
    "start": 836.99,
    "end": 842.18,
    "speaker": "老师",
    "text": "到了这里合并完了同类项之后，"
  },
  {
    "start": 842.18,
    "end": 846.38,
    "speaker": "老师",
    "text": "这里系数化为一的时候要注意两边同时除以负，"
  },
  {
    "start": 846.4,
    "end": 851.96,
    "speaker": "老师",
    "text": "这边是x这边是负不等号的方向发生改变，"
  },
  {
    "start": 851.96,
    "end": 855.18,
    "speaker": "老师",
    "text": "这是x大于等于负二。"
  },
  {
    "start": 855.18,
    "end": 858.79,
    "speaker": "老师",
    "text": "这步要注意最后在数轴上表示出来，"
  },
  {
    "start": 858.79,
    "end": 859.37,
    "speaker": "老师",
    "text": "有等号，"
  },
  {
    "start": 859.51,
    "end": 860.43,
    "speaker": "老师",
    "text": "这是实心原点，"
  },
  {
    "start": 860.43,
    "end": 861.74,
    "speaker": "老师",
    "text": "再向右。"
  },
  {
    "start": 861.74,
    "end": 863.94,
    "speaker": "老师",
    "text": "所以求出它的解集后，"
  },
  {
    "start": 863.94,
    "end": 866.54,
    "speaker": "老师",
    "text": "然后根据大于向右，"
  },
  {
    "start": 866.54,
    "end": 868.87,
    "speaker": "老师",
    "text": "小于向左含等号，"
  },
  {
    "start": 868.87,
    "end": 871.19,
    "speaker": "老师",
    "text": "用实心不含等号，"
  },
  {
    "start": 871.19,
    "end": 872.65,
    "speaker": "老师",
    "text": "用空心它类原则啊。"
  },
  {
    "start": 872.67,
    "end": 873.61,
    "speaker": "老师",
    "text": "好，"
  },
  {
    "start": 873.77,
    "end": 876.79,
    "speaker": "老师",
    "text": "我们再来看看不等式组的定义。"
  },
  {
    "start": 876.83,
    "end": 881.35,
    "speaker": "老师",
    "text": "这个一元一次不等式组啊要注意两点，"
  },
  {
    "start": 881.35,
    "end": 883.45,
    "speaker": "老师",
    "text": "第一个是也是同一个未知数。"
  },
  {
    "start": 883.45,
    "end": 889.3,
    "speaker": "老师",
    "text": "这几个不等式都是关于同一个位数，"
  },
  {
    "start": 891.31,
    "end": 893.15,
    "speaker": "老师",
    "text": "因为它还是一元，"
  },
  {
    "start": 893.15,
    "end": 893.75,
    "speaker": "老师",
    "text": "然后呢，"
  },
  {
    "start": 893.75,
    "end": 902.36,
    "speaker": "老师",
    "text": "所含的几个不等式都是一元一次不等式这样组成起来的，"
  },
  {
    "start": 902.36,
    "end": 904.02,
    "speaker": "老师",
    "text": "就是一元一次不等式。"
  },
  {
    "start": 904.02,
    "end": 904.32,
    "speaker": "老师",
    "text": "好，"
  },
  {
    "start": 904.32,
    "end": 909.87,
    "speaker": "老师",
    "text": "一元一次不等式组的解集是指所含的各个不等式，"
  },
  {
    "start": 910.21,
    "end": 912.97,
    "speaker": "老师",
    "text": "它解集的公共部分。"
  },
  {
    "start": 912.97,
    "end": 916.93,
    "speaker": "老师",
    "text": "那在它的解法上面主要有三步，"
  },
  {
    "start": 916.93,
    "end": 917.61,
    "speaker": "老师",
    "text": "第一步，"
  },
  {
    "start": 917.61,
    "end": 919.97,
    "speaker": "老师",
    "text": "先求出每一个不等式的解集。"
  },
  {
    "start": 919.97,
    "end": 922.41,
    "speaker": "老师",
    "text": "第二步，"
  },
  {
    "start": 922.41,
    "end": 928.51,
    "speaker": "老师",
    "text": "有两种方法可以利用数轴去找它的公共部分，"
  },
  {
    "start": 928.69,
    "end": 930.51,
    "speaker": "老师",
    "text": "或者利用口诀，"
  },
  {
    "start": 930.51,
    "end": 931.45,
    "speaker": "老师",
    "text": "从大取大。"
  },
  {
    "start": 931.45,
    "end": 934.77,
    "speaker": "老师",
    "text": "从小趋小大小小大中间找，"
  },
  {
    "start": 934.77,
    "end": 936.37,
    "speaker": "老师",
    "text": "大大小小无处找。"
  },
  {
    "start": 936.37,
    "end": 945.53,
    "speaker": "老师",
    "text": "当然这里口诀的话，"
  },
  {
    "start": 945.55,
    "end": 950.64,
    "speaker": "老师",
    "text": "它是对于比较相对比较简单啊，"
  },
  {
    "start": 950.64,
    "end": 951.5,
    "speaker": "老师",
    "text": "比较简单的，"
  },
  {
    "start": 951.5,
    "end": 954.3,
    "speaker": "老师",
    "text": "我们就比较快捷。"
  },
  {
    "start": 954.5,
    "end": 961.06,
    "speaker": "老师",
    "text": "但是我们形象直观的话，"
  },
  {
    "start": 961.06,
    "end": 967.74,
    "speaker": "老师",
    "text": "还是要利用数轴最后一步，"
  },
  {
    "start": 967.74,
    "end": 981.77,
    "speaker": "老师",
    "text": "不要忘了写出这个不等式组的结集。"
  },
  {
    "start": 981.77,
    "end": 986.41,
    "speaker": "老师",
    "text": "好，"
  },
  {
    "start": 986.41,
    "end": 989.37,
    "speaker": "老师",
    "text": "我们再来看一下这个例题，"
  },
  {
    "start": 989.37,
    "end": 994.02,
    "speaker": "老师",
    "text": "指出下面是一元一次不等式组的是哪个？"
  },
  {
    "start": 1001.65,
    "end": 1002.19,
    "speaker": "老师",
    "text": "第一个，"
  },
  {
    "start": 1002.19,
    "end": 1009.7,
    "speaker": "老师",
    "text": "这里是两个未知数，"
  },
  {
    "start": 1009.7,
    "end": 1010.85,
    "speaker": "老师",
    "text": "肯定不是。"
  },
  {
    "start": 1012.16,
    "end": 1013.56,
    "speaker": "老师",
    "text": "第二个，"
  },
  {
    "start": 1013.58,
    "end": 1015.26,
    "speaker": "老师",
    "text": "这里是有个二次，"
  },
  {
    "start": 1015.26,
    "end": 1020.41,
    "speaker": "老师",
    "text": "这上面一个不是一院一次，"
  },
  {
    "start": 1020.83,
    "end": 1023.87,
    "speaker": "老师",
    "text": "不能是这里有二，"
  },
  {
    "start": 1023.87,
    "end": 1024.75,
    "speaker": "老师",
    "text": "那也不是，"
  },
  {
    "start": 1024.75,
    "end": 1026.91,
    "speaker": "老师",
    "text": "那这个就是一元，"
  },
  {
    "start": 1027.93,
    "end": 1029.07,
    "speaker": "老师",
    "text": "而且是一次，"
  },
  {
    "start": 1029.07,
    "end": 1031.21,
    "speaker": "老师",
    "text": "两个都是一元，"
  },
  {
    "start": 1031.21,
    "end": 1034.89,
    "speaker": "老师",
    "text": "一次是吧？"
  },
  {
    "start": 1034.89,
    "end": 1035.85,
    "speaker": "老师",
    "text": "这个也是，"
  },
  {
    "start": 1035.85,
    "end": 1038.63,
    "speaker": "老师",
    "text": "那这个是由三个构成的，"
  },
  {
    "start": 1038.63,
    "end": 1042.15,
    "speaker": "老师",
    "text": "三个一元一次不等式组成的，"
  },
  {
    "start": 1042.15,
    "end": 1043.23,
    "speaker": "老师",
    "text": "也是，"
  },
  {
    "start": 1043.23,
    "end": 1046.98,
    "speaker": "老师",
    "text": "那这个就不是了，"
  },
  {
    "start": 1046.98,
    "end": 1048.14,
    "speaker": "老师",
    "text": "为什么呢？"
  },
  {
    "start": 1048.14,
    "end": 1053.72,
    "speaker": "老师",
    "text": "因为这个x分之一它不是整式。"
  },
  {
    "start": 1053.72,
    "end": 1056.5,
    "speaker": "老师",
    "text": "也就是说下面第二个不等式呢，"
  },
  {
    "start": 1056.5,
    "end": 1060.22,
    "speaker": "老师",
    "text": "它不是一元一次不等式，"
  },
  {
    "start": 1060.22,
    "end": 1063.84,
    "speaker": "老师",
    "text": "所以这里就不是一元一次不等式。"
  },
  {
    "start": 1063.84,
    "end": 1064.56,
    "speaker": "老师",
    "text": "好，"
  },
  {
    "start": 1064.56,
    "end": 1070.79,
    "speaker": "老师",
    "text": "一题八解这个不等式组，"
  },
  {
    "start": 1070.79,
    "end": 1073.11,
    "speaker": "老师",
    "text": "并把解集在数轴上表示出来，"
  },
  {
    "start": 1073.41,
    "end": 1076.21,
    "speaker": "老师",
    "text": "而且找到他的整数性。"
  },
  {
    "start": 1076.23,
    "end": 1082.01,
    "speaker": "老师",
    "text": "那我们第一步先把每个都解出来。"
  },
  {
    "start": 1082.01,
    "end": 1086.18,
    "speaker": "老师",
    "text": "第一个通过移项，"
  },
  {
    "start": 1086.18,
    "end": 1091.94,
    "speaker": "老师",
    "text": "再合并同类项，"
  },
  {
    "start": 1092.12,
    "end": 1092.62,
    "speaker": "老师",
    "text": "很简单，"
  },
  {
    "start": 1092.62,
    "end": 1097.69,
    "speaker": "老师",
    "text": "再把第二个我去去分母两边同时乘以正三，"
  },
  {
    "start": 1097.69,
    "end": 1099.53,
    "speaker": "老师",
    "text": "不等号的方向不变，"
  },
  {
    "start": 1099.53,
    "end": 1102.75,
    "speaker": "老师",
    "text": "左边乘以正三，"
  },
  {
    "start": 1102.75,
    "end": 1104.67,
    "speaker": "老师",
    "text": "右边乘以正三。"
  },
  {
    "start": 1104.67,
    "end": 1113.27,
    "speaker": "老师",
    "text": "再通过移项这移不来负在合并同类项，"
  },
  {
    "start": 1113.29,
    "end": 1115.28,
    "speaker": "老师",
    "text": "五x大于七，"
  },
  {
    "start": 1115.64,
    "end": 1116.68,
    "speaker": "老师",
    "text": "在系数化为一，"
  },
  {
    "start": 1116.68,
    "end": 1117.28,
    "speaker": "老师",
    "text": "两边，"
  },
  {
    "start": 1117.64,
    "end": 1120.2,
    "speaker": "老师",
    "text": "同时除以正五，"
  },
  {
    "start": 1120.2,
    "end": 1125.11,
    "speaker": "老师",
    "text": "这个方向不变。"
  },
  {
    "start": 1125.11,
    "end": 1125.33,
    "speaker": "老师",
    "text": "好，"
  },
  {
    "start": 1125.33,
    "end": 1127.66,
    "speaker": "老师",
    "text": "两个都解出来，"
  },
  {
    "start": 1127.66,
    "end": 1129.72,
    "speaker": "老师",
    "text": "这里解的过程交给曹植。"
  },
  {
    "start": 1130.63,
    "end": 1145.87,
    "speaker": "老师",
    "text": "所以我们就只要写解不等式一得减不等于二的。"
  },
  {
    "start": 1145.87,
    "end": 1149.31,
    "speaker": "老师",
    "text": "在这里我们得到解题，"
  },
  {
    "start": 1149.31,
    "end": 1150.95,
    "speaker": "老师",
    "text": "可以看到利用口诀，"
  },
  {
    "start": 1150.95,
    "end": 1153.94,
    "speaker": "老师",
    "text": "这里是五分之七，"
  },
  {
    "start": 1154.71,
    "end": 1155.25,
    "speaker": "老师",
    "text": "要小于三，"
  },
  {
    "start": 1155.25,
    "end": 1161.39,
    "speaker": "老师",
    "text": "就是大于小小于大的在中间找。"
  },
  {
    "start": 1161.45,
    "end": 1162.45,
    "speaker": "老师",
    "text": "当然，"
  },
  {
    "start": 1162.45,
    "end": 1173.73,
    "speaker": "老师",
    "text": "这里还要在数轴上表示出来大于五分之七，"
  },
  {
    "start": 1173.77,
    "end": 1178.47,
    "speaker": "老师",
    "text": "注意这个五分之七是在一二之间空心实心。"
  },
  {
    "start": 1178.57,
    "end": 1194.1,
    "speaker": "老师",
    "text": "再来看一下它整数解包含了它的解集里面公共部分里面含有一个二和三。"
  },
  {
    "start": 1194.1,
    "end": 1200.44,
    "speaker": "老师",
    "text": "所以在找公共部分过程当中可以借助数轴，"
  },
  {
    "start": 1200.44,
    "end": 1204.9,
    "speaker": "老师",
    "text": "也可以根据这个口诀来确定这个不等式组的解集好朋友。"
  },
  {
    "start": 1204.9,
    "end": 1208.5,
    "speaker": "老师",
    "text": "我们再来看一下这个题目，"
  },
  {
    "start": 1208.5,
    "end": 1209.48,
    "speaker": "老师",
    "text": "x大于二，"
  },
  {
    "start": 1209.48,
    "end": 1211.18,
    "speaker": "老师",
    "text": "x小于等于五。"
  },
  {
    "start": 1211.18,
    "end": 1215.01,
    "speaker": "老师",
    "text": "这个不等式组它有几个整数解，"
  },
  {
    "start": 1215.57,
    "end": 1225.82,
    "speaker": "老师",
    "text": "但是这里我们很容易得到它的不等式的解集大于二小于等于那就是大于小的小于大的在中间找，"
  },
  {
    "start": 1225.82,
    "end": 1232.87,
    "speaker": "老师",
    "text": "就是x大油小于等于五，"
  },
  {
    "start": 1233.07,
    "end": 1236.41,
    "speaker": "老师",
    "text": "这中间有几个整数解啊，"
  },
  {
    "start": 1237.34,
    "end": 1241.39,
    "speaker": "老师",
    "text": "有三四这个五，"
  },
  {
    "start": 1241.39,
    "end": 1243.87,
    "speaker": "老师",
    "text": "还在得有三个。"
  },
  {
    "start": 1243.93,
    "end": 1245.19,
    "speaker": "老师",
    "text": "再来看第二个，"
  },
  {
    "start": 1245.19,
    "end": 1250.74,
    "speaker": "老师",
    "text": "这个至少有三个整数解a的取值范围。"
  },
  {
    "start": 1251.1,
    "end": 1267.18,
    "speaker": "老师",
    "text": "那这里我们就要借助数轴来看一下，"
  },
  {
    "start": 1267.32,
    "end": 1273.88,
    "speaker": "老师",
    "text": "大姚向右小于等于a然后有三个整数解，"
  },
  {
    "start": 1273.88,
    "end": 1276.76,
    "speaker": "老师",
    "text": "那这个a肯定要在二的右边才有结吧。"
  },
  {
    "start": 1276.76,
    "end": 1277.12,
    "speaker": "老师",
    "text": "好，"
  },
  {
    "start": 1277.12,
    "end": 1280.6,
    "speaker": "老师",
    "text": "我们来看一下a在哪里在这边，"
  },
  {
    "start": 1280.6,
    "end": 1282.88,
    "speaker": "老师",
    "text": "那我们有三个哪三个嘞？"
  },
  {
    "start": 1282.88,
    "end": 1288.86,
    "speaker": "老师",
    "text": "这个三从这边找过来有三个，"
  },
  {
    "start": 1288.92,
    "end": 1290.32,
    "speaker": "老师",
    "text": "四至少有三个，"
  },
  {
    "start": 1290.32,
    "end": 1294.9,
    "speaker": "老师",
    "text": "所以这个a不能不能小于五，"
  },
  {
    "start": 1294.9,
    "end": 1295.84,
    "speaker": "老师",
    "text": "a小于五，"
  },
  {
    "start": 1295.84,
    "end": 1299.58,
    "speaker": "老师",
    "text": "这个五就没有。"
  },
  {
    "start": 1299.58,
    "end": 1303.31,
    "speaker": "老师",
    "text": "那我们就要在五的右边，"
  },
  {
    "start": 1303.31,
    "end": 1307.79,
    "speaker": "老师",
    "text": "在五的右边小于等于十七，"
  },
  {
    "start": 1307.79,
    "end": 1309.93,
    "speaker": "老师",
    "text": "好在五的左边不行，"
  },
  {
    "start": 1309.93,
    "end": 1311.87,
    "speaker": "老师",
    "text": "在五的右边可以。"
  },
  {
    "start": 1311.93,
    "end": 1313.8,
    "speaker": "老师",
    "text": "那在五这个地方呢，"
  },
  {
    "start": 1315.2,
    "end": 1317.4,
    "speaker": "老师",
    "text": "在五这个地方行不行呢？"
  },
  {
    "start": 1317.4,
    "end": 1330.65,
    "speaker": "老师",
    "text": "刚才我们看到是不是在五这个地方也可以啊，"
  },
  {
    "start": 1330.65,
    "end": 1332.23,
    "speaker": "老师",
    "text": "这里有三个呀，"
  },
  {
    "start": 1332.23,
    "end": 1338.09,
    "speaker": "老师",
    "text": "就是说正因为是实心的包含了五，"
  },
  {
    "start": 1338.09,
    "end": 1340.15,
    "speaker": "老师",
    "text": "所以当a等于五时可以，"
  },
  {
    "start": 1340.15,
    "end": 1346.98,
    "speaker": "老师",
    "text": "所以在五的右边或在五上面是可以的，"
  },
  {
    "start": 1347.84,
    "end": 1350.42,
    "speaker": "老师",
    "text": "也就是a大于等于五。"
  },
  {
    "start": 1350.42,
    "end": 1352.98,
    "speaker": "老师",
    "text": "在这里分类的时候，"
  },
  {
    "start": 1352.98,
    "end": 1363.74,
    "speaker": "老师",
    "text": "我们要考虑到在我们的右边左边还在五上面再看。"
  },
  {
    "start": 1363.74,
    "end": 1366.08,
    "speaker": "老师",
    "text": "第第三个有且只有三个，"
  },
  {
    "start": 1366.08,
    "end": 1370.48,
    "speaker": "老师",
    "text": "整数解有且只有说明只有三个。"
  },
  {
    "start": 1370.48,
    "end": 1375.07,
    "speaker": "老师",
    "text": "你如果说这个a很大的话，"
  },
  {
    "start": 1375.07,
    "end": 1377.63,
    "speaker": "老师",
    "text": "它可能就不止三个了，"
  },
  {
    "start": 1377.63,
    "end": 1386.27,
    "speaker": "老师",
    "text": "不能光保证大于等于五万。"
  },
  {
    "start": 1386.27,
    "end": 1386.91,
    "speaker": "老师",
    "text": "哎，"
  },
  {
    "start": 1386.91,
    "end": 1393.54,
    "speaker": "老师",
    "text": "这边还有范围要求我们再看一下，"
  },
  {
    "start": 1393.58,
    "end": 1400.16,
    "speaker": "老师",
    "text": "有且只有看这个a能不能在一大于六呢？"
  },
  {
    "start": 1400.16,
    "end": 1401.38,
    "speaker": "老师",
    "text": "大于六的话，"
  },
  {
    "start": 1401.38,
    "end": 1404.04,
    "speaker": "老师",
    "text": "那这个六就在这个公共部分里面，"
  },
  {
    "start": 1404.08,
    "end": 1408.48,
    "speaker": "老师",
    "text": "它就有四个。"
  },
  {
    "start": 1408.76,
    "end": 1411.98,
    "speaker": "老师",
    "text": "所以这个a能大于六，"
  },
  {
    "start": 1411.98,
    "end": 1416.88,
    "speaker": "老师",
    "text": "那只能是在五到六之间，"
  },
  {
    "start": 1416.88,
    "end": 1420.86,
    "speaker": "老师",
    "text": "先确定在五六到五六之间，"
  },
  {
    "start": 1420.86,
    "end": 1422.11,
    "speaker": "老师",
    "text": "在五和六之间，"
  },
  {
    "start": 1427.24,
    "end": 1429.76,
    "speaker": "老师",
    "text": "这里只有三个，"
  },
  {
    "start": 1429.76,
    "end": 1437.65,
    "speaker": "老师",
    "text": "对不对？"
  },
  {
    "start": 1437.65,
    "end": 1437.91,
    "speaker": "老师",
    "text": "好，"
  },
  {
    "start": 1437.91,
    "end": 1438.59,
    "speaker": "老师",
    "text": "不能带右。"
  },
  {
    "start": 1438.59,
    "end": 1440.71,
    "speaker": "老师",
    "text": "那我们再来看看临临界情况，"
  },
  {
    "start": 1440.71,
    "end": 1445.0,
    "speaker": "老师",
    "text": "刚才说可以等于五等于五三个，"
  },
  {
    "start": 1445.36,
    "end": 1446.7,
    "speaker": "老师",
    "text": "那能不能等于六啊？"
  },
  {
    "start": 1446.7,
    "end": 1449.73,
    "speaker": "老师",
    "text": "能不能带给我这里就不能等于六。"
  },
  {
    "start": 1449.93,
    "end": 1451.85,
    "speaker": "老师",
    "text": "如果等于六的话，"
  },
  {
    "start": 1451.85,
    "end": 1454.73,
    "speaker": "老师",
    "text": "这是实心的那这里又有包裹了，"
  },
  {
    "start": 1454.73,
    "end": 1459.22,
    "speaker": "老师",
    "text": "所以这里要注意两个临界情况啊，"
  },
  {
    "start": 1459.22,
    "end": 1460.8,
    "speaker": "老师",
    "text": "再来看一下它有解有碱，"
  },
  {
    "start": 1460.8,
    "end": 1463.12,
    "speaker": "老师",
    "text": "它有解的话，"
  },
  {
    "start": 1463.12,
    "end": 1465.01,
    "speaker": "老师",
    "text": "a的取值范围。"
  },
  {
    "start": 1465.01,
    "end": 1469.23,
    "speaker": "老师",
    "text": "我们看这a当然不能在不能在二的左边，"
  },
  {
    "start": 1469.25,
    "end": 1470.15,
    "speaker": "老师",
    "text": "在二的左边的话，"
  },
  {
    "start": 1470.15,
    "end": 1472.97,
    "speaker": "老师",
    "text": "如果a在二的左边，"
  },
  {
    "start": 1473.03,
    "end": 1476.01,
    "speaker": "老师",
    "text": "它这里大于二小于等于它就无解。"
  },
  {
    "start": 1476.01,
    "end": 1485.99,
    "speaker": "老师",
    "text": "所以说要有解a至少要在二的右边。"
  },
  {
    "start": 1485.99,
    "end": 1488.73,
    "speaker": "老师",
    "text": "那能不能java上面呢？"
  },
  {
    "start": 1488.73,
    "end": 1491.34,
    "speaker": "老师",
    "text": "能不能点一下嘞？"
  },
  {
    "start": 1491.34,
    "end": 1492.64,
    "speaker": "老师",
    "text": "看一下，"
  },
  {
    "start": 1492.64,
    "end": 1496.5,
    "speaker": "老师",
    "text": "如果他等于幺，"
  },
  {
    "start": 1496.5,
    "end": 1497.4,
    "speaker": "老师",
    "text": "这是大于二，"
  },
  {
    "start": 1497.4,
    "end": 1500.2,
    "speaker": "老师",
    "text": "这小于等于它有公共部分吗？"
  },
  {
    "start": 1500.24,
    "end": 1500.48,
    "speaker": "老师",
    "text": "啊，"
  },
  {
    "start": 1500.48,
    "end": 1501.62,
    "speaker": "老师",
    "text": "也没有，"
  },
  {
    "start": 1501.8,
    "end": 1505.78,
    "speaker": "老师",
    "text": "因为这里没有灯泡，"
  },
  {
    "start": 1505.78,
    "end": 1511.37,
    "speaker": "老师",
    "text": "所以说二等于二的时候也是无解，"
  },
  {
    "start": 1511.37,
    "end": 1520.88,
    "speaker": "老师",
    "text": "所以这里只能是x这个a八二幺。"
  },
  {
    "start": 1520.88,
    "end": 1528.1,
    "speaker": "老师",
    "text": "那无解的话就是像这种情况，"
  },
  {
    "start": 1528.1,
    "end": 1529.82,
    "speaker": "老师",
    "text": "a小于而且能等压。"
  },
  {
    "start": 1530.02,
    "end": 1531.48,
    "speaker": "老师",
    "text": "等压的话，"
  },
  {
    "start": 1531.48,
    "end": 1532.08,
    "speaker": "老师",
    "text": "刚才说了，"
  },
  {
    "start": 1532.08,
    "end": 1532.96,
    "speaker": "老师",
    "text": "也是于姐，"
  },
  {
    "start": 1532.96,
    "end": 1535.65,
    "speaker": "老师",
    "text": "我们也可以这么认为，"
  },
  {
    "start": 1535.65,
    "end": 1539.34,
    "speaker": "老师",
    "text": "刚才有解是大于二，"
  },
  {
    "start": 1539.34,
    "end": 1542.67,
    "speaker": "老师",
    "text": "所以无解就是它的对立面小于等。"
  },
  {
    "start": 1542.71,
    "end": 1544.86,
    "speaker": "老师",
    "text": "那通过填空题，"
  },
  {
    "start": 1545.16,
    "end": 1548.03,
    "speaker": "老师",
    "text": "我们得到哪些这个经验？"
  },
  {
    "start": 1548.03,
    "end": 1548.29,
    "speaker": "老师",
    "text": "嗯，"
  },
  {
    "start": 1548.29,
    "end": 1549.55,
    "speaker": "老师",
    "text": "我们要画数轴，"
  },
  {
    "start": 1549.55,
    "end": 1553.73,
    "speaker": "老师",
    "text": "利用树形结合思想来讨论，"
  },
  {
    "start": 1553.73,
    "end": 1556.8,
    "speaker": "老师",
    "text": "就显得比较形象直观。"
  },
  {
    "start": 1556.8,
    "end": 1557.06,
    "speaker": "老师",
    "text": "好，"
  },
  {
    "start": 1557.06,
    "end": 1560.95,
    "speaker": "老师",
    "text": "下面我们再来看一下，"
  },
  {
    "start": 1560.95,
    "end": 1566.52,
    "speaker": "老师",
    "text": "下面我们来复习一下一元一次不等式与一次函数的关系。"
  },
  {
    "start": 1566.52,
    "end": 1570.46,
    "speaker": "老师",
    "text": "那主要从两个方面来把握。"
  },
  {
    "start": 1570.46,
    "end": 1579.25,
    "speaker": "老师",
    "text": "第一个从书的角度就要从行的角度来看，"
  },
  {
    "start": 1579.25,
    "end": 1580.11,
    "speaker": "老师",
    "text": "从数的角度来看，"
  },
  {
    "start": 1581.75,
    "end": 1585.91,
    "speaker": "老师",
    "text": "这个不等式它大于零小于零，"
  },
  {
    "start": 1586.11,
    "end": 1590.46,
    "speaker": "老师",
    "text": "也就是对应的函数。"
  },
  {
    "start": 1590.46,
    "end": 1603.7,
    "speaker": "老师",
    "text": "这个函数值这个y就这个y大于零或小于零的自变量x的取值范围。"
  },
  {
    "start": 1603.86,
    "end": 1607.56,
    "speaker": "老师",
    "text": "从形的方面来看，"
  },
  {
    "start": 1607.56,
    "end": 1614.56,
    "speaker": "老师",
    "text": "也就是所对应的函数在这个直线在x轴的上方，"
  },
  {
    "start": 1614.84,
    "end": 1616.8,
    "speaker": "老师",
    "text": "也就AX加b大于零。"
  },
  {
    "start": 1616.8,
    "end": 1619.13,
    "speaker": "老师",
    "text": "就这个y大零。"
  },
  {
    "start": 1619.13,
    "end": 1623.98,
    "speaker": "老师",
    "text": "你在YX轴的上方或下方的时候，"
  },
  {
    "start": 1623.98,
    "end": 1627.14,
    "speaker": "老师",
    "text": "所对应的自变量的取值范围。"
  },
  {
    "start": 1627.14,
    "end": 1629.55,
    "speaker": "老师",
    "text": "那我看一下这道例题，"
  },
  {
    "start": 1629.55,
    "end": 1630.65,
    "speaker": "老师",
    "text": "如图是一次函数，"
  },
  {
    "start": 1630.65,
    "end": 1633.88,
    "speaker": "老师",
    "text": "y等于KX加b的图像。"
  },
  {
    "start": 1633.88,
    "end": 1638.49,
    "speaker": "老师",
    "text": "当y小于二的时候，"
  },
  {
    "start": 1638.49,
    "end": 1641.58,
    "speaker": "老师",
    "text": "x的取值范围是。"
  },
  {
    "start": 1641.96,
    "end": 1651.31,
    "speaker": "老师",
    "text": "那这样的题目我们可以从两个方面入手，"
  },
  {
    "start": 1651.31,
    "end": 1655.72,
    "speaker": "老师",
    "text": "第一个从书的方面去解决。"
  },
  {
    "start": 1655.72,
    "end": 1658.08,
    "speaker": "老师",
    "text": "第二个从行的方面。"
  },
  {
    "start": 1658.16,
    "end": 1658.67,
    "speaker": "老师",
    "text": "好，"
  },
  {
    "start": 1660.0,
    "end": 1664.55,
    "speaker": "老师",
    "text": "我们看一下y小妖也就相当于是什么呀？"
  },
  {
    "start": 1665.84,
    "end": 1675.89,
    "speaker": "老师",
    "text": "第一个从书的方面去入手，"
  },
  {
    "start": 1675.91,
    "end": 1680.35,
    "speaker": "老师",
    "text": "y小于也就是KX加b小于，"
  },
  {
    "start": 1680.35,
    "end": 1683.13,
    "speaker": "老师",
    "text": "我们直接去解这个不等式，"
  },
  {
    "start": 1683.13,
    "end": 1689.98,
    "speaker": "老师",
    "text": "把x解出来。"
  },
  {
    "start": 1690.02,
    "end": 1696.29,
    "speaker": "老师",
    "text": "那这里首先我们就要求到k和b那k和b我们可以根据这两点，"
  },
  {
    "start": 1696.77,
    "end": 1698.59,
    "speaker": "老师",
    "text": "这里确定一个表达式，"
  },
  {
    "start": 1698.59,
    "end": 1705.19,
    "speaker": "老师",
    "text": "可以把KB待定系数法。"
  },
  {
    "start": 1705.19,
    "end": 1706.73,
    "speaker": "老师",
    "text": "求的求完了之后啊，"
  },
  {
    "start": 1706.85,
    "end": 1711.04,
    "speaker": "老师",
    "text": "这两个求完了之后，"
  },
  {
    "start": 1711.04,
    "end": 1713.28,
    "speaker": "老师",
    "text": "那我们直接就可以解不等式，"
  },
  {
    "start": 1713.28,
    "end": 1715.43,
    "speaker": "老师",
    "text": "把x解出来。"
  },
  {
    "start": 1715.43,
    "end": 1720.32,
    "speaker": "老师",
    "text": "那么这个题目我们从行政方面是不是更简单一点呢？"
  },
  {
    "start": 1720.32,
    "end": 1723.01,
    "speaker": "老师",
    "text": "直接从图像上来看，"
  },
  {
    "start": 1723.01,
    "end": 1726.09,
    "speaker": "老师",
    "text": "是不是更简单一点？"
  },
  {
    "start": 1726.09,
    "end": 1729.19,
    "speaker": "老师",
    "text": "你这里还有几KB,"
  },
  {
    "start": 1729.19,
    "end": 1735.47,
    "speaker": "老师",
    "text": "我们这里能不能直接从行政方面得出结论呢？"
  },
  {
    "start": 1735.47,
    "end": 1735.79,
    "speaker": "老师",
    "text": "哎，"
  },
  {
    "start": 1735.79,
    "end": 1739.96,
    "speaker": "老师",
    "text": "可以，"
  },
  {
    "start": 1740.78,
    "end": 1741.48,
    "speaker": "老师",
    "text": "y小于，"
  },
  {
    "start": 1743.2,
    "end": 1747.59,
    "speaker": "老师",
    "text": "那就我们先看y等于二在哪里，"
  },
  {
    "start": 1747.75,
    "end": 1750.01,
    "speaker": "老师",
    "text": "y点号是不是在这里？"
  },
  {
    "start": 1750.01,
    "end": 1752.33,
    "speaker": "老师",
    "text": "Y等于二，"
  },
  {
    "start": 1753.03,
    "end": 1754.03,
    "speaker": "老师",
    "text": "就是x等于三的时候，"
  },
  {
    "start": 1754.03,
    "end": 1757.91,
    "speaker": "老师",
    "text": "就y是等于二，"
  },
  {
    "start": 1758.25,
    "end": 1761.41,
    "speaker": "老师",
    "text": "那就当x等于三十，"
  },
  {
    "start": 1761.41,
    "end": 1762.87,
    "speaker": "老师",
    "text": "就y零啊，"
  },
  {
    "start": 1762.87,
    "end": 1765.59,
    "speaker": "老师",
    "text": "那什么时候y小于呢？"
  },
  {
    "start": 1765.59,
    "end": 1768.61,
    "speaker": "老师",
    "text": "Y小样，"
  },
  {
    "start": 1769.92,
    "end": 1775.65,
    "speaker": "老师",
    "text": "也就是说在这条直线y等于在它下方，"
  },
  {
    "start": 1775.65,
    "end": 1781.45,
    "speaker": "老师",
    "text": "在它的下方是满足我想要的。"
  },
  {
    "start": 1781.45,
    "end": 1783.11,
    "speaker": "老师",
    "text": "你看在这一段，"
  },
  {
    "start": 1783.11,
    "end": 1787.9,
    "speaker": "老师",
    "text": "它所有的对应的这个y是不是小于二。"
  },
  {
    "start": 1787.9,
    "end": 1794.66,
    "speaker": "老师",
    "text": "那在这个我们找它对应的x的范围，"
  },
  {
    "start": 1794.66,
    "end": 1797.23,
    "speaker": "老师",
    "text": "在y小l的下方，"
  },
  {
    "start": 1797.23,
    "end": 1801.81,
    "speaker": "老师",
    "text": "在y等于二的下方所对应的自变量的趋势范围。"
  },
  {
    "start": 1801.95,
    "end": 1807.04,
    "speaker": "老师",
    "text": "这段图像所对应的自变量他在哪里呢？"
  },
  {
    "start": 1807.04,
    "end": 1807.98,
    "speaker": "老师",
    "text": "是不是在这里？"
  },
  {
    "start": 1808.12,
    "end": 1808.94,
    "speaker": "老师",
    "text": "这是三，"
  },
  {
    "start": 1808.94,
    "end": 1810.46,
    "speaker": "老师",
    "text": "这是三，"
  },
  {
    "start": 1810.46,
    "end": 1816.9,
    "speaker": "老师",
    "text": "是不是小米三？"
  },
  {
    "start": 1816.9,
    "end": 1817.54,
    "speaker": "老师",
    "text": "根据八x看，"
  },
  {
    "start": 1817.54,
    "end": 1819.34,
    "speaker": "老师",
    "text": "图像小于三十，"
  },
  {
    "start": 1819.38,
    "end": 1830.26,
    "speaker": "老师",
    "text": "或者说从这个函数的增减性上来看到，"
  },
  {
    "start": 1830.26,
    "end": 1836.48,
    "speaker": "老师",
    "text": "因为这是直线是上升的，"
  },
  {
    "start": 1836.48,
    "end": 1837.94,
    "speaker": "老师",
    "text": "y随x增大增大。"
  },
  {
    "start": 1837.94,
    "end": 1842.49,
    "speaker": "老师",
    "text": "那当x小于三的时候，"
  },
  {
    "start": 1842.49,
    "end": 1843.95,
    "speaker": "老师",
    "text": "这个y当然也小于二。"
  },
  {
    "start": 1843.95,
    "end": 1847.63,
    "speaker": "老师",
    "text": "所以这里选c那我们看这个例题，"
  },
  {
    "start": 1848.82,
    "end": 1858.84,
    "speaker": "老师",
    "text": "如果一次函数y等于二或x加b的图像以y轴交于这个a点零三，"
  },
  {
    "start": 1858.84,
    "end": 1867.02,
    "speaker": "老师",
    "text": "那这个不等式负x加一大于等于解集。"
  },
  {
    "start": 1867.02,
    "end": 1868.62,
    "speaker": "老师",
    "text": "当然在这个题目，"
  },
  {
    "start": 1868.62,
    "end": 1870.83,
    "speaker": "老师",
    "text": "我们也可以从两个方面来理解。"
  },
  {
    "start": 1883.15,
    "end": 1885.13,
    "speaker": "老师",
    "text": "第一个从书的方面来理解，"
  },
  {
    "start": 1885.17,
    "end": 1887.87,
    "speaker": "老师",
    "text": "从数的方面来理解的话，"
  },
  {
    "start": 1887.87,
    "end": 1897.84,
    "speaker": "老师",
    "text": "直接去解这个不等式，"
  },
  {
    "start": 1897.84,
    "end": 1905.26,
    "speaker": "老师",
    "text": "把这个不等式解出来，"
  },
  {
    "start": 1905.26,
    "end": 1908.64,
    "speaker": "老师",
    "text": "那这里就需要把b求出来。"
  },
  {
    "start": 1908.64,
    "end": 1914.67,
    "speaker": "老师",
    "text": "当然我们根据这个条件，"
  },
  {
    "start": 1914.67,
    "end": 1916.09,
    "speaker": "老师",
    "text": "把这个带进去，"
  },
  {
    "start": 1916.09,
    "end": 1923.4,
    "speaker": "老师",
    "text": "或者说这个b的几何e直接是与y轴交点的纵坐标啊，"
  },
  {
    "start": 1923.4,
    "end": 1927.55,
    "speaker": "老师",
    "text": "代入这个b就是三，"
  },
  {
    "start": 1927.55,
    "end": 1931.65,
    "speaker": "老师",
    "text": "所以我们就可以得到负x加三大于零。"
  },
  {
    "start": 1931.65,
    "end": 1933.85,
    "speaker": "老师",
    "text": "那我们这个x可以解出来，"
  },
  {
    "start": 1933.85,
    "end": 1936.39,
    "speaker": "老师",
    "text": "x想二分之三，"
  },
  {
    "start": 1936.39,
    "end": 1938.25,
    "speaker": "老师",
    "text": "这样的也很好。"
  },
  {
    "start": 1938.25,
    "end": 1941.99,
    "speaker": "老师",
    "text": "这个从这样的方法直接去解，"
  },
  {
    "start": 1941.99,
    "end": 1946.08,
    "speaker": "老师",
    "text": "从代数的方面去理解，"
  },
  {
    "start": 1946.14,
    "end": 1947.06,
    "speaker": "老师",
    "text": "很方便。"
  },
  {
    "start": 1948.49,
    "end": 1948.73,
    "speaker": "老师",
    "text": "好，"
  },
  {
    "start": 1948.73,
    "end": 1960.95,
    "speaker": "老师",
    "text": "我们再来看看能不能从行的方面去去理解这个题目的这是负x加b大零刚好，"
  },
  {
    "start": 1960.95,
    "end": 1963.23,
    "speaker": "老师",
    "text": "也就是这个y大于那y大，"
  },
  {
    "start": 1963.23,
    "end": 1967.24,
    "speaker": "老师",
    "text": "于是体现在这个直线在x轴，"
  },
  {
    "start": 1967.24,
    "end": 1970.94,
    "speaker": "老师",
    "text": "x轴是y等于零，"
  },
  {
    "start": 1970.94,
    "end": 1978.04,
    "speaker": "老师",
    "text": "在x轴的上方所对应的自变量的取值范围。"
  },
  {
    "start": 1979.5,
    "end": 1988.6,
    "speaker": "老师",
    "text": "这个直线上方就上方所对应的自变量的取值范围是在这段时流量前放，"
  },
  {
    "start": 1988.6,
    "end": 1989.9,
    "speaker": "老师",
    "text": "他们这个点不包位。"
  },
  {
    "start": 1990.74,
    "end": 1995.35,
    "speaker": "老师",
    "text": "那所以说我们这里就要求到b点坐标，"
  },
  {
    "start": 1995.35,
    "end": 2001.99,
    "speaker": "老师",
    "text": "才知道这个对应的x的范围对应的x方求b点的坐标。"
  },
  {
    "start": 2001.99,
    "end": 2009.94,
    "speaker": "老师",
    "text": "我们也是利用这个条件去求b点坐标，"
  },
  {
    "start": 2009.94,
    "end": 2019.64,
    "speaker": "老师",
    "text": "先把a代入得到得到这个函数表达式在与x轴的交点是令y等于零，"
  },
  {
    "start": 2019.64,
    "end": 2030.88,
    "speaker": "老师",
    "text": "再得到九x所以这个b点的坐标好b点的坐标出来了。"
  },
  {
    "start": 2030.98,
    "end": 2034.62,
    "speaker": "老师",
    "text": "所以这里是二分之三，"
  },
  {
    "start": 2034.62,
    "end": 2046.61,
    "speaker": "老师",
    "text": "二分之三带零在上方所对应的正变量的取值范围在上方，"
  },
  {
    "start": 2046.61,
    "end": 2049.09,
    "speaker": "老师",
    "text": "或者说它是递减的这个递减的。"
  },
  {
    "start": 2049.09,
    "end": 2057.4,
    "speaker": "老师",
    "text": "所以我们也可以得到这个x是小于二分之三的时候所对应的函数图像，"
  },
  {
    "start": 2057.42,
    "end": 2058.64,
    "speaker": "老师",
    "text": "我还在上网。"
  },
  {
    "start": 2058.64,
    "end": 2061.82,
    "speaker": "老师",
    "text": "所以这样的题目，"
  },
  {
    "start": 2061.82,
    "end": 2064.26,
    "speaker": "老师",
    "text": "我们都可以从两个方面去理解，"
  },
  {
    "start": 2064.26,
    "end": 2065.36,
    "speaker": "老师",
    "text": "从两个方面去理解。"
  },
  {
    "start": 2065.36,
    "end": 2065.66,
    "speaker": "老师",
    "text": "好，"
  },
  {
    "start": 2065.66,
    "end": 2074.91,
    "speaker": "老师",
    "text": "大家再来看正题目，"
  },
  {
    "start": 2074.91,
    "end": 2080.49,
    "speaker": "老师",
    "text": "这是两个函数的图像结合的一个不等式，"
  },
  {
    "start": 2080.77,
    "end": 2084.99,
    "speaker": "老师",
    "text": "两个图像相交于一点。"
  },
  {
    "start": 2084.99,
    "end": 2086.15,
    "speaker": "老师",
    "text": "关于这个不等式，"
  },
  {
    "start": 2086.15,
    "end": 2088.69,
    "speaker": "老师",
    "text": "它的解集，"
  },
  {
    "start": 2088.69,
    "end": 2091.72,
    "speaker": "老师",
    "text": "那么我们从书的方面去理解，"
  },
  {
    "start": 2091.72,
    "end": 2095.4,
    "speaker": "老师",
    "text": "直接去解这个不等式。"
  },
  {
    "start": 2095.4,
    "end": 2098.4,
    "speaker": "老师",
    "text": "这个不等式里面a先要求出来，"
  },
  {
    "start": 2098.4,
    "end": 2099.12,
    "speaker": "老师",
    "text": "排边解出来，"
  },
  {
    "start": 2099.12,
    "end": 2103.19,
    "speaker": "老师",
    "text": "就a怎么取出来？"
  },
  {
    "start": 2103.19,
    "end": 2104.67,
    "speaker": "老师",
    "text": "根据这个条件，"
  },
  {
    "start": 2104.67,
    "end": 2110.08,
    "speaker": "老师",
    "text": "先把这个m带入这个表达式当中把m求出来，"
  },
  {
    "start": 2110.08,
    "end": 2114.26,
    "speaker": "老师",
    "text": "那就是二就是m所以我们就得到m等于负一。"
  },
  {
    "start": 2114.26,
    "end": 2119.51,
    "speaker": "老师",
    "text": "那再代入这个表达式当中就负一，"
  },
  {
    "start": 2119.51,
    "end": 2121.75,
    "speaker": "老师",
    "text": "就是二就可以把a求出来，"
  },
  {
    "start": 2121.75,
    "end": 2123.05,
    "speaker": "老师",
    "text": "求二等于负a加三，"
  },
  {
    "start": 2123.45,
    "end": 2127.57,
    "speaker": "老师",
    "text": "所以a就等于一。"
  },
  {
    "start": 2127.57,
    "end": 2131.86,
    "speaker": "老师",
    "text": "那我们就扩展示就变成这个不等式了。"
  },
  {
    "start": 2131.86,
    "end": 2132.97,
    "speaker": "老师",
    "text": "所以直接可以解出来x的范围就负三是带三在两边同时从负三负等号的方向发生改变。"
  },
  {
    "start": 2132.74,
    "end": 2132.97,
    "speaker": "老师",
    "text": "我们还可以从这个行的方面入手，"
  },
  {
    "start": 2132.74,
    "end": 2132.97,
    "speaker": "老师",
    "text": "请一个方面入手。"
  },
  {
    "start": 2132.74,
    "end": 2132.97,
    "speaker": "老师",
    "text": "这个就是y一，"
  },
  {
    "start": 2132.74,
    "end": 2132.97,
    "speaker": "老师",
    "text": "这个相当于就是YR,"
  },
  {
    "start": 2132.74,
    "end": 2132.97,
    "speaker": "老师",
    "text": "那就相当于y一大一y啊y一大于y二。"
  },
  {
    "start": 2132.74,
    "end": 2132.97,
    "speaker": "老师",
    "text": "从这个图形上来看，"
  },
  {
    "start": 2132.74,
    "end": 2132.97,
    "speaker": "老师",
    "text": "那我们根据代入这个m是等于负一，"
  },
  {
    "start": 2132.74,
    "end": 2132.97,
    "speaker": "老师",
    "text": "什么时候这个y一等于y二呢？"
  },
  {
    "start": 2132.74,
    "end": 2132.97,
    "speaker": "老师",
    "text": "先找到等于二，"
  },
  {
    "start": 2132.74,
    "end": 2132.97,
    "speaker": "老师",
    "text": "就当x等于负一的时候，"
  },
  {
    "start": 2132.74,
    "end": 2132.97,
    "speaker": "老师",
    "text": "这个焦点这个地方就是两个y相等。"
  },
  {
    "start": 2132.74,
    "end": 2132.97,
    "speaker": "老师",
    "text": "那我们看大于的时候来看一看这个这个是负一x在负一的右边还是左边，"
  },
  {
    "start": 2132.74,
    "end": 2132.97,
    "speaker": "老师",
    "text": "在它的右边的话是这个y二在上方，"
  },
  {
    "start": 2132.74,
    "end": 2132.97,
    "speaker": "老师",
    "text": "y一在下方。"
  },
  {
    "start": 2132.74,
    "end": 2132.97,
    "speaker": "老师",
    "text": "对，"
  },
  {
    "start": 2132.74,
    "end": 2132.97,
    "speaker": "老师",
    "text": "所以这个不符合题在它的左边呢是y一在上方，"
  },
  {
    "start": 2132.74,
    "end": 2132.97,
    "speaker": "老师",
    "text": "y二在下方，"
  },
  {
    "start": 2132.74,
    "end": 2132.97,
    "speaker": "老师",
    "text": "是不是啊？"
  },
  {
    "start": 2132.74,
    "end": 2132.97,
    "speaker": "老师",
    "text": "哎，"
  },
  {
    "start": 2132.74,
    "end": 2132.97,
    "speaker": "老师",
    "text": "可以说就是当x小于负一的时候，"
  },
  {
    "start": 2132.74,
    "end": 2132.97,
    "speaker": "老师",
    "text": "先找到它，"
  },
  {
    "start": 2132.74,
    "end": 2132.97,
    "speaker": "老师",
    "text": "等的时候这个自变量在什么时候再来看图像，"
  },
  {
    "start": 2132.74,
    "end": 2132.97,
    "speaker": "老师",
    "text": "它大于的时候，"
  },
  {
    "start": 2132.74,
    "end": 2132.97,
    "speaker": "老师",
    "text": "这个基本量在什么范围。"
  },
  {
    "start": 2132.74,
    "end": 2132.97,
    "speaker": "老师",
    "text": "所以做这样的一个题目，"
  },
  {
    "start": 2132.74,
    "end": 2132.97,
    "speaker": "老师",
    "text": "我们都可以从两个方面去不熟，"
  },
  {
    "start": 2132.74,
    "end": 2132.97,
    "speaker": "老师",
    "text": "来看看到底是从书的方面去理解简单一点，"
  },
  {
    "start": 2132.74,
    "end": 2132.97,
    "speaker": "老师",
    "text": "还是从形的方面去理解简单一点。"
  },
  {
    "start": 2132.74,
    "end": 2132.97,
    "speaker": "老师",
    "text": "好，"
  },
  {
    "start": 2132.74,
    "end": 2132.97,
    "speaker": "老师",
    "text": "那学完了一章啊，"
  },
  {
    "start": 2132.74,
    "end": 2132.97,
    "speaker": "老师",
    "text": "我们可以从以下几个方面去反思，"
  },
  {
    "start": 2132.74,
    "end": 2132.97,
    "speaker": "老师",
    "text": "梳理这一章的知识。"
  },
  {
    "start": 2132.74,
    "end": 2132.97,
    "speaker": "老师",
    "text": "那这张我们主要学习了哪些知识点？"
  },
  {
    "start": 2132.74,
    "end": 2132.97,
    "speaker": "老师",
    "text": "第二个，"
  },
  {
    "start": 2132.74,
    "end": 2132.97,
    "speaker": "老师",
    "text": "我们可以从掌握了哪些基本的技能和方法。"
  },
  {
    "start": 2132.74,
    "end": 2132.97,
    "speaker": "老师",
    "text": "第三个也比较重要的是在这章当中主要应用了哪些数学思想。"
  },
  {
    "start": 2132.74,
    "end": 2132.97,
    "speaker": "老师",
    "text": "再还有一个可以想一想，"
  },
  {
    "start": 2132.74,
    "end": 2132.97,
    "speaker": "老师",
    "text": "这一章的知识与其他学过的知识之间有哪些联系。"
  },
  {
    "start": 2132.74,
    "end": 2132.97,
    "speaker": "老师",
    "text": "最后我们在学习过程当中要反思它的易错点和重难点分别有哪些啊？"
  },
  {
    "start": 2132.74,
    "end": 2132.97,
    "speaker": "老师",
    "text": "这是我们以后也可以在学习数学的时候使用，"
  },
  {
    "start": 2132.74,
    "end": 2132.97,
    "speaker": "老师",
    "text": "完了每一章可以这样去去思考去反思。"
  },
  {
    "start": 2132.74,
    "end": 2132.97,
    "speaker": "老师",
    "text": "好，"
  },
  {
    "start": 2132.74,
    "end": 2132.97,
    "speaker": "老师",
    "text": "这是这节课的作业。"
  },
  {
    "start": 2132.74,
    "end": 2132.97,
    "speaker": "老师",
    "text": "好，"
  },
  {
    "start": 2132.74,
    "end": 2132.97,
    "speaker": "老师",
    "text": "同学们，"
  },
  {
    "start": 2132.74,
    "end": 2132.97,
    "speaker": "老师",
    "text": "那这节课就上到这里。"
  },
  {
    "start": 2132.74,
    "end": 2132.97,
    "speaker": "老师",
    "text": "好，"
  },
  {
    "start": 2132.74,
    "end": 2132.97,
    "speaker": "老师",
    "text": "谢谢。"
  }
]