[
  {
    "start": 9.6,
    "end": 10.88,
    "speaker": "老师",
    "text": "同学们好，"
  },
  {
    "start": 10.96,
    "end": 16.74,
    "speaker": "老师",
    "text": "从今天开始就由我带领大家学习本章剩下的内容。"
  },
  {
    "start": 16.74,
    "end": 17.96,
    "speaker": "老师",
    "text": "上课之前，"
  },
  {
    "start": 18.02,
    "end": 26.45,
    "speaker": "老师",
    "text": "请大家准备好杨辉、量角器、直尺、笔等工具。"
  },
  {
    "start": 26.45,
    "end": 31.49,
    "speaker": "老师",
    "text": "本节课上课的内容是图形的平移与旋转。"
  },
  {
    "start": 31.63,
    "end": 37.17,
    "speaker": "老师",
    "text": "第二节图形的旋转。"
  },
  {
    "start": 37.17,
    "end": 38.27,
    "speaker": "老师",
    "text": "第二课时。"
  },
  {
    "start": 38.29,
    "end": 42.81,
    "speaker": "老师",
    "text": "我们首先看看本节的学习目标是，"
  },
  {
    "start": 42.91,
    "end": 50.34,
    "speaker": "老师",
    "text": "一、能够按照要求做出简单平面图形、旋转后的图形。"
  },
  {
    "start": 50.34,
    "end": 59.06,
    "speaker": "老师",
    "text": "二、对具有旋转特征的图形进行观察、分析、画图等过程，"
  },
  {
    "start": 59.06,
    "end": 60.36,
    "speaker": "老师",
    "text": "掌握画图技巧。"
  },
  {
    "start": 60.8,
    "end": 62.02,
    "speaker": "老师",
    "text": "那上新课之前，"
  },
  {
    "start": 62.02,
    "end": 65.8,
    "speaker": "老师",
    "text": "我们先复习一下上节课的内容。"
  },
  {
    "start": 65.8,
    "end": 72.8,
    "speaker": "老师",
    "text": "上节课我们学习了旋转的基本知识。"
  },
  {
    "start": 73.99,
    "end": 74.23,
    "speaker": "老师",
    "text": "来，"
  },
  {
    "start": 74.23,
    "end": 81.83,
    "speaker": "老师",
    "text": "我们看第一个对应点到旋转中心的距离很好相等。"
  },
  {
    "start": 83.35,
    "end": 96.91,
    "speaker": "老师",
    "text": "第二个任意一组对应点与旋转中心的连线所成的角等于很好旋转一下。"
  },
  {
    "start": 96.91,
    "end": 106.25,
    "speaker": "老师",
    "text": "第三个对应线段和对应角对相等都想的有了这些基本知识的储备，"
  },
  {
    "start": 106.25,
    "end": 111.46,
    "speaker": "老师",
    "text": "我们开始今天的旋转画图。"
  },
  {
    "start": 111.5,
    "end": 113.04,
    "speaker": "老师",
    "text": "这节新课。"
  },
  {
    "start": 113.04,
    "end": 117.0,
    "speaker": "老师",
    "text": "首先我们看到第一，"
  },
  {
    "start": 117.0,
    "end": 118.06,
    "speaker": "老师",
    "text": "如图所示，"
  },
  {
    "start": 118.36,
    "end": 127.35,
    "speaker": "老师",
    "text": "画出线段AB绕点a顺时针方向旋转六十度后的线段。"
  },
  {
    "start": 127.35,
    "end": 127.75,
    "speaker": "老师",
    "text": "好，"
  },
  {
    "start": 127.75,
    "end": 130.7,
    "speaker": "老师",
    "text": "我们先分析一下，"
  },
  {
    "start": 130.7,
    "end": 133.52,
    "speaker": "老师",
    "text": "在这题目当中，"
  },
  {
    "start": 133.6,
    "end": 136.04,
    "speaker": "老师",
    "text": "我们的a点是旋转中心，"
  },
  {
    "start": 136.04,
    "end": 138.36,
    "speaker": "老师",
    "text": "再涂上方向呢顺时针方向，"
  },
  {
    "start": 138.36,
    "end": 139.52,
    "speaker": "老师",
    "text": "顺时针方向，"
  },
  {
    "start": 139.52,
    "end": 142.52,
    "speaker": "老师",
    "text": "旋转角度呢六十度。"
  },
  {
    "start": 142.52,
    "end": 148.19,
    "speaker": "老师",
    "text": "那在这里面旋转中心和旋转方向我们都确定了。"
  },
  {
    "start": 148.19,
    "end": 152.95,
    "speaker": "老师",
    "text": "那现在是不是就如何来画六十度的角，"
  },
  {
    "start": 152.95,
    "end": 155.23,
    "speaker": "老师",
    "text": "那就是我们的第一步。"
  },
  {
    "start": 155.27,
    "end": 157.01,
    "speaker": "老师",
    "text": "首先以AB为一边，"
  },
  {
    "start": 157.01,
    "end": 160.0,
    "speaker": "老师",
    "text": "按顺时针方向画一个角BAX,"
  },
  {
    "start": 161.15,
    "end": 165.59,
    "speaker": "老师",
    "text": "使得角BAX等于六十度。"
  },
  {
    "start": 165.59,
    "end": 168.55,
    "speaker": "老师",
    "text": "那怎么来画这六十度？"
  },
  {
    "start": 168.55,
    "end": 174.98,
    "speaker": "老师",
    "text": "那就需要课前老师让你们准备的量角器，"
  },
  {
    "start": 175.04,
    "end": 179.23,
    "speaker": "老师",
    "text": "那量角器我们同学还会用吗？"
  },
  {
    "start": 179.23,
    "end": 179.39,
    "speaker": "老师",
    "text": "好，"
  },
  {
    "start": 179.39,
    "end": 180.27,
    "speaker": "老师",
    "text": "我们来复习一下。"
  },
  {
    "start": 180.27,
    "end": 185.29,
    "speaker": "老师",
    "text": "首先我们让量角器的中心对准我们的旋转中心，"
  },
  {
    "start": 185.29,
    "end": 189.13,
    "speaker": "老师",
    "text": "让这个零刻度线和线段AB重合。"
  },
  {
    "start": 189.13,
    "end": 195.92,
    "speaker": "老师",
    "text": "我们现在是要顺时针方向，"
  },
  {
    "start": 195.94,
    "end": 201.42,
    "speaker": "老师",
    "text": "那我们是不是要读这个量角器的外围的这个刻度？"
  },
  {
    "start": 201.42,
    "end": 201.72,
    "speaker": "老师",
    "text": "好，"
  },
  {
    "start": 201.72,
    "end": 203.78,
    "speaker": "老师",
    "text": "我们来找到六十度，"
  },
  {
    "start": 203.78,
    "end": 209.24,
    "speaker": "老师",
    "text": "那么我们就可以把这条射线做出来了。"
  },
  {
    "start": 209.88,
    "end": 213.04,
    "speaker": "老师",
    "text": "那么角BAX是不是就是六十度？"
  },
  {
    "start": 213.46,
    "end": 219.86,
    "speaker": "老师",
    "text": "那我们现在这个旋转角已经出来了，"
  },
  {
    "start": 220.3,
    "end": 227.11,
    "speaker": "老师",
    "text": "那这条线段怎么在这条射线上呈现呢？"
  },
  {
    "start": 227.19,
    "end": 232.01,
    "speaker": "老师",
    "text": "我们又要借助到对了我们的圆规，"
  },
  {
    "start": 232.37,
    "end": 235.95,
    "speaker": "老师",
    "text": "我们要把b点移到这条射线上来。"
  },
  {
    "start": 235.95,
    "end": 241.1,
    "speaker": "老师",
    "text": "我们借助到圆规，"
  },
  {
    "start": 241.1,
    "end": 247.06,
    "speaker": "老师",
    "text": "以a为圆心，"
  },
  {
    "start": 247.84,
    "end": 250.25,
    "speaker": "老师",
    "text": "AB为半径，"
  },
  {
    "start": 250.25,
    "end": 254.71,
    "speaker": "老师",
    "text": "在射线AX上截取截取。"
  },
  {
    "start": 254.71,
    "end": 261.0,
    "speaker": "老师",
    "text": "我们的AC是不是等于线段AB?"
  },
  {
    "start": 261.0,
    "end": 268.0,
    "speaker": "老师",
    "text": "那么线段AC是不是就是我们线段AB绕点a顺时针方向旋转六十度后，"
  },
  {
    "start": 268.0,
    "end": 271.48,
    "speaker": "老师",
    "text": "得到的线段很好，"
  },
  {
    "start": 271.48,
    "end": 275.16,
    "speaker": "老师",
    "text": "那老师再加大点难度没有。"
  },
  {
    "start": 275.18,
    "end": 275.88,
    "speaker": "老师",
    "text": "如图所示，"
  },
  {
    "start": 275.88,
    "end": 280.55,
    "speaker": "老师",
    "text": "三角形ABC绕点o逆时针方向旋转后，"
  },
  {
    "start": 280.73,
    "end": 283.36,
    "speaker": "老师",
    "text": "顶点a旋转到了顶点。"
  },
  {
    "start": 283.81,
    "end": 288.26,
    "speaker": "老师",
    "text": "B一指出这里旋转的旋转角。"
  },
  {
    "start": 288.92,
    "end": 289.28,
    "speaker": "老师",
    "text": "好，"
  },
  {
    "start": 289.28,
    "end": 291.04,
    "speaker": "老师",
    "text": "我们跟刚才第一题一样的，"
  },
  {
    "start": 291.04,
    "end": 300.45,
    "speaker": "老师",
    "text": "我们也分析一下旋转中心是谁o点跟刚才不一样。"
  },
  {
    "start": 300.45,
    "end": 304.03,
    "speaker": "老师",
    "text": "刚才的o点是在图形上，"
  },
  {
    "start": 304.03,
    "end": 308.13,
    "speaker": "老师",
    "text": "而我们这个o点是不是在图形外来了。"
  },
  {
    "start": 308.13,
    "end": 308.69,
    "speaker": "老师",
    "text": "好，"
  },
  {
    "start": 308.73,
    "end": 315.33,
    "speaker": "老师",
    "text": "再看旋转方向是逆时针逆时针这个方向，"
  },
  {
    "start": 315.33,
    "end": 340.45,
    "speaker": "老师",
    "text": "逆时针那顶点a转到了顶点d那我们是不是就可以找到了旋转角？"
  },
  {
    "start": 340.45,
    "end": 344.85,
    "speaker": "老师",
    "text": "我们根据旋转的基本性质，"
  },
  {
    "start": 344.89,
    "end": 350.55,
    "speaker": "老师",
    "text": "我们说对应点与旋转中心所连线的夹角是不是就是旋转角？"
  },
  {
    "start": 350.55,
    "end": 359.81,
    "speaker": "老师",
    "text": "那这一题第一问我们是不是可以很好的确定来认着老师在你们的课本上，"
  },
  {
    "start": 359.81,
    "end": 363.15,
    "speaker": "老师",
    "text": "一起把这个旋转角连接，"
  },
  {
    "start": 363.15,
    "end": 363.87,
    "speaker": "老师",
    "text": "哎呦，"
  },
  {
    "start": 363.87,
    "end": 364.49,
    "speaker": "老师",
    "text": "连接欧弟，"
  },
  {
    "start": 364.49,
    "end": 369.17,
    "speaker": "老师",
    "text": "我们的角AOB是不是就是旋转角来？"
  },
  {
    "start": 369.17,
    "end": 369.77,
    "speaker": "老师",
    "text": "第二问，"
  },
  {
    "start": 369.77,
    "end": 371.73,
    "speaker": "老师",
    "text": "画出旋转后的三角形。"
  },
  {
    "start": 371.73,
    "end": 372.97,
    "speaker": "老师",
    "text": "那画这个图形之前，"
  },
  {
    "start": 373.05,
    "end": 375.72,
    "speaker": "老师",
    "text": "我们首先得明确两点。"
  },
  {
    "start": 375.72,
    "end": 376.3,
    "speaker": "老师",
    "text": "第一点，"
  },
  {
    "start": 376.3,
    "end": 382.77,
    "speaker": "老师",
    "text": "我们知道图形的旋转是不是就是图形上点的旋转。"
  },
  {
    "start": 382.95,
    "end": 384.07,
    "speaker": "老师",
    "text": "换句话说，"
  },
  {
    "start": 384.07,
    "end": 386.31,
    "speaker": "老师",
    "text": "我们知道，"
  },
  {
    "start": 386.31,
    "end": 389.71,
    "speaker": "老师",
    "text": "只要知道ABC这三个点，"
  },
  {
    "start": 389.71,
    "end": 393.03,
    "speaker": "老师",
    "text": "绕着o点逆时针旋转后的对应点，"
  },
  {
    "start": 393.03,
    "end": 395.95,
    "speaker": "老师",
    "text": "是不是就可以确定图形了，"
  },
  {
    "start": 396.17,
    "end": 398.11,
    "speaker": "老师",
    "text": "这是第一个。"
  },
  {
    "start": 398.11,
    "end": 403.09,
    "speaker": "老师",
    "text": "接着第二个跟上一题不一样的。"
  },
  {
    "start": 403.11,
    "end": 407.8,
    "speaker": "老师",
    "text": "上一题的旋转角，"
  },
  {
    "start": 408.0,
    "end": 419.04,
    "speaker": "老师",
    "text": "我们已经知道了是多少是六十度。"
  },
  {
    "start": 419.04,
    "end": 424.23,
    "speaker": "老师",
    "text": "那这一题旋转角是不是我们不知道怎么办？"
  },
  {
    "start": 424.23,
    "end": 424.55,
    "speaker": "老师",
    "text": "很好，"
  },
  {
    "start": 424.55,
    "end": 428.4,
    "speaker": "老师",
    "text": "我们可以借助我们的量角器，"
  },
  {
    "start": 428.4,
    "end": 432.62,
    "speaker": "老师",
    "text": "对吧？"
  },
  {
    "start": 432.62,
    "end": 454.66,
    "speaker": "老师",
    "text": "我们可以量出角AOD的度数来同学们跟老师一起来量我们同学在书本上量出来角AOD的大小。"
  },
  {
    "start": 454.66,
    "end": 458.7,
    "speaker": "老师",
    "text": "我们一样的把我们的中心跟旋转中心对齐，"
  },
  {
    "start": 458.7,
    "end": 462.86,
    "speaker": "老师",
    "text": "让我们的零刻度线跟OA重合。"
  },
  {
    "start": 463.62,
    "end": 465.56,
    "speaker": "老师",
    "text": "老师量出来了，"
  },
  {
    "start": 465.56,
    "end": 477.69,
    "speaker": "老师",
    "text": "角AOD的度数是八十度。"
  },
  {
    "start": 477.69,
    "end": 483.51,
    "speaker": "老师",
    "text": "那我们现在是不是要做其他的旋转角都等于八十度那一样的，"
  },
  {
    "start": 483.51,
    "end": 499.87,
    "speaker": "老师",
    "text": "我们跟着老师一起来画，"
  },
  {
    "start": 499.87,
    "end": 502.11,
    "speaker": "老师",
    "text": "我们接着我来连接b幺五，"
  },
  {
    "start": 502.11,
    "end": 504.41,
    "speaker": "老师",
    "text": "我们来找b的对比。"
  },
  {
    "start": 504.59,
    "end": 505.07,
    "speaker": "老师",
    "text": "同理，"
  },
  {
    "start": 505.07,
    "end": 507.51,
    "speaker": "老师",
    "text": "我们也来连接CEO,"
  },
  {
    "start": 507.51,
    "end": 513.53,
    "speaker": "老师",
    "text": "我们要找到b点它的对应点和旋转中心所形成的这个角，"
  },
  {
    "start": 513.53,
    "end": 522.05,
    "speaker": "老师",
    "text": "也就是旋转角跟我们角AOD的度数一样的。"
  },
  {
    "start": 522.05,
    "end": 522.59,
    "speaker": "老师",
    "text": "来，"
  },
  {
    "start": 523.54,
    "end": 530.89,
    "speaker": "老师",
    "text": "我们找到我们的旋转角，"
  },
  {
    "start": 530.89,
    "end": 542.35,
    "speaker": "老师",
    "text": "我们o点和旋转中心和中心对齐重合，"
  },
  {
    "start": 542.35,
    "end": 551.57,
    "speaker": "老师",
    "text": "来找到八十度。"
  },
  {
    "start": 551.57,
    "end": 551.91,
    "speaker": "老师",
    "text": "好，"
  },
  {
    "start": 552.25,
    "end": 559.82,
    "speaker": "老师",
    "text": "我们知道了b的对应点是不是在这条射线上。"
  },
  {
    "start": 560.08,
    "end": 560.6,
    "speaker": "老师",
    "text": "同理，"
  },
  {
    "start": 560.6,
    "end": 562.4,
    "speaker": "老师",
    "text": "我们来找c的对应点重合，"
  },
  {
    "start": 562.4,
    "end": 564.84,
    "speaker": "老师",
    "text": "调到八十度。"
  },
  {
    "start": 564.84,
    "end": 565.08,
    "speaker": "老师",
    "text": "好，"
  },
  {
    "start": 565.08,
    "end": 569.81,
    "speaker": "老师",
    "text": "我们知道c的对应点是在这条射线上，"
  },
  {
    "start": 569.91,
    "end": 574.2,
    "speaker": "老师",
    "text": "那我们确定了我们对应点的大概位置。"
  },
  {
    "start": 574.2,
    "end": 587.5,
    "speaker": "老师",
    "text": "那我们要现在要知道它的具体位置，"
  },
  {
    "start": 587.5,
    "end": 588.96,
    "speaker": "老师",
    "text": "我们又要进算圆规，"
  },
  {
    "start": 588.96,
    "end": 591.18,
    "speaker": "老师",
    "text": "对吧？"
  },
  {
    "start": 591.74,
    "end": 595.48,
    "speaker": "老师",
    "text": "我们要截取线段相等，"
  },
  {
    "start": 595.72,
    "end": 596.18,
    "speaker": "老师",
    "text": "来，"
  },
  {
    "start": 596.18,
    "end": 599.59,
    "speaker": "老师",
    "text": "我们首先找b的对应点，"
  },
  {
    "start": 599.59,
    "end": 601.63,
    "speaker": "老师",
    "text": "以o为圆心，"
  },
  {
    "start": 601.63,
    "end": 607.58,
    "speaker": "老师",
    "text": "OB为半径，"
  },
  {
    "start": 607.58,
    "end": 615.79,
    "speaker": "老师",
    "text": "在这条射线上截取好。"
  },
  {
    "start": 615.79,
    "end": 619.87,
    "speaker": "老师",
    "text": "接着我们以o为圆心，"
  },
  {
    "start": 620.78,
    "end": 622.02,
    "speaker": "老师",
    "text": "OC为半径，"
  },
  {
    "start": 622.02,
    "end": 623.62,
    "speaker": "老师",
    "text": "在这条射线上好。"
  },
  {
    "start": 623.62,
    "end": 648.32,
    "speaker": "老师",
    "text": "我们看看b的对应点是不是就是这个一点来c绕着o点逆时针旋转的对应点是不是就是这个点来这里来我们看看我们刚才明确的两个问题，"
  },
  {
    "start": 648.32,
    "end": 648.92,
    "speaker": "老师",
    "text": "对，"
  },
  {
    "start": 648.92,
    "end": 656.05,
    "speaker": "老师",
    "text": "这些点的对应点我们都找到了，"
  },
  {
    "start": 656.05,
    "end": 658.49,
    "speaker": "老师",
    "text": "然后我们现在就是怎么办？"
  },
  {
    "start": 658.67,
    "end": 660.33,
    "speaker": "老师",
    "text": "顺次连接，"
  },
  {
    "start": 660.33,
    "end": 661.21,
    "speaker": "老师",
    "text": "这是线段，"
  },
  {
    "start": 661.21,
    "end": 672.06,
    "speaker": "老师",
    "text": "我们是不是就可以得到我们三角形DEF,"
  },
  {
    "start": 672.06,
    "end": 677.54,
    "speaker": "老师",
    "text": "就是三角形ABC绕着o点逆时针旋转得出来的图形。"
  },
  {
    "start": 677.9,
    "end": 681.14,
    "speaker": "老师",
    "text": "下个阶段可以三角形毕业进。"
  },
  {
    "start": 681.14,
    "end": 681.5,
    "speaker": "老师",
    "text": "喂，"
  },
  {
    "start": 681.5,
    "end": 682.5,
    "speaker": "老师",
    "text": "说吧，"
  },
  {
    "start": 682.5,
    "end": 684.0,
    "speaker": "老师",
    "text": "球做的不行，"
  },
  {
    "start": 684.3,
    "end": 684.86,
    "speaker": "老师",
    "text": "同学们，"
  },
  {
    "start": 684.86,
    "end": 685.78,
    "speaker": "老师",
    "text": "你们做好了吗？"
  },
  {
    "start": 685.78,
    "end": 685.96,
    "speaker": "老师",
    "text": "好，"
  },
  {
    "start": 685.96,
    "end": 689.62,
    "speaker": "老师",
    "text": "我们再来贵片再来过一遍，"
  },
  {
    "start": 689.62,
    "end": 694.54,
    "speaker": "老师",
    "text": "我们看看我们的课件上是怎么说的。"
  },
  {
    "start": 694.62,
    "end": 696.36,
    "speaker": "老师",
    "text": "第一步第二步，"
  },
  {
    "start": 696.36,
    "end": 698.28,
    "speaker": "老师",
    "text": "那做出BC点，"
  },
  {
    "start": 698.4,
    "end": 700.96,
    "speaker": "老师",
    "text": "绕着o点逆时针，"
  },
  {
    "start": 701.04,
    "end": 702.28,
    "speaker": "老师",
    "text": "方向，"
  },
  {
    "start": 702.28,
    "end": 708.98,
    "speaker": "老师",
    "text": "得到了对应点e和f接着呢顺次连接DEEF和DF."
  },
  {
    "start": 708.98,
    "end": 721.03,
    "speaker": "老师",
    "text": "那么三角形DEF是不是就是所求做的图形？"
  },
  {
    "start": 721.03,
    "end": 725.03,
    "speaker": "老师",
    "text": "我们继续通过刚才两个图的画完以后，"
  },
  {
    "start": 725.03,
    "end": 729.64,
    "speaker": "老师",
    "text": "我们能不能总结一下旋转图形，"
  },
  {
    "start": 729.72,
    "end": 733.02,
    "speaker": "老师",
    "text": "我们画它的一般步骤呢，"
  },
  {
    "start": 733.06,
    "end": 738.51,
    "speaker": "老师",
    "text": "同学想想跟着老师一起来看一下。"
  },
  {
    "start": 738.51,
    "end": 739.15,
    "speaker": "老师",
    "text": "好，"
  },
  {
    "start": 739.15,
    "end": 743.15,
    "speaker": "老师",
    "text": "老师总结了以下几个步骤，"
  },
  {
    "start": 743.15,
    "end": 743.57,
    "speaker": "老师",
    "text": "第一，"
  },
  {
    "start": 743.57,
    "end": 747.51,
    "speaker": "老师",
    "text": "是不是首先确定旋转中心，"
  },
  {
    "start": 747.51,
    "end": 750.13,
    "speaker": "老师",
    "text": "旋转方向和旋转角。"
  },
  {
    "start": 750.13,
    "end": 753.11,
    "speaker": "老师",
    "text": "在这题确定旋转中心旋转方向，"
  },
  {
    "start": 753.11,
    "end": 757.8,
    "speaker": "老师",
    "text": "逆时针包括我们的旋转角，"
  },
  {
    "start": 757.8,
    "end": 759.4,
    "speaker": "老师",
    "text": "我们这题旋转角，"
  },
  {
    "start": 759.44,
    "end": 766.07,
    "speaker": "老师",
    "text": "这就是角AOD旋转角旋转角的角度。"
  },
  {
    "start": 766.07,
    "end": 770.14,
    "speaker": "老师",
    "text": "第二个，"
  },
  {
    "start": 770.14,
    "end": 778.03,
    "speaker": "老师",
    "text": "将图形中的关键点与旋转中心连接起来，"
  },
  {
    "start": 778.03,
    "end": 782.63,
    "speaker": "老师",
    "text": "图形上的关键点和旋转中心连接起来。"
  },
  {
    "start": 782.63,
    "end": 783.67,
    "speaker": "老师",
    "text": "然后呢，"
  },
  {
    "start": 783.67,
    "end": 789.35,
    "speaker": "老师",
    "text": "按旋转方向将它们旋转一个角度。"
  },
  {
    "start": 789.37,
    "end": 795.57,
    "speaker": "老师",
    "text": "在这里面我们知道了这个角角BOE是旋转角，"
  },
  {
    "start": 795.57,
    "end": 799.21,
    "speaker": "老师",
    "text": "还有角COF是不是也是旋转角，"
  },
  {
    "start": 799.21,
    "end": 802.24,
    "speaker": "老师",
    "text": "我们是不是就得到了关键点的对应点？"
  },
  {
    "start": 802.4,
    "end": 804.78,
    "speaker": "老师",
    "text": "最后我们按照图形的顺序连接，"
  },
  {
    "start": 804.78,
    "end": 807.98,
    "speaker": "老师",
    "text": "这些点就得到了图形旋转以后的图形，"
  },
  {
    "start": 807.98,
    "end": 811.42,
    "speaker": "老师",
    "text": "这就是我们画旋转图形的一般步骤。"
  },
  {
    "start": 812.85,
    "end": 816.22,
    "speaker": "老师",
    "text": "那我们来看一下，"
  },
  {
    "start": 816.22,
    "end": 820.7,
    "speaker": "老师",
    "text": "我们看一个不一样的旋转画图，"
  },
  {
    "start": 820.94,
    "end": 825.26,
    "speaker": "老师",
    "text": "刚才的旋转画图都是在空白纸上画。"
  },
  {
    "start": 825.28,
    "end": 827.16,
    "speaker": "老师",
    "text": "而我们现在的画图，"
  },
  {
    "start": 827.16,
    "end": 830.2,
    "speaker": "老师",
    "text": "我们把它移到了格点上来画图。"
  },
  {
    "start": 830.2,
    "end": 834.77,
    "speaker": "老师",
    "text": "你能做出将方格中的小旗子绕o点，"
  },
  {
    "start": 834.77,
    "end": 837.43,
    "speaker": "老师",
    "text": "顺时针方向旋转九十度后的图案吗？"
  },
  {
    "start": 837.55,
    "end": 844.12,
    "speaker": "老师",
    "text": "我们回忆一下刚才的旋转的画图的几个步骤。"
  },
  {
    "start": 844.3,
    "end": 847.95,
    "speaker": "老师",
    "text": "第一个我们要确定旋转中心，"
  },
  {
    "start": 847.99,
    "end": 851.85,
    "speaker": "老师",
    "text": "旋转方向与旋转角，"
  },
  {
    "start": 851.85,
    "end": 856.43,
    "speaker": "老师",
    "text": "旋转中心就是这个点o点对吧。"
  },
  {
    "start": 856.43,
    "end": 858.27,
    "speaker": "老师",
    "text": "然后呢，"
  },
  {
    "start": 858.27,
    "end": 862.19,
    "speaker": "老师",
    "text": "旋转方向是顺时针旋转角度是九十度。"
  },
  {
    "start": 862.19,
    "end": 864.53,
    "speaker": "老师",
    "text": "看看在方格尺中，"
  },
  {
    "start": 865.57,
    "end": 869.05,
    "speaker": "老师",
    "text": "我们是不需要借助到量角器的，"
  },
  {
    "start": 869.05,
    "end": 872.97,
    "speaker": "老师",
    "text": "因为这上面九十度我们可以画出来呀，"
  },
  {
    "start": 872.97,
    "end": 873.87,
    "speaker": "老师",
    "text": "对吧？"
  },
  {
    "start": 873.87,
    "end": 888.37,
    "speaker": "老师",
    "text": "我们接着我们说图形的旋转是不是就是我们图形上点的旋转。"
  },
  {
    "start": 888.37,
    "end": 896.44,
    "speaker": "老师",
    "text": "所以我们要找到图形上的几个关键点，"
  },
  {
    "start": 896.44,
    "end": 898.24,
    "speaker": "老师",
    "text": "这边有o点a点，"
  },
  {
    "start": 898.54,
    "end": 899.6,
    "speaker": "老师",
    "text": "还有b点，"
  },
  {
    "start": 899.86,
    "end": 902.84,
    "speaker": "老师",
    "text": "还有这里有个点c点，"
  },
  {
    "start": 902.84,
    "end": 908.71,
    "speaker": "老师",
    "text": "我们只要找到这几个关键点的对应点，"
  },
  {
    "start": 908.71,
    "end": 910.71,
    "speaker": "老师",
    "text": "再顺次连接起来，"
  },
  {
    "start": 911.07,
    "end": 919.92,
    "speaker": "老师",
    "text": "是不是旋转后的图形就出来了？"
  },
  {
    "start": 919.92,
    "end": 925.92,
    "speaker": "老师",
    "text": "那我们现在依次找到它们的对应点。"
  },
  {
    "start": 925.92,
    "end": 928.38,
    "speaker": "老师",
    "text": "首先我们看看o点o点，"
  },
  {
    "start": 928.38,
    "end": 931.86,
    "speaker": "老师",
    "text": "因为是旋转周心，"
  },
  {
    "start": 931.86,
    "end": 934.64,
    "speaker": "老师",
    "text": "所以它的对应点就是它本身。"
  },
  {
    "start": 934.68,
    "end": 942.42,
    "speaker": "老师",
    "text": "那我们接着再来看看a点，"
  },
  {
    "start": 942.46,
    "end": 950.03,
    "speaker": "老师",
    "text": "顺时针旋转九十度是不是到了这儿来了？"
  },
  {
    "start": 950.07,
    "end": 952.11,
    "speaker": "老师",
    "text": "对了好，"
  },
  {
    "start": 952.21,
    "end": 956.43,
    "speaker": "老师",
    "text": "我们再看看b首先连接起来，"
  },
  {
    "start": 956.53,
    "end": 958.61,
    "speaker": "老师",
    "text": "然后顺时针旋转，"
  },
  {
    "start": 958.61,
    "end": 961.12,
    "speaker": "老师",
    "text": "九十度到哪来了？"
  },
  {
    "start": 961.12,
    "end": 961.72,
    "speaker": "老师",
    "text": "对了，"
  },
  {
    "start": 961.72,
    "end": 968.23,
    "speaker": "老师",
    "text": "往这儿来了，"
  },
  {
    "start": 968.23,
    "end": 973.57,
    "speaker": "老师",
    "text": "这就是我们d的对应点b一好最后一个c点啊，"
  },
  {
    "start": 973.69,
    "end": 977.26,
    "speaker": "老师",
    "text": "c点跟a点一样的，"
  },
  {
    "start": 977.26,
    "end": 978.54,
    "speaker": "老师",
    "text": "比较简单，"
  },
  {
    "start": 978.54,
    "end": 980.26,
    "speaker": "老师",
    "text": "顺时针旋转九十度，"
  },
  {
    "start": 980.26,
    "end": 986.16,
    "speaker": "老师",
    "text": "是不是它的对应点c在这儿最后一步我们怎么办？"
  },
  {
    "start": 986.82,
    "end": 988.2,
    "speaker": "老师",
    "text": "顺次连接，"
  },
  {
    "start": 988.2,
    "end": 992.28,
    "speaker": "老师",
    "text": "那么我们就可以得到了图形。"
  },
  {
    "start": 992.56,
    "end": 997.82,
    "speaker": "老师",
    "text": "Ocabc是不是就是我们旋转以后的图形。"
  },
  {
    "start": 997.82,
    "end": 1000.43,
    "speaker": "老师",
    "text": "经过刚才的三个画图，"
  },
  {
    "start": 1001.42,
    "end": 1008.66,
    "speaker": "老师",
    "text": "我们同学能不能知道确定一个图形旋转后的位置，"
  },
  {
    "start": 1008.66,
    "end": 1010.52,
    "speaker": "老师",
    "text": "需要确定哪些条件？"
  },
  {
    "start": 1010.52,
    "end": 1022.51,
    "speaker": "老师",
    "text": "就是老师在上课的当中不停提到的这几个第一个旋转中心，"
  },
  {
    "start": 1022.51,
    "end": 1024.83,
    "speaker": "老师",
    "text": "第二个很好旋转方向。"
  },
  {
    "start": 1024.95,
    "end": 1026.79,
    "speaker": "老师",
    "text": "第三个旋转角。"
  },
  {
    "start": 1026.79,
    "end": 1032.33,
    "speaker": "老师",
    "text": "那我们把这三个我们经常把它称作旋转的三要素，"
  },
  {
    "start": 1032.49,
    "end": 1033.77,
    "speaker": "老师",
    "text": "你记住了吗？"
  },
  {
    "start": 1033.91,
    "end": 1036.58,
    "speaker": "老师",
    "text": "那以后的题型，"
  },
  {
    "start": 1036.58,
    "end": 1040.22,
    "speaker": "老师",
    "text": "我们要从这三要素来进行分析。"
  },
  {
    "start": 1040.22,
    "end": 1040.72,
    "speaker": "老师",
    "text": "好，"
  },
  {
    "start": 1040.78,
    "end": 1044.48,
    "speaker": "老师",
    "text": "我们往下继续，"
  },
  {
    "start": 1044.48,
    "end": 1046.74,
    "speaker": "老师",
    "text": "我们看到做一做。"
  },
  {
    "start": 1046.74,
    "end": 1048.0,
    "speaker": "老师",
    "text": "如图所示，"
  },
  {
    "start": 1048.08,
    "end": 1052.0,
    "speaker": "老师",
    "text": "你能对甲图案进行适当的运动变化，"
  },
  {
    "start": 1052.12,
    "end": 1054.5,
    "speaker": "老师",
    "text": "使它与乙图案重合吗？"
  },
  {
    "start": 1054.5,
    "end": 1060.8,
    "speaker": "老师",
    "text": "解出了你的操作过程同学思考一下很简单，"
  },
  {
    "start": 1060.8,
    "end": 1065.04,
    "speaker": "老师",
    "text": "有同学立马就出来了。"
  },
  {
    "start": 1065.04,
    "end": 1066.1,
    "speaker": "老师",
    "text": "他说很简单呐，"
  },
  {
    "start": 1066.24,
    "end": 1067.6,
    "speaker": "老师",
    "text": "我们只要先旋转，"
  },
  {
    "start": 1067.6,
    "end": 1071.38,
    "speaker": "老师",
    "text": "再平移不就可以了吗？"
  },
  {
    "start": 1071.38,
    "end": 1072.84,
    "speaker": "老师",
    "text": "对吗？"
  },
  {
    "start": 1072.92,
    "end": 1073.84,
    "speaker": "老师",
    "text": "不严谨，"
  },
  {
    "start": 1073.84,
    "end": 1079.13,
    "speaker": "老师",
    "text": "我们数学讲究的是严谨。"
  },
  {
    "start": 1079.13,
    "end": 1081.21,
    "speaker": "老师",
    "text": "我们说如果旋转，"
  },
  {
    "start": 1081.65,
    "end": 1084.77,
    "speaker": "老师",
    "text": "我们要讲到旋转的三要素，"
  },
  {
    "start": 1084.81,
    "end": 1085.39,
    "speaker": "老师",
    "text": "对吧？"
  },
  {
    "start": 1085.45,
    "end": 1094.69,
    "speaker": "老师",
    "text": "旋转中心、旋转方向以及旋转角度平移要有平移方向以及平移的长度。"
  },
  {
    "start": 1094.69,
    "end": 1103.07,
    "speaker": "老师",
    "text": "那么我们这一题就要按照这些要素来把它完整的叙述。"
  },
  {
    "start": 1103.09,
    "end": 1106.65,
    "speaker": "老师",
    "text": "那么我们就应该是这个样子。"
  },
  {
    "start": 1107.07,
    "end": 1108.85,
    "speaker": "老师",
    "text": "首先看看甲图案，"
  },
  {
    "start": 1108.85,
    "end": 1110.17,
    "speaker": "老师",
    "text": "我们首先把它扶直，"
  },
  {
    "start": 1110.17,
    "end": 1111.55,
    "speaker": "老师",
    "text": "那是怎么样做的呢？"
  },
  {
    "start": 1111.55,
    "end": 1114.17,
    "speaker": "老师",
    "text": "是将甲图案绕着a点，"
  },
  {
    "start": 1114.51,
    "end": 1116.47,
    "speaker": "老师",
    "text": "逆时针旋转七十度。"
  },
  {
    "start": 1116.47,
    "end": 1118.38,
    "speaker": "老师",
    "text": "接着呢对了，"
  },
  {
    "start": 1118.38,
    "end": 1121.5,
    "speaker": "老师",
    "text": "平移怎么平移沿着线段AB的方向，"
  },
  {
    "start": 1122.0,
    "end": 1130.55,
    "speaker": "老师",
    "text": "那平移的距离呢是不是就是线段AB的长度？"
  },
  {
    "start": 1130.55,
    "end": 1137.56,
    "speaker": "老师",
    "text": "那么我们是不是甲图案就能和乙图案重合了，"
  },
  {
    "start": 1137.56,
    "end": 1143.08,
    "speaker": "老师",
    "text": "这样才能把这一个运动变化过程说清楚了，"
  },
  {
    "start": 1143.08,
    "end": 1144.82,
    "speaker": "老师",
    "text": "我们看一下一样的。"
  },
  {
    "start": 1144.82,
    "end": 1147.98,
    "speaker": "老师",
    "text": "先将甲图案绕点a逆时针旋转七十度，"
  },
  {
    "start": 1147.98,
    "end": 1153.18,
    "speaker": "老师",
    "text": "再沿从甲a到点b的方向平移。"
  },
  {
    "start": 1153.18,
    "end": 1156.14,
    "speaker": "老师",
    "text": "线段AB的长度既可以图案里重合。"
  },
  {
    "start": 1156.14,
    "end": 1157.54,
    "speaker": "老师",
    "text": "当然也有同学说，"
  },
  {
    "start": 1157.54,
    "end": 1159.8,
    "speaker": "老师",
    "text": "我可以选取先平移再来旋转，"
  },
  {
    "start": 1159.8,
    "end": 1161.08,
    "speaker": "老师",
    "text": "可以吗？"
  },
  {
    "start": 1161.2,
    "end": 1164.66,
    "speaker": "老师",
    "text": "大家跟老师一起说，"
  },
  {
    "start": 1164.66,
    "end": 1165.8,
    "speaker": "老师",
    "text": "我们先平移，"
  },
  {
    "start": 1167.5,
    "end": 1169.98,
    "speaker": "老师",
    "text": "我们先怎样平移，"
  },
  {
    "start": 1170.04,
    "end": 1177.34,
    "speaker": "老师",
    "text": "先让甲图案沿从a到点b的方向平移线段AB的长度，"
  },
  {
    "start": 1177.34,
    "end": 1183.86,
    "speaker": "老师",
    "text": "然后呢再将这个甲图案逆时针旋转七十度，"
  },
  {
    "start": 1183.86,
    "end": 1187.86,
    "speaker": "老师",
    "text": "是不是也可以与甲图乙图案重合？"
  },
  {
    "start": 1187.98,
    "end": 1188.7,
    "speaker": "老师",
    "text": "很好，"
  },
  {
    "start": 1188.7,
    "end": 1195.59,
    "speaker": "老师",
    "text": "我们同学对于这个旋转以及平移觉得不错。"
  },
  {
    "start": 1195.65,
    "end": 1196.01,
    "speaker": "老师",
    "text": "好，"
  },
  {
    "start": 1196.01,
    "end": 1197.13,
    "speaker": "老师",
    "text": "那先看下一题，"
  },
  {
    "start": 1197.33,
    "end": 1197.85,
    "speaker": "老师",
    "text": "如图，"
  },
  {
    "start": 1197.85,
    "end": 1206.49,
    "speaker": "老师",
    "text": "在平面直角坐标系中点BCE在y轴上RT三角形ABC经过变换，"
  },
  {
    "start": 1206.49,
    "end": 1217.38,
    "speaker": "老师",
    "text": "得到了RT三角形ODE若点c的坐标是零，"
  },
  {
    "start": 1217.38,
    "end": 1224.14,
    "speaker": "老师",
    "text": "逗号一点c的坐标是零，"
  },
  {
    "start": 1224.14,
    "end": 1225.8,
    "speaker": "老师",
    "text": "逗号一，"
  },
  {
    "start": 1225.8,
    "end": 1229.35,
    "speaker": "老师",
    "text": "说明OC的长度是一，"
  },
  {
    "start": 1230.47,
    "end": 1235.91,
    "speaker": "老师",
    "text": "AC的长度等于二。"
  },
  {
    "start": 1236.15,
    "end": 1240.15,
    "speaker": "老师",
    "text": "你能说明这种变化的过程吗？"
  },
  {
    "start": 1240.15,
    "end": 1247.05,
    "speaker": "老师",
    "text": "有了刚才那一题的铺垫，"
  },
  {
    "start": 1247.05,
    "end": 1248.99,
    "speaker": "老师",
    "text": "那这一题就简单多了。"
  },
  {
    "start": 1249.39,
    "end": 1256.6,
    "speaker": "老师",
    "text": "对吧我们可以首先找着c点顺时针方向旋转九十度，"
  },
  {
    "start": 1256.7,
    "end": 1259.04,
    "speaker": "老师",
    "text": "然后呢再把它向下平移。"
  },
  {
    "start": 1259.1,
    "end": 1262.24,
    "speaker": "老师",
    "text": "平移的距离是不是就是线段CE的长度。"
  },
  {
    "start": 1262.24,
    "end": 1267.33,
    "speaker": "老师",
    "text": "那么CE的长度是多少？"
  },
  {
    "start": 1267.49,
    "end": 1274.41,
    "speaker": "老师",
    "text": "我们要知道OC的长度刚才已经解释了是一。"
  },
  {
    "start": 1274.41,
    "end": 1276.19,
    "speaker": "老师",
    "text": "那么OE的长度呢，"
  },
  {
    "start": 1276.19,
    "end": 1281.77,
    "speaker": "老师",
    "text": "我们知道旋转对应线段是相等的。"
  },
  {
    "start": 1281.77,
    "end": 1286.13,
    "speaker": "老师",
    "text": "Ac的长度是不是就是OE的长度，"
  },
  {
    "start": 1286.13,
    "end": 1288.57,
    "speaker": "老师",
    "text": "AC的长度是不是就是二，"
  },
  {
    "start": 1288.57,
    "end": 1290.21,
    "speaker": "老师",
    "text": "OE的长度就是二。"
  },
  {
    "start": 1290.21,
    "end": 1293.23,
    "speaker": "老师",
    "text": "那么CE的长度是不是就是三，"
  },
  {
    "start": 1293.23,
    "end": 1298.0,
    "speaker": "老师",
    "text": "所以平移是向下平移三个档位就可以了。"
  },
  {
    "start": 1298.0,
    "end": 1298.32,
    "speaker": "老师",
    "text": "好，"
  },
  {
    "start": 1298.54,
    "end": 1302.48,
    "speaker": "老师",
    "text": "将三角形ABC绕点c顺时针旋转九十度，"
  },
  {
    "start": 1302.48,
    "end": 1306.12,
    "speaker": "老师",
    "text": "再向下平移三个单位。"
  },
  {
    "start": 1306.14,
    "end": 1309.84,
    "speaker": "老师",
    "text": "当然我们也可以先平移，"
  },
  {
    "start": 1309.86,
    "end": 1311.7,
    "speaker": "老师",
    "text": "先向下平移三个单位，"
  },
  {
    "start": 1311.8,
    "end": 1313.3,
    "speaker": "老师",
    "text": "再让它绕着对了，"
  },
  {
    "start": 1313.3,
    "end": 1316.0,
    "speaker": "老师",
    "text": "绕着一笔顺时针方向旋转九十度，"
  },
  {
    "start": 1316.0,
    "end": 1324.43,
    "speaker": "老师",
    "text": "也可以得到我们后来的这个RT三角形OB一。"
  },
  {
    "start": 1324.43,
    "end": 1327.87,
    "speaker": "老师",
    "text": "那在刚才的这个几个题型当中，"
  },
  {
    "start": 1327.99,
    "end": 1336.8,
    "speaker": "老师",
    "text": "我们充分运用到了我们旋转的性质以及旋转作图的步骤。"
  },
  {
    "start": 1336.8,
    "end": 1340.08,
    "speaker": "老师",
    "text": "那我们来加深点燃，"
  },
  {
    "start": 1340.08,
    "end": 1352.59,
    "speaker": "老师",
    "text": "看看今天的拓广探究题如图点o是等边三角形，"
  },
  {
    "start": 1353.54,
    "end": 1357.17,
    "speaker": "老师",
    "text": "ABC内一点角AOB等于一百一十度，"
  },
  {
    "start": 1357.17,
    "end": 1364.81,
    "speaker": "老师",
    "text": "AOB一百一十度角BOC等于阿尔法将三角形BOC绕点c按顺时针方向旋转，"
  },
  {
    "start": 1364.81,
    "end": 1368.69,
    "speaker": "老师",
    "text": "六十度得到了三角形ABC连接OB."
  },
  {
    "start": 1368.69,
    "end": 1371.34,
    "speaker": "老师",
    "text": "在这个旋转过程当中，"
  },
  {
    "start": 1372.11,
    "end": 1381.94,
    "speaker": "老师",
    "text": "我们知道了OC是不是转到了CD了，"
  },
  {
    "start": 1381.94,
    "end": 1389.04,
    "speaker": "老师",
    "text": "BC是不是转到了AC来了？"
  },
  {
    "start": 1389.16,
    "end": 1394.29,
    "speaker": "老师",
    "text": "那既然对应的线段找到了，"
  },
  {
    "start": 1394.73,
    "end": 1398.89,
    "speaker": "老师",
    "text": "那么我们旋转角是不是也就出来了？"
  },
  {
    "start": 1399.62,
    "end": 1407.9,
    "speaker": "老师",
    "text": "六十度的角应该很清楚了，"
  },
  {
    "start": 1407.9,
    "end": 1408.4,
    "speaker": "老师",
    "text": "对吧？"
  },
  {
    "start": 1408.42,
    "end": 1425.38,
    "speaker": "老师",
    "text": "看第一问求证三角形COB是等边三角形。"
  },
  {
    "start": 1425.38,
    "end": 1426.02,
    "speaker": "老师",
    "text": "来，"
  },
  {
    "start": 1426.02,
    "end": 1428.16,
    "speaker": "老师",
    "text": "我们看一下等边三角形，"
  },
  {
    "start": 1428.16,
    "end": 1431.69,
    "speaker": "老师",
    "text": "证明一个三角形是等边三角形有三个，"
  },
  {
    "start": 1432.07,
    "end": 1436.29,
    "speaker": "老师",
    "text": "到底我们这一题用哪一个更方便呢？"
  },
  {
    "start": 1436.29,
    "end": 1439.33,
    "speaker": "老师",
    "text": "那我们来看看已知条件给我们的是什么。"
  },
  {
    "start": 1439.37,
    "end": 1444.71,
    "speaker": "老师",
    "text": "那刚才我们知道了OC是不是转到CD来了，"
  },
  {
    "start": 1444.79,
    "end": 1448.78,
    "speaker": "老师",
    "text": "我们旋转的对应线段是相等的。"
  },
  {
    "start": 1448.78,
    "end": 1454.68,
    "speaker": "老师",
    "text": "那么我们马上知道了，"
  },
  {
    "start": 1454.68,
    "end": 1458.52,
    "speaker": "老师",
    "text": "COD是不是就是一个等腰三角形。"
  },
  {
    "start": 1458.68,
    "end": 1460.72,
    "speaker": "老师",
    "text": "而且顺带我也知道了，"
  },
  {
    "start": 1460.72,
    "end": 1463.48,
    "speaker": "老师",
    "text": "旋转角是不是就是角OCD,"
  },
  {
    "start": 1463.48,
    "end": 1463.76,
    "speaker": "老师",
    "text": "对吧？"
  },
  {
    "start": 1463.76,
    "end": 1469.14,
    "speaker": "老师",
    "text": "对应点与旋转中心所连线的夹角是不是就是旋转角，"
  },
  {
    "start": 1469.14,
    "end": 1470.16,
    "speaker": "老师",
    "text": "那是六十度。"
  },
  {
    "start": 1470.16,
    "end": 1475.97,
    "speaker": "老师",
    "text": "那我们是不是根据我们刚才第三个判定知道了，"
  },
  {
    "start": 1475.97,
    "end": 1478.95,
    "speaker": "老师",
    "text": "有一个角是六十度的等腰三角形，"
  },
  {
    "start": 1478.95,
    "end": 1480.63,
    "speaker": "老师",
    "text": "它是等边三角形，"
  },
  {
    "start": 1480.63,
    "end": 1481.07,
    "speaker": "老师",
    "text": "对吧？"
  },
  {
    "start": 1481.07,
    "end": 1483.23,
    "speaker": "老师",
    "text": "这一个还是比较简单的。"
  },
  {
    "start": 1483.23,
    "end": 1484.46,
    "speaker": "老师",
    "text": "好，"
  },
  {
    "start": 1484.46,
    "end": 1492.77,
    "speaker": "老师",
    "text": "我们一起来看一下怎样书写证明由旋转的知识得到好，"
  },
  {
    "start": 1492.77,
    "end": 1497.82,
    "speaker": "老师",
    "text": "我们旋转知识得到DC等于OC,"
  },
  {
    "start": 1497.84,
    "end": 1499.86,
    "speaker": "老师",
    "text": "这是对应线段相等。"
  },
  {
    "start": 1499.86,
    "end": 1500.22,
    "speaker": "老师",
    "text": "好，"
  },
  {
    "start": 1500.22,
    "end": 1502.18,
    "speaker": "老师",
    "text": "又因为角DCO等于六十度，"
  },
  {
    "start": 1502.24,
    "end": 1505.07,
    "speaker": "老师",
    "text": "对吧？"
  },
  {
    "start": 1505.07,
    "end": 1505.71,
    "speaker": "老师",
    "text": "这是旋转角，"
  },
  {
    "start": 1505.71,
    "end": 1514.56,
    "speaker": "老师",
    "text": "你看现在是不是这是一个等腰三角形，"
  },
  {
    "start": 1514.56,
    "end": 1516.76,
    "speaker": "老师",
    "text": "再有一个角是六十度，"
  },
  {
    "start": 1516.76,
    "end": 1519.38,
    "speaker": "老师",
    "text": "那么三角形COB是不是就是等边三角形，"
  },
  {
    "start": 1519.38,
    "end": 1522.44,
    "speaker": "老师",
    "text": "那理由是有一个角是六十度的，"
  },
  {
    "start": 1522.5,
    "end": 1524.82,
    "speaker": "老师",
    "text": "等腰三角形是等边三角形。"
  },
  {
    "start": 1524.98,
    "end": 1525.36,
    "speaker": "老师",
    "text": "好，"
  },
  {
    "start": 1525.36,
    "end": 1526.92,
    "speaker": "老师",
    "text": "第一问还是不难的，"
  },
  {
    "start": 1526.92,
    "end": 1528.1,
    "speaker": "老师",
    "text": "咱们继续看。"
  },
  {
    "start": 1528.1,
    "end": 1529.12,
    "speaker": "老师",
    "text": "第二，"
  },
  {
    "start": 1529.12,
    "end": 1533.26,
    "speaker": "老师",
    "text": "问当阿尔法等于一百五十度时，"
  },
  {
    "start": 1533.26,
    "end": 1543.35,
    "speaker": "老师",
    "text": "试判断三角形AOD的AOD的形状。"
  },
  {
    "start": 1543.35,
    "end": 1549.63,
    "speaker": "老师",
    "text": "那这一题判断AOD的形状毫无疑问，"
  },
  {
    "start": 1549.77,
    "end": 1552.19,
    "speaker": "老师",
    "text": "AOD可能是一个特殊的三角形。"
  },
  {
    "start": 1552.19,
    "end": 1554.33,
    "speaker": "老师",
    "text": "我们同学稍微思考一下，"
  },
  {
    "start": 1554.33,
    "end": 1563.86,
    "speaker": "老师",
    "text": "我们同学要学会利用到第一问的结论。"
  },
  {
    "start": 1564.24,
    "end": 1564.64,
    "speaker": "老师",
    "text": "好，"
  },
  {
    "start": 1564.64,
    "end": 1566.06,
    "speaker": "老师",
    "text": "有同学很快出来了。"
  },
  {
    "start": 1566.06,
    "end": 1569.52,
    "speaker": "老师",
    "text": "他说老师提醒到用到第一问的结论，"
  },
  {
    "start": 1569.96,
    "end": 1581.14,
    "speaker": "老师",
    "text": "那么我是不是知道了这个三角形是一个等边三角形，"
  },
  {
    "start": 1581.14,
    "end": 1596.27,
    "speaker": "老师",
    "text": "那么角COD的度数是不是知道了六十度阿尔法是不是也知道是一百五十度，"
  },
  {
    "start": 1596.55,
    "end": 1601.23,
    "speaker": "老师",
    "text": "那这是不是一个正五角，"
  },
  {
    "start": 1601.23,
    "end": 1605.37,
    "speaker": "老师",
    "text": "那对应的角AOD度数是不是出来了？"
  },
  {
    "start": 1605.37,
    "end": 1607.11,
    "speaker": "老师",
    "text": "好，"
  },
  {
    "start": 1607.11,
    "end": 1612.96,
    "speaker": "老师",
    "text": "我们看一下AOT的度数怎么求。"
  },
  {
    "start": 1612.96,
    "end": 1615.92,
    "speaker": "老师",
    "text": "Aod等于三百六减掉一百一，"
  },
  {
    "start": 1615.98,
    "end": 1618.74,
    "speaker": "老师",
    "text": "减掉角AOB的度数，"
  },
  {
    "start": 1618.8,
    "end": 1621.32,
    "speaker": "老师",
    "text": "再减掉角BOC的度数，"
  },
  {
    "start": 1621.32,
    "end": 1626.3,
    "speaker": "老师",
    "text": "再减掉角COD的度数是六十度。"
  },
  {
    "start": 1626.3,
    "end": 1637.36,
    "speaker": "老师",
    "text": "那我们可以得到角AOD的度数等于四十度。"
  },
  {
    "start": 1637.36,
    "end": 1645.96,
    "speaker": "老师",
    "text": "那我们现在能判断这个三角形是什么三角形吗？"
  },
  {
    "start": 1645.96,
    "end": 1646.8,
    "speaker": "老师",
    "text": "不能对吧？"
  },
  {
    "start": 1646.8,
    "end": 1648.0,
    "speaker": "老师",
    "text": "一个角，"
  },
  {
    "start": 1648.0,
    "end": 1649.96,
    "speaker": "老师",
    "text": "而且这个角还是一个锐角，"
  },
  {
    "start": 1649.96,
    "end": 1657.49,
    "speaker": "老师",
    "text": "我们是不能判断三角形AOD的形状的。"
  },
  {
    "start": 1663.06,
    "end": 1663.26,
    "speaker": "老师",
    "text": "哎，"
  },
  {
    "start": 1663.26,
    "end": 1668.24,
    "speaker": "老师",
    "text": "说明还要求我们这里面旋转还没用到嘞，"
  },
  {
    "start": 1668.42,
    "end": 1668.78,
    "speaker": "老师",
    "text": "对吧？"
  },
  {
    "start": 1668.78,
    "end": 1670.66,
    "speaker": "老师",
    "text": "我们看看这个三角形当中，"
  },
  {
    "start": 1670.66,
    "end": 1674.56,
    "speaker": "老师",
    "text": "我们还可以求出哪个角。"
  },
  {
    "start": 1674.56,
    "end": 1675.24,
    "speaker": "老师",
    "text": "好，"
  },
  {
    "start": 1677.03,
    "end": 1679.37,
    "speaker": "老师",
    "text": "看看有同学想到了，"
  },
  {
    "start": 1679.37,
    "end": 1679.65,
    "speaker": "老师",
    "text": "哎，"
  },
  {
    "start": 1679.65,
    "end": 1689.53,
    "speaker": "老师",
    "text": "由旋转的知识我们可以得到对应角是相等的。"
  },
  {
    "start": 1689.67,
    "end": 1693.82,
    "speaker": "老师",
    "text": "我们旋转性质是不是说对应角相等，"
  },
  {
    "start": 1693.82,
    "end": 1699.28,
    "speaker": "老师",
    "text": "那么角ABC是不是就是我们的角BOC?"
  },
  {
    "start": 1699.28,
    "end": 1704.19,
    "speaker": "老师",
    "text": "那这一个角是不是就是我们的阿尔法一百五十度，"
  },
  {
    "start": 1704.19,
    "end": 1709.53,
    "speaker": "老师",
    "text": "那刚才我们是不是把这个角求出来了，"
  },
  {
    "start": 1709.91,
    "end": 1713.26,
    "speaker": "老师",
    "text": "这是个等边三角形，"
  },
  {
    "start": 1713.26,
    "end": 1715.82,
    "speaker": "老师",
    "text": "这是六十度。"
  },
  {
    "start": 1715.82,
    "end": 1720.18,
    "speaker": "老师",
    "text": "那对应的我们角ABO是不是出来了？"
  },
  {
    "start": 1720.18,
    "end": 1722.64,
    "speaker": "老师",
    "text": "Abo等于一百五减六十，"
  },
  {
    "start": 1723.18,
    "end": 1729.84,
    "speaker": "老师",
    "text": "我们可以求出来这个角ABO等于多少九十度啊，"
  },
  {
    "start": 1729.84,
    "end": 1731.28,
    "speaker": "老师",
    "text": "出来了角AOD的形状，"
  },
  {
    "start": 1731.56,
    "end": 1733.6,
    "speaker": "老师",
    "text": "那它是一个直角。"
  },
  {
    "start": 1733.6,
    "end": 1738.44,
    "speaker": "老师",
    "text": "看一下那ABC等于一百五十度旋转的知识啊，"
  },
  {
    "start": 1738.44,
    "end": 1741.8,
    "speaker": "老师",
    "text": "旋转的性质ODC六十度。"
  },
  {
    "start": 1741.8,
    "end": 1746.23,
    "speaker": "老师",
    "text": "所以角ABC我们用到的是一百五减六十，"
  },
  {
    "start": 1746.23,
    "end": 1747.15,
    "speaker": "老师",
    "text": "可以得到了，"
  },
  {
    "start": 1747.15,
    "end": 1748.25,
    "speaker": "老师",
    "text": "它是九十度。"
  },
  {
    "start": 1748.43,
    "end": 1754.59,
    "speaker": "老师",
    "text": "那么这个三角形ABAOD就是一个直角三角形。"
  },
  {
    "start": 1754.71,
    "end": 1759.59,
    "speaker": "老师",
    "text": "好，"
  },
  {
    "start": 1759.59,
    "end": 1762.63,
    "speaker": "老师",
    "text": "刚才在做题的过程当中，"
  },
  {
    "start": 1762.63,
    "end": 1767.19,
    "speaker": "老师",
    "text": "我们应用到我们的基本性质来，"
  },
  {
    "start": 1767.21,
    "end": 1772.01,
    "speaker": "老师",
    "text": "我们稍微做稍微容易一点的。"
  },
  {
    "start": 1772.01,
    "end": 1776.99,
    "speaker": "老师",
    "text": "中考链接一题，"
  },
  {
    "start": 1776.99,
    "end": 1784.33,
    "speaker": "老师",
    "text": "如图点ABCDO都在方格纸的格点上，"
  },
  {
    "start": 1784.33,
    "end": 1792.87,
    "speaker": "老师",
    "text": "若三角形COD是由三角形AOB绕点o顺时针方向得到的，"
  },
  {
    "start": 1792.89,
    "end": 1795.45,
    "speaker": "老师",
    "text": "则旋转的角度，"
  },
  {
    "start": 1795.51,
    "end": 1797.45,
    "speaker": "老师",
    "text": "旋转的角度是多少？"
  },
  {
    "start": 1798.2,
    "end": 1800.88,
    "speaker": "老师",
    "text": "我们求旋转角是不是要找到旋转角，"
  },
  {
    "start": 1801.3,
    "end": 1805.11,
    "speaker": "老师",
    "text": "那什么是旋转角，"
  },
  {
    "start": 1805.11,
    "end": 1807.33,
    "speaker": "老师",
    "text": "是我们的对应点，"
  },
  {
    "start": 1807.55,
    "end": 1808.45,
    "speaker": "老师",
    "text": "对吧？"
  },
  {
    "start": 1808.45,
    "end": 1810.71,
    "speaker": "老师",
    "text": "我们的d点，"
  },
  {
    "start": 1810.71,
    "end": 1814.8,
    "speaker": "老师",
    "text": "我们的b点是不是转到了d点来了，"
  },
  {
    "start": 1814.8,
    "end": 1821.11,
    "speaker": "老师",
    "text": "我们对应点与旋转中心所连线的夹角，"
  },
  {
    "start": 1821.11,
    "end": 1831.41,
    "speaker": "老师",
    "text": "是不是就旋转角那角BOD是不是就是旋转角多少度，"
  },
  {
    "start": 1831.41,
    "end": 1833.83,
    "speaker": "老师",
    "text": "我谁都好继续。"
  },
  {
    "start": 1834.17,
    "end": 1839.18,
    "speaker": "老师",
    "text": "如图将线段AB绕点o顺时针旋转九十度，"
  },
  {
    "start": 1839.18,
    "end": 1842.74,
    "speaker": "老师",
    "text": "顺时针旋转九十度，"
  },
  {
    "start": 1842.74,
    "end": 1851.23,
    "speaker": "老师",
    "text": "AOA撇什么的旋转角BO一撇旋转角得到了线段。"
  },
  {
    "start": 1851.23,
    "end": 1853.49,
    "speaker": "老师",
    "text": "A撇b撇告诉你a点的坐标是负二逗号五。"
  },
  {
    "start": 1853.49,
    "end": 1856.69,
    "speaker": "老师",
    "text": "他问你它的对应点a撇点的坐标讲一下，"
  },
  {
    "start": 1856.69,
    "end": 1859.95,
    "speaker": "老师",
    "text": "我们跟着老师一起来看一下，"
  },
  {
    "start": 1859.95,
    "end": 1862.15,
    "speaker": "老师",
    "text": "要求a撇点的坐标。"
  },
  {
    "start": 1862.15,
    "end": 1867.21,
    "speaker": "老师",
    "text": "我们是不是要知道这些线段我们做一个垂直过来，"
  },
  {
    "start": 1867.21,
    "end": 1873.08,
    "speaker": "老师",
    "text": "我们是不是要愁OC的长度，"
  },
  {
    "start": 1873.24,
    "end": 1875.22,
    "speaker": "老师",
    "text": "还要求a撇c的长度。"
  },
  {
    "start": 1875.22,
    "end": 1879.16,
    "speaker": "老师",
    "text": "那这些线段在座的同学，"
  },
  {
    "start": 1879.16,
    "end": 1885.12,
    "speaker": "老师",
    "text": "那么看看是不是OC这条线段就是我们线段OD的长，"
  },
  {
    "start": 1885.12,
    "end": 1891.08,
    "speaker": "老师",
    "text": "而我们a撇c的长度是不是就线段AB的长度，"
  },
  {
    "start": 1893.07,
    "end": 1893.81,
    "speaker": "老师",
    "text": "对吧？"
  },
  {
    "start": 1893.81,
    "end": 1903.67,
    "speaker": "老师",
    "text": "这两个三角形我们是可以证出来是全等的，"
  },
  {
    "start": 1903.97,
    "end": 1906.01,
    "speaker": "老师",
    "text": "可以证出全等吗？"
  },
  {
    "start": 1906.01,
    "end": 1911.45,
    "speaker": "老师",
    "text": "你看看这个角角一和角二是相等的，"
  },
  {
    "start": 1911.53,
    "end": 1912.47,
    "speaker": "老师",
    "text": "为什么？"
  },
  {
    "start": 1912.89,
    "end": 1918.05,
    "speaker": "老师",
    "text": "这是九十度减掉角DOA撇这个角二也是旋转角。"
  },
  {
    "start": 1918.05,
    "end": 1923.43,
    "speaker": "老师",
    "text": "九十度减掉角DOA撇是不是得到角一和角二相等，"
  },
  {
    "start": 1923.43,
    "end": 1927.43,
    "speaker": "老师",
    "text": "然后呢直角直角还有呢我们的OA是不是等于OA一撇，"
  },
  {
    "start": 1927.43,
    "end": 1929.26,
    "speaker": "老师",
    "text": "是不是可以证出？"
  },
  {
    "start": 1930.96,
    "end": 1933.0,
    "speaker": "老师",
    "text": "这两个三角形是全等的。"
  },
  {
    "start": 1933.0,
    "end": 1940.56,
    "speaker": "老师",
    "text": "那么OC长度是不是就等于ODAD的长度是等于a撇c所以OC的长度就应该是OD的长度是纵坐标五，"
  },
  {
    "start": 1940.56,
    "end": 1948.09,
    "speaker": "老师",
    "text": "它的绝对值以及a撇c的长度是不是AD的长度，"
  },
  {
    "start": 1948.09,
    "end": 1950.49,
    "speaker": "老师",
    "text": "就是横坐标的绝对值是二。"
  },
  {
    "start": 1950.51,
    "end": 1956.63,
    "speaker": "老师",
    "text": "所以a撇点的坐标我们出来了就应该是五逗号二。"
  },
  {
    "start": 1956.63,
    "end": 1957.69,
    "speaker": "老师",
    "text": "我们看下一题，"
  },
  {
    "start": 1957.69,
    "end": 1958.26,
    "speaker": "老师",
    "text": "如图，"
  },
  {
    "start": 1961.88,
    "end": 1964.18,
    "speaker": "老师",
    "text": "在四乘四的正方形网格中，"
  },
  {
    "start": 1964.18,
    "end": 1966.5,
    "speaker": "老师",
    "text": "三角形MNP绕点旋转，"
  },
  {
    "start": 1966.5,
    "end": 1977.17,
    "speaker": "老师",
    "text": "得到了三角形m一n一p则其旋转中心是同学快速的想一下要求旋转中心。"
  },
  {
    "start": 1977.17,
    "end": 1978.71,
    "speaker": "老师",
    "text": "我们来想一下，"
  },
  {
    "start": 1978.71,
    "end": 1981.51,
    "speaker": "老师",
    "text": "我们旋转的基本性质，"
  },
  {
    "start": 1981.51,
    "end": 1984.07,
    "speaker": "老师",
    "text": "在旋转的基本性质当中，"
  },
  {
    "start": 1984.07,
    "end": 1988.81,
    "speaker": "老师",
    "text": "我们第一点说对应点到旋转中心的距离是不是相等的？"
  },
  {
    "start": 1988.81,
    "end": 1990.87,
    "speaker": "老师",
    "text": "既然相等，"
  },
  {
    "start": 1990.87,
    "end": 1997.08,
    "speaker": "老师",
    "text": "你看看我们可不可以这么说，"
  },
  {
    "start": 1997.08,
    "end": 2002.49,
    "speaker": "老师",
    "text": "旋转中心其实是对应点所连线段的垂直平分线。"
  },
  {
    "start": 2002.49,
    "end": 2004.01,
    "speaker": "老师",
    "text": "如果可以这么说，"
  },
  {
    "start": 2004.01,
    "end": 2009.07,
    "speaker": "老师",
    "text": "那么做这一题就比较简单了。"
  },
  {
    "start": 2009.07,
    "end": 2012.67,
    "speaker": "老师",
    "text": "看我们来找一下p的对应点是不是拼，"
  },
  {
    "start": 2012.67,
    "end": 2016.78,
    "speaker": "老师",
    "text": "而n的对应点是不是n一，"
  },
  {
    "start": 2016.78,
    "end": 2017.94,
    "speaker": "老师",
    "text": "m的对应点是m一。"
  },
  {
    "start": 2017.94,
    "end": 2019.52,
    "speaker": "老师",
    "text": "那我们把PPE连接起来，"
  },
  {
    "start": 2019.52,
    "end": 2025.6,
    "speaker": "老师",
    "text": "那我们做PPE的这条线段的垂直平分线是不这样的一条线。"
  },
  {
    "start": 2025.6,
    "end": 2026.06,
    "speaker": "老师",
    "text": "同理，"
  },
  {
    "start": 2026.06,
    "end": 2030.23,
    "speaker": "老师",
    "text": "我们做NN一这条线段的垂直平分线，"
  },
  {
    "start": 2030.23,
    "end": 2036.81,
    "speaker": "老师",
    "text": "这个刚才是KPE的水平平行线，"
  },
  {
    "start": 2037.83,
    "end": 2042.37,
    "speaker": "老师",
    "text": "我们还可以做n为e的水平平行线，"
  },
  {
    "start": 2042.39,
    "end": 2045.77,
    "speaker": "老师",
    "text": "明看是不是这样的一条线。"
  },
  {
    "start": 2045.77,
    "end": 2051.45,
    "speaker": "老师",
    "text": "那我们看看这两条线是不是就有一个交点，"
  },
  {
    "start": 2052.31,
    "end": 2054.07,
    "speaker": "老师",
    "text": "就是我们的b点来，"
  },
  {
    "start": 2054.07,
    "end": 2056.87,
    "speaker": "老师",
    "text": "你看看b点是不是就应该是旋转中心，"
  },
  {
    "start": 2056.87,
    "end": 2060.83,
    "speaker": "老师",
    "text": "我们用旋转的基本性质来解释一下，"
  },
  {
    "start": 2060.83,
    "end": 2068.39,
    "speaker": "老师",
    "text": "对应点到旋转中心的距离相等相等。"
  },
  {
    "start": 2068.49,
    "end": 2069.19,
    "speaker": "老师",
    "text": "同理，"
  },
  {
    "start": 2069.21,
    "end": 2079.38,
    "speaker": "老师",
    "text": "我们看看这边n和n一n到p的n到b的距离和n一到b的距离是不是也是相等的，"
  },
  {
    "start": 2079.4,
    "end": 2083.8,
    "speaker": "老师",
    "text": "是不是就可以找到这一题的旋转中心呢？"
  },
  {
    "start": 2083.82,
    "end": 2090.09,
    "speaker": "老师",
    "text": "所以这一题答案选择的是点b也就是我们的c我们继续。"
  },
  {
    "start": 2090.09,
    "end": 2090.61,
    "speaker": "老师",
    "text": "如图，"
  },
  {
    "start": 2090.61,
    "end": 2092.01,
    "speaker": "老师",
    "text": "在正方形吻合中，"
  },
  {
    "start": 2092.01,
    "end": 2100.22,
    "speaker": "老师",
    "text": "线段a撇b撇是线段AB绕着某点逆时针方向绕着某点逆时针方向旋转。"
  },
  {
    "start": 2100.22,
    "end": 2103.98,
    "speaker": "老师",
    "text": "阿尔法角得到的告诉你，"
  },
  {
    "start": 2103.98,
    "end": 2108.59,
    "speaker": "老师",
    "text": "a和a撇是对应点则问你阿尔法的大小，"
  },
  {
    "start": 2108.32,
    "end": 2108.59,
    "speaker": "老师",
    "text": "现在求旋转角有刚才那一题铺点，"
  },
  {
    "start": 2108.32,
    "end": 2108.59,
    "speaker": "老师",
    "text": "这题求旋转角就比较简单了。"
  },
  {
    "start": 2108.32,
    "end": 2108.59,
    "speaker": "老师",
    "text": "那我们只要找到旋转角是不是就可以了？"
  },
  {
    "start": 2108.32,
    "end": 2108.59,
    "speaker": "老师",
    "text": "那旋转角刚才确定呢怎么找？"
  },
  {
    "start": 2108.32,
    "end": 2108.59,
    "speaker": "老师",
    "text": "只要找到我们的旋转中心是不是就可以了？"
  },
  {
    "start": 2108.32,
    "end": 2108.59,
    "speaker": "老师",
    "text": "旋转中心一找到旋转找是不是就出来了？"
  },
  {
    "start": 2108.32,
    "end": 2108.59,
    "speaker": "老师",
    "text": "旋转中心刚才那一题怎么找？"
  },
  {
    "start": 2108.32,
    "end": 2108.59,
    "speaker": "老师",
    "text": "旋转中心，"
  },
  {
    "start": 2108.32,
    "end": 2108.59,
    "speaker": "老师",
    "text": "我们只要做到对应点把它连接起来，"
  },
  {
    "start": 2108.32,
    "end": 2108.59,
    "speaker": "老师",
    "text": "做这个线段的垂直平分线，"
  },
  {
    "start": 2108.32,
    "end": 2108.59,
    "speaker": "老师",
    "text": "是不是就可以找到旋转中心？"
  },
  {
    "start": 2108.32,
    "end": 2108.59,
    "speaker": "老师",
    "text": "那我们b一和b撇和b是一个对应点，"
  },
  {
    "start": 2108.32,
    "end": 2108.59,
    "speaker": "老师",
    "text": "我们是不是做它的垂直平分线，"
  },
  {
    "start": 2108.32,
    "end": 2108.59,
    "speaker": "老师",
    "text": "是不是在这条线上？"
  },
  {
    "start": 2108.32,
    "end": 2108.59,
    "speaker": "老师",
    "text": "同理，"
  },
  {
    "start": 2108.32,
    "end": 2108.59,
    "speaker": "老师",
    "text": "我们把a撇和a连接起来，"
  },
  {
    "start": 2108.32,
    "end": 2108.59,
    "speaker": "老师",
    "text": "我们是不是做a和a撇的这条线段的垂直平分线。"
  },
  {
    "start": 2108.32,
    "end": 2108.59,
    "speaker": "老师",
    "text": "那教你是不是找到了来这一点，"
  },
  {
    "start": 2108.32,
    "end": 2108.59,
    "speaker": "老师",
    "text": "是不是就是旋转中心，"
  },
  {
    "start": 2108.32,
    "end": 2108.59,
    "speaker": "老师",
    "text": "旋转中心找到了旋转角，"
  },
  {
    "start": 2108.32,
    "end": 2108.59,
    "speaker": "老师",
    "text": "是不是出来了角a撇这个给一个字母OA撇OA是不是就是旋转角度数，"
  },
  {
    "start": 2108.32,
    "end": 2108.59,
    "speaker": "老师",
    "text": "是不是出来了多少度九十度很好，"
  },
  {
    "start": 2108.32,
    "end": 2108.59,
    "speaker": "老师",
    "text": "来选择的是c好了，"
  },
  {
    "start": 2108.32,
    "end": 2108.59,
    "speaker": "老师",
    "text": "通过刚才几个题目呢，"
  },
  {
    "start": 2108.32,
    "end": 2108.59,
    "speaker": "老师",
    "text": "总结我们看一下如何确定旋转中心和旋转角的方法。"
  },
  {
    "start": 2108.32,
    "end": 2108.59,
    "speaker": "老师",
    "text": "在图形的旋转过程当中，"
  },
  {
    "start": 2108.32,
    "end": 2108.59,
    "speaker": "老师",
    "text": "我们判断谁是旋转中心，"
  },
  {
    "start": 2108.32,
    "end": 2108.59,
    "speaker": "老师",
    "text": "要看旋转中心是在图形上还是不在图形上。"
  },
  {
    "start": 2108.32,
    "end": 2108.59,
    "speaker": "老师",
    "text": "比如说我们做第一个例题的时候，"
  },
  {
    "start": 2108.32,
    "end": 2108.59,
    "speaker": "老师",
    "text": "我们那个a点是不是就在图形上。"
  },
  {
    "start": 2108.32,
    "end": 2108.59,
    "speaker": "老师",
    "text": "若在图形上每一点旋转过程中位置没有改变，"
  },
  {
    "start": 2108.32,
    "end": 2108.59,
    "speaker": "老师",
    "text": "这一点就是旋转中心。"
  },
  {
    "start": 2108.32,
    "end": 2108.59,
    "speaker": "老师",
    "text": "包括刚才那一题，"
  },
  {
    "start": 2108.32,
    "end": 2108.59,
    "speaker": "老师",
    "text": "小旗子那一题。"
  },
  {
    "start": 2108.32,
    "end": 2108.59,
    "speaker": "老师",
    "text": "若不在图形上，"
  },
  {
    "start": 2108.32,
    "end": 2108.59,
    "speaker": "老师",
    "text": "对应点连线的垂直平分线就是旋转中心。"
  },
  {
    "start": 2108.32,
    "end": 2108.59,
    "speaker": "老师",
    "text": "比如说刚才的两个题目，"
  },
  {
    "start": 2108.32,
    "end": 2108.59,
    "speaker": "老师",
    "text": "一个球旋转角一个球，"
  },
  {
    "start": 2108.32,
    "end": 2108.59,
    "speaker": "老师",
    "text": "我们旋转旋转中心，"
  },
  {
    "start": 2108.32,
    "end": 2108.59,
    "speaker": "老师",
    "text": "这两题是不是就是考了这个问题？"
  },
  {
    "start": 2108.32,
    "end": 2108.59,
    "speaker": "老师",
    "text": "只要这一个旋转中心一确定我们的旋转角是不是就出来了，"
  },
  {
    "start": 2108.32,
    "end": 2108.59,
    "speaker": "老师",
    "text": "那旋转角就等于对应点与旋转中心所连线的夹角。"
  },
  {
    "start": 2108.32,
    "end": 2108.59,
    "speaker": "老师",
    "text": "好了，"
  },
  {
    "start": 2108.32,
    "end": 2108.59,
    "speaker": "老师",
    "text": "我们反思一下，"
  },
  {
    "start": 2108.32,
    "end": 2108.59,
    "speaker": "老师",
    "text": "我们今天到底学到了什么？"
  },
  {
    "start": 2108.32,
    "end": 2108.59,
    "speaker": "老师",
    "text": "我们一起来小结一下。"
  },
  {
    "start": 2108.32,
    "end": 2108.59,
    "speaker": "老师",
    "text": "第一个，"
  },
  {
    "start": 2108.32,
    "end": 2108.59,
    "speaker": "老师",
    "text": "我们今天学到了旋转画图的一般思路，"
  },
  {
    "start": 2108.32,
    "end": 2108.59,
    "speaker": "老师",
    "text": "首先要确定旋转的三要素、旋转中心、旋转方向以及旋转角度。"
  },
  {
    "start": 2108.32,
    "end": 2108.59,
    "speaker": "老师",
    "text": "第二个，"
  },
  {
    "start": 2108.32,
    "end": 2108.59,
    "speaker": "老师",
    "text": "将复杂图形的旋转转化为点的旋转。"
  },
  {
    "start": 2108.32,
    "end": 2108.59,
    "speaker": "老师",
    "text": "三角形的旋转，"
  },
  {
    "start": 2108.32,
    "end": 2108.59,
    "speaker": "老师",
    "text": "我们转化成三角形当中关键点的一些旋转，"
  },
  {
    "start": 2108.32,
    "end": 2108.59,
    "speaker": "老师",
    "text": "以及第二个利用旋转画图的知识解题，"
  },
  {
    "start": 2108.32,
    "end": 2108.59,
    "speaker": "老师",
    "text": "比如如何确定旋转中心和旋转角度等。"
  },
  {
    "start": 2108.32,
    "end": 2108.59,
    "speaker": "老师",
    "text": "好，"
  },
  {
    "start": 2108.32,
    "end": 2108.59,
    "speaker": "老师",
    "text": "这是今天作业，"
  },
  {
    "start": 2108.32,
    "end": 2108.59,
    "speaker": "老师",
    "text": "今天课就到这儿，"
  },
  {
    "start": 2108.32,
    "end": 2108.59,
    "speaker": "老师",
    "text": "同学们再见。"
  }
]