[
  {
    "start": 3.99,
    "end": 9.89,
    "speaker": "老师",
    "text": "嗯，"
  },
  {
    "start": 9.89,
    "end": 10.85,
    "speaker": "老师",
    "text": "同学们，"
  },
  {
    "start": 10.85,
    "end": 15.7,
    "speaker": "老师",
    "text": "我们前面写了勾股定理和勾股定理逆定理，"
  },
  {
    "start": 15.7,
    "end": 26.93,
    "speaker": "老师",
    "text": "今天我们要接着写勾股定理以及勾股力定理的应用。"
  },
  {
    "start": 27.11,
    "end": 32.97,
    "speaker": "老师",
    "text": "回顾一下我们前面写过的勾股定理和勾股逆定理的内容。"
  },
  {
    "start": 32.97,
    "end": 37.87,
    "speaker": "老师",
    "text": "勾股定理怎么吸数？"
  },
  {
    "start": 37.87,
    "end": 45.17,
    "speaker": "老师",
    "text": "如果直角三角形的两条直角边分别是AB,"
  },
  {
    "start": 45.17,
    "end": 54.52,
    "speaker": "老师",
    "text": "斜边为c那么a平方加b平方等于c平方勾股拟定理的内容呢？"
  },
  {
    "start": 54.92,
    "end": 59.8,
    "speaker": "老师",
    "text": "如果三角形的三边长为ABC,"
  },
  {
    "start": 59.8,
    "end": 63.35,
    "speaker": "老师",
    "text": "满足a平方加b平方等于c平方，"
  },
  {
    "start": 63.85,
    "end": 70.16,
    "speaker": "老师",
    "text": "那么这个三角形是直角三角形，"
  },
  {
    "start": 70.16,
    "end": 73.17,
    "speaker": "老师",
    "text": "这是这两个定理的例容。"
  },
  {
    "start": 73.9,
    "end": 82.06,
    "speaker": "老师",
    "text": "它们是互为一定理勾股定理给我们是已知直角三角形得到边的关系，"
  },
  {
    "start": 82.06,
    "end": 86.95,
    "speaker": "老师",
    "text": "各国际定理是已知边的关系，"
  },
  {
    "start": 86.95,
    "end": 91.98,
    "speaker": "老师",
    "text": "管直边的关系得到直角。"
  },
  {
    "start": 94.81,
    "end": 101.93,
    "speaker": "老师",
    "text": "下面我们看看这两个定理的一些运用，"
  },
  {
    "start": 101.93,
    "end": 106.17,
    "speaker": "老师",
    "text": "试试这两个问题。"
  },
  {
    "start": 106.31,
    "end": 110.91,
    "speaker": "老师",
    "text": "在RD三角形ABC中，"
  },
  {
    "start": 110.91,
    "end": 117.03,
    "speaker": "老师",
    "text": "角c是九十度第一小问如果a等于五，"
  },
  {
    "start": 117.03,
    "end": 124.34,
    "speaker": "老师",
    "text": "b等于上c等于多少呢？"
  },
  {
    "start": 124.34,
    "end": 124.97,
    "speaker": "老师",
    "text": "好，"
  },
  {
    "start": 127.0,
    "end": 128.4,
    "speaker": "老师",
    "text": "试着发发发一个图，"
  },
  {
    "start": 128.4,
    "end": 133.69,
    "speaker": "老师",
    "text": "这是球什么边呢？"
  },
  {
    "start": 133.69,
    "end": 134.05,
    "speaker": "老师",
    "text": "啊，"
  },
  {
    "start": 134.05,
    "end": 135.59,
    "speaker": "老师",
    "text": "同学出来了，"
  },
  {
    "start": 135.61,
    "end": 138.58,
    "speaker": "老师",
    "text": "这个是就斜边，"
  },
  {
    "start": 138.58,
    "end": 141.25,
    "speaker": "老师",
    "text": "相信同学们已经出来了吧。"
  },
  {
    "start": 142.59,
    "end": 143.45,
    "speaker": "老师",
    "text": "答案多少？"
  },
  {
    "start": 143.45,
    "end": 147.28,
    "speaker": "老师",
    "text": "三、直接用购物对比，"
  },
  {
    "start": 147.28,
    "end": 150.7,
    "speaker": "老师",
    "text": "用切边带一一四三，"
  },
  {
    "start": 150.86,
    "end": 151.64,
    "speaker": "老师",
    "text": "非常棒。"
  },
  {
    "start": 151.68,
    "end": 155.11,
    "speaker": "老师",
    "text": "我们继续看。"
  },
  {
    "start": 155.11,
    "end": 161.22,
    "speaker": "老师",
    "text": "第二个问题，"
  },
  {
    "start": 161.22,
    "end": 167.03,
    "speaker": "老师",
    "text": "如果a等于一十五，"
  },
  {
    "start": 169.81,
    "end": 173.54,
    "speaker": "老师",
    "text": "c等于二十五，"
  },
  {
    "start": 174.0,
    "end": 176.64,
    "speaker": "老师",
    "text": "那么b边等于多少呢？"
  },
  {
    "start": 176.64,
    "end": 177.09,
    "speaker": "老师",
    "text": "啊，"
  },
  {
    "start": 178.62,
    "end": 181.78,
    "speaker": "老师",
    "text": "也发一个示意图，"
  },
  {
    "start": 181.78,
    "end": 191.83,
    "speaker": "老师",
    "text": "标注直角是c这会是求怎么编四求直角点看，"
  },
  {
    "start": 192.03,
    "end": 195.34,
    "speaker": "老师",
    "text": "看得出来了吧，"
  },
  {
    "start": 195.34,
    "end": 201.17,
    "speaker": "老师",
    "text": "a平方加b平方等于c平方把b算出来。"
  },
  {
    "start": 201.41,
    "end": 201.81,
    "speaker": "老师",
    "text": "好，"
  },
  {
    "start": 201.95,
    "end": 203.83,
    "speaker": "老师",
    "text": "校先同学已经算出来了，"
  },
  {
    "start": 203.83,
    "end": 205.96,
    "speaker": "老师",
    "text": "单音二十。"
  },
  {
    "start": 205.96,
    "end": 206.66,
    "speaker": "老师",
    "text": "好，"
  },
  {
    "start": 206.66,
    "end": 211.1,
    "speaker": "老师",
    "text": "我们仔细看一看这两大题。"
  },
  {
    "start": 211.1,
    "end": 213.43,
    "speaker": "老师",
    "text": "第一个是求斜边，"
  },
  {
    "start": 213.43,
    "end": 216.21,
    "speaker": "老师",
    "text": "第二次就直角边。"
  },
  {
    "start": 216.21,
    "end": 223.51,
    "speaker": "老师",
    "text": "所以我们在处理运用勾股定理的题目时候，"
  },
  {
    "start": 223.51,
    "end": 228.87,
    "speaker": "老师",
    "text": "一定要分清楚是求直角边还是求斜边。"
  },
  {
    "start": 228.87,
    "end": 235.39,
    "speaker": "老师",
    "text": "这道题目还告诉我们在直角三角形中，"
  },
  {
    "start": 235.39,
    "end": 238.97,
    "speaker": "老师",
    "text": "如果知道其中的两条边，"
  },
  {
    "start": 238.97,
    "end": 242.78,
    "speaker": "老师",
    "text": "就一定能求到第三年变，"
  },
  {
    "start": 242.78,
    "end": 248.15,
    "speaker": "老师",
    "text": "我们再试试。"
  },
  {
    "start": 248.15,
    "end": 255.08,
    "speaker": "老师",
    "text": "下面以ABC为边长的三角形，"
  },
  {
    "start": 255.08,
    "end": 258.6,
    "speaker": "老师",
    "text": "是不是直角三角形？"
  },
  {
    "start": 258.6,
    "end": 259.72,
    "speaker": "老师",
    "text": "如果是，"
  },
  {
    "start": 259.72,
    "end": 263.32,
    "speaker": "老师",
    "text": "那么哪一个角是直角呢？"
  },
  {
    "start": 263.72,
    "end": 264.14,
    "speaker": "老师",
    "text": "好，"
  },
  {
    "start": 264.14,
    "end": 265.83,
    "speaker": "老师",
    "text": "同学们不妨试试看。"
  },
  {
    "start": 266.59,
    "end": 267.95,
    "speaker": "老师",
    "text": "第一题，"
  },
  {
    "start": 268.65,
    "end": 278.55,
    "speaker": "老师",
    "text": "三组边s一煞b一四b是四，"
  },
  {
    "start": 278.55,
    "end": 279.59,
    "speaker": "老师",
    "text": "CC是五。"
  },
  {
    "start": 279.59,
    "end": 281.66,
    "speaker": "老师",
    "text": "哎，"
  },
  {
    "start": 281.66,
    "end": 284.24,
    "speaker": "老师",
    "text": "我们要判断一个角是不是直角，"
  },
  {
    "start": 284.24,
    "end": 286.81,
    "speaker": "老师",
    "text": "可以用什么。"
  },
  {
    "start": 286.81,
    "end": 286.99,
    "speaker": "老师",
    "text": "哎，"
  },
  {
    "start": 286.99,
    "end": 287.15,
    "speaker": "老师",
    "text": "对，"
  },
  {
    "start": 287.15,
    "end": 291.21,
    "speaker": "老师",
    "text": "可以用我们前面写过的勾股，"
  },
  {
    "start": 291.21,
    "end": 297.63,
    "speaker": "老师",
    "text": "一定理看看这个三角形这个角是不是直角。"
  },
  {
    "start": 297.63,
    "end": 301.58,
    "speaker": "老师",
    "text": "只要找到三条边的平方关系，"
  },
  {
    "start": 301.58,
    "end": 306.6,
    "speaker": "老师",
    "text": "看看较小的两条边的平方，"
  },
  {
    "start": 306.6,
    "end": 312.09,
    "speaker": "老师",
    "text": "它们的它们和是不是等于较大的边的平方啊，"
  },
  {
    "start": 312.09,
    "end": 312.29,
    "speaker": "老师",
    "text": "哎，"
  },
  {
    "start": 312.29,
    "end": 317.62,
    "speaker": "老师",
    "text": "发现什么问题？"
  },
  {
    "start": 317.62,
    "end": 317.9,
    "speaker": "老师",
    "text": "哎，"
  },
  {
    "start": 317.9,
    "end": 330.88,
    "speaker": "老师",
    "text": "没有找不到两边的平方格，"
  },
  {
    "start": 330.88,
    "end": 333.06,
    "speaker": "老师",
    "text": "等于第三边的平方。"
  },
  {
    "start": 333.87,
    "end": 340.61,
    "speaker": "老师",
    "text": "所以这个第一问不是它不是直角三角形，"
  },
  {
    "start": 341.45,
    "end": 342.38,
    "speaker": "老师",
    "text": "不存在直角。"
  },
  {
    "start": 345.77,
    "end": 348.15,
    "speaker": "老师",
    "text": "第二个a等于b等于二，"
  },
  {
    "start": 348.15,
    "end": 350.67,
    "speaker": "老师",
    "text": "c是根号三。"
  },
  {
    "start": 350.69,
    "end": 356.62,
    "speaker": "老师",
    "text": "那么这样的三角形是不是直角三角形呢？"
  },
  {
    "start": 357.0,
    "end": 357.28,
    "speaker": "老师",
    "text": "好，"
  },
  {
    "start": 357.28,
    "end": 362.41,
    "speaker": "老师",
    "text": "同学们试试看，"
  },
  {
    "start": 362.41,
    "end": 367.1,
    "speaker": "老师",
    "text": "把三个边的平方找出来。"
  },
  {
    "start": 367.52,
    "end": 368.04,
    "speaker": "老师",
    "text": "哎，"
  },
  {
    "start": 368.06,
    "end": 369.94,
    "speaker": "老师",
    "text": "有东西发现了是a的平方，"
  },
  {
    "start": 370.02,
    "end": 375.0,
    "speaker": "老师",
    "text": "加c的平方等于b的平方，"
  },
  {
    "start": 375.0,
    "end": 387.06,
    "speaker": "老师",
    "text": "一平方加根号三平方等于四等于r的平方是a平方加c平方等于b平方。"
  },
  {
    "start": 387.86,
    "end": 392.03,
    "speaker": "老师",
    "text": "所以哎根据我们勾股逆定迷，"
  },
  {
    "start": 392.03,
    "end": 395.38,
    "speaker": "老师",
    "text": "它应该是直角三角形好。"
  },
  {
    "start": 395.38,
    "end": 399.16,
    "speaker": "老师",
    "text": "同学们哪一个边是斜边呢？"
  },
  {
    "start": 399.28,
    "end": 400.8,
    "speaker": "老师",
    "text": "哪个角是直角嘞？"
  },
  {
    "start": 401.12,
    "end": 401.56,
    "speaker": "老师",
    "text": "哎，"
  },
  {
    "start": 401.56,
    "end": 401.82,
    "speaker": "老师",
    "text": "对，"
  },
  {
    "start": 401.82,
    "end": 408.22,
    "speaker": "老师",
    "text": "是较大的。"
  },
  {
    "start": 408.22,
    "end": 412.18,
    "speaker": "老师",
    "text": "那个边是哪些边呢？"
  },
  {
    "start": 412.18,
    "end": 415.12,
    "speaker": "老师",
    "text": "B边是斜边，"
  },
  {
    "start": 415.12,
    "end": 418.52,
    "speaker": "老师",
    "text": "所以角b是直角非常棒。"
  },
  {
    "start": 418.52,
    "end": 423.07,
    "speaker": "老师",
    "text": "接着看第三个a比b比c等于三比四比五。"
  },
  {
    "start": 423.07,
    "end": 423.43,
    "speaker": "老师",
    "text": "哎，"
  },
  {
    "start": 425.33,
    "end": 427.49,
    "speaker": "老师",
    "text": "这个地方没有告诉具体的边，"
  },
  {
    "start": 427.49,
    "end": 431.29,
    "speaker": "老师",
    "text": "他只告诉了三边的比例，"
  },
  {
    "start": 431.29,
    "end": 433.42,
    "speaker": "老师",
    "text": "那怎么办呢？"
  },
  {
    "start": 433.42,
    "end": 435.74,
    "speaker": "老师",
    "text": "哎，"
  },
  {
    "start": 435.74,
    "end": 438.41,
    "speaker": "老师",
    "text": "同学们很聪明，"
  },
  {
    "start": 439.8,
    "end": 444.67,
    "speaker": "老师",
    "text": "我看到比例我们引进未知数。"
  },
  {
    "start": 444.67,
    "end": 449.53,
    "speaker": "老师",
    "text": "三见比筛远魔鬼怎么办？"
  },
  {
    "start": 449.53,
    "end": 449.87,
    "speaker": "老师",
    "text": "哎，"
  },
  {
    "start": 449.87,
    "end": 452.29,
    "speaker": "老师",
    "text": "把三这边算出来，"
  },
  {
    "start": 452.29,
    "end": 462.41,
    "speaker": "老师",
    "text": "我设a等于三x b等于四x c等于五x嗯，"
  },
  {
    "start": 462.41,
    "end": 465.37,
    "speaker": "老师",
    "text": "这样三点边就出来了吧，"
  },
  {
    "start": 465.37,
    "end": 473.78,
    "speaker": "老师",
    "text": "又可以按照我们的刚才方法看看a平方等于几。"
  },
  {
    "start": 473.78,
    "end": 473.98,
    "speaker": "老师",
    "text": "哎，"
  },
  {
    "start": 473.98,
    "end": 476.34,
    "speaker": "老师",
    "text": "图形很快已经算出来哈，"
  },
  {
    "start": 476.34,
    "end": 478.64,
    "speaker": "老师",
    "text": "把三角边的平方算出来，"
  },
  {
    "start": 478.64,
    "end": 481.4,
    "speaker": "老师",
    "text": "九x平方一十六x平方，"
  },
  {
    "start": 481.4,
    "end": 487.66,
    "speaker": "老师",
    "text": "二十五x平方发现这两边用相加等于二十五x既得到什么？"
  },
  {
    "start": 487.9,
    "end": 488.14,
    "speaker": "老师",
    "text": "哎，"
  },
  {
    "start": 488.14,
    "end": 495.73,
    "speaker": "老师",
    "text": "得到a平方加上b平方四等于c立方的，"
  },
  {
    "start": 495.73,
    "end": 502.58,
    "speaker": "老师",
    "text": "所以这个三角形是直角三角形。"
  },
  {
    "start": 502.58,
    "end": 505.7,
    "speaker": "老师",
    "text": "那哪个边是斜边呢？"
  },
  {
    "start": 505.7,
    "end": 507.9,
    "speaker": "老师",
    "text": "C边是斜边，"
  },
  {
    "start": 507.9,
    "end": 510.88,
    "speaker": "老师",
    "text": "那应该是哪个角是直角嘞，"
  },
  {
    "start": 510.88,
    "end": 513.38,
    "speaker": "老师",
    "text": "角c四直角。"
  },
  {
    "start": 513.4,
    "end": 516.98,
    "speaker": "老师",
    "text": "这个题目告诉我们，"
  },
  {
    "start": 516.98,
    "end": 525.64,
    "speaker": "老师",
    "text": "判断一个三角形是否是直角三角形，"
  },
  {
    "start": 525.64,
    "end": 531.67,
    "speaker": "老师",
    "text": "我们可以用勾股一定理找到三角边的平方，"
  },
  {
    "start": 533.85,
    "end": 537.08,
    "speaker": "老师",
    "text": "看看是否有两边的平方和，"
  },
  {
    "start": 537.08,
    "end": 538.97,
    "speaker": "老师",
    "text": "等于第三条边的平方。"
  },
  {
    "start": 538.97,
    "end": 539.61,
    "speaker": "老师",
    "text": "哎，"
  },
  {
    "start": 539.73,
    "end": 540.61,
    "speaker": "老师",
    "text": "如果有，"
  },
  {
    "start": 540.61,
    "end": 542.87,
    "speaker": "老师",
    "text": "就是直角三角，"
  },
  {
    "start": 542.87,
    "end": 545.12,
    "speaker": "老师",
    "text": "如果不存在，"
  },
  {
    "start": 545.66,
    "end": 547.26,
    "speaker": "老师",
    "text": "那就不是直角三角。"
  },
  {
    "start": 547.94,
    "end": 553.47,
    "speaker": "老师",
    "text": "同学们看到这个问题有两棵树，"
  },
  {
    "start": 553.47,
    "end": 555.45,
    "speaker": "老师",
    "text": "一个高八米，"
  },
  {
    "start": 555.45,
    "end": 556.42,
    "speaker": "老师",
    "text": "另一个高两米，"
  },
  {
    "start": 559.8,
    "end": 562.74,
    "speaker": "老师",
    "text": "两个数相距八米，"
  },
  {
    "start": 562.74,
    "end": 567.38,
    "speaker": "老师",
    "text": "一只小鸟从一棵树的树梢飞到另一个树的树梢，"
  },
  {
    "start": 567.38,
    "end": 570.76,
    "speaker": "老师",
    "text": "至少飞了多少米，"
  },
  {
    "start": 570.76,
    "end": 575.7,
    "speaker": "老师",
    "text": "看看怎么处理这个问题。"
  },
  {
    "start": 575.7,
    "end": 577.41,
    "speaker": "老师",
    "text": "首先把已知条件标上来，"
  },
  {
    "start": 580.2,
    "end": 588.89,
    "speaker": "老师",
    "text": "第一个树高八米给你们发的示意图。"
  },
  {
    "start": 589.21,
    "end": 594.98,
    "speaker": "老师",
    "text": "第二个是两米两速之间的距离十八米。"
  },
  {
    "start": 594.98,
    "end": 595.3,
    "speaker": "老师",
    "text": "哎，"
  },
  {
    "start": 596.08,
    "end": 599.77,
    "speaker": "老师",
    "text": "这是椅子留林给我们的，"
  },
  {
    "start": 599.77,
    "end": 610.64,
    "speaker": "老师",
    "text": "看看小鸟飞的时候至少要飞多少米呢？"
  },
  {
    "start": 610.64,
    "end": 620.3,
    "speaker": "老师",
    "text": "显然是非两个树梢之间的气体，"
  },
  {
    "start": 620.3,
    "end": 623.84,
    "speaker": "老师",
    "text": "两点之间线段最短。"
  },
  {
    "start": 623.84,
    "end": 624.08,
    "speaker": "老师",
    "text": "哎，"
  },
  {
    "start": 624.08,
    "end": 625.24,
    "speaker": "老师",
    "text": "他飞的是这段琴，"
  },
  {
    "start": 625.24,
    "end": 628.29,
    "speaker": "老师",
    "text": "如何把这段距离求出来呢？"
  },
  {
    "start": 628.29,
    "end": 631.71,
    "speaker": "老师",
    "text": "看看哎在求这个距离的时候，"
  },
  {
    "start": 631.71,
    "end": 639.25,
    "speaker": "老师",
    "text": "我们能否把它放到某一个直角三角形里面呢？"
  },
  {
    "start": 639.25,
    "end": 642.68,
    "speaker": "老师",
    "text": "现在一看没有直角三角形怎么办？"
  },
  {
    "start": 642.68,
    "end": 643.08,
    "speaker": "老师",
    "text": "哎，"
  },
  {
    "start": 643.08,
    "end": 649.97,
    "speaker": "老师",
    "text": "能不能构造一个直角三角形呢？"
  },
  {
    "start": 650.21,
    "end": 654.99,
    "speaker": "老师",
    "text": "如果我我这里做一个垂线过来看看，"
  },
  {
    "start": 655.17,
    "end": 655.47,
    "speaker": "老师",
    "text": "哎，"
  },
  {
    "start": 655.47,
    "end": 658.07,
    "speaker": "老师",
    "text": "我就创造了一个直角三角形，"
  },
  {
    "start": 658.17,
    "end": 660.03,
    "speaker": "老师",
    "text": "这两条边是多少？"
  },
  {
    "start": 660.03,
    "end": 669.17,
    "speaker": "老师",
    "text": "我们要求的是AB边这边是八，"
  },
  {
    "start": 669.29,
    "end": 672.59,
    "speaker": "老师",
    "text": "这个是六八米，"
  },
  {
    "start": 672.59,
    "end": 678.06,
    "speaker": "老师",
    "text": "减个两米等于六米，"
  },
  {
    "start": 678.06,
    "end": 683.03,
    "speaker": "老师",
    "text": "要求在是AB边，"
  },
  {
    "start": 683.09,
    "end": 684.67,
    "speaker": "老师",
    "text": "这是支架。"
  },
  {
    "start": 684.67,
    "end": 685.09,
    "speaker": "老师",
    "text": "哎，"
  },
  {
    "start": 685.21,
    "end": 689.91,
    "speaker": "老师",
    "text": "我们就构造了直角三角形。"
  },
  {
    "start": 689.91,
    "end": 692.54,
    "speaker": "老师",
    "text": "在这个直教三级里面，"
  },
  {
    "start": 692.9,
    "end": 701.99,
    "speaker": "老师",
    "text": "我们可以使用什么勾股钉多少钱算一算。"
  },
  {
    "start": 701.99,
    "end": 702.19,
    "speaker": "老师",
    "text": "哎，"
  },
  {
    "start": 702.19,
    "end": 707.76,
    "speaker": "老师",
    "text": "同学很快就算出来了，"
  },
  {
    "start": 707.76,
    "end": 710.39,
    "speaker": "老师",
    "text": "一个是六，"
  },
  {
    "start": 710.39,
    "end": 711.15,
    "speaker": "老师",
    "text": "一个是八，"
  },
  {
    "start": 711.71,
    "end": 720.88,
    "speaker": "老师",
    "text": "那显然来的变增加哎，"
  },
  {
    "start": 720.88,
    "end": 731.79,
    "speaker": "老师",
    "text": "等于十AB平方等于六平方加八平方等于十的平方算出来AB等于十。"
  },
  {
    "start": 732.27,
    "end": 737.25,
    "speaker": "老师",
    "text": "这个题目告诉我们在求边长的时候，"
  },
  {
    "start": 737.25,
    "end": 740.09,
    "speaker": "老师",
    "text": "如果没有直角三角形，"
  },
  {
    "start": 740.09,
    "end": 743.83,
    "speaker": "老师",
    "text": "我们可以构造一个直角三角形，"
  },
  {
    "start": 743.83,
    "end": 749.84,
    "speaker": "老师",
    "text": "能够应用勾股定理来求到某些边长。"
  },
  {
    "start": 749.84,
    "end": 750.2,
    "speaker": "老师",
    "text": "好，"
  },
  {
    "start": 750.2,
    "end": 754.05,
    "speaker": "老师",
    "text": "我们继续往下看。"
  },
  {
    "start": 754.05,
    "end": 755.81,
    "speaker": "老师",
    "text": "在三角形ABC中，"
  },
  {
    "start": 755.81,
    "end": 757.98,
    "speaker": "老师",
    "text": "AB是十BAC,"
  },
  {
    "start": 759.44,
    "end": 763.66,
    "speaker": "老师",
    "text": "是一十七BC边上的高AD等于八，"
  },
  {
    "start": 765.16,
    "end": 773.68,
    "speaker": "老师",
    "text": "求BC边的长和三角形ABC的面积。"
  },
  {
    "start": 773.68,
    "end": 773.86,
    "speaker": "老师",
    "text": "好，"
  },
  {
    "start": 773.86,
    "end": 777.38,
    "speaker": "老师",
    "text": "同学们试着发一个草，"
  },
  {
    "start": 777.38,
    "end": 780.2,
    "speaker": "老师",
    "text": "发一个草图，"
  },
  {
    "start": 780.2,
    "end": 782.86,
    "speaker": "老师",
    "text": "把已知条件标上来，"
  },
  {
    "start": 782.86,
    "end": 786.85,
    "speaker": "老师",
    "text": "已知两边可第三边上的高，"
  },
  {
    "start": 787.23,
    "end": 789.83,
    "speaker": "老师",
    "text": "看看这个图怎么发。"
  },
  {
    "start": 789.83,
    "end": 790.03,
    "speaker": "老师",
    "text": "好，"
  },
  {
    "start": 790.03,
    "end": 792.43,
    "speaker": "老师",
    "text": "有东西已经发出来了，"
  },
  {
    "start": 792.49,
    "end": 799.94,
    "speaker": "老师",
    "text": "发完以后看看哪些是可以求到的。"
  },
  {
    "start": 799.94,
    "end": 800.16,
    "speaker": "老师",
    "text": "好，"
  },
  {
    "start": 800.16,
    "end": 803.16,
    "speaker": "老师",
    "text": "有同学发的这个图对吧？"
  },
  {
    "start": 803.2,
    "end": 803.56,
    "speaker": "老师",
    "text": "哎，"
  },
  {
    "start": 803.86,
    "end": 807.06,
    "speaker": "老师",
    "text": "很多同学发的这个图，"
  },
  {
    "start": 807.06,
    "end": 809.18,
    "speaker": "老师",
    "text": "看看在这个图的情况下，"
  },
  {
    "start": 809.18,
    "end": 810.05,
    "speaker": "老师",
    "text": "AB是十，"
  },
  {
    "start": 811.52,
    "end": 812.82,
    "speaker": "老师",
    "text": "AC是一十七高AD."
  },
  {
    "start": 812.82,
    "end": 814.14,
    "speaker": "老师",
    "text": "是的，"
  },
  {
    "start": 814.14,
    "end": 814.48,
    "speaker": "老师",
    "text": "八，"
  },
  {
    "start": 814.72,
    "end": 817.84,
    "speaker": "老师",
    "text": "它是要求BC边，"
  },
  {
    "start": 817.84,
    "end": 824.43,
    "speaker": "老师",
    "text": "你看BC边b这个高分成了几段呢啊两段，"
  },
  {
    "start": 824.43,
    "end": 825.61,
    "speaker": "老师",
    "text": "一个是BD,"
  },
  {
    "start": 825.61,
    "end": 828.81,
    "speaker": "老师",
    "text": "一个是DC."
  },
  {
    "start": 828.81,
    "end": 830.97,
    "speaker": "老师",
    "text": "我们看看BD怎么求呢？"
  },
  {
    "start": 830.97,
    "end": 845.37,
    "speaker": "老师",
    "text": "A可以在直角三角形ABD中可求解DC在那边呢可以在左边的直角扇形ADC中求这个十，"
  },
  {
    "start": 845.37,
    "end": 847.36,
    "speaker": "老师",
    "text": "这是八，"
  },
  {
    "start": 848.2,
    "end": 853.29,
    "speaker": "老师",
    "text": "马上就要求到滴滴代驾。"
  },
  {
    "start": 853.29,
    "end": 853.72,
    "speaker": "老师",
    "text": "哎，"
  },
  {
    "start": 854.41,
    "end": 856.09,
    "speaker": "老师",
    "text": "BD等于六。"
  },
  {
    "start": 856.15,
    "end": 864.07,
    "speaker": "老师",
    "text": "同样在直角三角形ADADC中，"
  },
  {
    "start": 864.43,
    "end": 865.55,
    "speaker": "老师",
    "text": "斜边是一十七，"
  },
  {
    "start": 868.96,
    "end": 872.86,
    "speaker": "老师",
    "text": "直角边是八，"
  },
  {
    "start": 872.86,
    "end": 873.6,
    "speaker": "老师",
    "text": "DC等于几？"
  },
  {
    "start": 873.6,
    "end": 873.84,
    "speaker": "老师",
    "text": "哎，"
  },
  {
    "start": 873.84,
    "end": 878.47,
    "speaker": "老师",
    "text": "直接用勾股定理求直角边的算出来。"
  },
  {
    "start": 879.12,
    "end": 882.89,
    "speaker": "老师",
    "text": "好同学已经出来了多少一十五，"
  },
  {
    "start": 882.89,
    "end": 884.93,
    "speaker": "老师",
    "text": "非常棒啊。"
  },
  {
    "start": 884.93,
    "end": 890.62,
    "speaker": "老师",
    "text": "于是我们就得到BC的长度，"
  },
  {
    "start": 890.66,
    "end": 894.3,
    "speaker": "老师",
    "text": "就等于六加一十五，"
  },
  {
    "start": 894.3,
    "end": 899.02,
    "speaker": "老师",
    "text": "等于二c求到BC长度。"
  },
  {
    "start": 899.02,
    "end": 901.43,
    "speaker": "老师",
    "text": "同学们做到吧，"
  },
  {
    "start": 901.43,
    "end": 904.29,
    "speaker": "老师",
    "text": "好在里边求它那面积呢，"
  },
  {
    "start": 904.29,
    "end": 912.4,
    "speaker": "老师",
    "text": "三角形面积公式对二分之一的底增高底出来，"
  },
  {
    "start": 912.4,
    "end": 916.82,
    "speaker": "老师",
    "text": "了高已经已知了，"
  },
  {
    "start": 916.82,
    "end": 919.36,
    "speaker": "老师",
    "text": "三角形面积等于二分之一，"
  },
  {
    "start": 919.44,
    "end": 921.56,
    "speaker": "老师",
    "text": "b乘以高等于八十四。"
  },
  {
    "start": 921.56,
    "end": 921.9,
    "speaker": "老师",
    "text": "哎，"
  },
  {
    "start": 921.9,
    "end": 922.91,
    "speaker": "老师",
    "text": "同学们做到吧？"
  },
  {
    "start": 923.99,
    "end": 924.59,
    "speaker": "老师",
    "text": "哎，"
  },
  {
    "start": 924.59,
    "end": 928.1,
    "speaker": "老师",
    "text": "同学们找出两个答案了，"
  },
  {
    "start": 928.1,
    "end": 932.63,
    "speaker": "老师",
    "text": "一个是边长三c面积是八十四。"
  },
  {
    "start": 932.63,
    "end": 933.9,
    "speaker": "老师",
    "text": "哎，"
  },
  {
    "start": 933.9,
    "end": 935.26,
    "speaker": "老师",
    "text": "同学发老师，"
  },
  {
    "start": 935.68,
    "end": 938.85,
    "speaker": "老师",
    "text": "我跟你画的不一样啊，"
  },
  {
    "start": 938.85,
    "end": 941.61,
    "speaker": "老师",
    "text": "我的高不在三角形的BC边上，"
  },
  {
    "start": 941.61,
    "end": 941.89,
    "speaker": "老师",
    "text": "哎，"
  },
  {
    "start": 941.89,
    "end": 944.51,
    "speaker": "老师",
    "text": "有同学发的跟你不一样。"
  },
  {
    "start": 944.51,
    "end": 946.81,
    "speaker": "老师",
    "text": "看看有的人发出这种图形，"
  },
  {
    "start": 946.81,
    "end": 947.13,
    "speaker": "老师",
    "text": "哎，"
  },
  {
    "start": 947.27,
    "end": 949.35,
    "speaker": "老师",
    "text": "它是这样的图形。"
  },
  {
    "start": 949.35,
    "end": 955.21,
    "speaker": "老师",
    "text": "十一个钝角三角形AB是十AC四b四七。"
  },
  {
    "start": 955.63,
    "end": 958.97,
    "speaker": "老师",
    "text": "那它的高在三角形的外面，"
  },
  {
    "start": 958.97,
    "end": 966.59,
    "speaker": "老师",
    "text": "他是这样的那这个时候我们怎么求BC呢？"
  },
  {
    "start": 966.59,
    "end": 972.87,
    "speaker": "老师",
    "text": "来看看这里仍然有两个字叫三角星，"
  },
  {
    "start": 975.56,
    "end": 980.54,
    "speaker": "老师",
    "text": "一个是直角扇形ADC,"
  },
  {
    "start": 980.54,
    "end": 985.76,
    "speaker": "老师",
    "text": "还有个直角扇形ABD,"
  },
  {
    "start": 985.76,
    "end": 992.03,
    "speaker": "老师",
    "text": "左边一个右边一个一个大的一个小的。"
  },
  {
    "start": 992.07,
    "end": 1007.73,
    "speaker": "老师",
    "text": "我们在大的直角三角形ADC中小的斜边AC小的AD就会求出哪里呀？"
  },
  {
    "start": 1007.73,
    "end": 1010.7,
    "speaker": "老师",
    "text": "Dc哎，"
  },
  {
    "start": 1010.7,
    "end": 1012.18,
    "speaker": "老师",
    "text": "多少算出来一十五。"
  },
  {
    "start": 1012.18,
    "end": 1018.8,
    "speaker": "老师",
    "text": "同样我们在直角三角形ABD中可以求到BD了。"
  },
  {
    "start": 1018.8,
    "end": 1024.6,
    "speaker": "老师",
    "text": "这一定这个时候BC长度就是DC长度，"
  },
  {
    "start": 1024.6,
    "end": 1037.33,
    "speaker": "老师",
    "text": "减掉BD长度，"
  },
  {
    "start": 1037.35,
    "end": 1038.15,
    "speaker": "老师",
    "text": "结果等于静。"
  },
  {
    "start": 1038.15,
    "end": 1041.89,
    "speaker": "老师",
    "text": "那它的面积呢？"
  },
  {
    "start": 1041.89,
    "end": 1049.99,
    "speaker": "老师",
    "text": "等二分之一的底乘以高二分之一九乘以九乘以八等于三十六，"
  },
  {
    "start": 1049.99,
    "end": 1051.41,
    "speaker": "老师",
    "text": "两种可能性。"
  },
  {
    "start": 1051.43,
    "end": 1056.61,
    "speaker": "老师",
    "text": "我们有同学只发了其中的一种。"
  },
  {
    "start": 1057.17,
    "end": 1059.4,
    "speaker": "老师",
    "text": "那为什么会漏的一种呢？"
  },
  {
    "start": 1063.0,
    "end": 1066.88,
    "speaker": "老师",
    "text": "因为这个三角形图形是不固定的，"
  },
  {
    "start": 1066.88,
    "end": 1068.12,
    "speaker": "老师",
    "text": "他不确定的。"
  },
  {
    "start": 1068.12,
    "end": 1074.45,
    "speaker": "老师",
    "text": "所以如果图形不确定的时候，"
  },
  {
    "start": 1074.45,
    "end": 1076.44,
    "speaker": "老师",
    "text": "我们就要注意分类思想。"
  },
  {
    "start": 1076.44,
    "end": 1081.52,
    "speaker": "老师",
    "text": "可能这个三角形是锐角三角形，"
  },
  {
    "start": 1081.54,
    "end": 1084.23,
    "speaker": "老师",
    "text": "第一个图也可能是钝角，"
  },
  {
    "start": 1084.29,
    "end": 1088.49,
    "speaker": "老师",
    "text": "三角形是跳个图。"
  },
  {
    "start": 1088.49,
    "end": 1092.94,
    "speaker": "老师",
    "text": "所以两种可能性我们都要考虑。"
  },
  {
    "start": 1093.88,
    "end": 1094.14,
    "speaker": "老师",
    "text": "好，"
  },
  {
    "start": 1094.14,
    "end": 1100.52,
    "speaker": "老师",
    "text": "我们继续看已知在三角形ABC中，"
  },
  {
    "start": 1100.52,
    "end": 1109.67,
    "speaker": "老师",
    "text": "AB等于十三BC等于十BC边上的中线，"
  },
  {
    "start": 1109.67,
    "end": 1115.56,
    "speaker": "老师",
    "text": "AD等于十二求证AB等于AC."
  },
  {
    "start": 1115.56,
    "end": 1116.12,
    "speaker": "老师",
    "text": "哎，"
  },
  {
    "start": 1117.08,
    "end": 1118.74,
    "speaker": "老师",
    "text": "这是一道正面题，"
  },
  {
    "start": 1118.74,
    "end": 1128.08,
    "speaker": "老师",
    "text": "我们把已知条件标上来看着BC边上的中线，"
  },
  {
    "start": 1128.24,
    "end": 1137.24,
    "speaker": "老师",
    "text": "AD十一十二中线意味着第一次BC的终点，"
  },
  {
    "start": 1137.24,
    "end": 1139.12,
    "speaker": "老师",
    "text": "那么BC就被d平分，"
  },
  {
    "start": 1139.12,
    "end": 1144.22,
    "speaker": "老师",
    "text": "那应该是BD和DC都等于好。"
  },
  {
    "start": 1144.22,
    "end": 1156.25,
    "speaker": "老师",
    "text": "我们看看同学们再看在三角形ABD中发现什么三角边都知道了，"
  },
  {
    "start": 1156.25,
    "end": 1160.71,
    "speaker": "老师",
    "text": "一个边是五一个十二，"
  },
  {
    "start": 1160.71,
    "end": 1161.81,
    "speaker": "老师",
    "text": "一条边是十三，"
  },
  {
    "start": 1161.81,
    "end": 1165.52,
    "speaker": "老师",
    "text": "那五十二十三正到四勾股数。"
  },
  {
    "start": 1165.52,
    "end": 1165.76,
    "speaker": "老师",
    "text": "哎，"
  },
  {
    "start": 1165.76,
    "end": 1174.8,
    "speaker": "老师",
    "text": "我们就会判断出三角形ABD是直角三角形的，"
  },
  {
    "start": 1174.8,
    "end": 1180.71,
    "speaker": "老师",
    "text": "然后左边ADC也就是直角三形，"
  },
  {
    "start": 1181.99,
    "end": 1191.26,
    "speaker": "老师",
    "text": "然后再用在三角形ADC这个三角形应用勾股定理我就会求助AC边，"
  },
  {
    "start": 1191.26,
    "end": 1195.35,
    "speaker": "老师",
    "text": "五一十二那边就算出来是十三，"
  },
  {
    "start": 1195.35,
    "end": 1201.39,
    "speaker": "老师",
    "text": "那我通过计算可以震到这两个边相的。"
  },
  {
    "start": 1201.69,
    "end": 1202.09,
    "speaker": "老师",
    "text": "好，"
  },
  {
    "start": 1202.09,
    "end": 1204.17,
    "speaker": "老师",
    "text": "我们继续看过程。"
  },
  {
    "start": 1204.47,
    "end": 1208.99,
    "speaker": "老师",
    "text": "因为AD平方加上BD平方等于五平方，"
  },
  {
    "start": 1208.99,
    "end": 1218.26,
    "speaker": "老师",
    "text": "加十二平方等于一百六十九，"
  },
  {
    "start": 1218.26,
    "end": 1226.32,
    "speaker": "老师",
    "text": "AB平方等于十三平方等于一百六十九。"
  },
  {
    "start": 1226.32,
    "end": 1234.97,
    "speaker": "老师",
    "text": "所以得到这个平方可等于AB平方，"
  },
  {
    "start": 1234.97,
    "end": 1235.47,
    "speaker": "老师",
    "text": "对吧？"
  },
  {
    "start": 1235.47,
    "end": 1241.58,
    "speaker": "老师",
    "text": "Ad平方加上BD平方就等于AB的平方。"
  },
  {
    "start": 1241.58,
    "end": 1241.76,
    "speaker": "老师",
    "text": "好，"
  },
  {
    "start": 1241.76,
    "end": 1242.42,
    "speaker": "老师",
    "text": "到这里，"
  },
  {
    "start": 1243.39,
    "end": 1250.25,
    "speaker": "老师",
    "text": "根据我们的勾股一定理就能判断这个角角ADB就是九十度了，"
  },
  {
    "start": 1250.25,
    "end": 1252.41,
    "speaker": "老师",
    "text": "即AD是垂直于BC的。"
  },
  {
    "start": 1252.41,
    "end": 1253.95,
    "speaker": "老师",
    "text": "在三角形ADC中，"
  },
  {
    "start": 1253.95,
    "end": 1259.79,
    "speaker": "老师",
    "text": "我们可以用勾股定理，"
  },
  {
    "start": 1260.11,
    "end": 1260.43,
    "speaker": "老师",
    "text": "哎，"
  },
  {
    "start": 1260.43,
    "end": 1263.63,
    "speaker": "老师",
    "text": "把它求出来，"
  },
  {
    "start": 1263.63,
    "end": 1266.47,
    "speaker": "老师",
    "text": "算出来是一十三。"
  },
  {
    "start": 1266.47,
    "end": 1275.76,
    "speaker": "老师",
    "text": "所以经我们计算发现AC长度就等于AB长度，"
  },
  {
    "start": 1275.76,
    "end": 1277.18,
    "speaker": "老师",
    "text": "所以再答AB等于AC."
  },
  {
    "start": 1277.18,
    "end": 1277.55,
    "speaker": "老师",
    "text": "哎，"
  },
  {
    "start": 1278.92,
    "end": 1280.43,
    "speaker": "老师",
    "text": "命题得到证明了，"
  },
  {
    "start": 1281.17,
    "end": 1284.06,
    "speaker": "老师",
    "text": "那还有方法吗？"
  },
  {
    "start": 1284.06,
    "end": 1284.48,
    "speaker": "老师",
    "text": "哎，"
  },
  {
    "start": 1284.48,
    "end": 1286.06,
    "speaker": "老师",
    "text": "突然想这了，"
  },
  {
    "start": 1286.06,
    "end": 1288.43,
    "speaker": "老师",
    "text": "老师我在证，"
  },
  {
    "start": 1288.43,
    "end": 1291.21,
    "speaker": "老师",
    "text": "我不用求AC长度出来，"
  },
  {
    "start": 1291.86,
    "end": 1295.22,
    "speaker": "老师",
    "text": "我可以直接用两个三角形全等，"
  },
  {
    "start": 1295.22,
    "end": 1298.55,
    "speaker": "老师",
    "text": "公共边是AD,"
  },
  {
    "start": 1298.59,
    "end": 1300.85,
    "speaker": "老师",
    "text": "有个直角，"
  },
  {
    "start": 1300.85,
    "end": 1303.96,
    "speaker": "老师",
    "text": "两条边都是五，"
  },
  {
    "start": 1303.96,
    "end": 1305.42,
    "speaker": "老师",
    "text": "可以用边角边，"
  },
  {
    "start": 1305.42,
    "end": 1310.46,
    "speaker": "老师",
    "text": "这里的全点也得到AB,"
  },
  {
    "start": 1311.31,
    "end": 1312.89,
    "speaker": "老师",
    "text": "等于c哎，"
  },
  {
    "start": 1312.89,
    "end": 1313.29,
    "speaker": "老师",
    "text": "不错，"
  },
  {
    "start": 1313.29,
    "end": 1316.24,
    "speaker": "老师",
    "text": "还有没有方法？"
  },
  {
    "start": 1316.9,
    "end": 1320.55,
    "speaker": "老师",
    "text": "那些同学老说我还有更简单的，"
  },
  {
    "start": 1320.55,
    "end": 1321.48,
    "speaker": "老师",
    "text": "我不用全等，"
  },
  {
    "start": 1322.51,
    "end": 1327.2,
    "speaker": "老师",
    "text": "也能证得了那边相的呀。"
  },
  {
    "start": 1327.2,
    "end": 1327.42,
    "speaker": "老师",
    "text": "哎，"
  },
  {
    "start": 1327.42,
    "end": 1328.08,
    "speaker": "老师",
    "text": "为什么呢？"
  },
  {
    "start": 1328.62,
    "end": 1332.7,
    "speaker": "老师",
    "text": "因为AD是垂直平分，"
  },
  {
    "start": 1332.7,
    "end": 1333.34,
    "speaker": "老师",
    "text": "BC的，"
  },
  {
    "start": 1333.34,
    "end": 1335.88,
    "speaker": "老师",
    "text": "因为是中线又垂直，"
  },
  {
    "start": 1338.29,
    "end": 1340.84,
    "speaker": "老师",
    "text": "所以是AD,"
  },
  {
    "start": 1341.1,
    "end": 1343.41,
    "speaker": "老师",
    "text": "是BC的中垂线。"
  },
  {
    "start": 1343.41,
    "end": 1348.57,
    "speaker": "老师",
    "text": "那中极线上点到线段的两个端点的距离就相等了，"
  },
  {
    "start": 1348.79,
    "end": 1349.99,
    "speaker": "老师",
    "text": "也是我们得到AB,"
  },
  {
    "start": 1349.99,
    "end": 1354.32,
    "speaker": "老师",
    "text": "就等于c这个方法很好。"
  },
  {
    "start": 1354.32,
    "end": 1359.59,
    "speaker": "老师",
    "text": "那我们通过这个题目用了三种方法来解明，"
  },
  {
    "start": 1359.59,
    "end": 1365.36,
    "speaker": "老师",
    "text": "前面用了勾股一定理和勾股定理，"
  },
  {
    "start": 1366.65,
    "end": 1368.47,
    "speaker": "老师",
    "text": "后面用了全点，"
  },
  {
    "start": 1368.47,
    "end": 1371.01,
    "speaker": "老师",
    "text": "用过了中垂线，"
  },
  {
    "start": 1371.03,
    "end": 1372.03,
    "speaker": "老师",
    "text": "哎，"
  },
  {
    "start": 1372.09,
    "end": 1376.64,
    "speaker": "老师",
    "text": "我们实现了一体多解。"
  },
  {
    "start": 1377.04,
    "end": 1377.54,
    "speaker": "老师",
    "text": "好，"
  },
  {
    "start": 1377.58,
    "end": 1378.76,
    "speaker": "老师",
    "text": "我们继续看。"
  },
  {
    "start": 1379.46,
    "end": 1379.86,
    "speaker": "老师",
    "text": "如图，"
  },
  {
    "start": 1379.86,
    "end": 1384.27,
    "speaker": "老师",
    "text": "在正方形ABCD中，"
  },
  {
    "start": 1384.27,
    "end": 1387.15,
    "speaker": "老师",
    "text": "e是BC的中点，"
  },
  {
    "start": 1387.23,
    "end": 1392.95,
    "speaker": "老师",
    "text": "f是BD上的一点，"
  },
  {
    "start": 1392.95,
    "end": 1399.53,
    "speaker": "老师",
    "text": "并且BF等于三倍的DF求证角AEF是九十度，"
  },
  {
    "start": 1399.53,
    "end": 1405.18,
    "speaker": "老师",
    "text": "要判断一个角是九十度。"
  },
  {
    "start": 1405.18,
    "end": 1406.2,
    "speaker": "老师",
    "text": "我们有什么方法？"
  },
  {
    "start": 1406.2,
    "end": 1411.22,
    "speaker": "老师",
    "text": "我们高跟鞋的什么方法？"
  },
  {
    "start": 1411.22,
    "end": 1422.88,
    "speaker": "老师",
    "text": "你看可以用勾股一定理把这个角放到某一个三角形里面，"
  },
  {
    "start": 1424.66,
    "end": 1433.45,
    "speaker": "老师",
    "text": "再利用勾股一定理来判断它是否是直角三角形，"
  },
  {
    "start": 1434.57,
    "end": 1438.13,
    "speaker": "老师",
    "text": "从而证明它是直角。"
  },
  {
    "start": 1439.11,
    "end": 1442.31,
    "speaker": "老师",
    "text": "那怎么办呢？"
  },
  {
    "start": 1443.49,
    "end": 1458.47,
    "speaker": "老师",
    "text": "我得把这个角AEF放到某一个三角形里面去，"
  },
  {
    "start": 1460.47,
    "end": 1465.48,
    "speaker": "老师",
    "text": "同学们试试看，"
  },
  {
    "start": 1465.48,
    "end": 1465.9,
    "speaker": "老师",
    "text": "哎，"
  },
  {
    "start": 1465.9,
    "end": 1467.06,
    "speaker": "老师",
    "text": "都想到了，"
  },
  {
    "start": 1467.06,
    "end": 1468.47,
    "speaker": "老师",
    "text": "我可以连接AF,"
  },
  {
    "start": 1469.23,
    "end": 1469.65,
    "speaker": "老师",
    "text": "哎，"
  },
  {
    "start": 1469.65,
    "end": 1479.78,
    "speaker": "老师",
    "text": "就把这个角放到一个直角三角形里面了，"
  },
  {
    "start": 1479.78,
    "end": 1481.9,
    "speaker": "老师",
    "text": "我要证明它是直角。"
  },
  {
    "start": 1484.96,
    "end": 1494.61,
    "speaker": "老师",
    "text": "What's your看一看这三条边的平方关系是否存在a一平方，"
  },
  {
    "start": 1494.61,
    "end": 1496.77,
    "speaker": "老师",
    "text": "加上EF平方，"
  },
  {
    "start": 1496.77,
    "end": 1499.61,
    "speaker": "老师",
    "text": "等于AF平方，"
  },
  {
    "start": 1499.61,
    "end": 1506.19,
    "speaker": "老师",
    "text": "然后那怎么办呢？"
  },
  {
    "start": 1506.19,
    "end": 1510.18,
    "speaker": "老师",
    "text": "他给出了这个是三倍的关系，"
  },
  {
    "start": 1510.18,
    "end": 1514.09,
    "speaker": "老师",
    "text": "那我不妨设正方形的边长为四，"
  },
  {
    "start": 1514.09,
    "end": 1516.17,
    "speaker": "老师",
    "text": "根据这个关系，"
  },
  {
    "start": 1516.57,
    "end": 1527.05,
    "speaker": "老师",
    "text": "我们没得到DF十一BF三一又是CD终点，"
  },
  {
    "start": 1527.05,
    "end": 1531.47,
    "speaker": "老师",
    "text": "所以我们得到两个都是二。"
  },
  {
    "start": 1533.34,
    "end": 1533.7,
    "speaker": "老师",
    "text": "哎，"
  },
  {
    "start": 1533.7,
    "end": 1539.23,
    "speaker": "老师",
    "text": "我们把手机标上来下面就会算三角边的平方了。"
  },
  {
    "start": 1539.41,
    "end": 1545.24,
    "speaker": "老师",
    "text": "首先我们在三角形ACE中，"
  },
  {
    "start": 1545.24,
    "end": 1552.37,
    "speaker": "老师",
    "text": "这个直角三形里面算出a的平方等于AC平方，"
  },
  {
    "start": 1552.37,
    "end": 1557.61,
    "speaker": "老师",
    "text": "加上EC平方算出来等于二十。"
  },
  {
    "start": 1561.9,
    "end": 1564.47,
    "speaker": "老师",
    "text": "再在三角形DEF中，"
  },
  {
    "start": 1564.47,
    "end": 1570.62,
    "speaker": "老师",
    "text": "在这个直角设系里面算出EF平方，"
  },
  {
    "start": 1570.62,
    "end": 1570.92,
    "speaker": "老师",
    "text": "哎，"
  },
  {
    "start": 1570.92,
    "end": 1578.4,
    "speaker": "老师",
    "text": "它的DF平方加上d一平方算出来r平方加一平方等于五。"
  },
  {
    "start": 1579.26,
    "end": 1586.63,
    "speaker": "老师",
    "text": "同样我们在RD三角形ABF中，"
  },
  {
    "start": 1587.55,
    "end": 1588.25,
    "speaker": "老师",
    "text": "把这个上，"
  },
  {
    "start": 1588.25,
    "end": 1601.61,
    "speaker": "老师",
    "text": "你算了算出AF平方等于四的平方，"
  },
  {
    "start": 1602.65,
    "end": 1607.3,
    "speaker": "老师",
    "text": "加五的平方等于二十五。"
  },
  {
    "start": 1607.3,
    "end": 1607.64,
    "speaker": "老师",
    "text": "哎，"
  },
  {
    "start": 1607.84,
    "end": 1615.49,
    "speaker": "老师",
    "text": "我们发现这两个数和二十五什么关系啊？"
  },
  {
    "start": 1615.49,
    "end": 1623.55,
    "speaker": "老师",
    "text": "二十加上五正导等于二十五，"
  },
  {
    "start": 1623.55,
    "end": 1623.89,
    "speaker": "老师",
    "text": "哎，"
  },
  {
    "start": 1623.89,
    "end": 1628.9,
    "speaker": "老师",
    "text": "这两边两个平方和正好等于二十五，"
  },
  {
    "start": 1629.38,
    "end": 1636.05,
    "speaker": "老师",
    "text": "也记得它a一平方加上EF平方就等于AF平方。"
  },
  {
    "start": 1636.05,
    "end": 1637.29,
    "speaker": "老师",
    "text": "哎，"
  },
  {
    "start": 1637.29,
    "end": 1645.18,
    "speaker": "老师",
    "text": "两条边的平方和等于第三条边平方，"
  },
  {
    "start": 1645.2,
    "end": 1646.84,
    "speaker": "老师",
    "text": "根据勾股拟定理。"
  },
  {
    "start": 1646.84,
    "end": 1649.76,
    "speaker": "老师",
    "text": "那么这个角AEF就是九十度了。"
  },
  {
    "start": 1649.76,
    "end": 1650.06,
    "speaker": "老师",
    "text": "哎，"
  },
  {
    "start": 1650.06,
    "end": 1654.14,
    "speaker": "老师",
    "text": "这样命题就得到证明了，"
  },
  {
    "start": 1654.14,
    "end": 1655.66,
    "speaker": "老师",
    "text": "构造了一个三角形，"
  },
  {
    "start": 1655.66,
    "end": 1667.95,
    "speaker": "老师",
    "text": "利用了勾股，"
  },
  {
    "start": 1667.95,
    "end": 1671.85,
    "speaker": "老师",
    "text": "一定我们把问题解决了。"
  },
  {
    "start": 1671.87,
    "end": 1672.23,
    "speaker": "老师",
    "text": "好，"
  },
  {
    "start": 1672.33,
    "end": 1674.18,
    "speaker": "老师",
    "text": "我们继续看问题。"
  },
  {
    "start": 1674.18,
    "end": 1678.94,
    "speaker": "老师",
    "text": "三、长方形ABCD如图，"
  },
  {
    "start": 1678.94,
    "end": 1680.22,
    "speaker": "老师",
    "text": "沿着a一折点，"
  },
  {
    "start": 1680.6,
    "end": 1682.81,
    "speaker": "老师",
    "text": "这样才过来，"
  },
  {
    "start": 1682.83,
    "end": 1691.96,
    "speaker": "老师",
    "text": "使得点d落在BC上的f处。"
  },
  {
    "start": 1691.96,
    "end": 1694.95,
    "speaker": "老师",
    "text": "已知AB是八，"
  },
  {
    "start": 1694.95,
    "end": 1699.02,
    "speaker": "老师",
    "text": "BC是十求EF舱。"
  },
  {
    "start": 1699.02,
    "end": 1703.99,
    "speaker": "老师",
    "text": "同学们试着把图发下来，"
  },
  {
    "start": 1703.99,
    "end": 1705.76,
    "speaker": "老师",
    "text": "把一只留言标上来，"
  },
  {
    "start": 1705.76,
    "end": 1708.81,
    "speaker": "老师",
    "text": "这个是八，"
  },
  {
    "start": 1708.81,
    "end": 1710.74,
    "speaker": "老师",
    "text": "这里边是十长方形。"
  },
  {
    "start": 1712.74,
    "end": 1717.61,
    "speaker": "老师",
    "text": "我们知道长方形的长是相等的，"
  },
  {
    "start": 1718.07,
    "end": 1723.58,
    "speaker": "老师",
    "text": "宽也是相等的那这个也是十了，"
  },
  {
    "start": 1724.59,
    "end": 1728.99,
    "speaker": "老师",
    "text": "这个边就是八长方形，"
  },
  {
    "start": 1729.37,
    "end": 1733.28,
    "speaker": "老师",
    "text": "四个角都是直角，"
  },
  {
    "start": 1733.28,
    "end": 1734.9,
    "speaker": "老师",
    "text": "这是我们知道的。"
  },
  {
    "start": 1734.96,
    "end": 1738.53,
    "speaker": "老师",
    "text": "同学们注意折叠过来，"
  },
  {
    "start": 1742.97,
    "end": 1744.66,
    "speaker": "老师",
    "text": "折叠过了以后，"
  },
  {
    "start": 1745.38,
    "end": 1753.47,
    "speaker": "老师",
    "text": "这两个三角形应该是哎全等的。"
  },
  {
    "start": 1753.47,
    "end": 1759.73,
    "speaker": "老师",
    "text": "来看看这个诗跑哪去了，"
  },
  {
    "start": 1759.73,
    "end": 1763.08,
    "speaker": "老师",
    "text": "把菜来了，"
  },
  {
    "start": 1763.08,
    "end": 1764.06,
    "speaker": "老师",
    "text": "要求约弧长。"
  },
  {
    "start": 1764.06,
    "end": 1767.91,
    "speaker": "老师",
    "text": "哪个在三角形ABF中，"
  },
  {
    "start": 1767.91,
    "end": 1769.07,
    "speaker": "老师",
    "text": "我们观察这个数据，"
  },
  {
    "start": 1769.07,
    "end": 1771.74,
    "speaker": "老师",
    "text": "这个是十，"
  },
  {
    "start": 1771.74,
    "end": 1777.24,
    "speaker": "老师",
    "text": "这是八。"
  },
  {
    "start": 1777.24,
    "end": 1780.85,
    "speaker": "老师",
    "text": "我们了就能求到哪呢？"
  },
  {
    "start": 1780.85,
    "end": 1781.63,
    "speaker": "老师",
    "text": "哎，"
  },
  {
    "start": 1781.79,
    "end": 1784.13,
    "speaker": "老师",
    "text": "求到这个边是六，"
  },
  {
    "start": 1784.13,
    "end": 1791.59,
    "speaker": "老师",
    "text": "于是我们就能得到FC是加是四，"
  },
  {
    "start": 1791.59,
    "end": 1799.41,
    "speaker": "老师",
    "text": "我们要求的是这条边，"
  },
  {
    "start": 1799.41,
    "end": 1800.38,
    "speaker": "老师",
    "text": "那怎么办呢？"
  },
  {
    "start": 1802.29,
    "end": 1804.57,
    "speaker": "老师",
    "text": "不能直接求解，"
  },
  {
    "start": 1806.84,
    "end": 1809.22,
    "speaker": "老师",
    "text": "那我们可以怎么办？"
  },
  {
    "start": 1809.22,
    "end": 1813.05,
    "speaker": "老师",
    "text": "我们就可引进未知数。"
  },
  {
    "start": 1813.05,
    "end": 1818.47,
    "speaker": "老师",
    "text": "我设这条边是x那这个x从哪来的？"
  },
  {
    "start": 1818.53,
    "end": 1820.61,
    "speaker": "老师",
    "text": "是由上面翻折过的，"
  },
  {
    "start": 1820.61,
    "end": 1825.67,
    "speaker": "老师",
    "text": "所以这边它也就是x来看看一十一等于多少呢？"
  },
  {
    "start": 1825.67,
    "end": 1835.43,
    "speaker": "老师",
    "text": "二的八减x于是我们就发现在三角形直角三角形CEF中，"
  },
  {
    "start": 1835.43,
    "end": 1836.87,
    "speaker": "老师",
    "text": "哎，"
  },
  {
    "start": 1836.87,
    "end": 1837.97,
    "speaker": "老师",
    "text": "三条边都知道，"
  },
  {
    "start": 1837.97,
    "end": 1847.5,
    "speaker": "老师",
    "text": "我就会在这里列出勾股定理，"
  },
  {
    "start": 1847.64,
    "end": 1849.62,
    "speaker": "老师",
    "text": "别出意方子，"
  },
  {
    "start": 1849.7,
    "end": 1852.8,
    "speaker": "老师",
    "text": "从而把问题解决好。"
  },
  {
    "start": 1852.8,
    "end": 1854.98,
    "speaker": "老师",
    "text": "我们看看解题过程。"
  },
  {
    "start": 1854.98,
    "end": 1859.37,
    "speaker": "老师",
    "text": "三EFVX那么得到这两条相对，"
  },
  {
    "start": 1859.37,
    "end": 1871.59,
    "speaker": "老师",
    "text": "于是c一就等于八减x这俩里边都是十这边是吧。"
  },
  {
    "start": 1871.59,
    "end": 1883.19,
    "speaker": "老师",
    "text": "我们在ABF三角形里面就能求到BF,"
  },
  {
    "start": 1883.19,
    "end": 1886.11,
    "speaker": "老师",
    "text": "长度等于六了，"
  },
  {
    "start": 1886.11,
    "end": 1892.16,
    "speaker": "老师",
    "text": "一次就会求到FC等于十减六等于四。"
  },
  {
    "start": 1892.18,
    "end": 1897.48,
    "speaker": "老师",
    "text": "在RT三角形CEF中，"
  },
  {
    "start": 1897.48,
    "end": 1897.82,
    "speaker": "老师",
    "text": "哎，"
  },
  {
    "start": 1897.82,
    "end": 1903.26,
    "speaker": "老师",
    "text": "捏出勾股定c一平方，"
  },
  {
    "start": 1903.26,
    "end": 1908.61,
    "speaker": "老师",
    "text": "加上CF平方等于EF平方。"
  },
  {
    "start": 1908.61,
    "end": 1908.91,
    "speaker": "老师",
    "text": "哎，"
  },
  {
    "start": 1908.91,
    "end": 1910.71,
    "speaker": "老师",
    "text": "列出一个方程，"
  },
  {
    "start": 1910.71,
    "end": 1912.69,
    "speaker": "老师",
    "text": "把这个方程解出来，"
  },
  {
    "start": 1912.69,
    "end": 1915.46,
    "speaker": "老师",
    "text": "解的x等于五，"
  },
  {
    "start": 1915.46,
    "end": 1920.48,
    "speaker": "老师",
    "text": "于是EF长就是五了。"
  },
  {
    "start": 1920.48,
    "end": 1920.7,
    "speaker": "老师",
    "text": "哎，"
  },
  {
    "start": 1920.7,
    "end": 1930.01,
    "speaker": "老师",
    "text": "这个告诉我们在求解边长的少或者求解线段长度的少，"
  },
  {
    "start": 1930.03,
    "end": 1934.64,
    "speaker": "老师",
    "text": "不能直接求解的时候，"
  },
  {
    "start": 1937.46,
    "end": 1939.1,
    "speaker": "老师",
    "text": "我们可以适当的引进未知数，"
  },
  {
    "start": 1939.1,
    "end": 1940.46,
    "speaker": "老师",
    "text": "列出方程，"
  },
  {
    "start": 1940.5,
    "end": 1942.71,
    "speaker": "老师",
    "text": "引用方程解决问题。"
  },
  {
    "start": 1944.89,
    "end": 1947.72,
    "speaker": "老师",
    "text": "威尼斯如图所示，"
  },
  {
    "start": 1949.55,
    "end": 1951.75,
    "speaker": "老师",
    "text": "圆柱的底面直径为六厘米，"
  },
  {
    "start": 1951.75,
    "end": 1958.18,
    "speaker": "老师",
    "text": "高为十二厘米，"
  },
  {
    "start": 1958.18,
    "end": 1958.6,
    "speaker": "老师",
    "text": "一只。"
  },
  {
    "start": 1958.6,
    "end": 1959.96,
    "speaker": "老师",
    "text": "蚂蚁从a点出发，"
  },
  {
    "start": 1960.12,
    "end": 1974.38,
    "speaker": "老师",
    "text": "沿着侧面沿着圆柱侧面爬到点b是求助爬舟的爬行的最短路程怎么走最短呢？"
  },
  {
    "start": 1977.85,
    "end": 1978.47,
    "speaker": "老师",
    "text": "好，"
  },
  {
    "start": 1979.48,
    "end": 1980.74,
    "speaker": "老师",
    "text": "涛哥怎么走？"
  },
  {
    "start": 1980.74,
    "end": 1981.16,
    "speaker": "老师",
    "text": "想想看，"
  },
  {
    "start": 1981.16,
    "end": 1981.36,
    "speaker": "老师",
    "text": "哎，"
  },
  {
    "start": 1981.36,
    "end": 1983.8,
    "speaker": "老师",
    "text": "可以这样子呀，"
  },
  {
    "start": 1984.32,
    "end": 1986.16,
    "speaker": "老师",
    "text": "再这样先AC,"
  },
  {
    "start": 1986.16,
    "end": 1990.37,
    "speaker": "老师",
    "text": "再比CB可不可能，"
  },
  {
    "start": 1990.37,
    "end": 1996.16,
    "speaker": "老师",
    "text": "这不可能为什么？"
  },
  {
    "start": 1996.16,
    "end": 2000.38,
    "speaker": "老师",
    "text": "因为BC不在侧面上，"
  },
  {
    "start": 2000.44,
    "end": 2003.74,
    "speaker": "老师",
    "text": "是在底面上这样子，"
  },
  {
    "start": 2003.74,
    "end": 2006.46,
    "speaker": "老师",
    "text": "或者这样子，"
  },
  {
    "start": 2008.76,
    "end": 2015.59,
    "speaker": "老师",
    "text": "还有个怎么走走到某一个部分，"
  },
  {
    "start": 2015.59,
    "end": 2017.01,
    "speaker": "老师",
    "text": "走到中途，"
  },
  {
    "start": 2017.01,
    "end": 2020.77,
    "speaker": "老师",
    "text": "再沿着侧面的好，"
  },
  {
    "start": 2023.34,
    "end": 2029.22,
    "speaker": "老师",
    "text": "看看这些路线哪里要最短呢？"
  },
  {
    "start": 2029.22,
    "end": 2033.49,
    "speaker": "老师",
    "text": "我们可以把圆柱的侧面把它展开，"
  },
  {
    "start": 2033.49,
    "end": 2034.55,
    "speaker": "老师",
    "text": "把它展开等着。"
  },
  {
    "start": 2034.55,
    "end": 2037.43,
    "speaker": "老师",
    "text": "为什么这样子嘞？"
  },
  {
    "start": 2037.83,
    "end": 2041.63,
    "speaker": "老师",
    "text": "两点之间线段最短，"
  },
  {
    "start": 2045.73,
    "end": 2048.71,
    "speaker": "老师",
    "text": "那这些路线都不是最短的，"
  },
  {
    "start": 2048.71,
    "end": 2050.15,
    "speaker": "老师",
    "text": "只有AB,"
  },
  {
    "start": 2050.15,
    "end": 2051.89,
    "speaker": "老师",
    "text": "这是最短的。"
  },
  {
    "start": 2051.89,
    "end": 2054.79,
    "speaker": "老师",
    "text": "两边资格打第三篇，"
  },
  {
    "start": 2054.79,
    "end": 2059.9,
    "speaker": "老师",
    "text": "两边资格打于第三篇，"
  },
  {
    "start": 2059.9,
    "end": 2063.8,
    "speaker": "老师",
    "text": "只有AB这条线是最短的那怎么求呢？"
  },
  {
    "start": 2063.8,
    "end": 2068.98,
    "speaker": "老师",
    "text": "我们看看在RD三角形ABD中，"
  },
  {
    "start": 2068.98,
    "end": 2070.82,
    "speaker": "老师",
    "text": "AD是等于几啊？"
  },
  {
    "start": 2070.82,
    "end": 2075.68,
    "speaker": "老师",
    "text": "是整个周长的一半半周长派啊，"
  },
  {
    "start": 2075.78,
    "end": 2079.78,
    "speaker": "老师",
    "text": "算起来九厘米高是多少？"
  },
  {
    "start": 2079.78,
    "end": 2083.4,
    "speaker": "老师",
    "text": "预算这个肥沙四十九，"
  },
  {
    "start": 2083.4,
    "end": 2091.13,
    "speaker": "老师",
    "text": "然后我们求AB长度在RD三角形ABD中，"
  },
  {
    "start": 2091.13,
    "end": 2094.57,
    "speaker": "老师",
    "text": "AB等于根号AB平方，"
  },
  {
    "start": 2095.95,
    "end": 2099.85,
    "speaker": "老师",
    "text": "加上BD平方带数字经济九平方加三平方，"
  },
  {
    "start": 2099.85,
    "end": 2101.97,
    "speaker": "老师",
    "text": "结果算出来是一十五，"
  },
  {
    "start": 2101.97,
    "end": 2102.21,
    "speaker": "老师",
    "text": "哎，"
  },
  {
    "start": 2102.21,
    "end": 2107.14,
    "speaker": "老师",
    "text": "所以最短的路线是一十五厘米。"
  },
  {
    "start": 2107.14,
    "end": 2112.3,
    "speaker": "老师",
    "text": "这个题目告诉我们在立体上面，"
  },
  {
    "start": 2114.49,
    "end": 2119.64,
    "speaker": "老师",
    "text": "如果求两点间的最短距离，"
  },
  {
    "start": 2119.64,
    "end": 2123.88,
    "speaker": "老师",
    "text": "可以把它有立体整成平面，"
  },
  {
    "start": 2123.88,
    "end": 2126.77,
    "speaker": "老师",
    "text": "再来进行用平面借鉴，"
  },
  {
    "start": 2126.77,
    "end": 2130.8,
    "speaker": "老师",
    "text": "利有两点之间线能最大。"
  },
  {
    "start": 2130.8,
    "end": 2132.04,
    "speaker": "老师",
    "text": "好，"
  },
  {
    "start": 2132.04,
    "end": 2133.55,
    "speaker": "老师",
    "text": "我们继续看。"
  },
  {
    "start": 2133.55,
    "end": 2140.25,
    "speaker": "老师",
    "text": "如图DR一以OD为一边画等腰三角形，"
  },
  {
    "start": 2140.25,
    "end": 2143.63,
    "speaker": "老师",
    "text": "并且使得另一个顶点在x轴上，"
  },
  {
    "start": 2143.63,
    "end": 2151.55,
    "speaker": "老师",
    "text": "这样的等腰三角形能画多少个写入落在x轴上的顶点坐标。"
  },
  {
    "start": 2151.28,
    "end": 2151.55,
    "speaker": "老师",
    "text": "那我们分析一下低点坐标阿姨给了你嗯，"
  },
  {
    "start": 2151.28,
    "end": 2151.55,
    "speaker": "老师",
    "text": "OD为一边要画等腰三角形，"
  },
  {
    "start": 2151.28,
    "end": 2151.55,
    "speaker": "老师",
    "text": "那这个得腰三就行应该怎么发呢？"
  },
  {
    "start": 2151.28,
    "end": 2151.55,
    "speaker": "老师",
    "text": "这个OD是什么边呢？"
  },
  {
    "start": 2151.28,
    "end": 2151.55,
    "speaker": "老师",
    "text": "可能是腰，"
  },
  {
    "start": 2151.28,
    "end": 2151.55,
    "speaker": "老师",
    "text": "也可能是底，"
  },
  {
    "start": 2151.28,
    "end": 2151.55,
    "speaker": "老师",
    "text": "哎，"
  },
  {
    "start": 2151.28,
    "end": 2151.55,
    "speaker": "老师",
    "text": "叫分类思想。"
  },
  {
    "start": 2151.28,
    "end": 2151.55,
    "speaker": "老师",
    "text": "我的为姚大嫂还有个呢包地柜底边呢。"
  },
  {
    "start": 2151.28,
    "end": 2151.55,
    "speaker": "老师",
    "text": "那如果OD是EO,"
  },
  {
    "start": 2151.28,
    "end": 2151.55,
    "speaker": "老师",
    "text": "那哪个点是顶点的，"
  },
  {
    "start": 2151.28,
    "end": 2151.55,
    "speaker": "老师",
    "text": "可能是o是顶点。"
  },
  {
    "start": 2151.28,
    "end": 2151.55,
    "speaker": "老师",
    "text": "第二个呢是第一次定点。"
  },
  {
    "start": 2151.28,
    "end": 2151.55,
    "speaker": "老师",
    "text": "哎，"
  },
  {
    "start": 2151.28,
    "end": 2151.55,
    "speaker": "老师",
    "text": "三种情况。"
  },
  {
    "start": 2151.28,
    "end": 2151.55,
    "speaker": "老师",
    "text": "那我们看把坐标，"
  },
  {
    "start": 2151.28,
    "end": 2151.55,
    "speaker": "老师",
    "text": "我们转化成长度，"
  },
  {
    "start": 2151.28,
    "end": 2151.55,
    "speaker": "老师",
    "text": "塑形结合，"
  },
  {
    "start": 2151.28,
    "end": 2151.55,
    "speaker": "老师",
    "text": "哎，"
  },
  {
    "start": 2151.28,
    "end": 2151.55,
    "speaker": "老师",
    "text": "转发长度波d长度是根号五了。"
  },
  {
    "start": 2151.28,
    "end": 2151.55,
    "speaker": "老师",
    "text": "如果以o为顶点，"
  },
  {
    "start": 2151.28,
    "end": 2151.55,
    "speaker": "老师",
    "text": "那么这个为腰，"
  },
  {
    "start": 2151.28,
    "end": 2151.55,
    "speaker": "老师",
    "text": "那另外一个顶点是哪呢？"
  },
  {
    "start": 2151.28,
    "end": 2151.55,
    "speaker": "老师",
    "text": "我们可以用圆规，"
  },
  {
    "start": 2151.28,
    "end": 2151.55,
    "speaker": "老师",
    "text": "以o为圆心，"
  },
  {
    "start": 2151.28,
    "end": 2151.55,
    "speaker": "老师",
    "text": "OD长为半径，"
  },
  {
    "start": 2151.28,
    "end": 2151.55,
    "speaker": "老师",
    "text": "画弧与x轴相交。"
  },
  {
    "start": 2151.28,
    "end": 2151.55,
    "speaker": "老师",
    "text": "哎，"
  },
  {
    "start": 2151.28,
    "end": 2151.55,
    "speaker": "老师",
    "text": "这里就有一个再下来，"
  },
  {
    "start": 2151.28,
    "end": 2151.55,
    "speaker": "老师",
    "text": "这有一个唉一个弹药，"
  },
  {
    "start": 2151.28,
    "end": 2151.55,
    "speaker": "老师",
    "text": "这是根号五，"
  },
  {
    "start": 2151.28,
    "end": 2151.55,
    "speaker": "老师",
    "text": "g是根号五，"
  },
  {
    "start": 2151.28,
    "end": 2151.55,
    "speaker": "老师",
    "text": "所以一点的坐标是负根号五零教的正方向。"
  },
  {
    "start": 2151.28,
    "end": 2151.55,
    "speaker": "老师",
    "text": "这个点它的长度OF就等于OD,"
  },
  {
    "start": 2151.28,
    "end": 2151.55,
    "speaker": "老师",
    "text": "等于根号五零腊蚁低为一顶点等腰三角怎么画呢？"
  },
  {
    "start": 2151.28,
    "end": 2151.55,
    "speaker": "老师",
    "text": "哎，"
  },
  {
    "start": 2151.28,
    "end": 2151.55,
    "speaker": "老师",
    "text": "以o为圆心，"
  },
  {
    "start": 2151.28,
    "end": 2151.55,
    "speaker": "老师",
    "text": "OD长为半径照氧化合接过来，"
  },
  {
    "start": 2151.28,
    "end": 2151.55,
    "speaker": "老师",
    "text": "或者根据递增性。"
  },
  {
    "start": 2151.28,
    "end": 2151.55,
    "speaker": "老师",
    "text": "哎，"
  },
  {
    "start": 2151.28,
    "end": 2151.55,
    "speaker": "老师",
    "text": "这有个等腰三角形奇点，"
  },
  {
    "start": 2151.28,
    "end": 2151.55,
    "speaker": "老师",
    "text": "那么显然机点坐标多少？"
  },
  {
    "start": 2151.28,
    "end": 2151.55,
    "speaker": "老师",
    "text": "再刷这一个刷这大师四厘拉以OD为底边呢。"
  },
  {
    "start": 2151.28,
    "end": 2151.55,
    "speaker": "老师",
    "text": "那么顶点在哪呢？"
  },
  {
    "start": 2151.28,
    "end": 2151.55,
    "speaker": "老师",
    "text": "显然顶点在OD的中垂线上，"
  },
  {
    "start": 2151.28,
    "end": 2151.55,
    "speaker": "老师",
    "text": "在这里大概这个位置哎，"
  },
  {
    "start": 2151.28,
    "end": 2151.55,
    "speaker": "老师",
    "text": "仔细一点。"
  },
  {
    "start": 2151.28,
    "end": 2151.55,
    "speaker": "老师",
    "text": "那么这个点坐标怎么求呢？"
  },
  {
    "start": 2151.28,
    "end": 2151.55,
    "speaker": "老师",
    "text": "我们也就c点坐标，"
  },
  {
    "start": 2151.28,
    "end": 2151.55,
    "speaker": "老师",
    "text": "就求OC长度怎么求也是woro CVX."
  },
  {
    "start": 2151.28,
    "end": 2151.55,
    "speaker": "老师",
    "text": "那么CD也就是x ACE等于多少呢？"
  },
  {
    "start": 2151.28,
    "end": 2151.55,
    "speaker": "老师",
    "text": "二减x这个是二减去x我们就可以在RT三角形ACD中利用勾股定理列出方子一的平方加上二减x平方等于x平方解住这个放子这个盖x等于四分之五一次，"
  },
  {
    "start": 2151.28,
    "end": 2151.55,
    "speaker": "老师",
    "text": "c点坐标就是四分之五零。"
  },
  {
    "start": 2151.28,
    "end": 2151.55,
    "speaker": "老师",
    "text": "那么这样的点有几个？"
  },
  {
    "start": 2151.28,
    "end": 2151.55,
    "speaker": "老师",
    "text": "有一个两个、三个四个，"
  },
  {
    "start": 2151.28,
    "end": 2151.55,
    "speaker": "老师",
    "text": "它们的坐标都在上面。"
  },
  {
    "start": 2151.28,
    "end": 2151.55,
    "speaker": "老师",
    "text": "哎，"
  },
  {
    "start": 2151.28,
    "end": 2151.55,
    "speaker": "老师",
    "text": "这告诉我们注意等腰三角形的时候要注意分类思想。"
  },
  {
    "start": 2151.28,
    "end": 2151.55,
    "speaker": "老师",
    "text": "那我们今天学的什么？"
  },
  {
    "start": 2151.28,
    "end": 2151.55,
    "speaker": "老师",
    "text": "我们今天通过学习，"
  },
  {
    "start": 2151.28,
    "end": 2151.55,
    "speaker": "老师",
    "text": "把勾股定理和勾股逆定理进行了综合应用，"
  },
  {
    "start": 2151.28,
    "end": 2151.55,
    "speaker": "老师",
    "text": "能解决一些我们求线段的长，"
  },
  {
    "start": 2151.28,
    "end": 2151.55,
    "speaker": "老师",
    "text": "在证明过程中可以用勾股逆定理帮助我们解决了求边长的问题。"
  },
  {
    "start": 2151.28,
    "end": 2151.55,
    "speaker": "老师",
    "text": "那有什么感悟呢？"
  },
  {
    "start": 2151.28,
    "end": 2151.55,
    "speaker": "老师",
    "text": "相信不同的同学有不同的感悟。"
  },
  {
    "start": 2151.28,
    "end": 2151.55,
    "speaker": "老师",
    "text": "那今天质疑发现是什么呢？"
  },
  {
    "start": 2151.28,
    "end": 2151.55,
    "speaker": "老师",
    "text": "欢迎同学们课后进行交流。"
  },
  {
    "start": 2151.28,
    "end": 2151.55,
    "speaker": "老师",
    "text": "今天作夜巩固写作业三十八页拓展性作业三十九页研究学所言，"
  },
  {
    "start": 2151.28,
    "end": 2151.55,
    "speaker": "老师",
    "text": "自编一道应用勾股定理及一定理的试题，"
  },
  {
    "start": 2151.28,
    "end": 2151.55,
    "speaker": "老师",
    "text": "并也自己试着解答。"
  },
  {
    "start": 2151.28,
    "end": 2151.55,
    "speaker": "老师",
    "text": "好，"
  },
  {
    "start": 2151.28,
    "end": 2151.55,
    "speaker": "老师",
    "text": "我们今天课就到这里，"
  },
  {
    "start": 2151.28,
    "end": 2151.55,
    "speaker": "老师",
    "text": "同学们再见。"
  }
]