[
  {
    "start": 10.22,
    "end": 11.62,
    "speaker": "老师",
    "text": "亲爱的同学们，"
  },
  {
    "start": 11.62,
    "end": 12.94,
    "speaker": "老师",
    "text": "你们好，"
  },
  {
    "start": 12.94,
    "end": 16.1,
    "speaker": "老师",
    "text": "很高兴我们又见面了。"
  },
  {
    "start": 16.1,
    "end": 20.58,
    "speaker": "老师",
    "text": "我是南昌市城东学校的刘老师，"
  },
  {
    "start": 20.58,
    "end": 31.32,
    "speaker": "老师",
    "text": "今天我们将继续学习第十九章、一次函数第二节一次函数的第二课时。"
  },
  {
    "start": 31.34,
    "end": 36.22,
    "speaker": "老师",
    "text": "首先我们来回顾一下前面所学的内容。"
  },
  {
    "start": 36.22,
    "end": 40.34,
    "speaker": "老师",
    "text": "我们学习了正比例函数的定义，"
  },
  {
    "start": 40.66,
    "end": 44.16,
    "speaker": "老师",
    "text": "研究了它的图像和性质。"
  },
  {
    "start": 44.16,
    "end": 47.24,
    "speaker": "老师",
    "text": "类比正比例函数的学习。"
  },
  {
    "start": 47.24,
    "end": 52.76,
    "speaker": "老师",
    "text": "上节课我们又学习了一次函数的定义。"
  },
  {
    "start": 52.76,
    "end": 57.07,
    "speaker": "老师",
    "text": "那接下来我们要研究什么呢？"
  },
  {
    "start": 57.19,
    "end": 58.31,
    "speaker": "老师",
    "text": "没错，"
  },
  {
    "start": 58.53,
    "end": 64.98,
    "speaker": "老师",
    "text": "我们要研究一次函数的图像和性质。"
  },
  {
    "start": 65.0,
    "end": 71.6,
    "speaker": "老师",
    "text": "我们知道正比例函数是特殊的一次函数，"
  },
  {
    "start": 72.14,
    "end": 75.74,
    "speaker": "老师",
    "text": "正比例函数的图像是一条直线，"
  },
  {
    "start": 75.8,
    "end": 82.37,
    "speaker": "老师",
    "text": "那么一次函数的图像也会是一条直线吗？"
  },
  {
    "start": 82.41,
    "end": 90.9,
    "speaker": "老师",
    "text": "一次函数与正比例函数的图像有什么关系呢？"
  },
  {
    "start": 90.9,
    "end": 94.48,
    "speaker": "老师",
    "text": "一次函数又有哪些性质呢？"
  },
  {
    "start": 94.68,
    "end": 97.62,
    "speaker": "老师",
    "text": "带着这些疑问，"
  },
  {
    "start": 97.62,
    "end": 101.2,
    "speaker": "老师",
    "text": "开始我们今天的数学之旅。"
  },
  {
    "start": 101.2,
    "end": 103.2,
    "speaker": "老师",
    "text": "请看例一，"
  },
  {
    "start": 103.22,
    "end": 107.9,
    "speaker": "老师",
    "text": "在同一直角坐标系中画出函数，"
  },
  {
    "start": 108.02,
    "end": 228.04,
    "speaker": "老师",
    "text": "y等于负三x与y等于负三x加四的图像，"
  },
  {
    "start": 228.04,
    "end": 233.61,
    "speaker": "老师",
    "text": "请同学们在课堂练习本上画一画。"
  },
  {
    "start": 233.61,
    "end": 234.15,
    "speaker": "老师",
    "text": "嗯，"
  },
  {
    "start": 234.15,
    "end": 234.45,
    "speaker": "老师",
    "text": "好，"
  },
  {
    "start": 234.45,
    "end": 236.77,
    "speaker": "老师",
    "text": "同学们画好了吗？"
  },
  {
    "start": 236.77,
    "end": 240.59,
    "speaker": "老师",
    "text": "我们一起来看一下列表。"
  },
  {
    "start": 240.59,
    "end": 243.21,
    "speaker": "老师",
    "text": "根据函数解析式，"
  },
  {
    "start": 243.21,
    "end": 251.01,
    "speaker": "老师",
    "text": "我们发现这两个函数的自变量x可以是任意实数，"
  },
  {
    "start": 251.65,
    "end": 256.15,
    "speaker": "老师",
    "text": "因此列表表示几组对应量。"
  },
  {
    "start": 256.27,
    "end": 258.47,
    "speaker": "老师",
    "text": "为了便于计算，"
  },
  {
    "start": 258.47,
    "end": 264.93,
    "speaker": "老师",
    "text": "x老师这里分别取了负二，"
  },
  {
    "start": 264.93,
    "end": 272.04,
    "speaker": "老师",
    "text": "负一零一二，"
  },
  {
    "start": 272.04,
    "end": 282.0,
    "speaker": "老师",
    "text": "分别代入y等于负三x中得到相应的函数值。"
  },
  {
    "start": 282.18,
    "end": 289.4,
    "speaker": "老师",
    "text": "接下来描点并连线在坐标系中描点依次连接，"
  },
  {
    "start": 289.4,
    "end": 293.76,
    "speaker": "老师",
    "text": "这样就得到了正比例函数，"
  },
  {
    "start": 294.22,
    "end": 301.03,
    "speaker": "老师",
    "text": "y等于负三x的图像是一条经过原点，"
  },
  {
    "start": 301.43,
    "end": 308.55,
    "speaker": "老师",
    "text": "并且经过二四象限的直线。"
  },
  {
    "start": 308.77,
    "end": 318.62,
    "speaker": "老师",
    "text": "那接下来我们再画一下y等于负三x加四的图像，"
  },
  {
    "start": 318.62,
    "end": 334.18,
    "speaker": "老师",
    "text": "同样的x分别取负二负一零一二代入。"
  },
  {
    "start": 336.73,
    "end": 344.33,
    "speaker": "老师",
    "text": "Y等于负三x加四中计算出相应的函数值。"
  },
  {
    "start": 344.33,
    "end": 349.46,
    "speaker": "老师",
    "text": "接下来在坐标系中描点，"
  },
  {
    "start": 349.8,
    "end": 356.65,
    "speaker": "老师",
    "text": "我是必须负二十负一七零四一一二负二。"
  },
  {
    "start": 356.97,
    "end": 362.48,
    "speaker": "老师",
    "text": "按照横坐标由小到大的顺序，"
  },
  {
    "start": 362.48,
    "end": 366.82,
    "speaker": "老师",
    "text": "用平滑的曲线依次连接这些点，"
  },
  {
    "start": 366.82,
    "end": 376.5,
    "speaker": "老师",
    "text": "这样就得到了y等于负三x加四的图像。"
  },
  {
    "start": 376.5,
    "end": 377.32,
    "speaker": "老师",
    "text": "同学们，"
  },
  {
    "start": 377.32,
    "end": 381.48,
    "speaker": "老师",
    "text": "你们画的和老师的一样吗？"
  },
  {
    "start": 381.54,
    "end": 387.07,
    "speaker": "老师",
    "text": "接下来请同学们观察一下，"
  },
  {
    "start": 387.81,
    "end": 398.15,
    "speaker": "老师",
    "text": "y等于负三x加四的图像是什么形状呢？"
  },
  {
    "start": 398.43,
    "end": 402.07,
    "speaker": "老师",
    "text": "从图像中我们可以直观的看出，"
  },
  {
    "start": 402.07,
    "end": 406.49,
    "speaker": "老师",
    "text": "它的图像也是一条直线，"
  },
  {
    "start": 406.49,
    "end": 417.47,
    "speaker": "老师",
    "text": "那它和直线y等于负三x这两条直线的位置关系是什么呢？"
  },
  {
    "start": 417.51,
    "end": 422.54,
    "speaker": "老师",
    "text": "从图像中我们可以直观的看出，"
  },
  {
    "start": 422.82,
    "end": 426.67,
    "speaker": "老师",
    "text": "这两条直线的倾斜程度相同，"
  },
  {
    "start": 426.67,
    "end": 429.93,
    "speaker": "老师",
    "text": "因此两直线平行。"
  },
  {
    "start": 430.15,
    "end": 435.76,
    "speaker": "老师",
    "text": "那我们再从树的角度看一下，"
  },
  {
    "start": 435.76,
    "end": 438.62,
    "speaker": "老师",
    "text": "当KB满足什么条件时，"
  },
  {
    "start": 438.62,
    "end": 444.63,
    "speaker": "老师",
    "text": "两条直线是平行的呢？"
  },
  {
    "start": 444.63,
    "end": 457.26,
    "speaker": "老师",
    "text": "我们来比较一下这两个函数解析式y等于负三x与y等于负三x加四。"
  },
  {
    "start": 457.26,
    "end": 460.88,
    "speaker": "老师",
    "text": "通过观察我们不难发现，"
  },
  {
    "start": 461.0,
    "end": 469.06,
    "speaker": "老师",
    "text": "这两个解析式中k都等于负三相等b不相等。"
  },
  {
    "start": 469.08,
    "end": 469.7,
    "speaker": "老师",
    "text": "因此，"
  },
  {
    "start": 470.3,
    "end": 477.57,
    "speaker": "老师",
    "text": "我们得到当k相等且b不相等时，"
  },
  {
    "start": 477.57,
    "end": 479.35,
    "speaker": "老师",
    "text": "两直线平行。"
  },
  {
    "start": 479.35,
    "end": 485.38,
    "speaker": "老师",
    "text": "接下来老师再追问两个函数，"
  },
  {
    "start": 485.38,
    "end": 490.23,
    "speaker": "老师",
    "text": "图像与y轴的交点坐标分别是什么呢？"
  },
  {
    "start": 490.23,
    "end": 495.09,
    "speaker": "老师",
    "text": "从图像中我们可以直观的看出，"
  },
  {
    "start": 495.21,
    "end": 500.06,
    "speaker": "老师",
    "text": "y等于负三x与y轴的交点是原点，"
  },
  {
    "start": 500.08,
    "end": 502.5,
    "speaker": "老师",
    "text": "也就是零零实线。"
  },
  {
    "start": 502.52,
    "end": 508.86,
    "speaker": "老师",
    "text": "Y等于负三x加四与y轴的交点是零四。"
  },
  {
    "start": 508.86,
    "end": 515.51,
    "speaker": "老师",
    "text": "当然我们也可以从数的角度来计算。"
  },
  {
    "start": 515.53,
    "end": 520.53,
    "speaker": "老师",
    "text": "我们知道y轴上的点横坐标为零，"
  },
  {
    "start": 520.53,
    "end": 523.31,
    "speaker": "老师",
    "text": "也就是x等于零。"
  },
  {
    "start": 523.39,
    "end": 531.45,
    "speaker": "老师",
    "text": "所以我们可以把x等于零带入解析式中，"
  },
  {
    "start": 531.55,
    "end": 534.89,
    "speaker": "老师",
    "text": "求出相应的y值，"
  },
  {
    "start": 534.89,
    "end": 543.29,
    "speaker": "老师",
    "text": "也就是图像与y轴交点的纵坐标，"
  },
  {
    "start": 544.16,
    "end": 548.42,
    "speaker": "老师",
    "text": "进而求出图像与y轴的交点坐标。"
  },
  {
    "start": 548.42,
    "end": 553.08,
    "speaker": "老师",
    "text": "那既然这两条直线是平行的，"
  },
  {
    "start": 553.14,
    "end": 559.21,
    "speaker": "老师",
    "text": "如何移动将直线y等于负三，"
  },
  {
    "start": 559.21,
    "end": 562.61,
    "speaker": "老师",
    "text": "x变成直线y等于负三，"
  },
  {
    "start": 562.71,
    "end": 565.53,
    "speaker": "老师",
    "text": "x加四呢？"
  },
  {
    "start": 565.53,
    "end": 572.05,
    "speaker": "老师",
    "text": "我们再看一下这个表格，"
  },
  {
    "start": 572.43,
    "end": 576.99,
    "speaker": "老师",
    "text": "当x分别取负二负一零一二时，"
  },
  {
    "start": 576.99,
    "end": 580.03,
    "speaker": "老师",
    "text": "我们不难发现，"
  },
  {
    "start": 580.09,
    "end": 611.91,
    "speaker": "老师",
    "text": "一次函数y等于负三x加四的函数值都比正比例函数y等于负三x的函数值对应的大四这个规律对自变量的任何取值都成立。"
  },
  {
    "start": 611.91,
    "end": 621.37,
    "speaker": "老师",
    "text": "那么反映在图像中就是将直线y等于负三x向上平移，"
  },
  {
    "start": 621.63,
    "end": 629.01,
    "speaker": "老师",
    "text": "四个单位长度得到直线y等于负三x加四。"
  },
  {
    "start": 629.01,
    "end": 635.98,
    "speaker": "老师",
    "text": "这里老师用一个动画演示一下平移的过程，"
  },
  {
    "start": 636.12,
    "end": 638.26,
    "speaker": "老师",
    "text": "请看。"
  },
  {
    "start": 638.26,
    "end": 641.66,
    "speaker": "老师",
    "text": "那同学们再思考一下，"
  },
  {
    "start": 641.8,
    "end": 646.76,
    "speaker": "老师",
    "text": "KB中哪一个量决定了平移的方向呢？"
  },
  {
    "start": 646.76,
    "end": 650.2,
    "speaker": "老师",
    "text": "我们不难发现，"
  },
  {
    "start": 650.2,
    "end": 652.84,
    "speaker": "老师",
    "text": "b决定了平移的方向。"
  },
  {
    "start": 652.84,
    "end": 655.16,
    "speaker": "老师",
    "text": "根据以上活动探究，"
  },
  {
    "start": 655.16,
    "end": 659.84,
    "speaker": "老师",
    "text": "我们不难得出以下结论。"
  },
  {
    "start": 659.84,
    "end": 669.89,
    "speaker": "老师",
    "text": "一、一次函数y等于KX加BK不等于零的图像是一条直线，"
  },
  {
    "start": 670.19,
    "end": 674.44,
    "speaker": "老师",
    "text": "我们称它为直线，"
  },
  {
    "start": 674.44,
    "end": 696.14,
    "speaker": "老师",
    "text": "y等于KX加b第二个一次函数y等于KX加BK不等于零的图像可以由直线y等于KX平移b的绝对值个单位长度得到这里。"
  },
  {
    "start": 696.14,
    "end": 699.79,
    "speaker": "老师",
    "text": "我们分为当b大于零时，"
  },
  {
    "start": 699.95,
    "end": 701.49,
    "speaker": "老师",
    "text": "图像向上平移，"
  },
  {
    "start": 701.71,
    "end": 819.55,
    "speaker": "老师",
    "text": "当b小于零时向下平移。"
  },
  {
    "start": 819.55,
    "end": 832.44,
    "speaker": "老师",
    "text": "第三个直线y等于KX加b的图像与y轴的交点是零b接下来请跟随老师看例二，"
  },
  {
    "start": 832.66,
    "end": 835.26,
    "speaker": "老师",
    "text": "画出函数y等于二，"
  },
  {
    "start": 835.4,
    "end": 836.86,
    "speaker": "老师",
    "text": "x减一，"
  },
  {
    "start": 837.08,
    "end": 842.6,
    "speaker": "老师",
    "text": "与y等于负零点五x加一的图像。"
  },
  {
    "start": 842.7,
    "end": 850.01,
    "speaker": "老师",
    "text": "我们知道一次函数的图像是一条直线，"
  },
  {
    "start": 850.01,
    "end": 858.93,
    "speaker": "老师",
    "text": "因此只要确定两个点就能画出函数图像，"
  },
  {
    "start": 858.93,
    "end": 865.13,
    "speaker": "老师",
    "text": "请同学们在课堂练习本上画一画。"
  },
  {
    "start": 865.13,
    "end": 866.11,
    "speaker": "老师",
    "text": "嗯，"
  },
  {
    "start": 866.19,
    "end": 868.12,
    "speaker": "老师",
    "text": "好，"
  },
  {
    "start": 868.66,
    "end": 872.95,
    "speaker": "老师",
    "text": "同学们画好了吗？"
  },
  {
    "start": 872.95,
    "end": 875.27,
    "speaker": "老师",
    "text": "我们一起来看一下。"
  },
  {
    "start": 875.49,
    "end": 879.31,
    "speaker": "老师",
    "text": "首先列表为了便于计算，"
  },
  {
    "start": 879.31,
    "end": 887.44,
    "speaker": "老师",
    "text": "这里自变量x老师分别取的是零和一再分别代入y等于二，"
  },
  {
    "start": 887.44,
    "end": 895.47,
    "speaker": "老师",
    "text": "x减一与y等于负零点五x加一中计算相应的函数值，"
  },
  {
    "start": 895.47,
    "end": 898.51,
    "speaker": "老师",
    "text": "接下来描点并连线。"
  },
  {
    "start": 898.59,
    "end": 901.75,
    "speaker": "老师",
    "text": "首先我们在坐标系中，"
  },
  {
    "start": 901.75,
    "end": 907.68,
    "speaker": "老师",
    "text": "描出零负一一一连接，"
  },
  {
    "start": 908.28,
    "end": 913.82,
    "speaker": "老师",
    "text": "这两点就得到了直线y等于二x减一，"
  },
  {
    "start": 914.06,
    "end": 920.78,
    "speaker": "老师",
    "text": "接下来再描出零一一零点五连接，"
  },
  {
    "start": 920.8,
    "end": 928.82,
    "speaker": "老师",
    "text": "这样就得到了直线y等于负零点五x加一的图像。"
  },
  {
    "start": 928.82,
    "end": 929.58,
    "speaker": "老师",
    "text": "同学们，"
  },
  {
    "start": 929.88,
    "end": 933.22,
    "speaker": "老师",
    "text": "你们画的和老师的一样吗？"
  },
  {
    "start": 933.98,
    "end": 942.42,
    "speaker": "老师",
    "text": "那么除了两点法画一次函数图像外，"
  },
  {
    "start": 942.96,
    "end": 953.45,
    "speaker": "老师",
    "text": "你还可以用哪两个正比例函数的图像分别平移得到直线y等于二x减一，"
  },
  {
    "start": 953.45,
    "end": 960.61,
    "speaker": "老师",
    "text": "与y等于负零点五x加一呢对于y等于二x减一。"
  },
  {
    "start": 961.09,
    "end": 967.79,
    "speaker": "老师",
    "text": "我们可以先画出正比例函数y等于二x的图像，"
  },
  {
    "start": 967.79,
    "end": 977.13,
    "speaker": "老师",
    "text": "因为y等于二x减一中b等于负一小于零，"
  },
  {
    "start": 977.49,
    "end": 988.09,
    "speaker": "老师",
    "text": "所以把直线y等于二x向下平移一个单位长度就得到直线y等于二x减一。"
  },
  {
    "start": 988.35,
    "end": 996.16,
    "speaker": "老师",
    "text": "请看动画对于y等于负零点五x加一，"
  },
  {
    "start": 996.2,
    "end": 999.6,
    "speaker": "老师",
    "text": "我们先画出正比例函数，"
  },
  {
    "start": 999.6,
    "end": 1005.23,
    "speaker": "老师",
    "text": "y等于负零点五x的图像。"
  },
  {
    "start": 1005.45,
    "end": 1013.77,
    "speaker": "老师",
    "text": "因为y等于负零点五x加一中b等于一大于零，"
  },
  {
    "start": 1013.79,
    "end": 1023.8,
    "speaker": "老师",
    "text": "所以把直线y等于负零点五x向上平移一个单位，"
  },
  {
    "start": 1023.82,
    "end": 1026.02,
    "speaker": "老师",
    "text": "长度就得到直线，"
  },
  {
    "start": 1026.9,
    "end": 1029.42,
    "speaker": "老师",
    "text": "y等于负零点五x加一。"
  },
  {
    "start": 1029.42,
    "end": 1031.72,
    "speaker": "老师",
    "text": "请看动画这边。"
  },
  {
    "start": 1031.82,
    "end": 1032.16,
    "speaker": "老师",
    "text": "好，"
  },
  {
    "start": 1032.16,
    "end": 1038.16,
    "speaker": "老师",
    "text": "接下来请跟随老师观察一下这些图像。"
  },
  {
    "start": 1038.18,
    "end": 1047.91,
    "speaker": "老师",
    "text": "请说出y等于二x减一与y等于负零点五x加一的图像，"
  },
  {
    "start": 1049.68,
    "end": 1053.06,
    "speaker": "老师",
    "text": "y随x的变化如何变化？"
  },
  {
    "start": 1053.06,
    "end": 1054.36,
    "speaker": "老师",
    "text": "通过图像，"
  },
  {
    "start": 1054.7,
    "end": 1057.96,
    "speaker": "老师",
    "text": "我们可以直观的看出，"
  },
  {
    "start": 1057.96,
    "end": 1064.63,
    "speaker": "老师",
    "text": "对于y等于二x减一直线从左向右上升，"
  },
  {
    "start": 1065.01,
    "end": 1067.65,
    "speaker": "老师",
    "text": "y随x的增大而增大。"
  },
  {
    "start": 1067.65,
    "end": 1164.43,
    "speaker": "老师",
    "text": "对于y等于负零点五x加一，"
  },
  {
    "start": 1164.43,
    "end": 1167.97,
    "speaker": "老师",
    "text": "直线从左向右下降，"
  },
  {
    "start": 1168.15,
    "end": 1172.03,
    "speaker": "老师",
    "text": "y随x的增大而减小。"
  },
  {
    "start": 1172.03,
    "end": 1178.43,
    "speaker": "老师",
    "text": "那这种变化跟k值有什么关系呢？"
  },
  {
    "start": 1178.47,
    "end": 1181.97,
    "speaker": "老师",
    "text": "类比正比例函数的学习，"
  },
  {
    "start": 1182.11,
    "end": 1184.89,
    "speaker": "老师",
    "text": "我们不难得出，"
  },
  {
    "start": 1184.89,
    "end": 1187.95,
    "speaker": "老师",
    "text": "当k大于零时，"
  },
  {
    "start": 1187.95,
    "end": 1192.44,
    "speaker": "老师",
    "text": "直线从左向右上升，"
  },
  {
    "start": 1192.44,
    "end": 1196.18,
    "speaker": "老师",
    "text": "y随x的增大而增大。"
  },
  {
    "start": 1196.4,
    "end": 1198.68,
    "speaker": "老师",
    "text": "当k小于零时，"
  },
  {
    "start": 1198.92,
    "end": 1202.67,
    "speaker": "老师",
    "text": "直线从左向右下降，"
  },
  {
    "start": 1202.67,
    "end": 1205.59,
    "speaker": "老师",
    "text": "y随x的增大而减小。"
  },
  {
    "start": 1205.97,
    "end": 1210.8,
    "speaker": "老师",
    "text": "接下来请同学们思考，"
  },
  {
    "start": 1210.82,
    "end": 1220.5,
    "speaker": "老师",
    "text": "根据一次函数y等于KX加BK不等于零的图像，"
  },
  {
    "start": 1220.62,
    "end": 1223.14,
    "speaker": "老师",
    "text": "分别说说KB的符号。"
  },
  {
    "start": 1223.84,
    "end": 1228.19,
    "speaker": "老师",
    "text": "请同学们认真思考，"
  },
  {
    "start": 1228.85,
    "end": 1233.49,
    "speaker": "老师",
    "text": "并把答案写在课堂练习本上。"
  },
  {
    "start": 1233.55,
    "end": 1237.31,
    "speaker": "老师",
    "text": "同学们写完了吗？"
  },
  {
    "start": 1237.31,
    "end": 1240.7,
    "speaker": "老师",
    "text": "我们一起来看一下。"
  },
  {
    "start": 1240.84,
    "end": 1247.2,
    "speaker": "老师",
    "text": "第一个直线从左向右上升，"
  },
  {
    "start": 1247.2,
    "end": 1248.06,
    "speaker": "老师",
    "text": "y随x增大，"
  },
  {
    "start": 1248.06,
    "end": 1251.2,
    "speaker": "老师",
    "text": "而零b所以k大于零，"
  },
  {
    "start": 1251.2,
    "end": 1255.87,
    "speaker": "老师",
    "text": "再看图像与y轴的交点在正半轴上，"
  },
  {
    "start": 1255.87,
    "end": 1263.51,
    "speaker": "老师",
    "text": "而一次函数与y轴的交点是零b因此b大于零。"
  },
  {
    "start": 1263.51,
    "end": 1267.37,
    "speaker": "老师",
    "text": "第二个直线从左向右上升，"
  },
  {
    "start": 1267.51,
    "end": 1271.53,
    "speaker": "老师",
    "text": "y随x增大而增大，"
  },
  {
    "start": 1271.55,
    "end": 1277.16,
    "speaker": "老师",
    "text": "所以k大于零图像与y轴的交点在负半轴上，"
  },
  {
    "start": 1278.1,
    "end": 1281.04,
    "speaker": "老师",
    "text": "因此b小于零。"
  },
  {
    "start": 1281.04,
    "end": 1285.4,
    "speaker": "老师",
    "text": "第三个直线从左向右下降，"
  },
  {
    "start": 1285.4,
    "end": 1288.34,
    "speaker": "老师",
    "text": "y随x增大而减小，"
  },
  {
    "start": 1288.34,
    "end": 1295.86,
    "speaker": "老师",
    "text": "所以k小于零图像与y轴的交点在正半轴上，"
  },
  {
    "start": 1295.86,
    "end": 1298.57,
    "speaker": "老师",
    "text": "所以b大于零。"
  },
  {
    "start": 1298.57,
    "end": 1302.87,
    "speaker": "老师",
    "text": "第四个直线从左向右下降，"
  },
  {
    "start": 1302.87,
    "end": 1305.01,
    "speaker": "老师",
    "text": "y随x增大而减小，"
  },
  {
    "start": 1305.27,
    "end": 1313.8,
    "speaker": "老师",
    "text": "因此k小于零图像与y轴的交点在负半轴上，"
  },
  {
    "start": 1313.8,
    "end": 1316.14,
    "speaker": "老师",
    "text": "所以b小于零。"
  },
  {
    "start": 1316.14,
    "end": 1320.26,
    "speaker": "老师",
    "text": "那同学们思考一下，"
  },
  {
    "start": 1320.26,
    "end": 1324.56,
    "speaker": "老师",
    "text": "如何确定一次函数图像的位置呢？"
  },
  {
    "start": 1324.56,
    "end": 1326.76,
    "speaker": "老师",
    "text": "通过以上的分析，"
  },
  {
    "start": 1327.04,
    "end": 1335.73,
    "speaker": "老师",
    "text": "我们不难得出由k的正负确定函数图像的变化趋势，"
  },
  {
    "start": 1336.57,
    "end": 1338.55,
    "speaker": "老师",
    "text": "由b的正负确定，"
  },
  {
    "start": 1338.57,
    "end": 1342.29,
    "speaker": "老师",
    "text": "函数图像与y轴的交点。"
  },
  {
    "start": 1342.29,
    "end": 1354.07,
    "speaker": "老师",
    "text": "下面老师用一个表格的形式来归纳一下一次函数的图像和性质。"
  },
  {
    "start": 1354.21,
    "end": 1356.37,
    "speaker": "老师",
    "text": "根据KB的符号，"
  },
  {
    "start": 1356.37,
    "end": 1361.28,
    "speaker": "老师",
    "text": "我们分为以下四种情况，"
  },
  {
    "start": 1361.28,
    "end": 1366.58,
    "speaker": "老师",
    "text": "第一种情况当k大于零b大于零时，"
  },
  {
    "start": 1366.86,
    "end": 1376.14,
    "speaker": "老师",
    "text": "一次函数的图像是一条经过一二三象限的直线。"
  },
  {
    "start": 1376.14,
    "end": 1378.49,
    "speaker": "老师",
    "text": "第二种情况，"
  },
  {
    "start": 1378.49,
    "end": 1382.09,
    "speaker": "老师",
    "text": "当k大于零b小于零时，"
  },
  {
    "start": 1382.09,
    "end": 1388.25,
    "speaker": "老师",
    "text": "一次函数的图像是一条经过一三四象限的直线，"
  },
  {
    "start": 1388.27,
    "end": 1420.65,
    "speaker": "老师",
    "text": "这两种情况都是当k大于零时，"
  },
  {
    "start": 1420.73,
    "end": 1422.85,
    "speaker": "老师",
    "text": "y随x的增大而增大。"
  },
  {
    "start": 1422.89,
    "end": 1430.79,
    "speaker": "老师",
    "text": "第三种情况当k小于零b大于零时，"
  },
  {
    "start": 1430.79,
    "end": 1438.19,
    "speaker": "老师",
    "text": "一次函数的图像是一条经过一二四象限的直线。"
  },
  {
    "start": 1438.19,
    "end": 1444.31,
    "speaker": "老师",
    "text": "第四种情况当k小于零b小于零时，"
  },
  {
    "start": 1444.35,
    "end": 1452.22,
    "speaker": "老师",
    "text": "一次函数的图像是一条经过二三四象限的直线，"
  },
  {
    "start": 1452.58,
    "end": 1459.56,
    "speaker": "老师",
    "text": "这两种情况都是当k小于零y随x的增大而减小。"
  },
  {
    "start": 1459.56,
    "end": 1513.82,
    "speaker": "老师",
    "text": "另外还有直线y等于KX加b的图像与y轴的交点是零b直线y等于KX加b的图像可以由直线y等于KX平移得到。"
  },
  {
    "start": 1514.16,
    "end": 1516.91,
    "speaker": "老师",
    "text": "接下来请看例三，"
  },
  {
    "start": 1516.91,
    "end": 1519.91,
    "speaker": "老师",
    "text": "已知直线y等于二，"
  },
  {
    "start": 1520.29,
    "end": 1521.71,
    "speaker": "老师",
    "text": "x减三，"
  },
  {
    "start": 1521.71,
    "end": 1532.08,
    "speaker": "老师",
    "text": "你能在右图中画出直线y等于二x减三的图像吗？"
  },
  {
    "start": 1532.08,
    "end": 1539.7,
    "speaker": "老师",
    "text": "请同学们认真思考并把答案画在课堂练习本上，"
  },
  {
    "start": 1539.7,
    "end": 1541.98,
    "speaker": "老师",
    "text": "是不是好？"
  },
  {
    "start": 1543.48,
    "end": 1545.84,
    "speaker": "老师",
    "text": "同学们画好了吗？"
  },
  {
    "start": 1547.35,
    "end": 1550.39,
    "speaker": "老师",
    "text": "我们一起来看一下，"
  },
  {
    "start": 1550.39,
    "end": 1555.95,
    "speaker": "老师",
    "text": "用两点法描出零负三一负一这两点连接，"
  },
  {
    "start": 1555.95,
    "end": 1599.49,
    "speaker": "老师",
    "text": "这样就得到了y等于二x减三的图像。"
  },
  {
    "start": 1599.51,
    "end": 1602.78,
    "speaker": "老师",
    "text": "接下来老师再追问，"
  },
  {
    "start": 1602.78,
    "end": 1611.08,
    "speaker": "老师",
    "text": "直线y等于二x如何平移得到y等于二x减三呢？"
  },
  {
    "start": 1611.08,
    "end": 1614.12,
    "speaker": "老师",
    "text": "这里的b等于负三，"
  },
  {
    "start": 1614.14,
    "end": 1618.6,
    "speaker": "老师",
    "text": "所以将直线y等于二，"
  },
  {
    "start": 1618.6,
    "end": 1626.4,
    "speaker": "老师",
    "text": "x向下平移三个单位长度就得到直线y等于二，"
  },
  {
    "start": 1626.66,
    "end": 1627.57,
    "speaker": "老师",
    "text": "x减三。"
  },
  {
    "start": 1630.1,
    "end": 1633.36,
    "speaker": "老师",
    "text": "接下来请跟随老师看第二问，"
  },
  {
    "start": 1633.88,
    "end": 1640.0,
    "speaker": "老师",
    "text": "求直线与x轴的交点坐标，"
  },
  {
    "start": 1640.06,
    "end": 1644.12,
    "speaker": "老师",
    "text": "请同学们认真思考，"
  },
  {
    "start": 1644.2,
    "end": 1649.79,
    "speaker": "老师",
    "text": "并把答案写在课堂练习本上好。"
  },
  {
    "start": 1649.79,
    "end": 1655.09,
    "speaker": "老师",
    "text": "同学们做完了吗？"
  },
  {
    "start": 1655.09,
    "end": 1657.69,
    "speaker": "老师",
    "text": "我们一起来看一下，"
  },
  {
    "start": 1657.99,
    "end": 1732.21,
    "speaker": "老师",
    "text": "直线与x轴的交点纵坐标为零，"
  },
  {
    "start": 1732.21,
    "end": 1733.91,
    "speaker": "老师",
    "text": "因此当y等于零时，"
  },
  {
    "start": 1733.91,
    "end": 1736.98,
    "speaker": "老师",
    "text": "即零等于二，"
  },
  {
    "start": 1736.98,
    "end": 1738.22,
    "speaker": "老师",
    "text": "x减三，"
  },
  {
    "start": 1738.46,
    "end": 1740.88,
    "speaker": "老师",
    "text": "解得x等于一点五，"
  },
  {
    "start": 1740.88,
    "end": 1747.21,
    "speaker": "老师",
    "text": "所以直线与x轴的交点坐标为一点五零。"
  },
  {
    "start": 1747.21,
    "end": 1750.21,
    "speaker": "老师",
    "text": "接下来请看第三问，"
  },
  {
    "start": 1750.21,
    "end": 1753.77,
    "speaker": "老师",
    "text": "求直线与y轴的交点坐标，"
  },
  {
    "start": 1753.87,
    "end": 1756.77,
    "speaker": "老师",
    "text": "请同学们认真思考，"
  },
  {
    "start": 1756.77,
    "end": 1761.35,
    "speaker": "老师",
    "text": "并把答案写在课堂练习本上好。"
  },
  {
    "start": 1761.63,
    "end": 1765.03,
    "speaker": "老师",
    "text": "同学们写完了吗？"
  },
  {
    "start": 1765.37,
    "end": 1768.21,
    "speaker": "老师",
    "text": "我们一起来看一下，"
  },
  {
    "start": 1768.21,
    "end": 1775.85,
    "speaker": "老师",
    "text": "我们知道y轴上的点横坐标为零，"
  },
  {
    "start": 1775.85,
    "end": 1779.15,
    "speaker": "老师",
    "text": "因此当x等于零时，"
  },
  {
    "start": 1779.15,
    "end": 1780.81,
    "speaker": "老师",
    "text": "y等于负三，"
  },
  {
    "start": 1781.21,
    "end": 1786.95,
    "speaker": "老师",
    "text": "所以直线与y轴的交点坐标为零负三。"
  },
  {
    "start": 1787.01,
    "end": 1791.79,
    "speaker": "老师",
    "text": "接下来老师再追问，"
  },
  {
    "start": 1792.05,
    "end": 1795.07,
    "speaker": "老师",
    "text": "图像经过哪几个象限，"
  },
  {
    "start": 1795.07,
    "end": 1798.51,
    "speaker": "老师",
    "text": "y随x变化的情况是什么呢？"
  },
  {
    "start": 1798.51,
    "end": 1804.69,
    "speaker": "老师",
    "text": "从图像中我们可以直观的看出，"
  },
  {
    "start": 1804.69,
    "end": 1807.35,
    "speaker": "老师",
    "text": "图像经过一三四象限，"
  },
  {
    "start": 1807.35,
    "end": 1810.46,
    "speaker": "老师",
    "text": "直线从左向右上升，"
  },
  {
    "start": 1810.48,
    "end": 1814.58,
    "speaker": "老师",
    "text": "所以y随x的增大而增大。"
  },
  {
    "start": 1814.72,
    "end": 1818.44,
    "speaker": "老师",
    "text": "接下来请跟随老师看选一选，"
  },
  {
    "start": 1818.44,
    "end": 1877.29,
    "speaker": "老师",
    "text": "请同学们认真思考，"
  },
  {
    "start": 1877.29,
    "end": 1881.57,
    "speaker": "老师",
    "text": "并把答案写在课堂练习本上好。"
  },
  {
    "start": 1881.61,
    "end": 1885.13,
    "speaker": "老师",
    "text": "同学们写完了吗？"
  },
  {
    "start": 1885.33,
    "end": 1888.41,
    "speaker": "老师",
    "text": "我们一起来看一下。"
  },
  {
    "start": 1888.41,
    "end": 1890.87,
    "speaker": "老师",
    "text": "第一个下列函数中，"
  },
  {
    "start": 1890.87,
    "end": 1898.08,
    "speaker": "老师",
    "text": "y随x的增大而增大的是根据一次函数的性质。"
  },
  {
    "start": 1898.08,
    "end": 1907.22,
    "speaker": "老师",
    "text": "我们知道当k大于零时y随x的增大而增大，"
  },
  {
    "start": 1907.36,
    "end": 1912.78,
    "speaker": "老师",
    "text": "而四个选项当中只有b选项，"
  },
  {
    "start": 1913.16,
    "end": 1916.22,
    "speaker": "老师",
    "text": "y等于三，"
  },
  {
    "start": 1918.04,
    "end": 1923.28,
    "speaker": "老师",
    "text": "x减一中的k等于三大于零。"
  },
  {
    "start": 1923.32,
    "end": 1924.4,
    "speaker": "老师",
    "text": "因此，"
  },
  {
    "start": 1924.4,
    "end": 1926.44,
    "speaker": "老师",
    "text": "答案选b第二题，"
  },
  {
    "start": 1926.52,
    "end": 1934.41,
    "speaker": "老师",
    "text": "一次函数y等于负x加二的图像，"
  },
  {
    "start": 1934.43,
    "end": 1946.69,
    "speaker": "老师",
    "text": "不经过的象限是我们根据函数解析式中KB的符号，"
  },
  {
    "start": 1946.69,
    "end": 1950.85,
    "speaker": "老师",
    "text": "不难发现这里的k小于零，"
  },
  {
    "start": 1951.75,
    "end": 1953.89,
    "speaker": "老师",
    "text": "b大于零。"
  },
  {
    "start": 1954.23,
    "end": 1960.77,
    "speaker": "老师",
    "text": "因此我们可以画出函数的大致图像。"
  },
  {
    "start": 1960.77,
    "end": 1966.85,
    "speaker": "老师",
    "text": "从图像中我们可以直观的看出，"
  },
  {
    "start": 1967.01,
    "end": 1971.37,
    "speaker": "老师",
    "text": "这个图像不经过的象限是第三象限。"
  },
  {
    "start": 1971.39,
    "end": 1972.09,
    "speaker": "老师",
    "text": "因此，"
  },
  {
    "start": 1973.46,
    "end": 1975.86,
    "speaker": "老师",
    "text": "答案选c同学们，"
  },
  {
    "start": 1975.88,
    "end": 1979.0,
    "speaker": "老师",
    "text": "你们都答对了吗？"
  },
  {
    "start": 1979.0,
    "end": 1983.1,
    "speaker": "老师",
    "text": "都答对的同学表扬下自己吧。"
  },
  {
    "start": 1983.1,
    "end": 1985.7,
    "speaker": "老师",
    "text": "接下来请跟随老师看，"
  },
  {
    "start": 1985.7,
    "end": 1990.25,
    "speaker": "老师",
    "text": "填一填，"
  },
  {
    "start": 1990.25,
    "end": 1992.69,
    "speaker": "老师",
    "text": "请同学们认真思考，"
  },
  {
    "start": 1992.99,
    "end": 1997.67,
    "speaker": "老师",
    "text": "并把答案写在课堂练习本上好。"
  },
  {
    "start": 1997.67,
    "end": 2000.87,
    "speaker": "老师",
    "text": "同学们写完了吗？"
  },
  {
    "start": 2000.87,
    "end": 2002.79,
    "speaker": "老师",
    "text": "我们一起来看一下。"
  },
  {
    "start": 2002.79,
    "end": 2011.61,
    "speaker": "老师",
    "text": "第一个直线y等于x加二与y轴的交点坐标为。"
  },
  {
    "start": 2011.61,
    "end": 2038.34,
    "speaker": "老师",
    "text": "我们知道直线与y轴的交点坐标是零b因此所求的图像与y轴的交点坐标为零二第二个一次函数y等于二减k括号乘x加b减一的图像经过d一二三象限，"
  },
  {
    "start": 2038.44,
    "end": 2045.0,
    "speaker": "老师",
    "text": "则KB根据题意图像经过第一二三象限，"
  },
  {
    "start": 2045.26,
    "end": 2049.94,
    "speaker": "老师",
    "text": "我们可以画出函数的大致图像。"
  },
  {
    "start": 2050.2,
    "end": 2053.64,
    "speaker": "老师",
    "text": "因为直线从左向右上升，"
  },
  {
    "start": 2053.64,
    "end": 2057.75,
    "speaker": "老师",
    "text": "y随x的增大而增大，"
  },
  {
    "start": 2057.75,
    "end": 2060.95,
    "speaker": "老师",
    "text": "因此二减k大于零，"
  },
  {
    "start": 2060.95,
    "end": 2064.75,
    "speaker": "老师",
    "text": "也就是k小于二。"
  },
  {
    "start": 2064.75,
    "end": 2069.35,
    "speaker": "老师",
    "text": "又因为直线与y轴交于正半轴，"
  },
  {
    "start": 2069.35,
    "end": 2072.85,
    "speaker": "老师",
    "text": "所以b减一大于零，"
  },
  {
    "start": 2072.91,
    "end": 2076.14,
    "speaker": "老师",
    "text": "也就是b大于一。"
  },
  {
    "start": 2076.14,
    "end": 2080.76,
    "speaker": "老师",
    "text": "所以这道题的答案是k小于二，"
  },
  {
    "start": 2081.04,
    "end": 2082.02,
    "speaker": "老师",
    "text": "b大于一。"
  },
  {
    "start": 2082.02,
    "end": 2083.18,
    "speaker": "老师",
    "text": "同学们，"
  },
  {
    "start": 2083.18,
    "end": 2084.47,
    "speaker": "老师",
    "text": "你们都答对了吗？"
  },
  {
    "start": 2084.02,
    "end": 2084.47,
    "speaker": "老师",
    "text": "都答对的同学表扬下自己吧。"
  },
  {
    "start": 2084.02,
    "end": 2084.47,
    "speaker": "老师",
    "text": "不知不觉，"
  },
  {
    "start": 2084.02,
    "end": 2084.47,
    "speaker": "老师",
    "text": "本节课已接近尾声了。"
  },
  {
    "start": 2084.02,
    "end": 2084.47,
    "speaker": "老师",
    "text": "今天我们学了什么？"
  },
  {
    "start": 2084.02,
    "end": 2084.47,
    "speaker": "老师",
    "text": "我们通过画图，"
  },
  {
    "start": 2084.02,
    "end": 2084.47,
    "speaker": "老师",
    "text": "知道了一次函数的图像是一条直线。"
  },
  {
    "start": 2084.02,
    "end": 2084.47,
    "speaker": "老师",
    "text": "我们还学习了一次函数y等于KX加BK不等于零，"
  },
  {
    "start": 2084.02,
    "end": 2084.47,
    "speaker": "老师",
    "text": "与正比例函数y等于KXK不等于零的图像，"
  },
  {
    "start": 2084.02,
    "end": 2084.47,
    "speaker": "老师",
    "text": "可以通过平移相互转化。"
  },
  {
    "start": 2084.02,
    "end": 2084.47,
    "speaker": "老师",
    "text": "我们还研究了一次函数的性质，"
  },
  {
    "start": 2084.02,
    "end": 2084.47,
    "speaker": "老师",
    "text": "体验了类比的思想数形结合以及分类讨论等数学思想。"
  },
  {
    "start": 2084.02,
    "end": 2084.47,
    "speaker": "老师",
    "text": "那同学们今天还有什么质疑呢？"
  },
  {
    "start": 2084.02,
    "end": 2084.47,
    "speaker": "老师",
    "text": "课后，"
  },
  {
    "start": 2084.02,
    "end": 2084.47,
    "speaker": "老师",
    "text": "同学们可以和你的老师和同学相互交流。"
  },
  {
    "start": 2084.02,
    "end": 2084.47,
    "speaker": "老师",
    "text": "作业是课堂教学的自然延伸和有效补充。"
  },
  {
    "start": 2084.02,
    "end": 2084.47,
    "speaker": "老师",
    "text": "老师给同学们布置了三项作业，"
  },
  {
    "start": 2084.02,
    "end": 2084.47,
    "speaker": "老师",
    "text": "第一项是巩固性作业，"
  },
  {
    "start": 2084.02,
    "end": 2084.47,
    "speaker": "老师",
    "text": "请同学们完成课本第九十三页的练习。"
  },
  {
    "start": 2084.02,
    "end": 2084.47,
    "speaker": "老师",
    "text": "第二第三小题第二项是拓展性作业，"
  },
  {
    "start": 2084.02,
    "end": 2084.47,
    "speaker": "老师",
    "text": "请同学们完成练习册。"
  },
  {
    "start": 2084.02,
    "end": 2084.47,
    "speaker": "老师",
    "text": "第三十四页。"
  },
  {
    "start": 2084.02,
    "end": 2084.47,
    "speaker": "老师",
    "text": "第三项是研究性作业，"
  },
  {
    "start": 2084.02,
    "end": 2084.47,
    "speaker": "老师",
    "text": "请同学们预习课本第九十三页至九十五页以上作业，"
  },
  {
    "start": 2084.02,
    "end": 2084.47,
    "speaker": "老师",
    "text": "希望同学们认真完成。"
  },
  {
    "start": 2084.02,
    "end": 2084.47,
    "speaker": "老师",
    "text": "好了，"
  },
  {
    "start": 2084.02,
    "end": 2084.47,
    "speaker": "老师",
    "text": "今天的课我们就上到这里，"
  },
  {
    "start": 2084.02,
    "end": 2084.47,
    "speaker": "老师",
    "text": "同学们再见。"
  }
]