[
  {
    "start": 12.66,
    "end": 13.2,
    "speaker": "老师",
    "text": "同学们，"
  },
  {
    "start": 13.2,
    "end": 14.84,
    "speaker": "老师",
    "text": "大家好，"
  },
  {
    "start": 14.84,
    "end": 17.64,
    "speaker": "老师",
    "text": "欢迎来到今天的数学课堂。"
  },
  {
    "start": 17.82,
    "end": 24.56,
    "speaker": "老师",
    "text": "本节课我们将在上节课的基础上继续研究平行四边形的判定。"
  },
  {
    "start": 24.56,
    "end": 35.88,
    "speaker": "老师",
    "text": "首先来看一下本节课的学习目标。"
  },
  {
    "start": 35.88,
    "end": 40.65,
    "speaker": "老师",
    "text": "在前面我们学习了平行四边形的性质，"
  },
  {
    "start": 40.65,
    "end": 42.78,
    "speaker": "老师",
    "text": "有这样四条，"
  },
  {
    "start": 42.78,
    "end": 43.66,
    "speaker": "老师",
    "text": "第一，"
  },
  {
    "start": 43.82,
    "end": 48.06,
    "speaker": "老师",
    "text": "平行四边形的对边平行，"
  },
  {
    "start": 48.12,
    "end": 53.16,
    "speaker": "老师",
    "text": "第二平行四边形的对边相等。"
  },
  {
    "start": 53.24,
    "end": 54.87,
    "speaker": "老师",
    "text": "第三，"
  },
  {
    "start": 54.89,
    "end": 58.67,
    "speaker": "老师",
    "text": "平行四边形的对角相等。"
  },
  {
    "start": 58.67,
    "end": 59.8,
    "speaker": "老师",
    "text": "第四，"
  },
  {
    "start": 60.83,
    "end": 63.99,
    "speaker": "老师",
    "text": "平行四边形的对角线互相平分。"
  },
  {
    "start": 63.99,
    "end": 71.81,
    "speaker": "老师",
    "text": "那么在上节课我们还得到了平行四边形的判定，"
  },
  {
    "start": 73.1,
    "end": 76.94,
    "speaker": "老师",
    "text": "你还记得有哪几种判定方法吗？"
  },
  {
    "start": 77.0,
    "end": 77.78,
    "speaker": "老师",
    "text": "第一，"
  },
  {
    "start": 77.78,
    "end": 139.72,
    "speaker": "老师",
    "text": "两组对边分别平行的四边形是平行四边形。"
  },
  {
    "start": 139.72,
    "end": 162.34,
    "speaker": "老师",
    "text": "第二，"
  },
  {
    "start": 163.07,
    "end": 165.69,
    "speaker": "老师",
    "text": "两组对边分别相等，"
  },
  {
    "start": 165.69,
    "end": 168.34,
    "speaker": "老师",
    "text": "四边形是平行四边形。"
  },
  {
    "start": 179.75,
    "end": 193.88,
    "speaker": "老师",
    "text": "第三，"
  },
  {
    "start": 194.24,
    "end": 199.72,
    "speaker": "老师",
    "text": "一组对边平行且相等的四边形是平行四边形。"
  },
  {
    "start": 199.72,
    "end": 200.46,
    "speaker": "老师",
    "text": "嗯，"
  },
  {
    "start": 200.46,
    "end": 206.06,
    "speaker": "老师",
    "text": "那么通过对平行四边形的性质和判定的学习，"
  },
  {
    "start": 206.06,
    "end": 208.58,
    "speaker": "老师",
    "text": "同学小明，"
  },
  {
    "start": 208.58,
    "end": 211.78,
    "speaker": "老师",
    "text": "他提出了一个疑问，"
  },
  {
    "start": 211.78,
    "end": 215.71,
    "speaker": "老师",
    "text": "平行四边形的对角线会互相平分。"
  },
  {
    "start": 217.7,
    "end": 218.78,
    "speaker": "老师",
    "text": "那么反过来，"
  },
  {
    "start": 218.78,
    "end": 226.9,
    "speaker": "老师",
    "text": "对角线互相平分的四边形会不会是一个平行四边形呢？"
  },
  {
    "start": 227.0,
    "end": 229.97,
    "speaker": "老师",
    "text": "为了验证他的猜想，"
  },
  {
    "start": 229.97,
    "end": 236.01,
    "speaker": "老师",
    "text": "小明将两根细木条的终点重叠，"
  },
  {
    "start": 236.01,
    "end": 238.97,
    "speaker": "老师",
    "text": "并用钉子固定，"
  },
  {
    "start": 240.23,
    "end": 243.31,
    "speaker": "老师",
    "text": "形成了这样一个四边形。"
  },
  {
    "start": 243.57,
    "end": 250.34,
    "speaker": "老师",
    "text": "那么通过观察四边形ABCD是一个平行四边形。"
  },
  {
    "start": 250.38,
    "end": 250.9,
    "speaker": "老师",
    "text": "由此，"
  },
  {
    "start": 250.9,
    "end": 251.9,
    "speaker": "老师",
    "text": "他猜想，"
  },
  {
    "start": 251.9,
    "end": 258.2,
    "speaker": "老师",
    "text": "对角线互相平分的四边形是平行四边形。"
  },
  {
    "start": 258.2,
    "end": 260.5,
    "speaker": "老师",
    "text": "你同意他的想法吗？"
  },
  {
    "start": 260.5,
    "end": 297.43,
    "speaker": "老师",
    "text": "能不能用我们所学过的知识进行证明呢？"
  },
  {
    "start": 297.45,
    "end": 302.71,
    "speaker": "老师",
    "text": "那要变证这个命题的真假。"
  },
  {
    "start": 303.19,
    "end": 304.63,
    "speaker": "老师",
    "text": "首先，"
  },
  {
    "start": 304.99,
    "end": 309.15,
    "speaker": "老师",
    "text": "我们要画出图形，"
  },
  {
    "start": 309.23,
    "end": 312.77,
    "speaker": "老师",
    "text": "写出已知求证。"
  },
  {
    "start": 312.77,
    "end": 315.51,
    "speaker": "老师",
    "text": "同学们先写写看吧。"
  },
  {
    "start": 315.67,
    "end": 382.78,
    "speaker": "老师",
    "text": "这个命题要转换为几何语言，"
  },
  {
    "start": 382.78,
    "end": 386.26,
    "speaker": "老师",
    "text": "也就是在四边形ABCD中，"
  },
  {
    "start": 386.56,
    "end": 390.68,
    "speaker": "老师",
    "text": "已知OA等于OCOB等于OD,"
  },
  {
    "start": 390.68,
    "end": 395.98,
    "speaker": "老师",
    "text": "要求证四边形ABCD是一个平行四边形。"
  },
  {
    "start": 396.06,
    "end": 399.62,
    "speaker": "老师",
    "text": "接下来就由你们来证明吧，"
  },
  {
    "start": 399.62,
    "end": 401.12,
    "speaker": "老师",
    "text": "完成了吗？"
  },
  {
    "start": 401.14,
    "end": 406.16,
    "speaker": "老师",
    "text": "要证明四边形是一个平行四边形。"
  },
  {
    "start": 406.22,
    "end": 410.87,
    "speaker": "老师",
    "text": "那么我们有哪些证明方法呢？"
  },
  {
    "start": 410.87,
    "end": 412.53,
    "speaker": "老师",
    "text": "是的，"
  },
  {
    "start": 412.85,
    "end": 422.33,
    "speaker": "老师",
    "text": "我们可以通过证明四边形、两组对边分别平行或者两组，"
  },
  {
    "start": 422.33,
    "end": 426.75,
    "speaker": "老师",
    "text": "对边分别相等，"
  },
  {
    "start": 426.75,
    "end": 437.19,
    "speaker": "老师",
    "text": "也可以证明一组对边平行且相等而得到。"
  },
  {
    "start": 437.98,
    "end": 444.09,
    "speaker": "老师",
    "text": "那么在本道题中能不能用它们来证明呢？"
  },
  {
    "start": 444.13,
    "end": 447.12,
    "speaker": "老师",
    "text": "根据题意，"
  },
  {
    "start": 447.12,
    "end": 451.42,
    "speaker": "老师",
    "text": "OA等于OCOB等于OD."
  },
  {
    "start": 451.46,
    "end": 455.48,
    "speaker": "老师",
    "text": "那么结合对顶角相等，"
  },
  {
    "start": 455.48,
    "end": 466.82,
    "speaker": "老师",
    "text": "在这个图中我们可以得到三角形ABO全等于三角形CEO,"
  },
  {
    "start": 467.28,
    "end": 474.07,
    "speaker": "老师",
    "text": "同样可得三角形AOD,"
  },
  {
    "start": 474.07,
    "end": 477.01,
    "speaker": "老师",
    "text": "全等三角形OB."
  },
  {
    "start": 477.07,
    "end": 487.09,
    "speaker": "老师",
    "text": "那根据全等三角形的性质就可以得到对应边相等，"
  },
  {
    "start": 487.09,
    "end": 498.43,
    "speaker": "老师",
    "text": "同样也可以通过对应角相等去得到两边平行。"
  },
  {
    "start": 498.43,
    "end": 503.25,
    "speaker": "老师",
    "text": "那接下来来看一下老师的思路，"
  },
  {
    "start": 503.41,
    "end": 520.34,
    "speaker": "老师",
    "text": "老师是先通过OA等于OCOB等于OB结合对顶角角a OD等于角COD."
  },
  {
    "start": 520.36,
    "end": 527.78,
    "speaker": "老师",
    "text": "先证明这两个三角形全等，"
  },
  {
    "start": 527.78,
    "end": 532.96,
    "speaker": "老师",
    "text": "那由全等三角形的性质可得AD等于CD,"
  },
  {
    "start": 533.38,
    "end": 541.88,
    "speaker": "老师",
    "text": "同样还可得角ADO等于角碧波，"
  },
  {
    "start": 541.9,
    "end": 543.84,
    "speaker": "老师",
    "text": "那由内错角相等，"
  },
  {
    "start": 543.84,
    "end": 553.19,
    "speaker": "老师",
    "text": "可以得到AD平行CB根据一组对边平行且相等，"
  },
  {
    "start": 553.93,
    "end": 558.57,
    "speaker": "老师",
    "text": "就能证明它是一个平行四边形。"
  },
  {
    "start": 558.57,
    "end": 559.01,
    "speaker": "老师",
    "text": "同样，"
  },
  {
    "start": 559.01,
    "end": 563.26,
    "speaker": "老师",
    "text": "你也可以用相同的方法证明，"
  },
  {
    "start": 563.26,
    "end": 584.92,
    "speaker": "老师",
    "text": "三角形AOB全等于三角形COD得到AB平行且等于CD."
  },
  {
    "start": 584.92,
    "end": 592.62,
    "speaker": "老师",
    "text": "而得到老师的方法是通过一组对边平行且相等判定的。"
  },
  {
    "start": 592.84,
    "end": 596.62,
    "speaker": "老师",
    "text": "那么你有没有不同的思路呢？"
  },
  {
    "start": 596.66,
    "end": 597.32,
    "speaker": "老师",
    "text": "是的，"
  },
  {
    "start": 597.48,
    "end": 599.16,
    "speaker": "老师",
    "text": "在本道题中，"
  },
  {
    "start": 599.16,
    "end": 609.68,
    "speaker": "老师",
    "text": "我们还可以通过这两对全等三角形而得到AB等于CD AD等于CB,"
  },
  {
    "start": 609.76,
    "end": 616.49,
    "speaker": "老师",
    "text": "从而根据两组对边分别相等得到它是一个平行四边形，"
  },
  {
    "start": 616.49,
    "end": 681.6,
    "speaker": "老师",
    "text": "来看一下这种思路的证明过程。"
  },
  {
    "start": 681.6,
    "end": 686.06,
    "speaker": "老师",
    "text": "有同学可能会问我，"
  },
  {
    "start": 686.54,
    "end": 705.03,
    "speaker": "老师",
    "text": "是否可以通过证明AB平行CDAD平行BC根据定义去证明它是平行四边形呢？"
  },
  {
    "start": 705.03,
    "end": 770.51,
    "speaker": "老师",
    "text": "当然可以要证明这两组对边分别平行，"
  },
  {
    "start": 770.51,
    "end": 775.31,
    "speaker": "老师",
    "text": "我们同样是通过这两对全等三角形而得到。"
  },
  {
    "start": 775.31,
    "end": 779.26,
    "speaker": "老师",
    "text": "所以此思路我们就不再展开。"
  },
  {
    "start": 779.28,
    "end": 782.6,
    "speaker": "老师",
    "text": "通过这个证明，"
  },
  {
    "start": 782.6,
    "end": 790.8,
    "speaker": "老师",
    "text": "就得到了我们另一个判定平行四边形的方法，"
  },
  {
    "start": 790.8,
    "end": 797.94,
    "speaker": "老师",
    "text": "判定定理对角线互相平分的四边形是平行四边形，"
  },
  {
    "start": 798.24,
    "end": 798.76,
    "speaker": "老师",
    "text": "嗯，"
  },
  {
    "start": 798.76,
    "end": 807.06,
    "speaker": "老师",
    "text": "用几何语言即为在四边形ABCD中，"
  },
  {
    "start": 807.06,
    "end": 812.62,
    "speaker": "老师",
    "text": "已知OA等于COBO,"
  },
  {
    "start": 812.62,
    "end": 815.95,
    "speaker": "老师",
    "text": "等于OD重合，"
  },
  {
    "start": 816.69,
    "end": 824.92,
    "speaker": "老师",
    "text": "四边形ABCD是一个平行四边形，"
  },
  {
    "start": 824.92,
    "end": 828.98,
    "speaker": "老师",
    "text": "你掌握了吗？"
  },
  {
    "start": 829.04,
    "end": 835.93,
    "speaker": "老师",
    "text": "接下来就让我们学以致用一下，"
  },
  {
    "start": 836.41,
    "end": 841.44,
    "speaker": "老师",
    "text": "来看这样一道题目，"
  },
  {
    "start": 842.16,
    "end": 843.26,
    "speaker": "老师",
    "text": "你做好了吗？"
  },
  {
    "start": 843.26,
    "end": 853.87,
    "speaker": "老师",
    "text": "目前我们学习了这四种方法去判定四边形是平行四边形。"
  },
  {
    "start": 853.87,
    "end": 861.73,
    "speaker": "老师",
    "text": "对于本道题应该采用哪种方法呢？"
  },
  {
    "start": 861.97,
    "end": 866.13,
    "speaker": "老师",
    "text": "题目告诉我们，"
  },
  {
    "start": 866.13,
    "end": 871.91,
    "speaker": "老师",
    "text": "a一等这个条件是与对角线AC,"
  },
  {
    "start": 871.91,
    "end": 878.85,
    "speaker": "老师",
    "text": "与对角线f有关的。"
  },
  {
    "start": 880.39,
    "end": 891.8,
    "speaker": "老师",
    "text": "因此我们可以通过证明对角线互相平分，"
  },
  {
    "start": 891.82,
    "end": 893.58,
    "speaker": "老师",
    "text": "而得到四边形。"
  },
  {
    "start": 893.6,
    "end": 900.46,
    "speaker": "老师",
    "text": "Efde是平行四边形，"
  },
  {
    "start": 900.5,
    "end": 904.0,
    "speaker": "老师",
    "text": "所以先连接它的对角线，"
  },
  {
    "start": 904.0,
    "end": 908.4,
    "speaker": "老师",
    "text": "DB角AC于o点，"
  },
  {
    "start": 908.4,
    "end": 916.08,
    "speaker": "老师",
    "text": "然后证明OD等于OB多一等于即刻。"
  },
  {
    "start": 916.12,
    "end": 920.88,
    "speaker": "老师",
    "text": "那么如何证明呢？"
  },
  {
    "start": 921.83,
    "end": 924.74,
    "speaker": "老师",
    "text": "根据提议，"
  },
  {
    "start": 925.06,
    "end": 938.78,
    "speaker": "老师",
    "text": "四边形abcd是一个平行四边形，"
  },
  {
    "start": 939.3,
    "end": 948.23,
    "speaker": "老师",
    "text": "所以OA等于OC,"
  },
  {
    "start": 948.33,
    "end": 952.31,
    "speaker": "老师",
    "text": "OB等于OD,"
  },
  {
    "start": 952.51,
    "end": 956.52,
    "speaker": "老师",
    "text": "再结合等于CF,"
  },
  {
    "start": 956.56,
    "end": 959.66,
    "speaker": "老师",
    "text": "我们就可以得到也等。"
  },
  {
    "start": 959.86,
    "end": 964.11,
    "speaker": "老师",
    "text": "那么这道题就完成了，"
  },
  {
    "start": 964.11,
    "end": 964.91,
    "speaker": "老师",
    "text": "求解。"
  },
  {
    "start": 964.91,
    "end": 970.18,
    "speaker": "老师",
    "text": "接下来看一下证明过程，"
  },
  {
    "start": 970.22,
    "end": 977.08,
    "speaker": "老师",
    "text": "首先连接BB将雨点哦。"
  },
  {
    "start": 977.18,
    "end": 986.98,
    "speaker": "老师",
    "text": "然后因为四边形AB d是平行四边形，"
  },
  {
    "start": 987.28,
    "end": 992.67,
    "speaker": "老师",
    "text": "所以由平行四边形的对角线互相平分，"
  },
  {
    "start": 992.79,
    "end": 998.73,
    "speaker": "老师",
    "text": "可得OC躲b我弟又因为对代付，"
  },
  {
    "start": 999.13,
    "end": 1004.52,
    "speaker": "老师",
    "text": "所以我一根据对角线互相平分的四边形，"
  },
  {
    "start": 1004.52,
    "end": 1008.58,
    "speaker": "老师",
    "text": "使平行四边形可得四边形，"
  },
  {
    "start": 1008.58,
    "end": 1011.92,
    "speaker": "老师",
    "text": "EFDE是平行四边形。"
  },
  {
    "start": 1011.92,
    "end": 1013.54,
    "speaker": "老师",
    "text": "同学们，"
  },
  {
    "start": 1013.54,
    "end": 1017.39,
    "speaker": "老师",
    "text": "你是这样住的吗？"
  },
  {
    "start": 1017.51,
    "end": 1018.7,
    "speaker": "老师",
    "text": "本道题，"
  },
  {
    "start": 1020.4,
    "end": 1022.84,
    "speaker": "老师",
    "text": "你有其他思路吗？"
  },
  {
    "start": 1022.84,
    "end": 1023.52,
    "speaker": "老师",
    "text": "当然，"
  },
  {
    "start": 1023.52,
    "end": 1032.22,
    "speaker": "老师",
    "text": "我们也可以通过证明三角形AED全等于三角形FB,"
  },
  {
    "start": 1032.22,
    "end": 1034.92,
    "speaker": "老师",
    "text": "从而得到d一等BF."
  },
  {
    "start": 1034.92,
    "end": 1096.23,
    "speaker": "老师",
    "text": "再有角乙d等于角fb额子角DEF等于角BFE根据内错角相等可得DE平行BF再由一组对边平行且相等，"
  },
  {
    "start": 1096.37,
    "end": 1103.76,
    "speaker": "老师",
    "text": "同样可以得到它是一个平行四边形。"
  },
  {
    "start": 1104.7,
    "end": 1105.66,
    "speaker": "老师",
    "text": "同理，"
  },
  {
    "start": 1105.66,
    "end": 1120.44,
    "speaker": "老师",
    "text": "我们还能证明三角形FB全等于三角形AEB也能得到BF为平行，"
  },
  {
    "start": 1120.44,
    "end": 1130.2,
    "speaker": "老师",
    "text": "且等于b一再结合DE平行且等于BF."
  },
  {
    "start": 1130.2,
    "end": 1130.62,
    "speaker": "老师",
    "text": "由此，"
  },
  {
    "start": 1130.62,
    "end": 1170.51,
    "speaker": "老师",
    "text": "我们也可以通过两组，"
  },
  {
    "start": 1170.51,
    "end": 1175.43,
    "speaker": "老师",
    "text": "对边分别平行或者是两组对边分别相等进行证明。"
  },
  {
    "start": 1175.43,
    "end": 1176.95,
    "speaker": "老师",
    "text": "所以对于本道题，"
  },
  {
    "start": 1177.41,
    "end": 1181.13,
    "speaker": "老师",
    "text": "这四种方法都是可以用的，"
  },
  {
    "start": 1181.13,
    "end": 1183.13,
    "speaker": "老师",
    "text": "你都明白了吗？"
  },
  {
    "start": 1183.13,
    "end": 1246.53,
    "speaker": "老师",
    "text": "那如果老师将本道题进行辨试，"
  },
  {
    "start": 1246.53,
    "end": 1250.84,
    "speaker": "老师",
    "text": "你有信心继续完成吗？"
  },
  {
    "start": 1251.24,
    "end": 1252.94,
    "speaker": "老师",
    "text": "来看一看吧。"
  },
  {
    "start": 1252.94,
    "end": 1258.6,
    "speaker": "老师",
    "text": "F在AC的延长线上如图所示。"
  },
  {
    "start": 1258.84,
    "end": 1262.48,
    "speaker": "老师",
    "text": "那么其他条件不变的情况下，"
  },
  {
    "start": 1262.48,
    "end": 1264.04,
    "speaker": "老师",
    "text": "上述结论，"
  },
  {
    "start": 1264.24,
    "end": 1270.62,
    "speaker": "老师",
    "text": "四边形BFDE是否还会是一个平行四边形呢？"
  },
  {
    "start": 1271.04,
    "end": 1275.61,
    "speaker": "老师",
    "text": "同学们再次试试看吧。"
  },
  {
    "start": 1275.63,
    "end": 1279.09,
    "speaker": "老师",
    "text": "在这个变式中，"
  },
  {
    "start": 1279.09,
    "end": 1285.65,
    "speaker": "老师",
    "text": "它仍然保留着AE等于CF的条件。"
  },
  {
    "start": 1285.91,
    "end": 1291.67,
    "speaker": "老师",
    "text": "所以我们还是可以通过证明对角线互相平分，"
  },
  {
    "start": 1291.67,
    "end": 1298.52,
    "speaker": "老师",
    "text": "而得到四边形BFDE是平行四边形，"
  },
  {
    "start": 1298.52,
    "end": 1304.22,
    "speaker": "老师",
    "text": "所以连接对角线BD交EF于o点。"
  },
  {
    "start": 1304.26,
    "end": 1310.4,
    "speaker": "老师",
    "text": "根据四边形ABCD是平行四边形，"
  },
  {
    "start": 1310.4,
    "end": 1313.56,
    "speaker": "老师",
    "text": "我们可以得到OD,"
  },
  {
    "start": 1313.58,
    "end": 1316.92,
    "speaker": "老师",
    "text": "等于OBOA等于OC,"
  },
  {
    "start": 1317.28,
    "end": 1321.3,
    "speaker": "老师",
    "text": "再由AE等于CF,"
  },
  {
    "start": 1321.34,
    "end": 1324.08,
    "speaker": "老师",
    "text": "就可得OE等于OF."
  },
  {
    "start": 1324.08,
    "end": 1325.97,
    "speaker": "老师",
    "text": "因此，"
  },
  {
    "start": 1325.97,
    "end": 1331.81,
    "speaker": "老师",
    "text": "四边形BFDE是平行四边形，"
  },
  {
    "start": 1331.81,
    "end": 1338.33,
    "speaker": "老师",
    "text": "我们一起来看一下证明过程吧。"
  },
  {
    "start": 1338.87,
    "end": 1341.65,
    "speaker": "老师",
    "text": "你是否掌握了呢？"
  },
  {
    "start": 1341.65,
    "end": 1347.39,
    "speaker": "老师",
    "text": "接下来让我们进入单堂检测环节，"
  },
  {
    "start": 1347.41,
    "end": 1351.22,
    "speaker": "老师",
    "text": "看看大家的学习效果吧。"
  },
  {
    "start": 1351.22,
    "end": 1355.68,
    "speaker": "老师",
    "text": "首先来看第一道题，"
  },
  {
    "start": 1355.68,
    "end": 1359.76,
    "speaker": "老师",
    "text": "下列四边形哪些是平行四边形呢？"
  },
  {
    "start": 1359.76,
    "end": 1360.28,
    "speaker": "老师",
    "text": "好的，"
  },
  {
    "start": 1360.5,
    "end": 1410.84,
    "speaker": "老师",
    "text": "我们一起来看一下。"
  },
  {
    "start": 1411.16,
    "end": 1416.85,
    "speaker": "老师",
    "text": "首先看第一个由图可知，"
  },
  {
    "start": 1416.85,
    "end": 1421.45,
    "speaker": "老师",
    "text": "OA等于OC等于四厘米，"
  },
  {
    "start": 1421.45,
    "end": 1429.27,
    "speaker": "老师",
    "text": "OB等于OD等于五厘米及对角线互相平分，"
  },
  {
    "start": 1429.27,
    "end": 1435.53,
    "speaker": "老师",
    "text": "所以它是一个平行四边形。"
  },
  {
    "start": 1435.93,
    "end": 1438.42,
    "speaker": "老师",
    "text": "再来看第二个，"
  },
  {
    "start": 1438.42,
    "end": 1445.35,
    "speaker": "老师",
    "text": "因为角b等于一百二十度角c等于六十度，"
  },
  {
    "start": 1445.39,
    "end": 1450.2,
    "speaker": "老师",
    "text": "所以角b与角c互补，"
  },
  {
    "start": 1450.2,
    "end": 1456.04,
    "speaker": "老师",
    "text": "因此AB平行CD又因为AB等于CD等于五厘米，"
  },
  {
    "start": 1456.36,
    "end": 1460.04,
    "speaker": "老师",
    "text": "依据一组对边平行且相等，"
  },
  {
    "start": 1460.06,
    "end": 1466.12,
    "speaker": "老师",
    "text": "可以判定它也是一个平行四边形。"
  },
  {
    "start": 1466.4,
    "end": 1470.47,
    "speaker": "老师",
    "text": "我们再来看第三个，"
  },
  {
    "start": 1471.11,
    "end": 1472.13,
    "speaker": "老师",
    "text": "在第三个中，"
  },
  {
    "start": 1472.13,
    "end": 1550.1,
    "speaker": "老师",
    "text": "角a等于一百一十度角b等于七十度，"
  },
  {
    "start": 1550.12,
    "end": 1556.05,
    "speaker": "老师",
    "text": "所以角a与角b是互补的，"
  },
  {
    "start": 1556.25,
    "end": 1558.43,
    "speaker": "老师",
    "text": "因此可得AD平行BC."
  },
  {
    "start": 1558.59,
    "end": 1561.61,
    "speaker": "老师",
    "text": "又因为角d等于七十度，"
  },
  {
    "start": 1561.61,
    "end": 1564.69,
    "speaker": "老师",
    "text": "所以角d与角a也是互补的，"
  },
  {
    "start": 1564.69,
    "end": 1569.22,
    "speaker": "老师",
    "text": "可得AB平行CB依据定义，"
  },
  {
    "start": 1569.38,
    "end": 1574.3,
    "speaker": "老师",
    "text": "第三个它也是平行四边形。"
  },
  {
    "start": 1574.52,
    "end": 1577.88,
    "speaker": "老师",
    "text": "那么第四个它是平行四边形吗？"
  },
  {
    "start": 1577.88,
    "end": 1579.08,
    "speaker": "老师",
    "text": "根据条件，"
  },
  {
    "start": 1579.08,
    "end": 1583.79,
    "speaker": "老师",
    "text": "a等于BC等于七点六厘米，"
  },
  {
    "start": 1583.83,
    "end": 1589.09,
    "speaker": "老师",
    "text": "AB等于CD等于四点八厘米，"
  },
  {
    "start": 1589.09,
    "end": 1593.6,
    "speaker": "老师",
    "text": "两组对边分别相等，"
  },
  {
    "start": 1593.62,
    "end": 1598.12,
    "speaker": "老师",
    "text": "所以它也是一个平行四边形。"
  },
  {
    "start": 1598.12,
    "end": 1601.94,
    "speaker": "老师",
    "text": "所以本道题中，"
  },
  {
    "start": 1601.94,
    "end": 1607.57,
    "speaker": "老师",
    "text": "一二三四都是平行四边形，"
  },
  {
    "start": 1607.57,
    "end": 1610.99,
    "speaker": "老师",
    "text": "你做对了吗？"
  },
  {
    "start": 1611.07,
    "end": 1619.47,
    "speaker": "老师",
    "text": "接下来那我们再来看第二道题。"
  },
  {
    "start": 1619.51,
    "end": 1623.21,
    "speaker": "老师",
    "text": "根据题意，"
  },
  {
    "start": 1623.21,
    "end": 1624.71,
    "speaker": "老师",
    "text": "BC等于四，"
  },
  {
    "start": 1624.73,
    "end": 1629.23,
    "speaker": "老师",
    "text": "BE等于DE等于三。"
  },
  {
    "start": 1629.29,
    "end": 1634.77,
    "speaker": "老师",
    "text": "然后又告诉我们角CBD等于九十度。"
  },
  {
    "start": 1634.77,
    "end": 1636.41,
    "speaker": "老师",
    "text": "那在三角形CBE中，"
  },
  {
    "start": 1636.41,
    "end": 1644.57,
    "speaker": "老师",
    "text": "由勾股定理我们可求得CE等于五，"
  },
  {
    "start": 1644.57,
    "end": 1648.73,
    "speaker": "老师",
    "text": "又因为AC等于十，"
  },
  {
    "start": 1648.97,
    "end": 1651.57,
    "speaker": "老师",
    "text": "所以AE等于五。"
  },
  {
    "start": 1651.59,
    "end": 1654.79,
    "speaker": "老师",
    "text": "由此你可以得到什么呢？"
  },
  {
    "start": 1655.15,
    "end": 1658.19,
    "speaker": "老师",
    "text": "是的，"
  },
  {
    "start": 1658.53,
    "end": 1665.15,
    "speaker": "老师",
    "text": "我们发现四边形ABCD它的对角线互相平分，"
  },
  {
    "start": 1665.15,
    "end": 1671.28,
    "speaker": "老师",
    "text": "所以的四边形是一个平行四边形。"
  },
  {
    "start": 1671.28,
    "end": 1678.65,
    "speaker": "老师",
    "text": "那根据平行四边形的面积公式，"
  },
  {
    "start": 1678.65,
    "end": 1685.08,
    "speaker": "老师",
    "text": "我们知道它的面积为DB乘以BC,"
  },
  {
    "start": 1685.08,
    "end": 1689.45,
    "speaker": "老师",
    "text": "也就是六乘等于二四，"
  },
  {
    "start": 1689.55,
    "end": 1690.99,
    "speaker": "老师",
    "text": "所以答案选d."
  },
  {
    "start": 1690.99,
    "end": 1692.53,
    "speaker": "老师",
    "text": "同学们，"
  },
  {
    "start": 1692.53,
    "end": 1695.63,
    "speaker": "老师",
    "text": "你选对了吗？"
  },
  {
    "start": 1695.89,
    "end": 1699.55,
    "speaker": "老师",
    "text": "让我们再接再厉。"
  },
  {
    "start": 1699.91,
    "end": 1702.77,
    "speaker": "老师",
    "text": "进入第三，"
  },
  {
    "start": 1702.83,
    "end": 1706.77,
    "speaker": "老师",
    "text": "同学们做完了吗？"
  },
  {
    "start": 1707.21,
    "end": 1713.1,
    "speaker": "老师",
    "text": "这道题要判断四边形ABFC的形状，"
  },
  {
    "start": 1713.1,
    "end": 1716.48,
    "speaker": "老师",
    "text": "根据观察和初步分析，"
  },
  {
    "start": 1716.48,
    "end": 1719.68,
    "speaker": "老师",
    "text": "我们可以得到它是一个平行四边形。"
  },
  {
    "start": 1719.68,
    "end": 1803.8,
    "speaker": "老师",
    "text": "你的结论是这样的吗？"
  },
  {
    "start": 1803.8,
    "end": 1808.34,
    "speaker": "老师",
    "text": "接下来就让我们证明看看吧。"
  },
  {
    "start": 1808.34,
    "end": 1810.62,
    "speaker": "老师",
    "text": "第一句题目，"
  },
  {
    "start": 1810.98,
    "end": 1814.38,
    "speaker": "老师",
    "text": "e是BC的中点，"
  },
  {
    "start": 1814.58,
    "end": 1818.74,
    "speaker": "老师",
    "text": "所以EC等于EB."
  },
  {
    "start": 1818.74,
    "end": 1820.74,
    "speaker": "老师",
    "text": "那么在此基础上，"
  },
  {
    "start": 1821.37,
    "end": 1828.31,
    "speaker": "老师",
    "text": "还需要证明到什么才能说明它是一个平行四边形呢？"
  },
  {
    "start": 1828.43,
    "end": 1829.09,
    "speaker": "老师",
    "text": "很好，"
  },
  {
    "start": 1829.97,
    "end": 1835.62,
    "speaker": "老师",
    "text": "若能证到EA等于EF."
  },
  {
    "start": 1835.62,
    "end": 1846.76,
    "speaker": "老师",
    "text": "那么依据对角线互相平分即可判定要得到EA等于EF."
  },
  {
    "start": 1846.76,
    "end": 1856.93,
    "speaker": "老师",
    "text": "我们可以通过证明三角形ABE全等于三角形FCE."
  },
  {
    "start": 1857.21,
    "end": 1863.03,
    "speaker": "老师",
    "text": "接下来我们就一起正正看，"
  },
  {
    "start": 1863.03,
    "end": 1866.73,
    "speaker": "老师",
    "text": "由于AB平行CD,"
  },
  {
    "start": 1866.73,
    "end": 1873.77,
    "speaker": "老师",
    "text": "所以我们可以得到角BAE等于角FE."
  },
  {
    "start": 1874.01,
    "end": 1876.29,
    "speaker": "老师",
    "text": "在这两个三角形中，"
  },
  {
    "start": 1876.29,
    "end": 1880.49,
    "speaker": "老师",
    "text": "又因为EC等于EB结合，"
  },
  {
    "start": 1880.49,
    "end": 1885.78,
    "speaker": "老师",
    "text": "对顶角相等即可。"
  },
  {
    "start": 1885.78,
    "end": 1893.47,
    "speaker": "老师",
    "text": "得这两个三角形是全等的那我们一起来看一下证明过程。"
  },
  {
    "start": 1893.47,
    "end": 1901.74,
    "speaker": "老师",
    "text": "首先回答一下四边形ABF是平行四边形。"
  },
  {
    "start": 1902.46,
    "end": 1904.78,
    "speaker": "老师",
    "text": "理由如下，"
  },
  {
    "start": 1904.84,
    "end": 1910.08,
    "speaker": "老师",
    "text": "因为AB平行CD,"
  },
  {
    "start": 1910.16,
    "end": 1914.54,
    "speaker": "老师",
    "text": "所以得到内错角相等，"
  },
  {
    "start": 1915.53,
    "end": 1917.81,
    "speaker": "老师",
    "text": "再结合e是终点，"
  },
  {
    "start": 1917.83,
    "end": 1920.37,
    "speaker": "老师",
    "text": "可得BE等于CE,"
  },
  {
    "start": 1920.37,
    "end": 1922.62,
    "speaker": "老师",
    "text": "以及对顶角相等，"
  },
  {
    "start": 1924.73,
    "end": 1927.51,
    "speaker": "老师",
    "text": "通过角角边可得，"
  },
  {
    "start": 1927.51,
    "end": 1930.21,
    "speaker": "老师",
    "text": "这两个三角形是全等的。"
  },
  {
    "start": 1930.43,
    "end": 1931.35,
    "speaker": "老师",
    "text": "然后呢，"
  },
  {
    "start": 1931.35,
    "end": 1931.81,
    "speaker": "老师",
    "text": "是的，"
  },
  {
    "start": 1931.81,
    "end": 1936.25,
    "speaker": "老师",
    "text": "然后就得到了等于ef结合EC等于EB."
  },
  {
    "start": 1936.25,
    "end": 1940.32,
    "speaker": "老师",
    "text": "这个四边形ABFC就是一个平行四边形，"
  },
  {
    "start": 1941.11,
    "end": 1942.45,
    "speaker": "老师",
    "text": "你做对了吗？"
  },
  {
    "start": 1942.57,
    "end": 1942.97,
    "speaker": "老师",
    "text": "当然，"
  },
  {
    "start": 1942.97,
    "end": 1976.95,
    "speaker": "老师",
    "text": "本道题还可以在这个思路的基础，"
  },
  {
    "start": 1976.95,
    "end": 1986.89,
    "speaker": "老师",
    "text": "上证到三角形ABE全等于三角形FCE即可得到AB是等于FC的。"
  },
  {
    "start": 1987.37,
    "end": 1989.75,
    "speaker": "老师",
    "text": "再结合AB平行，"
  },
  {
    "start": 1989.77,
    "end": 1994.02,
    "speaker": "老师",
    "text": "FC依据一组对边平行且相等，"
  },
  {
    "start": 1994.02,
    "end": 1997.62,
    "speaker": "老师",
    "text": "也可以证明同学们你都掌握了吗？"
  },
  {
    "start": 1998.55,
    "end": 2001.41,
    "speaker": "老师",
    "text": "相信同学们都做的非常棒。"
  },
  {
    "start": 2001.41,
    "end": 2006.76,
    "speaker": "老师",
    "text": "那么接下来我们再来看一道题目吧。"
  },
  {
    "start": 2006.78,
    "end": 2009.08,
    "speaker": "老师",
    "text": "本道题中，"
  },
  {
    "start": 2009.28,
    "end": 2014.53,
    "speaker": "老师",
    "text": "四边形ABCD是一个平行四边形，"
  },
  {
    "start": 2014.53,
    "end": 2017.81,
    "speaker": "老师",
    "text": "由此可得OB,"
  },
  {
    "start": 2017.87,
    "end": 2018.99,
    "speaker": "老师",
    "text": "等于OD,"
  },
  {
    "start": 2019.09,
    "end": 2028.13,
    "speaker": "老师",
    "text": "而BD正好是四边形BMDN的对角线。"
  },
  {
    "start": 2028.13,
    "end": 2029.39,
    "speaker": "老师",
    "text": "所以我们只要再证得m等于ON,"
  },
  {
    "start": 2029.07,
    "end": 2029.39,
    "speaker": "老师",
    "text": "依据对角线互相平分，"
  },
  {
    "start": 2029.07,
    "end": 2029.39,
    "speaker": "老师",
    "text": "即可判定它是一个平行四边形。"
  },
  {
    "start": 2029.07,
    "end": 2029.39,
    "speaker": "老师",
    "text": "那么如何证得OM等于ON?"
  },
  {
    "start": 2029.07,
    "end": 2029.39,
    "speaker": "老师",
    "text": "很好，"
  },
  {
    "start": 2029.07,
    "end": 2029.39,
    "speaker": "老师",
    "text": "可以证明三角形BOM全等于三角形DON."
  },
  {
    "start": 2029.07,
    "end": 2029.39,
    "speaker": "老师",
    "text": "所以接下来我们先证明一下这两个三角形全等。"
  },
  {
    "start": 2029.07,
    "end": 2029.39,
    "speaker": "老师",
    "text": "根据垂直，"
  },
  {
    "start": 2029.07,
    "end": 2029.39,
    "speaker": "老师",
    "text": "我们可得角DNA等于角BMC等于九十度。"
  },
  {
    "start": 2029.07,
    "end": 2029.39,
    "speaker": "老师",
    "text": "然后又因为四边形ABCD是一个平行四边形，"
  },
  {
    "start": 2029.07,
    "end": 2029.39,
    "speaker": "老师",
    "text": "所以OB等于OD,"
  },
  {
    "start": 2029.07,
    "end": 2029.39,
    "speaker": "老师",
    "text": "再结合对顶角相等，"
  },
  {
    "start": 2029.07,
    "end": 2029.39,
    "speaker": "老师",
    "text": "因此这两个三角形是全等的。"
  },
  {
    "start": 2029.07,
    "end": 2029.39,
    "speaker": "老师",
    "text": "由此我们就得到了OM,"
  },
  {
    "start": 2029.07,
    "end": 2029.39,
    "speaker": "老师",
    "text": "等于ON."
  },
  {
    "start": 2029.07,
    "end": 2029.39,
    "speaker": "老师",
    "text": "所以四边形BMDN是一个平行四边形，"
  },
  {
    "start": 2029.07,
    "end": 2029.39,
    "speaker": "老师",
    "text": "你是这样做的吗？"
  },
  {
    "start": 2029.07,
    "end": 2029.39,
    "speaker": "老师",
    "text": "当然，"
  },
  {
    "start": 2029.07,
    "end": 2029.39,
    "speaker": "老师",
    "text": "本道题在可以证得三角形BOM全等于三角形DON的基础上，"
  },
  {
    "start": 2029.07,
    "end": 2029.39,
    "speaker": "老师",
    "text": "从而得到BM,"
  },
  {
    "start": 2029.07,
    "end": 2029.39,
    "speaker": "老师",
    "text": "跟DN是相等的，"
  },
  {
    "start": 2029.07,
    "end": 2029.39,
    "speaker": "老师",
    "text": "再由BM和DN都垂直AC,"
  },
  {
    "start": 2029.07,
    "end": 2029.39,
    "speaker": "老师",
    "text": "可得，"
  },
  {
    "start": 2029.07,
    "end": 2029.39,
    "speaker": "老师",
    "text": "BM与DN是平行的，"
  },
  {
    "start": 2029.07,
    "end": 2029.39,
    "speaker": "老师",
    "text": "依据一组对边平行且相等，"
  },
  {
    "start": 2029.07,
    "end": 2029.39,
    "speaker": "老师",
    "text": "也可以证明它是一个平行四边形。"
  },
  {
    "start": 2029.07,
    "end": 2029.39,
    "speaker": "老师",
    "text": "好的，"
  },
  {
    "start": 2029.07,
    "end": 2029.39,
    "speaker": "老师",
    "text": "本道题你掌握了吗？"
  },
  {
    "start": 2029.07,
    "end": 2029.39,
    "speaker": "老师",
    "text": "相信通过今天的学习，"
  },
  {
    "start": 2029.07,
    "end": 2029.39,
    "speaker": "老师",
    "text": "同学们都可以灵活的运用平行四边形的判定去解决问题。"
  },
  {
    "start": 2029.07,
    "end": 2029.39,
    "speaker": "老师",
    "text": "那么接下来就让我们对今天的课程进行一个小结，"
  },
  {
    "start": 2029.07,
    "end": 2029.39,
    "speaker": "老师",
    "text": "想一想本节课你有什么收获呢？"
  },
  {
    "start": 2029.07,
    "end": 2029.39,
    "speaker": "老师",
    "text": "本节课我们继续探讨了平行四边形的判定，"
  },
  {
    "start": 2029.07,
    "end": 2029.39,
    "speaker": "老师",
    "text": "知道了可以从两个角度去考虑，"
  },
  {
    "start": 2029.07,
    "end": 2029.39,
    "speaker": "老师",
    "text": "第一重边考虑有三种方法，"
  },
  {
    "start": 2029.07,
    "end": 2029.39,
    "speaker": "老师",
    "text": "一、两组对边分别平行的四边形是平行四边形，"
  },
  {
    "start": 2029.07,
    "end": 2029.39,
    "speaker": "老师",
    "text": "两组对边分别相等的四边形是平行四边形，"
  },
  {
    "start": 2029.07,
    "end": 2029.39,
    "speaker": "老师",
    "text": "一组对边平行且相等的四边形是平行四边形。"
  },
  {
    "start": 2029.07,
    "end": 2029.39,
    "speaker": "老师",
    "text": "另外还可以从对角线考虑，"
  },
  {
    "start": 2029.07,
    "end": 2029.39,
    "speaker": "老师",
    "text": "对角线互相平分的四边形是平行四边形。"
  },
  {
    "start": 2029.07,
    "end": 2029.39,
    "speaker": "老师",
    "text": "你都明白了吗？"
  },
  {
    "start": 2029.07,
    "end": 2029.39,
    "speaker": "老师",
    "text": "接下来是本节课的课后练习，"
  },
  {
    "start": 2029.07,
    "end": 2029.39,
    "speaker": "老师",
    "text": "请同学们认真完成本节课到此结束，"
  },
  {
    "start": 2029.07,
    "end": 2029.39,
    "speaker": "老师",
    "text": "谢谢观看。"
  }
]