[
  {
    "start": 9.23,
    "end": 10.79,
    "speaker": "老师",
    "text": "同学们好，"
  },
  {
    "start": 10.83,
    "end": 15.21,
    "speaker": "老师",
    "text": "今天我们上课的内容是图形的与平移与旋转。"
  },
  {
    "start": 15.21,
    "end": 19.39,
    "speaker": "老师",
    "text": "第四节简单的图案设计。"
  },
  {
    "start": 19.39,
    "end": 25.13,
    "speaker": "老师",
    "text": "首先我们看一下本节课的学习目标，"
  },
  {
    "start": 25.13,
    "end": 25.81,
    "speaker": "老师",
    "text": "第一，"
  },
  {
    "start": 25.81,
    "end": 32.49,
    "speaker": "老师",
    "text": "经历对生活当中的图形进行观察、分析、欣赏等过程。"
  },
  {
    "start": 32.49,
    "end": 36.76,
    "speaker": "老师",
    "text": "进一步发展我们的空间观念，"
  },
  {
    "start": 37.08,
    "end": 39.04,
    "speaker": "老师",
    "text": "增强审美意识。"
  },
  {
    "start": 39.32,
    "end": 45.84,
    "speaker": "老师",
    "text": "第二个认识并欣赏平移旋转在现实生活中的应用，"
  },
  {
    "start": 45.84,
    "end": 50.91,
    "speaker": "老师",
    "text": "能够灵活运用平移旋转与轴对称的组合，"
  },
  {
    "start": 50.91,
    "end": 53.57,
    "speaker": "老师",
    "text": "进行一定的图案设计。"
  },
  {
    "start": 53.77,
    "end": 56.67,
    "speaker": "老师",
    "text": "那我们同学看看我们生活当中，"
  },
  {
    "start": 56.67,
    "end": 65.06,
    "speaker": "老师",
    "text": "我们是不是知道汽车是我们生活当中一份不可或缺的一个代步工具。"
  },
  {
    "start": 65.06,
    "end": 68.98,
    "speaker": "老师",
    "text": "那我们同学了解汽车吗？"
  },
  {
    "start": 68.98,
    "end": 74.5,
    "speaker": "老师",
    "text": "今天老师给大家带来了几副汽车的图标，"
  },
  {
    "start": 75.87,
    "end": 82.08,
    "speaker": "老师",
    "text": "看看我们同学认识他们吗？"
  },
  {
    "start": 82.08,
    "end": 83.92,
    "speaker": "老师",
    "text": "并了解他们吗？"
  },
  {
    "start": 83.92,
    "end": 85.34,
    "speaker": "老师",
    "text": "来看第一幅，"
  },
  {
    "start": 85.44,
    "end": 87.24,
    "speaker": "老师",
    "text": "这是对了，"
  },
  {
    "start": 87.24,
    "end": 90.13,
    "speaker": "老师",
    "text": "这是丰田的图标，"
  },
  {
    "start": 90.13,
    "end": 95.23,
    "speaker": "老师",
    "text": "我们看看跟我们学的平移旋转轴对称有关系吗？"
  },
  {
    "start": 95.23,
    "end": 95.67,
    "speaker": "老师",
    "text": "哎，"
  },
  {
    "start": 95.79,
    "end": 97.15,
    "speaker": "老师",
    "text": "很好。"
  },
  {
    "start": 97.21,
    "end": 101.96,
    "speaker": "老师",
    "text": "有同学说这是一个轴对称图形，"
  },
  {
    "start": 101.96,
    "end": 102.44,
    "speaker": "老师",
    "text": "对吗？"
  },
  {
    "start": 102.44,
    "end": 106.22,
    "speaker": "老师",
    "text": "对称轴我们可以找到好看第二幅啊，"
  },
  {
    "start": 106.22,
    "end": 108.36,
    "speaker": "老师",
    "text": "我们同学知道这是奥迪的图标，"
  },
  {
    "start": 108.36,
    "end": 111.32,
    "speaker": "老师",
    "text": "那我们同学说跟什么有关，"
  },
  {
    "start": 111.58,
    "end": 113.14,
    "speaker": "老师",
    "text": "哦也跟轴对称有关，"
  },
  {
    "start": 113.14,
    "end": 116.38,
    "speaker": "老师",
    "text": "你能找到它的对称轴对吧？"
  },
  {
    "start": 116.44,
    "end": 116.7,
    "speaker": "老师",
    "text": "好，"
  },
  {
    "start": 116.7,
    "end": 119.12,
    "speaker": "老师",
    "text": "对称轴我们可以找到两条，"
  },
  {
    "start": 119.12,
    "end": 120.88,
    "speaker": "老师",
    "text": "是不是我们可以找到两条，"
  },
  {
    "start": 120.88,
    "end": 123.54,
    "speaker": "老师",
    "text": "直线是它的对称轴啊。"
  },
  {
    "start": 124.42,
    "end": 128.92,
    "speaker": "老师",
    "text": "有的同学还说这是一个中心对称图形，"
  },
  {
    "start": 128.92,
    "end": 129.88,
    "speaker": "老师",
    "text": "对吧？"
  },
  {
    "start": 130.1,
    "end": 134.85,
    "speaker": "老师",
    "text": "可以找到对称中心吗？"
  },
  {
    "start": 135.09,
    "end": 135.43,
    "speaker": "老师",
    "text": "很好，"
  },
  {
    "start": 135.43,
    "end": 137.37,
    "speaker": "老师",
    "text": "找到了对称中心啊。"
  },
  {
    "start": 137.37,
    "end": 144.37,
    "speaker": "老师",
    "text": "还有同学说这个图形可以通过平移得到，"
  },
  {
    "start": 144.37,
    "end": 145.07,
    "speaker": "老师",
    "text": "对吧？"
  },
  {
    "start": 145.65,
    "end": 150.13,
    "speaker": "老师",
    "text": "我们把这个圆平移三次，"
  },
  {
    "start": 150.13,
    "end": 155.51,
    "speaker": "老师",
    "text": "是不是就可以得到这个奥迪的图标非常不错。"
  },
  {
    "start": 155.51,
    "end": 155.89,
    "speaker": "老师",
    "text": "好，"
  },
  {
    "start": 155.95,
    "end": 161.54,
    "speaker": "老师",
    "text": "我们再看第三幅图认识他吗？"
  },
  {
    "start": 161.68,
    "end": 164.26,
    "speaker": "老师",
    "text": "是对了铃木，"
  },
  {
    "start": 164.26,
    "end": 165.68,
    "speaker": "老师",
    "text": "那跟什么有关？"
  },
  {
    "start": 165.84,
    "end": 166.86,
    "speaker": "老师",
    "text": "对了，"
  },
  {
    "start": 166.86,
    "end": 171.46,
    "speaker": "老师",
    "text": "它是一个中心对称图形对称中心，"
  },
  {
    "start": 171.52,
    "end": 178.08,
    "speaker": "老师",
    "text": "我们也可以找到在图案当中好继续这个很熟悉啊，"
  },
  {
    "start": 178.08,
    "end": 179.46,
    "speaker": "老师",
    "text": "这是奔驰的图标。"
  },
  {
    "start": 179.58,
    "end": 184.72,
    "speaker": "老师",
    "text": "那我们看看它里面又有啊它是一个轴对称图形，"
  },
  {
    "start": 184.72,
    "end": 187.08,
    "speaker": "老师",
    "text": "我们可以找到它的对称轴，"
  },
  {
    "start": 187.08,
    "end": 191.02,
    "speaker": "老师",
    "text": "而且对称轴还不止一条，"
  },
  {
    "start": 191.02,
    "end": 191.72,
    "speaker": "老师",
    "text": "对吧？"
  },
  {
    "start": 191.72,
    "end": 192.06,
    "speaker": "老师",
    "text": "啊，"
  },
  {
    "start": 193.06,
    "end": 201.03,
    "speaker": "老师",
    "text": "有同学就说这个图案还可以通过旋转着来的。"
  },
  {
    "start": 201.03,
    "end": 206.41,
    "speaker": "老师",
    "text": "我们可以用这个图案绕着这个中心是不是旋转，"
  },
  {
    "start": 207.27,
    "end": 210.29,
    "speaker": "老师",
    "text": "可以得到这个图标。"
  },
  {
    "start": 210.29,
    "end": 210.53,
    "speaker": "老师",
    "text": "哎，"
  },
  {
    "start": 210.53,
    "end": 211.67,
    "speaker": "老师",
    "text": "也可以的，"
  },
  {
    "start": 211.95,
    "end": 214.57,
    "speaker": "老师",
    "text": "再看最后一步啊，"
  },
  {
    "start": 214.57,
    "end": 216.41,
    "speaker": "老师",
    "text": "就是三零啊，"
  },
  {
    "start": 216.41,
    "end": 218.49,
    "speaker": "老师",
    "text": "它也是轴对称图形，"
  },
  {
    "start": 218.49,
    "end": 219.09,
    "speaker": "老师",
    "text": "对吧？"
  },
  {
    "start": 219.09,
    "end": 219.45,
    "speaker": "老师",
    "text": "啊，"
  },
  {
    "start": 219.45,
    "end": 224.69,
    "speaker": "老师",
    "text": "它也可以通过旋转得到我们拿上面这一幅图案，"
  },
  {
    "start": 224.83,
    "end": 228.29,
    "speaker": "老师",
    "text": "这个菱形让它旋转两次，"
  },
  {
    "start": 228.29,
    "end": 233.35,
    "speaker": "老师",
    "text": "是不是就可以得到这个图案了？"
  },
  {
    "start": 233.37,
    "end": 234.13,
    "speaker": "老师",
    "text": "很好，"
  },
  {
    "start": 235.71,
    "end": 243.89,
    "speaker": "老师",
    "text": "说明我们同学观察生活非常细微，"
  },
  {
    "start": 243.93,
    "end": 250.83,
    "speaker": "老师",
    "text": "包括也了解了我们数学知识在生活当中的一个应用。"
  },
  {
    "start": 250.83,
    "end": 258.44,
    "speaker": "老师",
    "text": "那我们再重温一下我们刚才这些知识来看。"
  },
  {
    "start": 258.44,
    "end": 259.58,
    "speaker": "老师",
    "text": "第一个，"
  },
  {
    "start": 259.58,
    "end": 265.07,
    "speaker": "老师",
    "text": "我们说图形的三种全等变化方式，"
  },
  {
    "start": 265.67,
    "end": 267.19,
    "speaker": "老师",
    "text": "有平移、旋转以及轴对称。"
  },
  {
    "start": 267.19,
    "end": 271.46,
    "speaker": "老师",
    "text": "我们的平移条件是什么呢？"
  },
  {
    "start": 272.18,
    "end": 279.27,
    "speaker": "老师",
    "text": "确定一个平移运动的条件是平移的方向以及它的距离。"
  },
  {
    "start": 279.27,
    "end": 279.59,
    "speaker": "老师",
    "text": "好，"
  },
  {
    "start": 279.59,
    "end": 280.63,
    "speaker": "老师",
    "text": "这是平移。"
  },
  {
    "start": 280.85,
    "end": 286.57,
    "speaker": "老师",
    "text": "咱们看看旋转旋转的条件，"
  },
  {
    "start": 286.59,
    "end": 292.07,
    "speaker": "老师",
    "text": "图形的旋转是由旋转中心以及旋转方向啊，"
  },
  {
    "start": 292.07,
    "end": 293.31,
    "speaker": "老师",
    "text": "对吧？"
  },
  {
    "start": 293.41,
    "end": 297.39,
    "speaker": "老师",
    "text": "旋转方向有两个，"
  },
  {
    "start": 297.79,
    "end": 301.31,
    "speaker": "老师",
    "text": "顺时针和逆时针和旋转角决定的。"
  },
  {
    "start": 301.31,
    "end": 305.01,
    "speaker": "老师",
    "text": "第四个轴对称与中心对称的区别。"
  },
  {
    "start": 305.01,
    "end": 311.56,
    "speaker": "老师",
    "text": "上节课讲到的轴对称图形的关键是寻找对称轴，"
  },
  {
    "start": 312.08,
    "end": 313.46,
    "speaker": "老师",
    "text": "两边图形，"
  },
  {
    "start": 313.46,
    "end": 315.84,
    "speaker": "老师",
    "text": "折叠后可重合，"
  },
  {
    "start": 315.84,
    "end": 338.92,
    "speaker": "老师",
    "text": "而中心对称图形是要寻找对的对称中心旋转一百八十度后重合。"
  },
  {
    "start": 338.92,
    "end": 339.22,
    "speaker": "老师",
    "text": "好了，"
  },
  {
    "start": 339.22,
    "end": 341.81,
    "speaker": "老师",
    "text": "了解了这些知识，"
  },
  {
    "start": 341.81,
    "end": 343.65,
    "speaker": "老师",
    "text": "并且储备了这些知识。"
  },
  {
    "start": 344.25,
    "end": 348.25,
    "speaker": "老师",
    "text": "我们看看我们课本八十五八十六页，"
  },
  {
    "start": 348.25,
    "end": 352.33,
    "speaker": "老师",
    "text": "我们看看你们能不能回答下列问题，"
  },
  {
    "start": 352.37,
    "end": 355.89,
    "speaker": "老师",
    "text": "你能用平移旋转或轴对称分析，"
  },
  {
    "start": 355.89,
    "end": 360.3,
    "speaker": "老师",
    "text": "如图中各个图案的形成过程吗？"
  },
  {
    "start": 360.44,
    "end": 363.12,
    "speaker": "老师",
    "text": "好分析好了吗？"
  },
  {
    "start": 363.12,
    "end": 364.3,
    "speaker": "老师",
    "text": "好，"
  },
  {
    "start": 364.3,
    "end": 367.5,
    "speaker": "老师",
    "text": "跟老师一起来再一次奔驰。"
  },
  {
    "start": 367.5,
    "end": 376.07,
    "speaker": "老师",
    "text": "首先我们来看看第一幅图。"
  },
  {
    "start": 376.07,
    "end": 376.67,
    "speaker": "老师",
    "text": "好，"
  },
  {
    "start": 376.67,
    "end": 378.95,
    "speaker": "老师",
    "text": "我们可以看到这一幅图，"
  },
  {
    "start": 379.21,
    "end": 383.97,
    "speaker": "老师",
    "text": "它是由六个这种绿颜色的这个图案组成的对吧？"
  },
  {
    "start": 384.07,
    "end": 394.53,
    "speaker": "老师",
    "text": "那么我们是不是可以选取其中的一个这个绿颜色的图案作为我们的基本图案。"
  },
  {
    "start": 394.53,
    "end": 395.15,
    "speaker": "老师",
    "text": "然后呢，"
  },
  {
    "start": 395.15,
    "end": 400.7,
    "speaker": "老师",
    "text": "他是不是绕着这样的一个点进行旋转得来的，"
  },
  {
    "start": 400.7,
    "end": 403.68,
    "speaker": "老师",
    "text": "我们看看旋转了几次二三四五，"
  },
  {
    "start": 403.74,
    "end": 406.76,
    "speaker": "老师",
    "text": "你看看是不是绕着这一个中心旋转了五次，"
  },
  {
    "start": 406.76,
    "end": 412.92,
    "speaker": "老师",
    "text": "就可以得到我们这幅图案。"
  },
  {
    "start": 412.92,
    "end": 413.2,
    "speaker": "老师",
    "text": "没错，"
  },
  {
    "start": 413.2,
    "end": 422.46,
    "speaker": "老师",
    "text": "这里面运用到的过呃运用到的知识是我们的旋转，"
  },
  {
    "start": 422.58,
    "end": 423.28,
    "speaker": "老师",
    "text": "对吧？"
  },
  {
    "start": 423.4,
    "end": 424.12,
    "speaker": "老师",
    "text": "好，"
  },
  {
    "start": 424.12,
    "end": 426.5,
    "speaker": "老师",
    "text": "我们再看第二幅图。"
  },
  {
    "start": 426.54,
    "end": 426.92,
    "speaker": "老师",
    "text": "好，"
  },
  {
    "start": 426.92,
    "end": 433.02,
    "speaker": "老师",
    "text": "架子鼓我们可以选取什么做基本图案啊，"
  },
  {
    "start": 433.02,
    "end": 437.93,
    "speaker": "老师",
    "text": "可以是不是选取这一个菱形做基本图案。"
  },
  {
    "start": 437.93,
    "end": 441.69,
    "speaker": "老师",
    "text": "那选取这一个菱形做基本图案，"
  },
  {
    "start": 441.69,
    "end": 449.39,
    "speaker": "老师",
    "text": "那可以通过什么样的一个方式得到这一组图案呢？"
  },
  {
    "start": 449.39,
    "end": 450.45,
    "speaker": "老师",
    "text": "对的平移对吧？"
  },
  {
    "start": 450.45,
    "end": 453.07,
    "speaker": "老师",
    "text": "拼移两次是不是就可以实现的？"
  },
  {
    "start": 453.09,
    "end": 454.85,
    "speaker": "老师",
    "text": "当然还有同学说，"
  },
  {
    "start": 454.89,
    "end": 455.23,
    "speaker": "老师",
    "text": "哎，"
  },
  {
    "start": 455.23,
    "end": 459.25,
    "speaker": "老师",
    "text": "我还可以让他选取不一样的基本图案，"
  },
  {
    "start": 459.25,
    "end": 463.44,
    "speaker": "老师",
    "text": "我可以选取上面这三块，"
  },
  {
    "start": 463.44,
    "end": 464.92,
    "speaker": "老师",
    "text": "绕着这条线，"
  },
  {
    "start": 464.92,
    "end": 466.04,
    "speaker": "老师",
    "text": "把它翻折过来，"
  },
  {
    "start": 466.04,
    "end": 471.12,
    "speaker": "老师",
    "text": "也就是轴对称是不是也可以形成这幅图案？"
  },
  {
    "start": 471.86,
    "end": 472.76,
    "speaker": "老师",
    "text": "没错很好。"
  },
  {
    "start": 472.76,
    "end": 476.48,
    "speaker": "老师",
    "text": "当然有人说我不一定拿这个做对称轴，"
  },
  {
    "start": 476.48,
    "end": 483.18,
    "speaker": "老师",
    "text": "我可以选取这个直线做对称轴。"
  },
  {
    "start": 483.18,
    "end": 486.12,
    "speaker": "老师",
    "text": "这条直线的左边，"
  },
  {
    "start": 486.12,
    "end": 492.4,
    "speaker": "老师",
    "text": "我们是不是让它沿着这个的对称轴翻折过来，"
  },
  {
    "start": 492.4,
    "end": 494.76,
    "speaker": "老师",
    "text": "也可以形成这幅图案很好，"
  },
  {
    "start": 494.76,
    "end": 502.15,
    "speaker": "老师",
    "text": "我们同学联想的比较多很好。"
  },
  {
    "start": 502.15,
    "end": 505.06,
    "speaker": "老师",
    "text": "还有同学说我可以把让这个图案呈中心对称，"
  },
  {
    "start": 505.67,
    "end": 506.27,
    "speaker": "老师",
    "text": "可以吗？"
  },
  {
    "start": 506.27,
    "end": 509.74,
    "speaker": "老师",
    "text": "找到了我们的对称中心，"
  },
  {
    "start": 509.74,
    "end": 513.5,
    "speaker": "老师",
    "text": "是不是也可以形成这幅图案。"
  },
  {
    "start": 513.5,
    "end": 514.04,
    "speaker": "老师",
    "text": "很好，"
  },
  {
    "start": 514.04,
    "end": 518.52,
    "speaker": "老师",
    "text": "这幅图案三种都可以用到平移、旋转，"
  },
  {
    "start": 518.52,
    "end": 521.5,
    "speaker": "老师",
    "text": "以及我们的轴对称是不是都可以呀？"
  },
  {
    "start": 521.5,
    "end": 524.07,
    "speaker": "老师",
    "text": "我们再往上看看，"
  },
  {
    "start": 524.75,
    "end": 526.35,
    "speaker": "老师",
    "text": "看看第三幅图，"
  },
  {
    "start": 526.35,
    "end": 526.91,
    "speaker": "老师",
    "text": "第三个图，"
  },
  {
    "start": 526.91,
    "end": 531.92,
    "speaker": "老师",
    "text": "我们选择的基本图案是可以吧？"
  },
  {
    "start": 531.94,
    "end": 535.21,
    "speaker": "老师",
    "text": "我们可以拿这一个做基本图案，"
  },
  {
    "start": 535.61,
    "end": 537.31,
    "speaker": "老师",
    "text": "然后怎么样形成的。"
  },
  {
    "start": 537.31,
    "end": 541.44,
    "speaker": "老师",
    "text": "对了，"
  },
  {
    "start": 541.44,
    "end": 542.24,
    "speaker": "老师",
    "text": "旋转对了，"
  },
  {
    "start": 542.24,
    "end": 547.84,
    "speaker": "老师",
    "text": "你看旋转旋转几次，"
  },
  {
    "start": 547.84,
    "end": 549.0,
    "speaker": "老师",
    "text": "旋转五次，"
  },
  {
    "start": 549.02,
    "end": 551.84,
    "speaker": "老师",
    "text": "是不是就可以得到上面这个图案？"
  },
  {
    "start": 551.84,
    "end": 557.27,
    "speaker": "老师",
    "text": "当然有同学说也可以怎么样啊，"
  },
  {
    "start": 557.27,
    "end": 559.11,
    "speaker": "老师",
    "text": "也可以通过轴对称对吧？"
  },
  {
    "start": 559.11,
    "end": 560.41,
    "speaker": "老师",
    "text": "我们选取这样的直线，"
  },
  {
    "start": 560.41,
    "end": 560.93,
    "speaker": "老师",
    "text": "做对称轴，"
  },
  {
    "start": 560.93,
    "end": 565.55,
    "speaker": "老师",
    "text": "左边的部分作为基本图案，"
  },
  {
    "start": 567.72,
    "end": 569.9,
    "speaker": "老师",
    "text": "让它翻折过来，"
  },
  {
    "start": 569.9,
    "end": 573.66,
    "speaker": "老师",
    "text": "是不是也可以形现这个图案很好，"
  },
  {
    "start": 573.66,
    "end": 575.44,
    "speaker": "老师",
    "text": "再看下面图。"
  },
  {
    "start": 575.74,
    "end": 582.33,
    "speaker": "老师",
    "text": "那这幅图我们选择的基本图案会是啊其中的一个三角形。"
  },
  {
    "start": 582.33,
    "end": 589.36,
    "speaker": "老师",
    "text": "然后怎么样形成这个图案呢？"
  },
  {
    "start": 589.36,
    "end": 589.7,
    "speaker": "老师",
    "text": "对了，"
  },
  {
    "start": 589.7,
    "end": 591.1,
    "speaker": "老师",
    "text": "旋转好，"
  },
  {
    "start": 591.12,
    "end": 595.06,
    "speaker": "老师",
    "text": "找到我们的旋转中心，"
  },
  {
    "start": 595.06,
    "end": 596.56,
    "speaker": "老师",
    "text": "开始旋转，"
  },
  {
    "start": 596.76,
    "end": 599.92,
    "speaker": "老师",
    "text": "看看旋转多少度啊，"
  },
  {
    "start": 599.96,
    "end": 605.42,
    "speaker": "老师",
    "text": "旋转一百八十度说明这个图形它是一个中心对称图形，"
  },
  {
    "start": 605.42,
    "end": 605.7,
    "speaker": "老师",
    "text": "对吧？"
  },
  {
    "start": 605.7,
    "end": 605.94,
    "speaker": "老师",
    "text": "好，"
  },
  {
    "start": 605.94,
    "end": 609.54,
    "speaker": "老师",
    "text": "最后一幅图选取基本图案。"
  },
  {
    "start": 609.54,
    "end": 609.84,
    "speaker": "老师",
    "text": "好，"
  },
  {
    "start": 609.84,
    "end": 614.38,
    "speaker": "老师",
    "text": "我们如果选取这个图形作为一个基本图案，"
  },
  {
    "start": 614.38,
    "end": 621.5,
    "speaker": "老师",
    "text": "那么我们可以怎么样得到这个原图案也是旋转。"
  },
  {
    "start": 621.72,
    "end": 626.82,
    "speaker": "老师",
    "text": "我们看看旋转是不是就得到了这幅图案。"
  },
  {
    "start": 627.04,
    "end": 627.8,
    "speaker": "老师",
    "text": "很好。"
  },
  {
    "start": 628.02,
    "end": 633.4,
    "speaker": "老师",
    "text": "我们同学运用了平移、旋转以及轴对称，"
  },
  {
    "start": 633.4,
    "end": 640.83,
    "speaker": "老师",
    "text": "可以知道这些图案是怎样形成的那我们再来完成这个填空题，"
  },
  {
    "start": 640.83,
    "end": 642.91,
    "speaker": "老师",
    "text": "我们跟着老师一起来读题。"
  },
  {
    "start": 642.91,
    "end": 651.37,
    "speaker": "老师",
    "text": "其中图几可以看作是由基本图案通过旋转，"
  },
  {
    "start": 651.37,
    "end": 654.12,
    "speaker": "老师",
    "text": "适合角度形成的旋转。"
  },
  {
    "start": 654.12,
    "end": 659.2,
    "speaker": "老师",
    "text": "我们看看一是不是可以旋转，"
  },
  {
    "start": 659.2,
    "end": 662.22,
    "speaker": "老师",
    "text": "二也可以，"
  },
  {
    "start": 662.28,
    "end": 668.05,
    "speaker": "老师",
    "text": "三也可以，"
  },
  {
    "start": 668.05,
    "end": 669.65,
    "speaker": "老师",
    "text": "我们找到旋转中心，"
  },
  {
    "start": 669.65,
    "end": 672.49,
    "speaker": "老师",
    "text": "四也可以，"
  },
  {
    "start": 672.49,
    "end": 672.89,
    "speaker": "老师",
    "text": "对吧？"
  },
  {
    "start": 672.89,
    "end": 682.58,
    "speaker": "老师",
    "text": "五也可以都可以通过旋转得到这个图案的。"
  },
  {
    "start": 682.58,
    "end": 685.0,
    "speaker": "老师",
    "text": "所以一二三四五都可以。"
  },
  {
    "start": 685.0,
    "end": 694.32,
    "speaker": "老师",
    "text": "另外图几可以看作是由基本图案通过轴对称变化形成的。"
  },
  {
    "start": 694.5,
    "end": 697.7,
    "speaker": "老师",
    "text": "刚才我们已经分析了图二，"
  },
  {
    "start": 697.7,
    "end": 698.24,
    "speaker": "老师",
    "text": "对了，"
  },
  {
    "start": 698.48,
    "end": 699.12,
    "speaker": "老师",
    "text": "还有图三，"
  },
  {
    "start": 699.12,
    "end": 705.91,
    "speaker": "老师",
    "text": "还有图五是不是都可以通过轴对称形成的。"
  },
  {
    "start": 705.91,
    "end": 706.51,
    "speaker": "老师",
    "text": "很好好，"
  },
  {
    "start": 706.51,
    "end": 708.39,
    "speaker": "老师",
    "text": "最后再看一个图几，"
  },
  {
    "start": 708.39,
    "end": 715.42,
    "speaker": "老师",
    "text": "可以看作是由基本图案通过平移得来的。"
  },
  {
    "start": 715.42,
    "end": 716.3,
    "speaker": "老师",
    "text": "谁呀？"
  },
  {
    "start": 716.34,
    "end": 720.87,
    "speaker": "老师",
    "text": "就是我们刚才分析最多的图二，"
  },
  {
    "start": 720.87,
    "end": 722.5,
    "speaker": "老师",
    "text": "很好好，"
  },
  {
    "start": 722.5,
    "end": 726.2,
    "speaker": "老师",
    "text": "那刚才那些图案我们欣赏了，"
  },
  {
    "start": 726.2,
    "end": 728.1,
    "speaker": "老师",
    "text": "再来看看书本上这幅图案，"
  },
  {
    "start": 728.1,
    "end": 731.9,
    "speaker": "老师",
    "text": "观察一下这幅图案。"
  },
  {
    "start": 731.9,
    "end": 733.34,
    "speaker": "老师",
    "text": "这个里面有几个基本图，"
  },
  {
    "start": 733.54,
    "end": 736.08,
    "speaker": "老师",
    "text": "这几个基本图案都是怎样组成的，"
  },
  {
    "start": 736.08,
    "end": 741.6,
    "speaker": "老师",
    "text": "他们又是通过什么方式形成这样的一幅图案？"
  },
  {
    "start": 741.6,
    "end": 742.22,
    "speaker": "老师",
    "text": "好，"
  },
  {
    "start": 742.3,
    "end": 744.32,
    "speaker": "老师",
    "text": "我们一起来分析一下。"
  },
  {
    "start": 744.38,
    "end": 746.78,
    "speaker": "老师",
    "text": "这个里面你发现了没有？"
  },
  {
    "start": 746.78,
    "end": 747.94,
    "speaker": "老师",
    "text": "有三种颜色，"
  },
  {
    "start": 748.0,
    "end": 748.66,
    "speaker": "老师",
    "text": "对吧？"
  },
  {
    "start": 748.66,
    "end": 751.28,
    "speaker": "老师",
    "text": "有黑色的，"
  },
  {
    "start": 751.28,
    "end": 752.58,
    "speaker": "老师",
    "text": "这是虫号，"
  },
  {
    "start": 752.74,
    "end": 753.58,
    "speaker": "老师",
    "text": "还有白色的，"
  },
  {
    "start": 753.58,
    "end": 754.98,
    "speaker": "老师",
    "text": "还有绿色的，"
  },
  {
    "start": 754.98,
    "end": 760.7,
    "speaker": "老师",
    "text": "看看是不是找到了基本图案。"
  },
  {
    "start": 760.7,
    "end": 766.88,
    "speaker": "老师",
    "text": "然后这些基本图案呢大小和形状是不是完全相同。"
  },
  {
    "start": 766.88,
    "end": 767.3,
    "speaker": "老师",
    "text": "好，"
  },
  {
    "start": 767.88,
    "end": 783.54,
    "speaker": "老师",
    "text": "我们找到了三种不同颜色的爬虫，"
  },
  {
    "start": 784.18,
    "end": 787.1,
    "speaker": "老师",
    "text": "分别有绿色、白色、黑色。"
  },
  {
    "start": 787.1,
    "end": 790.34,
    "speaker": "老师",
    "text": "那我们看看这些图案当中，"
  },
  {
    "start": 790.34,
    "end": 794.46,
    "speaker": "老师",
    "text": "这个铜色的爬虫之间有什么关系？"
  },
  {
    "start": 794.52,
    "end": 796.72,
    "speaker": "老师",
    "text": "比如说这个黑色爬虫，"
  },
  {
    "start": 796.72,
    "end": 798.82,
    "speaker": "老师",
    "text": "到这个黑色爬虫，"
  },
  {
    "start": 801.58,
    "end": 804.78,
    "speaker": "老师",
    "text": "或者到这个黑色爬虫，"
  },
  {
    "start": 804.8,
    "end": 806.36,
    "speaker": "老师",
    "text": "它是怎么形成的？"
  },
  {
    "start": 806.48,
    "end": 806.98,
    "speaker": "老师",
    "text": "对了，"
  },
  {
    "start": 806.98,
    "end": 808.24,
    "speaker": "老师",
    "text": "平移对了。"
  },
  {
    "start": 808.24,
    "end": 810.6,
    "speaker": "老师",
    "text": "好，"
  },
  {
    "start": 811.27,
    "end": 816.27,
    "speaker": "老师",
    "text": "我们再看绿色是不是一样的这个绿色爬虫到这个绿色爬虫，"
  },
  {
    "start": 816.27,
    "end": 820.76,
    "speaker": "老师",
    "text": "或者到这个绿色爬虫怎么形成的。"
  },
  {
    "start": 820.76,
    "end": 823.67,
    "speaker": "老师",
    "text": "对了，"
  },
  {
    "start": 823.67,
    "end": 825.13,
    "speaker": "老师",
    "text": "平移啊，"
  },
  {
    "start": 825.13,
    "end": 831.53,
    "speaker": "老师",
    "text": "我们知道同色爬虫在这个图案当中是通过平移得来的。"
  },
  {
    "start": 831.61,
    "end": 832.47,
    "speaker": "老师",
    "text": "好，"
  },
  {
    "start": 832.51,
    "end": 835.15,
    "speaker": "老师",
    "text": "我们再观察一下异色爬虫啊，"
  },
  {
    "start": 835.15,
    "end": 840.52,
    "speaker": "老师",
    "text": "看看绿色的这个黑色怎么到这个绿色，"
  },
  {
    "start": 840.52,
    "end": 841.42,
    "speaker": "老师",
    "text": "怎么到这个白色，"
  },
  {
    "start": 841.42,
    "end": 843.44,
    "speaker": "老师",
    "text": "很好旋转，"
  },
  {
    "start": 843.44,
    "end": 843.88,
    "speaker": "老师",
    "text": "对吧？"
  },
  {
    "start": 844.1,
    "end": 845.96,
    "speaker": "老师",
    "text": "那既然是旋转，"
  },
  {
    "start": 846.22,
    "end": 849.06,
    "speaker": "老师",
    "text": "我们就应该来找到它的旋转中心。"
  },
  {
    "start": 849.06,
    "end": 852.84,
    "speaker": "老师",
    "text": "我们同学在你自己的书上描出旋转中心好了，"
  },
  {
    "start": 852.84,
    "end": 854.08,
    "speaker": "老师",
    "text": "描出来了吗？"
  },
  {
    "start": 854.28,
    "end": 854.74,
    "speaker": "老师",
    "text": "好，"
  },
  {
    "start": 854.78,
    "end": 860.59,
    "speaker": "老师",
    "text": "看看老师找出来的旋转中心跟你是相同还是不相同。"
  },
  {
    "start": 860.59,
    "end": 865.49,
    "speaker": "老师",
    "text": "老师在图案当中我选取了三个不同的旋转中心。"
  },
  {
    "start": 865.49,
    "end": 865.85,
    "speaker": "老师",
    "text": "好，"
  },
  {
    "start": 865.85,
    "end": 868.55,
    "speaker": "老师",
    "text": "我们首先看到老师描的第一个，"
  },
  {
    "start": 868.55,
    "end": 874.98,
    "speaker": "老师",
    "text": "我认为这个头上这边这一点可以作为一个旋转中心，"
  },
  {
    "start": 874.98,
    "end": 876.08,
    "speaker": "老师",
    "text": "你有找到吗？"
  },
  {
    "start": 876.08,
    "end": 876.86,
    "speaker": "老师",
    "text": "啊，"
  },
  {
    "start": 876.92,
    "end": 879.6,
    "speaker": "老师",
    "text": "很多呢这里你看包括这里对吧？"
  },
  {
    "start": 879.64,
    "end": 883.5,
    "speaker": "老师",
    "text": "包括这里是不是都可以作为一个旋转中心？"
  },
  {
    "start": 883.5,
    "end": 883.84,
    "speaker": "老师",
    "text": "好，"
  },
  {
    "start": 883.84,
    "end": 884.86,
    "speaker": "老师",
    "text": "还有吗？"
  },
  {
    "start": 884.86,
    "end": 885.22,
    "speaker": "老师",
    "text": "好，"
  },
  {
    "start": 885.22,
    "end": 887.26,
    "speaker": "老师",
    "text": "老师又找到了。"
  },
  {
    "start": 887.26,
    "end": 888.16,
    "speaker": "老师",
    "text": "哎，"
  },
  {
    "start": 888.16,
    "end": 891.68,
    "speaker": "老师",
    "text": "我发现腿上这里这个点也可以做旋转中心，"
  },
  {
    "start": 891.7,
    "end": 893.56,
    "speaker": "老师",
    "text": "你找到了吗？"
  },
  {
    "start": 893.6,
    "end": 894.32,
    "speaker": "老师",
    "text": "好，"
  },
  {
    "start": 894.38,
    "end": 901.93,
    "speaker": "老师",
    "text": "有同学说还有还找到跟老师不一样的我也找到了哎，"
  },
  {
    "start": 901.95,
    "end": 904.6,
    "speaker": "老师",
    "text": "脚趾的这个地方，"
  },
  {
    "start": 904.6,
    "end": 908.42,
    "speaker": "老师",
    "text": "这一点是不是也可以作为一个旋转中心，"
  },
  {
    "start": 908.44,
    "end": 908.96,
    "speaker": "老师",
    "text": "对吧？"
  },
  {
    "start": 908.96,
    "end": 909.2,
    "speaker": "老师",
    "text": "好，"
  },
  {
    "start": 909.2,
    "end": 915.88,
    "speaker": "老师",
    "text": "我们发现这三个旋转中心都是我们这一个图案的一个旋转中心。"
  },
  {
    "start": 915.88,
    "end": 919.6,
    "speaker": "老师",
    "text": "那我们知道这个图案要想让它形成，"
  },
  {
    "start": 920.06,
    "end": 925.64,
    "speaker": "老师",
    "text": "我们绕着这个旋转中心旋转多少度就可以重合呢？"
  },
  {
    "start": 925.68,
    "end": 926.2,
    "speaker": "老师",
    "text": "啊，"
  },
  {
    "start": 926.24,
    "end": 927.69,
    "speaker": "老师",
    "text": "对了，"
  },
  {
    "start": 927.69,
    "end": 931.01,
    "speaker": "老师",
    "text": "这些图案是完全相同的，"
  },
  {
    "start": 931.03,
    "end": 933.31,
    "speaker": "老师",
    "text": "我们要旋转多少？"
  },
  {
    "start": 933.31,
    "end": 936.13,
    "speaker": "老师",
    "text": "是用三百六除以三三，"
  },
  {
    "start": 936.13,
    "end": 940.04,
    "speaker": "老师",
    "text": "它是三幅图案形成的对吧？"
  },
  {
    "start": 940.04,
    "end": 942.52,
    "speaker": "老师",
    "text": "所以我们旋转转，"
  },
  {
    "start": 942.6,
    "end": 946.42,
    "speaker": "老师",
    "text": "我们也可以求得出来多少度。"
  },
  {
    "start": 946.42,
    "end": 947.26,
    "speaker": "老师",
    "text": "一百二十度。"
  },
  {
    "start": 947.26,
    "end": 952.4,
    "speaker": "老师",
    "text": "我们知道在图中同色的爬虫是平移关系，"
  },
  {
    "start": 952.9,
    "end": 958.6,
    "speaker": "老师",
    "text": "所有同色的爬虫可以通过其中一只经过平移得到的。"
  },
  {
    "start": 958.6,
    "end": 968.62,
    "speaker": "老师",
    "text": "而相邻不同色的这边相邻不同色的爬虫之间可以通过旋转得来的。"
  },
  {
    "start": 968.62,
    "end": 974.12,
    "speaker": "老师",
    "text": "其中旋转角是我们刚才所说的一百二十度旋转中心，"
  },
  {
    "start": 974.12,
    "end": 980.43,
    "speaker": "老师",
    "text": "为爬虫头上腿上或脚趾上的一点很好。"
  },
  {
    "start": 980.47,
    "end": 985.55,
    "speaker": "老师",
    "text": "我们同学会利用我们的知识来分析图案了。"
  },
  {
    "start": 985.55,
    "end": 990.2,
    "speaker": "老师",
    "text": "那其实我们生活当中有很多漂亮的图案，"
  },
  {
    "start": 990.2,
    "end": 990.62,
    "speaker": "老师",
    "text": "对吧？"
  },
  {
    "start": 990.7,
    "end": 993.24,
    "speaker": "老师",
    "text": "老师随便拿出来三张。"
  },
  {
    "start": 993.24,
    "end": 995.38,
    "speaker": "老师",
    "text": "其实这些图案的形成，"
  },
  {
    "start": 995.38,
    "end": 1000.64,
    "speaker": "老师",
    "text": "我们知道你看看有通过全等图形无缝隙的拼接的，"
  },
  {
    "start": 1000.66,
    "end": 1003.0,
    "speaker": "老师",
    "text": "你看看无缝隙的拼接的，"
  },
  {
    "start": 1003.0,
    "end": 1014.0,
    "speaker": "老师",
    "text": "也有只画出一个利用我们的平移旋转以及轴对称得到的都可以。"
  },
  {
    "start": 1014.0,
    "end": 1016.44,
    "speaker": "老师",
    "text": "那我们现在一起看看，"
  },
  {
    "start": 1016.44,
    "end": 1021.67,
    "speaker": "老师",
    "text": "我们已经具备了哪些简单图案的设计的基本知识与技能。"
  },
  {
    "start": 1032.49,
    "end": 1038.05,
    "speaker": "老师",
    "text": "首先我们学会用最基本的几何元素点啊线啊设计和制作图案。"
  },
  {
    "start": 1043.04,
    "end": 1046.5,
    "speaker": "老师",
    "text": "接着呢我们会用简单的几何图形，"
  },
  {
    "start": 1046.5,
    "end": 1049.48,
    "speaker": "老师",
    "text": "比如说三角形长方形，"
  },
  {
    "start": 1049.48,
    "end": 1054.04,
    "speaker": "老师",
    "text": "比如说还有圆设计和制作图案。"
  },
  {
    "start": 1054.04,
    "end": 1056.12,
    "speaker": "老师",
    "text": "我们通过哪些手段呢？"
  },
  {
    "start": 1056.14,
    "end": 1060.42,
    "speaker": "老师",
    "text": "割补和无缝隙拼接可以把这些图案形成，"
  },
  {
    "start": 1061.12,
    "end": 1061.52,
    "speaker": "老师",
    "text": "对吗？"
  },
  {
    "start": 1061.52,
    "end": 1066.23,
    "speaker": "老师",
    "text": "老师现在给了一个例题给给大家。"
  },
  {
    "start": 1066.25,
    "end": 1078.17,
    "speaker": "老师",
    "text": "我们同学仍然用我们刚才所说的平移、旋转以及轴对称来分析一下这个图案如图甲乙丙丁四个图中的图。"
  },
  {
    "start": 1078.17,
    "end": 1085.01,
    "speaker": "老师",
    "text": "二是由图一经过轴对称、平移、旋转这三种运动变化而得到的。"
  },
  {
    "start": 1085.01,
    "end": 1085.39,
    "speaker": "老师",
    "text": "图二，"
  },
  {
    "start": 1085.39,
    "end": 1088.76,
    "speaker": "老师",
    "text": "看看我这里老师拿出来了。"
  },
  {
    "start": 1088.76,
    "end": 1091.64,
    "speaker": "老师",
    "text": "哈图二在这个甲图当中，"
  },
  {
    "start": 1091.64,
    "end": 1092.98,
    "speaker": "老师",
    "text": "这是图二。"
  },
  {
    "start": 1092.98,
    "end": 1095.28,
    "speaker": "老师",
    "text": "而在这个甲图当中，"
  },
  {
    "start": 1095.28,
    "end": 1099.18,
    "speaker": "老师",
    "text": "下面就是图一问的是图一，"
  },
  {
    "start": 1099.18,
    "end": 1104.98,
    "speaker": "老师",
    "text": "通过什么样的运动方式能得到图二。"
  },
  {
    "start": 1104.98,
    "end": 1107.66,
    "speaker": "老师",
    "text": "而乙图当中这个明显一点，"
  },
  {
    "start": 1107.66,
    "end": 1110.06,
    "speaker": "老师",
    "text": "图一到图二丙图图一到图，"
  },
  {
    "start": 1110.06,
    "end": 1112.28,
    "speaker": "老师",
    "text": "二丁图图一到图二，"
  },
  {
    "start": 1112.28,
    "end": 1116.1,
    "speaker": "老师",
    "text": "请分别分析出它们是如何运动变化的。"
  },
  {
    "start": 1116.12,
    "end": 1120.17,
    "speaker": "老师",
    "text": "其中每个方格的单位长度为一。"
  },
  {
    "start": 1120.25,
    "end": 1122.49,
    "speaker": "老师",
    "text": "我们同学快速的想一想，"
  },
  {
    "start": 1122.61,
    "end": 1125.33,
    "speaker": "老师",
    "text": "同学们做出来了吗？"
  },
  {
    "start": 1125.33,
    "end": 1125.67,
    "speaker": "老师",
    "text": "好，"
  },
  {
    "start": 1126.25,
    "end": 1131.71,
    "speaker": "老师",
    "text": "我们看看下面这四位同学他是怎么分析的。"
  },
  {
    "start": 1132.51,
    "end": 1136.65,
    "speaker": "老师",
    "text": "我认为图二是由图一经过轴对称变换，"
  },
  {
    "start": 1136.65,
    "end": 1140.41,
    "speaker": "老师",
    "text": "得到的是以AC所在的直线为对称轴，"
  },
  {
    "start": 1140.41,
    "end": 1144.79,
    "speaker": "老师",
    "text": "AC所在的直线为对称轴。"
  },
  {
    "start": 1144.79,
    "end": 1147.62,
    "speaker": "老师",
    "text": "你看看翻折过去的对吧？"
  },
  {
    "start": 1147.62,
    "end": 1149.8,
    "speaker": "老师",
    "text": "所以可以读到这个小图案，"
  },
  {
    "start": 1149.8,
    "end": 1154.42,
    "speaker": "老师",
    "text": "我们再看看第二个同学怎么说的，"
  },
  {
    "start": 1154.42,
    "end": 1157.34,
    "speaker": "老师",
    "text": "我认为图乙中的图。"
  },
  {
    "start": 1157.34,
    "end": 1161.01,
    "speaker": "老师",
    "text": "二是由图一通过平移而得来的，"
  },
  {
    "start": 1161.15,
    "end": 1163.03,
    "speaker": "老师",
    "text": "先向上平移三个单位，"
  },
  {
    "start": 1163.03,
    "end": 1164.71,
    "speaker": "老师",
    "text": "再向右平移三个单位。"
  },
  {
    "start": 1164.71,
    "end": 1165.61,
    "speaker": "老师",
    "text": "好了。"
  },
  {
    "start": 1165.61,
    "end": 1171.53,
    "speaker": "老师",
    "text": "这个同学说他这个图案的形成是由图一经过平移得来的，"
  },
  {
    "start": 1171.53,
    "end": 1174.21,
    "speaker": "老师",
    "text": "先向上平移三个单位，"
  },
  {
    "start": 1174.21,
    "end": 1175.17,
    "speaker": "老师",
    "text": "再向右平移，"
  },
  {
    "start": 1175.35,
    "end": 1179.29,
    "speaker": "老师",
    "text": "三个单位可以得到图二可以吗？"
  },
  {
    "start": 1179.29,
    "end": 1180.25,
    "speaker": "老师",
    "text": "很好，"
  },
  {
    "start": 1180.25,
    "end": 1185.17,
    "speaker": "老师",
    "text": "我再来看看第三个同学怎么说的，"
  },
  {
    "start": 1185.29,
    "end": 1191.4,
    "speaker": "老师",
    "text": "我认为图二是由图一绕点d旋转一百八十度。"
  },
  {
    "start": 1191.42,
    "end": 1191.76,
    "speaker": "老师",
    "text": "好，"
  },
  {
    "start": 1191.84,
    "end": 1202.16,
    "speaker": "老师",
    "text": "他说这个饼图是由图一绕着c点旋转一百八十度得来的这两个图形其实是中心对称图形，"
  },
  {
    "start": 1202.16,
    "end": 1202.9,
    "speaker": "老师",
    "text": "对吧？"
  },
  {
    "start": 1202.9,
    "end": 1203.42,
    "speaker": "老师",
    "text": "很好好，"
  },
  {
    "start": 1203.42,
    "end": 1212.34,
    "speaker": "老师",
    "text": "我们看看最后一个同学冰中的图二是由图围绕着点b旋转一百八十度变化而成。"
  },
  {
    "start": 1212.34,
    "end": 1212.64,
    "speaker": "老师",
    "text": "啊，"
  },
  {
    "start": 1212.64,
    "end": 1218.93,
    "speaker": "老师",
    "text": "他说这一个是绕着b点旋转一百八十度得到的，"
  },
  {
    "start": 1218.93,
    "end": 1220.13,
    "speaker": "老师",
    "text": "可以吗？"
  },
  {
    "start": 1223.38,
    "end": 1225.08,
    "speaker": "老师",
    "text": "同学们，"
  },
  {
    "start": 1225.08,
    "end": 1227.1,
    "speaker": "老师",
    "text": "这四位同学说的都对吗？"
  },
  {
    "start": 1227.1,
    "end": 1228.24,
    "speaker": "老师",
    "text": "很好，"
  },
  {
    "start": 1228.3,
    "end": 1231.58,
    "speaker": "老师",
    "text": "我们同学也都答对了吧。"
  },
  {
    "start": 1231.58,
    "end": 1232.28,
    "speaker": "老师",
    "text": "不错，"
  },
  {
    "start": 1232.28,
    "end": 1241.58,
    "speaker": "老师",
    "text": "刚才这四位同学分别从轴对称平移以及旋转的定义出发，"
  },
  {
    "start": 1241.98,
    "end": 1246.28,
    "speaker": "老师",
    "text": "而且把这些图案的形成都说得很完整。"
  },
  {
    "start": 1246.36,
    "end": 1249.2,
    "speaker": "老师",
    "text": "看看现在我们可以归纳总结一下，"
  },
  {
    "start": 1249.2,
    "end": 1254.3,
    "speaker": "老师",
    "text": "我们利用图形的变化设计简单的图案的一般方法。"
  },
  {
    "start": 1254.3,
    "end": 1255.28,
    "speaker": "老师",
    "text": "第一，"
  },
  {
    "start": 1255.38,
    "end": 1258.18,
    "speaker": "老师",
    "text": "我们首先是整体构思，"
  },
  {
    "start": 1258.18,
    "end": 1260.8,
    "speaker": "老师",
    "text": "接着在图案的设计当中，"
  },
  {
    "start": 1261.02,
    "end": 1263.54,
    "speaker": "老师",
    "text": "我们知道要突出主题，"
  },
  {
    "start": 1263.54,
    "end": 1265.02,
    "speaker": "老师",
    "text": "确定整幅图案的形状。"
  },
  {
    "start": 1265.1,
    "end": 1274.6,
    "speaker": "老师",
    "text": "比如说我们经常会用到三角形啊、正方形啊以及圆和一些基本图案。"
  },
  {
    "start": 1274.6,
    "end": 1275.38,
    "speaker": "老师",
    "text": "当然，"
  },
  {
    "start": 1275.38,
    "end": 1276.72,
    "speaker": "老师",
    "text": "这些图案不能太多了，"
  },
  {
    "start": 1276.72,
    "end": 1278.3,
    "speaker": "老师",
    "text": "多了就复杂了。"
  },
  {
    "start": 1278.32,
    "end": 1279.24,
    "speaker": "老师",
    "text": "第三个，"
  },
  {
    "start": 1279.62,
    "end": 1281.16,
    "speaker": "老师",
    "text": "构思图案的形成过程。"
  },
  {
    "start": 1281.16,
    "end": 1282.52,
    "speaker": "老师",
    "text": "首先，"
  },
  {
    "start": 1282.52,
    "end": 1286.45,
    "speaker": "老师",
    "text": "构想该图案是由哪几部分构成的，"
  },
  {
    "start": 1291.48,
    "end": 1298.82,
    "speaker": "老师",
    "text": "再想出如何运用我们的平移、旋转以及轴对称等方式，"
  },
  {
    "start": 1298.82,
    "end": 1307.9,
    "speaker": "老师",
    "text": "实现由基本图案到各部分图案的一个有机组合，"
  },
  {
    "start": 1307.94,
    "end": 1309.9,
    "speaker": "老师",
    "text": "并做出草图。"
  },
  {
    "start": 1310.12,
    "end": 1312.08,
    "speaker": "老师",
    "text": "第三个具体的作图。"
  },
  {
    "start": 1312.08,
    "end": 1312.28,
    "speaker": "老师",
    "text": "好，"
  },
  {
    "start": 1312.28,
    "end": 1316.7,
    "speaker": "老师",
    "text": "我们根据草图运用尺规作图的方法，"
  },
  {
    "start": 1316.78,
    "end": 1318.32,
    "speaker": "老师",
    "text": "准确的做出图案。"
  },
  {
    "start": 1318.32,
    "end": 1326.48,
    "speaker": "老师",
    "text": "有的时候我们甚至要利用计算机来画出满意的图案。"
  },
  {
    "start": 1326.48,
    "end": 1331.19,
    "speaker": "老师",
    "text": "最后我们还要对图案进行适当的修饰。"
  },
  {
    "start": 1332.84,
    "end": 1333.32,
    "speaker": "老师",
    "text": "好的，"
  },
  {
    "start": 1333.32,
    "end": 1336.17,
    "speaker": "老师",
    "text": "这是我们的一般方法。"
  },
  {
    "start": 1336.25,
    "end": 1338.75,
    "speaker": "老师",
    "text": "那我们用到刚才的知识，"
  },
  {
    "start": 1338.75,
    "end": 1340.85,
    "speaker": "老师",
    "text": "我们来解决一些题型。"
  },
  {
    "start": 1340.95,
    "end": 1341.55,
    "speaker": "老师",
    "text": "第一个，"
  },
  {
    "start": 1341.75,
    "end": 1345.15,
    "speaker": "老师",
    "text": "下列所示的四个汽车标志图案中，"
  },
  {
    "start": 1345.17,
    "end": 1350.21,
    "speaker": "老师",
    "text": "不能用平移或旋转变化来分析其形成过程的图案，"
  },
  {
    "start": 1350.21,
    "end": 1354.41,
    "speaker": "老师",
    "text": "是我们一起来分析一下a可以吗？"
  },
  {
    "start": 1354.41,
    "end": 1358.35,
    "speaker": "老师",
    "text": "A可以平移，"
  },
  {
    "start": 1358.35,
    "end": 1362.59,
    "speaker": "老师",
    "text": "a也可以旋转a还可以轴对称，"
  },
  {
    "start": 1362.59,
    "end": 1363.09,
    "speaker": "老师",
    "text": "对吧？"
  },
  {
    "start": 1363.09,
    "end": 1369.83,
    "speaker": "老师",
    "text": "来BB可以平移，"
  },
  {
    "start": 1369.95,
    "end": 1373.87,
    "speaker": "老师",
    "text": "你看看这个三个这种像子弹的形状的，"
  },
  {
    "start": 1373.87,
    "end": 1376.99,
    "speaker": "老师",
    "text": "是不是可以通过平移？"
  },
  {
    "start": 1377.19,
    "end": 1382.21,
    "speaker": "老师",
    "text": "我们看看c c这是一个轴对称图形，"
  },
  {
    "start": 1382.33,
    "end": 1389.68,
    "speaker": "老师",
    "text": "所以c是不可以通过平移或旋转得来的。"
  },
  {
    "start": 1389.74,
    "end": 1396.81,
    "speaker": "老师",
    "text": "来BB是可以通过旋转得来的对吧？"
  },
  {
    "start": 1396.95,
    "end": 1403.38,
    "speaker": "老师",
    "text": "我们可以找到旋转中心，"
  },
  {
    "start": 1403.38,
    "end": 1408.6,
    "speaker": "老师",
    "text": "所以答案选择的是行好继续。"
  },
  {
    "start": 1408.74,
    "end": 1409.84,
    "speaker": "老师",
    "text": "第二题，"
  },
  {
    "start": 1409.84,
    "end": 1413.64,
    "speaker": "老师",
    "text": "下列图案都是由字母m经过变形了，"
  },
  {
    "start": 1413.64,
    "end": 1415.86,
    "speaker": "老师",
    "text": "你看看这个呃，"
  },
  {
    "start": 1415.86,
    "end": 1421.36,
    "speaker": "老师",
    "text": "这里的m你能找到它吗？"
  },
  {
    "start": 1421.38,
    "end": 1422.86,
    "speaker": "老师",
    "text": "都变形了啊，"
  },
  {
    "start": 1422.86,
    "end": 1427.38,
    "speaker": "老师",
    "text": "主要是为了图案的美丽组合而成的，"
  },
  {
    "start": 1428.28,
    "end": 1430.73,
    "speaker": "老师",
    "text": "其中不是中心对称图形的。"
  },
  {
    "start": 1430.73,
    "end": 1431.18,
    "speaker": "老师",
    "text": "是。"
  },
  {
    "start": 1431.93,
    "end": 1432.39,
    "speaker": "老师",
    "text": "好，"
  },
  {
    "start": 1432.39,
    "end": 1439.35,
    "speaker": "老师",
    "text": "我们来一起来分析来a是中心对称吗？"
  },
  {
    "start": 1439.35,
    "end": 1442.4,
    "speaker": "老师",
    "text": "是而且还是轴对称图形，"
  },
  {
    "start": 1442.4,
    "end": 1443.08,
    "speaker": "老师",
    "text": "对吧？"
  },
  {
    "start": 1443.08,
    "end": 1447.52,
    "speaker": "老师",
    "text": "找到它的对称中心，"
  },
  {
    "start": 1447.52,
    "end": 1448.24,
    "speaker": "老师",
    "text": "对，"
  },
  {
    "start": 1448.24,
    "end": 1450.58,
    "speaker": "老师",
    "text": "这里来b不是好，"
  },
  {
    "start": 1450.92,
    "end": 1452.48,
    "speaker": "老师",
    "text": "c是中心对称。"
  },
  {
    "start": 1452.48,
    "end": 1453.08,
    "speaker": "老师",
    "text": "没错，"
  },
  {
    "start": 1453.42,
    "end": 1455.58,
    "speaker": "老师",
    "text": "可以找到我们的对称中心。"
  },
  {
    "start": 1455.74,
    "end": 1456.3,
    "speaker": "老师",
    "text": "哎，"
  },
  {
    "start": 1456.32,
    "end": 1457.06,
    "speaker": "老师",
    "text": "d是吗？"
  },
  {
    "start": 1457.32,
    "end": 1460.74,
    "speaker": "老师",
    "text": "是是我们可以找到它的对称中心。"
  },
  {
    "start": 1460.74,
    "end": 1463.74,
    "speaker": "老师",
    "text": "所以答案选择的是b再来第三题，"
  },
  {
    "start": 1463.74,
    "end": 1469.93,
    "speaker": "老师",
    "text": "下列图案中只通过旋转不能设计出来的，"
  },
  {
    "start": 1469.93,
    "end": 1471.55,
    "speaker": "老师",
    "text": "是只能通过旋转，"
  },
  {
    "start": 1471.55,
    "end": 1476.82,
    "speaker": "老师",
    "text": "不能有其他的好同学很快出来了。"
  },
  {
    "start": 1476.82,
    "end": 1481.52,
    "speaker": "老师",
    "text": "来a可以的旋转旋转用其中的一个图案做基本图案，"
  },
  {
    "start": 1481.52,
    "end": 1490.08,
    "speaker": "老师",
    "text": "旋转五次可以形成b我们用其中的这一个做基本图案，"
  },
  {
    "start": 1490.08,
    "end": 1492.9,
    "speaker": "老师",
    "text": "旋转三次可以形成的。"
  },
  {
    "start": 1492.9,
    "end": 1499.64,
    "speaker": "老师",
    "text": "来c我们也可以用其中的这一块作为基本图案，"
  },
  {
    "start": 1499.72,
    "end": 1507.32,
    "speaker": "老师",
    "text": "旋转三次可以形成的。"
  },
  {
    "start": 1507.32,
    "end": 1509.92,
    "speaker": "老师",
    "text": "最后一个啊不行，"
  },
  {
    "start": 1509.92,
    "end": 1512.02,
    "speaker": "老师",
    "text": "它需要轴对称才可以，"
  },
  {
    "start": 1512.02,
    "end": 1512.56,
    "speaker": "老师",
    "text": "对吗？"
  },
  {
    "start": 1512.68,
    "end": 1515.42,
    "speaker": "老师",
    "text": "所以答案选择的是b第四题，"
  },
  {
    "start": 1515.42,
    "end": 1521.58,
    "speaker": "老师",
    "text": "在下列某品牌t舍的四个洗涤说明图案的设计中，"
  },
  {
    "start": 1521.58,
    "end": 1525.38,
    "speaker": "老师",
    "text": "没有运用旋转或轴对称知识的。"
  },
  {
    "start": 1525.4,
    "end": 1528.2,
    "speaker": "老师",
    "text": "是中间的字是或字，"
  },
  {
    "start": 1528.2,
    "end": 1529.08,
    "speaker": "老师",
    "text": "不是和字。"
  },
  {
    "start": 1529.08,
    "end": 1531.92,
    "speaker": "老师",
    "text": "来我们一起来看一下，"
  },
  {
    "start": 1531.92,
    "end": 1536.28,
    "speaker": "老师",
    "text": "a a既有旋转，"
  },
  {
    "start": 1536.38,
    "end": 1539.88,
    "speaker": "老师",
    "text": "还有轴对称都有来看b并运用了什么。"
  },
  {
    "start": 1539.88,
    "end": 1541.98,
    "speaker": "老师",
    "text": "对了，"
  },
  {
    "start": 1542.2,
    "end": 1543.6,
    "speaker": "老师",
    "text": "轴对称对吧？"
  },
  {
    "start": 1543.6,
    "end": 1546.27,
    "speaker": "老师",
    "text": "轴对称c呢什么也没有，"
  },
  {
    "start": 1548.02,
    "end": 1548.32,
    "speaker": "老师",
    "text": "哎，"
  },
  {
    "start": 1548.32,
    "end": 1553.06,
    "speaker": "老师",
    "text": "b呢旋转和轴对称都可以旋转，"
  },
  {
    "start": 1553.06,
    "end": 1555.28,
    "speaker": "老师",
    "text": "中心对称轴都可以找到。"
  },
  {
    "start": 1555.28,
    "end": 1559.76,
    "speaker": "老师",
    "text": "所以答案选择的是c啊第五题。"
  },
  {
    "start": 1559.76,
    "end": 1569.62,
    "speaker": "老师",
    "text": "如图为某种商品的商业标志图案，"
  },
  {
    "start": 1569.62,
    "end": 1575.2,
    "speaker": "老师",
    "text": "可以视为利用图形的什么设计，"
  },
  {
    "start": 1575.2,
    "end": 1577.68,
    "speaker": "老师",
    "text": "也可以利用图形的。"
  },
  {
    "start": 1577.68,
    "end": 1578.04,
    "speaker": "老师",
    "text": "好，"
  },
  {
    "start": 1578.04,
    "end": 1581.82,
    "speaker": "老师",
    "text": "这里面我们看看有什么啊，"
  },
  {
    "start": 1581.84,
    "end": 1583.6,
    "speaker": "老师",
    "text": "有平移对吧？"
  },
  {
    "start": 1583.6,
    "end": 1585.58,
    "speaker": "老师",
    "text": "平移还有轴对称对吧？"
  },
  {
    "start": 1585.64,
    "end": 1587.9,
    "speaker": "老师",
    "text": "这两个在这里面都出现了。"
  },
  {
    "start": 1587.9,
    "end": 1588.2,
    "speaker": "老师",
    "text": "对，"
  },
  {
    "start": 1588.2,
    "end": 1592.23,
    "speaker": "老师",
    "text": "轴对称可以平移，"
  },
  {
    "start": 1592.23,
    "end": 1592.82,
    "speaker": "老师",
    "text": "可以，"
  },
  {
    "start": 1593.81,
    "end": 1594.45,
    "speaker": "老师",
    "text": "谢谢。"
  },
  {
    "start": 1594.45,
    "end": 1605.4,
    "speaker": "老师",
    "text": "在方格纸中选择标有序号一二三四中的小正方形要涂黑，"
  },
  {
    "start": 1605.4,
    "end": 1609.76,
    "speaker": "老师",
    "text": "与其中阴影部分呢刚好构成中心对称图形。"
  },
  {
    "start": 1609.76,
    "end": 1611.92,
    "speaker": "老师",
    "text": "涂黑的小正方形的序号是。"
  },
  {
    "start": 1611.92,
    "end": 1615.56,
    "speaker": "老师",
    "text": "那我们知道如果要使的是周期对称图形，"
  },
  {
    "start": 1615.56,
    "end": 1619.08,
    "speaker": "老师",
    "text": "那我们肯定要知道对称中心在哪里，"
  },
  {
    "start": 1619.08,
    "end": 1619.92,
    "speaker": "老师",
    "text": "对吧？"
  },
  {
    "start": 1619.92,
    "end": 1620.1,
    "speaker": "老师",
    "text": "好，"
  },
  {
    "start": 1620.1,
    "end": 1621.48,
    "speaker": "老师",
    "text": "那同学做出完了，"
  },
  {
    "start": 1621.6,
    "end": 1623.02,
    "speaker": "老师",
    "text": "认为选择的是对了，"
  },
  {
    "start": 1623.02,
    "end": 1623.74,
    "speaker": "老师",
    "text": "选择的是二，"
  },
  {
    "start": 1623.74,
    "end": 1625.3,
    "speaker": "老师",
    "text": "我们找到了对称中心吗？"
  },
  {
    "start": 1625.3,
    "end": 1628.54,
    "speaker": "老师",
    "text": "找到了对称中心吗？"
  },
  {
    "start": 1628.54,
    "end": 1629.84,
    "speaker": "老师",
    "text": "对吧？"
  },
  {
    "start": 1629.84,
    "end": 1631.64,
    "speaker": "老师",
    "text": "这个是不是就可以了？"
  },
  {
    "start": 1631.64,
    "end": 1637.26,
    "speaker": "老师",
    "text": "再来这里面的整套练习的最后一题，"
  },
  {
    "start": 1637.26,
    "end": 1638.34,
    "speaker": "老师",
    "text": "如图所示，"
  },
  {
    "start": 1638.34,
    "end": 1641.7,
    "speaker": "老师",
    "text": "该图可以看作是一个菱形基本图案，"
  },
  {
    "start": 1641.92,
    "end": 1645.7,
    "speaker": "老师",
    "text": "是一个菱形通过几次旋转得到的，"
  },
  {
    "start": 1645.7,
    "end": 1647.26,
    "speaker": "老师",
    "text": "每次旋转了多少度？"
  },
  {
    "start": 1647.26,
    "end": 1648.92,
    "speaker": "老师",
    "text": "审清楚题是一个菱形。"
  },
  {
    "start": 1648.92,
    "end": 1649.84,
    "speaker": "老师",
    "text": "对了，"
  },
  {
    "start": 1649.84,
    "end": 1651.08,
    "speaker": "老师",
    "text": "我们可以选择，"
  },
  {
    "start": 1651.08,
    "end": 1655.26,
    "speaker": "老师",
    "text": "比如说我们选择这一个菱形做基本图案，"
  },
  {
    "start": 1655.26,
    "end": 1662.18,
    "speaker": "老师",
    "text": "我们看看它需要旋转一次、两次、三次、四次、五次，"
  },
  {
    "start": 1662.18,
    "end": 1665.22,
    "speaker": "老师",
    "text": "是不是就可以得到这幅图案，"
  },
  {
    "start": 1665.24,
    "end": 1667.78,
    "speaker": "老师",
    "text": "而且我们最后旋转角是多少？"
  },
  {
    "start": 1667.78,
    "end": 1668.74,
    "speaker": "老师",
    "text": "对了，"
  },
  {
    "start": 1668.8,
    "end": 1670.46,
    "speaker": "老师",
    "text": "完全一样的图案，"
  },
  {
    "start": 1670.46,
    "end": 1671.24,
    "speaker": "老师",
    "text": "对吧？"
  },
  {
    "start": 1671.24,
    "end": 1674.77,
    "speaker": "老师",
    "text": "所以是三百六除以六十度，"
  },
  {
    "start": 1674.77,
    "end": 1677.85,
    "speaker": "老师",
    "text": "所以最后是三百六除以六。"
  },
  {
    "start": 1677.85,
    "end": 1683.23,
    "speaker": "老师",
    "text": "所以最后答案旋转的是多少度？"
  },
  {
    "start": 1683.25,
    "end": 1683.95,
    "speaker": "老师",
    "text": "对了，"
  },
  {
    "start": 1684.23,
    "end": 1688.59,
    "speaker": "老师",
    "text": "六十度通过五次连续旋转得到的，"
  },
  {
    "start": 1688.59,
    "end": 1692.82,
    "speaker": "老师",
    "text": "每次旋转了六十度。"
  },
  {
    "start": 1692.82,
    "end": 1696.44,
    "speaker": "老师",
    "text": "我们刚才练习了这些，"
  },
  {
    "start": 1696.44,
    "end": 1704.98,
    "speaker": "老师",
    "text": "通过平移、旋转、轴对称在这些题目当中都有体现。"
  },
  {
    "start": 1704.98,
    "end": 1709.18,
    "speaker": "老师",
    "text": "那我们再看看这边有一个拓展探究题，"
  },
  {
    "start": 1709.18,
    "end": 1713.78,
    "speaker": "老师",
    "text": "怎样将下图中的假图案变成乙图案。"
  },
  {
    "start": 1713.78,
    "end": 1715.76,
    "speaker": "老师",
    "text": "我们同学似乎觉得有点熟悉，"
  },
  {
    "start": 1715.76,
    "end": 1719.6,
    "speaker": "老师",
    "text": "好像上节课是不是接触到这样的，"
  },
  {
    "start": 1719.6,
    "end": 1721.26,
    "speaker": "老师",
    "text": "看看一样吗？"
  },
  {
    "start": 1721.26,
    "end": 1727.2,
    "speaker": "老师",
    "text": "仔细观察一下跟上节课的那个图案一样吗？"
  },
  {
    "start": 1727.2,
    "end": 1731.13,
    "speaker": "老师",
    "text": "仔细观察这里面不相同的和不相同的，"
  },
  {
    "start": 1731.13,
    "end": 1738.41,
    "speaker": "老师",
    "text": "我们发现这两个图案大小是一样的形状。"
  },
  {
    "start": 1738.53,
    "end": 1738.87,
    "speaker": "老师",
    "text": "哎，"
  },
  {
    "start": 1738.87,
    "end": 1741.43,
    "speaker": "老师",
    "text": "你看看这个是不是相反的，"
  },
  {
    "start": 1741.63,
    "end": 1743.73,
    "speaker": "老师",
    "text": "大小是一样的，"
  },
  {
    "start": 1743.73,
    "end": 1744.95,
    "speaker": "老师",
    "text": "没有问题。"
  },
  {
    "start": 1744.95,
    "end": 1752.94,
    "speaker": "老师",
    "text": "但是这个图案你看这边两个这边两个在这边是不是不一样的，"
  },
  {
    "start": 1752.94,
    "end": 1755.8,
    "speaker": "老师",
    "text": "要找到它一样和不一样。"
  },
  {
    "start": 1755.88,
    "end": 1759.22,
    "speaker": "老师",
    "text": "我们上节课那个图，"
  },
  {
    "start": 1759.22,
    "end": 1764.4,
    "speaker": "老师",
    "text": "它是通过旋转以及平移可以得到的，"
  },
  {
    "start": 1764.4,
    "end": 1766.83,
    "speaker": "老师",
    "text": "方向没有变。"
  },
  {
    "start": 1766.83,
    "end": 1777.89,
    "speaker": "老师",
    "text": "但是我们发现这两个图案的，"
  },
  {
    "start": 1777.89,
    "end": 1780.07,
    "speaker": "老师",
    "text": "你看看两个的方向是不是变了。"
  },
  {
    "start": 1780.07,
    "end": 1781.13,
    "speaker": "老师",
    "text": "这两个在左边，"
  },
  {
    "start": 1781.53,
    "end": 1784.46,
    "speaker": "老师",
    "text": "这个两个是在右边，"
  },
  {
    "start": 1784.46,
    "end": 1785.9,
    "speaker": "老师",
    "text": "所以凭你是得不到的啊。"
  },
  {
    "start": 1785.9,
    "end": 1787.1,
    "speaker": "老师",
    "text": "我们同学知道了，"
  },
  {
    "start": 1787.14,
    "end": 1791.27,
    "speaker": "老师",
    "text": "旋转肯定是要有的，"
  },
  {
    "start": 1791.27,
    "end": 1792.13,
    "speaker": "老师",
    "text": "还要通过什么，"
  },
  {
    "start": 1792.66,
    "end": 1793.04,
    "speaker": "老师",
    "text": "对吧？"
  },
  {
    "start": 1793.04,
    "end": 1794.13,
    "speaker": "老师",
    "text": "大小尺寸是一样的，"
  },
  {
    "start": 1796.01,
    "end": 1797.89,
    "speaker": "老师",
    "text": "只是甲图案是斜着的，"
  },
  {
    "start": 1797.89,
    "end": 1799.27,
    "speaker": "老师",
    "text": "而乙图案是直着的，"
  },
  {
    "start": 1799.27,
    "end": 1801.79,
    "speaker": "老师",
    "text": "它们的形状左右两部分是相反的。"
  },
  {
    "start": 1801.81,
    "end": 1803.41,
    "speaker": "老师",
    "text": "因此可以看出，"
  },
  {
    "start": 1803.41,
    "end": 1808.99,
    "speaker": "老师",
    "text": "我们首先要把甲图案怎么扶直通过旋转，"
  },
  {
    "start": 1809.09,
    "end": 1815.51,
    "speaker": "老师",
    "text": "把它扶直绕着哪个点旋转绕着a点旋转浮直，"
  },
  {
    "start": 1815.65,
    "end": 1819.89,
    "speaker": "老师",
    "text": "那就其实就可以知道了旋转角的度数，"
  },
  {
    "start": 1819.89,
    "end": 1821.43,
    "speaker": "老师",
    "text": "对吧？"
  },
  {
    "start": 1821.43,
    "end": 1825.14,
    "speaker": "老师",
    "text": "接着呢对称轴对称，"
  },
  {
    "start": 1825.14,
    "end": 1831.0,
    "speaker": "老师",
    "text": "那这条直线是不是就是我们这个图案的对称轴，"
  },
  {
    "start": 1831.02,
    "end": 1835.14,
    "speaker": "老师",
    "text": "其实这条直线就是线段AB的垂直平分线。"
  },
  {
    "start": 1835.46,
    "end": 1835.86,
    "speaker": "老师",
    "text": "好，"
  },
  {
    "start": 1835.86,
    "end": 1838.78,
    "speaker": "老师",
    "text": "我们看看完整的怎么回答这一切。"
  },
  {
    "start": 1838.84,
    "end": 1842.38,
    "speaker": "老师",
    "text": "可以先将角图案绕图上的a点旋转，"
  },
  {
    "start": 1842.38,
    "end": 1843.38,
    "speaker": "老师",
    "text": "使得图案被扶直，"
  },
  {
    "start": 1843.38,
    "end": 1847.0,
    "speaker": "老师",
    "text": "然后再移AB的垂直平分线为对称轴，"
  },
  {
    "start": 1847.0,
    "end": 1850.98,
    "speaker": "老师",
    "text": "做它的轴对称图形就可以得到了图案。"
  },
  {
    "start": 1851.0,
    "end": 1853.94,
    "speaker": "老师",
    "text": "当然也有同学说我可以先做轴对称，"
  },
  {
    "start": 1853.94,
    "end": 1855.66,
    "speaker": "老师",
    "text": "接着再旋转可以吗？"
  },
  {
    "start": 1855.66,
    "end": 1856.44,
    "speaker": "老师",
    "text": "可以的，"
  },
  {
    "start": 1856.44,
    "end": 1860.9,
    "speaker": "老师",
    "text": "我们先将这个图案做轴对称到这边来了，"
  },
  {
    "start": 1860.9,
    "end": 1862.58,
    "speaker": "老师",
    "text": "然后再将它扶直。"
  },
  {
    "start": 1862.58,
    "end": 1867.04,
    "speaker": "老师",
    "text": "比如说我们先以AB所在的这个线段做它的垂直平分线，"
  },
  {
    "start": 1867.04,
    "end": 1871.28,
    "speaker": "老师",
    "text": "把这个垂直平分线作为对称轴，"
  },
  {
    "start": 1871.28,
    "end": 1876.53,
    "speaker": "老师",
    "text": "得到了这个图案假图案的轴对称图形，"
  },
  {
    "start": 1876.53,
    "end": 1883.83,
    "speaker": "老师",
    "text": "然后呢再让它绕着b点旋转，"
  },
  {
    "start": 1883.83,
    "end": 1887.76,
    "speaker": "老师",
    "text": "是不是就铺正了，"
  },
  {
    "start": 1887.76,
    "end": 1891.7,
    "speaker": "老师",
    "text": "这样我们是不是就可以得到嗯图案呢？"
  },
  {
    "start": 1891.7,
    "end": 1895.2,
    "speaker": "老师",
    "text": "那同学们也跟着老师一起来看一下，"
  },
  {
    "start": 1895.2,
    "end": 1899.72,
    "speaker": "老师",
    "text": "下面这个下图是由四部分组成的，"
  },
  {
    "start": 1899.72,
    "end": 1901.54,
    "speaker": "老师",
    "text": "每部分都包括两个十字，"
  },
  {
    "start": 1901.54,
    "end": 1902.1,
    "speaker": "老师",
    "text": "红色部分，"
  },
  {
    "start": 1902.1,
    "end": 1903.8,
    "speaker": "老师",
    "text": "经过适当的旋转，"
  },
  {
    "start": 1903.8,
    "end": 1906.9,
    "speaker": "老师",
    "text": "能得到其他的三部分就是红色的。"
  },
  {
    "start": 1906.9,
    "end": 1908.64,
    "speaker": "老师",
    "text": "你能经过平移吗？"
  },
  {
    "start": 1908.86,
    "end": 1916.49,
    "speaker": "老师",
    "text": "你能经过轴对称得到吗？"
  },
  {
    "start": 1916.49,
    "end": 1918.13,
    "speaker": "老师",
    "text": "你能经过还有其他的方式吗？"
  },
  {
    "start": 1918.21,
    "end": 1919.31,
    "speaker": "老师",
    "text": "同学快吃吧，"
  },
  {
    "start": 1919.31,
    "end": 1925.0,
    "speaker": "老师",
    "text": "想一想拼音可以吗？"
  },
  {
    "start": 1925.0,
    "end": 1926.42,
    "speaker": "老师",
    "text": "想想轴对称可以吗？"
  },
  {
    "start": 1926.54,
    "end": 1927.64,
    "speaker": "老师",
    "text": "选中了可以吗？"
  },
  {
    "start": 1927.64,
    "end": 1929.16,
    "speaker": "老师",
    "text": "还有其他的吗？"
  },
  {
    "start": 1929.16,
    "end": 1929.62,
    "speaker": "老师",
    "text": "好了，"
  },
  {
    "start": 1929.62,
    "end": 1933.72,
    "speaker": "老师",
    "text": "跟着老师一起来分析一下。"
  },
  {
    "start": 1933.72,
    "end": 1935.3,
    "speaker": "老师",
    "text": "我们首先看看拼音可以吗？"
  },
  {
    "start": 1935.3,
    "end": 1936.7,
    "speaker": "老师",
    "text": "我们试一下呢，"
  },
  {
    "start": 1936.78,
    "end": 1945.84,
    "speaker": "老师",
    "text": "平移是不是要知道两要素平移的方向和平移的距离，"
  },
  {
    "start": 1945.84,
    "end": 1947.66,
    "speaker": "老师",
    "text": "我们试一下啊，"
  },
  {
    "start": 1947.66,
    "end": 1950.15,
    "speaker": "老师",
    "text": "这个是可以平移得到的。"
  },
  {
    "start": 1950.15,
    "end": 1950.49,
    "speaker": "老师",
    "text": "唉，"
  },
  {
    "start": 1950.49,
    "end": 1953.03,
    "speaker": "老师",
    "text": "我发现上面两个不可以的对吧？"
  },
  {
    "start": 1953.05,
    "end": 1958.6,
    "speaker": "老师",
    "text": "上面这两个图案是不可以通过平移得到的，"
  },
  {
    "start": 1958.6,
    "end": 1958.92,
    "speaker": "老师",
    "text": "同理，"
  },
  {
    "start": 1958.92,
    "end": 1962.85,
    "speaker": "老师",
    "text": "下面的是不是不可以，"
  },
  {
    "start": 1962.85,
    "end": 1966.11,
    "speaker": "老师",
    "text": "所以说平移是不可以实现的，"
  },
  {
    "start": 1966.11,
    "end": 1968.33,
    "speaker": "老师",
    "text": "仅靠拼移无法得到。"
  },
  {
    "start": 1968.35,
    "end": 1969.75,
    "speaker": "老师",
    "text": "那再看旋转可以吗？"
  },
  {
    "start": 1969.75,
    "end": 1973.23,
    "speaker": "老师",
    "text": "旋转我们也要从三要素出发，"
  },
  {
    "start": 1973.23,
    "end": 1973.57,
    "speaker": "老师",
    "text": "对吧？"
  },
  {
    "start": 1973.57,
    "end": 1977.13,
    "speaker": "老师",
    "text": "旋转中心、旋转方向以及旋转角来，"
  },
  {
    "start": 1979.95,
    "end": 1985.67,
    "speaker": "老师",
    "text": "我们看看旋转可不可以绕着这一点旋转，"
  },
  {
    "start": 1985.67,
    "end": 1987.85,
    "speaker": "老师",
    "text": "看看是不是可以实现的。"
  },
  {
    "start": 1987.85,
    "end": 1991.81,
    "speaker": "老师",
    "text": "旋转依次这个是个逆时针方向旋转，"
  },
  {
    "start": 1991.81,
    "end": 1997.14,
    "speaker": "老师",
    "text": "一次两次、三次旋转的角度，"
  },
  {
    "start": 1997.22,
    "end": 1999.28,
    "speaker": "老师",
    "text": "我们也知道分别有九十度，"
  },
  {
    "start": 1999.28,
    "end": 2000.86,
    "speaker": "老师",
    "text": "这边是一百八十度，"
  },
  {
    "start": 2000.86,
    "end": 2003.62,
    "speaker": "老师",
    "text": "再到它是不是两百七十度，"
  },
  {
    "start": 2003.62,
    "end": 2005.42,
    "speaker": "老师",
    "text": "三次旋转可以的，"
  },
  {
    "start": 2005.42,
    "end": 2010.53,
    "speaker": "老师",
    "text": "所以旋转是可以的那我们要说清楚，"
  },
  {
    "start": 2010.53,
    "end": 2016.03,
    "speaker": "老师",
    "text": "我们说可以看作是左边这个两个十字做基本图案，"
  },
  {
    "start": 2016.09,
    "end": 2018.49,
    "speaker": "老师",
    "text": "然后绕着这个中心旋转三次，"
  },
  {
    "start": 2018.49,
    "end": 2021.03,
    "speaker": "老师",
    "text": "分别每次旋转的角度。"
  },
  {
    "start": 2021.03,
    "end": 2024.05,
    "speaker": "老师",
    "text": "我们也知道分别是九十一百八十度，"
  },
  {
    "start": 2024.05,
    "end": 2027.89,
    "speaker": "老师",
    "text": "两百七十度就可以知到这个图案。"
  },
  {
    "start": 2027.89,
    "end": 2029.93,
    "speaker": "老师",
    "text": "再来还可以怎么样？"
  },
  {
    "start": 2029.93,
    "end": 2033.09,
    "speaker": "老师",
    "text": "两个可不可以一起组合看一下，"
  },
  {
    "start": 2033.09,
    "end": 2037.35,
    "speaker": "老师",
    "text": "因为我们知道这个可以得到这个通过拼移实现的，"
  },
  {
    "start": 2037.35,
    "end": 2041.95,
    "speaker": "老师",
    "text": "然后呢再让它这两个图案看作一个整体进行旋转，"
  },
  {
    "start": 2041.95,
    "end": 2043.15,
    "speaker": "老师",
    "text": "可不可以啊？"
  },
  {
    "start": 2043.23,
    "end": 2044.65,
    "speaker": "老师",
    "text": "拼音旋转相结合，"
  },
  {
    "start": 2044.65,
    "end": 2084.29,
    "speaker": "老师",
    "text": "水平仪接着呢再绕着这个点旋转中心旋转多少度就可以实现呢九十度，"
  },
  {
    "start": 2084.29,
    "end": 2084.89,
    "speaker": "老师",
    "text": "对吧？"
  },
  {
    "start": 2086.2,
    "end": 2091.07,
    "speaker": "老师",
    "text": "我们可以将左边的两个十字先通过一次平移，"
  },
  {
    "start": 2091.72,
    "end": 2094.82,
    "speaker": "老师",
    "text": "形成左侧的右边的经过平移，"
  },
  {
    "start": 2094.82,
    "end": 2097.56,
    "speaker": "老师",
    "text": "形成左边的这个部分，"
  },
  {
    "start": 2097.56,
    "end": 2101.32,
    "speaker": "老师",
    "text": "然后左右部分作为一个整体，"
  },
  {
    "start": 2101.42,
    "end": 2106.44,
    "speaker": "老师",
    "text": "然后进行中心旋转九十度可以形成的对吧？"
  },
  {
    "start": 2106.44,
    "end": 2106.99,
    "speaker": "老师",
    "text": "好，"
  },
  {
    "start": 2108.82,
    "end": 2112.7,
    "speaker": "老师",
    "text": "我们再看还可不可以轴对称可以吗？"
  },
  {
    "start": 2112.72,
    "end": 2114.66,
    "speaker": "老师",
    "text": "轴对称轴对称轴对称，"
  },
  {
    "start": 2114.66,
    "end": 2116.76,
    "speaker": "老师",
    "text": "那我们就要找到什么？"
  },
  {
    "start": 2116.76,
    "end": 2117.18,
    "speaker": "老师",
    "text": "对了，"
  },
  {
    "start": 2117.18,
    "end": 2118.36,
    "speaker": "老师",
    "text": "找到对称轴，"
  },
  {
    "start": 2118.68,
    "end": 2124.82,
    "speaker": "老师",
    "text": "我们先用GH做对称轴，"
  },
  {
    "start": 2124.84,
    "end": 2127.22,
    "speaker": "老师",
    "text": "这条直线做对称轴。"
  },
  {
    "start": 2127.22,
    "end": 2133.96,
    "speaker": "老师",
    "text": "我们发现呢这个图案是不是就变成了这个上面的这个图案。"
  },
  {
    "start": 2133.96,
    "end": 2135.04,
    "speaker": "老师",
    "text": "接着呢，"
  },
  {
    "start": 2135.06,
    "end": 2140.47,
    "speaker": "老师",
    "text": "我们这两幅图案还没有生成。"
  },
  {
    "start": 2141.47,
    "end": 2142.69,
    "speaker": "老师",
    "text": "接着我们再干嘛，"
  },
  {
    "start": 2143.39,
    "end": 2145.89,
    "speaker": "老师",
    "text": "再要找EF做对称轴，"
  },
  {
    "start": 2145.89,
    "end": 2147.97,
    "speaker": "老师",
    "text": "再把这两个翻折过来做，"
  },
  {
    "start": 2147.97,
    "end": 2154.04,
    "speaker": "老师",
    "text": "它的轴对称图形是不是也可以实现的？"
  },
  {
    "start": 2154.04,
    "end": 2157.64,
    "speaker": "老师",
    "text": "那么我们知道我们轴对称也可以实现，"
  },
  {
    "start": 2157.64,
    "end": 2161.89,
    "speaker": "老师",
    "text": "那我们把它完整的叙述完，"
  },
  {
    "start": 2161.89,
    "end": 2164.99,
    "speaker": "老师",
    "text": "直线EF和GH相交一个o点。"
  },
  {
    "start": 2164.99,
    "end": 2168.31,
    "speaker": "老师",
    "text": "这个o点就是我们需要的焦点。"
  },
  {
    "start": 2168.31,
    "end": 2174.13,
    "speaker": "老师",
    "text": "先把左边的两个十字做关于GH的轴对称图形放到这里。"
  },
  {
    "start": 2174.13,
    "end": 2180.17,
    "speaker": "老师",
    "text": "然后把这两个部分当做一个整体，"
  },
  {
    "start": 2180.21,
    "end": 2184.73,
    "speaker": "老师",
    "text": "来关于EF的轴对称做它的轴对称图形，"
  },
  {
    "start": 2184.73,
    "end": 2188.82,
    "speaker": "老师",
    "text": "这样是不是就可以得到了整个图形很好。"
  },
  {
    "start": 2189.81,
    "end": 2193.72,
    "speaker": "老师",
    "text": "那我们同学刚才用了不同的方式，"
  },
  {
    "start": 2193.8,
    "end": 2195.9,
    "speaker": "老师",
    "text": "知道了一个图案的形成过程。"
  },
  {
    "start": 2195.9,
    "end": 2201.04,
    "speaker": "老师",
    "text": "那我们最后再来看今天的拓展探究。"
  },
  {
    "start": 2201.04,
    "end": 2201.78,
    "speaker": "老师",
    "text": "第三题，"
  },
  {
    "start": 2201.78,
    "end": 2202.28,
    "speaker": "老师",
    "text": "如图一，"
  },
  {
    "start": 2202.28,
    "end": 2212.84,
    "speaker": "老师",
    "text": "图中在这个网格中由个数相同的白色方块和黑色方块组成一个图案，"
  },
  {
    "start": 2212.84,
    "end": 2214.18,
    "speaker": "老师",
    "text": "请你仿照。"
  },
  {
    "start": 2214.18,
    "end": 2219.38,
    "speaker": "老师",
    "text": "此图在下列图二网格中分别设出设计出符合要求的图案。"
  },
  {
    "start": 2219.38,
    "end": 2223.8,
    "speaker": "老师",
    "text": "看清楚图一看到图一哈图一黑色和白色方块数量是相等的。"
  },
  {
    "start": 2223.84,
    "end": 2225.16,
    "speaker": "老师",
    "text": "第一个在一中，"
  },
  {
    "start": 2225.16,
    "end": 2228.28,
    "speaker": "老师",
    "text": "而且我们在一中我们说不得与原图案相同，"
  },
  {
    "start": 2228.5,
    "end": 2231.46,
    "speaker": "老师",
    "text": "黑白方块的个数要相同，"
  },
  {
    "start": 2231.46,
    "end": 2233.84,
    "speaker": "老师",
    "text": "这是它的一个要求来对于图一，"
  },
  {
    "start": 2233.86,
    "end": 2235.84,
    "speaker": "老师",
    "text": "它要是一个轴对称图形，"
  },
  {
    "start": 2235.9,
    "end": 2239.0,
    "speaker": "老师",
    "text": "而且还要是一个中心对称图形。"
  },
  {
    "start": 2239.0,
    "end": 2242.54,
    "speaker": "老师",
    "text": "这是对于图一的一个对于这一个一的一个要求。"
  },
  {
    "start": 2242.54,
    "end": 2244.34,
    "speaker": "老师",
    "text": "而对于这个二的要求，"
  },
  {
    "start": 2244.4,
    "end": 2248.79,
    "speaker": "老师",
    "text": "它是说要做一个轴对称图形，"
  },
  {
    "start": 2248.79,
    "end": 2251.44,
    "speaker": "老师",
    "text": "但不是中心对称图形。"
  },
  {
    "start": 2251.82,
    "end": 2253.91,
    "speaker": "老师",
    "text": "第三个是中心对称图形，"
  },
  {
    "start": 2253.38,
    "end": 2253.91,
    "speaker": "老师",
    "text": "但不是轴对称图形。"
  },
  {
    "start": 2253.38,
    "end": 2253.91,
    "speaker": "老师",
    "text": "我们同学快速的分析一下图一，"
  },
  {
    "start": 2253.38,
    "end": 2253.91,
    "speaker": "老师",
    "text": "然后把这三幅图填出来什么好了，"
  },
  {
    "start": 2253.38,
    "end": 2253.91,
    "speaker": "老师",
    "text": "你做出来了吗？"
  },
  {
    "start": 2253.38,
    "end": 2253.91,
    "speaker": "老师",
    "text": "我们看看有两位同学已经做出来了，"
  },
  {
    "start": 2253.38,
    "end": 2253.91,
    "speaker": "老师",
    "text": "我们看看这两位同学咋做的。"
  },
  {
    "start": 2253.38,
    "end": 2253.91,
    "speaker": "老师",
    "text": "首先是图一，"
  },
  {
    "start": 2253.38,
    "end": 2253.91,
    "speaker": "老师",
    "text": "图一的要求是是轴对称图形，"
  },
  {
    "start": 2253.38,
    "end": 2253.91,
    "speaker": "老师",
    "text": "又是中心对称图形。"
  },
  {
    "start": 2253.38,
    "end": 2253.91,
    "speaker": "老师",
    "text": "我们只需按照原图，"
  },
  {
    "start": 2253.38,
    "end": 2253.91,
    "speaker": "老师",
    "text": "将原图中的白方格改为黑方格即可，"
  },
  {
    "start": 2253.38,
    "end": 2253.91,
    "speaker": "老师",
    "text": "符合作图条件。"
  },
  {
    "start": 2253.38,
    "end": 2253.91,
    "speaker": "老师",
    "text": "接着看到图二，"
  },
  {
    "start": 2253.38,
    "end": 2253.91,
    "speaker": "老师",
    "text": "图二的要求是是轴对称图形，"
  },
  {
    "start": 2253.38,
    "end": 2253.91,
    "speaker": "老师",
    "text": "但不是中心对称图形。"
  },
  {
    "start": 2253.38,
    "end": 2253.91,
    "speaker": "老师",
    "text": "因此，"
  },
  {
    "start": 2253.38,
    "end": 2253.91,
    "speaker": "老师",
    "text": "我们不能将细化为一个中心对称图形。"
  },
  {
    "start": 2253.38,
    "end": 2253.91,
    "speaker": "老师",
    "text": "对称轴如下，"
  },
  {
    "start": 2253.38,
    "end": 2253.91,
    "speaker": "老师",
    "text": "最后是图三，"
  },
  {
    "start": 2253.38,
    "end": 2253.91,
    "speaker": "老师",
    "text": "图三的要求是是中性对称图形，"
  },
  {
    "start": 2253.38,
    "end": 2253.91,
    "speaker": "老师",
    "text": "但不是轴对称图形。"
  },
  {
    "start": 2253.38,
    "end": 2253.91,
    "speaker": "老师",
    "text": "我们只需将长方形的对角的四个方格中填满三个对称点，"
  },
  {
    "start": 2253.38,
    "end": 2253.91,
    "speaker": "老师",
    "text": "是这个点，"
  },
  {
    "start": 2253.38,
    "end": 2253.91,
    "speaker": "老师",
    "text": "作图完毕。"
  },
  {
    "start": 2253.38,
    "end": 2253.91,
    "speaker": "老师",
    "text": "好，"
  },
  {
    "start": 2253.38,
    "end": 2253.91,
    "speaker": "老师",
    "text": "我们第一个同学做的又好，"
  },
  {
    "start": 2253.38,
    "end": 2253.91,
    "speaker": "老师",
    "text": "而且也讲的非常明白，"
  },
  {
    "start": 2253.38,
    "end": 2253.91,
    "speaker": "老师",
    "text": "对吧？"
  },
  {
    "start": 2253.38,
    "end": 2253.91,
    "speaker": "老师",
    "text": "好，"
  },
  {
    "start": 2253.38,
    "end": 2253.91,
    "speaker": "老师",
    "text": "我们看看第二个同学，"
  },
  {
    "start": 2253.38,
    "end": 2253.91,
    "speaker": "老师",
    "text": "首先来看图一作图要求为，"
  },
  {
    "start": 2253.38,
    "end": 2253.91,
    "speaker": "老师",
    "text": "既是轴对称图形，"
  },
  {
    "start": 2253.38,
    "end": 2253.91,
    "speaker": "老师",
    "text": "又是中心对称图形。"
  },
  {
    "start": 2253.38,
    "end": 2253.91,
    "speaker": "老师",
    "text": "图一的对称轴即为这条红线，"
  },
  {
    "start": 2253.38,
    "end": 2253.91,
    "speaker": "老师",
    "text": "满足为轴对称图形的要求，"
  },
  {
    "start": 2253.38,
    "end": 2253.91,
    "speaker": "老师",
    "text": "又由中心对称图形的定义得到将图形旋转一百八十度后与原图形重合即为中心对称图形，"
  },
  {
    "start": 2253.38,
    "end": 2253.91,
    "speaker": "老师",
    "text": "所以将图一旋转一百八十度，"
  },
  {
    "start": 2253.38,
    "end": 2253.91,
    "speaker": "老师",
    "text": "发现他能力与原土重合，"
  },
  {
    "start": 2253.38,
    "end": 2253.91,
    "speaker": "老师",
    "text": "且它的对称中心为这个难点，"
  },
  {
    "start": 2253.38,
    "end": 2253.91,
    "speaker": "老师",
    "text": "所以满足为中心对称图形的要求图，"
  },
  {
    "start": 2253.38,
    "end": 2253.91,
    "speaker": "老师",
    "text": "而只要求为轴对称图形。"
  },
  {
    "start": 2253.38,
    "end": 2253.91,
    "speaker": "老师",
    "text": "所以它的对称轴为这条红线，"
  },
  {
    "start": 2253.38,
    "end": 2253.91,
    "speaker": "老师",
    "text": "不需要在旋转一百八十度后能与原图重合。"
  },
  {
    "start": 2253.38,
    "end": 2253.91,
    "speaker": "老师",
    "text": "图三只要求为中心对称图形，"
  },
  {
    "start": 2253.38,
    "end": 2253.91,
    "speaker": "老师",
    "text": "所以使它旋转一百八十度后能与原图重合即可，"
  },
  {
    "start": 2253.38,
    "end": 2253.91,
    "speaker": "老师",
    "text": "对称中心即为这一难点。"
  },
  {
    "start": 2253.38,
    "end": 2253.91,
    "speaker": "老师",
    "text": "好了，"
  },
  {
    "start": 2253.38,
    "end": 2253.91,
    "speaker": "老师",
    "text": "我们这位同学呢，"
  },
  {
    "start": 2253.38,
    "end": 2253.91,
    "speaker": "老师",
    "text": "他是从我们轴对称的定义，"
  },
  {
    "start": 2253.38,
    "end": 2253.91,
    "speaker": "老师",
    "text": "还有中心对称的定义出发来解决了这一题，"
  },
  {
    "start": 2253.38,
    "end": 2253.91,
    "speaker": "老师",
    "text": "而且都做的很好。"
  },
  {
    "start": 2253.38,
    "end": 2253.91,
    "speaker": "老师",
    "text": "那么我们总结一下我们今天所学到的内容，"
  },
  {
    "start": 2253.38,
    "end": 2253.91,
    "speaker": "老师",
    "text": "我们说设计图案要注意两点。"
  },
  {
    "start": 2253.38,
    "end": 2253.91,
    "speaker": "老师",
    "text": "第一个是要把设计的图案当做一个整体进整体构思。"
  },
  {
    "start": 2253.38,
    "end": 2253.91,
    "speaker": "老师",
    "text": "第二个是作图的过程当中，"
  },
  {
    "start": 2253.38,
    "end": 2253.91,
    "speaker": "老师",
    "text": "可以把图案中几个相邻的基本图案当做一个新的基本图案，"
  },
  {
    "start": 2253.38,
    "end": 2253.91,
    "speaker": "老师",
    "text": "要明确图案设计及其作图的要求。"
  },
  {
    "start": 2253.38,
    "end": 2253.91,
    "speaker": "老师",
    "text": "就像刚才这一题，"
  },
  {
    "start": 2253.38,
    "end": 2253.91,
    "speaker": "老师",
    "text": "作图要求你不要忘记了。"
  },
  {
    "start": 2253.38,
    "end": 2253.91,
    "speaker": "老师",
    "text": "所以我们最后一定要检验图形是否符合题意，"
  },
  {
    "start": 2253.38,
    "end": 2253.91,
    "speaker": "老师",
    "text": "对吗？"
  },
  {
    "start": 2253.38,
    "end": 2253.91,
    "speaker": "老师",
    "text": "这是今天的作业。"
  },
  {
    "start": 2253.38,
    "end": 2253.91,
    "speaker": "老师",
    "text": "今天新课到此结束，"
  },
  {
    "start": 2253.38,
    "end": 2253.91,
    "speaker": "老师",
    "text": "同学们再见。"
  }
]