[
  {
    "start": 10.33,
    "end": 12.03,
    "speaker": "老师",
    "text": "同学们大家好，"
  },
  {
    "start": 12.03,
    "end": 16.09,
    "speaker": "老师",
    "text": "我是南昌市南钢学校涂老师，"
  },
  {
    "start": 16.17,
    "end": 19.91,
    "speaker": "老师",
    "text": "今天我们一起学习第十九章。"
  },
  {
    "start": 19.91,
    "end": 31.26,
    "speaker": "老师",
    "text": "一次函数复习题讲评一、请同学们翻开课本的第一百零七页做好准备。"
  },
  {
    "start": 31.26,
    "end": 31.98,
    "speaker": "老师",
    "text": "首先，"
  },
  {
    "start": 32.0,
    "end": 36.33,
    "speaker": "老师",
    "text": "我们来回顾本章的知识结构，"
  },
  {
    "start": 36.33,
    "end": 42.19,
    "speaker": "老师",
    "text": "从某些实际问题中变量之间的相互联系，"
  },
  {
    "start": 43.46,
    "end": 45.56,
    "speaker": "老师",
    "text": "建立了函数的模型。"
  },
  {
    "start": 45.56,
    "end": 49.3,
    "speaker": "老师",
    "text": "接下来学习了一次函数，"
  },
  {
    "start": 49.42,
    "end": 53.9,
    "speaker": "老师",
    "text": "并研究了它的定义、图像和性质。"
  },
  {
    "start": 53.9,
    "end": 58.06,
    "speaker": "老师",
    "text": "最后又把函数应用到实际问题中。"
  },
  {
    "start": 58.06,
    "end": 64.12,
    "speaker": "老师",
    "text": "接下来我们的一些习题也是围绕这些知识展开的。"
  },
  {
    "start": 64.12,
    "end": 67.42,
    "speaker": "老师",
    "text": "请同学们看到课本的第一题，"
  },
  {
    "start": 67.42,
    "end": 69.7,
    "speaker": "老师",
    "text": "我们一起来读题。"
  },
  {
    "start": 70.24,
    "end": 73.26,
    "speaker": "老师",
    "text": "小亮现已存款一百元，"
  },
  {
    "start": 73.28,
    "end": 76.37,
    "speaker": "老师",
    "text": "为赞助希望工程，"
  },
  {
    "start": 76.37,
    "end": 80.49,
    "speaker": "老师",
    "text": "他计划今后三年每月存款十元，"
  },
  {
    "start": 80.51,
    "end": 85.31,
    "speaker": "老师",
    "text": "存款总金额y将随时间x的变化而改变，"
  },
  {
    "start": 85.33,
    "end": 115.21,
    "speaker": "老师",
    "text": "指出其中的常量与变量、自变量与函数，"
  },
  {
    "start": 115.21,
    "end": 120.07,
    "speaker": "老师",
    "text": "并写出函数解析式给点时间。"
  },
  {
    "start": 120.09,
    "end": 121.91,
    "speaker": "老师",
    "text": "同学们思考好，"
  },
  {
    "start": 121.93,
    "end": 125.32,
    "speaker": "老师",
    "text": "我们一起来分析。"
  },
  {
    "start": 125.32,
    "end": 131.32,
    "speaker": "老师",
    "text": "由于已存款一百元和月存款十元是始终不变的量，"
  },
  {
    "start": 131.32,
    "end": 135.67,
    "speaker": "老师",
    "text": "因此常量是一百和十，"
  },
  {
    "start": 135.67,
    "end": 142.36,
    "speaker": "老师",
    "text": "而存款总金额y随时间的x的变化而改变，"
  },
  {
    "start": 142.36,
    "end": 149.22,
    "speaker": "老师",
    "text": "因此变量是时间x和存款总金额y其中时间x是自变量，"
  },
  {
    "start": 150.74,
    "end": 152.62,
    "speaker": "老师",
    "text": "存环总件，"
  },
  {
    "start": 152.62,
    "end": 154.68,
    "speaker": "老师",
    "text": "y是时间x的函数。"
  },
  {
    "start": 155.44,
    "end": 160.7,
    "speaker": "老师",
    "text": "那这两个变量有怎样具体的函数关系呢？"
  },
  {
    "start": 160.7,
    "end": 167.45,
    "speaker": "老师",
    "text": "由于小亮刚开始就有存款一百元，"
  },
  {
    "start": 167.45,
    "end": 171.18,
    "speaker": "老师",
    "text": "而后每月存款十元，"
  },
  {
    "start": 171.24,
    "end": 181.98,
    "speaker": "老师",
    "text": "那x月后新的存款数就是十x因此y等于一百加十x那这里实现x有限制吗？"
  },
  {
    "start": 181.98,
    "end": 186.9,
    "speaker": "老师",
    "text": "有的他计划今后三年每月存款十元，"
  },
  {
    "start": 186.9,
    "end": 188.92,
    "speaker": "老师",
    "text": "三年三十六个月，"
  },
  {
    "start": 188.92,
    "end": 193.16,
    "speaker": "老师",
    "text": "因此x小于等于三十六呃，"
  },
  {
    "start": 193.16,
    "end": 196.38,
    "speaker": "老师",
    "text": "根据实际意义x还要大于等于零。"
  },
  {
    "start": 196.38,
    "end": 200.71,
    "speaker": "老师",
    "text": "还有既然每月存款十元，"
  },
  {
    "start": 200.71,
    "end": 201.91,
    "speaker": "老师",
    "text": "因此x还要为整数，"
  },
  {
    "start": 201.91,
    "end": 207.14,
    "speaker": "老师",
    "text": "所以自变量的取值范围是x大于等于零，"
  },
  {
    "start": 207.14,
    "end": 211.5,
    "speaker": "老师",
    "text": "小于等于三十六，"
  },
  {
    "start": 211.5,
    "end": 212.52,
    "speaker": "老师",
    "text": "并且x为整数。"
  },
  {
    "start": 212.52,
    "end": 214.06,
    "speaker": "老师",
    "text": "同学们，"
  },
  {
    "start": 214.06,
    "end": 216.56,
    "speaker": "老师",
    "text": "你们注意这个细节吗？"
  },
  {
    "start": 216.56,
    "end": 219.38,
    "speaker": "老师",
    "text": "在我们写完解析式之后，"
  },
  {
    "start": 219.38,
    "end": 223.8,
    "speaker": "老师",
    "text": "一定要考虑自变量的取值范围。"
  },
  {
    "start": 223.8,
    "end": 224.28,
    "speaker": "老师",
    "text": "好，"
  },
  {
    "start": 224.62,
    "end": 227.92,
    "speaker": "老师",
    "text": "我们再看到课本的第六题，"
  },
  {
    "start": 227.92,
    "end": 229.9,
    "speaker": "老师",
    "text": "我们一起来读题。"
  },
  {
    "start": 230.68,
    "end": 233.82,
    "speaker": "老师",
    "text": "在某火车站托运物品时，"
  },
  {
    "start": 233.82,
    "end": 238.55,
    "speaker": "老师",
    "text": "不超过一千克的物品需付两元，"
  },
  {
    "start": 238.57,
    "end": 242.75,
    "speaker": "老师",
    "text": "以后每增加一千克不足一千克，"
  },
  {
    "start": 242.75,
    "end": 307.32,
    "speaker": "老师",
    "text": "按一千克计，"
  },
  {
    "start": 307.44,
    "end": 310.5,
    "speaker": "老师",
    "text": "需增加托运费零点五元。"
  },
  {
    "start": 310.5,
    "end": 316.36,
    "speaker": "老师",
    "text": "设托运p千克p为整数物品的费用为c元。"
  },
  {
    "start": 316.42,
    "end": 319.28,
    "speaker": "老师",
    "text": "试写出c的计算公式，"
  },
  {
    "start": 319.28,
    "end": 321.87,
    "speaker": "老师",
    "text": "请同学们拿出练习本，"
  },
  {
    "start": 321.87,
    "end": 324.75,
    "speaker": "老师",
    "text": "你们试着写一写吧。"
  },
  {
    "start": 324.75,
    "end": 325.23,
    "speaker": "老师",
    "text": "好，"
  },
  {
    "start": 325.53,
    "end": 326.59,
    "speaker": "老师",
    "text": "同学们，"
  },
  {
    "start": 326.65,
    "end": 329.21,
    "speaker": "老师",
    "text": "我们一起来分析。"
  },
  {
    "start": 329.21,
    "end": 330.56,
    "speaker": "老师",
    "text": "根据题意，"
  },
  {
    "start": 332.28,
    "end": 335.74,
    "speaker": "老师",
    "text": "物品的推费应该由两部分组成，"
  },
  {
    "start": 335.74,
    "end": 340.64,
    "speaker": "老师",
    "text": "基本费和操纵费显然基本费是两元。"
  },
  {
    "start": 340.64,
    "end": 343.2,
    "speaker": "老师",
    "text": "我们具体分析一下，"
  },
  {
    "start": 343.26,
    "end": 345.91,
    "speaker": "老师",
    "text": "超重费以后，"
  },
  {
    "start": 346.13,
    "end": 352.09,
    "speaker": "老师",
    "text": "每增加一千克需增加推费零点五元，"
  },
  {
    "start": 352.17,
    "end": 356.89,
    "speaker": "老师",
    "text": "那超重费就会等于超出的质量乘以单价。"
  },
  {
    "start": 356.89,
    "end": 360.87,
    "speaker": "老师",
    "text": "而我们托运的是p千克的物品，"
  },
  {
    "start": 360.87,
    "end": 362.35,
    "speaker": "老师",
    "text": "p又恰好为整数，"
  },
  {
    "start": 362.35,
    "end": 370.6,
    "speaker": "老师",
    "text": "因此超出的质量是p减一再乘以单价零点五，"
  },
  {
    "start": 370.6,
    "end": 371.92,
    "speaker": "老师",
    "text": "这就是操纵费。"
  },
  {
    "start": 372.56,
    "end": 376.34,
    "speaker": "老师",
    "text": "因此c等于二加p减一乘零点五，"
  },
  {
    "start": 376.34,
    "end": 377.58,
    "speaker": "老师",
    "text": "通过化解，"
  },
  {
    "start": 377.58,
    "end": 380.56,
    "speaker": "老师",
    "text": "我们得到c等于零点五，"
  },
  {
    "start": 380.56,
    "end": 381.74,
    "speaker": "老师",
    "text": "p加一点五，"
  },
  {
    "start": 381.74,
    "end": 384.66,
    "speaker": "老师",
    "text": "根据实际意义的考虑，"
  },
  {
    "start": 384.66,
    "end": 389.51,
    "speaker": "老师",
    "text": "我们这里p要取对正整数，"
  },
  {
    "start": 389.51,
    "end": 393.23,
    "speaker": "老师",
    "text": "通过两道实际问题的分析，"
  },
  {
    "start": 393.25,
    "end": 396.71,
    "speaker": "老师",
    "text": "我们复习了函数的概念，"
  },
  {
    "start": 396.71,
    "end": 397.87,
    "speaker": "老师",
    "text": "函数是什么？"
  },
  {
    "start": 397.87,
    "end": 408.72,
    "speaker": "老师",
    "text": "函数是刻画两个变量之间对应关系的数学模型。"
  },
  {
    "start": 408.72,
    "end": 409.38,
    "speaker": "老师",
    "text": "在本章，"
  },
  {
    "start": 409.38,
    "end": 412.36,
    "speaker": "老师",
    "text": "我们还学习了特殊的函数，"
  },
  {
    "start": 412.36,
    "end": 425.29,
    "speaker": "老师",
    "text": "疑似函数。"
  },
  {
    "start": 425.33,
    "end": 429.02,
    "speaker": "老师",
    "text": "下面我们一起回忆它的相关知识。"
  },
  {
    "start": 429.02,
    "end": 431.74,
    "speaker": "老师",
    "text": "我们是从它的定义，"
  },
  {
    "start": 431.74,
    "end": 435.27,
    "speaker": "老师",
    "text": "图像性质展开学习的。"
  },
  {
    "start": 435.27,
    "end": 437.59,
    "speaker": "老师",
    "text": "根据KB的符号，"
  },
  {
    "start": 438.49,
    "end": 442.03,
    "speaker": "老师",
    "text": "我们画出了图像的大致形式，"
  },
  {
    "start": 442.11,
    "end": 443.65,
    "speaker": "老师",
    "text": "通过观察图像，"
  },
  {
    "start": 443.79,
    "end": 447.75,
    "speaker": "老师",
    "text": "我们得出了函数的性质。"
  },
  {
    "start": 447.75,
    "end": 453.74,
    "speaker": "老师",
    "text": "下面请同学们看到课本的第三题，"
  },
  {
    "start": 457.31,
    "end": 459.29,
    "speaker": "老师",
    "text": "你们先思考一下。"
  },
  {
    "start": 459.33,
    "end": 459.91,
    "speaker": "老师",
    "text": "好，"
  },
  {
    "start": 460.03,
    "end": 461.57,
    "speaker": "老师",
    "text": "我们一起来看。"
  },
  {
    "start": 461.57,
    "end": 464.18,
    "speaker": "老师",
    "text": "根据解析式，"
  },
  {
    "start": 464.18,
    "end": 468.78,
    "speaker": "老师",
    "text": "我们知道k小于零，"
  },
  {
    "start": 468.78,
    "end": 472.26,
    "speaker": "老师",
    "text": "因此图像从左至右是下降的，"
  },
  {
    "start": 472.26,
    "end": 475.27,
    "speaker": "老师",
    "text": "所以y随x的增大而减小，"
  },
  {
    "start": 475.27,
    "end": 477.39,
    "speaker": "老师",
    "text": "而在金额b大于零。"
  },
  {
    "start": 477.71,
    "end": 483.61,
    "speaker": "老师",
    "text": "因此图像与y轴的交点在x轴的上方，"
  },
  {
    "start": 483.61,
    "end": 486.47,
    "speaker": "老师",
    "text": "所以大图像大致是这样的。"
  },
  {
    "start": 486.47,
    "end": 488.83,
    "speaker": "老师",
    "text": "因此图像经过二一四象限，"
  },
  {
    "start": 488.83,
    "end": 493.87,
    "speaker": "老师",
    "text": "那同学们你会求与x轴y轴的交点坐标吗？"
  },
  {
    "start": 493.95,
    "end": 500.24,
    "speaker": "老师",
    "text": "我们不妨把交点标记为a和b."
  },
  {
    "start": 500.3,
    "end": 500.58,
    "speaker": "老师",
    "text": "好，"
  },
  {
    "start": 500.58,
    "end": 504.65,
    "speaker": "老师",
    "text": "我们先看与x轴的交点，"
  },
  {
    "start": 504.99,
    "end": 509.77,
    "speaker": "老师",
    "text": "发现它的纵坐标等于零，"
  },
  {
    "start": 509.77,
    "end": 513.55,
    "speaker": "老师",
    "text": "把化于等于零，"
  },
  {
    "start": 513.55,
    "end": 517.55,
    "speaker": "老师",
    "text": "代入解析式得到x等于四分之三。"
  },
  {
    "start": 517.55,
    "end": 518.13,
    "speaker": "老师",
    "text": "因此，"
  },
  {
    "start": 518.13,
    "end": 519.59,
    "speaker": "老师",
    "text": "焦点为四零三零，"
  },
  {
    "start": 520.05,
    "end": 521.95,
    "speaker": "老师",
    "text": "在它与y轴的交点b点，"
  },
  {
    "start": 521.95,
    "end": 527.3,
    "speaker": "老师",
    "text": "它的横坐标等于零。"
  },
  {
    "start": 527.3,
    "end": 531.38,
    "speaker": "老师",
    "text": "我们把x等于零代入解析式，"
  },
  {
    "start": 531.38,
    "end": 534.06,
    "speaker": "老师",
    "text": "看到y等于二分之一，"
  },
  {
    "start": 534.06,
    "end": 549.2,
    "speaker": "老师",
    "text": "因式交点为零二分之一。"
  },
  {
    "start": 549.2,
    "end": 553.58,
    "speaker": "老师",
    "text": "那这条直线与坐标轴围成的三角形面积是什么呢？"
  },
  {
    "start": 553.58,
    "end": 558.82,
    "speaker": "老师",
    "text": "显然这个三角形就是直角三角形AOB."
  },
  {
    "start": 558.82,
    "end": 559.3,
    "speaker": "老师",
    "text": "因此，"
  },
  {
    "start": 559.3,
    "end": 563.08,
    "speaker": "老师",
    "text": "面积等于二分之一的OA乘OB,"
  },
  {
    "start": 563.08,
    "end": 568.19,
    "speaker": "老师",
    "text": "也就是二分之一乘二分之一乘四分之三，"
  },
  {
    "start": 568.89,
    "end": 574.24,
    "speaker": "老师",
    "text": "我们可以得到面积为十六分之三。"
  },
  {
    "start": 574.24,
    "end": 574.94,
    "speaker": "老师",
    "text": "嗯嗯，"
  },
  {
    "start": 575.04,
    "end": 578.48,
    "speaker": "老师",
    "text": "我们再看到下面的问题，"
  },
  {
    "start": 579.38,
    "end": 585.75,
    "speaker": "老师",
    "text": "当y大于零x的取值范围，"
  },
  {
    "start": 585.75,
    "end": 587.63,
    "speaker": "老师",
    "text": "请同学们思考一下，"
  },
  {
    "start": 587.63,
    "end": 588.67,
    "speaker": "老师",
    "text": "想好了吗？"
  },
  {
    "start": 588.67,
    "end": 589.03,
    "speaker": "老师",
    "text": "好，"
  },
  {
    "start": 589.03,
    "end": 652.18,
    "speaker": "老师",
    "text": "我们一起来看对这个不等式问题。"
  },
  {
    "start": 652.18,
    "end": 658.23,
    "speaker": "老师",
    "text": "我们一般也是借助于函数的图像y大于零，"
  },
  {
    "start": 658.53,
    "end": 663.04,
    "speaker": "老师",
    "text": "也就是说在x轴上方，"
  },
  {
    "start": 663.08,
    "end": 666.0,
    "speaker": "老师",
    "text": "也就是这部分图像。"
  },
  {
    "start": 666.0,
    "end": 679.14,
    "speaker": "老师",
    "text": "我们发现这部分图像上的点对应的横坐标是比a点的横坐标要小的，"
  },
  {
    "start": 679.14,
    "end": 681.08,
    "speaker": "老师",
    "text": "因此x小于四分之三。"
  },
  {
    "start": 681.08,
    "end": 684.32,
    "speaker": "老师",
    "text": "那当y小零时，"
  },
  {
    "start": 684.32,
    "end": 685.92,
    "speaker": "老师",
    "text": "也就是在x的下方。"
  },
  {
    "start": 686.14,
    "end": 691.92,
    "speaker": "老师",
    "text": "我们通过观察发现对x大于十分之三，"
  },
  {
    "start": 691.92,
    "end": 694.35,
    "speaker": "老师",
    "text": "请同学们类比老师的分析，"
  },
  {
    "start": 695.61,
    "end": 699.37,
    "speaker": "老师",
    "text": "你们完成第二问的填空吧。"
  },
  {
    "start": 699.37,
    "end": 699.69,
    "speaker": "老师",
    "text": "对，"
  },
  {
    "start": 699.69,
    "end": 701.53,
    "speaker": "老师",
    "text": "没有好，"
  },
  {
    "start": 701.53,
    "end": 705.88,
    "speaker": "老师",
    "text": "很多同学可能很快就填完了，"
  },
  {
    "start": 705.88,
    "end": 708.34,
    "speaker": "老师",
    "text": "我们一起来看一下。"
  },
  {
    "start": 708.34,
    "end": 716.25,
    "speaker": "老师",
    "text": "通过k大零b小零可以画出大致的图像，"
  },
  {
    "start": 716.25,
    "end": 720.43,
    "speaker": "老师",
    "text": "由图像可知直线y等于三x减啊，"
  },
  {
    "start": 720.55,
    "end": 726.71,
    "speaker": "老师",
    "text": "经过三四一象限y旋子的增大而增大，"
  },
  {
    "start": 726.71,
    "end": 730.56,
    "speaker": "老师",
    "text": "与原的交点也就是y等于零。"
  },
  {
    "start": 730.56,
    "end": 739.32,
    "speaker": "老师",
    "text": "我们可以求出交点为三十三二零与y轴的交点，"
  },
  {
    "start": 739.32,
    "end": 743.19,
    "speaker": "老师",
    "text": "也就是x等于零。"
  },
  {
    "start": 743.27,
    "end": 748.04,
    "speaker": "老师",
    "text": "我们可以求出焦点为零负二，"
  },
  {
    "start": 748.04,
    "end": 755.54,
    "speaker": "老师",
    "text": "直线与坐标轴围成的三角形面积显然是COD."
  },
  {
    "start": 755.54,
    "end": 756.2,
    "speaker": "老师",
    "text": "因此，"
  },
  {
    "start": 756.86,
    "end": 779.47,
    "speaker": "老师",
    "text": "我们可以求出面积为三分之二，"
  },
  {
    "start": 779.47,
    "end": 781.81,
    "speaker": "老师",
    "text": "当y大零x的取值范围。"
  },
  {
    "start": 781.81,
    "end": 786.21,
    "speaker": "老师",
    "text": "我们同样在观察图像y大零在x轴上方，"
  },
  {
    "start": 786.21,
    "end": 789.93,
    "speaker": "老师",
    "text": "因此x大于三分之二当y小于零，"
  },
  {
    "start": 789.93,
    "end": 796.59,
    "speaker": "老师",
    "text": "也就是在x轴下方可以观察x小于三分之二。"
  },
  {
    "start": 796.63,
    "end": 803.07,
    "speaker": "老师",
    "text": "接下来老师把两条直线放在同一坐标系里面。"
  },
  {
    "start": 803.07,
    "end": 805.05,
    "speaker": "老师",
    "text": "你们会求它的焦点吗？"
  },
  {
    "start": 805.05,
    "end": 805.93,
    "speaker": "老师",
    "text": "求焦点，"
  },
  {
    "start": 805.93,
    "end": 811.55,
    "speaker": "老师",
    "text": "我们想到联立解析式转化为二元一次方程组，"
  },
  {
    "start": 811.55,
    "end": 815.39,
    "speaker": "老师",
    "text": "解出x和y,"
  },
  {
    "start": 815.39,
    "end": 822.52,
    "speaker": "老师",
    "text": "因此交点的坐标是二十二分之十五二十二分之一。"
  },
  {
    "start": 822.52,
    "end": 828.42,
    "speaker": "老师",
    "text": "当y一小于y二时x的取值范围，"
  },
  {
    "start": 828.48,
    "end": 831.87,
    "speaker": "老师",
    "text": "同学们考虑一下。"
  },
  {
    "start": 831.89,
    "end": 832.29,
    "speaker": "老师",
    "text": "好，"
  },
  {
    "start": 832.29,
    "end": 834.11,
    "speaker": "老师",
    "text": "我们一起来分析。"
  },
  {
    "start": 834.11,
    "end": 837.07,
    "speaker": "老师",
    "text": "对于这个问题，"
  },
  {
    "start": 837.07,
    "end": 842.41,
    "speaker": "老师",
    "text": "我们同样是用函数图像来解决。"
  },
  {
    "start": 842.41,
    "end": 844.31,
    "speaker": "老师",
    "text": "Y一小于y二，"
  },
  {
    "start": 844.31,
    "end": 847.52,
    "speaker": "老师",
    "text": "也就是直线y一的图像，"
  },
  {
    "start": 848.39,
    "end": 850.36,
    "speaker": "老师",
    "text": "低于直线y二的图像。"
  },
  {
    "start": 852.89,
    "end": 854.86,
    "speaker": "老师",
    "text": "那怎么去观察呢？"
  },
  {
    "start": 856.14,
    "end": 857.64,
    "speaker": "老师",
    "text": "有一个点很关键。"
  },
  {
    "start": 857.64,
    "end": 857.86,
    "speaker": "老师",
    "text": "对，"
  },
  {
    "start": 857.86,
    "end": 865.1,
    "speaker": "老师",
    "text": "就是在交点p点，"
  },
  {
    "start": 865.1,
    "end": 867.87,
    "speaker": "老师",
    "text": "通过交点p点的坐标。"
  },
  {
    "start": 868.82,
    "end": 874.34,
    "speaker": "老师",
    "text": "我们知道当x等于二十二分之十五时，"
  },
  {
    "start": 875.22,
    "end": 878.97,
    "speaker": "老师",
    "text": "y一是等于y二的，"
  },
  {
    "start": 878.97,
    "end": 884.05,
    "speaker": "老师",
    "text": "它属于p点是一个分界点，"
  },
  {
    "start": 884.05,
    "end": 887.45,
    "speaker": "老师",
    "text": "我们过p点做一条虚线。"
  },
  {
    "start": 887.45,
    "end": 891.75,
    "speaker": "老师",
    "text": "同学们仔细观看曲线曲线的右边，"
  },
  {
    "start": 891.75,
    "end": 896.05,
    "speaker": "老师",
    "text": "也就是x大于二十二分之十五。"
  },
  {
    "start": 896.39,
    "end": 904.87,
    "speaker": "老师",
    "text": "我们发现直线y一恰好在直线y二的下方，"
  },
  {
    "start": 904.93,
    "end": 908.72,
    "speaker": "老师",
    "text": "因此y一小于y时，"
  },
  {
    "start": 908.82,
    "end": 915.12,
    "speaker": "老师",
    "text": "x的取值范围则为x大于二十二分之十五。"
  },
  {
    "start": 915.14,
    "end": 917.5,
    "speaker": "老师",
    "text": "那当y一大于y二时，"
  },
  {
    "start": 917.5,
    "end": 921.04,
    "speaker": "老师",
    "text": "自然在这条虚线的左边，"
  },
  {
    "start": 921.18,
    "end": 925.86,
    "speaker": "老师",
    "text": "通过观察我们发现x小于二十二分之十五。"
  },
  {
    "start": 925.9,
    "end": 932.44,
    "speaker": "老师",
    "text": "同学们有没有问题？"
  },
  {
    "start": 932.66,
    "end": 933.26,
    "speaker": "老师",
    "text": "好，"
  },
  {
    "start": 933.26,
    "end": 935.98,
    "speaker": "老师",
    "text": "我们一起看下面的问题。"
  },
  {
    "start": 936.16,
    "end": 943.19,
    "speaker": "老师",
    "text": "两直线与y轴与y轴围成的三角形面积，"
  },
  {
    "start": 943.19,
    "end": 946.17,
    "speaker": "老师",
    "text": "我们先找这个三角形，"
  },
  {
    "start": 946.17,
    "end": 949.57,
    "speaker": "老师",
    "text": "显然是这个三角形。"
  },
  {
    "start": 949.57,
    "end": 951.95,
    "speaker": "老师",
    "text": "我们在标上字母，"
  },
  {
    "start": 951.95,
    "end": 1024.81,
    "speaker": "老师",
    "text": "因为AC在前面已求那要求这个三角形的面积，"
  },
  {
    "start": 1025.98,
    "end": 1029.04,
    "speaker": "老师",
    "text": "而AC恰好在y轴上，"
  },
  {
    "start": 1029.06,
    "end": 1035.43,
    "speaker": "老师",
    "text": "因此我们自然想到以AC为底。"
  },
  {
    "start": 1035.43,
    "end": 1038.97,
    "speaker": "老师",
    "text": "再过p点作AC的高，"
  },
  {
    "start": 1038.97,
    "end": 1043.4,
    "speaker": "老师",
    "text": "那高就是p点的对横坐标。"
  },
  {
    "start": 1044.06,
    "end": 1051.8,
    "speaker": "老师",
    "text": "因此面积s等于二分之一AC乘以p点的横坐标带入数据，"
  },
  {
    "start": 1051.8,
    "end": 1057.17,
    "speaker": "老师",
    "text": "我们可以得到面积为八十八分之七十五。"
  },
  {
    "start": 1057.17,
    "end": 1059.49,
    "speaker": "老师",
    "text": "通过这道题的分析，"
  },
  {
    "start": 1059.51,
    "end": 1063.35,
    "speaker": "老师",
    "text": "同学们，"
  },
  {
    "start": 1063.35,
    "end": 1073.64,
    "speaker": "老师",
    "text": "我们发现函数与方程、方程组以及不等式有着密切的关系，"
  },
  {
    "start": 1073.66,
    "end": 1076.41,
    "speaker": "老师",
    "text": "它们可以相互的转化。"
  },
  {
    "start": 1076.41,
    "end": 1080.43,
    "speaker": "老师",
    "text": "接下来我们复习求解析式求解析式，"
  },
  {
    "start": 1080.43,
    "end": 1085.73,
    "speaker": "老师",
    "text": "我们一般用待定系数法，"
  },
  {
    "start": 1085.87,
    "end": 1090.05,
    "speaker": "老师",
    "text": "它的一般步骤是第一步设第二步，"
  },
  {
    "start": 1090.07,
    "end": 1092.39,
    "speaker": "老师",
    "text": "待第三步解，"
  },
  {
    "start": 1092.41,
    "end": 1093.59,
    "speaker": "老师",
    "text": "第四步还原。"
  },
  {
    "start": 1093.59,
    "end": 1154.87,
    "speaker": "老师",
    "text": "接下来我们通过课本的第四题来巩固这个知识点，"
  },
  {
    "start": 1154.87,
    "end": 1158.39,
    "speaker": "老师",
    "text": "请同学们先做一做好，"
  },
  {
    "start": 1158.45,
    "end": 1160.95,
    "speaker": "老师",
    "text": "我们一起来分析。"
  },
  {
    "start": 1160.99,
    "end": 1166.03,
    "speaker": "老师",
    "text": "先看第一个y与x成正比例，"
  },
  {
    "start": 1166.03,
    "end": 1168.23,
    "speaker": "老师",
    "text": "因此我们设y等于KX,"
  },
  {
    "start": 1168.23,
    "end": 1174.21,
    "speaker": "老师",
    "text": "再把XY的这组对应值代入解析式经，"
  },
  {
    "start": 1175.16,
    "end": 1178.68,
    "speaker": "老师",
    "text": "而解得k等于五分之六，"
  },
  {
    "start": 1178.68,
    "end": 1181.68,
    "speaker": "老师",
    "text": "然后再把k还原到解析式，"
  },
  {
    "start": 1181.68,
    "end": 1188.13,
    "speaker": "老师",
    "text": "所以y等于五分之六x我们再看第二个问题，"
  },
  {
    "start": 1188.13,
    "end": 1193.12,
    "speaker": "老师",
    "text": "因为直线的解析式已知，"
  },
  {
    "start": 1193.34,
    "end": 1198.55,
    "speaker": "老师",
    "text": "那我们只要把这两点直接带入解析式，"
  },
  {
    "start": 1198.55,
    "end": 1201.89,
    "speaker": "老师",
    "text": "得到一个关于KB的方程组，"
  },
  {
    "start": 1201.89,
    "end": 1203.66,
    "speaker": "老师",
    "text": "再解出KB,"
  },
  {
    "start": 1204.77,
    "end": 1208.85,
    "speaker": "老师",
    "text": "最后又把KB还原到解析式。"
  },
  {
    "start": 1208.85,
    "end": 1209.87,
    "speaker": "老师",
    "text": "因此，"
  },
  {
    "start": 1210.17,
    "end": 1218.46,
    "speaker": "老师",
    "text": "我们得到y等于五分之十三x减五分之九。"
  },
  {
    "start": 1218.46,
    "end": 1219.0,
    "speaker": "老师",
    "text": "同学们，"
  },
  {
    "start": 1219.0,
    "end": 1221.3,
    "speaker": "老师",
    "text": "你们做对了吗？"
  },
  {
    "start": 1221.3,
    "end": 1223.89,
    "speaker": "老师",
    "text": "好，"
  },
  {
    "start": 1223.89,
    "end": 1232.61,
    "speaker": "老师",
    "text": "接下来我们将通过两个与几何图形有关的函数问题加以综合运用，"
  },
  {
    "start": 1232.61,
    "end": 1236.16,
    "speaker": "老师",
    "text": "请同学们认真审题，"
  },
  {
    "start": 1236.16,
    "end": 1237.84,
    "speaker": "老师",
    "text": "仔细思考。"
  },
  {
    "start": 1237.9,
    "end": 1238.3,
    "speaker": "老师",
    "text": "好，"
  },
  {
    "start": 1238.3,
    "end": 1242.55,
    "speaker": "老师",
    "text": "下面我们一起来分析出去。"
  },
  {
    "start": 1242.55,
    "end": 1247.31,
    "speaker": "老师",
    "text": "已知等腰三角形周长是二十第一。"
  },
  {
    "start": 1247.31,
    "end": 1247.75,
    "speaker": "老师",
    "text": "问，"
  },
  {
    "start": 1247.77,
    "end": 1255.94,
    "speaker": "老师",
    "text": "写出底边长y关于腰长x的函数解析式由题意，"
  },
  {
    "start": 1255.94,
    "end": 1258.08,
    "speaker": "老师",
    "text": "我们马上想到，"
  },
  {
    "start": 1258.82,
    "end": 1264.35,
    "speaker": "老师",
    "text": "根据周长就可得到二x加y等于二十，"
  },
  {
    "start": 1264.39,
    "end": 1269.05,
    "speaker": "老师",
    "text": "再通过等式变形，"
  },
  {
    "start": 1269.07,
    "end": 1272.31,
    "speaker": "老师",
    "text": "y等于二十减二x."
  },
  {
    "start": 1272.31,
    "end": 1272.67,
    "speaker": "老师",
    "text": "好，"
  },
  {
    "start": 1272.67,
    "end": 1277.11,
    "speaker": "老师",
    "text": "我们再看到第二问，"
  },
  {
    "start": 1277.11,
    "end": 1281.53,
    "speaker": "老师",
    "text": "写出质变量取值范围。"
  },
  {
    "start": 1281.53,
    "end": 1282.05,
    "speaker": "老师",
    "text": "好，"
  },
  {
    "start": 1282.05,
    "end": 1291.37,
    "speaker": "老师",
    "text": "我们来看我们首先想的是三角形的边长要大于零，"
  },
  {
    "start": 1291.37,
    "end": 1354.97,
    "speaker": "老师",
    "text": "因此x大于零y大于零。"
  },
  {
    "start": 1354.97,
    "end": 1357.13,
    "speaker": "老师",
    "text": "那还有什么条件限制呢？"
  },
  {
    "start": 1357.13,
    "end": 1357.49,
    "speaker": "老师",
    "text": "对，"
  },
  {
    "start": 1357.49,
    "end": 1362.87,
    "speaker": "老师",
    "text": "根据三角形三边的关系，"
  },
  {
    "start": 1362.87,
    "end": 1368.55,
    "speaker": "老师",
    "text": "任意两边之和大于第三边，"
  },
  {
    "start": 1368.55,
    "end": 1371.69,
    "speaker": "老师",
    "text": "而x加y显然比x大。"
  },
  {
    "start": 1371.69,
    "end": 1377.62,
    "speaker": "老师",
    "text": "因此只要保证x加x大于y,"
  },
  {
    "start": 1377.62,
    "end": 1380.38,
    "speaker": "老师",
    "text": "也就是二x大于y."
  },
  {
    "start": 1380.38,
    "end": 1390.82,
    "speaker": "老师",
    "text": "然后我们再把第一问的二十减二x代入y得到关于x的不等式组，"
  },
  {
    "start": 1390.82,
    "end": 1396.03,
    "speaker": "老师",
    "text": "解得x大于五小于十。"
  },
  {
    "start": 1396.03,
    "end": 1399.47,
    "speaker": "老师",
    "text": "因此自变量的取值范围就确定了。"
  },
  {
    "start": 1400.25,
    "end": 1403.4,
    "speaker": "老师",
    "text": "我们再看到第三问，"
  },
  {
    "start": 1403.4,
    "end": 1407.62,
    "speaker": "老师",
    "text": "在直角坐标系中画出函数图像。"
  },
  {
    "start": 1408.12,
    "end": 1412.19,
    "speaker": "老师",
    "text": "那我们再回到它的解析式，"
  },
  {
    "start": 1412.19,
    "end": 1415.29,
    "speaker": "老师",
    "text": "我们发现它是一个一次函数，"
  },
  {
    "start": 1415.29,
    "end": 1418.57,
    "speaker": "老师",
    "text": "它的图像是一条直线。"
  },
  {
    "start": 1418.59,
    "end": 1420.39,
    "speaker": "老师",
    "text": "这但是在本道题，"
  },
  {
    "start": 1420.39,
    "end": 1424.56,
    "speaker": "老师",
    "text": "自变量x大于五小于十，"
  },
  {
    "start": 1424.56,
    "end": 1428.5,
    "speaker": "老师",
    "text": "因此它的图像变为一条线段，"
  },
  {
    "start": 1430.78,
    "end": 1434.1,
    "speaker": "老师",
    "text": "并且线段的端点要取空心点。"
  },
  {
    "start": 1434.1,
    "end": 1442.97,
    "speaker": "老师",
    "text": "因使x取五和十求出对应y时十和零，"
  },
  {
    "start": 1443.01,
    "end": 1446.91,
    "speaker": "老师",
    "text": "然后我们画出了函数的图像，"
  },
  {
    "start": 1446.91,
    "end": 1450.38,
    "speaker": "老师",
    "text": "注意端点要取空心圈。"
  },
  {
    "start": 1451.32,
    "end": 1451.82,
    "speaker": "老师",
    "text": "好，"
  },
  {
    "start": 1452.04,
    "end": 1456.51,
    "speaker": "老师",
    "text": "我们继续看到课本的第十题请，"
  },
  {
    "start": 1456.51,
    "end": 1460.09,
    "speaker": "老师",
    "text": "同学们仔细审题，"
  },
  {
    "start": 1460.23,
    "end": 1461.79,
    "speaker": "老师",
    "text": "认真思考。"
  },
  {
    "start": 1461.79,
    "end": 1462.45,
    "speaker": "老师",
    "text": "好哎，"
  },
  {
    "start": 1463.09,
    "end": 1463.63,
    "speaker": "老师",
    "text": "好，"
  },
  {
    "start": 1463.63,
    "end": 1466.79,
    "speaker": "老师",
    "text": "同学们考虑是怎样，"
  },
  {
    "start": 1466.83,
    "end": 1468.31,
    "speaker": "老师",
    "text": "我们一起来分析，"
  },
  {
    "start": 1470.41,
    "end": 1475.59,
    "speaker": "老师",
    "text": "我们不妨先画图a点八厘米p点在第一象限，"
  },
  {
    "start": 1475.59,
    "end": 1491.12,
    "speaker": "老师",
    "text": "而三角形OPA的面积为s因此我们在连接OP以及PA为了求三角形OAP的面积，"
  },
  {
    "start": 1491.12,
    "end": 1495.4,
    "speaker": "老师",
    "text": "我们观察发现OA在x轴上，"
  },
  {
    "start": 1495.56,
    "end": 1500.17,
    "speaker": "老师",
    "text": "因此我们以OA为底。"
  },
  {
    "start": 1500.17,
    "end": 1503.42,
    "speaker": "老师",
    "text": "再过p点做OA的高，"
  },
  {
    "start": 1504.65,
    "end": 1507.41,
    "speaker": "老师",
    "text": "显然高就是p点的对纵坐标，"
  },
  {
    "start": 1507.41,
    "end": 1516.32,
    "speaker": "老师",
    "text": "因此面积s等于二分之一OA乘以p点纵坐标，"
  },
  {
    "start": 1516.32,
    "end": 1532.18,
    "speaker": "老师",
    "text": "而OA是等于八的YP等于y因此s等于二分之一乘八y化简得到s等于四y."
  },
  {
    "start": 1532.18,
    "end": 1541.77,
    "speaker": "老师",
    "text": "但是问题是让我们求s关于x的函数解析式。"
  },
  {
    "start": 1541.77,
    "end": 1545.8,
    "speaker": "老师",
    "text": "因此我们再根据题目里面的XY的关系，"
  },
  {
    "start": 1545.8,
    "end": 1556.93,
    "speaker": "老师",
    "text": "x加y等于十得到y等于十减x我们再把十减x代y通过化简得到s等于四十减四x."
  },
  {
    "start": 1557.53,
    "end": 1557.99,
    "speaker": "老师",
    "text": "好，"
  },
  {
    "start": 1558.01,
    "end": 1560.89,
    "speaker": "老师",
    "text": "我们再看第二问求x的取值范围，"
  },
  {
    "start": 1560.91,
    "end": 1563.77,
    "speaker": "老师",
    "text": "用p点在d象限。"
  },
  {
    "start": 1563.77,
    "end": 1568.85,
    "speaker": "老师",
    "text": "我们知道一象限的横纵坐标是大于零的，"
  },
  {
    "start": 1571.99,
    "end": 1573.23,
    "speaker": "老师",
    "text": "因此x大于零，"
  },
  {
    "start": 1573.23,
    "end": 1574.91,
    "speaker": "老师",
    "text": "y大于零，"
  },
  {
    "start": 1575.79,
    "end": 1582.46,
    "speaker": "老师",
    "text": "再把十减x带入y得到关于x的不等式组。"
  },
  {
    "start": 1582.46,
    "end": 1586.6,
    "speaker": "老师",
    "text": "既然解得x大于零小于十，"
  },
  {
    "start": 1586.6,
    "end": 1589.32,
    "speaker": "老师",
    "text": "这也就是自变量的取值范围。"
  },
  {
    "start": 1589.4,
    "end": 1594.24,
    "speaker": "老师",
    "text": "下面我们看到第三问当s等于十二时，"
  },
  {
    "start": 1594.24,
    "end": 1598.84,
    "speaker": "老师",
    "text": "求p点坐标s等于十二，"
  },
  {
    "start": 1600.88,
    "end": 1602.24,
    "speaker": "老师",
    "text": "也就是函数值。"
  },
  {
    "start": 1602.24,
    "end": 1603.18,
    "speaker": "老师",
    "text": "知道，"
  },
  {
    "start": 1603.2,
    "end": 1611.2,
    "speaker": "老师",
    "text": "那我们把s代入解析式嗯解得x等于七，"
  },
  {
    "start": 1611.2,
    "end": 1616.79,
    "speaker": "老师",
    "text": "而y是等于十减x因此y等于三。"
  },
  {
    "start": 1616.79,
    "end": 1619.97,
    "speaker": "老师",
    "text": "那拼点的坐标就是七三。"
  },
  {
    "start": 1620.01,
    "end": 1626.4,
    "speaker": "老师",
    "text": "我们再看到第四问画出函数s的图像，"
  },
  {
    "start": 1626.44,
    "end": 1628.67,
    "speaker": "老师",
    "text": "通过对比，"
  },
  {
    "start": 1628.67,
    "end": 1632.79,
    "speaker": "老师",
    "text": "我们发现它和上造力一样，"
  },
  {
    "start": 1632.79,
    "end": 1635.3,
    "speaker": "老师",
    "text": "也是一条线段，"
  },
  {
    "start": 1635.3,
    "end": 1637.55,
    "speaker": "老师",
    "text": "并且线段端点要取空心点。"
  },
  {
    "start": 1640.27,
    "end": 1651.2,
    "speaker": "老师",
    "text": "因此我们同样来画图x取零和十得到对应的s为四十和零，"
  },
  {
    "start": 1651.2,
    "end": 1654.96,
    "speaker": "老师",
    "text": "这样我们就可以画出它的图像来了。"
  },
  {
    "start": 1657.21,
    "end": 1660.22,
    "speaker": "老师",
    "text": "接着我们继续画图画，"
  },
  {
    "start": 1660.26,
    "end": 1664.21,
    "speaker": "老师",
    "text": "出函数y等于x绝对值的图像。"
  },
  {
    "start": 1664.21,
    "end": 1665.85,
    "speaker": "老师",
    "text": "对于这个问题，"
  },
  {
    "start": 1665.85,
    "end": 1729.11,
    "speaker": "老师",
    "text": "同学们是不是觉得很熟悉？"
  },
  {
    "start": 1729.11,
    "end": 1729.77,
    "speaker": "老师",
    "text": "是的，"
  },
  {
    "start": 1730.11,
    "end": 1741.88,
    "speaker": "老师",
    "text": "在前面我们的张志明老师和大家介绍过一些同学们还记得是怎么画的吗？"
  },
  {
    "start": 1741.88,
    "end": 1743.27,
    "speaker": "老师",
    "text": "对，"
  },
  {
    "start": 1743.27,
    "end": 1749.06,
    "speaker": "老师",
    "text": "因为解析式里面有绝对值的符号，"
  },
  {
    "start": 1749.06,
    "end": 1755.99,
    "speaker": "老师",
    "text": "我们想到去绝对值啊去绝对值，"
  },
  {
    "start": 1756.07,
    "end": 1761.81,
    "speaker": "老师",
    "text": "需要对绝对值里面的x进行分类讨论。"
  },
  {
    "start": 1762.13,
    "end": 1764.37,
    "speaker": "老师",
    "text": "当x大于等于零时，"
  },
  {
    "start": 1764.53,
    "end": 1767.45,
    "speaker": "老师",
    "text": "y等于x当x小于零时，"
  },
  {
    "start": 1767.57,
    "end": 1775.05,
    "speaker": "老师",
    "text": "y等于负x因此我们得到了一个分段函数解析式来看，"
  },
  {
    "start": 1776.89,
    "end": 1787.39,
    "speaker": "老师",
    "text": "我们发现它正是我们这章学习的正比例函数。"
  },
  {
    "start": 1787.39,
    "end": 1790.39,
    "speaker": "老师",
    "text": "再结合自变量观察，"
  },
  {
    "start": 1790.39,
    "end": 1796.48,
    "speaker": "老师",
    "text": "我们发现两段的形状都是一条对射线。"
  },
  {
    "start": 1796.48,
    "end": 1799.68,
    "speaker": "老师",
    "text": "接下来我们分段来画出函数的图像。"
  },
  {
    "start": 1799.68,
    "end": 1801.66,
    "speaker": "老师",
    "text": "看先看第一段，"
  },
  {
    "start": 1801.66,
    "end": 1803.0,
    "speaker": "老师",
    "text": "因为是射线，"
  },
  {
    "start": 1803.02,
    "end": 1806.41,
    "speaker": "老师",
    "text": "我们首先取端点，"
  },
  {
    "start": 1806.41,
    "end": 1811.08,
    "speaker": "老师",
    "text": "因此action首先取零，"
  },
  {
    "start": 1811.1,
    "end": 1822.26,
    "speaker": "老师",
    "text": "然后我们再取个大于余数。"
  },
  {
    "start": 1822.26,
    "end": 1825.64,
    "speaker": "老师",
    "text": "零一求出这个y是零一，"
  },
  {
    "start": 1825.66,
    "end": 1829.7,
    "speaker": "老师",
    "text": "然后我们画出了第一条射线，"
  },
  {
    "start": 1829.7,
    "end": 1832.07,
    "speaker": "老师",
    "text": "用同样的方法，"
  },
  {
    "start": 1833.22,
    "end": 1836.22,
    "speaker": "老师",
    "text": "我们再画第二段字x十也首先取零，"
  },
  {
    "start": 1836.22,
    "end": 1839.29,
    "speaker": "老师",
    "text": "然后再取一个小因数，"
  },
  {
    "start": 1839.29,
    "end": 1842.83,
    "speaker": "老师",
    "text": "比如负一求出y是一零。"
  },
  {
    "start": 1842.83,
    "end": 1845.98,
    "speaker": "老师",
    "text": "我们画出了第二段射线，"
  },
  {
    "start": 1846.3,
    "end": 1859.88,
    "speaker": "老师",
    "text": "我们发现像这样含有绝对值的函数图像是由两段射线组成的。"
  },
  {
    "start": 1859.88,
    "end": 1868.29,
    "speaker": "老师",
    "text": "接下来请同学们看到课本的第十一题请，"
  },
  {
    "start": 1868.29,
    "end": 1906.02,
    "speaker": "老师",
    "text": "你们画出函数y等于x减一绝对值的图像。"
  },
  {
    "start": 1906.1,
    "end": 1906.74,
    "speaker": "老师",
    "text": "第一步，"
  },
  {
    "start": 1906.74,
    "end": 1909.72,
    "speaker": "老师",
    "text": "我们通过分类讨论，"
  },
  {
    "start": 1909.72,
    "end": 1911.08,
    "speaker": "老师",
    "text": "拒绝类似符号，"
  },
  {
    "start": 1911.08,
    "end": 1914.07,
    "speaker": "老师",
    "text": "得到一段分段函数。"
  },
  {
    "start": 1914.07,
    "end": 1915.01,
    "speaker": "老师",
    "text": "第二步，"
  },
  {
    "start": 1915.01,
    "end": 1919.29,
    "speaker": "老师",
    "text": "再根据描点法画出函数图像。"
  },
  {
    "start": 1919.29,
    "end": 1923.99,
    "speaker": "老师",
    "text": "我们发现它的图像也是由两条射线组成的，"
  },
  {
    "start": 1925.05,
    "end": 1926.23,
    "speaker": "老师",
    "text": "同学们，"
  },
  {
    "start": 1926.37,
    "end": 1930.21,
    "speaker": "老师",
    "text": "你们和老师画的是一样的吗？"
  },
  {
    "start": 1930.21,
    "end": 1930.57,
    "speaker": "老师",
    "text": "好，"
  },
  {
    "start": 1930.75,
    "end": 1936.02,
    "speaker": "老师",
    "text": "接下来请同学们仔细看屏幕。"
  },
  {
    "start": 1936.02,
    "end": 1942.42,
    "speaker": "老师",
    "text": "我们的左边是含有绝对值符号的函数图像，"
  },
  {
    "start": 1942.42,
    "end": 1945.34,
    "speaker": "老师",
    "text": "右边是要对应的一次函数图像。"
  },
  {
    "start": 1945.94,
    "end": 1997.03,
    "speaker": "老师",
    "text": "如果老师把它们放在同一直角坐标系里面，"
  },
  {
    "start": 1997.03,
    "end": 1999.95,
    "speaker": "老师",
    "text": "它们的图像有联系吗？"
  },
  {
    "start": 1999.95,
    "end": 2001.69,
    "speaker": "老师",
    "text": "请你们比较一下，"
  },
  {
    "start": 2001.69,
    "end": 2004.41,
    "speaker": "老师",
    "text": "对我们发现一部分是重合的，"
  },
  {
    "start": 2004.41,
    "end": 2008.87,
    "speaker": "老师",
    "text": "而另外一部分又关于x轴对称。"
  },
  {
    "start": 2008.87,
    "end": 2017.19,
    "speaker": "老师",
    "text": "那这不就意味着我们画含有绝对值符号的函数图像，"
  },
  {
    "start": 2018.18,
    "end": 2023.62,
    "speaker": "老师",
    "text": "只要通过它一次函数图像就可以得到。"
  },
  {
    "start": 2023.62,
    "end": 2025.58,
    "speaker": "老师",
    "text": "那具体如何变换得来呢？"
  },
  {
    "start": 2025.58,
    "end": 2029.2,
    "speaker": "老师",
    "text": "下面请同学们看老师的动画演示。"
  },
  {
    "start": 2029.2,
    "end": 2060.33,
    "speaker": "老师",
    "text": "我们发现它是保留一次函数图像在x轴上方的图像，"
  },
  {
    "start": 2060.33,
    "end": 2064.79,
    "speaker": "老师",
    "text": "而把在x轴下方的图像往上翻折。"
  },
  {
    "start": 2064.79,
    "end": 2073.76,
    "speaker": "老师",
    "text": "当然我们也可以回到解析式去理解一下，"
  },
  {
    "start": 2073.76,
    "end": 2082.42,
    "speaker": "老师",
    "text": "对含有绝对值符号的函数，"
  },
  {
    "start": 2082.42,
    "end": 2083.76,
    "speaker": "老师",
    "text": "当x取任意值时，"
  },
  {
    "start": 2083.28,
    "end": 2083.76,
    "speaker": "老师",
    "text": "y都是非负的这也就不难理解这种翻折变化了。"
  },
  {
    "start": 2083.28,
    "end": 2083.76,
    "speaker": "老师",
    "text": "同学们思考一下是不是这样。"
  },
  {
    "start": 2083.28,
    "end": 2083.76,
    "speaker": "老师",
    "text": "接下来请同学们看到课本的第二问，"
  },
  {
    "start": 2083.28,
    "end": 2083.76,
    "speaker": "老师",
    "text": "请同学们仔细阅读写出函数解析式。"
  },
  {
    "start": 2083.28,
    "end": 2083.76,
    "speaker": "老师",
    "text": "好，"
  },
  {
    "start": 2083.28,
    "end": 2083.76,
    "speaker": "老师",
    "text": "我们一起来看解析式设PX零是x轴上的一个动点，"
  },
  {
    "start": 2083.28,
    "end": 2083.76,
    "speaker": "老师",
    "text": "它与x轴上表示负三的点的距离为y."
  },
  {
    "start": 2083.28,
    "end": 2083.76,
    "speaker": "老师",
    "text": "那么这不就意味着这两个点都在x轴上吗？"
  },
  {
    "start": 2083.28,
    "end": 2083.76,
    "speaker": "老师",
    "text": "因此，"
  },
  {
    "start": 2083.28,
    "end": 2083.76,
    "speaker": "老师",
    "text": "我们根据数轴上两点之间的距离公式，"
  },
  {
    "start": 2083.28,
    "end": 2083.76,
    "speaker": "老师",
    "text": "我们可以得到y等于x减负三的绝对值化简得到y等于x加三的绝对值。"
  },
  {
    "start": 2083.28,
    "end": 2083.76,
    "speaker": "老师",
    "text": "那现在你会画这个函数的图像吗？"
  },
  {
    "start": 2083.28,
    "end": 2083.76,
    "speaker": "老师",
    "text": "是的，"
  },
  {
    "start": 2083.28,
    "end": 2083.76,
    "speaker": "老师",
    "text": "现在我们有两种方法，"
  },
  {
    "start": 2083.28,
    "end": 2083.76,
    "speaker": "老师",
    "text": "第一种方法，"
  },
  {
    "start": 2083.28,
    "end": 2083.76,
    "speaker": "老师",
    "text": "我们同学们已经练习过。"
  },
  {
    "start": 2083.28,
    "end": 2083.76,
    "speaker": "老师",
    "text": "下面请同学们用第二种方法来试一试吧。"
  },
  {
    "start": 2083.28,
    "end": 2083.76,
    "speaker": "老师",
    "text": "接下来我们一起分析，"
  },
  {
    "start": 2083.28,
    "end": 2083.76,
    "speaker": "老师",
    "text": "我们首先要画出它对应的一次函数，"
  },
  {
    "start": 2083.28,
    "end": 2083.76,
    "speaker": "老师",
    "text": "也就是y等于x加三的图像，"
  },
  {
    "start": 2083.28,
    "end": 2083.76,
    "speaker": "老师",
    "text": "然后再保留x轴上方的图像，"
  },
  {
    "start": 2083.28,
    "end": 2083.76,
    "speaker": "老师",
    "text": "把x轴下方的图像沿着x轴翻折即可得到它的图像。"
  },
  {
    "start": 2083.28,
    "end": 2083.76,
    "speaker": "老师",
    "text": "同学们，"
  },
  {
    "start": 2083.28,
    "end": 2083.76,
    "speaker": "老师",
    "text": "你们画的是这样的吗？"
  },
  {
    "start": 2083.28,
    "end": 2083.76,
    "speaker": "老师",
    "text": "嗯，"
  },
  {
    "start": 2083.28,
    "end": 2083.76,
    "speaker": "老师",
    "text": "清楚到这里，"
  },
  {
    "start": 2083.28,
    "end": 2083.76,
    "speaker": "老师",
    "text": "我们这堂课又将接近尾声了。"
  },
  {
    "start": 2083.28,
    "end": 2083.76,
    "speaker": "老师",
    "text": "请同学们借着这两个问题对本堂课进行梳理、反思。"
  },
  {
    "start": 2083.28,
    "end": 2083.76,
    "speaker": "老师",
    "text": "老师的最大感受是在我们分析解决问题，"
  },
  {
    "start": 2083.28,
    "end": 2083.76,
    "speaker": "老师",
    "text": "时常常用到转化思想、类比的思想以及竖形结合的思想，"
  },
  {
    "start": 2083.28,
    "end": 2083.76,
    "speaker": "老师",
    "text": "这是今天的作业，"
  },
  {
    "start": 2083.28,
    "end": 2083.76,
    "speaker": "老师",
    "text": "请同学们认真完成，"
  },
  {
    "start": 2083.28,
    "end": 2083.76,
    "speaker": "老师",
    "text": "感谢大家的聆听，"
  },
  {
    "start": 2083.28,
    "end": 2083.76,
    "speaker": "老师",
    "text": "再见。"
  }
]