[
  {
    "start": 9.48,
    "end": 10.56,
    "speaker": "老师",
    "text": "大家好，"
  },
  {
    "start": 10.56,
    "end": 18.58,
    "speaker": "老师",
    "text": "今天我们来学习八年级下册第三章图形的平移与旋转的第二节图形的旋转的第一个课时。"
  },
  {
    "start": 18.58,
    "end": 20.08,
    "speaker": "老师",
    "text": "在这个课时当中，"
  },
  {
    "start": 20.16,
    "end": 23.06,
    "speaker": "老师",
    "text": "我们将理解旋转的概念，"
  },
  {
    "start": 23.06,
    "end": 25.5,
    "speaker": "老师",
    "text": "探索旋转的基本性质，"
  },
  {
    "start": 25.5,
    "end": 30.08,
    "speaker": "老师",
    "text": "并能根据旋转的基本性质来解决实际问题。"
  },
  {
    "start": 30.12,
    "end": 32.36,
    "speaker": "老师",
    "text": "通过一系列的探索，"
  },
  {
    "start": 32.36,
    "end": 36.02,
    "speaker": "老师",
    "text": "我们将进一步的积累数学活动经验，"
  },
  {
    "start": 36.12,
    "end": 41.44,
    "speaker": "老师",
    "text": "增强动手实践能力和发展空间观念。"
  },
  {
    "start": 41.44,
    "end": 47.2,
    "speaker": "老师",
    "text": "同学们在小学的数学学习当中对旋转已经有所了解。"
  },
  {
    "start": 47.2,
    "end": 50.48,
    "speaker": "老师",
    "text": "旋转是日常生活中常见的现象。"
  },
  {
    "start": 50.48,
    "end": 55.64,
    "speaker": "老师",
    "text": "你能列举一些含有旋转现象的实际例子吗？"
  },
  {
    "start": 55.64,
    "end": 58.96,
    "speaker": "老师",
    "text": "相信同学们一定能举出很多这样的例子。"
  },
  {
    "start": 58.96,
    "end": 70.31,
    "speaker": "老师",
    "text": "老师在这里也给大家准备了一些旋转的摩天轮转动的风车，"
  },
  {
    "start": 70.99,
    "end": 75.73,
    "speaker": "老师",
    "text": "还有我们的水车转动的花的标识。"
  },
  {
    "start": 75.75,
    "end": 76.15,
    "speaker": "老师",
    "text": "哎，"
  },
  {
    "start": 76.73,
    "end": 83.67,
    "speaker": "老师",
    "text": "节拍器当中指针的转动以及钟表当中指针的转动。"
  },
  {
    "start": 83.73,
    "end": 91.67,
    "speaker": "老师",
    "text": "那么大家观察一下这些旋转现象有什么共同的特征。"
  },
  {
    "start": 91.67,
    "end": 98.82,
    "speaker": "老师",
    "text": "在这里老师将节拍器当中的指针哎抽象成一条线段，"
  },
  {
    "start": 98.82,
    "end": 101.46,
    "speaker": "老师",
    "text": "我们来感受一下它的运动。"
  },
  {
    "start": 101.46,
    "end": 102.24,
    "speaker": "老师",
    "text": "好，"
  },
  {
    "start": 102.24,
    "end": 106.89,
    "speaker": "老师",
    "text": "我们看到指针从初始位置的OA位置哎，"
  },
  {
    "start": 106.99,
    "end": 115.74,
    "speaker": "老师",
    "text": "绕着o点转动到了OA撇的位置。"
  },
  {
    "start": 115.74,
    "end": 116.12,
    "speaker": "老师",
    "text": "好，"
  },
  {
    "start": 116.3,
    "end": 120.42,
    "speaker": "老师",
    "text": "我们再看看钟表当中指针的转动，"
  },
  {
    "start": 120.42,
    "end": 120.66,
    "speaker": "老师",
    "text": "哎，"
  },
  {
    "start": 120.66,
    "end": 125.08,
    "speaker": "老师",
    "text": "初始位置指针从OB的地方绕着o点，"
  },
  {
    "start": 125.08,
    "end": 126.4,
    "speaker": "老师",
    "text": "顺时针转动了。"
  },
  {
    "start": 126.4,
    "end": 126.72,
    "speaker": "老师",
    "text": "哎，"
  },
  {
    "start": 126.72,
    "end": 128.86,
    "speaker": "老师",
    "text": "一百二十度对不对？"
  },
  {
    "start": 128.86,
    "end": 129.92,
    "speaker": "老师",
    "text": "来到了什么？"
  },
  {
    "start": 130.12,
    "end": 134.3,
    "speaker": "老师",
    "text": "来到了OB撇的位置。"
  },
  {
    "start": 134.3,
    "end": 135.32,
    "speaker": "老师",
    "text": "好，"
  },
  {
    "start": 135.46,
    "end": 138.32,
    "speaker": "老师",
    "text": "大家通过刚才的这两个演示，"
  },
  {
    "start": 138.42,
    "end": 140.14,
    "speaker": "老师",
    "text": "我们来想想看，"
  },
  {
    "start": 140.28,
    "end": 142.22,
    "speaker": "老师",
    "text": "在这个过程当中，"
  },
  {
    "start": 142.22,
    "end": 145.59,
    "speaker": "老师",
    "text": "它有什么共同的特征很好，"
  },
  {
    "start": 145.59,
    "end": 149.75,
    "speaker": "老师",
    "text": "它都是绕着某个点旋中了什么，"
  },
  {
    "start": 149.75,
    "end": 156.14,
    "speaker": "老师",
    "text": "旋转了一定的角度得到的。"
  },
  {
    "start": 156.7,
    "end": 157.34,
    "speaker": "老师",
    "text": "好，"
  },
  {
    "start": 157.44,
    "end": 160.42,
    "speaker": "老师",
    "text": "接下来我们来看第二问，"
  },
  {
    "start": 160.7,
    "end": 171.45,
    "speaker": "老师",
    "text": "旋转前后物体的形状、大小、位置是否发生了变化呢？"
  },
  {
    "start": 171.51,
    "end": 173.21,
    "speaker": "老师",
    "text": "大家回忆一下啊，"
  },
  {
    "start": 173.21,
    "end": 174.09,
    "speaker": "老师",
    "text": "很好，"
  },
  {
    "start": 174.09,
    "end": 176.91,
    "speaker": "老师",
    "text": "它的形状和大小怎么样？"
  },
  {
    "start": 176.91,
    "end": 177.21,
    "speaker": "老师",
    "text": "哎，"
  },
  {
    "start": 177.21,
    "end": 177.75,
    "speaker": "老师",
    "text": "不变，"
  },
  {
    "start": 177.83,
    "end": 181.93,
    "speaker": "老师",
    "text": "只是只是位置发生了改变。"
  },
  {
    "start": 181.93,
    "end": 182.29,
    "speaker": "老师",
    "text": "好，"
  },
  {
    "start": 182.29,
    "end": 189.59,
    "speaker": "老师",
    "text": "所以我们说旋转是指在平面内将一个图形绕一个定点，"
  },
  {
    "start": 189.71,
    "end": 194.44,
    "speaker": "老师",
    "text": "按某个方向转动一个角度，"
  },
  {
    "start": 194.44,
    "end": 198.13,
    "speaker": "老师",
    "text": "这样的图形运动称之为旋转。"
  },
  {
    "start": 198.13,
    "end": 202.41,
    "speaker": "老师",
    "text": "那么这个定点我们称之为旋转中心，"
  },
  {
    "start": 202.43,
    "end": 204.87,
    "speaker": "老师",
    "text": "转动的角称为旋转角，"
  },
  {
    "start": 204.87,
    "end": 207.59,
    "speaker": "老师",
    "text": "旋转不改变图形的形状和大小。"
  },
  {
    "start": 207.59,
    "end": 207.97,
    "speaker": "老师",
    "text": "哎，"
  },
  {
    "start": 207.99,
    "end": 210.13,
    "speaker": "老师",
    "text": "在这个过程当中，"
  },
  {
    "start": 210.13,
    "end": 213.23,
    "speaker": "老师",
    "text": "我们谈到了几点哦，"
  },
  {
    "start": 213.23,
    "end": 217.23,
    "speaker": "老师",
    "text": "我们谈到了这么几个地方啊，"
  },
  {
    "start": 217.23,
    "end": 219.87,
    "speaker": "老师",
    "text": "绕着一个定点对吧？"
  },
  {
    "start": 220.05,
    "end": 229.27,
    "speaker": "老师",
    "text": "因为按照某个方向转动什么一个角度，"
  },
  {
    "start": 229.37,
    "end": 231.81,
    "speaker": "老师",
    "text": "对不对？"
  },
  {
    "start": 231.81,
    "end": 233.39,
    "speaker": "老师",
    "text": "这三点非常的重要。"
  },
  {
    "start": 233.49,
    "end": 234.01,
    "speaker": "老师",
    "text": "好，"
  },
  {
    "start": 234.01,
    "end": 243.99,
    "speaker": "老师",
    "text": "那么下面我们看一看三角形的旋转，"
  },
  {
    "start": 244.07,
    "end": 257.72,
    "speaker": "老师",
    "text": "我们将三角形ABC绕着点o按顺时针方向转动，"
  },
  {
    "start": 257.72,
    "end": 260.3,
    "speaker": "老师",
    "text": "一个角度得到三角形DEF."
  },
  {
    "start": 260.44,
    "end": 260.8,
    "speaker": "老师",
    "text": "哎，"
  },
  {
    "start": 260.8,
    "end": 267.2,
    "speaker": "老师",
    "text": "在这个时候点ABC分别转到了DEF三个点的位置，"
  },
  {
    "start": 267.28,
    "end": 268.4,
    "speaker": "老师",
    "text": "对不对？"
  },
  {
    "start": 268.4,
    "end": 269.4,
    "speaker": "老师",
    "text": "好，"
  },
  {
    "start": 269.86,
    "end": 275.04,
    "speaker": "老师",
    "text": "我们说点a和点d是一组对应线段AB和线段。"
  },
  {
    "start": 275.04,
    "end": 278.74,
    "speaker": "老师",
    "text": "De是一组对应线段角，"
  },
  {
    "start": 278.92,
    "end": 280.66,
    "speaker": "老师",
    "text": "ABC与角。"
  },
  {
    "start": 280.66,
    "end": 283.12,
    "speaker": "老师",
    "text": "Def是一组对应角。"
  },
  {
    "start": 283.12,
    "end": 283.58,
    "speaker": "老师",
    "text": "好，"
  },
  {
    "start": 283.76,
    "end": 294.21,
    "speaker": "老师",
    "text": "那么图形当中刚刚说到的什么旋转中心，"
  },
  {
    "start": 294.35,
    "end": 296.61,
    "speaker": "老师",
    "text": "谁是旋转中心？"
  },
  {
    "start": 296.91,
    "end": 298.23,
    "speaker": "老师",
    "text": "很好，"
  },
  {
    "start": 298.53,
    "end": 303.37,
    "speaker": "老师",
    "text": "我们是绕着定点什么o进行旋转的。"
  },
  {
    "start": 303.39,
    "end": 308.15,
    "speaker": "老师",
    "text": "所以我们说点o是什么旋转中心。"
  },
  {
    "start": 308.15,
    "end": 308.49,
    "speaker": "老师",
    "text": "好，"
  },
  {
    "start": 308.57,
    "end": 314.49,
    "speaker": "老师",
    "text": "那么大家再看再看刚刚的那个动物看一下啊，"
  },
  {
    "start": 314.49,
    "end": 316.55,
    "speaker": "老师",
    "text": "OA看到了a点，"
  },
  {
    "start": 316.65,
    "end": 320.21,
    "speaker": "老师",
    "text": "绕着o点转到了谁对了，"
  },
  {
    "start": 320.23,
    "end": 321.63,
    "speaker": "老师",
    "text": "转到了d的位置。"
  },
  {
    "start": 321.83,
    "end": 325.91,
    "speaker": "老师",
    "text": "此时我们说角AOD是什么？"
  },
  {
    "start": 325.91,
    "end": 326.77,
    "speaker": "老师",
    "text": "是旋转角。"
  },
  {
    "start": 327.39,
    "end": 328.31,
    "speaker": "老师",
    "text": "好，"
  },
  {
    "start": 328.39,
    "end": 331.95,
    "speaker": "老师",
    "text": "再看点b绕着o来到谁e点，"
  },
  {
    "start": 331.95,
    "end": 334.41,
    "speaker": "老师",
    "text": "c绕着o到什么f好，"
  },
  {
    "start": 334.57,
    "end": 340.33,
    "speaker": "老师",
    "text": "因此我们说除了角AOD之外，"
  },
  {
    "start": 340.33,
    "end": 344.59,
    "speaker": "老师",
    "text": "我们还可以说角BOE和角COF是什么？"
  },
  {
    "start": 344.59,
    "end": 346.59,
    "speaker": "老师",
    "text": "是旋转角同学们，"
  },
  {
    "start": 346.59,
    "end": 347.71,
    "speaker": "老师",
    "text": "你们明白了吗？"
  },
  {
    "start": 347.71,
    "end": 348.07,
    "speaker": "老师",
    "text": "好，"
  },
  {
    "start": 348.21,
    "end": 350.47,
    "speaker": "老师",
    "text": "回过头，"
  },
  {
    "start": 350.69,
    "end": 356.69,
    "speaker": "老师",
    "text": "我们再看在这幅图当中，"
  },
  {
    "start": 356.95,
    "end": 365.71,
    "speaker": "老师",
    "text": "除了刚刚老师列举的对点对应线和和对角之外，"
  },
  {
    "start": 365.85,
    "end": 369.03,
    "speaker": "老师",
    "text": "你还能找到其他的吗？"
  },
  {
    "start": 369.21,
    "end": 369.69,
    "speaker": "老师",
    "text": "哦，"
  },
  {
    "start": 369.69,
    "end": 372.61,
    "speaker": "老师",
    "text": "有人说老师很简单，"
  },
  {
    "start": 372.61,
    "end": 373.35,
    "speaker": "老师",
    "text": "嗯，"
  },
  {
    "start": 373.45,
    "end": 380.29,
    "speaker": "老师",
    "text": "点b和点e点c和点f我们也可以说它们是对应点，"
  },
  {
    "start": 380.45,
    "end": 381.47,
    "speaker": "老师",
    "text": "对吧？"
  },
  {
    "start": 381.53,
    "end": 382.13,
    "speaker": "老师",
    "text": "好，"
  },
  {
    "start": 382.29,
    "end": 385.05,
    "speaker": "老师",
    "text": "线段BC和线段EF."
  },
  {
    "start": 385.11,
    "end": 390.85,
    "speaker": "老师",
    "text": "线段AC和线段DF,"
  },
  {
    "start": 390.91,
    "end": 407.53,
    "speaker": "老师",
    "text": "我们也可以说它们是什么？"
  },
  {
    "start": 407.53,
    "end": 407.93,
    "speaker": "老师",
    "text": "对，"
  },
  {
    "start": 407.93,
    "end": 409.41,
    "speaker": "老师",
    "text": "是对应线段，"
  },
  {
    "start": 409.41,
    "end": 410.53,
    "speaker": "老师",
    "text": "对不对？"
  },
  {
    "start": 410.53,
    "end": 411.01,
    "speaker": "老师",
    "text": "好，"
  },
  {
    "start": 411.01,
    "end": 414.59,
    "speaker": "老师",
    "text": "当然除此之外的话，"
  },
  {
    "start": 414.59,
    "end": 420.73,
    "speaker": "老师",
    "text": "我们还可以说角BAC和角EDF是一组对应角，"
  },
  {
    "start": 420.75,
    "end": 426.89,
    "speaker": "老师",
    "text": "角ACB与角DFE是一组什么对角啊？"
  },
  {
    "start": 427.11,
    "end": 427.49,
    "speaker": "老师",
    "text": "好，"
  },
  {
    "start": 427.49,
    "end": 429.41,
    "speaker": "老师",
    "text": "那接下来我们明确一下，"
  },
  {
    "start": 429.41,
    "end": 436.15,
    "speaker": "老师",
    "text": "在确定图形的旋转时必须明确什么三个条件，"
  },
  {
    "start": 436.15,
    "end": 469.76,
    "speaker": "老师",
    "text": "它分别是旋转中心、旋转方向和什么旋转角度啊，"
  },
  {
    "start": 470.46,
    "end": 479.5,
    "speaker": "老师",
    "text": "就是我们谈到的在图形的旋转当中定义里，"
  },
  {
    "start": 479.5,
    "end": 485.86,
    "speaker": "老师",
    "text": "必须明确的三样东西，"
  },
  {
    "start": 486.16,
    "end": 496.73,
    "speaker": "老师",
    "text": "分别是旋转中心、旋转方向和旋转角度。"
  },
  {
    "start": 496.73,
    "end": 497.41,
    "speaker": "老师",
    "text": "好，"
  },
  {
    "start": 497.87,
    "end": 502.01,
    "speaker": "老师",
    "text": "那么我们同时还给大家做这样的强调，"
  },
  {
    "start": 502.01,
    "end": 505.29,
    "speaker": "老师",
    "text": "这三个我们称之为是旋转的三要素。"
  },
  {
    "start": 505.29,
    "end": 508.41,
    "speaker": "老师",
    "text": "同样旋转是属于什么全等变化？"
  },
  {
    "start": 508.41,
    "end": 513.43,
    "speaker": "老师",
    "text": "因为它不改变图形的形状和大小。"
  },
  {
    "start": 513.43,
    "end": 517.48,
    "speaker": "老师",
    "text": "接下来我们来进行第二个内容，"
  },
  {
    "start": 517.48,
    "end": 520.2,
    "speaker": "老师",
    "text": "我们来探索一下旋转的性质。"
  },
  {
    "start": 520.34,
    "end": 522.18,
    "speaker": "老师",
    "text": "那么在图当中，"
  },
  {
    "start": 522.18,
    "end": 524.64,
    "speaker": "老师",
    "text": "你能找出相等的线段和相等的角吗？"
  },
  {
    "start": 524.64,
    "end": 525.32,
    "speaker": "老师",
    "text": "好，"
  },
  {
    "start": 525.54,
    "end": 528.58,
    "speaker": "老师",
    "text": "我们首先看看小明的回答，"
  },
  {
    "start": 528.58,
    "end": 539.08,
    "speaker": "老师",
    "text": "这容易相等的线段有AB等于DEAC等于DFBC等于EF."
  },
  {
    "start": 539.08,
    "end": 544.04,
    "speaker": "老师",
    "text": "相等的角有角BAC等于角EDF,"
  },
  {
    "start": 550.96,
    "end": 560.55,
    "speaker": "老师",
    "text": "角ABC等于角DEF角ACB等于角DFE哦，"
  },
  {
    "start": 560.55,
    "end": 563.32,
    "speaker": "老师",
    "text": "刚才小明找到了三组唉，"
  },
  {
    "start": 568.02,
    "end": 577.34,
    "speaker": "老师",
    "text": "三组相等的线段和三组相等的角大家会发现这三组相等的线段和三组相等角都是什么呀？"
  },
  {
    "start": 577.34,
    "end": 577.72,
    "speaker": "老师",
    "text": "对，"
  },
  {
    "start": 577.96,
    "end": 583.34,
    "speaker": "老师",
    "text": "都是刚刚我们谈到的对应线段和对应角，"
  },
  {
    "start": 583.34,
    "end": 585.9,
    "speaker": "老师",
    "text": "对不对？"
  },
  {
    "start": 585.9,
    "end": 587.14,
    "speaker": "老师",
    "text": "那我们想象一下，"
  },
  {
    "start": 587.14,
    "end": 591.46,
    "speaker": "老师",
    "text": "旋转前后的两个图形的形状和大小不变，"
  },
  {
    "start": 591.7,
    "end": 594.04,
    "speaker": "老师",
    "text": "它是怎么样全等的？"
  },
  {
    "start": 594.04,
    "end": 599.38,
    "speaker": "老师",
    "text": "那么自然而然它的对应线段和对应角是怎么样呢？"
  },
  {
    "start": 599.38,
    "end": 600.38,
    "speaker": "老师",
    "text": "相等的。"
  },
  {
    "start": 600.38,
    "end": 602.72,
    "speaker": "老师",
    "text": "所以我们可以得出这样的结论，"
  },
  {
    "start": 602.72,
    "end": 604.28,
    "speaker": "老师",
    "text": "对应线段相等，"
  },
  {
    "start": 604.28,
    "end": 605.86,
    "speaker": "老师",
    "text": "对应角相等。"
  },
  {
    "start": 606.58,
    "end": 608.8,
    "speaker": "老师",
    "text": "那么大家继续看到这幅图，"
  },
  {
    "start": 608.8,
    "end": 611.68,
    "speaker": "老师",
    "text": "除此之外还有其他相等的线段和相等的角吗？"
  },
  {
    "start": 611.68,
    "end": 611.88,
    "speaker": "老师",
    "text": "哦，"
  },
  {
    "start": 611.88,
    "end": 612.22,
    "speaker": "老师",
    "text": "好，"
  },
  {
    "start": 612.34,
    "end": 615.2,
    "speaker": "老师",
    "text": "我们接着往下看。"
  },
  {
    "start": 615.2,
    "end": 617.24,
    "speaker": "老师",
    "text": "在这幅图当中，"
  },
  {
    "start": 617.48,
    "end": 619.7,
    "speaker": "老师",
    "text": "我们给了一个旋转的动画，"
  },
  {
    "start": 619.7,
    "end": 621.02,
    "speaker": "老师",
    "text": "大家来感受一下，"
  },
  {
    "start": 621.02,
    "end": 621.28,
    "speaker": "老师",
    "text": "哎，"
  },
  {
    "start": 621.28,
    "end": 627.18,
    "speaker": "老师",
    "text": "我们将三角形ABC绕着点o转到了三角形DEF的位置，"
  },
  {
    "start": 627.18,
    "end": 628.14,
    "speaker": "老师",
    "text": "对不对啊？"
  },
  {
    "start": 628.3,
    "end": 628.94,
    "speaker": "老师",
    "text": "好，"
  },
  {
    "start": 629.04,
    "end": 631.26,
    "speaker": "老师",
    "text": "那么在这个图形当中，"
  },
  {
    "start": 631.26,
    "end": 636.58,
    "speaker": "老师",
    "text": "我们来想想还会不会有其他的线段相等，"
  },
  {
    "start": 636.92,
    "end": 638.98,
    "speaker": "老师",
    "text": "其他的角相等呢？"
  },
  {
    "start": 638.98,
    "end": 639.32,
    "speaker": "老师",
    "text": "嗯，"
  },
  {
    "start": 639.32,
    "end": 640.24,
    "speaker": "老师",
    "text": "有人会想到，"
  },
  {
    "start": 640.24,
    "end": 640.6,
    "speaker": "老师",
    "text": "哎，"
  },
  {
    "start": 640.6,
    "end": 642.46,
    "speaker": "老师",
    "text": "老师我知道我知道，"
  },
  {
    "start": 642.46,
    "end": 645.33,
    "speaker": "老师",
    "text": "我知道什么啊，"
  },
  {
    "start": 645.37,
    "end": 649.91,
    "speaker": "老师",
    "text": "我说我知道你看点b绕着o点转到了e的位置。"
  },
  {
    "start": 650.05,
    "end": 656.25,
    "speaker": "老师",
    "text": "那么这个时候线段OB我们可以想象成前面的什么。"
  },
  {
    "start": 656.25,
    "end": 656.57,
    "speaker": "老师",
    "text": "对，"
  },
  {
    "start": 656.75,
    "end": 662.23,
    "speaker": "老师",
    "text": "我们可以想象成前面的节拍器的什么指针，"
  },
  {
    "start": 662.23,
    "end": 663.71,
    "speaker": "老师",
    "text": "对不对？"
  },
  {
    "start": 663.85,
    "end": 669.95,
    "speaker": "老师",
    "text": "你看这个指针从BO这个位置转到了什么OE这个位度，"
  },
  {
    "start": 669.95,
    "end": 676.11,
    "speaker": "老师",
    "text": "是不是可以想象成这样哦，"
  },
  {
    "start": 676.15,
    "end": 679.03,
    "speaker": "老师",
    "text": "那么这两组是怎么样啊？"
  },
  {
    "start": 679.05,
    "end": 680.35,
    "speaker": "老师",
    "text": "相等的好，"
  },
  {
    "start": 680.39,
    "end": 685.76,
    "speaker": "老师",
    "text": "同样的图形当中对吧？"
  },
  {
    "start": 685.76,
    "end": 686.1,
    "speaker": "老师",
    "text": "哎，"
  },
  {
    "start": 686.22,
    "end": 689.16,
    "speaker": "老师",
    "text": "还绕绕点转到了定一的位置。"
  },
  {
    "start": 689.16,
    "end": 697.24,
    "speaker": "老师",
    "text": "那么这个时候的OA是不是也可以想象成那个指针呢？"
  },
  {
    "start": 697.24,
    "end": 703.66,
    "speaker": "老师",
    "text": "那我也可以推出线段OA和线段OD怎么样啊？"
  },
  {
    "start": 704.22,
    "end": 705.2,
    "speaker": "老师",
    "text": "相等哦，"
  },
  {
    "start": 705.54,
    "end": 707.22,
    "speaker": "老师",
    "text": "同样的，"
  },
  {
    "start": 707.54,
    "end": 710.1,
    "speaker": "老师",
    "text": "这里还有什么？"
  },
  {
    "start": 710.1,
    "end": 710.4,
    "speaker": "老师",
    "text": "哎，"
  },
  {
    "start": 710.4,
    "end": 714.6,
    "speaker": "老师",
    "text": "还有c点绕着o转到了点f的位置。"
  },
  {
    "start": 714.76,
    "end": 721.87,
    "speaker": "老师",
    "text": "那这个OC也可以想象成节拍器的指针的转动，"
  },
  {
    "start": 721.87,
    "end": 722.95,
    "speaker": "老师",
    "text": "对不对？"
  },
  {
    "start": 722.99,
    "end": 723.31,
    "speaker": "老师",
    "text": "好，"
  },
  {
    "start": 723.31,
    "end": 727.81,
    "speaker": "老师",
    "text": "可以得到OC等于什么OF."
  },
  {
    "start": 727.85,
    "end": 728.63,
    "speaker": "老师",
    "text": "对吧？"
  },
  {
    "start": 728.83,
    "end": 729.27,
    "speaker": "老师",
    "text": "好，"
  },
  {
    "start": 729.57,
    "end": 731.89,
    "speaker": "老师",
    "text": "那么除了这个之外，"
  },
  {
    "start": 731.89,
    "end": 751.23,
    "speaker": "老师",
    "text": "我们再想一想，"
  },
  {
    "start": 751.25,
    "end": 753.35,
    "speaker": "老师",
    "text": "在这个转动过程当中，"
  },
  {
    "start": 753.35,
    "end": 759.5,
    "speaker": "老师",
    "text": "题目明确说了，"
  },
  {
    "start": 759.5,
    "end": 771.83,
    "speaker": "老师",
    "text": "它是绕着一个定点旋转了一定的角度。"
  },
  {
    "start": 771.83,
    "end": 774.53,
    "speaker": "老师",
    "text": "这个角是不是也一样的？"
  },
  {
    "start": 774.61,
    "end": 775.57,
    "speaker": "老师",
    "text": "对了，"
  },
  {
    "start": 775.57,
    "end": 780.71,
    "speaker": "老师",
    "text": "你看b转到了e那么它这里是BOE,"
  },
  {
    "start": 780.71,
    "end": 783.63,
    "speaker": "老师",
    "text": "就形成了它的一个什么哎，"
  },
  {
    "start": 783.63,
    "end": 794.26,
    "speaker": "老师",
    "text": "一个旋转角a绕着o转到d那么角AOD以及角COF实际上都是旋转的同一个角度，"
  },
  {
    "start": 794.54,
    "end": 796.7,
    "speaker": "老师",
    "text": "因此它们也怎么样。"
  },
  {
    "start": 797.04,
    "end": 798.26,
    "speaker": "老师",
    "text": "对了，"
  },
  {
    "start": 798.26,
    "end": 799.94,
    "speaker": "老师",
    "text": "它们也相等嗯，"
  },
  {
    "start": 799.96,
    "end": 801.36,
    "speaker": "老师",
    "text": "好相等的角，"
  },
  {
    "start": 801.36,
    "end": 802.32,
    "speaker": "老师",
    "text": "对不对？"
  },
  {
    "start": 802.56,
    "end": 803.18,
    "speaker": "老师",
    "text": "好，"
  },
  {
    "start": 803.32,
    "end": 806.4,
    "speaker": "老师",
    "text": "因此根据这里，"
  },
  {
    "start": 806.48,
    "end": 815.12,
    "speaker": "老师",
    "text": "我们得出了关于旋转的另外两个结论。"
  },
  {
    "start": 815.28,
    "end": 821.77,
    "speaker": "老师",
    "text": "第一个对应点到旋转中心的距离相等，"
  },
  {
    "start": 821.77,
    "end": 822.35,
    "speaker": "老师",
    "text": "任意一组。"
  },
  {
    "start": 822.35,
    "end": 827.34,
    "speaker": "老师",
    "text": "对应点与旋转中心所连的线形成的角都等于旋转角。"
  },
  {
    "start": 827.34,
    "end": 827.68,
    "speaker": "老师",
    "text": "好，"
  },
  {
    "start": 827.68,
    "end": 830.06,
    "speaker": "老师",
    "text": "这是在什么当中的对，"
  },
  {
    "start": 830.44,
    "end": 835.26,
    "speaker": "老师",
    "text": "这是在三角形当中的探索。"
  },
  {
    "start": 835.26,
    "end": 838.84,
    "speaker": "老师",
    "text": "如果我们现在去探索四边形呢，"
  },
  {
    "start": 838.84,
    "end": 851.62,
    "speaker": "老师",
    "text": "我们将四边形ABCD绕着点o顺时针旋转，"
  },
  {
    "start": 851.78,
    "end": 852.86,
    "speaker": "老师",
    "text": "一个角度，"
  },
  {
    "start": 853.06,
    "end": 857.13,
    "speaker": "老师",
    "text": "得到四边形EFGH."
  },
  {
    "start": 857.13,
    "end": 863.61,
    "speaker": "老师",
    "text": "那么观察图形以及以下三个问题我们来看看好。"
  },
  {
    "start": 864.17,
    "end": 867.79,
    "speaker": "老师",
    "text": "下面我用几何画板给大家演示一下。"
  },
  {
    "start": 868.07,
    "end": 868.39,
    "speaker": "老师",
    "text": "好，"
  },
  {
    "start": 868.39,
    "end": 871.31,
    "speaker": "老师",
    "text": "首先我们来感受一下这个旋转过程啊，"
  },
  {
    "start": 871.31,
    "end": 874.41,
    "speaker": "老师",
    "text": "四边形ABCD绕着o点，"
  },
  {
    "start": 874.65,
    "end": 883.88,
    "speaker": "老师",
    "text": "顺时针旋转一定的角度得到了四边形EFGH,"
  },
  {
    "start": 884.22,
    "end": 885.28,
    "speaker": "老师",
    "text": "对吧？"
  },
  {
    "start": 885.28,
    "end": 885.62,
    "speaker": "老师",
    "text": "好，"
  },
  {
    "start": 885.66,
    "end": 888.52,
    "speaker": "老师",
    "text": "那么观察这两个四边形，"
  },
  {
    "start": 888.52,
    "end": 895.68,
    "speaker": "老师",
    "text": "你能发现有哪些相等的线段和哪些相等的角？"
  },
  {
    "start": 895.68,
    "end": 896.04,
    "speaker": "老师",
    "text": "哦，"
  },
  {
    "start": 896.12,
    "end": 896.72,
    "speaker": "老师",
    "text": "很简单，"
  },
  {
    "start": 896.72,
    "end": 901.26,
    "speaker": "老师",
    "text": "我们说老师这两个图形是怎么样啊全等的，"
  },
  {
    "start": 901.26,
    "end": 905.56,
    "speaker": "老师",
    "text": "因此它的对应线段和对应角怎么样相等，"
  },
  {
    "start": 905.56,
    "end": 907.64,
    "speaker": "老师",
    "text": "于是我们很快可以得到什么？"
  },
  {
    "start": 907.7,
    "end": 908.24,
    "speaker": "老师",
    "text": "对，"
  },
  {
    "start": 908.24,
    "end": 912.88,
    "speaker": "老师",
    "text": "我们可以得到四组啊。"
  },
  {
    "start": 912.92,
    "end": 923.07,
    "speaker": "老师",
    "text": "线段AB和线段EF相等，"
  },
  {
    "start": 923.27,
    "end": 925.61,
    "speaker": "老师",
    "text": "线段BC等于线段FG,"
  },
  {
    "start": 925.61,
    "end": 928.29,
    "speaker": "老师",
    "text": "线段CD等于线段GH,"
  },
  {
    "start": 928.57,
    "end": 933.2,
    "speaker": "老师",
    "text": "线段AD等于线段EH,"
  },
  {
    "start": 933.2,
    "end": 933.8,
    "speaker": "老师",
    "text": "对吧？"
  },
  {
    "start": 933.8,
    "end": 936.06,
    "speaker": "老师",
    "text": "这四组是对应线段，"
  },
  {
    "start": 936.06,
    "end": 938.32,
    "speaker": "老师",
    "text": "它们怎么样相等？"
  },
  {
    "start": 938.5,
    "end": 938.98,
    "speaker": "老师",
    "text": "好，"
  },
  {
    "start": 938.98,
    "end": 944.48,
    "speaker": "老师",
    "text": "同样的图形当中的对应角也怎么样相等，"
  },
  {
    "start": 944.48,
    "end": 946.45,
    "speaker": "老师",
    "text": "对吧？"
  },
  {
    "start": 946.53,
    "end": 953.51,
    "speaker": "老师",
    "text": "这里的四个对应角角DAB唉，"
  },
  {
    "start": 953.57,
    "end": 955.01,
    "speaker": "老师",
    "text": "等于角HEF."
  },
  {
    "start": 955.01,
    "end": 961.34,
    "speaker": "老师",
    "text": "那么同样的还有另外什么另外三组。"
  },
  {
    "start": 961.34,
    "end": 961.8,
    "speaker": "老师",
    "text": "好，"
  },
  {
    "start": 961.86,
    "end": 968.66,
    "speaker": "老师",
    "text": "那么接下来第二问连接ABBOCODOEOFOGOHO."
  },
  {
    "start": 968.66,
    "end": 968.84,
    "speaker": "老师",
    "text": "好，"
  },
  {
    "start": 968.84,
    "end": 977.48,
    "speaker": "老师",
    "text": "我们来连接一下你又能发现哪些相等的线段和相等的角呢？"
  },
  {
    "start": 977.76,
    "end": 978.36,
    "speaker": "老师",
    "text": "哦，"
  },
  {
    "start": 978.54,
    "end": 982.3,
    "speaker": "老师",
    "text": "根据刚才我们对三角形的研究，"
  },
  {
    "start": 982.3,
    "end": 987.66,
    "speaker": "老师",
    "text": "我们来看到点a绕着o点旋转到了点e的位置，"
  },
  {
    "start": 987.66,
    "end": 990.32,
    "speaker": "老师",
    "text": "大家看到了没有？"
  },
  {
    "start": 990.32,
    "end": 997.35,
    "speaker": "老师",
    "text": "这个是不是也可以想象成节拍器的指针，"
  },
  {
    "start": 997.35,
    "end": 1000.18,
    "speaker": "老师",
    "text": "这个也怎么样啊，"
  },
  {
    "start": 1002.1,
    "end": 1002.86,
    "speaker": "老师",
    "text": "对，"
  },
  {
    "start": 1002.88,
    "end": 1004.08,
    "speaker": "老师",
    "text": "也相等。"
  },
  {
    "start": 1004.18,
    "end": 1004.66,
    "speaker": "老师",
    "text": "好，"
  },
  {
    "start": 1004.82,
    "end": 1008.93,
    "speaker": "老师",
    "text": "同样的我们可以得到OB,"
  },
  {
    "start": 1009.07,
    "end": 1012.05,
    "speaker": "老师",
    "text": "等于什么OF,"
  },
  {
    "start": 1012.15,
    "end": 1013.33,
    "speaker": "老师",
    "text": "还有OD,"
  },
  {
    "start": 1013.33,
    "end": 1013.87,
    "speaker": "老师",
    "text": "等于OH,"
  },
  {
    "start": 1013.87,
    "end": 1015.67,
    "speaker": "老师",
    "text": "以及OC,"
  },
  {
    "start": 1015.67,
    "end": 1017.93,
    "speaker": "老师",
    "text": "等于什么OG啊，"
  },
  {
    "start": 1018.01,
    "end": 1024.16,
    "speaker": "老师",
    "text": "于是我们又可以得到什么四组相等的线端，"
  },
  {
    "start": 1024.16,
    "end": 1027.8,
    "speaker": "老师",
    "text": "那相等的角呢a对了相等的角。"
  },
  {
    "start": 1027.8,
    "end": 1030.24,
    "speaker": "老师",
    "text": "那么自然而然是怎么样啊？"
  },
  {
    "start": 1030.24,
    "end": 1033.3,
    "speaker": "老师",
    "text": "对它们在对应点的旋转过程当中，"
  },
  {
    "start": 1033.3,
    "end": 1036.38,
    "speaker": "老师",
    "text": "沿着相同的一个角怎么样旋转而成。"
  },
  {
    "start": 1036.38,
    "end": 1043.16,
    "speaker": "老师",
    "text": "因此这个角度也是怎么样啊一样的，"
  },
  {
    "start": 1043.18,
    "end": 1050.36,
    "speaker": "老师",
    "text": "所以我们可以得到角AOE等于角BOF等于角COG以及角DOH."
  },
  {
    "start": 1050.38,
    "end": 1050.8,
    "speaker": "老师",
    "text": "好，"
  },
  {
    "start": 1051.0,
    "end": 1059.85,
    "speaker": "老师",
    "text": "于是我们又可以得到这四个角相等，"
  },
  {
    "start": 1059.85,
    "end": 1060.35,
    "speaker": "老师",
    "text": "对不对？"
  },
  {
    "start": 1060.35,
    "end": 1060.79,
    "speaker": "老师",
    "text": "好，"
  },
  {
    "start": 1061.03,
    "end": 1065.73,
    "speaker": "老师",
    "text": "接下来继续。"
  },
  {
    "start": 1065.73,
    "end": 1066.23,
    "speaker": "老师",
    "text": "第三问，"
  },
  {
    "start": 1066.23,
    "end": 1069.56,
    "speaker": "老师",
    "text": "在图中再取一些对应点，"
  },
  {
    "start": 1070.43,
    "end": 1073.33,
    "speaker": "老师",
    "text": "画出它们与旋转中心所连的线段，"
  },
  {
    "start": 1073.33,
    "end": 1158.38,
    "speaker": "老师",
    "text": "你又能发现什么？"
  },
  {
    "start": 1158.38,
    "end": 1158.8,
    "speaker": "老师",
    "text": "好，"
  },
  {
    "start": 1158.8,
    "end": 1162.14,
    "speaker": "老师",
    "text": "现在呢我在线段AB上任，"
  },
  {
    "start": 1162.14,
    "end": 1164.38,
    "speaker": "老师",
    "text": "取一个点p好，"
  },
  {
    "start": 1164.38,
    "end": 1168.26,
    "speaker": "老师",
    "text": "找到它的对应点p撇好，"
  },
  {
    "start": 1168.26,
    "end": 1170.16,
    "speaker": "老师",
    "text": "显示OP和OP撇。"
  },
  {
    "start": 1170.16,
    "end": 1173.58,
    "speaker": "老师",
    "text": "那么大家观察一下嗯，"
  },
  {
    "start": 1173.58,
    "end": 1174.48,
    "speaker": "老师",
    "text": "你发现了什么？"
  },
  {
    "start": 1174.48,
    "end": 1174.68,
    "speaker": "老师",
    "text": "对，"
  },
  {
    "start": 1174.68,
    "end": 1180.7,
    "speaker": "老师",
    "text": "同样的点p绕着o点转到了点p撇的位置，"
  },
  {
    "start": 1180.7,
    "end": 1181.72,
    "speaker": "老师",
    "text": "对吧？"
  },
  {
    "start": 1181.72,
    "end": 1182.42,
    "speaker": "老师",
    "text": "好，"
  },
  {
    "start": 1182.56,
    "end": 1188.1,
    "speaker": "老师",
    "text": "它们和o点的连线所形成的线段怎么样啊？"
  },
  {
    "start": 1188.14,
    "end": 1189.34,
    "speaker": "老师",
    "text": "也相等，"
  },
  {
    "start": 1189.38,
    "end": 1192.26,
    "speaker": "老师",
    "text": "而这个角呢对它是同一个角，"
  },
  {
    "start": 1192.62,
    "end": 1194.3,
    "speaker": "老师",
    "text": "对吧？"
  },
  {
    "start": 1194.72,
    "end": 1197.12,
    "speaker": "老师",
    "text": "所以它们也是相等的。"
  },
  {
    "start": 1197.18,
    "end": 1197.84,
    "speaker": "老师",
    "text": "因此，"
  },
  {
    "start": 1197.84,
    "end": 1199.16,
    "speaker": "老师",
    "text": "我们得到，"
  },
  {
    "start": 1199.16,
    "end": 1202.83,
    "speaker": "老师",
    "text": "如果我任取一组对应点，"
  },
  {
    "start": 1202.83,
    "end": 1209.89,
    "speaker": "老师",
    "text": "它们与旋转中心所连的线段相等，"
  },
  {
    "start": 1209.89,
    "end": 1215.43,
    "speaker": "老师",
    "text": "且与旋转中心所连线所形成的角等于什么旋转角。"
  },
  {
    "start": 1215.43,
    "end": 1215.73,
    "speaker": "老师",
    "text": "好，"
  },
  {
    "start": 1215.73,
    "end": 1219.13,
    "speaker": "老师",
    "text": "那么由此我们总结一下，"
  },
  {
    "start": 1219.27,
    "end": 1221.01,
    "speaker": "老师",
    "text": "我们旋转的细致。"
  },
  {
    "start": 1221.01,
    "end": 1221.35,
    "speaker": "老师",
    "text": "好，"
  },
  {
    "start": 1221.65,
    "end": 1224.57,
    "speaker": "老师",
    "text": "旋转总共有哪些性质呢？"
  },
  {
    "start": 1224.77,
    "end": 1226.55,
    "speaker": "老师",
    "text": "我们来回顾一下。"
  },
  {
    "start": 1226.55,
    "end": 1233.95,
    "speaker": "老师",
    "text": "首先第一个对应点到旋转中心的距离怎么样啊？"
  },
  {
    "start": 1235.04,
    "end": 1236.32,
    "speaker": "老师",
    "text": "相等第二个，"
  },
  {
    "start": 1236.4,
    "end": 1241.54,
    "speaker": "老师",
    "text": "任意一组对应点与旋转中心的连线所成的角都等于旋转角。"
  },
  {
    "start": 1241.54,
    "end": 1243.02,
    "speaker": "老师",
    "text": "第三个对应线段相等，"
  },
  {
    "start": 1243.02,
    "end": 1244.2,
    "speaker": "老师",
    "text": "对角相等，"
  },
  {
    "start": 1244.42,
    "end": 1248.18,
    "speaker": "老师",
    "text": "这也是由全等怎么样所得到的。"
  },
  {
    "start": 1248.22,
    "end": 1256.08,
    "speaker": "老师",
    "text": "那么这部分内容在书上有同学们可以把它画下来，"
  },
  {
    "start": 1256.08,
    "end": 1261.41,
    "speaker": "老师",
    "text": "我们可以把它总结一下，"
  },
  {
    "start": 1261.47,
    "end": 1263.19,
    "speaker": "老师",
    "text": "其实就这三点，"
  },
  {
    "start": 1263.19,
    "end": 1264.81,
    "speaker": "老师",
    "text": "哪三点呢？"
  },
  {
    "start": 1264.85,
    "end": 1265.33,
    "speaker": "老师",
    "text": "哎，"
  },
  {
    "start": 1265.33,
    "end": 1267.47,
    "speaker": "老师",
    "text": "对应点对吧？"
  },
  {
    "start": 1267.47,
    "end": 1271.36,
    "speaker": "老师",
    "text": "对应点到旋转中心的距离相等，"
  },
  {
    "start": 1272.01,
    "end": 1279.77,
    "speaker": "老师",
    "text": "对应点与旋转中心的连线所成的角都等于旋转角。"
  },
  {
    "start": 1279.77,
    "end": 1280.49,
    "speaker": "老师",
    "text": "好。"
  },
  {
    "start": 1280.49,
    "end": 1281.43,
    "speaker": "老师",
    "text": "其次对对对，"
  },
  {
    "start": 1281.43,
    "end": 1285.15,
    "speaker": "老师",
    "text": "什么对应线段，"
  },
  {
    "start": 1285.15,
    "end": 1288.28,
    "speaker": "老师",
    "text": "对应线段怎么样啊，"
  },
  {
    "start": 1288.28,
    "end": 1393.04,
    "speaker": "老师",
    "text": "相等最后一个对应角怎么样啊，"
  },
  {
    "start": 1393.04,
    "end": 1394.78,
    "speaker": "老师",
    "text": "也相等。"
  },
  {
    "start": 1395.1,
    "end": 1395.7,
    "speaker": "老师",
    "text": "好，"
  },
  {
    "start": 1395.72,
    "end": 1401.82,
    "speaker": "老师",
    "text": "那接下来继续我们来做几道随堂练习，"
  },
  {
    "start": 1401.9,
    "end": 1405.22,
    "speaker": "老师",
    "text": "请大家阅读习题。"
  },
  {
    "start": 1405.22,
    "end": 1405.62,
    "speaker": "老师",
    "text": "嗯，"
  },
  {
    "start": 1405.64,
    "end": 1406.46,
    "speaker": "老师",
    "text": "五嗯好，"
  },
  {
    "start": 1407.06,
    "end": 1409.94,
    "speaker": "老师",
    "text": "我们来讲解一下。"
  },
  {
    "start": 1409.94,
    "end": 1411.87,
    "speaker": "老师",
    "text": "第一题，"
  },
  {
    "start": 1411.87,
    "end": 1414.47,
    "speaker": "老师",
    "text": "下列现象中属于旋转的有好，"
  },
  {
    "start": 1414.53,
    "end": 1417.96,
    "speaker": "老师",
    "text": "第一个地下水位逐年下降，"
  },
  {
    "start": 1417.96,
    "end": 1418.64,
    "speaker": "老师",
    "text": "有没有转动？"
  },
  {
    "start": 1418.64,
    "end": 1418.82,
    "speaker": "老师",
    "text": "哦，"
  },
  {
    "start": 1418.82,
    "end": 1421.46,
    "speaker": "老师",
    "text": "没有好，"
  },
  {
    "start": 1421.46,
    "end": 1424.08,
    "speaker": "老师",
    "text": "第二个方向盘的移动，"
  },
  {
    "start": 1424.08,
    "end": 1426.24,
    "speaker": "老师",
    "text": "我们第一节课讲了，"
  },
  {
    "start": 1426.24,
    "end": 1427.68,
    "speaker": "老师",
    "text": "这是什么平移？"
  },
  {
    "start": 1427.68,
    "end": 1428.14,
    "speaker": "老师",
    "text": "好，"
  },
  {
    "start": 1428.16,
    "end": 1431.86,
    "speaker": "老师",
    "text": "第三个方向盘的转动对吧？"
  },
  {
    "start": 1431.96,
    "end": 1434.26,
    "speaker": "老师",
    "text": "这个没问题。"
  },
  {
    "start": 1434.28,
    "end": 1437.48,
    "speaker": "老师",
    "text": "第四个水龙头开关的转动，"
  },
  {
    "start": 1437.48,
    "end": 1439.84,
    "speaker": "老师",
    "text": "第五个钟摆的运动，"
  },
  {
    "start": 1440.06,
    "end": 1444.42,
    "speaker": "老师",
    "text": "第六个幸运大转盘转动的过程。"
  },
  {
    "start": 1444.5,
    "end": 1454.06,
    "speaker": "老师",
    "text": "很显然我们发现三四五六这四个内容都包含什么旋转现象？"
  },
  {
    "start": 1454.06,
    "end": 1457.84,
    "speaker": "老师",
    "text": "所以第一题我们选的是c好，"
  },
  {
    "start": 1457.96,
    "end": 1461.58,
    "speaker": "老师",
    "text": "接下来第二题，"
  },
  {
    "start": 1461.58,
    "end": 1462.24,
    "speaker": "老师",
    "text": "如图，"
  },
  {
    "start": 1462.66,
    "end": 1470.22,
    "speaker": "老师",
    "text": "三角形ABC和DCE都是直角三角形，"
  },
  {
    "start": 1470.5,
    "end": 1480.66,
    "speaker": "老师",
    "text": "其中一个三角形由另一个三角形旋转，"
  },
  {
    "start": 1480.66,
    "end": 1482.6,
    "speaker": "老师",
    "text": "得到下列叙述中，"
  },
  {
    "start": 1482.6,
    "end": 1488.1,
    "speaker": "老师",
    "text": "正确的有一旋转中心是点c好，"
  },
  {
    "start": 1488.1,
    "end": 1490.12,
    "speaker": "老师",
    "text": "我们来看一下，"
  },
  {
    "start": 1490.14,
    "end": 1501.12,
    "speaker": "老师",
    "text": "如果我们把直角三角形ACB看作是开始的那个三角形，"
  },
  {
    "start": 1501.26,
    "end": 1508.3,
    "speaker": "老师",
    "text": "他绕着c点顺时针旋转。"
  },
  {
    "start": 1508.3,
    "end": 1514.74,
    "speaker": "老师",
    "text": "我们来看一下哈AC对应到什么BD,"
  },
  {
    "start": 1515.18,
    "end": 1516.06,
    "speaker": "老师",
    "text": "哎，"
  },
  {
    "start": 1516.06,
    "end": 1521.67,
    "speaker": "老师",
    "text": "是不是转了九十度过来的？"
  },
  {
    "start": 1521.67,
    "end": 1522.05,
    "speaker": "老师",
    "text": "好，"
  },
  {
    "start": 1522.05,
    "end": 1525.25,
    "speaker": "老师",
    "text": "同样的CD绕着c点，"
  },
  {
    "start": 1525.25,
    "end": 1526.49,
    "speaker": "老师",
    "text": "顺时针旋转九十度，"
  },
  {
    "start": 1526.69,
    "end": 1529.17,
    "speaker": "老师",
    "text": "和什么和c一重合。"
  },
  {
    "start": 1529.83,
    "end": 1530.13,
    "speaker": "老师",
    "text": "哎，"
  },
  {
    "start": 1530.13,
    "end": 1531.31,
    "speaker": "老师",
    "text": "没问题。"
  },
  {
    "start": 1531.31,
    "end": 1534.13,
    "speaker": "老师",
    "text": "第一个旋转中心是点c是对的。"
  },
  {
    "start": 1534.13,
    "end": 1535.23,
    "speaker": "老师",
    "text": "第二，"
  },
  {
    "start": 1535.23,
    "end": 1538.91,
    "speaker": "老师",
    "text": "AC等于CD对应线段怎么样啊？"
  },
  {
    "start": 1538.91,
    "end": 1541.23,
    "speaker": "老师",
    "text": "相等，"
  },
  {
    "start": 1542.09,
    "end": 1548.86,
    "speaker": "老师",
    "text": "第三个角a等于角e a和e这两个角角a和角e它是对应角吗？"
  },
  {
    "start": 1548.86,
    "end": 1549.22,
    "speaker": "老师",
    "text": "哦，"
  },
  {
    "start": 1549.22,
    "end": 1553.04,
    "speaker": "老师",
    "text": "很显然不是角a的对应角是谁？"
  },
  {
    "start": 1553.1,
    "end": 1557.07,
    "speaker": "老师",
    "text": "是角d所以第三个是错的。"
  },
  {
    "start": 1557.07,
    "end": 1562.39,
    "speaker": "老师",
    "text": "第四个角ACB等于角DCE."
  },
  {
    "start": 1562.63,
    "end": 1565.26,
    "speaker": "老师",
    "text": "没错，"
  },
  {
    "start": 1565.26,
    "end": 1568.24,
    "speaker": "老师",
    "text": "这两个都是什么？"
  },
  {
    "start": 1568.26,
    "end": 1568.94,
    "speaker": "老师",
    "text": "对，"
  },
  {
    "start": 1569.08,
    "end": 1569.88,
    "speaker": "老师",
    "text": "都是直角。"
  },
  {
    "start": 1570.56,
    "end": 1574.88,
    "speaker": "老师",
    "text": "所以这道题的答案是一二四。"
  },
  {
    "start": 1574.88,
    "end": 1575.14,
    "speaker": "老师",
    "text": "好，"
  },
  {
    "start": 1575.14,
    "end": 1575.76,
    "speaker": "老师",
    "text": "接下来好，"
  },
  {
    "start": 1575.88,
    "end": 1578.48,
    "speaker": "老师",
    "text": "请大家继续阅读三四两。"
  },
  {
    "start": 1578.54,
    "end": 1579.8,
    "speaker": "老师",
    "text": "哎呀，"
  },
  {
    "start": 1579.8,
    "end": 1580.04,
    "speaker": "老师",
    "text": "好，"
  },
  {
    "start": 1580.04,
    "end": 1582.5,
    "speaker": "老师",
    "text": "我们来看一下这道题。"
  },
  {
    "start": 1582.5,
    "end": 1582.96,
    "speaker": "老师",
    "text": "如图，"
  },
  {
    "start": 1582.96,
    "end": 1590.5,
    "speaker": "老师",
    "text": "将三角形OAB绕着点o顺时针方向旋转九十度，"
  },
  {
    "start": 1590.5,
    "end": 1593.02,
    "speaker": "老师",
    "text": "得到三角形OAEBE."
  },
  {
    "start": 1593.02,
    "end": 1600.72,
    "speaker": "老师",
    "text": "若OA的长度等于三则AAE的长度等于多少？"
  },
  {
    "start": 1600.72,
    "end": 1601.06,
    "speaker": "老师",
    "text": "呃，"
  },
  {
    "start": 1601.06,
    "end": 1607.26,
    "speaker": "老师",
    "text": "由条件我们首先来判断一下这个旋转的九十度在哪里哦，"
  },
  {
    "start": 1607.32,
    "end": 1611.16,
    "speaker": "老师",
    "text": "根据前面的性质，"
  },
  {
    "start": 1611.88,
    "end": 1620.32,
    "speaker": "老师",
    "text": "我们可以看到OA绕着o点转到了谁对转到了OA一的位置。"
  },
  {
    "start": 1620.32,
    "end": 1628.53,
    "speaker": "老师",
    "text": "因此我们可以得到这个角度等于多少度九十度。"
  },
  {
    "start": 1628.53,
    "end": 1630.87,
    "speaker": "老师",
    "text": "再者对应线段相等，"
  },
  {
    "start": 1630.87,
    "end": 1735.97,
    "speaker": "老师",
    "text": "所以这里等于几哎，"
  },
  {
    "start": 1735.97,
    "end": 1736.71,
    "speaker": "老师",
    "text": "等于三。"
  },
  {
    "start": 1736.71,
    "end": 1745.21,
    "speaker": "老师",
    "text": "很快我们就发现这是一个等腰直角三角形，"
  },
  {
    "start": 1745.21,
    "end": 1756.99,
    "speaker": "老师",
    "text": "我们可以根据勾股定理计算出这条线段的长度等于a等于三倍的根号二。"
  },
  {
    "start": 1756.99,
    "end": 1757.53,
    "speaker": "老师",
    "text": "好，"
  },
  {
    "start": 1758.95,
    "end": 1766.02,
    "speaker": "老师",
    "text": "接下来我们来看第四题。"
  },
  {
    "start": 1767.73,
    "end": 1768.17,
    "speaker": "老师",
    "text": "如图，"
  },
  {
    "start": 1768.17,
    "end": 1774.15,
    "speaker": "老师",
    "text": "三角形COD是三角形AOB绕着点o顺时针旋转四十度，"
  },
  {
    "start": 1774.15,
    "end": 1780.81,
    "speaker": "老师",
    "text": "得到的好且点c恰好在AB上角AOD等于九十度，"
  },
  {
    "start": 1780.81,
    "end": 1783.54,
    "speaker": "老师",
    "text": "则角b的度数等于多少？"
  },
  {
    "start": 1783.54,
    "end": 1783.94,
    "speaker": "老师",
    "text": "好，"
  },
  {
    "start": 1784.12,
    "end": 1788.3,
    "speaker": "老师",
    "text": "首先我们来看一下顺时针方向旋转四十度，"
  },
  {
    "start": 1788.34,
    "end": 1789.9,
    "speaker": "老师",
    "text": "我们找到哎对，"
  },
  {
    "start": 1789.9,
    "end": 1793.34,
    "speaker": "老师",
    "text": "找到对应的旋转角，"
  },
  {
    "start": 1793.34,
    "end": 1795.16,
    "speaker": "老师",
    "text": "看到OA转到哪里，"
  },
  {
    "start": 1795.16,
    "end": 1798.83,
    "speaker": "老师",
    "text": "对转到了OC这个位置，"
  },
  {
    "start": 1798.83,
    "end": 1801.63,
    "speaker": "老师",
    "text": "所以角AOC等于四十度。"
  },
  {
    "start": 1801.63,
    "end": 1802.53,
    "speaker": "老师",
    "text": "好，"
  },
  {
    "start": 1802.59,
    "end": 1804.85,
    "speaker": "老师",
    "text": "再折OB绕着o点，"
  },
  {
    "start": 1804.95,
    "end": 1807.07,
    "speaker": "老师",
    "text": "顺时针旋转四十度，"
  },
  {
    "start": 1807.07,
    "end": 1810.29,
    "speaker": "老师",
    "text": "到了OD的位置。"
  },
  {
    "start": 1810.39,
    "end": 1810.65,
    "speaker": "老师",
    "text": "好，"
  },
  {
    "start": 1810.65,
    "end": 1815.64,
    "speaker": "老师",
    "text": "所以这个角也等于四十。"
  },
  {
    "start": 1815.64,
    "end": 1819.08,
    "speaker": "老师",
    "text": "题目一开始说角AOD等于九十度，"
  },
  {
    "start": 1819.68,
    "end": 1822.14,
    "speaker": "老师",
    "text": "所以中间这个角等于多少？"
  },
  {
    "start": 1822.14,
    "end": 1822.6,
    "speaker": "老师",
    "text": "很好，"
  },
  {
    "start": 1822.6,
    "end": 1828.5,
    "speaker": "老师",
    "text": "这个角等于十度，"
  },
  {
    "start": 1828.5,
    "end": 1829.24,
    "speaker": "老师",
    "text": "对不对？"
  },
  {
    "start": 1829.24,
    "end": 1830.85,
    "speaker": "老师",
    "text": "好，"
  },
  {
    "start": 1830.89,
    "end": 1834.99,
    "speaker": "老师",
    "text": "那接下来我们再考虑。"
  },
  {
    "start": 1834.99,
    "end": 1844.16,
    "speaker": "老师",
    "text": "题目要求的是角b这个角b跟这个四十四是十有什么关系呢？"
  },
  {
    "start": 1844.18,
    "end": 1845.5,
    "speaker": "老师",
    "text": "不是，"
  },
  {
    "start": 1845.5,
    "end": 1857.2,
    "speaker": "老师",
    "text": "这个时候同学们可能会在这个地方稍微遇到一点障碍。"
  },
  {
    "start": 1857.2,
    "end": 1857.78,
    "speaker": "老师",
    "text": "好，"
  },
  {
    "start": 1857.78,
    "end": 1863.31,
    "speaker": "老师",
    "text": "我们再把题目读一遍，"
  },
  {
    "start": 1863.31,
    "end": 1865.19,
    "speaker": "老师",
    "text": "还有哪个条件我们没有用到呢？"
  },
  {
    "start": 1865.19,
    "end": 1865.49,
    "speaker": "老师",
    "text": "哦，"
  },
  {
    "start": 1865.49,
    "end": 1872.08,
    "speaker": "老师",
    "text": "我们很快可以发现这里还有一个隐含的条件，"
  },
  {
    "start": 1872.38,
    "end": 1873.9,
    "speaker": "老师",
    "text": "点c恰好在AB上，"
  },
  {
    "start": 1873.9,
    "end": 1877.78,
    "speaker": "老师",
    "text": "我们看到点c恰好在AB上意味着什么？"
  },
  {
    "start": 1878.66,
    "end": 1879.28,
    "speaker": "老师",
    "text": "对了，"
  },
  {
    "start": 1879.28,
    "end": 1886.02,
    "speaker": "老师",
    "text": "你看旋转前后的对应对应线段是不是相等？"
  },
  {
    "start": 1886.02,
    "end": 1890.75,
    "speaker": "老师",
    "text": "那就是说OA应该等于什么OC,"
  },
  {
    "start": 1890.75,
    "end": 1893.97,
    "speaker": "老师",
    "text": "而这个地方如果封个口，"
  },
  {
    "start": 1894.09,
    "end": 1896.05,
    "speaker": "老师",
    "text": "我马上可以得到，"
  },
  {
    "start": 1896.05,
    "end": 1898.82,
    "speaker": "老师",
    "text": "这是一个。"
  },
  {
    "start": 1898.82,
    "end": 1899.4,
    "speaker": "老师",
    "text": "对了，"
  },
  {
    "start": 1899.62,
    "end": 1902.62,
    "speaker": "老师",
    "text": "这是一个等腰三角形，"
  },
  {
    "start": 1902.62,
    "end": 1904.72,
    "speaker": "老师",
    "text": "它的顶角是四十度。"
  },
  {
    "start": 1905.0,
    "end": 1910.86,
    "speaker": "老师",
    "text": "那么我们很快的可以做出它的它的底角，"
  },
  {
    "start": 1911.59,
    "end": 1916.88,
    "speaker": "老师",
    "text": "等于对它的顶角是四十度。"
  },
  {
    "start": 1917.22,
    "end": 1923.94,
    "speaker": "老师",
    "text": "那么我们很快的可以求出它的底角等于七十度。"
  },
  {
    "start": 1924.02,
    "end": 1929.78,
    "speaker": "老师",
    "text": "而这个时候我们看到在这个三角形OBC当中，"
  },
  {
    "start": 1929.78,
    "end": 1936.07,
    "speaker": "老师",
    "text": "七十度恰好是这个三角形的外角，"
  },
  {
    "start": 1936.07,
    "end": 1936.51,
    "speaker": "老师",
    "text": "对吧？"
  },
  {
    "start": 1936.51,
    "end": 1939.55,
    "speaker": "老师",
    "text": "所以七十减中间的十度，"
  },
  {
    "start": 1939.55,
    "end": 1942.59,
    "speaker": "老师",
    "text": "我们得到角b等于六十度，"
  },
  {
    "start": 1942.59,
    "end": 1944.63,
    "speaker": "老师",
    "text": "你明白了吗？"
  },
  {
    "start": 1944.63,
    "end": 1945.05,
    "speaker": "老师",
    "text": "好，"
  },
  {
    "start": 1945.41,
    "end": 1948.03,
    "speaker": "老师",
    "text": "接下来我们看一道思维，"
  },
  {
    "start": 1948.05,
    "end": 1949.53,
    "speaker": "老师",
    "text": "拓展题请，"
  },
  {
    "start": 1949.71,
    "end": 1950.37,
    "speaker": "老师",
    "text": "大家读题。"
  },
  {
    "start": 1950.37,
    "end": 1950.67,
    "speaker": "老师",
    "text": "好，"
  },
  {
    "start": 1950.67,
    "end": 1952.99,
    "speaker": "老师",
    "text": "我们一起来看这道题。"
  },
  {
    "start": 1953.11,
    "end": 1963.89,
    "speaker": "老师",
    "text": "如图将RT三角形ABC绕点a按顺时针方向旋转，"
  },
  {
    "start": 1963.89,
    "end": 1970.13,
    "speaker": "老师",
    "text": "一定的角度得到三角形ADE点b它的对应点d恰好落在BC边上，"
  },
  {
    "start": 1970.41,
    "end": 1974.19,
    "speaker": "老师",
    "text": "若AC等于根号三角b等于六十度，"
  },
  {
    "start": 1974.19,
    "end": 1992.31,
    "speaker": "老师",
    "text": "则CD的长等于多少？"
  },
  {
    "start": 1992.31,
    "end": 1992.85,
    "speaker": "老师",
    "text": "好，"
  },
  {
    "start": 1992.85,
    "end": 1995.77,
    "speaker": "老师",
    "text": "我们首先来看到这道题。"
  },
  {
    "start": 1995.83,
    "end": 1997.43,
    "speaker": "老师",
    "text": "就题目本身而言，"
  },
  {
    "start": 1997.43,
    "end": 2004.23,
    "speaker": "老师",
    "text": "我们先应该解决的是ACB这个直角三角形的什么。"
  },
  {
    "start": 2004.23,
    "end": 2004.59,
    "speaker": "老师",
    "text": "对，"
  },
  {
    "start": 2004.59,
    "end": 2009.49,
    "speaker": "老师",
    "text": "我们首先来解决这个直角三角形的边长问题。"
  },
  {
    "start": 2009.97,
    "end": 2013.01,
    "speaker": "老师",
    "text": "题目说这个是直角，"
  },
  {
    "start": 2013.01,
    "end": 2014.07,
    "speaker": "老师",
    "text": "这是六十度，"
  },
  {
    "start": 2014.07,
    "end": 2016.67,
    "speaker": "老师",
    "text": "那我第一反应是什么？"
  },
  {
    "start": 2016.95,
    "end": 2017.35,
    "speaker": "老师",
    "text": "哎，"
  },
  {
    "start": 2017.35,
    "end": 2020.44,
    "speaker": "老师",
    "text": "这是多少三十度？"
  },
  {
    "start": 2020.44,
    "end": 2027.19,
    "speaker": "老师",
    "text": "而三十度对三十度所对应的直角边是斜边的一半。"
  },
  {
    "start": 2027.25,
    "end": 2029.11,
    "speaker": "老师",
    "text": "而题目告诉你，"
  },
  {
    "start": 2029.21,
    "end": 2032.93,
    "speaker": "老师",
    "text": "第三边AC的长度等于多少根号三，"
  },
  {
    "start": 2032.93,
    "end": 2035.49,
    "speaker": "老师",
    "text": "所以我们可以通过对了，"
  },
  {
    "start": 2035.49,
    "end": 2039.03,
    "speaker": "老师",
    "text": "我们可以通过勾股定理列方程求解。"
  },
  {
    "start": 2039.71,
    "end": 2044.11,
    "speaker": "老师",
    "text": "如果我们设AB的长度为x CB的长度是它的两倍，"
  },
  {
    "start": 2044.11,
    "end": 2047.49,
    "speaker": "老师",
    "text": "我们可以表示成什么？"
  },
  {
    "start": 2047.49,
    "end": 2050.85,
    "speaker": "老师",
    "text": "二x我们列方程得到什么？"
  },
  {
    "start": 2050.85,
    "end": 2051.17,
    "speaker": "老师",
    "text": "对，"
  },
  {
    "start": 2051.17,
    "end": 2053.51,
    "speaker": "老师",
    "text": "我们可以得到x的平方，"
  },
  {
    "start": 2053.51,
    "end": 2055.39,
    "speaker": "老师",
    "text": "加上根号三的平方，"
  },
  {
    "start": 2055.39,
    "end": 2056.64,
    "speaker": "老师",
    "text": "等于二x平方，"
  },
  {
    "start": 2057.6,
    "end": 2060.45,
    "speaker": "老师",
    "text": "我们是不是可以得到这个方程？"
  },
  {
    "start": 2062.02,
    "end": 2062.48,
    "speaker": "老师",
    "text": "对了，"
  },
  {
    "start": 2062.48,
    "end": 2062.82,
    "speaker": "老师",
    "text": "好，"
  },
  {
    "start": 2062.86,
    "end": 2063.7,
    "speaker": "老师",
    "text": "通过化简，"
  },
  {
    "start": 2063.88,
    "end": 2064.93,
    "speaker": "老师",
    "text": "我们得到x的平方等于一，"
  },
  {
    "start": 2064.7,
    "end": 2064.93,
    "speaker": "老师",
    "text": "而x所对应的值是谁？"
  },
  {
    "start": 2064.7,
    "end": 2064.93,
    "speaker": "老师",
    "text": "是线段AB的长度，"
  },
  {
    "start": 2064.7,
    "end": 2064.93,
    "speaker": "老师",
    "text": "因此x是大于零的，"
  },
  {
    "start": 2064.7,
    "end": 2064.93,
    "speaker": "老师",
    "text": "所以我们x取几对了，"
  },
  {
    "start": 2064.7,
    "end": 2064.93,
    "speaker": "老师",
    "text": "我们x取一好。"
  },
  {
    "start": 2064.7,
    "end": 2064.93,
    "speaker": "老师",
    "text": "那么这个时候我们就解决了一个很大的问题吧。"
  },
  {
    "start": 2064.7,
    "end": 2064.93,
    "speaker": "老师",
    "text": "Ab的长度等于一，"
  },
  {
    "start": 2064.7,
    "end": 2064.93,
    "speaker": "老师",
    "text": "CB的长度等于几等于r好，"
  },
  {
    "start": 2064.7,
    "end": 2064.93,
    "speaker": "老师",
    "text": "这个直角三角形的三条边我怎么样了，"
  },
  {
    "start": 2064.7,
    "end": 2064.93,
    "speaker": "老师",
    "text": "我都求出来了。"
  },
  {
    "start": 2064.7,
    "end": 2064.93,
    "speaker": "老师",
    "text": "好，"
  },
  {
    "start": 2064.7,
    "end": 2064.93,
    "speaker": "老师",
    "text": "紧接着回归原题，"
  },
  {
    "start": 2064.7,
    "end": 2064.93,
    "speaker": "老师",
    "text": "我要求CD的长度。"
  },
  {
    "start": 2064.7,
    "end": 2064.93,
    "speaker": "老师",
    "text": "那我自然考虑到的是用CB的长度，"
  },
  {
    "start": 2064.7,
    "end": 2064.93,
    "speaker": "老师",
    "text": "二减去DB的长度，"
  },
  {
    "start": 2064.7,
    "end": 2064.93,
    "speaker": "老师",
    "text": "从而得到CD的长度。"
  },
  {
    "start": 2064.7,
    "end": 2064.93,
    "speaker": "老师",
    "text": "那DB的长度是多少呢？"
  },
  {
    "start": 2064.7,
    "end": 2064.93,
    "speaker": "老师",
    "text": "我们进一步的考虑旋转题目说什么对题目跟刚才一样，"
  },
  {
    "start": 2064.7,
    "end": 2064.93,
    "speaker": "老师",
    "text": "又说了一个，"
  },
  {
    "start": 2064.7,
    "end": 2064.93,
    "speaker": "老师",
    "text": "这样的话说点b的对应点d恰好落在BC边上。"
  },
  {
    "start": 2064.7,
    "end": 2064.93,
    "speaker": "老师",
    "text": "那我们看到AB和AD是一组什么？"
  },
  {
    "start": 2064.7,
    "end": 2064.93,
    "speaker": "老师",
    "text": "这是一组对应线段，"
  },
  {
    "start": 2064.7,
    "end": 2064.93,
    "speaker": "老师",
    "text": "它们怎么样相等。"
  },
  {
    "start": 2064.7,
    "end": 2064.93,
    "speaker": "老师",
    "text": "而这里又告诉我们角b等于六十度。"
  },
  {
    "start": 2064.7,
    "end": 2064.93,
    "speaker": "老师",
    "text": "如果我们把这里封个口，"
  },
  {
    "start": 2064.7,
    "end": 2064.93,
    "speaker": "老师",
    "text": "三角形ADB恰好就构成了很好构成了等边三角形。"
  },
  {
    "start": 2064.7,
    "end": 2064.93,
    "speaker": "老师",
    "text": "因为我们说过，"
  },
  {
    "start": 2064.7,
    "end": 2064.93,
    "speaker": "老师",
    "text": "有一个内角是六十度的等腰三角形，"
  },
  {
    "start": 2064.7,
    "end": 2064.93,
    "speaker": "老师",
    "text": "我们可以判断出它是等边三角形，"
  },
  {
    "start": 2064.7,
    "end": 2064.93,
    "speaker": "老师",
    "text": "所以我们很快得到这三边怎么样相等。"
  },
  {
    "start": 2064.7,
    "end": 2064.93,
    "speaker": "老师",
    "text": "刚刚我们求出这个边是一，"
  },
  {
    "start": 2064.7,
    "end": 2064.93,
    "speaker": "老师",
    "text": "所以这个边也是一，"
  },
  {
    "start": 2064.7,
    "end": 2064.93,
    "speaker": "老师",
    "text": "因此CD的长度等于二，"
  },
  {
    "start": 2064.7,
    "end": 2064.93,
    "speaker": "老师",
    "text": "减一，"
  },
  {
    "start": 2064.7,
    "end": 2064.93,
    "speaker": "老师",
    "text": "CD等于一，"
  },
  {
    "start": 2064.7,
    "end": 2064.93,
    "speaker": "老师",
    "text": "你明白了吗？"
  },
  {
    "start": 2064.7,
    "end": 2064.93,
    "speaker": "老师",
    "text": "好的，"
  },
  {
    "start": 2064.7,
    "end": 2064.93,
    "speaker": "老师",
    "text": "下面今天的新课上到这里，"
  },
  {
    "start": 2064.7,
    "end": 2064.93,
    "speaker": "老师",
    "text": "我们可以花一点时间进行一个简单的反思。"
  },
  {
    "start": 2064.7,
    "end": 2064.93,
    "speaker": "老师",
    "text": "我们学到了什么？"
  },
  {
    "start": 2064.7,
    "end": 2064.93,
    "speaker": "老师",
    "text": "领悟了什么，"
  },
  {
    "start": 2064.7,
    "end": 2064.93,
    "speaker": "老师",
    "text": "有哪些质疑和发现呢？"
  },
  {
    "start": 2064.7,
    "end": 2064.93,
    "speaker": "老师",
    "text": "好，"
  },
  {
    "start": 2064.7,
    "end": 2064.93,
    "speaker": "老师",
    "text": "在这里老师也给大家准备了一个图形，"
  },
  {
    "start": 2064.7,
    "end": 2064.93,
    "speaker": "老师",
    "text": "来帮助大家归纳总结一下。"
  },
  {
    "start": 2064.7,
    "end": 2064.93,
    "speaker": "老师",
    "text": "我们谈到了图形变换，"
  },
  {
    "start": 2064.7,
    "end": 2064.93,
    "speaker": "老师",
    "text": "包含了翻折平移和旋转。"
  },
  {
    "start": 2064.7,
    "end": 2064.93,
    "speaker": "老师",
    "text": "那么在这里呢，"
  },
  {
    "start": 2064.7,
    "end": 2064.93,
    "speaker": "老师",
    "text": "我们今天这节课主要是学习了旋转的定义和性质。"
  },
  {
    "start": 2064.7,
    "end": 2064.93,
    "speaker": "老师",
    "text": "在定义当中，"
  },
  {
    "start": 2064.7,
    "end": 2064.93,
    "speaker": "老师",
    "text": "我们谈到了非常重要的三要素，"
  },
  {
    "start": 2064.7,
    "end": 2064.93,
    "speaker": "老师",
    "text": "旋转中心，"
  },
  {
    "start": 2064.7,
    "end": 2064.93,
    "speaker": "老师",
    "text": "旋转方向和旋转角。"
  },
  {
    "start": 2064.7,
    "end": 2064.93,
    "speaker": "老师",
    "text": "同样的，"
  },
  {
    "start": 2064.7,
    "end": 2064.93,
    "speaker": "老师",
    "text": "在旋转细质当中，"
  },
  {
    "start": 2064.7,
    "end": 2064.93,
    "speaker": "老师",
    "text": "我们主要谈到了这么几点，"
  },
  {
    "start": 2064.7,
    "end": 2064.93,
    "speaker": "老师",
    "text": "第一，"
  },
  {
    "start": 2064.7,
    "end": 2064.93,
    "speaker": "老师",
    "text": "旋转不改变图形的形状和大小，"
  },
  {
    "start": 2064.7,
    "end": 2064.93,
    "speaker": "老师",
    "text": "因为它是可以得到它是什么全等的。"
  },
  {
    "start": 2064.7,
    "end": 2064.93,
    "speaker": "老师",
    "text": "好，"
  },
  {
    "start": 2064.7,
    "end": 2064.93,
    "speaker": "老师",
    "text": "除此之外，"
  },
  {
    "start": 2064.7,
    "end": 2064.93,
    "speaker": "老师",
    "text": "我们还得到对应点到旋转中心的距离相等任意一组。"
  },
  {
    "start": 2064.7,
    "end": 2064.93,
    "speaker": "老师",
    "text": "对应点与旋转中心的连线所成的角都等于旋转角，"
  },
  {
    "start": 2064.7,
    "end": 2064.93,
    "speaker": "老师",
    "text": "最后对线段相等，"
  },
  {
    "start": 2064.7,
    "end": 2064.93,
    "speaker": "老师",
    "text": "对角相等。"
  },
  {
    "start": 2064.7,
    "end": 2064.93,
    "speaker": "老师",
    "text": "当然图形的变化除了这三种之外，"
  },
  {
    "start": 2064.7,
    "end": 2064.93,
    "speaker": "老师",
    "text": "在九年级的时候我们还会谈到一种到时候我们一起学习哦，"
  },
  {
    "start": 2064.7,
    "end": 2064.93,
    "speaker": "老师",
    "text": "这是今天老师给大家布置的作业。"
  },
  {
    "start": 2064.7,
    "end": 2064.93,
    "speaker": "老师",
    "text": "今天这节课就上到这里，"
  },
  {
    "start": 2064.7,
    "end": 2064.93,
    "speaker": "老师",
    "text": "同学们再见。"
  }
]