[
  {
    "start": 2.36,
    "end": 15.83,
    "speaker": "老师",
    "text": "你说同学们今天我将带领同学们一起学习勾股定理。"
  },
  {
    "start": 15.83,
    "end": 26.4,
    "speaker": "老师",
    "text": "具体证理请看两幅图。"
  },
  {
    "start": 26.4,
    "end": 34.4,
    "speaker": "老师",
    "text": "左边这幅图撑壁华罗根先生建议用于和外星人进行沟通的信息，"
  },
  {
    "start": 34.4,
    "end": 42.64,
    "speaker": "老师",
    "text": "上面的不是二零零二年国际数学家大会的会徽。"
  },
  {
    "start": 42.64,
    "end": 48.43,
    "speaker": "老师",
    "text": "这两幅图案里面包含着哪些数学信息呢？"
  },
  {
    "start": 48.43,
    "end": 49.87,
    "speaker": "老师",
    "text": "通过今天的学习，"
  },
  {
    "start": 49.87,
    "end": 59.28,
    "speaker": "老师",
    "text": "我们将揭示其中的奥秘。"
  },
  {
    "start": 59.38,
    "end": 67.2,
    "speaker": "老师",
    "text": "这个图案就是二零零二国际数学家大会堂会徽。"
  },
  {
    "start": 67.2,
    "end": 68.41,
    "speaker": "老师",
    "text": "相反，"
  },
  {
    "start": 68.49,
    "end": 70.49,
    "speaker": "老师",
    "text": "在两千五百年前，"
  },
  {
    "start": 70.49,
    "end": 75.78,
    "speaker": "老师",
    "text": "第四毕得格拉斯在他朋友家做客的时候，"
  },
  {
    "start": 75.86,
    "end": 82.01,
    "speaker": "老师",
    "text": "发现朋友家地面上的地砖铺设的时候，"
  },
  {
    "start": 82.01,
    "end": 92.38,
    "speaker": "老师",
    "text": "反应呢直角三角形三边的某种数量关系。"
  },
  {
    "start": 92.38,
    "end": 95.57,
    "speaker": "老师",
    "text": "同学们看看你能发现什么？"
  },
  {
    "start": 95.57,
    "end": 102.78,
    "speaker": "老师",
    "text": "这个图案里面主人这个图案的基本图形是什么？"
  },
  {
    "start": 103.4,
    "end": 103.7,
    "speaker": "老师",
    "text": "哎，"
  },
  {
    "start": 103.7,
    "end": 114.37,
    "speaker": "老师",
    "text": "同学发现了他是等腰直角三角形这小的点又吃掉上去。"
  },
  {
    "start": 114.37,
    "end": 118.87,
    "speaker": "老师",
    "text": "那毕达格拉斯发现了什么呢？"
  },
  {
    "start": 118.87,
    "end": 122.05,
    "speaker": "老师",
    "text": "他发现在某一个直角三角形旁边，"
  },
  {
    "start": 122.05,
    "end": 124.84,
    "speaker": "老师",
    "text": "山个边分别有三个正方形，"
  },
  {
    "start": 125.14,
    "end": 125.4,
    "speaker": "老师",
    "text": "哎，"
  },
  {
    "start": 125.4,
    "end": 131.84,
    "speaker": "老师",
    "text": "这三个正方形存在着某一种关系。"
  },
  {
    "start": 132.02,
    "end": 136.17,
    "speaker": "老师",
    "text": "回去帮看看什么关系，"
  },
  {
    "start": 136.17,
    "end": 139.27,
    "speaker": "老师",
    "text": "我把它放大一点。"
  },
  {
    "start": 139.27,
    "end": 143.53,
    "speaker": "老师",
    "text": "Ab两个面积和c的面积什么关系？"
  },
  {
    "start": 143.53,
    "end": 144.41,
    "speaker": "老师",
    "text": "终于发现了呀，"
  },
  {
    "start": 144.41,
    "end": 157.02,
    "speaker": "老师",
    "text": "AB两个小正方形的面积是由都是有两个小的等腰三角形内的拼成呃，"
  },
  {
    "start": 157.02,
    "end": 160.76,
    "speaker": "老师",
    "text": "正方形c的面积是有四块小三角形面积形。"
  },
  {
    "start": 160.76,
    "end": 161.02,
    "speaker": "老师",
    "text": "哎，"
  },
  {
    "start": 161.02,
    "end": 173.79,
    "speaker": "老师",
    "text": "一是避带格罗斯发现正方形c的面积等于正方形a与正方形b两块面积之和。"
  },
  {
    "start": 173.79,
    "end": 174.12,
    "speaker": "老师",
    "text": "哎，"
  },
  {
    "start": 177.59,
    "end": 178.57,
    "speaker": "老师",
    "text": "带个这个关系，"
  },
  {
    "start": 178.57,
    "end": 185.44,
    "speaker": "老师",
    "text": "那等腰直角三角形它三边有怎样的关系呢？"
  },
  {
    "start": 185.46,
    "end": 185.74,
    "speaker": "老师",
    "text": "好，"
  },
  {
    "start": 185.74,
    "end": 187.63,
    "speaker": "老师",
    "text": "我们接着往下探究，"
  },
  {
    "start": 187.63,
    "end": 195.46,
    "speaker": "老师",
    "text": "我们起两个特殊的单调制作删除。"
  },
  {
    "start": 195.46,
    "end": 196.75,
    "speaker": "老师",
    "text": "指甲边是山的，"
  },
  {
    "start": 198.91,
    "end": 202.24,
    "speaker": "老师",
    "text": "直角边是r的两个等腰直角三角形，"
  },
  {
    "start": 204.72,
    "end": 210.86,
    "speaker": "老师",
    "text": "分别在他们三边旁边做出三个正方形。"
  },
  {
    "start": 211.38,
    "end": 215.6,
    "speaker": "老师",
    "text": "我们看看第一个图，"
  },
  {
    "start": 215.6,
    "end": 217.78,
    "speaker": "老师",
    "text": "这三块正方形的面积，"
  },
  {
    "start": 217.78,
    "end": 219.12,
    "speaker": "老师",
    "text": "我们把它求出来，"
  },
  {
    "start": 219.12,
    "end": 222.85,
    "speaker": "老师",
    "text": "关一头机正方形，"
  },
  {
    "start": 222.85,
    "end": 223.17,
    "speaker": "老师",
    "text": "哎，"
  },
  {
    "start": 223.17,
    "end": 225.92,
    "speaker": "老师",
    "text": "还有几个小方格，"
  },
  {
    "start": 225.92,
    "end": 232.91,
    "speaker": "老师",
    "text": "九个那a的面积就是九b正方形面积有几个单位面积呢？"
  },
  {
    "start": 232.91,
    "end": 234.97,
    "speaker": "老师",
    "text": "有几个小方格，"
  },
  {
    "start": 234.97,
    "end": 235.71,
    "speaker": "老师",
    "text": "他也是九个，"
  },
  {
    "start": 238.87,
    "end": 246.79,
    "speaker": "老师",
    "text": "那水正方形的面积是几个摊位面积呢？"
  },
  {
    "start": 247.11,
    "end": 247.53,
    "speaker": "老师",
    "text": "哎，"
  },
  {
    "start": 247.53,
    "end": 252.15,
    "speaker": "老师",
    "text": "同学们一下看不出来。"
  },
  {
    "start": 252.15,
    "end": 252.74,
    "speaker": "老师",
    "text": "没关系，"
  },
  {
    "start": 256.59,
    "end": 264.94,
    "speaker": "老师",
    "text": "我们继续往下看怎么求助这关正方形c的面积呢，"
  },
  {
    "start": 264.94,
    "end": 270.03,
    "speaker": "老师",
    "text": "我们可以把它变着我们斜过的，"
  },
  {
    "start": 270.03,
    "end": 274.21,
    "speaker": "老师",
    "text": "看这割成若干个直角三角形怎么隔，"
  },
  {
    "start": 274.21,
    "end": 281.1,
    "speaker": "老师",
    "text": "会不会这样割成四块小的全等的资质产品，"
  },
  {
    "start": 281.1,
    "end": 287.05,
    "speaker": "老师",
    "text": "这四块都是等腰直角三角形，"
  },
  {
    "start": 287.05,
    "end": 289.9,
    "speaker": "老师",
    "text": "直角边都是三有四块。"
  },
  {
    "start": 289.9,
    "end": 290.24,
    "speaker": "老师",
    "text": "好，"
  },
  {
    "start": 290.24,
    "end": 292.18,
    "speaker": "老师",
    "text": "我们把它计算一下，"
  },
  {
    "start": 294.07,
    "end": 296.17,
    "speaker": "老师",
    "text": "哎，"
  },
  {
    "start": 296.17,
    "end": 300.51,
    "speaker": "老师",
    "text": "得四块二分之一底薪了，"
  },
  {
    "start": 300.51,
    "end": 303.73,
    "speaker": "老师",
    "text": "半乘三结果的意思吧。"
  },
  {
    "start": 303.73,
    "end": 309.21,
    "speaker": "老师",
    "text": "小四分c的面积是一十八，"
  },
  {
    "start": 309.21,
    "end": 310.95,
    "speaker": "老师",
    "text": "这是用割的方法，"
  },
  {
    "start": 310.99,
    "end": 317.25,
    "speaker": "老师",
    "text": "然后还有没有别的办法？"
  },
  {
    "start": 317.25,
    "end": 317.53,
    "speaker": "老师",
    "text": "哎，"
  },
  {
    "start": 317.53,
    "end": 321.76,
    "speaker": "老师",
    "text": "终人说我可以补上大的正方形，"
  },
  {
    "start": 321.76,
    "end": 322.22,
    "speaker": "老师",
    "text": "哎，"
  },
  {
    "start": 322.22,
    "end": 327.34,
    "speaker": "老师",
    "text": "我们会补成这样的，"
  },
  {
    "start": 327.34,
    "end": 329.93,
    "speaker": "老师",
    "text": "有大正方形的面积，"
  },
  {
    "start": 329.93,
    "end": 332.88,
    "speaker": "老师",
    "text": "剪掉四块小三角形的面积，"
  },
  {
    "start": 333.46,
    "end": 337.41,
    "speaker": "老师",
    "text": "那大正方形面积是高是几啊？"
  },
  {
    "start": 337.41,
    "end": 340.67,
    "speaker": "老师",
    "text": "十六减掉四块写三角形的，"
  },
  {
    "start": 340.67,
    "end": 341.77,
    "speaker": "老师",
    "text": "哎，"
  },
  {
    "start": 341.77,
    "end": 343.92,
    "speaker": "老师",
    "text": "我们验算一下六六三十六，"
  },
  {
    "start": 344.84,
    "end": 348.48,
    "speaker": "老师",
    "text": "减掉四乘二分之一乘以三十三。"
  },
  {
    "start": 348.48,
    "end": 348.7,
    "speaker": "老师",
    "text": "哎，"
  },
  {
    "start": 348.7,
    "end": 349.34,
    "speaker": "老师",
    "text": "算着嘞，"
  },
  {
    "start": 349.34,
    "end": 350.68,
    "speaker": "老师",
    "text": "不是吧？"
  },
  {
    "start": 350.68,
    "end": 350.95,
    "speaker": "老师",
    "text": "哎，"
  },
  {
    "start": 352.09,
    "end": 356.94,
    "speaker": "老师",
    "text": "两种用割用骨的方法算的呢，"
  },
  {
    "start": 357.98,
    "end": 358.92,
    "speaker": "老师",
    "text": "都是火开始吧。"
  },
  {
    "start": 358.92,
    "end": 360.75,
    "speaker": "老师",
    "text": "好，"
  },
  {
    "start": 360.75,
    "end": 365.8,
    "speaker": "老师",
    "text": "我们停上来这是同意的。"
  },
  {
    "start": 365.8,
    "end": 370.27,
    "speaker": "老师",
    "text": "再看看图二的这个三个正方形面积，"
  },
  {
    "start": 370.75,
    "end": 374.19,
    "speaker": "老师",
    "text": "我们用同样的方法把它求出来。"
  },
  {
    "start": 375.01,
    "end": 378.03,
    "speaker": "老师",
    "text": "别的面辑有四个小方格，"
  },
  {
    "start": 378.03,
    "end": 383.64,
    "speaker": "老师",
    "text": "所以a的面积是四个单位。"
  },
  {
    "start": 385.22,
    "end": 387.2,
    "speaker": "老师",
    "text": "别的面积呢同样四个啊，"
  },
  {
    "start": 387.84,
    "end": 390.78,
    "speaker": "老师",
    "text": "c的面积看看多少，"
  },
  {
    "start": 391.34,
    "end": 393.02,
    "speaker": "老师",
    "text": "要仿照前面的方法，"
  },
  {
    "start": 393.02,
    "end": 393.44,
    "speaker": "老师",
    "text": "歌词，"
  },
  {
    "start": 393.44,
    "end": 394.95,
    "speaker": "老师",
    "text": "小个三角形，"
  },
  {
    "start": 394.95,
    "end": 395.17,
    "speaker": "老师",
    "text": "哎，"
  },
  {
    "start": 395.17,
    "end": 399.75,
    "speaker": "老师",
    "text": "帮我在前面放吧，"
  },
  {
    "start": 399.75,
    "end": 403.39,
    "speaker": "老师",
    "text": "算一下多少啊，"
  },
  {
    "start": 403.39,
    "end": 406.41,
    "speaker": "老师",
    "text": "有四块这样的小等腰直角三角形面积，"
  },
  {
    "start": 406.41,
    "end": 408.89,
    "speaker": "老师",
    "text": "直角边都上算出来四个，"
  },
  {
    "start": 408.89,
    "end": 413.9,
    "speaker": "老师",
    "text": "这样面积算的是八。"
  },
  {
    "start": 413.9,
    "end": 414.1,
    "speaker": "老师",
    "text": "好，"
  },
  {
    "start": 414.1,
    "end": 421.5,
    "speaker": "老师",
    "text": "于是我们就把这两组六个正方形面积求出来了。"
  },
  {
    "start": 421.5,
    "end": 423.62,
    "speaker": "老师",
    "text": "那图一中图二中，"
  },
  {
    "start": 423.62,
    "end": 429.98,
    "speaker": "老师",
    "text": "它们三块正方形面积，"
  },
  {
    "start": 430.16,
    "end": 434.1,
    "speaker": "老师",
    "text": "这三块正方形面积有怎样的关系？"
  },
  {
    "start": 434.1,
    "end": 438.36,
    "speaker": "老师",
    "text": "那这三条边又有怎样的关系呢？"
  },
  {
    "start": 438.36,
    "end": 443.47,
    "speaker": "老师",
    "text": "等腰直角三角三边之间又于等腰的关系。"
  },
  {
    "start": 443.47,
    "end": 450.12,
    "speaker": "老师",
    "text": "那我们把刚刚得的数据利用统计表记清楚，"
  },
  {
    "start": 450.12,
    "end": 453.98,
    "speaker": "老师",
    "text": "把钓到的数据填上来，"
  },
  {
    "start": 454.51,
    "end": 457.4,
    "speaker": "老师",
    "text": "这是图一的三个面积，"
  },
  {
    "start": 458.4,
    "end": 459.54,
    "speaker": "老师",
    "text": "主要的三个面积，"
  },
  {
    "start": 459.54,
    "end": 466.72,
    "speaker": "老师",
    "text": "我们起个大法好关在下ABC的面积关系a是九，"
  },
  {
    "start": 466.72,
    "end": 467.75,
    "speaker": "老师",
    "text": "b是九，"
  },
  {
    "start": 468.32,
    "end": 469.07,
    "speaker": "老师",
    "text": "CC是八。"
  },
  {
    "start": 470.2,
    "end": 470.46,
    "speaker": "老师",
    "text": "哎，"
  },
  {
    "start": 470.46,
    "end": 476.51,
    "speaker": "老师",
    "text": "AB两块面积跟c的面积什么关系？"
  },
  {
    "start": 476.51,
    "end": 476.89,
    "speaker": "老师",
    "text": "哎，"
  },
  {
    "start": 476.89,
    "end": 478.37,
    "speaker": "老师",
    "text": "同学很聪明，"
  },
  {
    "start": 478.41,
    "end": 484.45,
    "speaker": "老师",
    "text": "AB面积之和等于c的面积非常好，"
  },
  {
    "start": 484.47,
    "end": 495.37,
    "speaker": "老师",
    "text": "得到SA的面积加SB的面积对SC的面积好。"
  },
  {
    "start": 497.37,
    "end": 500.43,
    "speaker": "老师",
    "text": "如果我把它换成边藏呢，"
  },
  {
    "start": 500.43,
    "end": 502.98,
    "speaker": "老师",
    "text": "因为a的面积不一，"
  },
  {
    "start": 502.98,
    "end": 505.08,
    "speaker": "老师",
    "text": "正方形a的边长的平方，"
  },
  {
    "start": 505.1,
    "end": 508.97,
    "speaker": "老师",
    "text": "b的面积也用边段换，"
  },
  {
    "start": 508.97,
    "end": 518.96,
    "speaker": "老师",
    "text": "c的面积也用正方形变段换SA等于a平方SB等于b平方SC."
  },
  {
    "start": 518.96,
    "end": 530.69,
    "speaker": "老师",
    "text": "但是c品上第四就带大换着用全部用边的代替这个a平方加b平方等于c平方。"
  },
  {
    "start": 530.69,
    "end": 537.23,
    "speaker": "老师",
    "text": "也就是说两直角边的平方和带离斜边的平方。"
  },
  {
    "start": 537.23,
    "end": 543.28,
    "speaker": "老师",
    "text": "好在等腰直角三角形中三针的关系ABC,"
  },
  {
    "start": 543.28,
    "end": 552.34,
    "speaker": "老师",
    "text": "我们知道这块CD面积是等于a加b的面积换成边长，"
  },
  {
    "start": 552.34,
    "end": 556.84,
    "speaker": "老师",
    "text": "就是a平方加平方等于c平方。"
  },
  {
    "start": 556.84,
    "end": 563.79,
    "speaker": "老师",
    "text": "记得他两直角边的平方和在于斜边的平方。"
  },
  {
    "start": 563.79,
    "end": 567.19,
    "speaker": "老师",
    "text": "那问题来了，"
  },
  {
    "start": 567.19,
    "end": 571.13,
    "speaker": "老师",
    "text": "在一般的直角三角形中，"
  },
  {
    "start": 571.13,
    "end": 575.12,
    "speaker": "老师",
    "text": "三边是否还有这样的关系呢？"
  },
  {
    "start": 575.24,
    "end": 575.62,
    "speaker": "老师",
    "text": "好，"
  },
  {
    "start": 575.62,
    "end": 579.87,
    "speaker": "老师",
    "text": "我们接着往下看，"
  },
  {
    "start": 579.87,
    "end": 585.95,
    "speaker": "老师",
    "text": "一般直角三角形三边的半系。"
  },
  {
    "start": 585.95,
    "end": 586.31,
    "speaker": "老师",
    "text": "哎，"
  },
  {
    "start": 586.31,
    "end": 589.0,
    "speaker": "老师",
    "text": "我给了两个直角三形，"
  },
  {
    "start": 589.0,
    "end": 592.21,
    "speaker": "老师",
    "text": "两直角边分别是二三，"
  },
  {
    "start": 592.21,
    "end": 596.31,
    "speaker": "老师",
    "text": "另外一个词叫三角形，"
  },
  {
    "start": 596.31,
    "end": 597.9,
    "speaker": "老师",
    "text": "不二的是四和三。"
  },
  {
    "start": 599.38,
    "end": 607.69,
    "speaker": "老师",
    "text": "这样的两个字就算下来关在右边的两幅图完成这个表格，"
  },
  {
    "start": 607.69,
    "end": 615.82,
    "speaker": "老师",
    "text": "我们用统计表来处理这些数据。"
  },
  {
    "start": 615.82,
    "end": 618.09,
    "speaker": "老师",
    "text": "很显然，"
  },
  {
    "start": 618.09,
    "end": 630.69,
    "speaker": "老师",
    "text": "我们可以AB的面积很容易求到图三一看着图三一a的面积是多少？"
  },
  {
    "start": 631.19,
    "end": 642.82,
    "speaker": "老师",
    "text": "不是逼着边进来三十点九几桶在干图二的a的面积多少？"
  },
  {
    "start": 642.82,
    "end": 645.24,
    "speaker": "老师",
    "text": "主卧的a面积，"
  },
  {
    "start": 645.24,
    "end": 651.04,
    "speaker": "老师",
    "text": "四十一十六鼻的面积的姗姗的景啊，"
  },
  {
    "start": 651.04,
    "end": 657.58,
    "speaker": "老师",
    "text": "怎么求出这两个c的面积，"
  },
  {
    "start": 657.58,
    "end": 660.46,
    "speaker": "老师",
    "text": "涂山一中的c面题，"
  },
  {
    "start": 660.46,
    "end": 663.12,
    "speaker": "老师",
    "text": "涂上二度训面怎么求呢？"
  },
  {
    "start": 663.12,
    "end": 668.07,
    "speaker": "老师",
    "text": "我们可以放在刚才的方法，"
  },
  {
    "start": 668.07,
    "end": 671.74,
    "speaker": "老师",
    "text": "我们来举行。"
  },
  {
    "start": 671.96,
    "end": 675.03,
    "speaker": "老师",
    "text": "现在图三二百这个c面积怎么求？"
  },
  {
    "start": 675.45,
    "end": 679.3,
    "speaker": "老师",
    "text": "我们可以仿回前面的方法怎么办？"
  },
  {
    "start": 679.3,
    "end": 684.11,
    "speaker": "老师",
    "text": "采取补的办法，"
  },
  {
    "start": 684.11,
    "end": 685.19,
    "speaker": "老师",
    "text": "补张大的正方形，"
  },
  {
    "start": 685.19,
    "end": 686.88,
    "speaker": "老师",
    "text": "哎，"
  },
  {
    "start": 686.98,
    "end": 698.74,
    "speaker": "老师",
    "text": "这样子用大正方形的面积减掉四块小直这三片这四个面积是全面的。"
  },
  {
    "start": 698.74,
    "end": 704.89,
    "speaker": "老师",
    "text": "看看这边长是几啊七个单，"
  },
  {
    "start": 704.89,
    "end": 706.23,
    "speaker": "老师",
    "text": "这几个单位，"
  },
  {
    "start": 706.23,
    "end": 707.05,
    "speaker": "老师",
    "text": "两个三个单位，"
  },
  {
    "start": 707.05,
    "end": 708.5,
    "speaker": "老师",
    "text": "知道吧？"
  },
  {
    "start": 709.38,
    "end": 711.97,
    "speaker": "老师",
    "text": "四个单。"
  },
  {
    "start": 711.97,
    "end": 712.19,
    "speaker": "老师",
    "text": "好，"
  },
  {
    "start": 712.19,
    "end": 719.2,
    "speaker": "老师",
    "text": "于是我们就可以求助正方形c的面积大用，"
  },
  {
    "start": 719.2,
    "end": 723.49,
    "speaker": "老师",
    "text": "大正方形剪掉四个小直角三角。"
  },
  {
    "start": 723.49,
    "end": 724.7,
    "speaker": "老师",
    "text": "好，"
  },
  {
    "start": 724.7,
    "end": 727.41,
    "speaker": "老师",
    "text": "把它上去，"
  },
  {
    "start": 727.41,
    "end": 732.55,
    "speaker": "老师",
    "text": "七七四十九减掉四倍的二分之一乘以三乘四，"
  },
  {
    "start": 732.55,
    "end": 734.04,
    "speaker": "老师",
    "text": "这回反应。"
  },
  {
    "start": 734.04,
    "end": 737.83,
    "speaker": "老师",
    "text": "二是这是用补的方法。"
  },
  {
    "start": 737.83,
    "end": 740.75,
    "speaker": "老师",
    "text": "同学说老师，"
  },
  {
    "start": 740.75,
    "end": 744.14,
    "speaker": "老师",
    "text": "我能不能哥的方法了，"
  },
  {
    "start": 744.14,
    "end": 750.9,
    "speaker": "老师",
    "text": "刀那口的同学们试试看什么歌？"
  },
  {
    "start": 750.9,
    "end": 755.66,
    "speaker": "老师",
    "text": "把它割成若干个写有三角形，"
  },
  {
    "start": 756.55,
    "end": 762.54,
    "speaker": "老师",
    "text": "也便于我们计算什么歌。"
  },
  {
    "start": 762.54,
    "end": 762.76,
    "speaker": "老师",
    "text": "哎，"
  },
  {
    "start": 762.76,
    "end": 765.94,
    "speaker": "老师",
    "text": "有东西割出来了，"
  },
  {
    "start": 765.94,
    "end": 769.46,
    "speaker": "老师",
    "text": "看看你是不是这样割的。"
  },
  {
    "start": 771.36,
    "end": 772.48,
    "speaker": "老师",
    "text": "合成四块直角三体，"
  },
  {
    "start": 772.48,
    "end": 776.63,
    "speaker": "老师",
    "text": "再加上中间一排小正方形，"
  },
  {
    "start": 776.63,
    "end": 780.49,
    "speaker": "老师",
    "text": "没要把平行积求出来，"
  },
  {
    "start": 780.49,
    "end": 784.02,
    "speaker": "老师",
    "text": "看看这些小三角形的边长，"
  },
  {
    "start": 784.02,
    "end": 786.74,
    "speaker": "老师",
    "text": "这是家伞，"
  },
  {
    "start": 787.5,
    "end": 788.8,
    "speaker": "老师",
    "text": "这个电动是几啊？"
  },
  {
    "start": 788.8,
    "end": 795.99,
    "speaker": "老师",
    "text": "四、然后我们利用这个轻度正方形是一个面积四个三角形，"
  },
  {
    "start": 795.99,
    "end": 798.14,
    "speaker": "老师",
    "text": "加上一个小正方形。"
  },
  {
    "start": 801.22,
    "end": 806.58,
    "speaker": "老师",
    "text": "现在哎我们就通过了割和补的方法，"
  },
  {
    "start": 806.58,
    "end": 809.29,
    "speaker": "老师",
    "text": "都能求到这个面积。"
  },
  {
    "start": 809.29,
    "end": 809.49,
    "speaker": "老师",
    "text": "好，"
  },
  {
    "start": 809.49,
    "end": 816.09,
    "speaker": "老师",
    "text": "我们再看看涂三叶的这个c那个怎么修呢？"
  },
  {
    "start": 816.09,
    "end": 822.05,
    "speaker": "老师",
    "text": "我们也被歌的方法什么歌用什么很快的动作哈，"
  },
  {
    "start": 822.13,
    "end": 824.66,
    "speaker": "老师",
    "text": "歌词仿的刚才的好，"
  },
  {
    "start": 825.22,
    "end": 827.81,
    "speaker": "老师",
    "text": "这东西搁出来了，"
  },
  {
    "start": 827.81,
    "end": 830.19,
    "speaker": "老师",
    "text": "看看是不这样的。"
  },
  {
    "start": 830.31,
    "end": 830.79,
    "speaker": "老师",
    "text": "哎，"
  },
  {
    "start": 830.79,
    "end": 841.37,
    "speaker": "老师",
    "text": "得到三四个小三角形加上一个小正方形。"
  },
  {
    "start": 841.37,
    "end": 841.73,
    "speaker": "老师",
    "text": "好，"
  },
  {
    "start": 841.91,
    "end": 854.61,
    "speaker": "老师",
    "text": "我们把它计算一下这个变量三这个边量是r这个边是r两个有四块小直角三角形，"
  },
  {
    "start": 854.61,
    "end": 860.34,
    "speaker": "老师",
    "text": "加上一个小正方形，"
  },
  {
    "start": 860.34,
    "end": 863.61,
    "speaker": "老师",
    "text": "把它上过来下过来。"
  },
  {
    "start": 863.61,
    "end": 868.1,
    "speaker": "老师",
    "text": "这样我们就把这两个九正方形c的面积算出来，"
  },
  {
    "start": 869.75,
    "end": 875.73,
    "speaker": "老师",
    "text": "两把钻的接口放到统计图里面，"
  },
  {
    "start": 875.73,
    "end": 880.11,
    "speaker": "老师",
    "text": "利用统计图进行处理。"
  },
  {
    "start": 880.11,
    "end": 883.65,
    "speaker": "老师",
    "text": "这个三十五这个是一直饭，"
  },
  {
    "start": 884.12,
    "end": 885.28,
    "speaker": "老师",
    "text": "根据表中的数据，"
  },
  {
    "start": 885.28,
    "end": 889.84,
    "speaker": "老师",
    "text": "你得到什么别的面就是b这边是几c这面就是一十三图，"
  },
  {
    "start": 889.84,
    "end": 893.01,
    "speaker": "老师",
    "text": "八一十六九八十五。"
  },
  {
    "start": 893.01,
    "end": 896.4,
    "speaker": "老师",
    "text": "潘神龟八都是非常聪明，"
  },
  {
    "start": 896.4,
    "end": 907.36,
    "speaker": "老师",
    "text": "仍然是a面积加b面积等于c面积四加九等于三。"
  },
  {
    "start": 907.36,
    "end": 916.33,
    "speaker": "老师",
    "text": "第十六加清楚怎样去这个聪明仍然得到它面积有SA加c等于SC,"
  },
  {
    "start": 916.61,
    "end": 918.19,
    "speaker": "老师",
    "text": "我们把它换成边的，"
  },
  {
    "start": 918.19,
    "end": 922.91,
    "speaker": "老师",
    "text": "用边的表示呢，"
  },
  {
    "start": 922.97,
    "end": 933.17,
    "speaker": "老师",
    "text": "那就是a平方加b立方再于c立方比一般的直角三题仍然有这个关系。"
  },
  {
    "start": 933.17,
    "end": 938.94,
    "speaker": "老师",
    "text": "数两条直角边平方电于斜边，"
  },
  {
    "start": 938.94,
    "end": 941.0,
    "speaker": "老师",
    "text": "妈逼另一个直角三形，"
  },
  {
    "start": 941.0,
    "end": 950.4,
    "speaker": "老师",
    "text": "你能用直角三角形的两条直角边AB和斜边c表示它们的面积吗？"
  },
  {
    "start": 950.4,
    "end": 950.6,
    "speaker": "老师",
    "text": "好，"
  },
  {
    "start": 950.6,
    "end": 967.29,
    "speaker": "老师",
    "text": "我们看一下a的面积等于a平方比例面积SB等于b平方c的面积SC等于c的平方。"
  },
  {
    "start": 967.29,
    "end": 971.69,
    "speaker": "老师",
    "text": "我们用边长表达的面积啊哎，"
  },
  {
    "start": 971.69,
    "end": 978.7,
    "speaker": "老师",
    "text": "我们知道正方形c的面积是等于正方形，"
  },
  {
    "start": 978.7,
    "end": 981.62,
    "speaker": "老师",
    "text": "a面积加上正方形b的面积，"
  },
  {
    "start": 981.62,
    "end": 984.24,
    "speaker": "老师",
    "text": "我们用边程代替面积，"
  },
  {
    "start": 984.34,
    "end": 990.43,
    "speaker": "老师",
    "text": "以此我们得到他们三边之间的关系。"
  },
  {
    "start": 990.43,
    "end": 992.97,
    "speaker": "老师",
    "text": "Ab风加BB风。"
  },
  {
    "start": 993.25,
    "end": 995.16,
    "speaker": "老师",
    "text": "对，"
  },
  {
    "start": 995.16,
    "end": 998.4,
    "speaker": "老师",
    "text": "谢谢。"
  },
  {
    "start": 998.4,
    "end": 1005.64,
    "speaker": "老师",
    "text": "刚才我们用的是具体的数字，"
  },
  {
    "start": 1005.66,
    "end": 1011.93,
    "speaker": "老师",
    "text": "那是不是对所有的十九三零都存在这个规律呢？"
  },
  {
    "start": 1011.93,
    "end": 1017.47,
    "speaker": "老师",
    "text": "也是我们这做一个猜想，"
  },
  {
    "start": 1017.47,
    "end": 1024.96,
    "speaker": "老师",
    "text": "直角三角形两条直角边的平方和带银斜边。"
  },
  {
    "start": 1024.96,
    "end": 1028.89,
    "speaker": "老师",
    "text": "那这个蔡熊对不对了？"
  },
  {
    "start": 1030.51,
    "end": 1030.89,
    "speaker": "老师",
    "text": "唉，"
  },
  {
    "start": 1030.89,
    "end": 1037.32,
    "speaker": "老师",
    "text": "我们把这个三小看命题，"
  },
  {
    "start": 1037.32,
    "end": 1040.52,
    "speaker": "老师",
    "text": "这个命题是否正确呢？"
  },
  {
    "start": 1040.58,
    "end": 1053.55,
    "speaker": "老师",
    "text": "如果直角三角形两条直角边分别是a和b斜边为c那么a平方加b平方等于c平方，"
  },
  {
    "start": 1053.55,
    "end": 1057.19,
    "speaker": "老师",
    "text": "这个猜想对还是不对，"
  },
  {
    "start": 1057.19,
    "end": 1062.58,
    "speaker": "老师",
    "text": "如何证明这个拆桥呢？"
  },
  {
    "start": 1063.08,
    "end": 1063.52,
    "speaker": "老师",
    "text": "好，"
  },
  {
    "start": 1063.52,
    "end": 1067.15,
    "speaker": "老师",
    "text": "我们看看古代数学家是怎么处理这个问题。"
  },
  {
    "start": 1067.19,
    "end": 1072.14,
    "speaker": "老师",
    "text": "这个图是三世纪我国汉代奏爽在注解，"
  },
  {
    "start": 1072.14,
    "end": 1081.55,
    "speaker": "老师",
    "text": "朱必算经时给出的人们称它为奏爽玄图。"
  },
  {
    "start": 1083.64,
    "end": 1092.71,
    "speaker": "老师",
    "text": "其中每一个三角形称为每一个直角三角形称为周石，"
  },
  {
    "start": 1092.71,
    "end": 1095.69,
    "speaker": "老师",
    "text": "中间的正方形称为黄石，"
  },
  {
    "start": 1095.69,
    "end": 1101.71,
    "speaker": "老师",
    "text": "以弦为边的大正方形叫弦石。"
  },
  {
    "start": 1101.71,
    "end": 1104.06,
    "speaker": "老师",
    "text": "我们以ABC分别表示，"
  },
  {
    "start": 1104.06,
    "end": 1107.5,
    "speaker": "老师",
    "text": "勾股线三点b看看赵爽举出个证。"
  },
  {
    "start": 1107.5,
    "end": 1111.01,
    "speaker": "老师",
    "text": "如图给出了边长，"
  },
  {
    "start": 1111.01,
    "end": 1115.16,
    "speaker": "老师",
    "text": "分别是a口b的两个正方形，"
  },
  {
    "start": 1115.16,
    "end": 1118.49,
    "speaker": "老师",
    "text": "显得这两块面积是a平方加平方。"
  },
  {
    "start": 1118.49,
    "end": 1124.01,
    "speaker": "老师",
    "text": "他对这个图进行了一个分割，"
  },
  {
    "start": 1124.01,
    "end": 1131.04,
    "speaker": "老师",
    "text": "在这上面其段等于a哪个分割成一个直角商品，"
  },
  {
    "start": 1131.04,
    "end": 1133.43,
    "speaker": "老师",
    "text": "再分两个词就申请再连接，"
  },
  {
    "start": 1133.43,
    "end": 1133.79,
    "speaker": "老师",
    "text": "再会。"
  },
  {
    "start": 1133.79,
    "end": 1136.51,
    "speaker": "老师",
    "text": "一是把两个正方形分着呢，"
  },
  {
    "start": 1136.51,
    "end": 1152.45,
    "speaker": "老师",
    "text": "四个直角三边形靠这一块小正方形不是帮我看看这个边是多少是b为什么是b呢？"
  },
  {
    "start": 1152.45,
    "end": 1167.81,
    "speaker": "老师",
    "text": "我们整个这个边是a加b剪掉这个所以视频这上面是b减a这也是b减a所以上面是一个小正方形。"
  },
  {
    "start": 1167.81,
    "end": 1171.99,
    "speaker": "老师",
    "text": "好，"
  },
  {
    "start": 1171.99,
    "end": 1173.07,
    "speaker": "老师",
    "text": "我们把这里哒哒哒，"
  },
  {
    "start": 1173.07,
    "end": 1182.82,
    "speaker": "老师",
    "text": "四个直角三角形可异怪小正方形进行一个重新组合。"
  },
  {
    "start": 1182.82,
    "end": 1183.7,
    "speaker": "老师",
    "text": "这两关不动，"
  },
  {
    "start": 1183.7,
    "end": 1188.99,
    "speaker": "老师",
    "text": "把这块和这块翻过去中间的正方形填过去哎，"
  },
  {
    "start": 1188.99,
    "end": 1191.66,
    "speaker": "老师",
    "text": "就得到一个新的正方形。"
  },
  {
    "start": 1191.66,
    "end": 1192.06,
    "speaker": "老师",
    "text": "哎，"
  },
  {
    "start": 1192.06,
    "end": 1193.66,
    "speaker": "老师",
    "text": "这个正方形的边长是多少？"
  },
  {
    "start": 1194.55,
    "end": 1201.16,
    "speaker": "老师",
    "text": "开始c右边这个新的正方形电脑是c那么它的面积是多少呢？"
  },
  {
    "start": 1201.16,
    "end": 1202.98,
    "speaker": "老师",
    "text": "C平方哎，"
  },
  {
    "start": 1202.98,
    "end": 1208.54,
    "speaker": "老师",
    "text": "这两位面积是兄弟组合，"
  },
  {
    "start": 1208.54,
    "end": 1211.46,
    "speaker": "老师",
    "text": "过去年级大学是一样的。"
  },
  {
    "start": 1212.85,
    "end": 1217.93,
    "speaker": "老师",
    "text": "那通过面力相等就会得到一个这明方法。"
  },
  {
    "start": 1217.93,
    "end": 1219.03,
    "speaker": "老师",
    "text": "我们看证明，"
  },
  {
    "start": 1219.03,
    "end": 1223.01,
    "speaker": "老师",
    "text": "因为左边是等a平方加b平方，"
  },
  {
    "start": 1223.01,
    "end": 1227.6,
    "speaker": "老师",
    "text": "二次走二c右边是等于c平方。"
  },
  {
    "start": 1227.6,
    "end": 1232.24,
    "speaker": "老师",
    "text": "因为左边的面积等于右边的面积，"
  },
  {
    "start": 1232.24,
    "end": 1234.22,
    "speaker": "老师",
    "text": "它是左等腰是右，"
  },
  {
    "start": 1234.22,
    "end": 1241.74,
    "speaker": "老师",
    "text": "所以再到a平方加b平方就等于c平。"
  },
  {
    "start": 1241.74,
    "end": 1244.04,
    "speaker": "老师",
    "text": "非常简洁的证明呢，"
  },
  {
    "start": 1244.04,
    "end": 1250.71,
    "speaker": "老师",
    "text": "直角三角形两条直角边的平方根business,"
  },
  {
    "start": 1250.71,
    "end": 1251.61,
    "speaker": "老师",
    "text": "谢谢点亮。"
  },
  {
    "start": 1251.61,
    "end": 1258.6,
    "speaker": "老师",
    "text": "其实我们用赵爽弦图也可以证明，"
  },
  {
    "start": 1261.16,
    "end": 1262.38,
    "speaker": "老师",
    "text": "我们就用右边图，"
  },
  {
    "start": 1262.38,
    "end": 1268.93,
    "speaker": "老师",
    "text": "也可以证明这个我们继续干。"
  },
  {
    "start": 1268.93,
    "end": 1276.19,
    "speaker": "老师",
    "text": "利用赵爽弦读给出的例入证明方法。"
  },
  {
    "start": 1276.19,
    "end": 1279.16,
    "speaker": "老师",
    "text": "你有没有想想什么怎么做，"
  },
  {
    "start": 1283.73,
    "end": 1284.05,
    "speaker": "老师",
    "text": "哎，"
  },
  {
    "start": 1284.05,
    "end": 1289.97,
    "speaker": "老师",
    "text": "就用这个图来证明思考一下怎么处理。"
  },
  {
    "start": 1289.97,
    "end": 1290.21,
    "speaker": "老师",
    "text": "哎，"
  },
  {
    "start": 1290.21,
    "end": 1291.59,
    "speaker": "老师",
    "text": "我们可以看人是这个图，"
  },
  {
    "start": 1295.93,
    "end": 1300.92,
    "speaker": "老师",
    "text": "是由四个直角三角形加上一个正方形，"
  },
  {
    "start": 1300.92,
    "end": 1302.34,
    "speaker": "老师",
    "text": "加个小正方形，"
  },
  {
    "start": 1302.34,
    "end": 1305.02,
    "speaker": "老师",
    "text": "大正方形的面积等于四块，"
  },
  {
    "start": 1305.02,
    "end": 1308.1,
    "speaker": "老师",
    "text": "小三角形加上一个小正方形。"
  },
  {
    "start": 1308.1,
    "end": 1308.32,
    "speaker": "老师",
    "text": "哎，"
  },
  {
    "start": 1308.32,
    "end": 1317.05,
    "speaker": "老师",
    "text": "我们知道小镇东西的编长是谁啊？"
  },
  {
    "start": 1317.05,
    "end": 1317.73,
    "speaker": "老师",
    "text": "是b减掉a好，"
  },
  {
    "start": 1317.73,
    "end": 1324.48,
    "speaker": "老师",
    "text": "我们就可以得到一种方法证明真放心。"
  },
  {
    "start": 1324.48,
    "end": 1326.32,
    "speaker": "老师",
    "text": "面积c平方是等于小正方形，"
  },
  {
    "start": 1326.32,
    "end": 1333.14,
    "speaker": "老师",
    "text": "面积加上四块三角形的，"
  },
  {
    "start": 1333.32,
    "end": 1336.11,
    "speaker": "老师",
    "text": "同学们把它验射一下，"
  },
  {
    "start": 1336.11,
    "end": 1337.78,
    "speaker": "老师",
    "text": "哎，"
  },
  {
    "start": 1337.78,
    "end": 1341.18,
    "speaker": "老师",
    "text": "发现它等于a平方加b平，"
  },
  {
    "start": 1341.18,
    "end": 1342.52,
    "speaker": "老师",
    "text": "所以也钓到两条，"
  },
  {
    "start": 1342.52,
    "end": 1345.96,
    "speaker": "老师",
    "text": "直角边的平方和仍然是等于斜边的。"
  },
  {
    "start": 1345.96,
    "end": 1346.84,
    "speaker": "老师",
    "text": "哎，"
  },
  {
    "start": 1347.26,
    "end": 1354.08,
    "speaker": "老师",
    "text": "这是走上先途的这是这明方法。"
  },
  {
    "start": 1354.08,
    "end": 1360.85,
    "speaker": "老师",
    "text": "他实际上使用的是把大字方形分割呢，"
  },
  {
    "start": 1360.85,
    "end": 1363.37,
    "speaker": "老师",
    "text": "来同学们试试看动作试一下吧。"
  },
  {
    "start": 1363.37,
    "end": 1369.77,
    "speaker": "老师",
    "text": "两百六十用其他的方法也能证明呢。"
  },
  {
    "start": 1369.77,
    "end": 1374.75,
    "speaker": "老师",
    "text": "高哥是用的歌的方法，"
  },
  {
    "start": 1374.75,
    "end": 1383.32,
    "speaker": "老师",
    "text": "他突么想到我能不有补的方法来试试看补钱，"
  },
  {
    "start": 1383.32,
    "end": 1384.9,
    "speaker": "老师",
    "text": "把它整到四千块，"
  },
  {
    "start": 1384.9,
    "end": 1386.54,
    "speaker": "老师",
    "text": "怎么补呢？"
  },
  {
    "start": 1386.64,
    "end": 1387.1,
    "speaker": "老师",
    "text": "好，"
  },
  {
    "start": 1387.14,
    "end": 1390.43,
    "speaker": "老师",
    "text": "这游戏就补出来了，"
  },
  {
    "start": 1390.43,
    "end": 1392.98,
    "speaker": "老师",
    "text": "是不是这样？"
  },
  {
    "start": 1393.0,
    "end": 1397.72,
    "speaker": "老师",
    "text": "不带这个电能是多少？"
  },
  {
    "start": 1397.72,
    "end": 1400.64,
    "speaker": "老师",
    "text": "这个是b这c显然是a家庭，"
  },
  {
    "start": 1400.84,
    "end": 1403.96,
    "speaker": "老师",
    "text": "这是一个大的正方形式。"
  },
  {
    "start": 1403.96,
    "end": 1413.85,
    "speaker": "老师",
    "text": "这一家居这四个全等的直角三角形，"
  },
  {
    "start": 1413.85,
    "end": 1427.04,
    "speaker": "老师",
    "text": "这是b这是a两这边一定要边是a一定要边是b那这个正方形的面积，"
  },
  {
    "start": 1427.04,
    "end": 1431.71,
    "speaker": "老师",
    "text": "绿色正方形面积显然是等于大正方形的面积，"
  },
  {
    "start": 1431.87,
    "end": 1434.09,
    "speaker": "老师",
    "text": "减掉外面四个红色的面积，"
  },
  {
    "start": 1434.09,
    "end": 1436.15,
    "speaker": "老师",
    "text": "减掉四块是有正方形的，"
  },
  {
    "start": 1436.17,
    "end": 1439.36,
    "speaker": "老师",
    "text": "是有三角形的面积。"
  },
  {
    "start": 1439.36,
    "end": 1443.31,
    "speaker": "老师",
    "text": "让我们看看这里这个正方形的面积，"
  },
  {
    "start": 1443.31,
    "end": 1446.85,
    "speaker": "老师",
    "text": "c平方等于大正方形的面积减掉四百，"
  },
  {
    "start": 1447.13,
    "end": 1449.19,
    "speaker": "老师",
    "text": "需有三个训练积。"
  },
  {
    "start": 1449.19,
    "end": 1449.43,
    "speaker": "老师",
    "text": "好，"
  },
  {
    "start": 1449.43,
    "end": 1451.85,
    "speaker": "老师",
    "text": "我们把它运算一下。"
  },
  {
    "start": 1451.87,
    "end": 1452.35,
    "speaker": "老师",
    "text": "好，"
  },
  {
    "start": 1452.35,
    "end": 1454.36,
    "speaker": "老师",
    "text": "就经算对了，"
  },
  {
    "start": 1454.36,
    "end": 1461.28,
    "speaker": "老师",
    "text": "展开以后合并再到a平方加b平方，"
  },
  {
    "start": 1461.28,
    "end": 1468.13,
    "speaker": "老师",
    "text": "所以这直角扇形仍然是a平方加b平方等于c平方，"
  },
  {
    "start": 1468.13,
    "end": 1475.05,
    "speaker": "老师",
    "text": "两条直角边的平方和等于斜边的平方。"
  },
  {
    "start": 1475.05,
    "end": 1475.59,
    "speaker": "老师",
    "text": "哎，"
  },
  {
    "start": 1475.59,
    "end": 1476.63,
    "speaker": "老师",
    "text": "通过证明哎，"
  },
  {
    "start": 1476.63,
    "end": 1478.91,
    "speaker": "老师",
    "text": "这个秘密是正确的，"
  },
  {
    "start": 1478.91,
    "end": 1482.4,
    "speaker": "老师",
    "text": "真的有这个界果，"
  },
  {
    "start": 1482.48,
    "end": 1487.6,
    "speaker": "老师",
    "text": "我们把这个命题对我们证明是正确的。"
  },
  {
    "start": 1487.68,
    "end": 1491.87,
    "speaker": "老师",
    "text": "我们把这个命题呢叫做勾股定理。"
  },
  {
    "start": 1491.87,
    "end": 1496.05,
    "speaker": "老师",
    "text": "如果直角三角形两条直角边分别是AB,"
  },
  {
    "start": 1496.05,
    "end": 1501.19,
    "speaker": "老师",
    "text": "斜边为c那么a平方加b平方就会等于c平方，"
  },
  {
    "start": 1501.19,
    "end": 1512.64,
    "speaker": "老师",
    "text": "即直角三角形的两直角边的平方格等于斜边的平方。"
  },
  {
    "start": 1512.64,
    "end": 1514.92,
    "speaker": "老师",
    "text": "在我国叫勾股定理，"
  },
  {
    "start": 1514.98,
    "end": 1518.68,
    "speaker": "老师",
    "text": "在西方呢就叫做毕达格拉斯，"
  },
  {
    "start": 1518.68,
    "end": 1523.01,
    "speaker": "老师",
    "text": "用我们数学语言表达，"
  },
  {
    "start": 1523.21,
    "end": 1526.59,
    "speaker": "老师",
    "text": "若RT三角形ABC中角c是九十度，"
  },
  {
    "start": 1526.59,
    "end": 1530.8,
    "speaker": "老师",
    "text": "则AB方加BB方等于c的平。"
  },
  {
    "start": 1532.29,
    "end": 1533.35,
    "speaker": "老师",
    "text": "我们深度熟，"
  },
  {
    "start": 1533.35,
    "end": 1534.59,
    "speaker": "老师",
    "text": "这个是沟，"
  },
  {
    "start": 1534.59,
    "end": 1536.24,
    "speaker": "老师",
    "text": "这是这只蟹。"
  },
  {
    "start": 1537.33,
    "end": 1539.61,
    "speaker": "老师",
    "text": "我们也可以这样讲，"
  },
  {
    "start": 1539.69,
    "end": 1542.51,
    "speaker": "老师",
    "text": "高平方加古平方等于弦输赢。"
  },
  {
    "start": 1542.51,
    "end": 1565.75,
    "speaker": "老师",
    "text": "这个图案为什么会像在二零零二年数学国际数学大会的会徽呢？"
  },
  {
    "start": 1565.75,
    "end": 1572.86,
    "speaker": "老师",
    "text": "因为它们里面包含了非常丰富的数学信息，"
  },
  {
    "start": 1572.86,
    "end": 1574.4,
    "speaker": "老师",
    "text": "其中具有勾股定理症。"
  },
  {
    "start": 1574.64,
    "end": 1582.0,
    "speaker": "老师",
    "text": "那这个奏损衔途表现了我国古代数学家对数学的钻研精神。"
  },
  {
    "start": 1582.0,
    "end": 1583.9,
    "speaker": "老师",
    "text": "他是我国古代数学的骄傲。"
  },
  {
    "start": 1583.9,
    "end": 1590.64,
    "speaker": "老师",
    "text": "因此这个图案被选为二零零二年在北京召开的国际数学家大会。"
  },
  {
    "start": 1590.8,
    "end": 1595.16,
    "speaker": "老师",
    "text": "这也是我们国家数学的骄傲。"
  },
  {
    "start": 1595.16,
    "end": 1601.71,
    "speaker": "老师",
    "text": "其实在对勾股定理探索过程之候，"
  },
  {
    "start": 1601.71,
    "end": 1611.73,
    "speaker": "老师",
    "text": "除了数学家在进行这里很多业余爱好者啊也参与了勾股定域人争。"
  },
  {
    "start": 1611.73,
    "end": 1618.2,
    "speaker": "老师",
    "text": "其中美国第二十任总理加菲尔德也参与了这个活动。"
  },
  {
    "start": 1618.2,
    "end": 1623.73,
    "speaker": "老师",
    "text": "他呢在数学上面野地勾股定理信息资品，"
  },
  {
    "start": 1625.02,
    "end": 1631.38,
    "speaker": "老师",
    "text": "看看加菲尔德在数学史上的证明被传用佳话。"
  },
  {
    "start": 1631.42,
    "end": 1635.04,
    "speaker": "老师",
    "text": "人们为了纪念他的勾股定理，"
  },
  {
    "start": 1635.04,
    "end": 1639.92,
    "speaker": "老师",
    "text": "直观、简洁易懂明了的证明，"
  },
  {
    "start": 1639.92,
    "end": 1646.23,
    "speaker": "老师",
    "text": "就把他的这一政法称为总统政法。"
  },
  {
    "start": 1646.23,
    "end": 1646.98,
    "speaker": "老师",
    "text": "啊，"
  },
  {
    "start": 1648.69,
    "end": 1654.9,
    "speaker": "老师",
    "text": "中医的同学你能证明吗？"
  },
  {
    "start": 1654.9,
    "end": 1655.92,
    "speaker": "老师",
    "text": "看他随便读，"
  },
  {
    "start": 1655.92,
    "end": 1661.43,
    "speaker": "老师",
    "text": "他利用了三角形拼出来的这个图，"
  },
  {
    "start": 1661.43,
    "end": 1663.89,
    "speaker": "老师",
    "text": "里面有两个全等的直角三角形，"
  },
  {
    "start": 1663.89,
    "end": 1666.91,
    "speaker": "老师",
    "text": "加上中间一个三角形CD."
  },
  {
    "start": 1666.91,
    "end": 1671.14,
    "speaker": "老师",
    "text": "同学们仔细看看他拼成什么图形了啊，"
  },
  {
    "start": 1671.14,
    "end": 1679.34,
    "speaker": "老师",
    "text": "我终于发现它拼出了一个直角梯形，"
  },
  {
    "start": 1679.44,
    "end": 1681.9,
    "speaker": "老师",
    "text": "听这个梯形啊，"
  },
  {
    "start": 1681.9,
    "end": 1684.02,
    "speaker": "老师",
    "text": "哎梯形的上底是几啊？"
  },
  {
    "start": 1684.02,
    "end": 1687.72,
    "speaker": "老师",
    "text": "A下底呢底高是多少？"
  },
  {
    "start": 1687.72,
    "end": 1689.62,
    "speaker": "老师",
    "text": "这些价值非常充足。"
  },
  {
    "start": 1689.64,
    "end": 1690.94,
    "speaker": "老师",
    "text": "来给我们试试看，"
  },
  {
    "start": 1690.94,
    "end": 1695.52,
    "speaker": "老师",
    "text": "你能不能利用这个东西也证明这下勾不定义。"
  },
  {
    "start": 1695.52,
    "end": 1703.75,
    "speaker": "老师",
    "text": "我们注意到这里面一体全等三角形，"
  },
  {
    "start": 1703.75,
    "end": 1707.83,
    "speaker": "老师",
    "text": "这个我觉得相等这个角加搭是九十度，"
  },
  {
    "start": 1707.83,
    "end": 1711.03,
    "speaker": "老师",
    "text": "因此这两个角加起来就是九十度。"
  },
  {
    "start": 1711.03,
    "end": 1717.31,
    "speaker": "老师",
    "text": "所以中间那个三角形是一个什么三角形呢？"
  },
  {
    "start": 1717.37,
    "end": 1720.63,
    "speaker": "老师",
    "text": "是一个哎等腰直角三角形，"
  },
  {
    "start": 1720.63,
    "end": 1722.89,
    "speaker": "老师",
    "text": "它不光是等腰，"
  },
  {
    "start": 1722.89,
    "end": 1723.42,
    "speaker": "老师",
    "text": "它是直角，"
  },
  {
    "start": 1724.38,
    "end": 1725.16,
    "speaker": "老师",
    "text": "这是直角，"
  },
  {
    "start": 1725.16,
    "end": 1727.68,
    "speaker": "老师",
    "text": "它是等腰直角三角形。"
  },
  {
    "start": 1727.68,
    "end": 1733.27,
    "speaker": "老师",
    "text": "所以这个梯形里面隐藏了三个直角三角，"
  },
  {
    "start": 1733.27,
    "end": 1736.29,
    "speaker": "老师",
    "text": "中间一块等腰直角三角形，"
  },
  {
    "start": 1736.51,
    "end": 1737.77,
    "speaker": "老师",
    "text": "旁边两块直角三角。"
  },
  {
    "start": 1737.77,
    "end": 1738.13,
    "speaker": "老师",
    "text": "好，"
  },
  {
    "start": 1739.42,
    "end": 1748.44,
    "speaker": "老师",
    "text": "那利用梯形的面积我们就能解决的问题。"
  },
  {
    "start": 1748.44,
    "end": 1749.66,
    "speaker": "老师",
    "text": "好，"
  },
  {
    "start": 1749.66,
    "end": 1752.34,
    "speaker": "老师",
    "text": "相信下面东西已经做出来了。"
  },
  {
    "start": 1752.34,
    "end": 1755.48,
    "speaker": "老师",
    "text": "梯形的面积是等于三块面积相加，"
  },
  {
    "start": 1755.48,
    "end": 1762.82,
    "speaker": "老师",
    "text": "三三块三角形面积相加和梯形的面积公式记得吧？"
  },
  {
    "start": 1762.82,
    "end": 1766.6,
    "speaker": "老师",
    "text": "提醒一下同学们是声音，"
  },
  {
    "start": 1766.6,
    "end": 1767.05,
    "speaker": "老师",
    "text": "哎，"
  },
  {
    "start": 1767.72,
    "end": 1772.0,
    "speaker": "老师",
    "text": "上底加下底成绩高除以二，"
  },
  {
    "start": 1773.59,
    "end": 1777.99,
    "speaker": "老师",
    "text": "就是二分之一的上底加下底乘以个差不多。"
  },
  {
    "start": 1777.99,
    "end": 1782.26,
    "speaker": "老师",
    "text": "我们看看总共的正常s梯形等于s三角形ADE,"
  },
  {
    "start": 1782.26,
    "end": 1783.84,
    "speaker": "老师",
    "text": "加上s三角形DCE,"
  },
  {
    "start": 1791.07,
    "end": 1792.39,
    "speaker": "老师",
    "text": "加上s三角形DCE,"
  },
  {
    "start": 1792.39,
    "end": 1802.67,
    "speaker": "老师",
    "text": "网吧数字带进来梯形面积等于二分之一的上底加下底成绩。"
  },
  {
    "start": 1802.67,
    "end": 1819.0,
    "speaker": "老师",
    "text": "高一家庭由于这两块面积是相等的这两个相等面积可以写成两倍的二分之一a乘以b再加上中间那块二分之一，"
  },
  {
    "start": 1819.0,
    "end": 1820.88,
    "speaker": "老师",
    "text": "c屏反了，"
  },
  {
    "start": 1820.88,
    "end": 1822.36,
    "speaker": "老师",
    "text": "把它发剪一下，"
  },
  {
    "start": 1822.36,
    "end": 1824.02,
    "speaker": "老师",
    "text": "表面增压再把左边展开，"
  },
  {
    "start": 1824.02,
    "end": 1828.83,
    "speaker": "老师",
    "text": "以此得大a平方加b平方等于c平方，"
  },
  {
    "start": 1828.83,
    "end": 1829.37,
    "speaker": "老师",
    "text": "非常简洁，"
  },
  {
    "start": 1829.37,
    "end": 1832.22,
    "speaker": "老师",
    "text": "这是种统的真相，"
  },
  {
    "start": 1832.22,
    "end": 1838.13,
    "speaker": "老师",
    "text": "同学们也可以自己探索一种自己的证明方法。"
  },
  {
    "start": 1838.13,
    "end": 1841.3,
    "speaker": "老师",
    "text": "勾股定的证明方法很多，"
  },
  {
    "start": 1841.3,
    "end": 1848.6,
    "speaker": "老师",
    "text": "同学们游戏你回到网上搜寻一下，"
  },
  {
    "start": 1848.6,
    "end": 1851.48,
    "speaker": "老师",
    "text": "毕达哥拉斯也给出了一种针。"
  },
  {
    "start": 1851.48,
    "end": 1854.51,
    "speaker": "老师",
    "text": "传说中毕达格拉斯的正法，"
  },
  {
    "start": 1854.65,
    "end": 1855.11,
    "speaker": "老师",
    "text": "哎，"
  },
  {
    "start": 1855.29,
    "end": 1860.34,
    "speaker": "老师",
    "text": "他利用了这两个图点层，"
  },
  {
    "start": 1860.34,
    "end": 1866.32,
    "speaker": "老师",
    "text": "同学们看看如果是拼图图，"
  },
  {
    "start": 1866.32,
    "end": 1869.02,
    "speaker": "老师",
    "text": "我会怎么说呢？"
  },
  {
    "start": 1870.45,
    "end": 1878.53,
    "speaker": "老师",
    "text": "用大正方形的面积等于四块小三角形面积加上中间正方形面积，"
  },
  {
    "start": 1878.53,
    "end": 1892.02,
    "speaker": "老师",
    "text": "右边那个图来大正方形的面积等于两块小正方形面积加上四个小三角形，"
  },
  {
    "start": 1892.02,
    "end": 1894.38,
    "speaker": "老师",
    "text": "小正小三角形的面积，"
  },
  {
    "start": 1894.38,
    "end": 1894.62,
    "speaker": "老师",
    "text": "哎，"
  },
  {
    "start": 1894.62,
    "end": 1900.29,
    "speaker": "老师",
    "text": "课后同学们可以试一试，"
  },
  {
    "start": 1900.29,
    "end": 1900.96,
    "speaker": "老师",
    "text": "哎，"
  },
  {
    "start": 1901.97,
    "end": 1904.43,
    "speaker": "老师",
    "text": "相信东西已经做出来了，"
  },
  {
    "start": 1904.43,
    "end": 1906.74,
    "speaker": "老师",
    "text": "这是毕达格拉斯湖。"
  },
  {
    "start": 1909.9,
    "end": 1910.16,
    "speaker": "老师",
    "text": "好，"
  },
  {
    "start": 1910.16,
    "end": 1912.43,
    "speaker": "老师",
    "text": "刚才这些阵法这种阵法，"
  },
  {
    "start": 1912.43,
    "end": 1914.69,
    "speaker": "老师",
    "text": "这种衔途阵发，"
  },
  {
    "start": 1914.69,
    "end": 1921.12,
    "speaker": "老师",
    "text": "以及种种阵法毕达格拉斯的阵法。"
  },
  {
    "start": 1921.16,
    "end": 1923.26,
    "speaker": "老师",
    "text": "那这就证明勾股定理的方法，"
  },
  {
    "start": 1923.26,
    "end": 1926.55,
    "speaker": "老师",
    "text": "其实质是什么？"
  },
  {
    "start": 1926.61,
    "end": 1928.41,
    "speaker": "老师",
    "text": "有什么贡献呢？"
  },
  {
    "start": 1928.41,
    "end": 1936.83,
    "speaker": "老师",
    "text": "给我想想大于影响的无非是图形的和补或者拼先组合，"
  },
  {
    "start": 1936.83,
    "end": 1940.32,
    "speaker": "老师",
    "text": "利用图形的歌谱拼接，"
  },
  {
    "start": 1940.32,
    "end": 1945.07,
    "speaker": "老师",
    "text": "再利用面积相等，"
  },
  {
    "start": 1945.07,
    "end": 1947.22,
    "speaker": "老师",
    "text": "建立等量关系。"
  },
  {
    "start": 1947.22,
    "end": 1952.01,
    "speaker": "老师",
    "text": "那这是我们数学中常见的一种方法，"
  },
  {
    "start": 1952.01,
    "end": 1954.04,
    "speaker": "老师",
    "text": "叫等面积变算法，"
  },
  {
    "start": 1954.04,
    "end": 1959.04,
    "speaker": "老师",
    "text": "也是重要的一种数学数学思想方法了。"
  },
  {
    "start": 1959.04,
    "end": 1961.06,
    "speaker": "老师",
    "text": "我们看看购物定制的内容，"
  },
  {
    "start": 1961.16,
    "end": 1968.74,
    "speaker": "老师",
    "text": "如果直角三角形直角边AB斜边是c满直的关系，"
  },
  {
    "start": 1968.9,
    "end": 1972.06,
    "speaker": "老师",
    "text": "注意它的适用范围构不定义。"
  },
  {
    "start": 1972.06,
    "end": 1974.67,
    "speaker": "老师",
    "text": "那勾股定理注意哪些呢？"
  },
  {
    "start": 1974.67,
    "end": 1975.12,
    "speaker": "老师",
    "text": "第一，"
  },
  {
    "start": 1976.38,
    "end": 1979.37,
    "speaker": "老师",
    "text": "成立条件，"
  },
  {
    "start": 1979.37,
    "end": 1984.76,
    "speaker": "老师",
    "text": "它一定要在直角三角形中才可定影公式变形，"
  },
  {
    "start": 1984.76,
    "end": 1992.0,
    "speaker": "老师",
    "text": "勾股定的变形。"
  },
  {
    "start": 1992.0,
    "end": 2002.6,
    "speaker": "老师",
    "text": "如果求a边一个有c平a平方等于c平方减b平方连了两边退放，"
  },
  {
    "start": 2002.6,
    "end": 2009.89,
    "speaker": "老师",
    "text": "这是这个同样如果在求b边，"
  },
  {
    "start": 2010.15,
    "end": 2013.79,
    "speaker": "老师",
    "text": "我们可以采用这个办法，"
  },
  {
    "start": 2014.69,
    "end": 2018.3,
    "speaker": "老师",
    "text": "b等于根号c平方线AB."
  },
  {
    "start": 2018.3,
    "end": 2023.1,
    "speaker": "老师",
    "text": "那我们这个勾股钉的作用是什么呢？"
  },
  {
    "start": 2023.1,
    "end": 2031.68,
    "speaker": "老师",
    "text": "只要在直角三里面知道，"
  },
  {
    "start": 2033.77,
    "end": 2037.06,
    "speaker": "老师",
    "text": "其中两条边就一定能求到关注，"
  },
  {
    "start": 2037.56,
    "end": 2039.78,
    "speaker": "老师",
    "text": "特别要注意哪条边是直角，"
  },
  {
    "start": 2040.37,
    "end": 2041.53,
    "speaker": "老师",
    "text": "这个非常重要，"
  },
  {
    "start": 2041.53,
    "end": 2050.46,
    "speaker": "老师",
    "text": "是两条直角边的平方格带于斜边的那我们来看看怎么应用这些求下列直角三角形中的x第一个图，"
  },
  {
    "start": 2050.46,
    "end": 2053.56,
    "speaker": "老师",
    "text": "已知两条直角边就斜边。"
  },
  {
    "start": 2053.58,
    "end": 2062.43,
    "speaker": "老师",
    "text": "第二个都已知一条斜边和一条直角边求。"
  },
  {
    "start": 2062.43,
    "end": 2064.55,
    "speaker": "老师",
    "text": "另外一条直角边。"
  },
  {
    "start": 2064.55,
    "end": 2064.97,
    "speaker": "老师",
    "text": "好，"
  },
  {
    "start": 2067.75,
    "end": 2072.8,
    "speaker": "老师",
    "text": "我们试试看直角三角形好，"
  },
  {
    "start": 2072.8,
    "end": 2076.28,
    "speaker": "老师",
    "text": "有就进行求出来了。"
  },
  {
    "start": 2076.28,
    "end": 2079.55,
    "speaker": "老师",
    "text": "第一个等家等于十，"
  },
  {
    "start": 2079.55,
    "end": 2080.27,
    "speaker": "老师",
    "text": "非常快哈。"
  },
  {
    "start": 2080.27,
    "end": 2082.75,
    "speaker": "老师",
    "text": "来看看我们注意缩写的是，"
  },
  {
    "start": 2083.25,
    "end": 2092.75,
    "speaker": "老师",
    "text": "且在RD三角形ABC中由勾股定理得到AB平方等于AC平方，"
  },
  {
    "start": 2092.75,
    "end": 2093.71,
    "speaker": "老师",
    "text": "加上BC平方，"
  },
  {
    "start": 2093.71,
    "end": 2100.49,
    "speaker": "老师",
    "text": "把数字带进来x平方等于六平方加八平方计算一下，"
  },
  {
    "start": 2101.23,
    "end": 2102.85,
    "speaker": "老师",
    "text": "这八十八x等于十，"
  },
  {
    "start": 2103.17,
    "end": 2104.03,
    "speaker": "老师",
    "text": "非常棒啊。"
  },
  {
    "start": 2104.03,
    "end": 2104.33,
    "speaker": "老师",
    "text": "好，"
  },
  {
    "start": 2104.33,
    "end": 2110.7,
    "speaker": "老师",
    "text": "那第二个图呢相信有东西造出来了，"
  },
  {
    "start": 2110.7,
    "end": 2111.64,
    "speaker": "老师",
    "text": "做啥？"
  },
  {
    "start": 2111.64,
    "end": 2111.88,
    "speaker": "老师",
    "text": "哎，"
  },
  {
    "start": 2111.88,
    "end": 2114.8,
    "speaker": "老师",
    "text": "一上非常好，"
  },
  {
    "start": 2114.8,
    "end": 2117.34,
    "speaker": "老师",
    "text": "让我们注意书写。"
  },
  {
    "start": 2117.12,
    "end": 2117.34,
    "speaker": "老师",
    "text": "这是RD三角形中先写出勾股定理，"
  },
  {
    "start": 2117.12,
    "end": 2117.34,
    "speaker": "老师",
    "text": "这样带入数字进行计算，"
  },
  {
    "start": 2117.12,
    "end": 2117.34,
    "speaker": "老师",
    "text": "算住多少钱，"
  },
  {
    "start": 2117.12,
    "end": 2117.34,
    "speaker": "老师",
    "text": "再就是上，"
  },
  {
    "start": 2117.12,
    "end": 2117.34,
    "speaker": "老师",
    "text": "注意松写。"
  },
  {
    "start": 2117.12,
    "end": 2117.34,
    "speaker": "老师",
    "text": "好，"
  },
  {
    "start": 2117.12,
    "end": 2117.34,
    "speaker": "老师",
    "text": "我们继续看看购物的命令。"
  },
  {
    "start": 2117.12,
    "end": 2117.34,
    "speaker": "老师",
    "text": "如图图中所有的三角形都是直角三角形，"
  },
  {
    "start": 2117.12,
    "end": 2117.34,
    "speaker": "老师",
    "text": "四边形都是正方形，"
  },
  {
    "start": 2117.12,
    "end": 2117.34,
    "speaker": "老师",
    "text": "下个正方形的字母正方形中的字母数字分别表示它们的面积。"
  },
  {
    "start": 2117.12,
    "end": 2117.34,
    "speaker": "老师",
    "text": "求图中AB所代表的正方形的面积。"
  },
  {
    "start": 2117.12,
    "end": 2117.34,
    "speaker": "老师",
    "text": "第一个图别担心，"
  },
  {
    "start": 2117.12,
    "end": 2117.34,
    "speaker": "老师",
    "text": "快速长大啊，"
  },
  {
    "start": 2117.12,
    "end": 2117.34,
    "speaker": "老师",
    "text": "a面积等于这两个相加非常好，"
  },
  {
    "start": 2117.12,
    "end": 2117.34,
    "speaker": "老师",
    "text": "等于二十三b面积呢哎第一加二十五等于四九多少？"
  },
  {
    "start": 2117.12,
    "end": 2117.34,
    "speaker": "老师",
    "text": "好转嘴了变成二十四非常快哈。"
  },
  {
    "start": 2117.12,
    "end": 2117.34,
    "speaker": "老师",
    "text": "我们再看在RD三角形ABC中，"
  },
  {
    "start": 2117.12,
    "end": 2117.34,
    "speaker": "老师",
    "text": "s是三，"
  },
  {
    "start": 2117.12,
    "end": 2117.34,
    "speaker": "老师",
    "text": "b呢等于四，"
  },
  {
    "start": 2117.12,
    "end": 2117.34,
    "speaker": "老师",
    "text": "这c边等于多少？"
  },
  {
    "start": 2117.12,
    "end": 2117.34,
    "speaker": "老师",
    "text": "哇，"
  },
  {
    "start": 2117.12,
    "end": 2117.34,
    "speaker": "老师",
    "text": "终于算出来西边的u五非常棒。"
  },
  {
    "start": 2117.12,
    "end": 2117.34,
    "speaker": "老师",
    "text": "哎，"
  },
  {
    "start": 2117.12,
    "end": 2117.34,
    "speaker": "老师",
    "text": "同仔细再看看a是三，"
  },
  {
    "start": 2117.12,
    "end": 2117.34,
    "speaker": "老师",
    "text": "b是四，"
  },
  {
    "start": 2117.12,
    "end": 2117.34,
    "speaker": "老师",
    "text": "c是什么？"
  },
  {
    "start": 2117.12,
    "end": 2117.34,
    "speaker": "老师",
    "text": "变了哦，"
  },
  {
    "start": 2117.12,
    "end": 2117.34,
    "speaker": "老师",
    "text": "终于反应过来了。"
  },
  {
    "start": 2117.12,
    "end": 2117.34,
    "speaker": "老师",
    "text": "这个b不一定是直角边，"
  },
  {
    "start": 2117.12,
    "end": 2117.34,
    "speaker": "老师",
    "text": "它可能是什么？"
  },
  {
    "start": 2117.12,
    "end": 2117.34,
    "speaker": "老师",
    "text": "对，"
  },
  {
    "start": 2117.12,
    "end": 2117.34,
    "speaker": "老师",
    "text": "可能是斜边，"
  },
  {
    "start": 2117.12,
    "end": 2117.34,
    "speaker": "老师",
    "text": "所以还有一种可能性，"
  },
  {
    "start": 2117.12,
    "end": 2117.34,
    "speaker": "老师",
    "text": "这个是四，"
  },
  {
    "start": 2117.12,
    "end": 2117.34,
    "speaker": "老师",
    "text": "这个是三。"
  },
  {
    "start": 2117.12,
    "end": 2117.34,
    "speaker": "老师",
    "text": "哎，"
  },
  {
    "start": 2117.12,
    "end": 2117.34,
    "speaker": "老师",
    "text": "就这里呀表四十几啊啊等于反应过来了当b是斜边的时候，"
  },
  {
    "start": 2117.12,
    "end": 2117.34,
    "speaker": "老师",
    "text": "它应该等于什么？"
  },
  {
    "start": 2117.12,
    "end": 2117.34,
    "speaker": "老师",
    "text": "这个边等于根号七，"
  },
  {
    "start": 2117.12,
    "end": 2117.34,
    "speaker": "老师",
    "text": "所以这个地方有两个胆。"
  },
  {
    "start": 2117.12,
    "end": 2117.34,
    "speaker": "老师",
    "text": "所以我们在运用勾股定理的时候，"
  },
  {
    "start": 2117.12,
    "end": 2117.34,
    "speaker": "老师",
    "text": "一定要看清楚的边，"
  },
  {
    "start": 2117.12,
    "end": 2117.34,
    "speaker": "老师",
    "text": "到底是直角边还是斜好，"
  },
  {
    "start": 2117.12,
    "end": 2117.34,
    "speaker": "老师",
    "text": "看看我们今天学了什么，"
  },
  {
    "start": 2117.12,
    "end": 2117.34,
    "speaker": "老师",
    "text": "有什么感悟，"
  },
  {
    "start": 2117.12,
    "end": 2117.34,
    "speaker": "老师",
    "text": "有什么这一个发现呢？"
  },
  {
    "start": 2117.12,
    "end": 2117.34,
    "speaker": "老师",
    "text": "我们通过从特殊到一关，"
  },
  {
    "start": 2117.12,
    "end": 2117.34,
    "speaker": "老师",
    "text": "探究了勾股定理的证理，"
  },
  {
    "start": 2117.12,
    "end": 2117.34,
    "speaker": "老师",
    "text": "悟到什么？"
  },
  {
    "start": 2117.12,
    "end": 2117.34,
    "speaker": "老师",
    "text": "相信不同的同学有不同的感悟。"
  },
  {
    "start": 2117.12,
    "end": 2117.34,
    "speaker": "老师",
    "text": "那今天有什么自由发现，"
  },
  {
    "start": 2117.12,
    "end": 2117.34,
    "speaker": "老师",
    "text": "留给我们课浩和同学跟老师交流。"
  },
  {
    "start": 2117.12,
    "end": 2117.34,
    "speaker": "老师",
    "text": "今天昨夜巩固性作业二十八页，"
  },
  {
    "start": 2117.12,
    "end": 2117.34,
    "speaker": "老师",
    "text": "超载性作业二十九页，"
  },
  {
    "start": 2117.12,
    "end": 2117.34,
    "speaker": "老师",
    "text": "第四十三研究性左右茶叶收集与勾股定理有关的知识以及证明方法和应用，"
  },
  {
    "start": 2117.12,
    "end": 2117.34,
    "speaker": "老师",
    "text": "通过网络与同学进行教你放飞镜左翼阅读课本第三十页阅读与思考。"
  },
  {
    "start": 2117.12,
    "end": 2117.34,
    "speaker": "老师",
    "text": "好，"
  },
  {
    "start": 2117.12,
    "end": 2117.34,
    "speaker": "老师",
    "text": "今天课就到这里，"
  },
  {
    "start": 2117.12,
    "end": 2117.34,
    "speaker": "老师",
    "text": "同学们再见。"
  }
]