[
  {
    "start": 9.15,
    "end": 12.17,
    "speaker": "老师",
    "text": "我们一起学起起一起，"
  },
  {
    "start": 12.17,
    "end": 14.43,
    "speaker": "老师",
    "text": "这个不是这这样，"
  },
  {
    "start": 14.43,
    "end": 18.32,
    "speaker": "老师",
    "text": "给你找个这怎么说？"
  },
  {
    "start": 18.32,
    "end": 21.32,
    "speaker": "老师",
    "text": "哎呀，"
  },
  {
    "start": 23.06,
    "end": 29.21,
    "speaker": "老师",
    "text": "这个你们首先我们是来看这里，"
  },
  {
    "start": 32.38,
    "end": 44.33,
    "speaker": "老师",
    "text": "我们要我们嗯嗯嗯等一下的地方了解不下感的对，"
  },
  {
    "start": 44.39,
    "end": 55.52,
    "speaker": "老师",
    "text": "有一个也不知算，"
  },
  {
    "start": 56.79,
    "end": 63.42,
    "speaker": "老师",
    "text": "都是不能够并免。"
  },
  {
    "start": 63.42,
    "end": 64.84,
    "speaker": "老师",
    "text": "我就。"
  },
  {
    "start": 64.84,
    "end": 65.22,
    "speaker": "老师",
    "text": "哦，"
  },
  {
    "start": 66.32,
    "end": 67.02,
    "speaker": "老师",
    "text": "没事没事，"
  },
  {
    "start": 67.02,
    "end": 69.5,
    "speaker": "老师",
    "text": "我不看。"
  },
  {
    "start": 73.43,
    "end": 75.93,
    "speaker": "老师",
    "text": "那我们等一下，"
  },
  {
    "start": 77.28,
    "end": 78.65,
    "speaker": "老师",
    "text": "等一下，"
  },
  {
    "start": 78.65,
    "end": 86.36,
    "speaker": "老师",
    "text": "有这个我跟着听，"
  },
  {
    "start": 86.36,
    "end": 90.47,
    "speaker": "老师",
    "text": "你走了也就是什么？"
  },
  {
    "start": 90.47,
    "end": 97.25,
    "speaker": "老师",
    "text": "你我们你到时候推问我，"
  },
  {
    "start": 97.25,
    "end": 107.44,
    "speaker": "老师",
    "text": "然后不一走关注的顶边这么高度融合。"
  },
  {
    "start": 108.0,
    "end": 117.3,
    "speaker": "老师",
    "text": "也就是嗯那么我现在提出有问题，"
  },
  {
    "start": 117.3,
    "end": 126.32,
    "speaker": "老师",
    "text": "不能能看这个什么我呢生活的一个幺三三。"
  },
  {
    "start": 126.32,
    "end": 126.92,
    "speaker": "老师",
    "text": "对呀，"
  },
  {
    "start": 126.92,
    "end": 134.51,
    "speaker": "老师",
    "text": "我平分是并不特别非常深。"
  },
  {
    "start": 134.51,
    "end": 135.07,
    "speaker": "老师",
    "text": "嗯，"
  },
  {
    "start": 135.07,
    "end": 140.87,
    "speaker": "老师",
    "text": "明天你们找，"
  },
  {
    "start": 141.45,
    "end": 153.79,
    "speaker": "老师",
    "text": "那么这两天这个有什么第二三角形的高非常低病，"
  },
  {
    "start": 153.87,
    "end": 165.88,
    "speaker": "老师",
    "text": "你你的有什么不他们然后上的。"
  },
  {
    "start": 165.88,
    "end": 168.71,
    "speaker": "老师",
    "text": "第三个，"
  },
  {
    "start": 168.71,
    "end": 172.44,
    "speaker": "老师",
    "text": "今天我们今这天要我到，"
  },
  {
    "start": 172.44,
    "end": 178.61,
    "speaker": "老师",
    "text": "那么这个这个问题对，"
  },
  {
    "start": 178.61,
    "end": 181.77,
    "speaker": "老师",
    "text": "就开始根据。"
  },
  {
    "start": 181.77,
    "end": 198.31,
    "speaker": "老师",
    "text": "所以他们自己可能应该这个也不要什么东西每天要上。"
  },
  {
    "start": 198.31,
    "end": 203.68,
    "speaker": "老师",
    "text": "那么你们这样责任呢，"
  },
  {
    "start": 203.68,
    "end": 211.11,
    "speaker": "老师",
    "text": "现在我的这个车你要看一下呀，"
  },
  {
    "start": 211.11,
    "end": 219.29,
    "speaker": "老师",
    "text": "然后嗯但是的不是根据题目，"
  },
  {
    "start": 219.35,
    "end": 221.71,
    "speaker": "老师",
    "text": "不是这个，"
  },
  {
    "start": 221.73,
    "end": 222.25,
    "speaker": "老师",
    "text": "哎呀，"
  },
  {
    "start": 222.25,
    "end": 224.18,
    "speaker": "老师",
    "text": "对不起，"
  },
  {
    "start": 224.18,
    "end": 228.17,
    "speaker": "老师",
    "text": "对不对？"
  },
  {
    "start": 228.17,
    "end": 229.47,
    "speaker": "老师",
    "text": "嗯，"
  },
  {
    "start": 229.47,
    "end": 230.32,
    "speaker": "老师",
    "text": "影长的去分析，"
  },
  {
    "start": 237.54,
    "end": 239.33,
    "speaker": "老师",
    "text": "最后觉醒呢，"
  },
  {
    "start": 239.33,
    "end": 249.64,
    "speaker": "老师",
    "text": "我儿子的车已经你么一直都我不来，"
  },
  {
    "start": 249.64,
    "end": 255.92,
    "speaker": "老师",
    "text": "越来越想天路于灰天。"
  },
  {
    "start": 255.92,
    "end": 266.89,
    "speaker": "老师",
    "text": "评论是我没了，"
  },
  {
    "start": 266.89,
    "end": 278.6,
    "speaker": "老师",
    "text": "不是不在意我们不同，"
  },
  {
    "start": 282.18,
    "end": 291.69,
    "speaker": "老师",
    "text": "那我这个再见过来，"
  },
  {
    "start": 292.53,
    "end": 297.75,
    "speaker": "老师",
    "text": "我用我不么样的方法。"
  },
  {
    "start": 303.1,
    "end": 307.86,
    "speaker": "老师",
    "text": "如果我们证书没什么，"
  },
  {
    "start": 307.86,
    "end": 316.18,
    "speaker": "老师",
    "text": "那这个那我们这嗯我们在嗯嗯爱的程中，"
  },
  {
    "start": 316.18,
    "end": 327.56,
    "speaker": "老师",
    "text": "今天如果你你看那个第一什么不会，"
  },
  {
    "start": 328.47,
    "end": 337.11,
    "speaker": "老师",
    "text": "你嗯你嗯这个等一下第一种，"
  },
  {
    "start": 337.11,
    "end": 353.6,
    "speaker": "老师",
    "text": "我讲到就是这个这个要唉一个在这个层面已经有，"
  },
  {
    "start": 354.18,
    "end": 361.12,
    "speaker": "老师",
    "text": "那怎么你就是啊怎么怎么了，"
  },
  {
    "start": 361.12,
    "end": 372.38,
    "speaker": "老师",
    "text": "因为他不是你可以不合找东西就能我没看明白，"
  },
  {
    "start": 372.38,
    "end": 377.66,
    "speaker": "老师",
    "text": "能不能根据这个，"
  },
  {
    "start": 377.94,
    "end": 388.71,
    "speaker": "老师",
    "text": "我真的我想完全这个这个因为哎我可以嗯，"
  },
  {
    "start": 389.98,
    "end": 399.85,
    "speaker": "老师",
    "text": "你等一下等一下等一下做一个跟进怎么样？"
  },
  {
    "start": 399.85,
    "end": 404.74,
    "speaker": "老师",
    "text": "可是没错，"
  },
  {
    "start": 404.74,
    "end": 412.0,
    "speaker": "老师",
    "text": "一定可以关注那个比较。"
  },
  {
    "start": 412.0,
    "end": 418.5,
    "speaker": "老师",
    "text": "那么想在AV,"
  },
  {
    "start": 418.5,
    "end": 433.38,
    "speaker": "老师",
    "text": "我们找到ACB的是你等一下啊，"
  },
  {
    "start": 433.44,
    "end": 438.69,
    "speaker": "老师",
    "text": "这个是正常一个。"
  },
  {
    "start": 439.33,
    "end": 439.86,
    "speaker": "老师",
    "text": "哎呀，"
  },
  {
    "start": 445.75,
    "end": 446.51,
    "speaker": "老师",
    "text": "这个对不起，"
  },
  {
    "start": 446.51,
    "end": 450.68,
    "speaker": "老师",
    "text": "我不跟这个还怎么样？"
  },
  {
    "start": 450.68,
    "end": 456.77,
    "speaker": "老师",
    "text": "好的，"
  },
  {
    "start": 456.77,
    "end": 457.21,
    "speaker": "老师",
    "text": "再见，"
  },
  {
    "start": 457.21,
    "end": 469.36,
    "speaker": "老师",
    "text": "你不在等你那你这个这个这么嗯还有一零五，"
  },
  {
    "start": 469.36,
    "end": 473.25,
    "speaker": "老师",
    "text": "不好意思，"
  },
  {
    "start": 474.15,
    "end": 478.51,
    "speaker": "老师",
    "text": "这个嗯你吵了有那么小。"
  },
  {
    "start": 479.11,
    "end": 480.51,
    "speaker": "老师",
    "text": "没事，"
  },
  {
    "start": 481.71,
    "end": 495.91,
    "speaker": "老师",
    "text": "我呢这里两个那个右边帮一下，"
  },
  {
    "start": 495.91,
    "end": 511.21,
    "speaker": "老师",
    "text": "我们不给你这个嗯嗯怎么怎么样，"
  },
  {
    "start": 511.84,
    "end": 514.27,
    "speaker": "老师",
    "text": "反正应该能不能跑在这里，"
  },
  {
    "start": 514.27,
    "end": 516.39,
    "speaker": "老师",
    "text": "你的口否完成。"
  },
  {
    "start": 516.39,
    "end": 516.89,
    "speaker": "老师",
    "text": "好，"
  },
  {
    "start": 518.94,
    "end": 520.38,
    "speaker": "老师",
    "text": "别下我们最重要。"
  },
  {
    "start": 520.38,
    "end": 522.76,
    "speaker": "老师",
    "text": "你你要我唱，"
  },
  {
    "start": 522.76,
    "end": 531.45,
    "speaker": "老师",
    "text": "我不找好的，"
  },
  {
    "start": 531.45,
    "end": 531.75,
    "speaker": "老师",
    "text": "嗯，"
  },
  {
    "start": 531.75,
    "end": 537.76,
    "speaker": "老师",
    "text": "这个人我怎么都不我这里，"
  },
  {
    "start": 537.76,
    "end": 540.43,
    "speaker": "老师",
    "text": "那你也能够证明嗯，"
  },
  {
    "start": 540.47,
    "end": 548.3,
    "speaker": "老师",
    "text": "可以怎不能这里跟起来不一样，"
  },
  {
    "start": 548.32,
    "end": 551.13,
    "speaker": "老师",
    "text": "为什么懂好，"
  },
  {
    "start": 551.13,
    "end": 552.75,
    "speaker": "老师",
    "text": "为什么怎么这个呢？"
  },
  {
    "start": 552.75,
    "end": 557.98,
    "speaker": "老师",
    "text": "这个是单纯的做了一张很多的朋友圈。"
  },
  {
    "start": 557.98,
    "end": 564.73,
    "speaker": "老师",
    "text": "那么在刚才在人生的一种，"
  },
  {
    "start": 564.73,
    "end": 580.02,
    "speaker": "老师",
    "text": "我跟你讲啊，"
  },
  {
    "start": 580.02,
    "end": 583.65,
    "speaker": "老师",
    "text": "那我这么多的金六的，"
  },
  {
    "start": 583.65,
    "end": 585.33,
    "speaker": "老师",
    "text": "就这个没事，"
  },
  {
    "start": 586.52,
    "end": 588.84,
    "speaker": "老师",
    "text": "没嗯没病病有没有？"
  },
  {
    "start": 589.37,
    "end": 592.79,
    "speaker": "老师",
    "text": "还有这不会，"
  },
  {
    "start": 592.79,
    "end": 593.76,
    "speaker": "老师",
    "text": "你可以，"
  },
  {
    "start": 593.76,
    "end": 596.2,
    "speaker": "老师",
    "text": "我们也是我，"
  },
  {
    "start": 596.2,
    "end": 597.75,
    "speaker": "老师",
    "text": "那么你你别讲，"
  },
  {
    "start": 597.75,
    "end": 599.16,
    "speaker": "老师",
    "text": "你别讲讲，"
  },
  {
    "start": 599.16,
    "end": 608.2,
    "speaker": "老师",
    "text": "那么这个条子给你们三秒钟要怎么出来中中生存的，"
  },
  {
    "start": 608.2,
    "end": 619.33,
    "speaker": "老师",
    "text": "但中心意味着不们后面你要要中，"
  },
  {
    "start": 619.33,
    "end": 627.07,
    "speaker": "老师",
    "text": "那你就是说不，"
  },
  {
    "start": 627.07,
    "end": 635.65,
    "speaker": "老师",
    "text": "我们的我们中中的有了这条路，"
  },
  {
    "start": 635.65,
    "end": 640.98,
    "speaker": "老师",
    "text": "这是什么怎么办？"
  },
  {
    "start": 640.98,
    "end": 647.81,
    "speaker": "老师",
    "text": "正常是这个那么正常，"
  },
  {
    "start": 647.81,
    "end": 658.38,
    "speaker": "老师",
    "text": "你要的，"
  },
  {
    "start": 661.94,
    "end": 671.05,
    "speaker": "老师",
    "text": "那么这种需要那个都没有怎么回事？"
  },
  {
    "start": 671.91,
    "end": 682.53,
    "speaker": "老师",
    "text": "我给你看的那个产品，"
  },
  {
    "start": 682.53,
    "end": 685.37,
    "speaker": "老师",
    "text": "对不对？"
  },
  {
    "start": 685.37,
    "end": 691.03,
    "speaker": "老师",
    "text": "我们看看这两个，"
  },
  {
    "start": 691.03,
    "end": 694.71,
    "speaker": "老师",
    "text": "对嗯这个东西嗯，"
  },
  {
    "start": 694.77,
    "end": 704.85,
    "speaker": "老师",
    "text": "你可以听到你什么，"
  },
  {
    "start": 704.85,
    "end": 707.01,
    "speaker": "老师",
    "text": "他是什么呢？"
  },
  {
    "start": 707.29,
    "end": 707.97,
    "speaker": "老师",
    "text": "嗯，"
  },
  {
    "start": 708.35,
    "end": 711.7,
    "speaker": "老师",
    "text": "你不是嗯怎样，"
  },
  {
    "start": 712.94,
    "end": 718.82,
    "speaker": "老师",
    "text": "我然后东西要过去，"
  },
  {
    "start": 719.61,
    "end": 722.9,
    "speaker": "老师",
    "text": "这个等一下变终。"
  },
  {
    "start": 722.9,
    "end": 729.96,
    "speaker": "老师",
    "text": "嗯，"
  },
  {
    "start": 729.96,
    "end": 735.12,
    "speaker": "老师",
    "text": "因为我们给你讲么说怎么样，"
  },
  {
    "start": 735.44,
    "end": 736.56,
    "speaker": "老师",
    "text": "那我一个东西，"
  },
  {
    "start": 736.88,
    "end": 755.51,
    "speaker": "老师",
    "text": "我们的你的对一天都是b那我就在我的中五天明个天天气公报变嗯等等一下。"
  },
  {
    "start": 755.51,
    "end": 755.95,
    "speaker": "老师",
    "text": "对，"
  },
  {
    "start": 755.95,
    "end": 758.98,
    "speaker": "老师",
    "text": "这是两个理解，"
  },
  {
    "start": 758.98,
    "end": 770.29,
    "speaker": "老师",
    "text": "必须走就是样多过这两张这样子来之后，"
  },
  {
    "start": 770.29,
    "end": 773.92,
    "speaker": "老师",
    "text": "我这个感们。"
  },
  {
    "start": 775.19,
    "end": 775.54,
    "speaker": "老师",
    "text": "哎，"
  },
  {
    "start": 776.74,
    "end": 777.12,
    "speaker": "老师",
    "text": "好了，"
  },
  {
    "start": 777.12,
    "end": 788.86,
    "speaker": "老师",
    "text": "你能不能证一二一和一二一四，"
  },
  {
    "start": 788.86,
    "end": 796.25,
    "speaker": "老师",
    "text": "就不能为什么等一下这么说这是什么，"
  },
  {
    "start": 796.25,
    "end": 798.83,
    "speaker": "老师",
    "text": "已天拿到了。"
  },
  {
    "start": 801.0,
    "end": 807.91,
    "speaker": "老师",
    "text": "我们现在你你要不来，"
  },
  {
    "start": 808.6,
    "end": 810.04,
    "speaker": "老师",
    "text": "终于不承认，"
  },
  {
    "start": 810.04,
    "end": 813.51,
    "speaker": "老师",
    "text": "我们有这么大功，"
  },
  {
    "start": 815.73,
    "end": 819.58,
    "speaker": "老师",
    "text": "人家承认真的是有。"
  },
  {
    "start": 823.33,
    "end": 830.48,
    "speaker": "老师",
    "text": "那我等腰三角形眼睛向上方，"
  },
  {
    "start": 830.48,
    "end": 834.86,
    "speaker": "老师",
    "text": "这是合图造加成，"
  },
  {
    "start": 834.86,
    "end": 851.62,
    "speaker": "老师",
    "text": "一a四招可行给是这个你是不是这个意见？"
  },
  {
    "start": 853.28,
    "end": 855.95,
    "speaker": "老师",
    "text": "高来来我们了解的，"
  },
  {
    "start": 855.95,
    "end": 871.18,
    "speaker": "老师",
    "text": "今一和他们只能我们的这个活动两个，"
  },
  {
    "start": 872.87,
    "end": 880.91,
    "speaker": "老师",
    "text": "我就感觉我嗯嗯嗯然后为什么就是成本的，"
  },
  {
    "start": 880.91,
    "end": 890.87,
    "speaker": "老师",
    "text": "那么这个我非常对么这个问题么？"
  },
  {
    "start": 890.87,
    "end": 895.73,
    "speaker": "老师",
    "text": "再来确定共同利业，"
  },
  {
    "start": 896.89,
    "end": 904.02,
    "speaker": "老师",
    "text": "我的这个是几是等一下，"
  },
  {
    "start": 905.62,
    "end": 906.32,
    "speaker": "老师",
    "text": "你行么？"
  },
  {
    "start": 906.32,
    "end": 912.11,
    "speaker": "老师",
    "text": "你就说这这个一个角一下，"
  },
  {
    "start": 912.69,
    "end": 914.9,
    "speaker": "老师",
    "text": "那么有刚我没有，"
  },
  {
    "start": 916.98,
    "end": 926.79,
    "speaker": "老师",
    "text": "反正这个呢那么只是这两天怎么那么声音就好。"
  },
  {
    "start": 926.79,
    "end": 929.35,
    "speaker": "老师",
    "text": "然后滨州这样，"
  },
  {
    "start": 931.79,
    "end": 959.37,
    "speaker": "老师",
    "text": "我三角形的边边很可逼是你的要不要？"
  },
  {
    "start": 959.37,
    "end": 963.66,
    "speaker": "老师",
    "text": "那你告诉我的是高，"
  },
  {
    "start": 963.66,
    "end": 966.76,
    "speaker": "老师",
    "text": "为什么他不去？"
  },
  {
    "start": 966.96,
    "end": 967.48,
    "speaker": "老师",
    "text": "对，"
  },
  {
    "start": 967.48,
    "end": 977.35,
    "speaker": "老师",
    "text": "就在这长途中什么我们的等一下那里这边就是天我们非常非常散，"
  },
  {
    "start": 977.35,
    "end": 981.35,
    "speaker": "老师",
    "text": "这个给西不一样没有了。"
  },
  {
    "start": 981.35,
    "end": 981.87,
    "speaker": "老师",
    "text": "嗯，"
  },
  {
    "start": 983.55,
    "end": 986.06,
    "speaker": "老师",
    "text": "我们通过我们怎么到？"
  },
  {
    "start": 986.3,
    "end": 994.86,
    "speaker": "老师",
    "text": "然后没必要高腰上一整钱一分钱。"
  },
  {
    "start": 994.86,
    "end": 1004.21,
    "speaker": "老师",
    "text": "我觉得这你的表妹如图，"
  },
  {
    "start": 1004.21,
    "end": 1012.01,
    "speaker": "老师",
    "text": "那我这个私信和定不可能东西，"
  },
  {
    "start": 1012.01,
    "end": 1015.49,
    "speaker": "老师",
    "text": "这不是宜真是没有跟你这种，"
  },
  {
    "start": 1015.49,
    "end": 1019.64,
    "speaker": "老师",
    "text": "你们看到病病嗯嗯，"
  },
  {
    "start": 1020.23,
    "end": 1024.74,
    "speaker": "老师",
    "text": "怎么知道这样？"
  },
  {
    "start": 1024.74,
    "end": 1025.14,
    "speaker": "老师",
    "text": "嗯嗯，"
  },
  {
    "start": 1025.14,
    "end": 1026.08,
    "speaker": "老师",
    "text": "就这个低，"
  },
  {
    "start": 1026.22,
    "end": 1032.14,
    "speaker": "老师",
    "text": "要我不是那个我么我们的情况，"
  },
  {
    "start": 1033.66,
    "end": 1059.39,
    "speaker": "老师",
    "text": "他们我们这边我们都这个我跟你讲怎么就不啊怎么就不您除非是我们的领导，"
  },
  {
    "start": 1059.39,
    "end": 1068.69,
    "speaker": "老师",
    "text": "你把我看你们事，"
  },
  {
    "start": 1068.69,
    "end": 1083.71,
    "speaker": "老师",
    "text": "你们现在那里站这去，"
  },
  {
    "start": 1083.71,
    "end": 1087.15,
    "speaker": "老师",
    "text": "我说的是哦，"
  },
  {
    "start": 1087.15,
    "end": 1090.26,
    "speaker": "老师",
    "text": "这么做，"
  },
  {
    "start": 1090.26,
    "end": 1096.02,
    "speaker": "老师",
    "text": "我一会跟你讲啊，"
  },
  {
    "start": 1096.02,
    "end": 1097.52,
    "speaker": "老师",
    "text": "这里不够了，"
  },
  {
    "start": 1097.52,
    "end": 1114.7,
    "speaker": "老师",
    "text": "这份脚印跟你放在自己。"
  },
  {
    "start": 1114.7,
    "end": 1115.0,
    "speaker": "老师",
    "text": "喂，"
  },
  {
    "start": 1115.0,
    "end": 1115.52,
    "speaker": "老师",
    "text": "你好，"
  },
  {
    "start": 1115.52,
    "end": 1118.72,
    "speaker": "老师",
    "text": "真的这么这个这个久这个底确非黑低，"
  },
  {
    "start": 1118.72,
    "end": 1122.13,
    "speaker": "老师",
    "text": "我看一下，"
  },
  {
    "start": 1122.13,
    "end": 1144.43,
    "speaker": "老师",
    "text": "还有那个就这么那个现在那么我自己的事可以给我跟你讲讲证明怎么办？"
  },
  {
    "start": 1144.43,
    "end": 1149.35,
    "speaker": "老师",
    "text": "这不要滴滴和滴，"
  },
  {
    "start": 1149.35,
    "end": 1154.04,
    "speaker": "老师",
    "text": "不叫发生了什么事。"
  },
  {
    "start": 1154.04,
    "end": 1159.94,
    "speaker": "老师",
    "text": "如果说资本那是自己的意思，"
  },
  {
    "start": 1159.94,
    "end": 1166.94,
    "speaker": "老师",
    "text": "这是你问啥到底怎么感事是感事。"
  },
  {
    "start": 1167.54,
    "end": 1175.56,
    "speaker": "老师",
    "text": "就是如果我们嗯那么这东西做就来那年呢，"
  },
  {
    "start": 1176.15,
    "end": 1190.8,
    "speaker": "老师",
    "text": "我们我们毕竟过去这个可有是吧？"
  },
  {
    "start": 1190.8,
    "end": 1194.29,
    "speaker": "老师",
    "text": "如果嗯可这边，"
  },
  {
    "start": 1194.29,
    "end": 1199.78,
    "speaker": "老师",
    "text": "那么这个我们这你们有我知道嗯，"
  },
  {
    "start": 1201.39,
    "end": 1206.6,
    "speaker": "老师",
    "text": "当你自己的那哦，"
  },
  {
    "start": 1206.6,
    "end": 1207.79,
    "speaker": "老师",
    "text": "我们证明过，"
  },
  {
    "start": 1207.79,
    "end": 1212.38,
    "speaker": "老师",
    "text": "如果是一合一，"
  },
  {
    "start": 1212.38,
    "end": 1212.85,
    "speaker": "老师",
    "text": "嗯，"
  },
  {
    "start": 1213.92,
    "end": 1222.95,
    "speaker": "老师",
    "text": "那我不想那么真实的后，"
  },
  {
    "start": 1226.36,
    "end": 1238.01,
    "speaker": "老师",
    "text": "我们来解决不了这两个小呢就是在哪里？"
  },
  {
    "start": 1238.01,
    "end": 1240.3,
    "speaker": "老师",
    "text": "两有比较公共边车，"
  },
  {
    "start": 1240.3,
    "end": 1249.69,
    "speaker": "老师",
    "text": "我那么这里不是的必机，"
  },
  {
    "start": 1249.69,
    "end": 1251.21,
    "speaker": "老师",
    "text": "不可感谢，"
  },
  {
    "start": 1251.21,
    "end": 1254.74,
    "speaker": "老师",
    "text": "对不起，"
  },
  {
    "start": 1254.74,
    "end": 1261.21,
    "speaker": "老师",
    "text": "不什么样的怎们对不着对不对？"
  },
  {
    "start": 1261.21,
    "end": 1265.92,
    "speaker": "老师",
    "text": "这个可以可以，"
  },
  {
    "start": 1265.92,
    "end": 1268.99,
    "speaker": "老师",
    "text": "那怎么请问可能要问多少，"
  },
  {
    "start": 1270.29,
    "end": 1280.22,
    "speaker": "老师",
    "text": "我们你不要，"
  },
  {
    "start": 1280.22,
    "end": 1281.56,
    "speaker": "老师",
    "text": "这不是，"
  },
  {
    "start": 1281.56,
    "end": 1288.38,
    "speaker": "老师",
    "text": "那我又怎么回事？"
  },
  {
    "start": 1290.44,
    "end": 1299.56,
    "speaker": "老师",
    "text": "我们新进的我没有钱差么多，"
  },
  {
    "start": 1299.56,
    "end": 1303.03,
    "speaker": "老师",
    "text": "没有这么贵。"
  },
  {
    "start": 1305.1,
    "end": 1307.44,
    "speaker": "老师",
    "text": "这边有听见你的歌，"
  },
  {
    "start": 1308.13,
    "end": 1335.28,
    "speaker": "老师",
    "text": "真的是那么跟你说BBB从里边我们所认这个整个过程怎么玩进五步？"
  },
  {
    "start": 1335.64,
    "end": 1339.57,
    "speaker": "老师",
    "text": "如果说四分之一，"
  },
  {
    "start": 1339.57,
    "end": 1343.3,
    "speaker": "老师",
    "text": "那么怎么从那个怎么了？"
  },
  {
    "start": 1343.3,
    "end": 1344.64,
    "speaker": "老师",
    "text": "一分之三个，"
  },
  {
    "start": 1344.64,
    "end": 1349.05,
    "speaker": "老师",
    "text": "那怎么知道我我们来充一下嗯，"
  },
  {
    "start": 1349.05,
    "end": 1352.6,
    "speaker": "老师",
    "text": "这两个材料。"
  },
  {
    "start": 1353.21,
    "end": 1353.51,
    "speaker": "老师",
    "text": "嗯，"
  },
  {
    "start": 1353.51,
    "end": 1357.31,
    "speaker": "老师",
    "text": "别人在这里，"
  },
  {
    "start": 1357.31,
    "end": 1363.73,
    "speaker": "老师",
    "text": "这个如果是，"
  },
  {
    "start": 1364.6,
    "end": 1372.63,
    "speaker": "老师",
    "text": "那我成功有死你的道路品味，"
  },
  {
    "start": 1373.21,
    "end": 1383.3,
    "speaker": "老师",
    "text": "那你要并可因在同同点也要上上，"
  },
  {
    "start": 1383.3,
    "end": 1387.2,
    "speaker": "老师",
    "text": "明天没有用我者。"
  },
  {
    "start": 1387.2,
    "end": 1387.46,
    "speaker": "老师",
    "text": "嗯，"
  },
  {
    "start": 1387.46,
    "end": 1394.88,
    "speaker": "老师",
    "text": "你嗯那我们这里给看讲问题，"
  },
  {
    "start": 1395.83,
    "end": 1402.36,
    "speaker": "老师",
    "text": "我们的那个没有这个病，"
  },
  {
    "start": 1402.36,
    "end": 1402.66,
    "speaker": "老师",
    "text": "对，"
  },
  {
    "start": 1402.66,
    "end": 1406.62,
    "speaker": "老师",
    "text": "两个六一个六个怎么样？"
  },
  {
    "start": 1406.62,
    "end": 1409.47,
    "speaker": "老师",
    "text": "我不管他们只要先第一个这个，"
  },
  {
    "start": 1409.47,
    "end": 1415.18,
    "speaker": "老师",
    "text": "那嗯不一定中国的这就说我们不行，"
  },
  {
    "start": 1416.58,
    "end": 1424.09,
    "speaker": "老师",
    "text": "别客急都是这个月变成了什么，"
  },
  {
    "start": 1424.65,
    "end": 1425.54,
    "speaker": "老师",
    "text": "可以看一下，"
  },
  {
    "start": 1428.14,
    "end": 1434.8,
    "speaker": "老师",
    "text": "根本没有我我不就没看。"
  },
  {
    "start": 1434.8,
    "end": 1437.06,
    "speaker": "老师",
    "text": "这个是你样，"
  },
  {
    "start": 1442.89,
    "end": 1473.04,
    "speaker": "老师",
    "text": "你讲的你个一个对这个人这个我们你俩个的肯定在觉身上，"
  },
  {
    "start": 1473.69,
    "end": 1479.57,
    "speaker": "老师",
    "text": "要不嗯有有什么特征吗？"
  },
  {
    "start": 1479.57,
    "end": 1487.05,
    "speaker": "老师",
    "text": "我们两个兵残总群有三倍，"
  },
  {
    "start": 1487.05,
    "end": 1489.55,
    "speaker": "老师",
    "text": "角都是功的，"
  },
  {
    "start": 1489.55,
    "end": 1494.65,
    "speaker": "老师",
    "text": "变成了冰内角高点六十。"
  },
  {
    "start": 1498.61,
    "end": 1509.05,
    "speaker": "老师",
    "text": "那么怎么证明这些一点呢？"
  },
  {
    "start": 1509.84,
    "end": 1511.36,
    "speaker": "老师",
    "text": "我们你过来嗯，"
  },
  {
    "start": 1511.36,
    "end": 1514.51,
    "speaker": "老师",
    "text": "对我看一下，"
  },
  {
    "start": 1515.71,
    "end": 1516.12,
    "speaker": "老师",
    "text": "嗯，"
  },
  {
    "start": 1517.24,
    "end": 1519.64,
    "speaker": "老师",
    "text": "我们根据那个我的一生走，"
  },
  {
    "start": 1519.64,
    "end": 1520.1,
    "speaker": "老师",
    "text": "哎，"
  },
  {
    "start": 1520.1,
    "end": 1541.71,
    "speaker": "老师",
    "text": "个不知道b NC等于这点我们这就是因为你告诉我，"
  },
  {
    "start": 1541.71,
    "end": 1546.85,
    "speaker": "老师",
    "text": "我如果真的我需要我这么是不是病，"
  },
  {
    "start": 1546.85,
    "end": 1555.28,
    "speaker": "老师",
    "text": "我们得我们这个后面。"
  },
  {
    "start": 1555.28,
    "end": 1562.55,
    "speaker": "老师",
    "text": "那么如果这么是的，"
  },
  {
    "start": 1564.18,
    "end": 1564.46,
    "speaker": "老师",
    "text": "哎，"
  },
  {
    "start": 1564.46,
    "end": 1567.36,
    "speaker": "老师",
    "text": "等一下，"
  },
  {
    "start": 1568.0,
    "end": 1579.06,
    "speaker": "老师",
    "text": "那我们用任何年轻的不同产业这个价值标准，"
  },
  {
    "start": 1579.06,
    "end": 1594.58,
    "speaker": "老师",
    "text": "那么其实这样子的我们就可以好哪里？"
  },
  {
    "start": 1595.29,
    "end": 1595.67,
    "speaker": "老师",
    "text": "嗯，"
  },
  {
    "start": 1600.61,
    "end": 1637.42,
    "speaker": "老师",
    "text": "那个我们嗯张经理的张经理跟河北省那么要一个时间内，"
  },
  {
    "start": 1637.42,
    "end": 1640.55,
    "speaker": "老师",
    "text": "他们嗯有，"
  },
  {
    "start": 1640.55,
    "end": 1644.34,
    "speaker": "老师",
    "text": "这是给你说了，"
  },
  {
    "start": 1644.34,
    "end": 1644.82,
    "speaker": "老师",
    "text": "同学们，"
  },
  {
    "start": 1644.82,
    "end": 1647.58,
    "speaker": "老师",
    "text": "你这什么政府，"
  },
  {
    "start": 1650.72,
    "end": 1659.47,
    "speaker": "老师",
    "text": "我们好的如图像这个hello,"
  },
  {
    "start": 1659.47,
    "end": 1663.01,
    "speaker": "老师",
    "text": "嗯嗯，"
  },
  {
    "start": 1663.01,
    "end": 1676.23,
    "speaker": "老师",
    "text": "你个这个让我你的回边对的二十分有有有那怎么样？"
  },
  {
    "start": 1676.23,
    "end": 1681.1,
    "speaker": "老师",
    "text": "他不是那个红色红民币，"
  },
  {
    "start": 1681.1,
    "end": 1684.14,
    "speaker": "老师",
    "text": "你觉得这个你发现了吗？"
  },
  {
    "start": 1684.14,
    "end": 1686.86,
    "speaker": "老师",
    "text": "完成两分钟的目标量。"
  },
  {
    "start": 1687.58,
    "end": 1688.34,
    "speaker": "老师",
    "text": "嗯，"
  },
  {
    "start": 1688.34,
    "end": 1693.1,
    "speaker": "老师",
    "text": "真的我们嗯嗯不能太那么嗯这什么的，"
  },
  {
    "start": 1693.18,
    "end": 1696.85,
    "speaker": "老师",
    "text": "别人猜的是吗？"
  },
  {
    "start": 1696.85,
    "end": 1701.54,
    "speaker": "老师",
    "text": "那东西这个怎么你的这不知道，"
  },
  {
    "start": 1701.54,
    "end": 1703.32,
    "speaker": "老师",
    "text": "这不是这是这的这的问一下。"
  },
  {
    "start": 1703.32,
    "end": 1703.76,
    "speaker": "老师",
    "text": "嗯嗯，"
  },
  {
    "start": 1703.76,
    "end": 1703.98,
    "speaker": "老师",
    "text": "对，"
  },
  {
    "start": 1703.98,
    "end": 1704.48,
    "speaker": "老师",
    "text": "没对，"
  },
  {
    "start": 1705.7,
    "end": 1712.99,
    "speaker": "老师",
    "text": "因为这个也不是我告诉，"
  },
  {
    "start": 1713.8,
    "end": 1723.64,
    "speaker": "老师",
    "text": "然后这边我们写出对我们更成的有用的，"
  },
  {
    "start": 1723.64,
    "end": 1724.84,
    "speaker": "老师",
    "text": "然后就嗯直别删掉，"
  },
  {
    "start": 1724.84,
    "end": 1725.34,
    "speaker": "老师",
    "text": "看一下，"
  },
  {
    "start": 1725.34,
    "end": 1726.38,
    "speaker": "老师",
    "text": "找个都想买，"
  },
  {
    "start": 1726.38,
    "end": 1728.16,
    "speaker": "老师",
    "text": "有我不需要，"
  },
  {
    "start": 1728.16,
    "end": 1729.88,
    "speaker": "老师",
    "text": "你证据不需要我逼。"
  },
  {
    "start": 1729.88,
    "end": 1731.82,
    "speaker": "老师",
    "text": "那因为我有一种嗯还的丢下去，"
  },
  {
    "start": 1731.82,
    "end": 1739.68,
    "speaker": "老师",
    "text": "后面这个第一那不在今天不是好，"
  },
  {
    "start": 1739.68,
    "end": 1739.92,
    "speaker": "老师",
    "text": "对，"
  },
  {
    "start": 1740.62,
    "end": 1741.44,
    "speaker": "老师",
    "text": "这关系还没有。"
  },
  {
    "start": 1741.44,
    "end": 1741.68,
    "speaker": "老师",
    "text": "嗯，"
  },
  {
    "start": 1741.68,
    "end": 1747.08,
    "speaker": "老师",
    "text": "这个是的，"
  },
  {
    "start": 1747.08,
    "end": 1750.16,
    "speaker": "老师",
    "text": "你等一下走吧。"
  },
  {
    "start": 1750.16,
    "end": 1757.48,
    "speaker": "老师",
    "text": "对，"
  },
  {
    "start": 1757.48,
    "end": 1763.65,
    "speaker": "老师",
    "text": "边为什么不一样？"
  },
  {
    "start": 1765.88,
    "end": 1777.87,
    "speaker": "老师",
    "text": "他的脸有的那个这里这里这里你们这个那么这个是这个问题，"
  },
  {
    "start": 1777.99,
    "end": 1782.04,
    "speaker": "老师",
    "text": "我们是都不是嗯领导嗯，"
  },
  {
    "start": 1783.88,
    "end": 1787.51,
    "speaker": "老师",
    "text": "你们好以吗？"
  },
  {
    "start": 1787.51,
    "end": 1792.07,
    "speaker": "老师",
    "text": "我是我天好想长都光夜的，"
  },
  {
    "start": 1792.07,
    "end": 1799.03,
    "speaker": "老师",
    "text": "那么主要看一锅沸中不搞定点掉了。"
  },
  {
    "start": 1799.86,
    "end": 1807.76,
    "speaker": "老师",
    "text": "他不知道什么叫群众看到这个就好了，"
  },
  {
    "start": 1807.76,
    "end": 1811.01,
    "speaker": "老师",
    "text": "那能求出来。"
  },
  {
    "start": 1811.01,
    "end": 1813.79,
    "speaker": "老师",
    "text": "我今天就是越来没有真的，"
  },
  {
    "start": 1813.79,
    "end": 1817.63,
    "speaker": "老师",
    "text": "现在我明天的高，"
  },
  {
    "start": 1818.63,
    "end": 1820.1,
    "speaker": "老师",
    "text": "所以他九十度，"
  },
  {
    "start": 1820.1,
    "end": 1823.24,
    "speaker": "老师",
    "text": "那么这个就也求求出来。"
  },
  {
    "start": 1824.2,
    "end": 1826.06,
    "speaker": "老师",
    "text": "你这个是什么？"
  },
  {
    "start": 1826.06,
    "end": 1828.95,
    "speaker": "老师",
    "text": "有钱人都问，"
  },
  {
    "start": 1828.95,
    "end": 1836.95,
    "speaker": "老师",
    "text": "以你们说我钱怎么讲？"
  },
  {
    "start": 1836.95,
    "end": 1838.79,
    "speaker": "老师",
    "text": "然后那么呢，"
  },
  {
    "start": 1839.6,
    "end": 1845.08,
    "speaker": "老师",
    "text": "这边讲的就是这边讲的还是这边讲的自然高，"
  },
  {
    "start": 1846.69,
    "end": 1849.84,
    "speaker": "老师",
    "text": "你看以过去，"
  },
  {
    "start": 1849.84,
    "end": 1853.94,
    "speaker": "老师",
    "text": "因为AE是里边给你不不西，"
  },
  {
    "start": 1853.94,
    "end": 1856.84,
    "speaker": "老师",
    "text": "可以可以免退。"
  },
  {
    "start": 1856.84,
    "end": 1867.17,
    "speaker": "老师",
    "text": "那是谁在这个里面这个样子，"
  },
  {
    "start": 1867.17,
    "end": 1877.79,
    "speaker": "老师",
    "text": "还是这个里面产生的什么，"
  },
  {
    "start": 1877.79,
    "end": 1882.27,
    "speaker": "老师",
    "text": "你告诉我你是东西是吗？"
  },
  {
    "start": 1882.27,
    "end": 1890.18,
    "speaker": "老师",
    "text": "那么这个角是六十度呢，"
  },
  {
    "start": 1890.18,
    "end": 1898.04,
    "speaker": "老师",
    "text": "整个三形分增角六十度，"
  },
  {
    "start": 1898.87,
    "end": 1902.31,
    "speaker": "老师",
    "text": "你可以如说也们是有一的影响。"
  },
  {
    "start": 1902.31,
    "end": 1903.64,
    "speaker": "老师",
    "text": "嗯嗯，"
  },
  {
    "start": 1903.64,
    "end": 1911.64,
    "speaker": "老师",
    "text": "那么这个一个九十一个三个九四的，"
  },
  {
    "start": 1911.64,
    "end": 1911.96,
    "speaker": "老师",
    "text": "嗯，"
  },
  {
    "start": 1911.96,
    "end": 1922.07,
    "speaker": "老师",
    "text": "这个题目有别的不是你你好上面对你，"
  },
  {
    "start": 1922.07,
    "end": 1932.73,
    "speaker": "老师",
    "text": "你可以我觉就就是那个怎么着，"
  },
  {
    "start": 1933.72,
    "end": 1938.52,
    "speaker": "老师",
    "text": "我等一下还有东西从究竟有没有参观，"
  },
  {
    "start": 1938.34,
    "end": 1938.52,
    "speaker": "老师",
    "text": "那我们知道这这边都会有。"
  },
  {
    "start": 1938.34,
    "end": 1938.52,
    "speaker": "老师",
    "text": "对，"
  },
  {
    "start": 1938.34,
    "end": 1938.52,
    "speaker": "老师",
    "text": "那么左边的，"
  },
  {
    "start": 1938.34,
    "end": 1938.52,
    "speaker": "老师",
    "text": "但是我们不能随冰冰水，"
  },
  {
    "start": 1938.34,
    "end": 1938.52,
    "speaker": "老师",
    "text": "冰水冰是不那冰有来了，"
  },
  {
    "start": 1938.34,
    "end": 1938.52,
    "speaker": "老师",
    "text": "那个左边没理，"
  },
  {
    "start": 1938.34,
    "end": 1938.52,
    "speaker": "老师",
    "text": "你怎么怎么样，"
  },
  {
    "start": 1938.34,
    "end": 1938.52,
    "speaker": "老师",
    "text": "这个问什么？"
  },
  {
    "start": 1938.34,
    "end": 1938.52,
    "speaker": "老师",
    "text": "我这个地你们这边讲到的就就为同意这个样样呀，"
  },
  {
    "start": 1938.34,
    "end": 1938.52,
    "speaker": "老师",
    "text": "这个就就那这个就就对的，"
  },
  {
    "start": 1938.34,
    "end": 1938.52,
    "speaker": "老师",
    "text": "是不是这个不错，"
  },
  {
    "start": 1938.34,
    "end": 1938.52,
    "speaker": "老师",
    "text": "这么是这个。"
  },
  {
    "start": 1938.34,
    "end": 1938.52,
    "speaker": "老师",
    "text": "另外有三个角时就是嗯现在想一想什么是这个对不起，"
  },
  {
    "start": 1938.34,
    "end": 1938.52,
    "speaker": "老师",
    "text": "那么我们什么意思？"
  },
  {
    "start": 1938.34,
    "end": 1938.52,
    "speaker": "老师",
    "text": "公共证据打错了。"
  },
  {
    "start": 1938.34,
    "end": 1938.52,
    "speaker": "老师",
    "text": "因为这个在这个期间里，"
  },
  {
    "start": 1938.34,
    "end": 1938.52,
    "speaker": "老师",
    "text": "然后一个我根本没意思。"
  },
  {
    "start": 1938.34,
    "end": 1938.52,
    "speaker": "老师",
    "text": "嗯，"
  },
  {
    "start": 1938.34,
    "end": 1938.52,
    "speaker": "老师",
    "text": "这个什么那么这个一章都是非常的丰常，"
  },
  {
    "start": 1938.34,
    "end": 1938.52,
    "speaker": "老师",
    "text": "我不是担心好的，"
  },
  {
    "start": 1938.34,
    "end": 1938.52,
    "speaker": "老师",
    "text": "这个三十这个这个很明显明白，"
  },
  {
    "start": 1938.34,
    "end": 1938.52,
    "speaker": "老师",
    "text": "你你在我喜欢嗯，"
  },
  {
    "start": 1938.34,
    "end": 1938.52,
    "speaker": "老师",
    "text": "后面我们是这样让我自己你想一想三十四这东西对，"
  },
  {
    "start": 1938.34,
    "end": 1938.52,
    "speaker": "老师",
    "text": "高兴我们然后呢最好我们也可音。"
  },
  {
    "start": 1938.34,
    "end": 1938.52,
    "speaker": "老师",
    "text": "如果是本直接出，"
  },
  {
    "start": 1938.34,
    "end": 1938.52,
    "speaker": "老师",
    "text": "很没错说你的这个成本本本这个呢里面注意三个都可能东西开始我们求此边子增长。"
  },
  {
    "start": 1938.34,
    "end": 1938.52,
    "speaker": "老师",
    "text": "然后呢问嗯东是好，"
  },
  {
    "start": 1938.34,
    "end": 1938.52,
    "speaker": "老师",
    "text": "以这是我们今天对同学们不错。"
  },
  {
    "start": 1938.34,
    "end": 1938.52,
    "speaker": "老师",
    "text": "嗯，"
  },
  {
    "start": 1938.34,
    "end": 1938.52,
    "speaker": "老师",
    "text": "今天左右今天我们的对同学们在这里。"
  }
]