[
  {
    "start": 9.59,
    "end": 10.39,
    "speaker": "老师",
    "text": "同学们，"
  },
  {
    "start": 10.39,
    "end": 11.89,
    "speaker": "老师",
    "text": "大家好，"
  },
  {
    "start": 11.89,
    "end": 15.21,
    "speaker": "老师",
    "text": "上节课我们学了二次根式的乘法，"
  },
  {
    "start": 15.21,
    "end": 18.99,
    "speaker": "老师",
    "text": "今天我们继续来学习二次根式的除法。"
  },
  {
    "start": 18.99,
    "end": 25.08,
    "speaker": "老师",
    "text": "首先我们一起来回顾一下二次根式的乘法法则，"
  },
  {
    "start": 25.08,
    "end": 34.47,
    "speaker": "老师",
    "text": "根号a乘以根号b等于根号a乘b这里被开方数a和b都必须大于等于零，"
  },
  {
    "start": 34.47,
    "end": 37.25,
    "speaker": "老师",
    "text": "也就是两个二次根式相乘，"
  },
  {
    "start": 37.35,
    "end": 43.59,
    "speaker": "老师",
    "text": "等于各被开方数相乘的算术平方根。"
  },
  {
    "start": 43.59,
    "end": 46.79,
    "speaker": "老师",
    "text": "那么类比二次根式的乘法法则，"
  },
  {
    "start": 46.79,
    "end": 54.34,
    "speaker": "老师",
    "text": "我们猜想一下二次根式的除法法则，"
  },
  {
    "start": 54.44,
    "end": 65.15,
    "speaker": "老师",
    "text": "两个二次根式相除等于各被开方数相除的商的算术平方根写成符号语言。"
  },
  {
    "start": 65.15,
    "end": 78.11,
    "speaker": "老师",
    "text": "就是根号a除以根号b等于根号a除以b这里的被开方数a也要是非负数，"
  },
  {
    "start": 78.53,
    "end": 82.81,
    "speaker": "老师",
    "text": "而被开方数b也要是非负的，"
  },
  {
    "start": 82.85,
    "end": 87.69,
    "speaker": "老师",
    "text": "同时它又做了分母，"
  },
  {
    "start": 87.69,
    "end": 89.73,
    "speaker": "老师",
    "text": "所以b不能等于零，"
  },
  {
    "start": 89.73,
    "end": 90.61,
    "speaker": "老师",
    "text": "只能大于零。"
  },
  {
    "start": 90.61,
    "end": 98.52,
    "speaker": "老师",
    "text": "那这个等式能不能作为我们的除法法则呢？"
  },
  {
    "start": 98.78,
    "end": 102.95,
    "speaker": "老师",
    "text": "下面我们来举几个例子进行验证。"
  },
  {
    "start": 103.29,
    "end": 105.42,
    "speaker": "老师",
    "text": "根号四除以根号九，"
  },
  {
    "start": 107.32,
    "end": 113.48,
    "speaker": "老师",
    "text": "分子等于二分母等于三，"
  },
  {
    "start": 113.64,
    "end": 125.37,
    "speaker": "老师",
    "text": "所以结果是三分之二根号九分之四等于根号三分之二的平方，"
  },
  {
    "start": 125.37,
    "end": 131.46,
    "speaker": "老师",
    "text": "用我们二次根式的性质可得答案也是三分之二。"
  },
  {
    "start": 131.54,
    "end": 135.02,
    "speaker": "老师",
    "text": "根号十六除以根号十五分子，"
  },
  {
    "start": 135.02,
    "end": 141.35,
    "speaker": "老师",
    "text": "根号十六等于四分母跟二十五等于五，"
  },
  {
    "start": 141.57,
    "end": 145.46,
    "speaker": "老师",
    "text": "所以结果是五分之四。"
  },
  {
    "start": 145.46,
    "end": 152.47,
    "speaker": "老师",
    "text": "而根号二十五分之十六呢等于根号五分之四的平方，"
  },
  {
    "start": 152.47,
    "end": 159.08,
    "speaker": "老师",
    "text": "用二次根式的性质可得也等于五分之四。"
  },
  {
    "start": 159.08,
    "end": 168.4,
    "speaker": "老师",
    "text": "那么这两个特殊的例子验证后发现这个等式是成立的。"
  },
  {
    "start": 168.4,
    "end": 175.64,
    "speaker": "老师",
    "text": "下面我们再来进行严格的推理证明，"
  },
  {
    "start": 175.64,
    "end": 184.22,
    "speaker": "老师",
    "text": "用乘除的逆运算关系来说明它的正确性。"
  },
  {
    "start": 185.34,
    "end": 188.4,
    "speaker": "老师",
    "text": "我们把分数线看作是除号，"
  },
  {
    "start": 188.4,
    "end": 191.7,
    "speaker": "老师",
    "text": "根号a就是被除数，"
  },
  {
    "start": 191.72,
    "end": 195.19,
    "speaker": "老师",
    "text": "根号b是除数，"
  },
  {
    "start": 195.19,
    "end": 201.12,
    "speaker": "老师",
    "text": "这一个是商要验证这个等式成立，"
  },
  {
    "start": 201.12,
    "end": 208.13,
    "speaker": "老师",
    "text": "我只需要验证除数乘以商等于被除数即可。"
  },
  {
    "start": 208.51,
    "end": 217.71,
    "speaker": "老师",
    "text": "下面我们来计算一下根号b乘以根号b分之a等于被开方数相乘，"
  },
  {
    "start": 217.71,
    "end": 221.49,
    "speaker": "老师",
    "text": "再求算术平根，"
  },
  {
    "start": 221.49,
    "end": 226.71,
    "speaker": "老师",
    "text": "这是二次根式的乘法法则，"
  },
  {
    "start": 226.71,
    "end": 228.33,
    "speaker": "老师",
    "text": "而被派方数。"
  },
  {
    "start": 228.33,
    "end": 230.63,
    "speaker": "老师",
    "text": "刚好这里可以约分，"
  },
  {
    "start": 230.67,
    "end": 238.06,
    "speaker": "老师",
    "text": "结果就等于根号a这里两个因式相乘等于积。"
  },
  {
    "start": 238.06,
    "end": 242.74,
    "speaker": "老师",
    "text": "那我用集根号a除以其中的一个因式，"
  },
  {
    "start": 242.78,
    "end": 246.77,
    "speaker": "老师",
    "text": "自然就等于另外一个因式。"
  },
  {
    "start": 246.77,
    "end": 252.75,
    "speaker": "老师",
    "text": "这样我们就证明了这个式子是正确的。"
  },
  {
    "start": 252.75,
    "end": 257.63,
    "speaker": "老师",
    "text": "那么我们就把它作为二次根式的除法法则。"
  },
  {
    "start": 257.63,
    "end": 260.25,
    "speaker": "老师",
    "text": "在这里我们再一次强调一下，"
  },
  {
    "start": 260.35,
    "end": 266.39,
    "speaker": "老师",
    "text": "a和b的取值范围，"
  },
  {
    "start": 266.39,
    "end": 267.83,
    "speaker": "老师",
    "text": "a要大于等于零，"
  },
  {
    "start": 268.43,
    "end": 270.51,
    "speaker": "老师",
    "text": "它作为被开方数，"
  },
  {
    "start": 271.32,
    "end": 278.48,
    "speaker": "老师",
    "text": "而b呢作为被开方数要大于等于零，"
  },
  {
    "start": 278.48,
    "end": 281.18,
    "speaker": "老师",
    "text": "作为分母又不能为零。"
  },
  {
    "start": 281.18,
    "end": 287.4,
    "speaker": "老师",
    "text": "所以这里没有等号。"
  },
  {
    "start": 287.4,
    "end": 293.07,
    "speaker": "老师",
    "text": "用文字语言表述就是两个二次根式相除，"
  },
  {
    "start": 293.07,
    "end": 303.55,
    "speaker": "老师",
    "text": "等于个被开方数的商的算术平方根。"
  },
  {
    "start": 303.71,
    "end": 304.35,
    "speaker": "老师",
    "text": "反过来，"
  },
  {
    "start": 304.35,
    "end": 311.59,
    "speaker": "老师",
    "text": "这个等式也是成立的两个非负数相除。"
  },
  {
    "start": 311.61,
    "end": 313.45,
    "speaker": "老师",
    "text": "当然，"
  },
  {
    "start": 313.45,
    "end": 318.15,
    "speaker": "老师",
    "text": "这个b不能为零的算术平方根，"
  },
  {
    "start": 318.15,
    "end": 324.96,
    "speaker": "老师",
    "text": "等于它们各自求算术平方根后相除。"
  },
  {
    "start": 324.96,
    "end": 325.48,
    "speaker": "老师",
    "text": "首先，"
  },
  {
    "start": 325.86,
    "end": 328.28,
    "speaker": "老师",
    "text": "从运算顺序的角度来分析，"
  },
  {
    "start": 328.28,
    "end": 329.22,
    "speaker": "老师",
    "text": "两个非负数，"
  },
  {
    "start": 329.22,
    "end": 335.12,
    "speaker": "老师",
    "text": "先求算术平方根再项除。"
  },
  {
    "start": 335.18,
    "end": 337.08,
    "speaker": "老师",
    "text": "当然，"
  },
  {
    "start": 337.16,
    "end": 339.81,
    "speaker": "老师",
    "text": "除数不能为零和先相除，"
  },
  {
    "start": 339.95,
    "end": 345.49,
    "speaker": "老师",
    "text": "再求算术条根结果是一样的。"
  },
  {
    "start": 345.49,
    "end": 349.74,
    "speaker": "老师",
    "text": "下面我们来做几道例题，"
  },
  {
    "start": 350.14,
    "end": 356.37,
    "speaker": "老师",
    "text": "巩固一下我们刚才学的二次根式的除法法则。"
  },
  {
    "start": 356.79,
    "end": 363.77,
    "speaker": "老师",
    "text": "先看例一若这个等式成立求x的取值范围。"
  },
  {
    "start": 364.27,
    "end": 374.87,
    "speaker": "老师",
    "text": "我们来看一下这个等式形式上跟我们除法法则的公式是一致的。"
  },
  {
    "start": 374.95,
    "end": 386.06,
    "speaker": "老师",
    "text": "我们有根号a除以根号b等于根号a除以根号b这里要求a大于等于零b大于零。"
  },
  {
    "start": 386.06,
    "end": 389.67,
    "speaker": "老师",
    "text": "那我们对比一下，"
  },
  {
    "start": 389.79,
    "end": 395.34,
    "speaker": "老师",
    "text": "要想这个式子成立同样的道理，"
  },
  {
    "start": 395.34,
    "end": 404.58,
    "speaker": "老师",
    "text": "这个被开方数x要大于等于零，"
  },
  {
    "start": 404.58,
    "end": 413.36,
    "speaker": "老师",
    "text": "放在分母的位置的这个被开方数一减s要大于零，"
  },
  {
    "start": 414.71,
    "end": 417.59,
    "speaker": "老师",
    "text": "这两个条件要同时满足，"
  },
  {
    "start": 417.59,
    "end": 422.78,
    "speaker": "老师",
    "text": "这样我们就得到了x取值范围，"
  },
  {
    "start": 422.78,
    "end": 425.59,
    "speaker": "老师",
    "text": "x大于等于零小于一，"
  },
  {
    "start": 425.59,
    "end": 429.91,
    "speaker": "老师",
    "text": "所以正确的答案应该选b好，"
  },
  {
    "start": 429.95,
    "end": 434.26,
    "speaker": "老师",
    "text": "再来看例二，"
  },
  {
    "start": 434.26,
    "end": 436.26,
    "speaker": "老师",
    "text": "计算题第一小问，"
  },
  {
    "start": 436.26,
    "end": 440.62,
    "speaker": "老师",
    "text": "我们可以直接套用我们的除法法则，"
  },
  {
    "start": 440.62,
    "end": 448.47,
    "speaker": "老师",
    "text": "等于根号二十四除以三两个倍派方数相同，"
  },
  {
    "start": 448.53,
    "end": 450.66,
    "speaker": "老师",
    "text": "等于根号八。"
  },
  {
    "start": 450.66,
    "end": 454.65,
    "speaker": "老师",
    "text": "那么算到这里的时候，"
  },
  {
    "start": 454.65,
    "end": 456.87,
    "speaker": "老师",
    "text": "千万不要到这儿就停了。"
  },
  {
    "start": 456.87,
    "end": 462.61,
    "speaker": "老师",
    "text": "根号八中还含有开的进方的因数。"
  },
  {
    "start": 462.61,
    "end": 468.65,
    "speaker": "老师",
    "text": "四、我们必须要把开的进方的因数给开出来，"
  },
  {
    "start": 468.65,
    "end": 472.43,
    "speaker": "老师",
    "text": "答案应该等于两倍的根号二。"
  },
  {
    "start": 472.43,
    "end": 473.12,
    "speaker": "老师",
    "text": "第二，"
  },
  {
    "start": 473.98,
    "end": 476.72,
    "speaker": "老师",
    "text": "小问两个被开方数是分数，"
  },
  {
    "start": 476.72,
    "end": 481.68,
    "speaker": "老师",
    "text": "也是直接套用我们的除法法则，"
  },
  {
    "start": 481.74,
    "end": 488.71,
    "speaker": "老师",
    "text": "等于两个被开方数相除之后求算术平方根，"
  },
  {
    "start": 488.71,
    "end": 494.6,
    "speaker": "老师",
    "text": "两个分式相除，"
  },
  {
    "start": 494.6,
    "end": 498.35,
    "speaker": "老师",
    "text": "把除法转化成乘法，"
  },
  {
    "start": 499.46,
    "end": 500.82,
    "speaker": "老师",
    "text": "除以十八分之一，"
  },
  {
    "start": 500.82,
    "end": 504.63,
    "speaker": "老师",
    "text": "就是乘以它的倒数十八。"
  },
  {
    "start": 504.63,
    "end": 509.55,
    "speaker": "老师",
    "text": "这里面我们进行一下化简等于根号二十七。"
  },
  {
    "start": 509.55,
    "end": 512.35,
    "speaker": "老师",
    "text": "同样的道理，"
  },
  {
    "start": 512.35,
    "end": 519.76,
    "speaker": "老师",
    "text": "我们也不能够到这儿就停止计算。"
  },
  {
    "start": 520.02,
    "end": 525.67,
    "speaker": "老师",
    "text": "二十七也含有开的进方的因式，"
  },
  {
    "start": 525.67,
    "end": 526.85,
    "speaker": "老师",
    "text": "因数九，"
  },
  {
    "start": 526.85,
    "end": 530.35,
    "speaker": "老师",
    "text": "所以要化简成三倍的根号三。"
  },
  {
    "start": 530.35,
    "end": 534.48,
    "speaker": "老师",
    "text": "我们再来看例三，"
  },
  {
    "start": 534.48,
    "end": 542.72,
    "speaker": "老师",
    "text": "刚才我们正着用二次根式的除法法则来进行呢计算。"
  },
  {
    "start": 543.32,
    "end": 549.13,
    "speaker": "老师",
    "text": "那么我们把这个公式反过来用，"
  },
  {
    "start": 549.13,
    "end": 555.37,
    "speaker": "老师",
    "text": "可以对一些二次根式进行化简。"
  },
  {
    "start": 555.37,
    "end": 558.94,
    "speaker": "老师",
    "text": "我们先看第一小问，"
  },
  {
    "start": 559.44,
    "end": 562.83,
    "speaker": "老师",
    "text": "反着用公式就可以得到它。"
  },
  {
    "start": 562.83,
    "end": 571.43,
    "speaker": "老师",
    "text": "等于根号三除以根号一百根号一百又等于十，"
  },
  {
    "start": 571.43,
    "end": 577.83,
    "speaker": "老师",
    "text": "所以答案就等于十分之根号三第二小问，"
  },
  {
    "start": 577.83,
    "end": 579.95,
    "speaker": "老师",
    "text": "如果我们要直接套用，"
  },
  {
    "start": 579.95,
    "end": 585.49,
    "speaker": "老师",
    "text": "就是反着用这个公式的话，"
  },
  {
    "start": 585.49,
    "end": 592.57,
    "speaker": "老师",
    "text": "它应该等于根号七十五除以根号二十七。"
  },
  {
    "start": 592.57,
    "end": 594.92,
    "speaker": "老师",
    "text": "那接下来一步该怎么做？"
  },
  {
    "start": 595.66,
    "end": 604.32,
    "speaker": "老师",
    "text": "根号七十五和根号二十七都还不是都含有开的进方的因数。"
  },
  {
    "start": 604.32,
    "end": 608.09,
    "speaker": "老师",
    "text": "要不我们先把它开出来，"
  },
  {
    "start": 608.09,
    "end": 609.79,
    "speaker": "老师",
    "text": "等于五倍的根号三啊，"
  },
  {
    "start": 609.79,
    "end": 616.3,
    "speaker": "老师",
    "text": "根号是七呢等于根号九乘三三倍的根号三。"
  },
  {
    "start": 616.3,
    "end": 623.73,
    "speaker": "老师",
    "text": "这样两个根号三约掉之后的答案就是三分之五。"
  },
  {
    "start": 624.51,
    "end": 625.91,
    "speaker": "老师",
    "text": "也就是说，"
  },
  {
    "start": 625.91,
    "end": 635.94,
    "speaker": "老师",
    "text": "我们打两两数相除的算术平方根化成了它们，"
  },
  {
    "start": 636.44,
    "end": 638.7,
    "speaker": "老师",
    "text": "各自求算术平方根。"
  },
  {
    "start": 638.7,
    "end": 640.44,
    "speaker": "老师",
    "text": "相除时，"
  },
  {
    "start": 640.44,
    "end": 645.26,
    "speaker": "老师",
    "text": "我先把分子和分母都进行化简，"
  },
  {
    "start": 645.26,
    "end": 651.22,
    "speaker": "老师",
    "text": "把能开的进方的因数拿出来，"
  },
  {
    "start": 651.22,
    "end": 653.16,
    "speaker": "老师",
    "text": "然后再来进行约分。"
  },
  {
    "start": 653.2,
    "end": 661.54,
    "speaker": "老师",
    "text": "那这一题呢刚好两个根号三约掉了，"
  },
  {
    "start": 661.54,
    "end": 664.32,
    "speaker": "老师",
    "text": "这是一种处理的方式。"
  },
  {
    "start": 664.68,
    "end": 738.77,
    "speaker": "老师",
    "text": "当然我们也可以一开始就把被开方数中的能约掉的共同的因数约掉去，"
  },
  {
    "start": 739.73,
    "end": 742.84,
    "speaker": "老师",
    "text": "也就是分子分母除都除以三，"
  },
  {
    "start": 742.84,
    "end": 751.48,
    "speaker": "老师",
    "text": "然后再用除法法则反着用等于根号二十五除以根号九，"
  },
  {
    "start": 751.48,
    "end": 754.7,
    "speaker": "老师",
    "text": "那么开出来后就是三分之五。"
  },
  {
    "start": 754.7,
    "end": 757.8,
    "speaker": "老师",
    "text": "那我们看这两种处理的方式，"
  },
  {
    "start": 757.8,
    "end": 763.34,
    "speaker": "老师",
    "text": "那我觉得呢如果我们能够一开始就约掉分，"
  },
  {
    "start": 763.34,
    "end": 771.45,
    "speaker": "老师",
    "text": "可能处理起来会更方便一些。"
  },
  {
    "start": 771.45,
    "end": 773.63,
    "speaker": "老师",
    "text": "下面的这道练习，"
  },
  {
    "start": 774.09,
    "end": 778.74,
    "speaker": "老师",
    "text": "请大家先拿出纸和笔做一做，"
  },
  {
    "start": 778.76,
    "end": 790.49,
    "speaker": "老师",
    "text": "跟老师一起来看一下你的计算结果是否正确。"
  },
  {
    "start": 790.49,
    "end": 791.19,
    "speaker": "老师",
    "text": "第一，"
  },
  {
    "start": 791.19,
    "end": 800.71,
    "speaker": "老师",
    "text": "小问直接用二次根式的除法法则等于根号七十二除以六，"
  },
  {
    "start": 800.71,
    "end": 808.16,
    "speaker": "老师",
    "text": "这个可以整除等于根号十二，"
  },
  {
    "start": 808.16,
    "end": 813.02,
    "speaker": "老师",
    "text": "根号十二不能作为最后的运算结果。"
  },
  {
    "start": 813.14,
    "end": 815.46,
    "speaker": "老师",
    "text": "因为十二还有开的进方的因数四，"
  },
  {
    "start": 815.46,
    "end": 817.74,
    "speaker": "老师",
    "text": "所以把它开出来，"
  },
  {
    "start": 817.82,
    "end": 821.61,
    "speaker": "老师",
    "text": "最后答案是两倍的。"
  },
  {
    "start": 821.61,
    "end": 829.64,
    "speaker": "老师",
    "text": "根号三第二小问被开方数相除再来求算式条根也是直接用除法法则。"
  },
  {
    "start": 829.68,
    "end": 835.01,
    "speaker": "老师",
    "text": "在这里面再把除法转化成乘法，"
  },
  {
    "start": 835.01,
    "end": 839.9,
    "speaker": "老师",
    "text": "乘以它的倒数，"
  },
  {
    "start": 839.9,
    "end": 842.46,
    "speaker": "老师",
    "text": "然后能约分的约掉分。"
  },
  {
    "start": 842.46,
    "end": 846.61,
    "speaker": "老师",
    "text": "这里约掉一个b五和二十，"
  },
  {
    "start": 846.61,
    "end": 847.93,
    "speaker": "老师",
    "text": "约掉一个五，"
  },
  {
    "start": 847.93,
    "end": 849.83,
    "speaker": "老师",
    "text": "答案是四a的平方，"
  },
  {
    "start": 849.83,
    "end": 851.91,
    "speaker": "老师",
    "text": "b倍的算术一样，"
  },
  {
    "start": 851.91,
    "end": 854.71,
    "speaker": "老师",
    "text": "根这个结果也不能作为最后的答案。"
  },
  {
    "start": 854.89,
    "end": 858.18,
    "speaker": "老师",
    "text": "因为这里的四还可以开出来，"
  },
  {
    "start": 858.18,
    "end": 859.86,
    "speaker": "老师",
    "text": "a的平方也能开出来。"
  },
  {
    "start": 859.86,
    "end": 867.96,
    "speaker": "老师",
    "text": "所以最后答案应该是二a倍的根号b那我们来反思一下我们的计算过程。"
  },
  {
    "start": 867.96,
    "end": 877.05,
    "speaker": "老师",
    "text": "前面的这一步都是在用除法二次根式的除法法则的公式。"
  },
  {
    "start": 877.05,
    "end": 883.14,
    "speaker": "老师",
    "text": "后面的这一步的目的是什么呢？"
  },
  {
    "start": 883.34,
    "end": 886.51,
    "speaker": "老师",
    "text": "是要把我们的最后的运算结果化到最简。"
  },
  {
    "start": 887.98,
    "end": 898.31,
    "speaker": "老师",
    "text": "我们都知道代数运算的结果都需要把式子化的最简二次根式的运算也不例外。"
  },
  {
    "start": 898.31,
    "end": 906.9,
    "speaker": "老师",
    "text": "我们最后都要把二次这个运算结果化成最简的二次根式。"
  },
  {
    "start": 906.9,
    "end": 913.91,
    "speaker": "老师",
    "text": "那什么样的二次根式是最简的二次根式呢？"
  },
  {
    "start": 913.91,
    "end": 918.76,
    "speaker": "老师",
    "text": "最简二次根式需要满足以下两个条件。"
  },
  {
    "start": 919.73,
    "end": 923.59,
    "speaker": "老师",
    "text": "第一个条件就是被开方数不含分母，"
  },
  {
    "start": 923.59,
    "end": 926.75,
    "speaker": "老师",
    "text": "它有两层含义。"
  },
  {
    "start": 926.75,
    "end": 929.79,
    "speaker": "老师",
    "text": "第一个根号中不含分母。"
  },
  {
    "start": 929.79,
    "end": 935.79,
    "speaker": "老师",
    "text": "比如说像根号六分之五这个根号中就含有分数，"
  },
  {
    "start": 935.79,
    "end": 940.76,
    "speaker": "老师",
    "text": "所以也就是含有分母，"
  },
  {
    "start": 940.76,
    "end": 944.12,
    "speaker": "老师",
    "text": "所以它不是最简二次根式。"
  },
  {
    "start": 944.12,
    "end": 951.92,
    "speaker": "老师",
    "text": "第二个分母中不含根号，"
  },
  {
    "start": 951.92,
    "end": 954.78,
    "speaker": "老师",
    "text": "你看我们这一个分母就含有根号，"
  },
  {
    "start": 954.78,
    "end": 959.18,
    "speaker": "老师",
    "text": "所以他也不是最简二次根tion,"
  },
  {
    "start": 959.18,
    "end": 962.4,
    "speaker": "老师",
    "text": "而像五分之根号三，"
  },
  {
    "start": 962.58,
    "end": 964.89,
    "speaker": "老师",
    "text": "它的根号中不含分母，"
  },
  {
    "start": 966.05,
    "end": 969.88,
    "speaker": "老师",
    "text": "分母中也不含根号，"
  },
  {
    "start": 969.9,
    "end": 972.24,
    "speaker": "老师",
    "text": "所以它是最简二次根式。"
  },
  {
    "start": 972.24,
    "end": 974.73,
    "speaker": "老师",
    "text": "第二个条件，"
  },
  {
    "start": 974.93,
    "end": 980.35,
    "speaker": "老师",
    "text": "备胎方数中含不含能开的进方的因数或因式。"
  },
  {
    "start": 980.35,
    "end": 983.79,
    "speaker": "老师",
    "text": "你像根号二十七，"
  },
  {
    "start": 985.21,
    "end": 988.27,
    "speaker": "老师",
    "text": "它就含有开的进方的，"
  },
  {
    "start": 988.29,
    "end": 998.38,
    "speaker": "老师",
    "text": "因数九而根号c的平方b它含有开的进方的因数是因是a的平方，"
  },
  {
    "start": 998.38,
    "end": 1003.87,
    "speaker": "老师",
    "text": "所以它们都不是最简二次根式。"
  },
  {
    "start": 1003.87,
    "end": 1010.27,
    "speaker": "老师",
    "text": "下面我们对最简二次根式的概念进行辨析。"
  },
  {
    "start": 1010.41,
    "end": 1012.87,
    "speaker": "老师",
    "text": "第一小问根号五十，"
  },
  {
    "start": 1013.25,
    "end": 1013.92,
    "speaker": "老师",
    "text": "五十，"
  },
  {
    "start": 1014.83,
    "end": 1019.27,
    "speaker": "老师",
    "text": "我们都知道它有一个因数是五是可以开出来的，"
  },
  {
    "start": 1019.49,
    "end": 1023.95,
    "speaker": "老师",
    "text": "所以它不是最简二次根式好。"
  },
  {
    "start": 1024.47,
    "end": 1025.37,
    "speaker": "老师",
    "text": "第二，"
  },
  {
    "start": 1025.43,
    "end": 1034.42,
    "speaker": "老师",
    "text": "小问明显的被开分数含有分母，"
  },
  {
    "start": 1034.68,
    "end": 1036.44,
    "speaker": "老师",
    "text": "所以他也不是。"
  },
  {
    "start": 1036.44,
    "end": 1036.86,
    "speaker": "老师",
    "text": "第三，"
  },
  {
    "start": 1036.86,
    "end": 1040.96,
    "speaker": "老师",
    "text": "小问看上去好像被派方数不含分母。"
  },
  {
    "start": 1040.96,
    "end": 1052.84,
    "speaker": "老师",
    "text": "但是我们知道零点三这样的有限小数，"
  },
  {
    "start": 1052.84,
    "end": 1056.1,
    "speaker": "老师",
    "text": "它都是归属在分数这一类的，"
  },
  {
    "start": 1056.1,
    "end": 1057.58,
    "speaker": "老师",
    "text": "他可以化成十分之三，"
  },
  {
    "start": 1057.58,
    "end": 1064.08,
    "speaker": "老师",
    "text": "所以它的被开方数也是含有分母的，"
  },
  {
    "start": 1064.95,
    "end": 1068.97,
    "speaker": "老师",
    "text": "它不是最简二次根式。"
  },
  {
    "start": 1068.97,
    "end": 1073.19,
    "speaker": "老师",
    "text": "再来看第四小问分母中含有根号，"
  },
  {
    "start": 1073.19,
    "end": 1079.66,
    "speaker": "老师",
    "text": "不是第五小问s三次方开含开的进方的s平方项，"
  },
  {
    "start": 1079.86,
    "end": 1084.43,
    "speaker": "老师",
    "text": "所以它不是的。"
  },
  {
    "start": 1084.43,
    "end": 1087.49,
    "speaker": "老师",
    "text": "而第六小问呢x平方加y方，"
  },
  {
    "start": 1087.49,
    "end": 1090.51,
    "speaker": "老师",
    "text": "这是一个多项式，"
  },
  {
    "start": 1090.67,
    "end": 1098.0,
    "speaker": "老师",
    "text": "这个多项式是不能够继续进行因式分解的，"
  },
  {
    "start": 1098.0,
    "end": 1101.8,
    "speaker": "老师",
    "text": "也就是它不含开的进方的因数或因式。"
  },
  {
    "start": 1101.8,
    "end": 1105.69,
    "speaker": "老师",
    "text": "所以它是z减二次根式。"
  },
  {
    "start": 1105.73,
    "end": 1115.52,
    "speaker": "老师",
    "text": "下面呢我们就用刚才所学的最简二次根式的知识来对这些式子进行计算和化简。"
  },
  {
    "start": 1115.52,
    "end": 1125.1,
    "speaker": "老师",
    "text": "先看第一小问根号五分之一，"
  },
  {
    "start": 1125.12,
    "end": 1127.12,
    "speaker": "老师",
    "text": "这个被开方数含有分母，"
  },
  {
    "start": 1127.12,
    "end": 1129.16,
    "speaker": "老师",
    "text": "所以它不是最简的，"
  },
  {
    "start": 1129.16,
    "end": 1143.21,
    "speaker": "老师",
    "text": "我们得把它化成最简的那第一步呢我们先用除法法则利用等于根号五分之一。"
  },
  {
    "start": 1143.21,
    "end": 1145.77,
    "speaker": "老师",
    "text": "那这样的话呢，"
  },
  {
    "start": 1145.77,
    "end": 1147.91,
    "speaker": "老师",
    "text": "还不是最简单，"
  },
  {
    "start": 1147.97,
    "end": 1150.33,
    "speaker": "老师",
    "text": "因为分母中又含根号了，"
  },
  {
    "start": 1150.33,
    "end": 1154.2,
    "speaker": "老师",
    "text": "怎么办呢？"
  },
  {
    "start": 1154.2,
    "end": 1157.62,
    "speaker": "老师",
    "text": "怎么才能把分母中的这个根号给划掉呢？"
  },
  {
    "start": 1157.68,
    "end": 1171.19,
    "speaker": "老师",
    "text": "这里我们想到了前面学过的二次根式的一条性质，"
  },
  {
    "start": 1171.19,
    "end": 1180.05,
    "speaker": "老师",
    "text": "根号a五的平方是等于五的那我在这个分式分子的分母都乘个根号五的话，"
  },
  {
    "start": 1180.63,
    "end": 1187.2,
    "speaker": "老师",
    "text": "分母中就会有根号五的平方。"
  },
  {
    "start": 1187.2,
    "end": 1192.63,
    "speaker": "老师",
    "text": "这样我就把分母变成了有理数，"
  },
  {
    "start": 1192.67,
    "end": 1196.27,
    "speaker": "老师",
    "text": "也就是把它的分母度的根号给化去了。"
  },
  {
    "start": 1197.46,
    "end": 1199.38,
    "speaker": "老师",
    "text": "这一步呢在我们数学中，"
  },
  {
    "start": 1199.38,
    "end": 1201.56,
    "speaker": "老师",
    "text": "我们把它叫做分母有理化。"
  },
  {
    "start": 1201.56,
    "end": 1211.26,
    "speaker": "老师",
    "text": "就是原本这个分母是一个无理数，"
  },
  {
    "start": 1211.26,
    "end": 1215.46,
    "speaker": "老师",
    "text": "通过这一步的运算变形之后，"
  },
  {
    "start": 1215.46,
    "end": 1217.65,
    "speaker": "老师",
    "text": "把它化成了有理数。"
  },
  {
    "start": 1217.65,
    "end": 1221.79,
    "speaker": "老师",
    "text": "而这种方法呢对这一类的化简都是有用的。"
  },
  {
    "start": 1221.79,
    "end": 1231.27,
    "speaker": "老师",
    "text": "我们来看化简根号a分之一可以分子分母同乘以根号a分呃，"
  },
  {
    "start": 1231.27,
    "end": 1237.21,
    "speaker": "老师",
    "text": "同乘以根号a就等于分母根号a乘根号a就是根号a的平方，"
  },
  {
    "start": 1237.21,
    "end": 1242.73,
    "speaker": "老师",
    "text": "等于a分子是根号a这样就实现了分母的有理化。"
  },
  {
    "start": 1242.73,
    "end": 1247.35,
    "speaker": "老师",
    "text": "再来看第二小问这个的分母，"
  },
  {
    "start": 1248.06,
    "end": 1255.05,
    "speaker": "老师",
    "text": "还有根号三跟刚才的方法一样，"
  },
  {
    "start": 1255.27,
    "end": 1260.03,
    "speaker": "老师",
    "text": "分子分母同乘一个根号三就可以得到三分之根号六，"
  },
  {
    "start": 1260.03,
    "end": 1263.17,
    "speaker": "老师",
    "text": "达到了这个分母有理化的这个目的。"
  },
  {
    "start": 1263.17,
    "end": 1265.03,
    "speaker": "老师",
    "text": "而三分之根号六，"
  },
  {
    "start": 1265.11,
    "end": 1267.91,
    "speaker": "老师",
    "text": "现在它的分母中不含根号，"
  },
  {
    "start": 1267.91,
    "end": 1268.34,
    "speaker": "老师",
    "text": "呃，"
  },
  {
    "start": 1269.35,
    "end": 1270.63,
    "speaker": "老师",
    "text": "根号中不含分母，"
  },
  {
    "start": 1270.63,
    "end": 1272.09,
    "speaker": "老师",
    "text": "分母中也不含根号，"
  },
  {
    "start": 1272.09,
    "end": 1277.32,
    "speaker": "老师",
    "text": "它就是最简的二次根式。"
  },
  {
    "start": 1277.32,
    "end": 1279.56,
    "speaker": "老师",
    "text": "再来看第三小问，"
  },
  {
    "start": 1279.56,
    "end": 1285.39,
    "speaker": "老师",
    "text": "我们可以先用除法法则把它变成根号。"
  },
  {
    "start": 1285.39,
    "end": 1286.19,
    "speaker": "老师",
    "text": "三十分之十八。"
  },
  {
    "start": 1286.59,
    "end": 1290.15,
    "speaker": "老师",
    "text": "前面我们遇到过这样的例题，"
  },
  {
    "start": 1290.15,
    "end": 1303.73,
    "speaker": "老师",
    "text": "就是要把这个十八和三十先来约下分约方后就等于根号五分之三。"
  },
  {
    "start": 1303.73,
    "end": 1307.63,
    "speaker": "老师",
    "text": "但是这个分母中，"
  },
  {
    "start": 1307.63,
    "end": 1312.58,
    "speaker": "老师",
    "text": "这个被派方数是含有分母的，"
  },
  {
    "start": 1312.58,
    "end": 1315.3,
    "speaker": "老师",
    "text": "所以我们还得把它还来，"
  },
  {
    "start": 1315.3,
    "end": 1323.39,
    "speaker": "老师",
    "text": "还要把它化简化成最简的那这个时候再变成根号三除以根号五分子分母，"
  },
  {
    "start": 1323.39,
    "end": 1327.6,
    "speaker": "老师",
    "text": "再都乘根号五实现分母有理化，"
  },
  {
    "start": 1327.6,
    "end": 1330.5,
    "speaker": "老师",
    "text": "最后结果是五分之根号十五。"
  },
  {
    "start": 1330.5,
    "end": 1337.32,
    "speaker": "老师",
    "text": "当然这道题我们还有一种另外的一种处理方式。"
  },
  {
    "start": 1337.48,
    "end": 1339.97,
    "speaker": "老师",
    "text": "你看根号十八和根号三十，"
  },
  {
    "start": 1339.97,
    "end": 1342.99,
    "speaker": "老师",
    "text": "根号十八拆分成根号三乘，"
  },
  {
    "start": 1343.01,
    "end": 1350.54,
    "speaker": "老师",
    "text": "根号六根号三十拆分成根号五乘根号六。"
  },
  {
    "start": 1351.2,
    "end": 1356.86,
    "speaker": "老师",
    "text": "先把这个根号六再把根号六约掉之后也可以得到它。"
  },
  {
    "start": 1356.94,
    "end": 1361.51,
    "speaker": "老师",
    "text": "那这两种方式其实都可以。"
  },
  {
    "start": 1361.51,
    "end": 1364.71,
    "speaker": "老师",
    "text": "你是先把被开方数约分，"
  },
  {
    "start": 1364.77,
    "end": 1371.36,
    "speaker": "老师",
    "text": "再用再用除法法则的运算变成根号五分之根号三，"
  },
  {
    "start": 1371.72,
    "end": 1376.93,
    "speaker": "老师",
    "text": "也可以开始就对这个二次根式进行拆分，"
  },
  {
    "start": 1376.93,
    "end": 1381.09,
    "speaker": "老师",
    "text": "把能约掉的约掉得到这个结果。"
  },
  {
    "start": 1381.09,
    "end": 1381.51,
    "speaker": "老师",
    "text": "好，"
  },
  {
    "start": 1381.51,
    "end": 1384.57,
    "speaker": "老师",
    "text": "再来看第四小问根号十二分之一。"
  },
  {
    "start": 1384.89,
    "end": 1388.33,
    "speaker": "老师",
    "text": "按照我们刚才的方法，"
  },
  {
    "start": 1388.33,
    "end": 1391.93,
    "speaker": "老师",
    "text": "我们会在分子分母同乘个根号十二，"
  },
  {
    "start": 1391.93,
    "end": 1400.4,
    "speaker": "老师",
    "text": "这样的话结果就是十二分之根号十二了。"
  },
  {
    "start": 1400.4,
    "end": 1404.03,
    "speaker": "老师",
    "text": "但是到这一步的时候呢，"
  },
  {
    "start": 1404.03,
    "end": 1427.18,
    "speaker": "老师",
    "text": "它还不是最简的二次根式。"
  },
  {
    "start": 1427.18,
    "end": 1438.17,
    "speaker": "老师",
    "text": "因为这里的根号十二还可以进一步的化简乘两倍。"
  },
  {
    "start": 1438.25,
    "end": 1447.26,
    "speaker": "老师",
    "text": "根号三约分后是等于你又粉这双伞的，"
  },
  {
    "start": 1447.26,
    "end": 1454.08,
    "speaker": "老师",
    "text": "已经是最简二次根式了停止。"
  },
  {
    "start": 1454.08,
    "end": 1460.02,
    "speaker": "老师",
    "text": "所以我们在计算的过程中的最后一步，"
  },
  {
    "start": 1460.02,
    "end": 1463.06,
    "speaker": "老师",
    "text": "一定要去检验一下。"
  },
  {
    "start": 1463.06,
    "end": 1465.3,
    "speaker": "老师",
    "text": "我有没有把结果化到最简？"
  },
  {
    "start": 1465.3,
    "end": 1469.85,
    "speaker": "老师",
    "text": "对这种分母本身就不是最简二次根式的。"
  },
  {
    "start": 1469.85,
    "end": 1471.75,
    "speaker": "老师",
    "text": "我们在化简的时候呢，"
  },
  {
    "start": 1471.75,
    "end": 1476.05,
    "speaker": "老师",
    "text": "可以先把它化成最简二次根式。"
  },
  {
    "start": 1476.05,
    "end": 1486.63,
    "speaker": "老师",
    "text": "那这里我就只需要分子分母同乘个根号三即可两倍根号三乘根号三等于二乘三，"
  },
  {
    "start": 1487.34,
    "end": 1488.98,
    "speaker": "老师",
    "text": "结果是六，"
  },
  {
    "start": 1488.98,
    "end": 1490.72,
    "speaker": "老师",
    "text": "分子是根号三，"
  },
  {
    "start": 1490.72,
    "end": 1564.0,
    "speaker": "老师",
    "text": "答案跟上面这种方法是一样的。"
  },
  {
    "start": 1564.0,
    "end": 1579.11,
    "speaker": "老师",
    "text": "那在这里呢我分子分母同乘的这个二次根式相对刚才的这种要小一些。"
  },
  {
    "start": 1579.11,
    "end": 1593.76,
    "speaker": "老师",
    "text": "以后我们在计算的时候可能更倾向于用下面的第二种方法。"
  },
  {
    "start": 1593.76,
    "end": 1603.56,
    "speaker": "老师",
    "text": "接下来大家来做几道练习题，"
  },
  {
    "start": 1603.56,
    "end": 1606.68,
    "speaker": "老师",
    "text": "对我们所学的知识进行巩固。"
  },
  {
    "start": 1606.7,
    "end": 1608.32,
    "speaker": "老师",
    "text": "先看练习，"
  },
  {
    "start": 1608.32,
    "end": 1613.35,
    "speaker": "老师",
    "text": "一我们一起来看一下正确答案是多少。"
  },
  {
    "start": 1613.35,
    "end": 1616.2,
    "speaker": "老师",
    "text": "等于根号三除以根号八，"
  },
  {
    "start": 1616.2,
    "end": 1622.8,
    "speaker": "老师",
    "text": "等于根号三除以根号八是两倍的根号二，"
  },
  {
    "start": 1622.96,
    "end": 1628.98,
    "speaker": "老师",
    "text": "然后再分子分母同乘根号二，"
  },
  {
    "start": 1628.98,
    "end": 1631.88,
    "speaker": "老师",
    "text": "四分之根号六。"
  },
  {
    "start": 1633.53,
    "end": 1637.85,
    "speaker": "老师",
    "text": "所以正确答案应该选c而作为选择题，"
  },
  {
    "start": 1637.85,
    "end": 1640.68,
    "speaker": "老师",
    "text": "这道题我们根本不需要计算，"
  },
  {
    "start": 1640.68,
    "end": 1665.13,
    "speaker": "老师",
    "text": "你就知道正确答案应该是c因为我们刚才说化简后的结果应该是个最简二次根式。"
  },
  {
    "start": 1665.13,
    "end": 1668.75,
    "speaker": "老师",
    "text": "你看我们的a选项被开方数含根，"
  },
  {
    "start": 1668.75,
    "end": 1672.71,
    "speaker": "老师",
    "text": "这分母含有根号不是最简的，"
  },
  {
    "start": 1672.71,
    "end": 1676.36,
    "speaker": "老师",
    "text": "b选项也是一样。"
  },
  {
    "start": 1676.36,
    "end": 1689.24,
    "speaker": "老师",
    "text": "而d选项呢它的被开方数含分母也不是最简单，"
  },
  {
    "start": 1689.24,
    "end": 1708.17,
    "speaker": "老师",
    "text": "所以正确答案用排除法也能得到，"
  },
  {
    "start": 1708.17,
    "end": 1731.45,
    "speaker": "老师",
    "text": "是c再来看练习。"
  },
  {
    "start": 1731.45,
    "end": 1743.45,
    "speaker": "老师",
    "text": "二、跟老师一起来看一下正确答案是什么。"
  },
  {
    "start": 1743.45,
    "end": 1745.63,
    "speaker": "老师",
    "text": "先看第一小问，"
  },
  {
    "start": 1745.63,
    "end": 1748.46,
    "speaker": "老师",
    "text": "这个分母中还有根号，"
  },
  {
    "start": 1748.46,
    "end": 1754.79,
    "speaker": "老师",
    "text": "所以我们进行分母有理化分子分母同乘以根号五，"
  },
  {
    "start": 1754.79,
    "end": 1759.34,
    "speaker": "老师",
    "text": "结果等于五分之根号十五。"
  },
  {
    "start": 1759.34,
    "end": 1760.34,
    "speaker": "老师",
    "text": "第二小问，"
  },
  {
    "start": 1760.34,
    "end": 1764.44,
    "speaker": "老师",
    "text": "我们在做计算题的时候，"
  },
  {
    "start": 1764.52,
    "end": 1771.37,
    "speaker": "老师",
    "text": "第一步一定是要仔细审题，"
  },
  {
    "start": 1771.37,
    "end": 1774.96,
    "speaker": "老师",
    "text": "看看这个式子它有没有它的特点。"
  },
  {
    "start": 1774.96,
    "end": 1776.5,
    "speaker": "老师",
    "text": "我们来看这儿，"
  },
  {
    "start": 1776.5,
    "end": 1780.24,
    "speaker": "老师",
    "text": "被开方数两百是可以整除五的，"
  },
  {
    "start": 1780.24,
    "end": 1788.3,
    "speaker": "老师",
    "text": "所以在这儿呢我们可以不要去急着进行分母，"
  },
  {
    "start": 1788.3,
    "end": 1796.57,
    "speaker": "老师",
    "text": "有铝化，"
  },
  {
    "start": 1797.67,
    "end": 1799.71,
    "speaker": "老师",
    "text": "它等于根号两百除以五，"
  },
  {
    "start": 1799.71,
    "end": 1800.69,
    "speaker": "老师",
    "text": "先把五约掉，"
  },
  {
    "start": 1800.69,
    "end": 1802.22,
    "speaker": "老师",
    "text": "根号四十。"
  },
  {
    "start": 1802.22,
    "end": 1803.7,
    "speaker": "老师",
    "text": "当然，"
  },
  {
    "start": 1804.02,
    "end": 1811.89,
    "speaker": "老师",
    "text": "根号四十是不能作为最后的结果的，"
  },
  {
    "start": 1811.89,
    "end": 1814.53,
    "speaker": "老师",
    "text": "它还有开的进方的因数四，"
  },
  {
    "start": 1814.53,
    "end": 1822.82,
    "speaker": "老师",
    "text": "再化成最近等于两倍的根号十。"
  },
  {
    "start": 1822.82,
    "end": 1824.16,
    "speaker": "老师",
    "text": "第三小问，"
  },
  {
    "start": 1824.16,
    "end": 1835.32,
    "speaker": "老师",
    "text": "我们刚才的例题中有讲到，"
  },
  {
    "start": 1835.44,
    "end": 1836.86,
    "speaker": "老师",
    "text": "像这种分母，"
  },
  {
    "start": 1836.9,
    "end": 1873.71,
    "speaker": "老师",
    "text": "它自己都不是最简的二次根式。"
  },
  {
    "start": 1873.71,
    "end": 1884.67,
    "speaker": "老师",
    "text": "我们往往习惯于先把它化成最简的二次根式，"
  },
  {
    "start": 1884.67,
    "end": 1887.27,
    "speaker": "老师",
    "text": "然后能约分的约掉分，"
  },
  {
    "start": 1887.27,
    "end": 1890.5,
    "speaker": "老师",
    "text": "再来进行分母有滤化分子，"
  },
  {
    "start": 1890.5,
    "end": 1892.18,
    "speaker": "老师",
    "text": "分母同乘根号三。"
  },
  {
    "start": 1892.2,
    "end": 1895.01,
    "speaker": "老师",
    "text": "你的前三题做对了吗？"
  },
  {
    "start": 1895.55,
    "end": 1895.89,
    "speaker": "老师",
    "text": "好，"
  },
  {
    "start": 1895.89,
    "end": 1898.44,
    "speaker": "老师",
    "text": "老师要擦黑板了啊，"
  },
  {
    "start": 1898.44,
    "end": 1911.78,
    "speaker": "老师",
    "text": "我们再来看第四小题圆是等于像这种量梁式子用除除号的。"
  },
  {
    "start": 1912.38,
    "end": 1917.76,
    "speaker": "老师",
    "text": "我们都习惯于先把它化成分式的形式看一下，"
  },
  {
    "start": 1917.76,
    "end": 1919.06,
    "speaker": "老师",
    "text": "能不能约分。"
  },
  {
    "start": 1919.06,
    "end": 1926.98,
    "speaker": "老师",
    "text": "这里有二a这里有根号六a明显有一个倍数关系，"
  },
  {
    "start": 1926.98,
    "end": 1929.18,
    "speaker": "老师",
    "text": "所以我在这里选择把它拆分。"
  },
  {
    "start": 1929.2,
    "end": 1938.61,
    "speaker": "老师",
    "text": "乘根号三乘以根号二a等于根号三分之一。"
  },
  {
    "start": 1938.61,
    "end": 1939.23,
    "speaker": "老师",
    "text": "约分之后，"
  },
  {
    "start": 1939.23,
    "end": 1948.18,
    "speaker": "老师",
    "text": "我们发现分母中是带根号的这不是最简二次根式，"
  },
  {
    "start": 1948.18,
    "end": 1953.39,
    "speaker": "老师",
    "text": "所以要进行分母有理化分子分母同乘根号。"
  },
  {
    "start": 1953.87,
    "end": 1954.29,
    "speaker": "老师",
    "text": "三。"
  },
  {
    "start": 1954.31,
    "end": 1957.33,
    "speaker": "老师",
    "text": "答案是三分之根号三。"
  },
  {
    "start": 1957.33,
    "end": 1958.87,
    "speaker": "老师",
    "text": "再看第五小题，"
  },
  {
    "start": 1958.87,
    "end": 1973.87,
    "speaker": "老师",
    "text": "这里的八和二倍根号二也是可以约掉一个二的根号二的。"
  },
  {
    "start": 1973.87,
    "end": 1981.38,
    "speaker": "老师",
    "text": "所以把八化简成两倍的根号二跟下面的根号二乘根号a可以约掉一个根号二哦。"
  },
  {
    "start": 1981.38,
    "end": 1998.45,
    "speaker": "老师",
    "text": "然后进行分母有理化分子分母同乘根号a a分之两倍的根号a下面我们再来看第三道计算题，"
  },
  {
    "start": 1998.55,
    "end": 2005.05,
    "speaker": "老师",
    "text": "我们一起来看一下这道题的正确答案是多少。"
  },
  {
    "start": 2005.05,
    "end": 2008.81,
    "speaker": "老师",
    "text": "减圆是等于我们观察这个式子，"
  },
  {
    "start": 2008.81,
    "end": 2013.78,
    "speaker": "老师",
    "text": "它是乘法和除法的混合运算。"
  },
  {
    "start": 2013.8,
    "end": 2020.62,
    "speaker": "老师",
    "text": "那么我们就按照运算顺序，"
  },
  {
    "start": 2020.62,
    "end": 2025.56,
    "speaker": "老师",
    "text": "从左到右依次进行。"
  },
  {
    "start": 2025.68,
    "end": 2028.52,
    "speaker": "老师",
    "text": "前面的这两个二次根式相乘，"
  },
  {
    "start": 2028.52,
    "end": 2033.33,
    "speaker": "老师",
    "text": "我们可以把它的系数部分先存在一起两个根号乘在一起，"
  },
  {
    "start": 2033.33,
    "end": 2039.32,
    "speaker": "老师",
    "text": "后面的造型等于二分之一乘以。"
  },
  {
    "start": 2039.34,
    "end": 2046.17,
    "speaker": "老师",
    "text": "这里是根号十二乘根号三就等于根号三十六，"
  },
  {
    "start": 2046.39,
    "end": 2052.52,
    "speaker": "老师",
    "text": "那么答案开出来应该是六除以三倍的根号二等于三。"
  },
  {
    "start": 2052.8,
    "end": 2054.84,
    "speaker": "老师",
    "text": "那么我们的除除法，"
  },
  {
    "start": 2054.84,
    "end": 2062.13,
    "speaker": "老师",
    "text": "我们通常都化作分数线来进行约分根号二分之一，"
  },
  {
    "start": 2062.13,
    "end": 2074.37,
    "speaker": "老师",
    "text": "最后还要进行分母有理化分子分母同乘根号二等于二分之根号二。"
  },
  {
    "start": 2074.37,
    "end": 2077.86,
    "speaker": "老师",
    "text": "而对于这种乘除的混合运算，"
  },
  {
    "start": 2077.86,
    "end": 2085.61,
    "speaker": "老师",
    "text": "我们还有一种策略就是先把除法转化成乘法，"
  },
  {
    "start": 2085.26,
    "end": 2085.61,
    "speaker": "老师",
    "text": "然后再来进行连乘的这个计算。"
  },
  {
    "start": 2085.26,
    "end": 2085.61,
    "speaker": "老师",
    "text": "我们来看一下另外一种解法，"
  },
  {
    "start": 2085.26,
    "end": 2085.61,
    "speaker": "老师",
    "text": "原式等于。"
  },
  {
    "start": 2085.26,
    "end": 2085.61,
    "speaker": "老师",
    "text": "那么在呃边计算的过程中，"
  },
  {
    "start": 2085.26,
    "end": 2085.61,
    "speaker": "老师",
    "text": "我们也可以把这些不是最简二次根式的先化一下。"
  },
  {
    "start": 2085.26,
    "end": 2085.61,
    "speaker": "老师",
    "text": "简二乘以两倍的根号三乘以四分之根号三除以三倍的根号二可以写成乘以三倍根号二分之一，"
  },
  {
    "start": 2085.26,
    "end": 2085.61,
    "speaker": "老师",
    "text": "等于这里的二二，"
  },
  {
    "start": 2085.26,
    "end": 2085.61,
    "speaker": "老师",
    "text": "我们可以约一下分。"
  },
  {
    "start": 2085.26,
    "end": 2085.61,
    "speaker": "老师",
    "text": "对，"
  },
  {
    "start": 2085.26,
    "end": 2085.61,
    "speaker": "老师",
    "text": "这个根号三乘根号三得三三乘以三分之根号分之一，"
  },
  {
    "start": 2085.26,
    "end": 2085.61,
    "speaker": "老师",
    "text": "这里又可以进一步约分，"
  },
  {
    "start": 2085.26,
    "end": 2085.61,
    "speaker": "老师",
    "text": "等于根号二分之一，"
  },
  {
    "start": 2085.26,
    "end": 2085.61,
    "speaker": "老师",
    "text": "结果也是二分之根号二。"
  },
  {
    "start": 2085.26,
    "end": 2085.61,
    "speaker": "老师",
    "text": "同学们，"
  },
  {
    "start": 2085.26,
    "end": 2085.61,
    "speaker": "老师",
    "text": "你做对了吗？"
  },
  {
    "start": 2085.26,
    "end": 2085.61,
    "speaker": "老师",
    "text": "今天这节课的主要内容就是这些。"
  },
  {
    "start": 2085.26,
    "end": 2085.61,
    "speaker": "老师",
    "text": "下面呢大家跟我一起来做课堂小结。"
  },
  {
    "start": 2085.26,
    "end": 2085.61,
    "speaker": "老师",
    "text": "今天我们主要是学习了二次根式的除法法则，"
  },
  {
    "start": 2085.26,
    "end": 2085.61,
    "speaker": "老师",
    "text": "在这里b的范围这里不能取等号啊。"
  },
  {
    "start": 2085.26,
    "end": 2085.61,
    "speaker": "老师",
    "text": "然后我们还学了最简二次根根式要满足的条件。"
  },
  {
    "start": 2085.26,
    "end": 2085.61,
    "speaker": "老师",
    "text": "第一个被开方数不含分母，"
  },
  {
    "start": 2085.26,
    "end": 2085.61,
    "speaker": "老师",
    "text": "它有两层含义，"
  },
  {
    "start": 2085.26,
    "end": 2085.61,
    "speaker": "老师",
    "text": "第一层含义是被开方数中没有分母，"
  },
  {
    "start": 2085.26,
    "end": 2085.61,
    "speaker": "老师",
    "text": "没有分式。"
  },
  {
    "start": 2085.26,
    "end": 2085.61,
    "speaker": "老师",
    "text": "第二个呢，"
  },
  {
    "start": 2085.26,
    "end": 2085.61,
    "speaker": "老师",
    "text": "就是分母中还不能含根号。"
  },
  {
    "start": 2085.26,
    "end": 2085.61,
    "speaker": "老师",
    "text": "第二，"
  },
  {
    "start": 2085.26,
    "end": 2085.61,
    "speaker": "老师",
    "text": "被开方数中不含开的进方的因数或因式。"
  },
  {
    "start": 2085.26,
    "end": 2085.61,
    "speaker": "老师",
    "text": "今天的作业课本第十页的二三四题，"
  },
  {
    "start": 2085.26,
    "end": 2085.61,
    "speaker": "老师",
    "text": "还有数学作业本的第四页。"
  },
  {
    "start": 2085.26,
    "end": 2085.61,
    "speaker": "老师",
    "text": "今天课就上到这儿，"
  },
  {
    "start": 2085.26,
    "end": 2085.61,
    "speaker": "老师",
    "text": "同学们再见。"
  }
]