[
  {
    "start": 10.1,
    "end": 12.74,
    "speaker": "老师",
    "text": "有什么对不对？"
  },
  {
    "start": 12.74,
    "end": 15.91,
    "speaker": "老师",
    "text": "我们一起学习人生党，"
  },
  {
    "start": 16.05,
    "end": 20.7,
    "speaker": "老师",
    "text": "欢迎四四三四给您找。"
  },
  {
    "start": 24.27,
    "end": 24.53,
    "speaker": "老师",
    "text": "对，"
  },
  {
    "start": 24.53,
    "end": 32.6,
    "speaker": "老师",
    "text": "这个我们就嗯嗯我非常太对，"
  },
  {
    "start": 32.6,
    "end": 36.87,
    "speaker": "老师",
    "text": "你看你是不是？"
  },
  {
    "start": 36.87,
    "end": 41.99,
    "speaker": "老师",
    "text": "然后三四个我应该是高股配，"
  },
  {
    "start": 42.31,
    "end": 47.14,
    "speaker": "老师",
    "text": "你的成绩不是在以前的学习中，"
  },
  {
    "start": 47.14,
    "end": 57.09,
    "speaker": "老师",
    "text": "我们已经有了就可以了。"
  },
  {
    "start": 57.09,
    "end": 59.16,
    "speaker": "老师",
    "text": "我们将对嗯嗯，"
  },
  {
    "start": 59.16,
    "end": 62.22,
    "speaker": "老师",
    "text": "这个等一下这个点，"
  },
  {
    "start": 62.22,
    "end": 69.09,
    "speaker": "老师",
    "text": "您不要可能这个三角形的数产品有关的。"
  },
  {
    "start": 69.09,
    "end": 76.81,
    "speaker": "老师",
    "text": "为什么这些这里这里也是可以开车，"
  },
  {
    "start": 76.81,
    "end": 86.07,
    "speaker": "老师",
    "text": "不是有关咱们这个研究就有一有这样体会，"
  },
  {
    "start": 86.07,
    "end": 98.14,
    "speaker": "老师",
    "text": "这你们的没有你这个老师和同学的非常非第有几个人在家等待。"
  },
  {
    "start": 98.16,
    "end": 101.58,
    "speaker": "老师",
    "text": "是第一个，"
  },
  {
    "start": 101.58,
    "end": 106.01,
    "speaker": "老师",
    "text": "我们这个我们要掌握，"
  },
  {
    "start": 106.01,
    "end": 110.84,
    "speaker": "老师",
    "text": "这里是有两个，"
  },
  {
    "start": 110.84,
    "end": 112.84,
    "speaker": "老师",
    "text": "那个会有证里，"
  },
  {
    "start": 112.9,
    "end": 116.84,
    "speaker": "老师",
    "text": "我们有三工小品的创造力，"
  },
  {
    "start": 119.01,
    "end": 124.97,
    "speaker": "老师",
    "text": "理解内容，"
  },
  {
    "start": 124.97,
    "end": 132.43,
    "speaker": "老师",
    "text": "广握等样三角形的形用可以的。"
  },
  {
    "start": 134.1,
    "end": 134.41,
    "speaker": "老师",
    "text": "嗯，"
  },
  {
    "start": 135.89,
    "end": 139.19,
    "speaker": "老师",
    "text": "并有什么问题，"
  },
  {
    "start": 139.19,
    "end": 150.72,
    "speaker": "老师",
    "text": "我们真的好的开始关怎么好？"
  },
  {
    "start": 153.43,
    "end": 159.9,
    "speaker": "老师",
    "text": "问题是他的没有证明什么时候是的，"
  },
  {
    "start": 159.9,
    "end": 161.84,
    "speaker": "老师",
    "text": "怎么这里面呢？"
  },
  {
    "start": 163.81,
    "end": 165.95,
    "speaker": "老师",
    "text": "我的理解从注意，"
  },
  {
    "start": 165.95,
    "end": 172.93,
    "speaker": "老师",
    "text": "基本是你再给一个以正义为出发，"
  },
  {
    "start": 172.93,
    "end": 182.3,
    "speaker": "老师",
    "text": "会有一个问题就一步一步有理有据的推理过程。"
  },
  {
    "start": 182.66,
    "end": 207.97,
    "speaker": "老师",
    "text": "这个这个用品就是这个它可以作为非法其他用途这么个现象非常。"
  },
  {
    "start": 207.97,
    "end": 220.13,
    "speaker": "老师",
    "text": "那么等一下这个我们都所得到的优秀的两位关向，"
  },
  {
    "start": 221.52,
    "end": 223.45,
    "speaker": "老师",
    "text": "我没有怎么分，"
  },
  {
    "start": 223.45,
    "end": 231.12,
    "speaker": "老师",
    "text": "有三个不知道，"
  },
  {
    "start": 231.12,
    "end": 235.6,
    "speaker": "老师",
    "text": "也就是我们所说的对，"
  },
  {
    "start": 235.66,
    "end": 236.08,
    "speaker": "老师",
    "text": "对，"
  },
  {
    "start": 236.08,
    "end": 242.66,
    "speaker": "老师",
    "text": "没有甲定方分别相倍的。"
  },
  {
    "start": 245.77,
    "end": 250.8,
    "speaker": "老师",
    "text": "我不会这是我们什个左边没有都没事的，"
  },
  {
    "start": 250.8,
    "end": 260.6,
    "speaker": "老师",
    "text": "其中一朵的我们两个三角，"
  },
  {
    "start": 260.6,
    "end": 262.24,
    "speaker": "老师",
    "text": "那就是我们所说，"
  },
  {
    "start": 263.09,
    "end": 272.91,
    "speaker": "老师",
    "text": "因为然后我这边两边就是你从小都没生过两双脚，"
  },
  {
    "start": 274.55,
    "end": 274.95,
    "speaker": "老师",
    "text": "嗯，"
  },
  {
    "start": 275.07,
    "end": 284.52,
    "speaker": "老师",
    "text": "不能那个那个那么就是我们今年级的学习。"
  },
  {
    "start": 284.52,
    "end": 286.97,
    "speaker": "老师",
    "text": "我不会不为寂寞，"
  },
  {
    "start": 286.97,
    "end": 287.97,
    "speaker": "老师",
    "text": "如不，"
  },
  {
    "start": 287.97,
    "end": 293.98,
    "speaker": "老师",
    "text": "然后会不会我自己自己，"
  },
  {
    "start": 293.98,
    "end": 295.13,
    "speaker": "老师",
    "text": "你放心。"
  },
  {
    "start": 297.42,
    "end": 299.69,
    "speaker": "老师",
    "text": "今天就是在对，"
  },
  {
    "start": 299.69,
    "end": 323.47,
    "speaker": "老师",
    "text": "那么我们的这本呢是我今天的从从什么时候在每一程中我们所知的关心，"
  },
  {
    "start": 323.47,
    "end": 324.45,
    "speaker": "老师",
    "text": "还是不知道，"
  },
  {
    "start": 324.45,
    "end": 331.0,
    "speaker": "老师",
    "text": "我们一起他行，"
  },
  {
    "start": 331.87,
    "end": 340.64,
    "speaker": "老师",
    "text": "我们确实是非常啊两者之间目关最样，"
  },
  {
    "start": 341.3,
    "end": 343.51,
    "speaker": "老师",
    "text": "对我不同意过一点，"
  },
  {
    "start": 343.51,
    "end": 348.52,
    "speaker": "老师",
    "text": "有此折合这个你好久了，"
  },
  {
    "start": 349.52,
    "end": 351.18,
    "speaker": "老师",
    "text": "这个是我问一下，"
  },
  {
    "start": 351.18,
    "end": 355.0,
    "speaker": "老师",
    "text": "是这样的，"
  },
  {
    "start": 355.0,
    "end": 355.61,
    "speaker": "老师",
    "text": "嗯嗯，"
  },
  {
    "start": 356.75,
    "end": 362.32,
    "speaker": "老师",
    "text": "五过过来有这个就像没有用，"
  },
  {
    "start": 362.32,
    "end": 364.6,
    "speaker": "老师",
    "text": "坐在一上没有。"
  },
  {
    "start": 364.6,
    "end": 366.25,
    "speaker": "老师",
    "text": "第二个，"
  },
  {
    "start": 367.03,
    "end": 376.64,
    "speaker": "老师",
    "text": "你们这分别消费了六个三角形，"
  },
  {
    "start": 376.64,
    "end": 383.8,
    "speaker": "老师",
    "text": "我的这个关系对，"
  },
  {
    "start": 383.8,
    "end": 387.06,
    "speaker": "老师",
    "text": "并不存在的。"
  },
  {
    "start": 387.75,
    "end": 398.89,
    "speaker": "老师",
    "text": "非种这个嗯b刚才的作文怎么是走了一条，"
  },
  {
    "start": 398.95,
    "end": 399.67,
    "speaker": "老师",
    "text": "快点。"
  },
  {
    "start": 399.67,
    "end": 401.12,
    "speaker": "老师",
    "text": "对，"
  },
  {
    "start": 401.69,
    "end": 403.13,
    "speaker": "老师",
    "text": "为什么会啊？"
  },
  {
    "start": 405.97,
    "end": 411.56,
    "speaker": "老师",
    "text": "不十五是就我们总是不需要，"
  },
  {
    "start": 412.32,
    "end": 418.6,
    "speaker": "老师",
    "text": "我不想左右分别三个我们俩，"
  },
  {
    "start": 418.6,
    "end": 425.54,
    "speaker": "老师",
    "text": "这这个是我们刚才为以么？"
  },
  {
    "start": 425.54,
    "end": 426.0,
    "speaker": "老师",
    "text": "好的。"
  },
  {
    "start": 426.0,
    "end": 426.48,
    "speaker": "老师",
    "text": "好，"
  },
  {
    "start": 427.21,
    "end": 431.69,
    "speaker": "老师",
    "text": "你知道并不是这个有，"
  },
  {
    "start": 437.71,
    "end": 443.95,
    "speaker": "老师",
    "text": "因为我们分边分享三边面着飞。"
  },
  {
    "start": 446.79,
    "end": 447.12,
    "speaker": "老师",
    "text": "嗯，"
  },
  {
    "start": 451.67,
    "end": 456.17,
    "speaker": "老师",
    "text": "这个这个这个那为什么可以？"
  },
  {
    "start": 456.17,
    "end": 462.88,
    "speaker": "老师",
    "text": "刚才我们回你个我们的方案中有三场我怎么说？"
  },
  {
    "start": 462.88,
    "end": 469.69,
    "speaker": "老师",
    "text": "是我们我们我们这里这个我们就是这样，"
  },
  {
    "start": 469.69,
    "end": 478.47,
    "speaker": "老师",
    "text": "这个呢我们我我们可以那么自己去看，"
  },
  {
    "start": 478.47,
    "end": 497.26,
    "speaker": "老师",
    "text": "说还是一个同市就可以两者分别双费会提供一种这近有三个这样的发展。"
  },
  {
    "start": 497.88,
    "end": 498.38,
    "speaker": "老师",
    "text": "嗯，"
  },
  {
    "start": 498.38,
    "end": 507.65,
    "speaker": "老师",
    "text": "对于这样的企业从来没有成题，"
  },
  {
    "start": 507.65,
    "end": 511.58,
    "speaker": "老师",
    "text": "我觉得是不是？"
  },
  {
    "start": 511.58,
    "end": 523.71,
    "speaker": "老师",
    "text": "那原告利用新的措施和已经不断，"
  },
  {
    "start": 523.71,
    "end": 526.49,
    "speaker": "老师",
    "text": "那我们这个听不到。"
  },
  {
    "start": 526.75,
    "end": 540.94,
    "speaker": "老师",
    "text": "那么我们就是一个视频要完成这样子一个作用。"
  },
  {
    "start": 540.94,
    "end": 542.22,
    "speaker": "老师",
    "text": "我晕，"
  },
  {
    "start": 542.22,
    "end": 550.62,
    "speaker": "老师",
    "text": "然肚子还有这里有这个负者优秀。"
  },
  {
    "start": 550.62,
    "end": 554.05,
    "speaker": "老师",
    "text": "首先我要告诉你色，"
  },
  {
    "start": 554.05,
    "end": 556.75,
    "speaker": "老师",
    "text": "然后优秀企业获得，"
  },
  {
    "start": 558.43,
    "end": 566.42,
    "speaker": "老师",
    "text": "然后呢被白之后根什么有可能抽。"
  },
  {
    "start": 566.42,
    "end": 567.38,
    "speaker": "老师",
    "text": "嗯，"
  },
  {
    "start": 567.38,
    "end": 578.86,
    "speaker": "老师",
    "text": "哦你这里最后我们这明的任务补充证明的过程。"
  },
  {
    "start": 579.12,
    "end": 585.77,
    "speaker": "老师",
    "text": "那我们为什么我们我去都是两分钟秒，"
  },
  {
    "start": 585.77,
    "end": 586.91,
    "speaker": "老师",
    "text": "我不可以？"
  },
  {
    "start": 586.97,
    "end": 587.65,
    "speaker": "老师",
    "text": "嗯，"
  },
  {
    "start": 587.71,
    "end": 607.74,
    "speaker": "老师",
    "text": "开始说我有这个我们分别对一出怎么做这样久的，"
  },
  {
    "start": 607.74,
    "end": 614.42,
    "speaker": "老师",
    "text": "有一种是不是本的不对，"
  },
  {
    "start": 614.42,
    "end": 617.71,
    "speaker": "老师",
    "text": "怎么有以杰的图形，"
  },
  {
    "start": 617.81,
    "end": 620.54,
    "speaker": "老师",
    "text": "我们是出隐私部分，"
  },
  {
    "start": 620.54,
    "end": 628.12,
    "speaker": "老师",
    "text": "你这个如图共产者看能出来。"
  },
  {
    "start": 628.12,
    "end": 628.36,
    "speaker": "老师",
    "text": "嗯，"
  },
  {
    "start": 628.36,
    "end": 629.6,
    "speaker": "老师",
    "text": "广州我们有没有？"
  },
  {
    "start": 629.6,
    "end": 641.55,
    "speaker": "老师",
    "text": "我比较我不回答你在兰州这边什么，"
  },
  {
    "start": 642.8,
    "end": 654.23,
    "speaker": "老师",
    "text": "然后我们选用了角a和角b正准相等的角并一解和离开。"
  },
  {
    "start": 654.93,
    "end": 655.37,
    "speaker": "老师",
    "text": "对，"
  },
  {
    "start": 656.08,
    "end": 656.42,
    "speaker": "老师",
    "text": "嗯，"
  },
  {
    "start": 656.42,
    "end": 660.21,
    "speaker": "老师",
    "text": "我们这个不能讲有，"
  },
  {
    "start": 661.48,
    "end": 663.43,
    "speaker": "老师",
    "text": "我现在是，"
  },
  {
    "start": 663.47,
    "end": 674.47,
    "speaker": "老师",
    "text": "那么你能够根据我们的第一个或者一个正确的，"
  },
  {
    "start": 675.42,
    "end": 683.12,
    "speaker": "老师",
    "text": "怎么我又不觉这个人这个没了。"
  },
  {
    "start": 683.24,
    "end": 694.97,
    "speaker": "老师",
    "text": "那我们现在因为可能才能讲是一样特别的啊，"
  },
  {
    "start": 694.97,
    "end": 702.82,
    "speaker": "老师",
    "text": "有的有的有怎么有走等等下不是。"
  },
  {
    "start": 702.82,
    "end": 708.11,
    "speaker": "老师",
    "text": "那么我们你问你这三个中，"
  },
  {
    "start": 708.11,
    "end": 712.05,
    "speaker": "老师",
    "text": "我们究竟有用哪一个呢？"
  },
  {
    "start": 712.05,
    "end": 718.01,
    "speaker": "老师",
    "text": "在我这里我们无所谓事，"
  },
  {
    "start": 718.01,
    "end": 725.18,
    "speaker": "老师",
    "text": "我们这个我不会一颗水果，"
  },
  {
    "start": 725.76,
    "end": 738.26,
    "speaker": "老师",
    "text": "你肯定会怎么是为只能因为我们胜过了三折。"
  },
  {
    "start": 738.26,
    "end": 746.39,
    "speaker": "老师",
    "text": "我知道对我跟艺术开都会好的。"
  },
  {
    "start": 746.39,
    "end": 751.33,
    "speaker": "老师",
    "text": "那么就是很久单，"
  },
  {
    "start": 751.33,
    "end": 773.44,
    "speaker": "老师",
    "text": "你的过程中这个世界和嗯不这这个个有一个球子了，"
  },
  {
    "start": 773.44,
    "end": 778.46,
    "speaker": "老师",
    "text": "那么就离不开。"
  },
  {
    "start": 778.46,
    "end": 779.57,
    "speaker": "老师",
    "text": "嗯，"
  },
  {
    "start": 779.57,
    "end": 786.66,
    "speaker": "老师",
    "text": "然后这个人全部能从完了别别丢。"
  },
  {
    "start": 786.66,
    "end": 789.39,
    "speaker": "老师",
    "text": "我们需要。"
  },
  {
    "start": 789.39,
    "end": 795.12,
    "speaker": "老师",
    "text": "然后我现在只有一条，"
  },
  {
    "start": 798.53,
    "end": 806.58,
    "speaker": "老师",
    "text": "因此我可以根据你做，"
  },
  {
    "start": 806.58,
    "end": 809.57,
    "speaker": "老师",
    "text": "你看不是这里。"
  },
  {
    "start": 809.57,
    "end": 826.65,
    "speaker": "老师",
    "text": "但是我起来以后想我们我是不出这个这个我真的是我们有意思有的。"
  },
  {
    "start": 827.25,
    "end": 828.37,
    "speaker": "老师",
    "text": "好，"
  },
  {
    "start": 828.37,
    "end": 838.58,
    "speaker": "老师",
    "text": "就是嗯我给你加，"
  },
  {
    "start": 838.58,
    "end": 843.14,
    "speaker": "老师",
    "text": "不加要不了去。"
  },
  {
    "start": 843.14,
    "end": 845.54,
    "speaker": "老师",
    "text": "嗯，"
  },
  {
    "start": 845.54,
    "end": 846.97,
    "speaker": "老师",
    "text": "救命，"
  },
  {
    "start": 847.7,
    "end": 858.82,
    "speaker": "老师",
    "text": "你找救你嗯干什么多多少？"
  },
  {
    "start": 858.82,
    "end": 860.94,
    "speaker": "老师",
    "text": "没有这样子，"
  },
  {
    "start": 860.94,
    "end": 865.1,
    "speaker": "老师",
    "text": "我这里你那么我会你奖杯给你。"
  },
  {
    "start": 866.05,
    "end": 866.29,
    "speaker": "老师",
    "text": "哎，"
  },
  {
    "start": 866.29,
    "end": 868.42,
    "speaker": "老师",
    "text": "你好你好，"
  },
  {
    "start": 868.42,
    "end": 879.41,
    "speaker": "老师",
    "text": "这个不能嗯，"
  },
  {
    "start": 880.17,
    "end": 882.71,
    "speaker": "老师",
    "text": "真的，"
  },
  {
    "start": 882.71,
    "end": 893.16,
    "speaker": "老师",
    "text": "你目告诉我角a和角b是叫b点科的根据根据嗯，"
  },
  {
    "start": 893.24,
    "end": 893.72,
    "speaker": "老师",
    "text": "对，"
  },
  {
    "start": 893.94,
    "end": 898.0,
    "speaker": "老师",
    "text": "对我嗯都不清楚，"
  },
  {
    "start": 899.3,
    "end": 913.76,
    "speaker": "老师",
    "text": "可能都我们接受我们的，"
  },
  {
    "start": 913.76,
    "end": 914.68,
    "speaker": "老师",
    "text": "这不会嗯，"
  },
  {
    "start": 914.68,
    "end": 915.8,
    "speaker": "老师",
    "text": "钱不可能。"
  },
  {
    "start": 916.77,
    "end": 917.32,
    "speaker": "老师",
    "text": "对了，"
  },
  {
    "start": 919.51,
    "end": 921.76,
    "speaker": "老师",
    "text": "我爱你，"
  },
  {
    "start": 922.69,
    "end": 928.72,
    "speaker": "老师",
    "text": "我没关你更新战，"
  },
  {
    "start": 928.72,
    "end": 930.61,
    "speaker": "老师",
    "text": "说不能易，"
  },
  {
    "start": 931.25,
    "end": 935.27,
    "speaker": "老师",
    "text": "所有的一事中一心我这里嗯，"
  },
  {
    "start": 935.95,
    "end": 944.21,
    "speaker": "老师",
    "text": "应该这个你瞅着通过在这里，"
  },
  {
    "start": 944.21,
    "end": 956.24,
    "speaker": "老师",
    "text": "我们最好不用可以嗯什么什么我们就对，"
  },
  {
    "start": 956.44,
    "end": 957.27,
    "speaker": "老师",
    "text": "没怎么讲。"
  },
  {
    "start": 958.58,
    "end": 959.22,
    "speaker": "老师",
    "text": "没错，"
  },
  {
    "start": 959.22,
    "end": 966.35,
    "speaker": "老师",
    "text": "就是这个清楚。"
  },
  {
    "start": 966.35,
    "end": 967.7,
    "speaker": "老师",
    "text": "对，"
  },
  {
    "start": 967.7,
    "end": 974.13,
    "speaker": "老师",
    "text": "这个标准的两个标，"
  },
  {
    "start": 974.13,
    "end": 984.8,
    "speaker": "老师",
    "text": "我们的我们就是该嗯嗯对这个我们一共有，"
  },
  {
    "start": 984.8,
    "end": 992.83,
    "speaker": "老师",
    "text": "如果能快点没有这里头，"
  },
  {
    "start": 992.83,
    "end": 998.42,
    "speaker": "老师",
    "text": "我们已经这么然后如果不来都可以给，"
  },
  {
    "start": 998.42,
    "end": 1014.8,
    "speaker": "老师",
    "text": "然后我们对不懂很前好的好关注左右的下面什么电影，"
  },
  {
    "start": 1015.43,
    "end": 1016.66,
    "speaker": "老师",
    "text": "我们可以的，"
  },
  {
    "start": 1017.54,
    "end": 1020.78,
    "speaker": "老师",
    "text": "没有有病，"
  },
  {
    "start": 1021.2,
    "end": 1024.94,
    "speaker": "老师",
    "text": "什么对你今后我们是要，"
  },
  {
    "start": 1024.94,
    "end": 1026.78,
    "speaker": "老师",
    "text": "对不对？"
  },
  {
    "start": 1026.78,
    "end": 1033.76,
    "speaker": "老师",
    "text": "那不想出去右边三个右角三个，"
  },
  {
    "start": 1034.04,
    "end": 1040.8,
    "speaker": "老师",
    "text": "你这个一条边可能在最后的学习中，"
  },
  {
    "start": 1040.8,
    "end": 1045.85,
    "speaker": "老师",
    "text": "我们会有听不到。"
  },
  {
    "start": 1045.85,
    "end": 1052.74,
    "speaker": "老师",
    "text": "这个我们看看今天的第二个问题，"
  },
  {
    "start": 1052.74,
    "end": 1053.94,
    "speaker": "老师",
    "text": "五要三角嗯，"
  },
  {
    "start": 1053.94,
    "end": 1059.17,
    "speaker": "老师",
    "text": "可能的怎么的，"
  },
  {
    "start": 1059.17,
    "end": 1063.1,
    "speaker": "老师",
    "text": "对他有那么说呢？"
  },
  {
    "start": 1063.1,
    "end": 1065.14,
    "speaker": "老师",
    "text": "那没什么心情，"
  },
  {
    "start": 1065.16,
    "end": 1067.71,
    "speaker": "老师",
    "text": "我的天讲什呀，"
  },
  {
    "start": 1071.3,
    "end": 1075.84,
    "speaker": "老师",
    "text": "可以有没有三个的字，"
  },
  {
    "start": 1075.84,
    "end": 1091.72,
    "speaker": "老师",
    "text": "那就是那么我们自己的学习中已经看索过在牙齿眼前的事情。"
  },
  {
    "start": 1091.74,
    "end": 1100.11,
    "speaker": "老师",
    "text": "你看你讲的双上对点边BB周，"
  },
  {
    "start": 1100.11,
    "end": 1102.88,
    "speaker": "老师",
    "text": "如果AB在，"
  },
  {
    "start": 1103.47,
    "end": 1106.25,
    "speaker": "老师",
    "text": "你没事怎么了？"
  },
  {
    "start": 1106.25,
    "end": 1110.39,
    "speaker": "老师",
    "text": "怎么三请呀？"
  },
  {
    "start": 1110.39,
    "end": 1111.75,
    "speaker": "老师",
    "text": "跟你怎么说呢？"
  },
  {
    "start": 1111.75,
    "end": 1112.33,
    "speaker": "老师",
    "text": "没有，"
  },
  {
    "start": 1112.75,
    "end": 1122.33,
    "speaker": "老师",
    "text": "如果你难不会会走这这个理解。"
  },
  {
    "start": 1122.35,
    "end": 1134.6,
    "speaker": "老师",
    "text": "这个以后我们看你个鬼今天的节个，"
  },
  {
    "start": 1134.6,
    "end": 1136.58,
    "speaker": "老师",
    "text": "除此之外，"
  },
  {
    "start": 1136.58,
    "end": 1143.13,
    "speaker": "老师",
    "text": "你还有有什么么？"
  },
  {
    "start": 1143.13,
    "end": 1148.94,
    "speaker": "老师",
    "text": "我们同学们我就不好心，"
  },
  {
    "start": 1148.94,
    "end": 1156.67,
    "speaker": "老师",
    "text": "不是顶角的平分线吗？"
  },
  {
    "start": 1156.67,
    "end": 1159.6,
    "speaker": "老师",
    "text": "怎么可能是不么呢？"
  },
  {
    "start": 1159.6,
    "end": 1166.24,
    "speaker": "老师",
    "text": "对我看一下我平时是怎么说的，"
  },
  {
    "start": 1167.95,
    "end": 1168.99,
    "speaker": "老师",
    "text": "嗯，"
  },
  {
    "start": 1168.99,
    "end": 1170.69,
    "speaker": "老师",
    "text": "可以怎么样，"
  },
  {
    "start": 1170.69,
    "end": 1173.89,
    "speaker": "老师",
    "text": "并没那么平分数底边，"
  },
  {
    "start": 1173.89,
    "end": 1181.83,
    "speaker": "老师",
    "text": "那么中底边那么高不相重合，"
  },
  {
    "start": 1181.83,
    "end": 1182.55,
    "speaker": "老师",
    "text": "能不能？"
  },
  {
    "start": 1182.55,
    "end": 1185.49,
    "speaker": "老师",
    "text": "然后对，"
  },
  {
    "start": 1185.49,
    "end": 1189.42,
    "speaker": "老师",
    "text": "我们就可以，"
  },
  {
    "start": 1191.02,
    "end": 1209.48,
    "speaker": "老师",
    "text": "这个是那我们就有我们您不是你这个这个首先我们嗯不要这么我你你真的帅，"
  },
  {
    "start": 1209.48,
    "end": 1214.68,
    "speaker": "老师",
    "text": "我们听果打开就是不可能问题。"
  },
  {
    "start": 1214.68,
    "end": 1218.86,
    "speaker": "老师",
    "text": "无论画质图三个小，"
  },
  {
    "start": 1219.12,
    "end": 1225.86,
    "speaker": "老师",
    "text": "哎呀，"
  },
  {
    "start": 1225.86,
    "end": 1239.27,
    "speaker": "老师",
    "text": "不是为者真正正中我们传说影字。"
  },
  {
    "start": 1240.05,
    "end": 1250.93,
    "speaker": "老师",
    "text": "我不觉得你们这个你AB行中没关系，"
  },
  {
    "start": 1250.93,
    "end": 1257.38,
    "speaker": "老师",
    "text": "我们这个东方表示，"
  },
  {
    "start": 1257.38,
    "end": 1263.24,
    "speaker": "老师",
    "text": "美女没怎么的灯，"
  },
  {
    "start": 1263.24,
    "end": 1266.43,
    "speaker": "老师",
    "text": "没模式对，"
  },
  {
    "start": 1266.43,
    "end": 1270.16,
    "speaker": "老师",
    "text": "关干这个东西。"
  },
  {
    "start": 1270.16,
    "end": 1271.46,
    "speaker": "老师",
    "text": "嗯，"
  },
  {
    "start": 1271.46,
    "end": 1277.26,
    "speaker": "老师",
    "text": "如果这有那个那么这你的病人，"
  },
  {
    "start": 1277.26,
    "end": 1296.51,
    "speaker": "老师",
    "text": "但是这个这个你们那么怎样得到给我们功能的体验，"
  },
  {
    "start": 1297.03,
    "end": 1308.69,
    "speaker": "老师",
    "text": "我们你怎么你投什么鬼？"
  },
  {
    "start": 1308.79,
    "end": 1315.19,
    "speaker": "老师",
    "text": "在我们的一年级的时候，"
  },
  {
    "start": 1316.16,
    "end": 1331.5,
    "speaker": "老师",
    "text": "我们的这的是再了解一下一个走东西，"
  },
  {
    "start": 1331.5,
    "end": 1338.5,
    "speaker": "老师",
    "text": "你不记得当时我们怎么看？"
  },
  {
    "start": 1338.68,
    "end": 1351.18,
    "speaker": "老师",
    "text": "我们真正通过固定我们出去总右，"
  },
  {
    "start": 1351.18,
    "end": 1352.01,
    "speaker": "老师",
    "text": "我这么想，"
  },
  {
    "start": 1352.45,
    "end": 1359.66,
    "speaker": "老师",
    "text": "那么右边的这个过程可是能够助松重合。"
  },
  {
    "start": 1359.66,
    "end": 1367.32,
    "speaker": "老师",
    "text": "那么这个嗯为像么这个点一样的，"
  },
  {
    "start": 1369.41,
    "end": 1373.4,
    "speaker": "老师",
    "text": "三角分那个差不多。"
  },
  {
    "start": 1374.13,
    "end": 1381.67,
    "speaker": "老师",
    "text": "那么这一周就可你这我不对，"
  },
  {
    "start": 1381.77,
    "end": 1388.88,
    "speaker": "老师",
    "text": "我问题能否完整的时间欢迎移动。"
  },
  {
    "start": 1389.16,
    "end": 1392.88,
    "speaker": "老师",
    "text": "我别看这个哎，"
  },
  {
    "start": 1397.37,
    "end": 1402.58,
    "speaker": "老师",
    "text": "因为我跟你不懂我，"
  },
  {
    "start": 1402.58,
    "end": 1404.95,
    "speaker": "老师",
    "text": "你说九十六，"
  },
  {
    "start": 1404.95,
    "end": 1410.58,
    "speaker": "老师",
    "text": "你现在我们也不知怎么讲，"
  },
  {
    "start": 1410.72,
    "end": 1413.34,
    "speaker": "老师",
    "text": "我给你没有打货呀，"
  },
  {
    "start": 1413.34,
    "end": 1418.71,
    "speaker": "老师",
    "text": "这个这个公共边快点，"
  },
  {
    "start": 1418.71,
    "end": 1425.07,
    "speaker": "老师",
    "text": "公共云，"
  },
  {
    "start": 1425.7,
    "end": 1431.83,
    "speaker": "老师",
    "text": "就你这个你是我做的周实又不正常。"
  },
  {
    "start": 1431.89,
    "end": 1433.41,
    "speaker": "老师",
    "text": "No,"
  },
  {
    "start": 1433.41,
    "end": 1451.51,
    "speaker": "老师",
    "text": "我么感记你在思想变变变过程是进去等一下嗯，"
  },
  {
    "start": 1451.51,
    "end": 1459.22,
    "speaker": "老师",
    "text": "黑湖中安你的爱情，"
  },
  {
    "start": 1459.22,
    "end": 1463.23,
    "speaker": "老师",
    "text": "你以为我我做终于看到了。"
  },
  {
    "start": 1463.23,
    "end": 1466.33,
    "speaker": "老师",
    "text": "嗯嗯，"
  },
  {
    "start": 1467.83,
    "end": 1481.76,
    "speaker": "老师",
    "text": "公共边等一下没有什么这个我嗯你们这样我们就能把还是因为对对你怎么这样，"
  },
  {
    "start": 1481.76,
    "end": 1488.11,
    "speaker": "老师",
    "text": "同学们有两个可以的，"
  },
  {
    "start": 1488.11,
    "end": 1505.75,
    "speaker": "老师",
    "text": "那个还有没有在我们当我求重照顾政常也规病第一嗯，"
  },
  {
    "start": 1505.75,
    "end": 1508.92,
    "speaker": "老师",
    "text": "里面的嗯嗯，"
  },
  {
    "start": 1509.68,
    "end": 1511.82,
    "speaker": "老师",
    "text": "我还不会做怎么样？"
  },
  {
    "start": 1512.3,
    "end": 1514.3,
    "speaker": "老师",
    "text": "等一下，"
  },
  {
    "start": 1515.65,
    "end": 1519.38,
    "speaker": "老师",
    "text": "如果说做的实验可以，"
  },
  {
    "start": 1522.68,
    "end": 1531.7,
    "speaker": "老师",
    "text": "那么你这个你怎么道那补一个证明，"
  },
  {
    "start": 1531.7,
    "end": 1533.97,
    "speaker": "老师",
    "text": "你要跟我说，"
  },
  {
    "start": 1533.97,
    "end": 1538.02,
    "speaker": "老师",
    "text": "我就同学们那不好喂，"
  },
  {
    "start": 1539.34,
    "end": 1546.93,
    "speaker": "老师",
    "text": "这是你的问题可以，"
  },
  {
    "start": 1546.93,
    "end": 1554.83,
    "speaker": "老师",
    "text": "我原来能受。"
  },
  {
    "start": 1562.36,
    "end": 1562.62,
    "speaker": "老师",
    "text": "喂。"
  },
  {
    "start": 1562.62,
    "end": 1563.16,
    "speaker": "老师",
    "text": "对呀，"
  },
  {
    "start": 1563.89,
    "end": 1565.23,
    "speaker": "老师",
    "text": "如果我做了这条，"
  },
  {
    "start": 1565.23,
    "end": 1570.31,
    "speaker": "老师",
    "text": "你就这个人那么做呢，"
  },
  {
    "start": 1570.31,
    "end": 1575.55,
    "speaker": "老师",
    "text": "那你问人是这么这么多，"
  },
  {
    "start": 1577.25,
    "end": 1581.65,
    "speaker": "老师",
    "text": "人人有问题，"
  },
  {
    "start": 1581.65,
    "end": 1586.1,
    "speaker": "老师",
    "text": "有问题题够不够可以？"
  },
  {
    "start": 1586.1,
    "end": 1593.7,
    "speaker": "老师",
    "text": "我们不知道我们是不是一定要有理有据，"
  },
  {
    "start": 1593.7,
    "end": 1598.79,
    "speaker": "老师",
    "text": "要求我们你就得到了，"
  },
  {
    "start": 1598.81,
    "end": 1604.67,
    "speaker": "老师",
    "text": "就怎么做的，"
  },
  {
    "start": 1604.67,
    "end": 1607.94,
    "speaker": "老师",
    "text": "我清楚，"
  },
  {
    "start": 1607.94,
    "end": 1613.77,
    "speaker": "老师",
    "text": "如果自己吧嗯那又怎么样？"
  },
  {
    "start": 1613.77,
    "end": 1614.77,
    "speaker": "老师",
    "text": "嗯，"
  },
  {
    "start": 1614.77,
    "end": 1616.25,
    "speaker": "老师",
    "text": "这个好，"
  },
  {
    "start": 1616.95,
    "end": 1622.36,
    "speaker": "老师",
    "text": "刚才我们不要要不要的，"
  },
  {
    "start": 1622.36,
    "end": 1623.98,
    "speaker": "老师",
    "text": "名叫什么。"
  },
  {
    "start": 1623.98,
    "end": 1630.66,
    "speaker": "老师",
    "text": "对那什么时候在今后的学程中，"
  },
  {
    "start": 1631.06,
    "end": 1638.77,
    "speaker": "老师",
    "text": "我们运动这个定义的时候要正确。"
  },
  {
    "start": 1638.77,
    "end": 1645.22,
    "speaker": "老师",
    "text": "如图在三十五分第五分钟，"
  },
  {
    "start": 1645.22,
    "end": 1656.57,
    "speaker": "老师",
    "text": "因为嗯所以的等于九十七加同学们同事们再次觉得成功，"
  },
  {
    "start": 1656.57,
    "end": 1657.21,
    "speaker": "老师",
    "text": "不知道嗯，"
  },
  {
    "start": 1657.21,
    "end": 1658.91,
    "speaker": "老师",
    "text": "没有，"
  },
  {
    "start": 1658.91,
    "end": 1661.06,
    "speaker": "老师",
    "text": "因为无逼。"
  },
  {
    "start": 1661.06,
    "end": 1661.34,
    "speaker": "老师",
    "text": "嗯，"
  },
  {
    "start": 1661.34,
    "end": 1670.31,
    "speaker": "老师",
    "text": "昨天看见推理这两个过程中间一定要一另外就是我玩一点，"
  },
  {
    "start": 1670.35,
    "end": 1677.77,
    "speaker": "老师",
    "text": "不要。"
  },
  {
    "start": 1677.77,
    "end": 1681.86,
    "speaker": "老师",
    "text": "那只么说过程中，"
  },
  {
    "start": 1682.77,
    "end": 1685.52,
    "speaker": "老师",
    "text": "我们来关注，"
  },
  {
    "start": 1688.53,
    "end": 1688.73,
    "speaker": "老师",
    "text": "嗯，"
  },
  {
    "start": 1688.73,
    "end": 1692.26,
    "speaker": "老师",
    "text": "我们正能双手对空。"
  },
  {
    "start": 1693.76,
    "end": 1701.38,
    "speaker": "老师",
    "text": "这个我就是一尽全备之后，"
  },
  {
    "start": 1701.38,
    "end": 1705.64,
    "speaker": "老师",
    "text": "你除了嗯嗯知道我们是有没有没有，"
  },
  {
    "start": 1707.07,
    "end": 1716.16,
    "speaker": "老师",
    "text": "那我这个是人在这个工厂存在的，"
  },
  {
    "start": 1716.16,
    "end": 1727.41,
    "speaker": "老师",
    "text": "并不我们不仅再等一下女朋友就这一下。"
  },
  {
    "start": 1727.41,
    "end": 1729.08,
    "speaker": "老师",
    "text": "对对对，"
  },
  {
    "start": 1729.08,
    "end": 1731.82,
    "speaker": "老师",
    "text": "你给你那个真的，"
  },
  {
    "start": 1731.82,
    "end": 1736.22,
    "speaker": "老师",
    "text": "对不真的，"
  },
  {
    "start": 1736.22,
    "end": 1743.99,
    "speaker": "老师",
    "text": "这个跟你我们也真的真的不是曾经不会有爱系。"
  },
  {
    "start": 1745.77,
    "end": 1751.08,
    "speaker": "老师",
    "text": "根据此婚共同合说，"
  },
  {
    "start": 1751.08,
    "end": 1752.2,
    "speaker": "老师",
    "text": "嗯嗯，"
  },
  {
    "start": 1752.26,
    "end": 1758.52,
    "speaker": "老师",
    "text": "嗯这个是我们你的，"
  },
  {
    "start": 1758.52,
    "end": 1760.74,
    "speaker": "老师",
    "text": "不是这样这个易解。"
  },
  {
    "start": 1760.74,
    "end": 1761.94,
    "speaker": "老师",
    "text": "嗯，"
  },
  {
    "start": 1761.94,
    "end": 1766.15,
    "speaker": "老师",
    "text": "这个可以还有给你走开黑以走，"
  },
  {
    "start": 1766.15,
    "end": 1779.21,
    "speaker": "老师",
    "text": "对我们那我们的一定不能一定有机会，"
  },
  {
    "start": 1780.44,
    "end": 1784.16,
    "speaker": "老师",
    "text": "你知道道吗？"
  },
  {
    "start": 1784.16,
    "end": 1785.76,
    "speaker": "老师",
    "text": "哦，"
  },
  {
    "start": 1785.76,
    "end": 1791.39,
    "speaker": "老师",
    "text": "你别找我，"
  },
  {
    "start": 1791.43,
    "end": 1797.8,
    "speaker": "老师",
    "text": "这个是我做对等一下一天本，"
  },
  {
    "start": 1797.8,
    "end": 1803.69,
    "speaker": "老师",
    "text": "这我们奖现提交给各位，"
  },
  {
    "start": 1804.2,
    "end": 1811.51,
    "speaker": "老师",
    "text": "那么这个和小于相等没有站起来，"
  },
  {
    "start": 1811.51,
    "end": 1816.17,
    "speaker": "老师",
    "text": "为你看你正在在长东西，"
  },
  {
    "start": 1816.17,
    "end": 1819.85,
    "speaker": "老师",
    "text": "这就是重要。"
  },
  {
    "start": 1822.08,
    "end": 1828.59,
    "speaker": "老师",
    "text": "九十九点这边直播的是这个，"
  },
  {
    "start": 1828.87,
    "end": 1845.07,
    "speaker": "老师",
    "text": "我就是那么在们的转型中肯定不是意味着这个么宝宝，"
  },
  {
    "start": 1845.15,
    "end": 1848.51,
    "speaker": "老师",
    "text": "那么这个课高，"
  },
  {
    "start": 1849.55,
    "end": 1857.0,
    "speaker": "老师",
    "text": "我们合成的是就拿我们这就是给你嗯嗯，"
  },
  {
    "start": 1857.0,
    "end": 1858.72,
    "speaker": "老师",
    "text": "这个可以，"
  },
  {
    "start": 1858.72,
    "end": 1866.35,
    "speaker": "老师",
    "text": "我们那么这个就于您这是么滚呀，"
  },
  {
    "start": 1866.35,
    "end": 1870.98,
    "speaker": "老师",
    "text": "还有我我不给他看书，"
  },
  {
    "start": 1871.08,
    "end": 1884.31,
    "speaker": "老师",
    "text": "这个人关键这要是可能的三九一九第一年第五顶边，"
  },
  {
    "start": 1884.31,
    "end": 1888.33,
    "speaker": "老师",
    "text": "我要是这里还有一是我们跟足够是这样。"
  },
  {
    "start": 1888.33,
    "end": 1900.14,
    "speaker": "老师",
    "text": "那AB五四五幺三这边非常大的多色，"
  },
  {
    "start": 1900.14,
    "end": 1908.14,
    "speaker": "老师",
    "text": "就是平价编区这个分数。"
  },
  {
    "start": 1908.14,
    "end": 1909.7,
    "speaker": "老师",
    "text": "对对对，"
  },
  {
    "start": 1909.7,
    "end": 1916.42,
    "speaker": "老师",
    "text": "就是我们这个到这个有有十分成，"
  },
  {
    "start": 1916.42,
    "end": 1921.33,
    "speaker": "老师",
    "text": "还有就这个三个小，"
  },
  {
    "start": 1921.33,
    "end": 1923.27,
    "speaker": "老师",
    "text": "我们我要好的吗？"
  },
  {
    "start": 1923.27,
    "end": 1924.83,
    "speaker": "老师",
    "text": "奔狂困难。"
  },
  {
    "start": 1924.83,
    "end": 1938.27,
    "speaker": "老师",
    "text": "因此我们通注对你看等腰三角形顶角角平分数，"
  },
  {
    "start": 1938.27,
    "end": 1941.99,
    "speaker": "老师",
    "text": "底边上的棕色，"
  },
  {
    "start": 1941.99,
    "end": 1945.8,
    "speaker": "老师",
    "text": "注意底边上的高色。"
  },
  {
    "start": 1945.8,
    "end": 1952.49,
    "speaker": "老师",
    "text": "我皮不头以后我们就不会让你受人。"
  },
  {
    "start": 1956.78,
    "end": 1962.6,
    "speaker": "老师",
    "text": "一年钟我们懂变好，"
  },
  {
    "start": 1962.6,
    "end": 1964.77,
    "speaker": "老师",
    "text": "这个可以呢。"
  },
  {
    "start": 1964.77,
    "end": 1969.27,
    "speaker": "老师",
    "text": "如果我告诉你，"
  },
  {
    "start": 1969.27,
    "end": 1971.71,
    "speaker": "老师",
    "text": "AB怎要出战，"
  },
  {
    "start": 1971.71,
    "end": 1973.01,
    "speaker": "老师",
    "text": "不同意等一下，"
  },
  {
    "start": 1973.01,
    "end": 1981.84,
    "speaker": "老师",
    "text": "那不是我们不出来，"
  },
  {
    "start": 1981.84,
    "end": 1989.49,
    "speaker": "老师",
    "text": "因为三周五、周、第四招嗯嗯，"
  },
  {
    "start": 1989.49,
    "end": 1990.19,
    "speaker": "老师",
    "text": "过来，"
  },
  {
    "start": 1990.59,
    "end": 1998.22,
    "speaker": "老师",
    "text": "如果后面就能看见，"
  },
  {
    "start": 1998.22,
    "end": 2001.12,
    "speaker": "老师",
    "text": "要走角一等于角二，"
  },
  {
    "start": 2001.12,
    "end": 2007.45,
    "speaker": "老师",
    "text": "那是说我们开始从往回公注，"
  },
  {
    "start": 2007.45,
    "end": 2010.07,
    "speaker": "老师",
    "text": "也是时天上的粥。"
  },
  {
    "start": 2010.07,
    "end": 2012.19,
    "speaker": "老师",
    "text": "我说嗯都是有所有的公司为，"
  },
  {
    "start": 2012.19,
    "end": 2014.54,
    "speaker": "老师",
    "text": "然后你怎么办？"
  },
  {
    "start": 2014.95,
    "end": 2027.5,
    "speaker": "老师",
    "text": "那么如果我告诉你为什么嗯不是为什么们们三个小时聚招封闭这个公司就成就整个家庭，"
  },
  {
    "start": 2027.5,
    "end": 2028.21,
    "speaker": "老师",
    "text": "累死你，"
  },
  {
    "start": 2028.87,
    "end": 2034.41,
    "speaker": "老师",
    "text": "它是里面上的东西经为部分，"
  },
  {
    "start": 2034.41,
    "end": 2039.54,
    "speaker": "老师",
    "text": "所以我再你得不到你就是天个，"
  },
  {
    "start": 2039.56,
    "end": 2046.59,
    "speaker": "老师",
    "text": "我的还可以确认一下地面上高为什么？"
  },
  {
    "start": 2046.59,
    "end": 2052.09,
    "speaker": "老师",
    "text": "那么如果告是每天定行v起惯的高线，"
  },
  {
    "start": 2052.09,
    "end": 2059.7,
    "speaker": "老师",
    "text": "你会选择你能不能来留着您长，"
  },
  {
    "start": 2059.7,
    "end": 2062.66,
    "speaker": "老师",
    "text": "还是有有你来我们来，"
  },
  {
    "start": 2062.66,
    "end": 2065.04,
    "speaker": "老师",
    "text": "你这是做什么？"
  },
  {
    "start": 2065.78,
    "end": 2069.19,
    "speaker": "老师",
    "text": "因为你是相人一分钟，"
  },
  {
    "start": 2069.19,
    "end": 2074.47,
    "speaker": "老师",
    "text": "他不讲得开始根据动己回了。"
  },
  {
    "start": 2074.47,
    "end": 2074.91,
    "speaker": "老师",
    "text": "嗯嗯，"
  },
  {
    "start": 2074.91,
    "end": 2080.67,
    "speaker": "老师",
    "text": "里面温度肯定在据心情，"
  },
  {
    "start": 2080.67,
    "end": 2085.57,
    "speaker": "老师",
    "text": "这是一个小焦色的射目，"
  },
  {
    "start": 2085.57,
    "end": 2092.61,
    "speaker": "老师",
    "text": "掌睛这么多后误一种我们我如果我要求行，"
  },
  {
    "start": 2092.61,
    "end": 2098.66,
    "speaker": "老师",
    "text": "我工资你高高我我我不想搞，"
  },
  {
    "start": 2098.66,
    "end": 2101.82,
    "speaker": "老师",
    "text": "我告诉你告诉件非题，"
  },
  {
    "start": 2102.81,
    "end": 2107.64,
    "speaker": "老师",
    "text": "然后考证你是否经过高兴一点，"
  },
  {
    "start": 2107.64,
    "end": 2111.09,
    "speaker": "老师",
    "text": "数据是不？"
  },
  {
    "start": 2113.05,
    "end": 2114.34,
    "speaker": "老师",
    "text": "我告诉北京，"
  },
  {
    "start": 2114.89,
    "end": 2116.42,
    "speaker": "老师",
    "text": "我告诉你一句，"
  },
  {
    "start": 2116.42,
    "end": 2124.48,
    "speaker": "老师",
    "text": "不能去混我困子了。"
  },
  {
    "start": 2124.48,
    "end": 2130.7,
    "speaker": "老师",
    "text": "高高的三十分钟我就能告诉你，"
  },
  {
    "start": 2134.94,
    "end": 2140.41,
    "speaker": "老师",
    "text": "你不能不这没有，"
  },
  {
    "start": 2140.71,
    "end": 2156.11,
    "speaker": "老师",
    "text": "我们也没出来今天的等腰三角形的一个三十六度啊，"
  },
  {
    "start": 2156.11,
    "end": 2159.96,
    "speaker": "老师",
    "text": "我就是做操什么样子？"
  },
  {
    "start": 2159.96,
    "end": 2168.32,
    "speaker": "老师",
    "text": "三十六度是告诉你的是一个零，"
  },
  {
    "start": 2168.32,
    "end": 2174.21,
    "speaker": "老师",
    "text": "那不可以所有的我怎么感觉？"
  },
  {
    "start": 2174.45,
    "end": 2185.79,
    "speaker": "老师",
    "text": "那你告诉我一个景象是你传的哪个景象里件那个才是有很好的。"
  },
  {
    "start": 2185.79,
    "end": 2199.11,
    "speaker": "老师",
    "text": "那么这个这个我们我这里面互相你怎么这个是三个小时的内容都没进来，"
  },
  {
    "start": 2199.39,
    "end": 2209.37,
    "speaker": "老师",
    "text": "我们就能就你找到了，"
  },
  {
    "start": 2209.37,
    "end": 2211.16,
    "speaker": "老师",
    "text": "可以吧？"
  },
  {
    "start": 2211.16,
    "end": 2222.36,
    "speaker": "老师",
    "text": "他这样会怎样才展出这一个角位？"
  },
  {
    "start": 2222.36,
    "end": 2232.81,
    "speaker": "老师",
    "text": "当是我不会这个问题跟大部分问题说我们要化妆品，"
  },
  {
    "start": 2232.81,
    "end": 2244.74,
    "speaker": "老师",
    "text": "我们一个这还是哦没有我这个这个那因为这个二十六这很久没有爱，"
  },
  {
    "start": 2244.74,
    "end": 2255.42,
    "speaker": "老师",
    "text": "个人也不如果三十六度的假成平角，"
  },
  {
    "start": 2255.42,
    "end": 2256.9,
    "speaker": "老师",
    "text": "这会就可以。"
  },
  {
    "start": 2256.98,
    "end": 2257.42,
    "speaker": "老师",
    "text": "嗯，"
  },
  {
    "start": 2257.66,
    "end": 2262.66,
    "speaker": "老师",
    "text": "三十六一百一百度，"
  },
  {
    "start": 2262.66,
    "end": 2269.51,
    "speaker": "老师",
    "text": "中国不可能知高作为，"
  },
  {
    "start": 2269.51,
    "end": 2275.29,
    "speaker": "老师",
    "text": "对不对？"
  },
  {
    "start": 2275.29,
    "end": 2279.55,
    "speaker": "老师",
    "text": "要么说你们在选的时候，"
  },
  {
    "start": 2279.55,
    "end": 2285.47,
    "speaker": "老师",
    "text": "我给我定讲，"
  },
  {
    "start": 2285.47,
    "end": 2285.81,
    "speaker": "老师",
    "text": "嗯，"
  },
  {
    "start": 2285.81,
    "end": 2290.37,
    "speaker": "老师",
    "text": "那个两因此这个晚安要是做不了，"
  },
  {
    "start": 2290.37,
    "end": 2293.51,
    "speaker": "老师",
    "text": "在在任何时候我自己的问题，"
  },
  {
    "start": 2294.59,
    "end": 2300.49,
    "speaker": "老师",
    "text": "你到底你又不肯回来，"
  },
  {
    "start": 2300.49,
    "end": 2305.27,
    "speaker": "老师",
    "text": "谢谢你搞什么，"
  },
  {
    "start": 2305.49,
    "end": 2307.56,
    "speaker": "老师",
    "text": "你着急呀。"
  },
  {
    "start": 2307.56,
    "end": 2312.89,
    "speaker": "老师",
    "text": "那么就是个就是能不能啤酒。"
  },
  {
    "start": 2312.89,
    "end": 2314.23,
    "speaker": "老师",
    "text": "对呀，"
  },
  {
    "start": 2314.23,
    "end": 2319.27,
    "speaker": "老师",
    "text": "那后面的就是我们的你的座围，"
  },
  {
    "start": 2319.27,
    "end": 2322.05,
    "speaker": "老师",
    "text": "对不对？"
  },
  {
    "start": 2322.13,
    "end": 2322.69,
    "speaker": "老师",
    "text": "嗯，"
  },
  {
    "start": 2322.73,
    "end": 2329.02,
    "speaker": "老师",
    "text": "那么另外这个都是的，"
  },
  {
    "start": 2329.02,
    "end": 2330.22,
    "speaker": "老师",
    "text": "你们怎么弄？"
  },
  {
    "start": 2330.22,
    "end": 2335.55,
    "speaker": "老师",
    "text": "那么嗯今过这个不标要求，"
  },
  {
    "start": 2335.55,
    "end": 2358.53,
    "speaker": "老师",
    "text": "这不我们家助理助理因为好的轴图三角形AAB交AC垂为这么近，"
  },
  {
    "start": 2358.55,
    "end": 2360.07,
    "speaker": "老师",
    "text": "我要不清楚，"
  },
  {
    "start": 2360.74,
    "end": 2361.1,
    "speaker": "老师",
    "text": "对不起，"
  },
  {
    "start": 2361.1,
    "end": 2364.03,
    "speaker": "老师",
    "text": "我们这个AB来，"
  },
  {
    "start": 2364.03,
    "end": 2367.67,
    "speaker": "老师",
    "text": "我稍等一下，"
  },
  {
    "start": 2367.67,
    "end": 2372.21,
    "speaker": "老师",
    "text": "我怎么能跟你，"
  },
  {
    "start": 2372.21,
    "end": 2384.7,
    "speaker": "老师",
    "text": "我们是是我们解决问题到的是什么？"
  },
  {
    "start": 2384.7,
    "end": 2387.52,
    "speaker": "老师",
    "text": "是不不么？"
  },
  {
    "start": 2387.52,
    "end": 2394.98,
    "speaker": "老师",
    "text": "今天我有请你我退了，"
  },
  {
    "start": 2394.98,
    "end": 2396.58,
    "speaker": "老师",
    "text": "那不可以了。"
  },
  {
    "start": 2396.58,
    "end": 2406.4,
    "speaker": "老师",
    "text": "我们我们的车子你什么你就是一个这个不是怎一样，"
  },
  {
    "start": 2406.4,
    "end": 2416.02,
    "speaker": "老师",
    "text": "这个这颜色的那你能不能用颜色？"
  },
  {
    "start": 2416.02,
    "end": 2416.84,
    "speaker": "老师",
    "text": "谢谢大。"
  },
  {
    "start": 2416.86,
    "end": 2423.6,
    "speaker": "老师",
    "text": "那我们怎么那我们要个应们组织，"
  },
  {
    "start": 2423.6,
    "end": 2427.8,
    "speaker": "老师",
    "text": "我们我就可以AB."
  },
  {
    "start": 2427.8,
    "end": 2432.2,
    "speaker": "老师",
    "text": "因为空司在一种，"
  },
  {
    "start": 2432.68,
    "end": 2434.85,
    "speaker": "老师",
    "text": "我在看，"
  },
  {
    "start": 2434.85,
    "end": 2439.75,
    "speaker": "老师",
    "text": "那你找个APP."
  },
  {
    "start": 2439.75,
    "end": 2447.72,
    "speaker": "老师",
    "text": "那么你说说过我们动静特别意思，"
  },
  {
    "start": 2450.11,
    "end": 2452.69,
    "speaker": "老师",
    "text": "我个辛错了。"
  },
  {
    "start": 2452.69,
    "end": 2460.61,
    "speaker": "老师",
    "text": "其此应该是缴费微信四零三的AP费，"
  },
  {
    "start": 2460.61,
    "end": 2463.94,
    "speaker": "老师",
    "text": "这个就是十五。"
  },
  {
    "start": 2463.94,
    "end": 2471.45,
    "speaker": "老师",
    "text": "所以通过我们所有我们都这个这个我们的没有，"
  },
  {
    "start": 2471.2,
    "end": 2471.45,
    "speaker": "老师",
    "text": "我在你以后这个AB嗯清楚，"
  },
  {
    "start": 2471.2,
    "end": 2471.45,
    "speaker": "老师",
    "text": "也就是我们做维的时候，"
  },
  {
    "start": 2471.2,
    "end": 2471.45,
    "speaker": "老师",
    "text": "你们一定要给据，"
  },
  {
    "start": 2471.2,
    "end": 2471.45,
    "speaker": "老师",
    "text": "我们基本过来。"
  },
  {
    "start": 2471.2,
    "end": 2471.45,
    "speaker": "老师",
    "text": "那我东西你不是，"
  },
  {
    "start": 2471.2,
    "end": 2471.45,
    "speaker": "老师",
    "text": "因为我没有好，"
  },
  {
    "start": 2471.2,
    "end": 2471.45,
    "speaker": "老师",
    "text": "你是别多参加。"
  },
  {
    "start": 2471.2,
    "end": 2471.45,
    "speaker": "老师",
    "text": "我这边就是像刚才我们BB六，"
  },
  {
    "start": 2471.2,
    "end": 2471.45,
    "speaker": "老师",
    "text": "因为这整个等腰分享朋友，"
  },
  {
    "start": 2471.2,
    "end": 2471.45,
    "speaker": "老师",
    "text": "那你能告诉我这个等一下一四到差不多啊，"
  },
  {
    "start": 2471.2,
    "end": 2471.45,
    "speaker": "老师",
    "text": "不是这个好的，"
  },
  {
    "start": 2471.2,
    "end": 2471.45,
    "speaker": "老师",
    "text": "右边这里有，"
  },
  {
    "start": 2471.2,
    "end": 2471.45,
    "speaker": "老师",
    "text": "是的。"
  },
  {
    "start": 2471.2,
    "end": 2471.45,
    "speaker": "老师",
    "text": "对，"
  },
  {
    "start": 2471.2,
    "end": 2471.45,
    "speaker": "老师",
    "text": "如果说b减一等于五也不懂我们过去。"
  },
  {
    "start": 2471.2,
    "end": 2471.45,
    "speaker": "老师",
    "text": "在这样城呢，"
  },
  {
    "start": 2471.2,
    "end": 2471.45,
    "speaker": "老师",
    "text": "我在福州，"
  },
  {
    "start": 2471.2,
    "end": 2471.45,
    "speaker": "老师",
    "text": "我就站在滁州，"
  },
  {
    "start": 2471.2,
    "end": 2471.45,
    "speaker": "老师",
    "text": "我从十么展开心费，"
  },
  {
    "start": 2471.2,
    "end": 2471.45,
    "speaker": "老师",
    "text": "点击飞一生平不心。"
  },
  {
    "start": 2471.2,
    "end": 2471.45,
    "speaker": "老师",
    "text": "我们的有个很影响，"
  },
  {
    "start": 2471.2,
    "end": 2471.45,
    "speaker": "老师",
    "text": "主要不容易的幅度在大什么这娘的我没有跟你说，"
  },
  {
    "start": 2471.2,
    "end": 2471.45,
    "speaker": "老师",
    "text": "你的同意跟你下这样子。"
  },
  {
    "start": 2471.2,
    "end": 2471.45,
    "speaker": "老师",
    "text": "现在的通过今天的学习，"
  },
  {
    "start": 2471.2,
    "end": 2471.45,
    "speaker": "老师",
    "text": "嗯，"
  },
  {
    "start": 2471.2,
    "end": 2471.45,
    "speaker": "老师",
    "text": "我们没起，"
  },
  {
    "start": 2471.2,
    "end": 2471.45,
    "speaker": "老师",
    "text": "他就在这个时间，"
  },
  {
    "start": 2471.2,
    "end": 2471.45,
    "speaker": "老师",
    "text": "我们你不怎么看五分钟的，"
  },
  {
    "start": 2471.2,
    "end": 2471.45,
    "speaker": "老师",
    "text": "我们在那身边，"
  },
  {
    "start": 2471.2,
    "end": 2471.45,
    "speaker": "老师",
    "text": "他说我们这个编程叫什么？"
  },
  {
    "start": 2471.2,
    "end": 2471.45,
    "speaker": "老师",
    "text": "你好，"
  },
  {
    "start": 2471.2,
    "end": 2471.45,
    "speaker": "老师",
    "text": "我在这里调兵，"
  },
  {
    "start": 2471.2,
    "end": 2471.45,
    "speaker": "老师",
    "text": "真的重要，"
  },
  {
    "start": 2471.2,
    "end": 2471.45,
    "speaker": "老师",
    "text": "我们等等很良心叫什么？"
  },
  {
    "start": 2471.2,
    "end": 2471.45,
    "speaker": "老师",
    "text": "这个这个第一个，"
  },
  {
    "start": 2471.2,
    "end": 2471.45,
    "speaker": "老师",
    "text": "那就是这个微信中我应该避免这个太在这天晚上要就这样，"
  },
  {
    "start": 2471.2,
    "end": 2471.45,
    "speaker": "老师",
    "text": "我一个人我们怎么去做？"
  },
  {
    "start": 2471.2,
    "end": 2471.45,
    "speaker": "老师",
    "text": "要么因为重要，"
  },
  {
    "start": 2471.2,
    "end": 2471.45,
    "speaker": "老师",
    "text": "为什么我们做要双十一？"
  },
  {
    "start": 2471.2,
    "end": 2471.45,
    "speaker": "老师",
    "text": "那为什么这个是啊你个你这个是非常的可以非常的多，"
  },
  {
    "start": 2471.2,
    "end": 2471.45,
    "speaker": "老师",
    "text": "高声的告诉你要很重吗？"
  },
  {
    "start": 2471.2,
    "end": 2471.45,
    "speaker": "老师",
    "text": "听价我就没有这个，"
  },
  {
    "start": 2471.2,
    "end": 2471.45,
    "speaker": "老师",
    "text": "那我给他下，"
  },
  {
    "start": 2471.2,
    "end": 2471.45,
    "speaker": "老师",
    "text": "然后这个有事等等，"
  },
  {
    "start": 2471.2,
    "end": 2471.45,
    "speaker": "老师",
    "text": "应该是那个我是个很聪熟的人有一个。"
  },
  {
    "start": 2471.2,
    "end": 2471.45,
    "speaker": "老师",
    "text": "对对对，"
  },
  {
    "start": 2471.2,
    "end": 2471.45,
    "speaker": "老师",
    "text": "我谢谢上嗯不确认左右不出门。"
  },
  {
    "start": 2471.2,
    "end": 2471.45,
    "speaker": "老师",
    "text": "然后这个今天我们的同学们再见。"
  }
]