[
  {
    "start": 9.54,
    "end": 10.68,
    "speaker": "老师",
    "text": "大家好，"
  },
  {
    "start": 10.7,
    "end": 14.28,
    "speaker": "老师",
    "text": "我是安义县龙津中学的数学老师。"
  },
  {
    "start": 14.28,
    "end": 15.9,
    "speaker": "老师",
    "text": "杨长根。"
  },
  {
    "start": 16.1,
    "end": 21.76,
    "speaker": "老师",
    "text": "上节课我们学习了用解析式来表示函数的关系。"
  },
  {
    "start": 21.76,
    "end": 29.9,
    "speaker": "老师",
    "text": "有些问题中的函数关系很难列式子表示这个硬图来直观的反应。"
  },
  {
    "start": 29.9,
    "end": 36.64,
    "speaker": "老师",
    "text": "比如用心电图表示心脏部位的电流与时间的关系，"
  },
  {
    "start": 36.66,
    "end": 40.28,
    "speaker": "老师",
    "text": "即使第一能列式表示的函数关系，"
  },
  {
    "start": 40.28,
    "end": 42.36,
    "speaker": "老师",
    "text": "如果也能用图来表示，"
  },
  {
    "start": 42.62,
    "end": 47.83,
    "speaker": "老师",
    "text": "会使得他们的关系更加的直观。"
  },
  {
    "start": 47.99,
    "end": 52.41,
    "speaker": "老师",
    "text": "那么如何画图来表示函数的关系呢？"
  },
  {
    "start": 52.59,
    "end": 58.78,
    "speaker": "老师",
    "text": "这就是我们今天这节课要解决的问题。"
  },
  {
    "start": 58.78,
    "end": 60.62,
    "speaker": "老师",
    "text": "函数的图像。"
  },
  {
    "start": 60.66,
    "end": 67.85,
    "speaker": "老师",
    "text": "下面先来看一下本节课的学习目标。"
  },
  {
    "start": 67.85,
    "end": 71.85,
    "speaker": "老师",
    "text": "协会应描点法画函数的图像，"
  },
  {
    "start": 71.85,
    "end": 74.35,
    "speaker": "老师",
    "text": "学会代入法、塑形，"
  },
  {
    "start": 74.35,
    "end": 82.37,
    "speaker": "老师",
    "text": "结合思想在函数中的应用体会速学方法的多样性，"
  },
  {
    "start": 82.39,
    "end": 84.75,
    "speaker": "老师",
    "text": "提高学习兴趣。"
  },
  {
    "start": 84.75,
    "end": 88.87,
    "speaker": "老师",
    "text": "请同学们准备好以下学习工具，"
  },
  {
    "start": 88.87,
    "end": 91.98,
    "speaker": "老师",
    "text": "练习本、三角板。"
  },
  {
    "start": 92.56,
    "end": 97.88,
    "speaker": "老师",
    "text": "下面让我们来看一个实际的例子，"
  },
  {
    "start": 98.02,
    "end": 107.55,
    "speaker": "老师",
    "text": "正方形的面积s与边长x之间的函数解释为s等于x的平方。"
  },
  {
    "start": 107.55,
    "end": 119.2,
    "speaker": "老师",
    "text": "你能利用在坐标系中画图的方法来表示s与x的关系吗？"
  },
  {
    "start": 119.2,
    "end": 127.09,
    "speaker": "老师",
    "text": "思考这个函数自变量的取值范围是什么？"
  },
  {
    "start": 127.13,
    "end": 133.44,
    "speaker": "老师",
    "text": "因为x表示正方形的边长边长为正数，"
  },
  {
    "start": 133.46,
    "end": 136.08,
    "speaker": "老师",
    "text": "所以x大于零。"
  },
  {
    "start": 136.14,
    "end": 139.0,
    "speaker": "老师",
    "text": "那么有了体值范围，"
  },
  {
    "start": 139.0,
    "end": 144.2,
    "speaker": "老师",
    "text": "我们就可以列出一个表格。"
  },
  {
    "start": 144.2,
    "end": 146.7,
    "speaker": "老师",
    "text": "表格的第一行表示，"
  },
  {
    "start": 146.7,
    "end": 149.46,
    "speaker": "老师",
    "text": "自变量的值。"
  },
  {
    "start": 149.82,
    "end": 151.96,
    "speaker": "老师",
    "text": "第二行表示，"
  },
  {
    "start": 151.96,
    "end": 156.38,
    "speaker": "老师",
    "text": "函数s的值这样在取值范围里，"
  },
  {
    "start": 156.38,
    "end": 165.6,
    "speaker": "老师",
    "text": "我们可以列出零点五一、一点五二二点五，"
  },
  {
    "start": 165.78,
    "end": 170.83,
    "speaker": "老师",
    "text": "这几个数间隔零点五个单位。"
  },
  {
    "start": 170.83,
    "end": 175.48,
    "speaker": "老师",
    "text": "在这里还有一个特殊的数零，"
  },
  {
    "start": 175.5,
    "end": 178.1,
    "speaker": "老师",
    "text": "大家肯定有疑问，"
  },
  {
    "start": 178.1,
    "end": 180.5,
    "speaker": "老师",
    "text": "不是x大于零吗？"
  },
  {
    "start": 180.5,
    "end": 182.06,
    "speaker": "老师",
    "text": "事实上，"
  },
  {
    "start": 182.1,
    "end": 184.12,
    "speaker": "老师",
    "text": "在零和零点五之间，"
  },
  {
    "start": 184.12,
    "end": 186.64,
    "speaker": "老师",
    "text": "还有若干个数零零，"
  },
  {
    "start": 186.64,
    "end": 191.29,
    "speaker": "老师",
    "text": "只是作为图像的一个起点。"
  },
  {
    "start": 191.53,
    "end": 195.13,
    "speaker": "老师",
    "text": "为了保证图像的连续性，"
  },
  {
    "start": 195.13,
    "end": 197.55,
    "speaker": "老师",
    "text": "需要描述这个点。"
  },
  {
    "start": 197.61,
    "end": 204.15,
    "speaker": "老师",
    "text": "所以在这里我们先要列出这一个点。"
  },
  {
    "start": 204.27,
    "end": 207.83,
    "speaker": "老师",
    "text": "下面我们可以通过代入法，"
  },
  {
    "start": 208.29,
    "end": 218.9,
    "speaker": "老师",
    "text": "把自变量的值代入函数的解析式计算出对应的函数值。"
  },
  {
    "start": 219.44,
    "end": 224.41,
    "speaker": "老师",
    "text": "我们一起来计算一下，"
  },
  {
    "start": 224.85,
    "end": 226.87,
    "speaker": "老师",
    "text": "x等于零点五，"
  },
  {
    "start": 226.97,
    "end": 230.97,
    "speaker": "老师",
    "text": "x等于零点五的平方零点二五。"
  },
  {
    "start": 231.07,
    "end": 232.47,
    "speaker": "老师",
    "text": "X等于一，"
  },
  {
    "start": 232.59,
    "end": 239.54,
    "speaker": "老师",
    "text": "x等于一的平方一一点五二点二五二四，"
  },
  {
    "start": 239.8,
    "end": 242.28,
    "speaker": "老师",
    "text": "二点五六点二五。"
  },
  {
    "start": 242.28,
    "end": 256.94,
    "speaker": "老师",
    "text": "这样我们发现自变量x的一个确定的值与它所对应的唯一的函数值s就确定了一个点。"
  },
  {
    "start": 257.1,
    "end": 261.69,
    "speaker": "老师",
    "text": "Xs通过列表，"
  },
  {
    "start": 266.05,
    "end": 278.06,
    "speaker": "老师",
    "text": "我们得到了零零零点五零点二五一一、一点五二点二五二四、二点五六点二五这几个点。"
  },
  {
    "start": 278.06,
    "end": 288.26,
    "speaker": "老师",
    "text": "下一步我们就可以在坐标系中描出这些点，"
  },
  {
    "start": 288.26,
    "end": 291.21,
    "speaker": "老师",
    "text": "第二步瞄点。"
  },
  {
    "start": 291.21,
    "end": 296.69,
    "speaker": "老师",
    "text": "那么具体怎么操作，"
  },
  {
    "start": 296.69,
    "end": 301.15,
    "speaker": "老师",
    "text": "我们借助电脑来示范一下，"
  },
  {
    "start": 301.15,
    "end": 304.95,
    "speaker": "老师",
    "text": "请同学们拿出准备好的学习工具，"
  },
  {
    "start": 305.19,
    "end": 309.41,
    "speaker": "老师",
    "text": "跟着电脑一起画。"
  },
  {
    "start": 309.41,
    "end": 315.33,
    "speaker": "老师",
    "text": "首先建立一个直角坐标系画出x轴y轴盐点，"
  },
  {
    "start": 315.35,
    "end": 320.38,
    "speaker": "老师",
    "text": "标注单位长度正方向。"
  },
  {
    "start": 321.42,
    "end": 321.94,
    "speaker": "老师",
    "text": "好，"
  },
  {
    "start": 321.94,
    "end": 331.35,
    "speaker": "老师",
    "text": "下一步我们可以描出第一个点零零这个点，"
  },
  {
    "start": 331.35,
    "end": 334.61,
    "speaker": "老师",
    "text": "因为不在取值范围内，"
  },
  {
    "start": 334.63,
    "end": 343.63,
    "speaker": "老师",
    "text": "所以规定用空心签来描后面的每一个点。"
  },
  {
    "start": 343.65,
    "end": 345.91,
    "speaker": "老师",
    "text": "因为在取值范围内，"
  },
  {
    "start": 346.39,
    "end": 352.15,
    "speaker": "老师",
    "text": "所以用实心点来描零点五零点二五一一，"
  },
  {
    "start": 352.23,
    "end": 359.46,
    "speaker": "老师",
    "text": "一点五二点二五二四、二点五六点二五。"
  },
  {
    "start": 359.52,
    "end": 366.17,
    "speaker": "老师",
    "text": "那么这一个点请大家思考一下，"
  },
  {
    "start": 366.17,
    "end": 370.41,
    "speaker": "老师",
    "text": "它是图像的最后一个点吗？"
  },
  {
    "start": 370.95,
    "end": 376.19,
    "speaker": "老师",
    "text": "事实上表示x与x对应关系的点有无数个，"
  },
  {
    "start": 376.35,
    "end": 381.09,
    "speaker": "老师",
    "text": "但是实际上我们只能描出有限个点，"
  },
  {
    "start": 381.09,
    "end": 385.29,
    "speaker": "老师",
    "text": "同时想象出其他点的位置。"
  },
  {
    "start": 385.39,
    "end": 386.47,
    "speaker": "老师",
    "text": "第三步，"
  },
  {
    "start": 386.47,
    "end": 392.05,
    "speaker": "老师",
    "text": "我们就可以连线了。"
  },
  {
    "start": 392.27,
    "end": 404.02,
    "speaker": "老师",
    "text": "我们发现刚才所描的这几个点的发展趋势在同一条曲线上，"
  },
  {
    "start": 404.06,
    "end": 412.54,
    "speaker": "老师",
    "text": "我们也可以想象满足这个关系的其他的点也应该在这一条曲线上。"
  },
  {
    "start": 412.54,
    "end": 424.6,
    "speaker": "老师",
    "text": "所以下一步我们可以用平滑的曲线来连接所描的这些点。"
  },
  {
    "start": 424.68,
    "end": 432.48,
    "speaker": "老师",
    "text": "这样我们就得到了函数s等于x的平方x大于零的图像。"
  },
  {
    "start": 432.48,
    "end": 436.48,
    "speaker": "老师",
    "text": "那么像这样用描点法画图的方法，"
  },
  {
    "start": 436.5,
    "end": 443.08,
    "speaker": "老师",
    "text": "我们把它称为描点法画函数的图像。"
  },
  {
    "start": 443.08,
    "end": 446.5,
    "speaker": "老师",
    "text": "那么什么又是函数的图像呢？"
  },
  {
    "start": 446.98,
    "end": 450.62,
    "speaker": "老师",
    "text": "一般的第一个函数，"
  },
  {
    "start": 450.68,
    "end": 460.83,
    "speaker": "老师",
    "text": "把自变量与函数的每d对应值分别作为点的横纵坐标。"
  },
  {
    "start": 460.99,
    "end": 470.5,
    "speaker": "老师",
    "text": "那么坐标平面力由这些点组成的图形就是这个函数的图像。"
  },
  {
    "start": 470.5,
    "end": 508.51,
    "speaker": "老师",
    "text": "像我们刚刚画的s等于x的平方x大于零的图像。"
  },
  {
    "start": 508.51,
    "end": 511.71,
    "speaker": "老师",
    "text": "那么经过刚才的探究，"
  },
  {
    "start": 511.77,
    "end": 530.75,
    "speaker": "老师",
    "text": "我们经历了由解析式到表格到图像的转变，"
  },
  {
    "start": 530.75,
    "end": 534.57,
    "speaker": "老师",
    "text": "也就是由竖到形的整边。"
  },
  {
    "start": 534.63,
    "end": 537.19,
    "speaker": "老师",
    "text": "这样有了图像，"
  },
  {
    "start": 537.27,
    "end": 556.08,
    "speaker": "老师",
    "text": "我们就可以塑形结合的来研究函数呢。"
  },
  {
    "start": 556.08,
    "end": 563.88,
    "speaker": "老师",
    "text": "下面让我们来归纳一下描点法画函数图像的一般步骤。"
  },
  {
    "start": 563.9,
    "end": 571.3,
    "speaker": "老师",
    "text": "第一步列表在表中给出一些自变量的值，"
  },
  {
    "start": 571.34,
    "end": 573.88,
    "speaker": "老师",
    "text": "并计算出其对应的函数值。"
  },
  {
    "start": 573.88,
    "end": 574.98,
    "speaker": "老师",
    "text": "第二步，"
  },
  {
    "start": 575.0,
    "end": 577.6,
    "speaker": "老师",
    "text": "瞄点在坐标系中，"
  },
  {
    "start": 577.6,
    "end": 580.46,
    "speaker": "老师",
    "text": "以自变量的值为横坐标，"
  },
  {
    "start": 580.46,
    "end": 589.78,
    "speaker": "老师",
    "text": "相应的函数值为纵坐标描准表格中数值的对应的特点。"
  },
  {
    "start": 589.78,
    "end": 591.67,
    "speaker": "老师",
    "text": "第三步，"
  },
  {
    "start": 591.67,
    "end": 596.35,
    "speaker": "老师",
    "text": "连线按照横坐标由小到大的顺序，"
  },
  {
    "start": 596.35,
    "end": 602.31,
    "speaker": "老师",
    "text": "把所描的各点用平滑的曲线连接起来，"
  },
  {
    "start": 602.33,
    "end": 606.15,
    "speaker": "老师",
    "text": "注意是用平滑的曲线连接起来。"
  },
  {
    "start": 606.15,
    "end": 608.15,
    "speaker": "老师",
    "text": "有了函数的图像，"
  },
  {
    "start": 608.15,
    "end": 615.01,
    "speaker": "老师",
    "text": "下一步我们就来观察一下函数的图像特征。"
  },
  {
    "start": 615.01,
    "end": 623.3,
    "speaker": "老师",
    "text": "图像上的每个点都代表的x的值与s的一种对应关系。"
  },
  {
    "start": 623.86,
    "end": 624.76,
    "speaker": "老师",
    "text": "例如，"
  },
  {
    "start": 624.98,
    "end": 630.65,
    "speaker": "老师",
    "text": "点二四表示x等于二s等于四，"
  },
  {
    "start": 630.81,
    "end": 636.89,
    "speaker": "老师",
    "text": "那么这个点的坐标值是符合函数的，"
  },
  {
    "start": 636.97,
    "end": 638.55,
    "speaker": "老师",
    "text": "解析式的。"
  },
  {
    "start": 639.59,
    "end": 648.06,
    "speaker": "老师",
    "text": "当然这条图像上的其他的点也应该是符合这个解析式的。"
  },
  {
    "start": 648.26,
    "end": 649.18,
    "speaker": "老师",
    "text": "如果不满足，"
  },
  {
    "start": 649.62,
    "end": 653.82,
    "speaker": "老师",
    "text": "就说明这个点不在函数的图像上，"
  },
  {
    "start": 653.88,
    "end": 663.67,
    "speaker": "老师",
    "text": "那么图像上的点与函数的解析式的关系又是什么呢？"
  },
  {
    "start": 666.69,
    "end": 669.51,
    "speaker": "老师",
    "text": "函数图像上的任意点，"
  },
  {
    "start": 669.55,
    "end": 671.37,
    "speaker": "老师",
    "text": "XY的坐标值，"
  },
  {
    "start": 671.37,
    "end": 675.73,
    "speaker": "老师",
    "text": "满足函数的解析式，"
  },
  {
    "start": 675.75,
    "end": 681.43,
    "speaker": "老师",
    "text": "反过来满足函数关系式的任意一DXY的值，"
  },
  {
    "start": 695.17,
    "end": 699.29,
    "speaker": "老师",
    "text": "所对应的点也一定在函数的图像上。"
  },
  {
    "start": 699.29,
    "end": 707.14,
    "speaker": "老师",
    "text": "我们经常利用这一个性质来解决代入求值的问题。"
  },
  {
    "start": 707.14,
    "end": 711.64,
    "speaker": "老师",
    "text": "观察列表我们可以发现函数的变化规律，"
  },
  {
    "start": 711.64,
    "end": 716.56,
    "speaker": "老师",
    "text": "函数值随着自变量的增大而增大，"
  },
  {
    "start": 716.56,
    "end": 721.2,
    "speaker": "老师",
    "text": "对应的图像从左向右呈上升的一个状态。"
  },
  {
    "start": 722.49,
    "end": 726.59,
    "speaker": "老师",
    "text": "那么从左边到右边，"
  },
  {
    "start": 726.63,
    "end": 731.91,
    "speaker": "老师",
    "text": "从右边到左边都体现了塑形结合。"
  },
  {
    "start": 731.93,
    "end": 743.81,
    "speaker": "老师",
    "text": "那么塑形结合是我们数学里面一个非常重要的速写方法。"
  },
  {
    "start": 743.87,
    "end": 745.59,
    "speaker": "老师",
    "text": "通过竖形结合，"
  },
  {
    "start": 745.59,
    "end": 751.05,
    "speaker": "老师",
    "text": "我们发现图像中点的位置相对越高，"
  },
  {
    "start": 751.05,
    "end": 756.8,
    "speaker": "老师",
    "text": "说明所定的点的函数值也就越大。"
  },
  {
    "start": 757.26,
    "end": 760.64,
    "speaker": "老师",
    "text": "那么通过这一个性质，"
  },
  {
    "start": 760.66,
    "end": 767.34,
    "speaker": "老师",
    "text": "我们经常用它来解决看图比较函数值的大小。"
  },
  {
    "start": 767.7,
    "end": 780.06,
    "speaker": "老师",
    "text": "下面我们就利用刚刚讲的这两个性质来解决两道简单的题目。"
  },
  {
    "start": 780.22,
    "end": 782.86,
    "speaker": "老师",
    "text": "第一个判断点，"
  },
  {
    "start": 782.86,
    "end": 793.4,
    "speaker": "老师",
    "text": "a四十六是否在函数s等于x的平方的图像上，"
  },
  {
    "start": 793.4,
    "end": 796.75,
    "speaker": "老师",
    "text": "点在函数的图像上，"
  },
  {
    "start": 796.75,
    "end": 805.48,
    "speaker": "老师",
    "text": "就说明这个点的坐标值就满足函数的解析式。"
  },
  {
    "start": 805.48,
    "end": 814.29,
    "speaker": "老师",
    "text": "我们可以用代入法把点的横纵坐标带入函数的解析式就可以得到。"
  },
  {
    "start": 814.29,
    "end": 818.57,
    "speaker": "老师",
    "text": "因为x等于四s等于四的平方等于十六，"
  },
  {
    "start": 819.23,
    "end": 825.23,
    "speaker": "老师",
    "text": "那么这个十六和我们的纵坐标十六是相等的，"
  },
  {
    "start": 825.27,
    "end": 828.74,
    "speaker": "老师",
    "text": "所以点a在函数的图像上，"
  },
  {
    "start": 830.71,
    "end": 839.53,
    "speaker": "老师",
    "text": "我们再来看第二道若点b五MC六n在函数s等于x的平方的图像上，"
  },
  {
    "start": 839.55,
    "end": 843.17,
    "speaker": "老师",
    "text": "你能比较m与n的大小吗？"
  },
  {
    "start": 843.25,
    "end": 845.51,
    "speaker": "老师",
    "text": "大家想一想，"
  },
  {
    "start": 845.51,
    "end": 846.29,
    "speaker": "老师",
    "text": "哎，"
  },
  {
    "start": 846.35,
    "end": 849.09,
    "speaker": "老师",
    "text": "有的同学已经想到了，"
  },
  {
    "start": 849.15,
    "end": 853.21,
    "speaker": "老师",
    "text": "能不能用上面的代入法。"
  },
  {
    "start": 853.21,
    "end": 859.17,
    "speaker": "老师",
    "text": "可以把x等于五代入函数的解析式，"
  },
  {
    "start": 859.39,
    "end": 864.97,
    "speaker": "老师",
    "text": "可以求出m等于五的平方等于二十五。"
  },
  {
    "start": 865.01,
    "end": 868.01,
    "speaker": "老师",
    "text": "同样把x等于六代进去，"
  },
  {
    "start": 868.15,
    "end": 876.45,
    "speaker": "老师",
    "text": "可以求出n等于六的平方三十六、二十五小于三十六，"
  },
  {
    "start": 876.45,
    "end": 880.85,
    "speaker": "老师",
    "text": "所以m小于n那么大家再想一想，"
  },
  {
    "start": 880.85,
    "end": 883.79,
    "speaker": "老师",
    "text": "还有没有更好的方法呢？"
  },
  {
    "start": 883.97,
    "end": 884.33,
    "speaker": "老师",
    "text": "嗯，"
  },
  {
    "start": 884.33,
    "end": 886.41,
    "speaker": "老师",
    "text": "有的同学想到了，"
  },
  {
    "start": 886.45,
    "end": 892.13,
    "speaker": "老师",
    "text": "还可以通过我们刚刚讲的塑形结合，"
  },
  {
    "start": 892.13,
    "end": 896.33,
    "speaker": "老师",
    "text": "通过塑形结合观察图像。"
  },
  {
    "start": 896.33,
    "end": 901.47,
    "speaker": "老师",
    "text": "我们知道图像从左到右呈上升状态，"
  },
  {
    "start": 901.47,
    "end": 907.99,
    "speaker": "老师",
    "text": "说明函数的值随着自变量的增大而增大，"
  },
  {
    "start": 908.09,
    "end": 911.45,
    "speaker": "老师",
    "text": "也就是自变量越大，"
  },
  {
    "start": 911.45,
    "end": 915.7,
    "speaker": "老师",
    "text": "所对应的函数值也就越大。"
  },
  {
    "start": 915.7,
    "end": 918.48,
    "speaker": "老师",
    "text": "因为五小于六，"
  },
  {
    "start": 918.48,
    "end": 924.13,
    "speaker": "老师",
    "text": "所以五所对应的函数值就小于六所，"
  },
  {
    "start": 924.81,
    "end": 928.09,
    "speaker": "老师",
    "text": "对应的函数值也就是m小于n."
  },
  {
    "start": 928.19,
    "end": 932.85,
    "speaker": "老师",
    "text": "大家听明白了吗？"
  },
  {
    "start": 932.85,
    "end": 937.03,
    "speaker": "老师",
    "text": "那么经过刚才的学习，"
  },
  {
    "start": 937.75,
    "end": 942.97,
    "speaker": "老师",
    "text": "我们已经学会呢画函数的图像。"
  },
  {
    "start": 943.09,
    "end": 949.68,
    "speaker": "老师",
    "text": "那么怎样可以快速的画出函数的图像呢？"
  },
  {
    "start": 949.84,
    "end": 959.75,
    "speaker": "老师",
    "text": "下面让我们尝试的再画一两个函数的图像来巩固一下。"
  },
  {
    "start": 959.85,
    "end": 960.41,
    "speaker": "老师",
    "text": "第一，"
  },
  {
    "start": 960.41,
    "end": 966.35,
    "speaker": "老师",
    "text": "请同学们把书翻到第七十七页。"
  },
  {
    "start": 966.71,
    "end": 967.35,
    "speaker": "老师",
    "text": "例三，"
  },
  {
    "start": 967.35,
    "end": 969.71,
    "speaker": "老师",
    "text": "在下列式子中，"
  },
  {
    "start": 969.71,
    "end": 973.19,
    "speaker": "老师",
    "text": "定一x的每一个确定的值，"
  },
  {
    "start": 973.21,
    "end": 975.98,
    "speaker": "老师",
    "text": "y有唯一的递应值，"
  },
  {
    "start": 977.62,
    "end": 979.3,
    "speaker": "老师",
    "text": "即y是x的函数，"
  },
  {
    "start": 979.68,
    "end": 983.8,
    "speaker": "老师",
    "text": "画出这些函数的图像。"
  },
  {
    "start": 983.8,
    "end": 987.48,
    "speaker": "老师",
    "text": "第一个y等于x加零点五，"
  },
  {
    "start": 987.48,
    "end": 1025.62,
    "speaker": "老师",
    "text": "第二个y等于x分之六x大于零，"
  },
  {
    "start": 1025.62,
    "end": 1029.71,
    "speaker": "老师",
    "text": "第一个没有告诉起值范围，"
  },
  {
    "start": 1030.13,
    "end": 1031.69,
    "speaker": "老师",
    "text": "你知道。"
  },
  {
    "start": 1031.89,
    "end": 1038.31,
    "speaker": "老师",
    "text": "第一个解析式的起值范围是什么吗？"
  },
  {
    "start": 1038.63,
    "end": 1038.97,
    "speaker": "老师",
    "text": "嗯，"
  },
  {
    "start": 1038.97,
    "end": 1045.17,
    "speaker": "老师",
    "text": "有同学想到了当x起任何数时，"
  },
  {
    "start": 1045.75,
    "end": 1052.64,
    "speaker": "老师",
    "text": "y等于x加零点五都有意义，"
  },
  {
    "start": 1052.7,
    "end": 1061.54,
    "speaker": "老师",
    "text": "说明x的取值范围是前体的实数。"
  },
  {
    "start": 1061.8,
    "end": 1063.36,
    "speaker": "老师",
    "text": "有了启值范围，"
  },
  {
    "start": 1063.36,
    "end": 1068.45,
    "speaker": "老师",
    "text": "我们就可以列出一个表格。"
  },
  {
    "start": 1068.59,
    "end": 1075.09,
    "speaker": "老师",
    "text": "第一步列表表格的第一行表示自变量的值，"
  },
  {
    "start": 1075.35,
    "end": 1077.93,
    "speaker": "老师",
    "text": "第二行表示函数y的值，"
  },
  {
    "start": 1077.93,
    "end": 1084.13,
    "speaker": "老师",
    "text": "因为取值范围是前几时松，"
  },
  {
    "start": 1084.47,
    "end": 1092.67,
    "speaker": "老师",
    "text": "所以我们先列出以零为基准，"
  },
  {
    "start": 1093.13,
    "end": 1096.56,
    "speaker": "老师",
    "text": "左边起三个，"
  },
  {
    "start": 1096.56,
    "end": 1097.74,
    "speaker": "老师",
    "text": "右边起三个，"
  },
  {
    "start": 1097.74,
    "end": 1106.22,
    "speaker": "老师",
    "text": "下一步我们就可以计算出对应的函数值，"
  },
  {
    "start": 1106.22,
    "end": 1114.49,
    "speaker": "老师",
    "text": "给大家一点点时间完成课本七十八页表十九杠四。"
  },
  {
    "start": 1114.55,
    "end": 1115.03,
    "speaker": "老师",
    "text": "好，"
  },
  {
    "start": 1115.17,
    "end": 1116.87,
    "speaker": "老师",
    "text": "时间到，"
  },
  {
    "start": 1116.89,
    "end": 1121.5,
    "speaker": "老师",
    "text": "我们一起来看一下结果。"
  },
  {
    "start": 1121.5,
    "end": 1125.06,
    "speaker": "老师",
    "text": "X等于负三y等于负二点五，"
  },
  {
    "start": 1125.06,
    "end": 1128.48,
    "speaker": "老师",
    "text": "x等于负二y等于负一点五，"
  },
  {
    "start": 1128.48,
    "end": 1140.97,
    "speaker": "老师",
    "text": "x等于负一y等于负零点五零零点五一一点五二二点五三三点五，"
  },
  {
    "start": 1140.97,
    "end": 1144.59,
    "speaker": "老师",
    "text": "这样我们就完成了列表。"
  },
  {
    "start": 1144.59,
    "end": 1146.07,
    "speaker": "老师",
    "text": "第二步瞄点。"
  },
  {
    "start": 1146.13,
    "end": 1152.9,
    "speaker": "老师",
    "text": "首先我们建立一个直角坐标系，"
  },
  {
    "start": 1152.9,
    "end": 1154.34,
    "speaker": "老师",
    "text": "画出x轴y轴，"
  },
  {
    "start": 1154.7,
    "end": 1162.02,
    "speaker": "老师",
    "text": "标出原点单位长度正方向。"
  },
  {
    "start": 1162.04,
    "end": 1170.28,
    "speaker": "老师",
    "text": "下面我们可以从表格中选起几个有代表性的点来描。"
  },
  {
    "start": 1170.28,
    "end": 1178.44,
    "speaker": "老师",
    "text": "第一个负二负一点五，"
  },
  {
    "start": 1178.44,
    "end": 1179.76,
    "speaker": "老师",
    "text": "负一负，"
  },
  {
    "start": 1179.8,
    "end": 1184.75,
    "speaker": "老师",
    "text": "零点五零零点五一一点五二二点五。"
  },
  {
    "start": 1184.75,
    "end": 1208.48,
    "speaker": "老师",
    "text": "这个时候我们可以发现这五个点的发展趋势在同一条直线上，"
  },
  {
    "start": 1208.68,
    "end": 1213.36,
    "speaker": "老师",
    "text": "所以下一步我们就可以连线了。"
  },
  {
    "start": 1213.5,
    "end": 1218.02,
    "speaker": "老师",
    "text": "连线前要注意负二负一点五是图像的起点吗？"
  },
  {
    "start": 1218.02,
    "end": 1225.51,
    "speaker": "老师",
    "text": "还有二二点五这个点是图像的终点吗？"
  },
  {
    "start": 1225.51,
    "end": 1231.04,
    "speaker": "老师",
    "text": "这两个点都不是起点和终点，"
  },
  {
    "start": 1231.04,
    "end": 1233.14,
    "speaker": "老师",
    "text": "所以连线时我们要延长，"
  },
  {
    "start": 1233.18,
    "end": 1240.81,
    "speaker": "老师",
    "text": "这样我们就可以用平滑的线来连接所描的点。"
  },
  {
    "start": 1240.97,
    "end": 1245.52,
    "speaker": "老师",
    "text": "那么这这个点和这个点一定要延长，"
  },
  {
    "start": 1246.43,
    "end": 1258.78,
    "speaker": "老师",
    "text": "这样我们就得到了直线y等于x加零点五的图像。"
  },
  {
    "start": 1259.1,
    "end": 1268.32,
    "speaker": "老师",
    "text": "那么这条直线是经过一二三象限的，"
  },
  {
    "start": 1268.34,
    "end": 1272.56,
    "speaker": "老师",
    "text": "从图像看出直线从左向右上升，"
  },
  {
    "start": 1272.56,
    "end": 1306.52,
    "speaker": "老师",
    "text": "既当x由小变大时，"
  },
  {
    "start": 1306.52,
    "end": 1314.15,
    "speaker": "老师",
    "text": "y等于x加零点五的值也随之的增大。"
  },
  {
    "start": 1314.39,
    "end": 1316.59,
    "speaker": "老师",
    "text": "同学们，"
  },
  {
    "start": 1316.75,
    "end": 1321.16,
    "speaker": "老师",
    "text": "你们是这样画的吗？"
  },
  {
    "start": 1321.82,
    "end": 1327.76,
    "speaker": "老师",
    "text": "下面我们来看两幅错图展示，"
  },
  {
    "start": 1328.14,
    "end": 1331.94,
    "speaker": "老师",
    "text": "想一想他们错在哪里？"
  },
  {
    "start": 1331.98,
    "end": 1336.82,
    "speaker": "老师",
    "text": "第一幅图因为企值不经营，"
  },
  {
    "start": 1336.82,
    "end": 1341.44,
    "speaker": "老师",
    "text": "所以它的图像分布不到位，"
  },
  {
    "start": 1341.52,
    "end": 1349.87,
    "speaker": "老师",
    "text": "正确的图像是分布在一二三象限的。"
  },
  {
    "start": 1349.87,
    "end": 1358.8,
    "speaker": "老师",
    "text": "那么这一幅图的图像只是在第一象限，"
  },
  {
    "start": 1359.0,
    "end": 1365.91,
    "speaker": "老师",
    "text": "而且他把直线画成了射线，"
  },
  {
    "start": 1365.91,
    "end": 1371.24,
    "speaker": "老师",
    "text": "那么第二幅图又做在哪里呢？"
  },
  {
    "start": 1371.38,
    "end": 1372.1,
    "speaker": "老师",
    "text": "是的，"
  },
  {
    "start": 1372.14,
    "end": 1375.24,
    "speaker": "老师",
    "text": "有东西已经看到了。"
  },
  {
    "start": 1375.5,
    "end": 1381.3,
    "speaker": "老师",
    "text": "虽然它的图像分布是金银的，"
  },
  {
    "start": 1381.3,
    "end": 1384.98,
    "speaker": "老师",
    "text": "但是他把直线画成了线段。"
  },
  {
    "start": 1384.98,
    "end": 1392.64,
    "speaker": "老师",
    "text": "事实上函数y等于x加零点五的图像是一条直线。"
  },
  {
    "start": 1392.64,
    "end": 1392.98,
    "speaker": "老师",
    "text": "好，"
  },
  {
    "start": 1392.98,
    "end": 1404.56,
    "speaker": "老师",
    "text": "下面我们再来画一下函数y等于x分之六x大于零的图像。"
  },
  {
    "start": 1405.9,
    "end": 1409.38,
    "speaker": "老师",
    "text": "第一步列表，"
  },
  {
    "start": 1409.38,
    "end": 1416.44,
    "speaker": "老师",
    "text": "请同学们完成课本七十八页的表十九杠五，"
  },
  {
    "start": 1416.44,
    "end": 1421.08,
    "speaker": "老师",
    "text": "给大家一点点时间。"
  },
  {
    "start": 1421.08,
    "end": 1421.32,
    "speaker": "老师",
    "text": "好，"
  },
  {
    "start": 1421.32,
    "end": 1426.32,
    "speaker": "老师",
    "text": "时间到我们来看一下结果。"
  },
  {
    "start": 1426.32,
    "end": 1442.13,
    "speaker": "老师",
    "text": "零点五一十二一六一点五四二三二点五二点四、三二三点五一点七四一点五五一点二六一。"
  },
  {
    "start": 1442.51,
    "end": 1449.6,
    "speaker": "老师",
    "text": "你们的结果是这样的吗？"
  },
  {
    "start": 1449.6,
    "end": 1461.37,
    "speaker": "老师",
    "text": "第二步描点我们可以从表格中选择五到七个有代表性的点来描。"
  },
  {
    "start": 1461.39,
    "end": 1462.59,
    "speaker": "老师",
    "text": "第一个点一六，"
  },
  {
    "start": 1462.59,
    "end": 1467.03,
    "speaker": "老师",
    "text": "第二个点一点五四，"
  },
  {
    "start": 1467.03,
    "end": 1470.07,
    "speaker": "老师",
    "text": "第三个点二三，"
  },
  {
    "start": 1470.07,
    "end": 1471.29,
    "speaker": "老师",
    "text": "第四个点三二，"
  },
  {
    "start": 1472.22,
    "end": 1474.52,
    "speaker": "老师",
    "text": "第五个点四，"
  },
  {
    "start": 1474.52,
    "end": 1475.5,
    "speaker": "老师",
    "text": "一点五，"
  },
  {
    "start": 1475.5,
    "end": 1478.16,
    "speaker": "老师",
    "text": "第六个点六一。"
  },
  {
    "start": 1478.16,
    "end": 1487.1,
    "speaker": "老师",
    "text": "这样我们就可以发现这六个点的发展趋势在同一条曲线上。"
  },
  {
    "start": 1487.18,
    "end": 1496.38,
    "speaker": "老师",
    "text": "那么下一步我们就可以用平滑的曲线来连接所描的各点。"
  },
  {
    "start": 1496.38,
    "end": 1509.02,
    "speaker": "老师",
    "text": "但是在一六和六一这两个点一定要注意，"
  },
  {
    "start": 1509.02,
    "end": 1512.96,
    "speaker": "老师",
    "text": "因为这两个点不是图像的单点，"
  },
  {
    "start": 1512.98,
    "end": 1515.92,
    "speaker": "老师",
    "text": "所以连线时一定要延长，"
  },
  {
    "start": 1515.98,
    "end": 1519.32,
    "speaker": "老师",
    "text": "我们来看一下效果连线，"
  },
  {
    "start": 1519.32,
    "end": 1526.27,
    "speaker": "老师",
    "text": "这样我们就得到了函数y等于x分之六，"
  },
  {
    "start": 1526.27,
    "end": 1533.95,
    "speaker": "老师",
    "text": "括弧x大于零的图像观察图像我们可以看出曲线从左向右下降，"
  },
  {
    "start": 1533.95,
    "end": 1538.8,
    "speaker": "老师",
    "text": "即当x由小变大时，"
  },
  {
    "start": 1538.8,
    "end": 1543.53,
    "speaker": "老师",
    "text": "函数y等于x分之六的值也随之减小。"
  },
  {
    "start": 1543.61,
    "end": 1546.09,
    "speaker": "老师",
    "text": "那么大家再思考一下，"
  },
  {
    "start": 1547.94,
    "end": 1552.85,
    "speaker": "老师",
    "text": "这条曲线会与坐标轴有交点吗？"
  },
  {
    "start": 1552.85,
    "end": 1556.65,
    "speaker": "老师",
    "text": "随着自变量的增大，"
  },
  {
    "start": 1556.75,
    "end": 1560.07,
    "speaker": "老师",
    "text": "函数的值越来越小，"
  },
  {
    "start": 1560.29,
    "end": 1566.15,
    "speaker": "老师",
    "text": "锁定的图像也会越来越逼近x轴，"
  },
  {
    "start": 1566.25,
    "end": 1570.2,
    "speaker": "老师",
    "text": "但是他永远不会与x轴有交点，"
  },
  {
    "start": 1570.32,
    "end": 1571.29,
    "speaker": "老师",
    "text": "为什么呢？"
  },
  {
    "start": 1572.87,
    "end": 1576.21,
    "speaker": "老师",
    "text": "因为y等于x分之六x大于零，"
  },
  {
    "start": 1576.81,
    "end": 1582.49,
    "speaker": "老师",
    "text": "这个解析式中的x和y的值都不可能为零。"
  },
  {
    "start": 1582.49,
    "end": 1584.79,
    "speaker": "老师",
    "text": "同学们，"
  },
  {
    "start": 1584.83,
    "end": 1589.73,
    "speaker": "老师",
    "text": "你们的头像是这样的吗？"
  },
  {
    "start": 1589.75,
    "end": 1593.32,
    "speaker": "老师",
    "text": "下面让我们来看两幅错图，"
  },
  {
    "start": 1593.34,
    "end": 1596.21,
    "speaker": "老师",
    "text": "展示第一幅图错在哪里？"
  },
  {
    "start": 1596.93,
    "end": 1597.29,
    "speaker": "老师",
    "text": "嗯，"
  },
  {
    "start": 1597.29,
    "end": 1597.93,
    "speaker": "老师",
    "text": "很明显，"
  },
  {
    "start": 1598.35,
    "end": 1604.38,
    "speaker": "老师",
    "text": "这幅图错在了与x轴有交点。"
  },
  {
    "start": 1604.38,
    "end": 1606.04,
    "speaker": "老师",
    "text": "那么第二幅图呢，"
  },
  {
    "start": 1606.04,
    "end": 1609.94,
    "speaker": "老师",
    "text": "有同学想到了，"
  },
  {
    "start": 1610.68,
    "end": 1613.98,
    "speaker": "老师",
    "text": "在图像的这一个部分曲线，"
  },
  {
    "start": 1613.98,
    "end": 1617.32,
    "speaker": "老师",
    "text": "从左到右始终是下降的状态，"
  },
  {
    "start": 1620.3,
    "end": 1626.08,
    "speaker": "老师",
    "text": "而这个地方曲线从左向右上升，"
  },
  {
    "start": 1626.08,
    "end": 1631.4,
    "speaker": "老师",
    "text": "还有一个错误，"
  },
  {
    "start": 1631.4,
    "end": 1632.76,
    "speaker": "老师",
    "text": "你发现了吗？"
  },
  {
    "start": 1632.76,
    "end": 1633.16,
    "speaker": "老师",
    "text": "嗯，"
  },
  {
    "start": 1633.16,
    "end": 1635.26,
    "speaker": "老师",
    "text": "有同学也想到了，"
  },
  {
    "start": 1635.26,
    "end": 1642.59,
    "speaker": "老师",
    "text": "在蓝色标注的这一部分第于x的值，"
  },
  {
    "start": 1642.93,
    "end": 1647.95,
    "speaker": "老师",
    "text": "y不是唯一的值和它对应，"
  },
  {
    "start": 1648.35,
    "end": 1654.87,
    "speaker": "老师",
    "text": "这样它就不满足函数的意义了。"
  },
  {
    "start": 1654.87,
    "end": 1655.49,
    "speaker": "老师",
    "text": "同学们，"
  },
  {
    "start": 1655.49,
    "end": 1658.8,
    "speaker": "老师",
    "text": "你们听明白了吗？"
  },
  {
    "start": 1658.84,
    "end": 1677.85,
    "speaker": "老师",
    "text": "下面我们就来归纳一下描点法画函数图像要注意的事项。"
  },
  {
    "start": 1677.85,
    "end": 1679.39,
    "speaker": "老师",
    "text": "第一列表列表。"
  },
  {
    "start": 1679.39,
    "end": 1685.07,
    "speaker": "老师",
    "text": "首先要确定自变量的取值范围。"
  },
  {
    "start": 1685.07,
    "end": 1687.59,
    "speaker": "老师",
    "text": "第二选择间隔要经营。"
  },
  {
    "start": 1687.61,
    "end": 1688.39,
    "speaker": "老师",
    "text": "第三，"
  },
  {
    "start": 1688.45,
    "end": 1692.55,
    "speaker": "老师",
    "text": "选择要具有代表性。"
  },
  {
    "start": 1695.15,
    "end": 1697.89,
    "speaker": "老师",
    "text": "瞄点不在图像上的点，"
  },
  {
    "start": 1698.03,
    "end": 1700.75,
    "speaker": "老师",
    "text": "用空心签来描，"
  },
  {
    "start": 1700.75,
    "end": 1706.71,
    "speaker": "老师",
    "text": "一般我们只需要秒五到七个点。"
  },
  {
    "start": 1706.71,
    "end": 1707.91,
    "speaker": "老师",
    "text": "当然，"
  },
  {
    "start": 1708.03,
    "end": 1711.18,
    "speaker": "老师",
    "text": "描中的点越多，"
  },
  {
    "start": 1711.18,
    "end": 1712.76,
    "speaker": "老师",
    "text": "图像就越精准。"
  },
  {
    "start": 1712.82,
    "end": 1715.67,
    "speaker": "老师",
    "text": "我们描点法画图，"
  },
  {
    "start": 1716.07,
    "end": 1721.97,
    "speaker": "老师",
    "text": "得到的图像是函数的近似图像。"
  },
  {
    "start": 1721.97,
    "end": 1722.95,
    "speaker": "老师",
    "text": "第三步，"
  },
  {
    "start": 1722.95,
    "end": 1729.78,
    "speaker": "老师",
    "text": "连线用平滑的曲线连接苗族的点的个数是有限的，"
  },
  {
    "start": 1729.78,
    "end": 1733.57,
    "speaker": "老师",
    "text": "但蕴含着无数个点的发展趋势。"
  },
  {
    "start": 1733.59,
    "end": 1738.29,
    "speaker": "老师",
    "text": "所以我们一般要根据实际情况延长，"
  },
  {
    "start": 1738.47,
    "end": 1743.55,
    "speaker": "老师",
    "text": "下面我们来完成一个简单的当堂测试。"
  },
  {
    "start": 1744.39,
    "end": 1745.13,
    "speaker": "老师",
    "text": "第一题，"
  },
  {
    "start": 1745.13,
    "end": 1753.48,
    "speaker": "老师",
    "text": "函数y等于x减一分之二中的自变量x的起值范围是什么？"
  },
  {
    "start": 1753.48,
    "end": 1755.02,
    "speaker": "老师",
    "text": "这道题比较简单，"
  },
  {
    "start": 1755.14,
    "end": 1758.9,
    "speaker": "老师",
    "text": "因为x减一在分母的位置，"
  },
  {
    "start": 1760.01,
    "end": 1761.99,
    "speaker": "老师",
    "text": "所以分母不等于零，"
  },
  {
    "start": 1761.99,
    "end": 1767.69,
    "speaker": "老师",
    "text": "也就是x减一不等于零，"
  },
  {
    "start": 1767.69,
    "end": 1771.87,
    "speaker": "老师",
    "text": "得出x不等于一第二道题。"
  },
  {
    "start": 1771.93,
    "end": 1775.49,
    "speaker": "老师",
    "text": "若点AB在函数y等于三，"
  },
  {
    "start": 1775.49,
    "end": 1782.21,
    "speaker": "老师",
    "text": "x减二的图像上则三a减b等于多少？"
  },
  {
    "start": 1782.21,
    "end": 1789.32,
    "speaker": "老师",
    "text": "那么这道题根据我们刚才讲的点，"
  },
  {
    "start": 1789.32,
    "end": 1791.52,
    "speaker": "老师",
    "text": "在函数的图像上应大运动法。"
  },
  {
    "start": 1791.52,
    "end": 1800.48,
    "speaker": "老师",
    "text": "这样我们就可以把坐标值分别代入函数的解析式，"
  },
  {
    "start": 1800.48,
    "end": 1802.82,
    "speaker": "老师",
    "text": "就可以得到b等于三a减二，"
  },
  {
    "start": 1802.82,
    "end": 1806.67,
    "speaker": "老师",
    "text": "做一个简单的变形，"
  },
  {
    "start": 1806.67,
    "end": 1816.67,
    "speaker": "老师",
    "text": "可以得出三a减b等于二。"
  },
  {
    "start": 1816.67,
    "end": 1817.01,
    "speaker": "老师",
    "text": "好，"
  },
  {
    "start": 1817.01,
    "end": 1819.19,
    "speaker": "老师",
    "text": "我们来看第三题，"
  },
  {
    "start": 1819.19,
    "end": 1820.69,
    "speaker": "老师",
    "text": "如右图，"
  },
  {
    "start": 1820.69,
    "end": 1829.08,
    "speaker": "老师",
    "text": "某个函数的图像由线段AB和BC组成，"
  },
  {
    "start": 1829.08,
    "end": 1832.68,
    "speaker": "老师",
    "text": "其中点a零一点二点，"
  },
  {
    "start": 1832.68,
    "end": 1838.09,
    "speaker": "老师",
    "text": "b一零点五点c二三分之五则。"
  },
  {
    "start": 1838.09,
    "end": 1841.11,
    "speaker": "老师",
    "text": "这个函数的最小值是多少？"
  },
  {
    "start": 1841.11,
    "end": 1842.41,
    "speaker": "老师",
    "text": "大家想一想，"
  },
  {
    "start": 1842.41,
    "end": 1845.63,
    "speaker": "老师",
    "text": "这道题需要计算吗？"
  },
  {
    "start": 1845.63,
    "end": 1846.05,
    "speaker": "老师",
    "text": "是的，"
  },
  {
    "start": 1846.05,
    "end": 1847.33,
    "speaker": "老师",
    "text": "它不需要计算，"
  },
  {
    "start": 1847.33,
    "end": 1852.34,
    "speaker": "老师",
    "text": "我们只需要通过塑形结合，"
  },
  {
    "start": 1853.09,
    "end": 1859.92,
    "speaker": "老师",
    "text": "就可以求出它的解观察图像。"
  },
  {
    "start": 1859.92,
    "end": 1866.12,
    "speaker": "老师",
    "text": "我们可以发现b点是整个图像的最低点，"
  },
  {
    "start": 1866.12,
    "end": 1871.52,
    "speaker": "老师",
    "text": "也就代表着b点所对应的函数值最小。"
  },
  {
    "start": 1871.52,
    "end": 1877.82,
    "speaker": "老师",
    "text": "在这里b点所定的函数值是零点五。"
  },
  {
    "start": 1877.82,
    "end": 1882.68,
    "speaker": "老师",
    "text": "于是我们可以得出函数的最小值为零点五。"
  },
  {
    "start": 1882.68,
    "end": 1883.92,
    "speaker": "老师",
    "text": "同学们，"
  },
  {
    "start": 1883.98,
    "end": 1887.77,
    "speaker": "老师",
    "text": "你们是这样做的吗？"
  },
  {
    "start": 1887.77,
    "end": 1891.19,
    "speaker": "老师",
    "text": "下面我们再来看一道拓展题。"
  },
  {
    "start": 1891.21,
    "end": 1897.22,
    "speaker": "老师",
    "text": "八十四面的第十四题，"
  },
  {
    "start": 1897.22,
    "end": 1900.62,
    "speaker": "老师",
    "text": "共有一例的同学课后完成，"
  },
  {
    "start": 1901.18,
    "end": 1910.86,
    "speaker": "老师",
    "text": "在同一直直角坐标系中分别画出函数y一等于XY二等于x分之一的图像。"
  },
  {
    "start": 1911.58,
    "end": 1914.86,
    "speaker": "老师",
    "text": "利用这两个图像回答x取什么值时，"
  },
  {
    "start": 1914.86,
    "end": 1917.8,
    "speaker": "老师",
    "text": "x比x分之一大。"
  },
  {
    "start": 1917.98,
    "end": 1921.34,
    "speaker": "老师",
    "text": "因为这道题有一定的难度，"
  },
  {
    "start": 1921.38,
    "end": 1928.31,
    "speaker": "老师",
    "text": "老师在这里给大家做一个简单的提示。"
  },
  {
    "start": 1928.31,
    "end": 1930.27,
    "speaker": "老师",
    "text": "第一部分画图，"
  },
  {
    "start": 1930.45,
    "end": 1932.23,
    "speaker": "老师",
    "text": "那么画图的话，"
  },
  {
    "start": 1932.23,
    "end": 1935.05,
    "speaker": "老师",
    "text": "大家课后去完成。"
  },
  {
    "start": 1935.76,
    "end": 1943.34,
    "speaker": "老师",
    "text": "在这里我们可以借助电脑的参考图像解决问题。"
  },
  {
    "start": 1943.34,
    "end": 1944.64,
    "speaker": "老师",
    "text": "X取什么值？"
  },
  {
    "start": 1944.94,
    "end": 1948.72,
    "speaker": "老师",
    "text": "X比x分之一大。"
  },
  {
    "start": 1948.72,
    "end": 1951.82,
    "speaker": "老师",
    "text": "那么对于这个问题，"
  },
  {
    "start": 1951.82,
    "end": 1955.93,
    "speaker": "老师",
    "text": "我们要有一个整化的思想。"
  },
  {
    "start": 1955.95,
    "end": 1960.52,
    "speaker": "老师",
    "text": "由速到行x比x分之一大，"
  },
  {
    "start": 1960.52,
    "end": 1969.55,
    "speaker": "老师",
    "text": "就说明y一等于x比y二等于x分之一的图像要高。"
  },
  {
    "start": 1971.63,
    "end": 1979.96,
    "speaker": "老师",
    "text": "我们只要找到这一部分的图像所对应的自变量的范围，"
  },
  {
    "start": 1980.0,
    "end": 1984.32,
    "speaker": "老师",
    "text": "我们就可以求出它的解。"
  },
  {
    "start": 1984.44,
    "end": 1990.4,
    "speaker": "老师",
    "text": "那么这道题目的思想要利用塑形，"
  },
  {
    "start": 1990.52,
    "end": 1993.24,
    "speaker": "老师",
    "text": "结合分象限讨论，"
  },
  {
    "start": 1993.24,
    "end": 1996.36,
    "speaker": "老师",
    "text": "抓住两条图像的焦点。"
  },
  {
    "start": 1996.36,
    "end": 1998.3,
    "speaker": "老师",
    "text": "比如b点第一象限，"
  },
  {
    "start": 1998.3,
    "end": 1998.57,
    "speaker": "老师",
    "text": "b点的右边y一在上面y二在下面，"
  },
  {
    "start": 1998.3,
    "end": 1998.57,
    "speaker": "老师",
    "text": "然后读出它的起词范围。"
  },
  {
    "start": 1998.3,
    "end": 1998.57,
    "speaker": "老师",
    "text": "我们再来看第三象限a点的右边到y轴之间，"
  },
  {
    "start": 1998.3,
    "end": 1998.57,
    "speaker": "老师",
    "text": "蓝色y一在上面红色所表示的y二在下面，"
  },
  {
    "start": 1998.3,
    "end": 1998.57,
    "speaker": "老师",
    "text": "这样我们就可以直接写出它的几值范围呢。"
  },
  {
    "start": 1998.3,
    "end": 1998.57,
    "speaker": "老师",
    "text": "那么这道题大家课后再仔细的想一想，"
  },
  {
    "start": 1998.3,
    "end": 1998.57,
    "speaker": "老师",
    "text": "通过今天的学习，"
  },
  {
    "start": 1998.3,
    "end": 1998.57,
    "speaker": "老师",
    "text": "我们知道图像可以直观的反映函数的关系，"
  },
  {
    "start": 1998.3,
    "end": 1998.57,
    "speaker": "老师",
    "text": "而函数又来源于生活，"
  },
  {
    "start": 1998.3,
    "end": 1998.57,
    "speaker": "老师",
    "text": "生活是丰富多彩的，"
  },
  {
    "start": 1998.3,
    "end": 1998.57,
    "speaker": "老师",
    "text": "哎，"
  },
  {
    "start": 1998.3,
    "end": 1998.57,
    "speaker": "老师",
    "text": "函数的图像也是美丽的以外的时间总是过得很快。"
  },
  {
    "start": 1998.3,
    "end": 1998.57,
    "speaker": "老师",
    "text": "又到了本节课小结的时候，"
  },
  {
    "start": 1998.3,
    "end": 1998.57,
    "speaker": "老师",
    "text": "今天我们学了什么？"
  },
  {
    "start": 1998.3,
    "end": 1998.57,
    "speaker": "老师",
    "text": "今天我们又掌握了哪一些数学方法？"
  },
  {
    "start": 1998.3,
    "end": 1998.57,
    "speaker": "老师",
    "text": "通过今天的学习，"
  },
  {
    "start": 1998.3,
    "end": 1998.57,
    "speaker": "老师",
    "text": "我们学会了描点法画函数，"
  },
  {
    "start": 1998.3,
    "end": 1998.57,
    "speaker": "老师",
    "text": "图像的一般步骤，"
  },
  {
    "start": 1998.3,
    "end": 1998.57,
    "speaker": "老师",
    "text": "第一步列表，"
  },
  {
    "start": 1998.3,
    "end": 1998.57,
    "speaker": "老师",
    "text": "第二步瞄点，"
  },
  {
    "start": 1998.3,
    "end": 1998.57,
    "speaker": "老师",
    "text": "第三步连线。"
  },
  {
    "start": 1998.3,
    "end": 1998.57,
    "speaker": "老师",
    "text": "我们还协会呢通过图像可以塑形结合的研究函数。"
  },
  {
    "start": 1998.3,
    "end": 1998.57,
    "speaker": "老师",
    "text": "我们还协会呢代入法观察法在函数中的意义。"
  },
  {
    "start": 1998.3,
    "end": 1998.57,
    "speaker": "老师",
    "text": "下面来看一下今天的作业预习题课本七十六面的思考。"
  },
  {
    "start": 1998.3,
    "end": 1998.57,
    "speaker": "老师",
    "text": "例二，"
  },
  {
    "start": 1998.3,
    "end": 1998.57,
    "speaker": "老师",
    "text": "必做题课本七十九面的第一题、二题，"
  },
  {
    "start": 1998.3,
    "end": 1998.57,
    "speaker": "老师",
    "text": "三题。"
  },
  {
    "start": 1998.3,
    "end": 1998.57,
    "speaker": "老师",
    "text": "最后借用伟大的数学家华罗根先生的名言送给大家。"
  },
  {
    "start": 1998.3,
    "end": 1998.57,
    "speaker": "老师",
    "text": "树无行时，"
  },
  {
    "start": 1998.3,
    "end": 1998.57,
    "speaker": "老师",
    "text": "少直节行无数时难弄威，"
  },
  {
    "start": 1998.3,
    "end": 1998.57,
    "speaker": "老师",
    "text": "素以行本是香以依，"
  },
  {
    "start": 1998.3,
    "end": 1998.57,
    "speaker": "老师",
    "text": "焉能分作两边飞。"
  },
  {
    "start": 1998.3,
    "end": 1998.57,
    "speaker": "老师",
    "text": "希望大家喜欢塑鞋，"
  },
  {
    "start": 1998.3,
    "end": 1998.57,
    "speaker": "老师",
    "text": "喜欢塑形。"
  },
  {
    "start": 1998.3,
    "end": 1998.57,
    "speaker": "老师",
    "text": "结合今天的课，"
  },
  {
    "start": 1998.3,
    "end": 1998.57,
    "speaker": "老师",
    "text": "我们就上到这里，"
  },
  {
    "start": 1998.3,
    "end": 1998.57,
    "speaker": "老师",
    "text": "再见。"
  }
]