[
  {
    "start": 9.38,
    "end": 14.99,
    "speaker": "老师",
    "text": "本节课我们对第二章进行专题复习，"
  },
  {
    "start": 14.99,
    "end": 21.92,
    "speaker": "老师",
    "text": "利用类比四项学好一元一次不等式类比。"
  },
  {
    "start": 21.92,
    "end": 24.7,
    "speaker": "老师",
    "text": "作为一种重要的数学思想方法，"
  },
  {
    "start": 24.74,
    "end": 29.45,
    "speaker": "老师",
    "text": "在初中数学的学习中有着重要的作用。"
  },
  {
    "start": 29.45,
    "end": 32.95,
    "speaker": "老师",
    "text": "我们在学习一元一次不等式时，"
  },
  {
    "start": 32.95,
    "end": 37.28,
    "speaker": "老师",
    "text": "就可以用一元一次方程来类比学习，"
  },
  {
    "start": 37.28,
    "end": 39.36,
    "speaker": "老师",
    "text": "他们之间有区别，"
  },
  {
    "start": 39.36,
    "end": 43.21,
    "speaker": "老师",
    "text": "更有许多相似与联系。"
  },
  {
    "start": 43.21,
    "end": 47.95,
    "speaker": "老师",
    "text": "本节课我们就二者从不同的角度进行一些分析，"
  },
  {
    "start": 47.95,
    "end": 55.26,
    "speaker": "老师",
    "text": "以帮助同学们更好的学习一元一次不等式。"
  },
  {
    "start": 56.03,
    "end": 66.33,
    "speaker": "老师",
    "text": "我们将从以下四个方面来类比一元一次不等式和一元一次方程，"
  },
  {
    "start": 66.33,
    "end": 79.13,
    "speaker": "老师",
    "text": "分别是一概念、二、解法、三应用四与一次函数的联系。"
  },
  {
    "start": 79.13,
    "end": 81.79,
    "speaker": "老师",
    "text": "我们先来看概念方面，"
  },
  {
    "start": 81.81,
    "end": 86.39,
    "speaker": "老师",
    "text": "一元一次方程的概念等号两边都是整式，"
  },
  {
    "start": 86.45,
    "end": 93.52,
    "speaker": "老师",
    "text": "只有一个未知数且未知数的最高次数为一的等式。"
  },
  {
    "start": 93.52,
    "end": 96.13,
    "speaker": "老师",
    "text": "因该是不等式的概念，"
  },
  {
    "start": 96.19,
    "end": 99.55,
    "speaker": "老师",
    "text": "不等号左右两边都是整式，"
  },
  {
    "start": 99.55,
    "end": 109.37,
    "speaker": "老师",
    "text": "只有一个未知数且未知数的最高次数为一的不等式。"
  },
  {
    "start": 109.43,
    "end": 110.25,
    "speaker": "老师",
    "text": "好，"
  },
  {
    "start": 110.25,
    "end": 112.51,
    "speaker": "老师",
    "text": "这里面举例二x减一等于零，"
  },
  {
    "start": 112.51,
    "end": 115.64,
    "speaker": "老师",
    "text": "二x减一大于零。"
  },
  {
    "start": 116.41,
    "end": 123.72,
    "speaker": "老师",
    "text": "通过一元一次方程和一元一次不等式的概念，"
  },
  {
    "start": 124.22,
    "end": 126.84,
    "speaker": "老师",
    "text": "同学们应该很快就能发现啊，"
  },
  {
    "start": 126.9,
    "end": 128.8,
    "speaker": "老师",
    "text": "它们有哪些相同点呢？"
  },
  {
    "start": 128.8,
    "end": 130.26,
    "speaker": "老师",
    "text": "我们不同点很简单啊，"
  },
  {
    "start": 130.26,
    "end": 139.72,
    "speaker": "老师",
    "text": "一个表示相等关系，"
  },
  {
    "start": 139.72,
    "end": 141.82,
    "speaker": "老师",
    "text": "一个表示不等关系。"
  },
  {
    "start": 141.82,
    "end": 142.74,
    "speaker": "老师",
    "text": "那么相同点，"
  },
  {
    "start": 142.74,
    "end": 148.2,
    "speaker": "老师",
    "text": "同学们能不能快速的总结一下？"
  },
  {
    "start": 148.58,
    "end": 149.04,
    "speaker": "老师",
    "text": "好，"
  },
  {
    "start": 149.1,
    "end": 156.34,
    "speaker": "老师",
    "text": "首先第一个含有未知数的式子都是什么呀？"
  },
  {
    "start": 156.34,
    "end": 162.99,
    "speaker": "老师",
    "text": "整式不管是方程还是不等式啊，"
  },
  {
    "start": 162.99,
    "end": 171.08,
    "speaker": "老师",
    "text": "我们现阶段讨论的都是整式二都只含有一个未知数，"
  },
  {
    "start": 171.08,
    "end": 173.71,
    "speaker": "老师",
    "text": "一元都是一元啊，"
  },
  {
    "start": 173.71,
    "end": 176.05,
    "speaker": "老师",
    "text": "未知数的最高次数都是一，"
  },
  {
    "start": 176.05,
    "end": 181.82,
    "speaker": "老师",
    "text": "那都是依次化简以后未知数的系数都不为零啊，"
  },
  {
    "start": 181.82,
    "end": 183.0,
    "speaker": "老师",
    "text": "一旦系数为零之后，"
  },
  {
    "start": 183.0,
    "end": 185.64,
    "speaker": "老师",
    "text": "这个未知数就没有了啊，"
  },
  {
    "start": 185.68,
    "end": 188.28,
    "speaker": "老师",
    "text": "就没有意义了。"
  },
  {
    "start": 188.28,
    "end": 188.58,
    "speaker": "老师",
    "text": "好，"
  },
  {
    "start": 188.58,
    "end": 196.08,
    "speaker": "老师",
    "text": "通过这个表格我们可以发现一元一次方程和一元一次不等式，"
  },
  {
    "start": 196.08,
    "end": 200.26,
    "speaker": "老师",
    "text": "它们在概念上有很多相似的地方。"
  },
  {
    "start": 200.28,
    "end": 206.87,
    "speaker": "老师",
    "text": "正是由于它们概念上的相似。"
  },
  {
    "start": 206.91,
    "end": 211.45,
    "speaker": "老师",
    "text": "所以我们后面的解法啊，"
  },
  {
    "start": 211.47,
    "end": 213.13,
    "speaker": "老师",
    "text": "包括应用，"
  },
  {
    "start": 213.53,
    "end": 215.95,
    "speaker": "老师",
    "text": "包括与一次函数的联系，"
  },
  {
    "start": 215.95,
    "end": 232.47,
    "speaker": "老师",
    "text": "他们之间就有很多类似的地方。"
  },
  {
    "start": 232.47,
    "end": 232.83,
    "speaker": "老师",
    "text": "好，"
  },
  {
    "start": 232.83,
    "end": 241.07,
    "speaker": "老师",
    "text": "我们看一下解法解法上有什么类似的地方快速的解一下。"
  },
  {
    "start": 241.07,
    "end": 249.76,
    "speaker": "老师",
    "text": "左边这个方程和右边的不等式，"
  },
  {
    "start": 249.76,
    "end": 259.47,
    "speaker": "老师",
    "text": "这边是七分之x等于一加三分之x减二。"
  },
  {
    "start": 259.49,
    "end": 263.48,
    "speaker": "老师",
    "text": "这边的不等式是七分之x大于等于一，"
  },
  {
    "start": 264.61,
    "end": 267.37,
    "speaker": "老师",
    "text": "加三分之x减二，"
  },
  {
    "start": 267.47,
    "end": 269.31,
    "speaker": "老师",
    "text": "看着很像。"
  },
  {
    "start": 269.31,
    "end": 274.05,
    "speaker": "老师",
    "text": "那么他们的解法是不是也很像呢？"
  },
  {
    "start": 274.51,
    "end": 274.97,
    "speaker": "老师",
    "text": "好，"
  },
  {
    "start": 275.35,
    "end": 284.2,
    "speaker": "老师",
    "text": "我们来看一下左边解方程去分母去括号移项合并同类项，"
  },
  {
    "start": 284.2,
    "end": 286.69,
    "speaker": "老师",
    "text": "化系数为一。"
  },
  {
    "start": 286.69,
    "end": 288.29,
    "speaker": "老师",
    "text": "哎，"
  },
  {
    "start": 288.47,
    "end": 293.48,
    "speaker": "老师",
    "text": "右边解不等式也有这五步啊，"
  },
  {
    "start": 293.48,
    "end": 295.84,
    "speaker": "老师",
    "text": "所以说在步骤上面二者是一样的。"
  },
  {
    "start": 295.84,
    "end": 296.06,
    "speaker": "老师",
    "text": "好，"
  },
  {
    "start": 296.06,
    "end": 303.63,
    "speaker": "老师",
    "text": "我们再来分析一下解方程的过程中哪些容易出错的地方。"
  },
  {
    "start": 303.63,
    "end": 304.93,
    "speaker": "老师",
    "text": "第一步，"
  },
  {
    "start": 304.93,
    "end": 311.86,
    "speaker": "老师",
    "text": "积分母很多同学容易漏成这个常数线啊，"
  },
  {
    "start": 311.86,
    "end": 316.73,
    "speaker": "老师",
    "text": "有的时候呢会是一个字母，"
  },
  {
    "start": 317.51,
    "end": 319.09,
    "speaker": "老师",
    "text": "单独的一个字母，"
  },
  {
    "start": 319.09,
    "end": 321.55,
    "speaker": "老师",
    "text": "容易出现漏产的情况。"
  },
  {
    "start": 321.55,
    "end": 324.44,
    "speaker": "老师",
    "text": "就这里面不能写一，"
  },
  {
    "start": 324.44,
    "end": 328.15,
    "speaker": "老师",
    "text": "应该是二十一，"
  },
  {
    "start": 330.34,
    "end": 333.26,
    "speaker": "老师",
    "text": "就是七和三的最小公倍数。"
  },
  {
    "start": 333.26,
    "end": 336.13,
    "speaker": "老师",
    "text": "好，"
  },
  {
    "start": 336.13,
    "end": 338.91,
    "speaker": "老师",
    "text": "那么去括号里面容易犯错的地方在哪里？"
  },
  {
    "start": 338.91,
    "end": 342.46,
    "speaker": "老师",
    "text": "第一点七和这个二不成啊，"
  },
  {
    "start": 342.46,
    "end": 349.57,
    "speaker": "老师",
    "text": "只和前面的乘不和后面的乘，"
  },
  {
    "start": 349.57,
    "end": 351.91,
    "speaker": "老师",
    "text": "所以出现什么情况呢？"
  },
  {
    "start": 351.95,
    "end": 355.13,
    "speaker": "老师",
    "text": "这边减七或者说减二。"
  },
  {
    "start": 355.13,
    "end": 355.31,
    "speaker": "老师",
    "text": "好，"
  },
  {
    "start": 355.31,
    "end": 362.42,
    "speaker": "老师",
    "text": "所以和积分母一样，"
  },
  {
    "start": 362.56,
    "end": 367.02,
    "speaker": "老师",
    "text": "要每一项都要乘，"
  },
  {
    "start": 367.02,
    "end": 371.11,
    "speaker": "老师",
    "text": "还有一个容易错的地方。"
  },
  {
    "start": 371.31,
    "end": 388.15,
    "speaker": "老师",
    "text": "就是如果说括号前面是负号的时候，"
  },
  {
    "start": 388.15,
    "end": 394.12,
    "speaker": "老师",
    "text": "那么后移项容易不变号。"
  },
  {
    "start": 394.12,
    "end": 397.93,
    "speaker": "老师",
    "text": "那么第三项移项，"
  },
  {
    "start": 397.93,
    "end": 400.19,
    "speaker": "老师",
    "text": "那么移项的时候要怎么样？"
  },
  {
    "start": 400.19,
    "end": 404.05,
    "speaker": "老师",
    "text": "变号七x移过来要变成成什么呀？"
  },
  {
    "start": 404.05,
    "end": 415.76,
    "speaker": "老师",
    "text": "负七x最后一步化系数为一时加这个负四x等于七这种情况啊，"
  },
  {
    "start": 415.76,
    "end": 421.48,
    "speaker": "老师",
    "text": "很多同学容易出现这样一个错误啊，"
  },
  {
    "start": 421.58,
    "end": 423.36,
    "speaker": "老师",
    "text": "这种错误是什么？"
  },
  {
    "start": 423.36,
    "end": 427.6,
    "speaker": "老师",
    "text": "这将分子分母怎么样颠倒？"
  },
  {
    "start": 427.6,
    "end": 431.66,
    "speaker": "老师",
    "text": "这样同学呢是没有严格的，"
  },
  {
    "start": 431.66,
    "end": 433.9,
    "speaker": "老师",
    "text": "按照我们等式的基本性质，"
  },
  {
    "start": 433.92,
    "end": 438.15,
    "speaker": "老师",
    "text": "两边同时除以负四，"
  },
  {
    "start": 438.15,
    "end": 440.7,
    "speaker": "老师",
    "text": "出现了分子分母间倒好。"
  },
  {
    "start": 440.7,
    "end": 444.74,
    "speaker": "老师",
    "text": "以上就是解方程过程中是吧，"
  },
  {
    "start": 444.74,
    "end": 446.4,
    "speaker": "老师",
    "text": "这易错点。"
  },
  {
    "start": 446.42,
    "end": 458.71,
    "speaker": "老师",
    "text": "那么这些易错点我们发现一个问题都会出现在我们解不等式的过程中都会出现在解剖难数过程中。"
  },
  {
    "start": 458.71,
    "end": 464.82,
    "speaker": "老师",
    "text": "所以解方程和解不等式，"
  },
  {
    "start": 464.82,
    "end": 470.34,
    "speaker": "老师",
    "text": "它们之间有非常多的相似的地方。"
  },
  {
    "start": 470.34,
    "end": 472.87,
    "speaker": "老师",
    "text": "那从以上例子，"
  },
  {
    "start": 472.87,
    "end": 475.86,
    "speaker": "老师",
    "text": "我们不难看出，"
  },
  {
    "start": 475.86,
    "end": 478.16,
    "speaker": "老师",
    "text": "方程的解是等于负四分之七，"
  },
  {
    "start": 478.18,
    "end": 483.54,
    "speaker": "老师",
    "text": "不等式解集是x小于等于负四分之七。"
  },
  {
    "start": 483.54,
    "end": 494.01,
    "speaker": "老师",
    "text": "所以呢我们只需要将不等式中的小于等于改成等于号，"
  },
  {
    "start": 494.01,
    "end": 500.36,
    "speaker": "老师",
    "text": "就可以由这个不等式的解集变成了方程的解。"
  },
  {
    "start": 500.36,
    "end": 508.43,
    "speaker": "老师",
    "text": "那么老师有一个问题了，"
  },
  {
    "start": 508.43,
    "end": 516.1,
    "speaker": "老师",
    "text": "我能不能直接将这个方程的解把它变一个符号，"
  },
  {
    "start": 516.1,
    "end": 522.21,
    "speaker": "老师",
    "text": "直接把这个等号改成不等号，"
  },
  {
    "start": 524.19,
    "end": 529.0,
    "speaker": "老师",
    "text": "就可以得到相应不等式的解集呢？"
  },
  {
    "start": 529.0,
    "end": 531.72,
    "speaker": "老师",
    "text": "比如说这里面也有一个方程，"
  },
  {
    "start": 531.74,
    "end": 534.65,
    "speaker": "老师",
    "text": "三x加四等于四，"
  },
  {
    "start": 534.65,
    "end": 535.61,
    "speaker": "老师",
    "text": "x减二，"
  },
  {
    "start": 535.61,
    "end": 536.97,
    "speaker": "老师",
    "text": "它的解是六，"
  },
  {
    "start": 536.97,
    "end": 543.71,
    "speaker": "老师",
    "text": "那么三x加四大于四x减二的解集是否就一定是x大于六呢？"
  },
  {
    "start": 543.71,
    "end": 543.95,
    "speaker": "老师",
    "text": "哎，"
  },
  {
    "start": 543.95,
    "end": 547.87,
    "speaker": "老师",
    "text": "这个细心的同学应该已经发现了啊，"
  },
  {
    "start": 547.87,
    "end": 561.7,
    "speaker": "老师",
    "text": "我们这个不等式一开始是大于等到这里变成什么了，"
  },
  {
    "start": 561.7,
    "end": 562.4,
    "speaker": "老师",
    "text": "小于等，"
  },
  {
    "start": 562.5,
    "end": 567.67,
    "speaker": "老师",
    "text": "所以啊是不能直接这样的。"
  },
  {
    "start": 567.67,
    "end": 569.93,
    "speaker": "老师",
    "text": "虽然不等式中出现的是大于号，"
  },
  {
    "start": 569.93,
    "end": 576.07,
    "speaker": "老师",
    "text": "但最后的解集不一定是大于号。"
  },
  {
    "start": 576.07,
    "end": 577.85,
    "speaker": "老师",
    "text": "解不等式时，"
  },
  {
    "start": 577.89,
    "end": 588.18,
    "speaker": "老师",
    "text": "我们要关注合并同类项之后未知数系数的正负。"
  },
  {
    "start": 588.18,
    "end": 597.24,
    "speaker": "老师",
    "text": "如果合并以后的这个系数为正则不等号方向不变，"
  },
  {
    "start": 597.24,
    "end": 601.52,
    "speaker": "老师",
    "text": "若合并后系数为负，"
  },
  {
    "start": 601.52,
    "end": 603.16,
    "speaker": "老师",
    "text": "则不等号方向改变。"
  },
  {
    "start": 603.16,
    "end": 617.37,
    "speaker": "老师",
    "text": "这是我们上道例题倒数第二步啊合并同类项之后的结果。"
  },
  {
    "start": 618.94,
    "end": 623.35,
    "speaker": "老师",
    "text": "那么这个最后一步化系数为一的时候，"
  },
  {
    "start": 623.35,
    "end": 627.51,
    "speaker": "老师",
    "text": "就要注意我们这个负四是正的是负的是负数。"
  },
  {
    "start": 627.63,
    "end": 629.89,
    "speaker": "老师",
    "text": "所以在除的时候，"
  },
  {
    "start": 629.89,
    "end": 632.75,
    "speaker": "老师",
    "text": "两边同时除以一个负数，"
  },
  {
    "start": 639.27,
    "end": 643.35,
    "speaker": "老师",
    "text": "那么不等号的方向要改变，"
  },
  {
    "start": 643.43,
    "end": 644.89,
    "speaker": "老师",
    "text": "要改变不等号的方向。"
  },
  {
    "start": 644.89,
    "end": 648.54,
    "speaker": "老师",
    "text": "而且也要注意分子分母，"
  },
  {
    "start": 649.69,
    "end": 651.17,
    "speaker": "老师",
    "text": "不能颠倒，"
  },
  {
    "start": 651.17,
    "end": 653.35,
    "speaker": "老师",
    "text": "这是对的。"
  },
  {
    "start": 653.43,
    "end": 656.15,
    "speaker": "老师",
    "text": "所以呢这样一来，"
  },
  {
    "start": 656.15,
    "end": 660.19,
    "speaker": "老师",
    "text": "解不等式和解方程相比啊，"
  },
  {
    "start": 660.25,
    "end": 664.2,
    "speaker": "老师",
    "text": "还增加了一个易错点，"
  },
  {
    "start": 664.2,
    "end": 670.36,
    "speaker": "老师",
    "text": "其他的去分母去括号移项这些都是相同的易错点。"
  },
  {
    "start": 670.36,
    "end": 676.03,
    "speaker": "老师",
    "text": "那么最后一步化系数为一的时候，"
  },
  {
    "start": 676.03,
    "end": 677.67,
    "speaker": "老师",
    "text": "我们尤其要注意，"
  },
  {
    "start": 677.81,
    "end": 681.67,
    "speaker": "老师",
    "text": "如果未知数系数为负数时，"
  },
  {
    "start": 681.67,
    "end": 684.78,
    "speaker": "老师",
    "text": "不等化的方向一定要改变啊，"
  },
  {
    "start": 684.78,
    "end": 686.29,
    "speaker": "老师",
    "text": "一定要改。"
  },
  {
    "start": 686.29,
    "end": 686.55,
    "speaker": "老师",
    "text": "好，"
  },
  {
    "start": 686.55,
    "end": 692.23,
    "speaker": "老师",
    "text": "小结一下解一元一次方程和一元一次不等式，"
  },
  {
    "start": 692.23,
    "end": 698.33,
    "speaker": "老师",
    "text": "它们的步骤是相同的，"
  },
  {
    "start": 698.33,
    "end": 699.01,
    "speaker": "老师",
    "text": "都有五步，"
  },
  {
    "start": 699.01,
    "end": 706.01,
    "speaker": "老师",
    "text": "分别是去分母、去括号移项合并同类项，"
  },
  {
    "start": 706.01,
    "end": 707.09,
    "speaker": "老师",
    "text": "化系数为一。"
  },
  {
    "start": 707.09,
    "end": 713.87,
    "speaker": "老师",
    "text": "我们在这里呢尤其要注意步骤一和五，"
  },
  {
    "start": 713.87,
    "end": 727.31,
    "speaker": "老师",
    "text": "因为一和五涉及到等式的基本性质和不等式的基本性质里面的一条不一样的地方啊，"
  },
  {
    "start": 727.53,
    "end": 735.67,
    "speaker": "老师",
    "text": "也就是不等式的两边同时乘或除以同一个正数的时候，"
  },
  {
    "start": 735.67,
    "end": 738.45,
    "speaker": "老师",
    "text": "不等号的方向不变啊，"
  },
  {
    "start": 738.45,
    "end": 747.48,
    "speaker": "老师",
    "text": "正数的时候是一样的啊，"
  },
  {
    "start": 747.6,
    "end": 749.87,
    "speaker": "老师",
    "text": "方向不改变。"
  },
  {
    "start": 749.87,
    "end": 755.19,
    "speaker": "老师",
    "text": "但是如果是同时乘或者除同一个负数的时候，"
  },
  {
    "start": 755.81,
    "end": 760.9,
    "speaker": "老师",
    "text": "不等号的方向好，"
  },
  {
    "start": 760.9,
    "end": 763.67,
    "speaker": "老师",
    "text": "同学们都清楚了吗？"
  },
  {
    "start": 763.81,
    "end": 764.95,
    "speaker": "老师",
    "text": "好，"
  },
  {
    "start": 765.11,
    "end": 779.12,
    "speaker": "老师",
    "text": "接下来呢我们来看一看一元一次不等式和一元一次方程在应用上面的那里。"
  },
  {
    "start": 779.12,
    "end": 779.48,
    "speaker": "老师",
    "text": "好，"
  },
  {
    "start": 779.48,
    "end": 783.06,
    "speaker": "老师",
    "text": "这里面有一道方程的题。"
  },
  {
    "start": 783.06,
    "end": 783.28,
    "speaker": "老师",
    "text": "好，"
  },
  {
    "start": 783.28,
    "end": 788.62,
    "speaker": "老师",
    "text": "我们来快速的解决一下某种商品进价为四百元，"
  },
  {
    "start": 788.62,
    "end": 798.77,
    "speaker": "老师",
    "text": "标价五百元出售商场规定打折销售，"
  },
  {
    "start": 798.77,
    "end": 804.97,
    "speaker": "老师",
    "text": "这时利润率为百分之十。"
  },
  {
    "start": 804.97,
    "end": 812.68,
    "speaker": "老师",
    "text": "请你帮助售货员计算一下这种商品按几折销售呢。"
  },
  {
    "start": 812.7,
    "end": 814.1,
    "speaker": "老师",
    "text": "首先做应用题，"
  },
  {
    "start": 814.1,
    "end": 817.59,
    "speaker": "老师",
    "text": "第一步叫审题。"
  },
  {
    "start": 817.75,
    "end": 820.52,
    "speaker": "老师",
    "text": "那么这是一个方程的题，"
  },
  {
    "start": 822.66,
    "end": 828.05,
    "speaker": "老师",
    "text": "我们关键就要去找它里面蕴含的等量关系。"
  },
  {
    "start": 828.05,
    "end": 828.35,
    "speaker": "老师",
    "text": "好，"
  },
  {
    "start": 828.35,
    "end": 834.4,
    "speaker": "老师",
    "text": "这里面的等量关系利润率等于售价减进价，"
  },
  {
    "start": 834.4,
    "end": 840.42,
    "speaker": "老师",
    "text": "这是利润除以进价得到利润率。"
  },
  {
    "start": 840.42,
    "end": 848.89,
    "speaker": "老师",
    "text": "那么我们也可以把这个进价乘过来得到利润，"
  },
  {
    "start": 848.89,
    "end": 855.19,
    "speaker": "老师",
    "text": "等于利润率乘以进价啊，"
  },
  {
    "start": 855.29,
    "end": 859.07,
    "speaker": "老师",
    "text": "这两种形式都是可以的。"
  },
  {
    "start": 859.17,
    "end": 859.43,
    "speaker": "老师",
    "text": "好，"
  },
  {
    "start": 859.43,
    "end": 861.93,
    "speaker": "老师",
    "text": "找到等量关系以后，"
  },
  {
    "start": 862.09,
    "end": 867.82,
    "speaker": "老师",
    "text": "我们就要设未知数设这种商品按x折啊销售。"
  },
  {
    "start": 868.49,
    "end": 868.87,
    "speaker": "老师",
    "text": "好，"
  },
  {
    "start": 868.87,
    "end": 881.03,
    "speaker": "老师",
    "text": "列出方程五百是标价十分之x注意到设的是x得销售，"
  },
  {
    "start": 881.19,
    "end": 886.11,
    "speaker": "老师",
    "text": "必须到x除以十以后再乘以五百啊，"
  },
  {
    "start": 886.11,
    "end": 895.64,
    "speaker": "老师",
    "text": "不能直接乘以x这个就是实际的售价减去四百，"
  },
  {
    "start": 895.64,
    "end": 899.68,
    "speaker": "老师",
    "text": "定价成本啊得到利润。"
  },
  {
    "start": 899.68,
    "end": 905.09,
    "speaker": "老师",
    "text": "那么利润另外一种算法就是利润率，"
  },
  {
    "start": 905.09,
    "end": 911.8,
    "speaker": "老师",
    "text": "百分之十乘以成本进价。"
  },
  {
    "start": 911.82,
    "end": 912.04,
    "speaker": "老师",
    "text": "好，"
  },
  {
    "start": 912.04,
    "end": 920.18,
    "speaker": "老师",
    "text": "我们解这个方程最后答因此这种商品八八折销售。"
  },
  {
    "start": 920.18,
    "end": 926.08,
    "speaker": "老师",
    "text": "接下来呢我们将这个方程的应用题辨识一下，"
  },
  {
    "start": 926.08,
    "end": 935.53,
    "speaker": "老师",
    "text": "某种商品进价为四百元，"
  },
  {
    "start": 935.59,
    "end": 941.06,
    "speaker": "老师",
    "text": "标价五百元出售商场规定可以打折销售，"
  },
  {
    "start": 941.06,
    "end": 945.6,
    "speaker": "老师",
    "text": "但其利润率不能少于百分之十。"
  },
  {
    "start": 945.6,
    "end": 948.42,
    "speaker": "老师",
    "text": "请你帮助售货员啊，"
  },
  {
    "start": 948.42,
    "end": 957.31,
    "speaker": "老师",
    "text": "计算一下这种商品最多可以按几折销售。"
  },
  {
    "start": 957.67,
    "end": 961.46,
    "speaker": "老师",
    "text": "同学们看到这个字眼不能少，"
  },
  {
    "start": 961.46,
    "end": 965.23,
    "speaker": "老师",
    "text": "最多可以，"
  },
  {
    "start": 965.53,
    "end": 968.73,
    "speaker": "老师",
    "text": "那么这个就是一个不等式的应用题啊。"
  },
  {
    "start": 968.73,
    "end": 979.84,
    "speaker": "老师",
    "text": "细心的同学应该很快就发现这道题和上面那道题的联系。"
  },
  {
    "start": 979.84,
    "end": 982.63,
    "speaker": "老师",
    "text": "同样的，"
  },
  {
    "start": 982.63,
    "end": 983.35,
    "speaker": "老师",
    "text": "我们审题，"
  },
  {
    "start": 983.35,
    "end": 985.89,
    "speaker": "老师",
    "text": "这道题审题要发现什么？"
  },
  {
    "start": 986.27,
    "end": 987.13,
    "speaker": "老师",
    "text": "不等关系，"
  },
  {
    "start": 987.13,
    "end": 991.17,
    "speaker": "老师",
    "text": "利润率等于售价减进价除以进价，"
  },
  {
    "start": 991.25,
    "end": 994.98,
    "speaker": "老师",
    "text": "这个是一样的啊，"
  },
  {
    "start": 994.98,
    "end": 996.84,
    "speaker": "老师",
    "text": "利润率要大于等于百分之十啊，"
  },
  {
    "start": 996.84,
    "end": 1002.65,
    "speaker": "老师",
    "text": "同样利润也可以写作售价减进价，"
  },
  {
    "start": 1002.87,
    "end": 1006.6,
    "speaker": "老师",
    "text": "那么就大于等于利润率乘以进价。"
  },
  {
    "start": 1006.62,
    "end": 1007.5,
    "speaker": "老师",
    "text": "同样的，"
  },
  {
    "start": 1007.9,
    "end": 1010.82,
    "speaker": "老师",
    "text": "我们要设未知数。"
  },
  {
    "start": 1010.82,
    "end": 1020.85,
    "speaker": "老师",
    "text": "在做不等式应用题时啊，"
  },
  {
    "start": 1020.85,
    "end": 1022.78,
    "speaker": "老师",
    "text": "同学们设未知数啊，"
  },
  {
    "start": 1022.78,
    "end": 1024.85,
    "speaker": "老师",
    "text": "不能设，"
  },
  {
    "start": 1024.85,
    "end": 1036.67,
    "speaker": "老师",
    "text": "最多可以按几折销售。"
  },
  {
    "start": 1037.56,
    "end": 1054.09,
    "speaker": "老师",
    "text": "应该怎么样？"
  },
  {
    "start": 1054.09,
    "end": 1062.61,
    "speaker": "老师",
    "text": "应该将它改成确定的语言解设这种商品可以按x折销售啊，"
  },
  {
    "start": 1062.61,
    "end": 1064.33,
    "speaker": "老师",
    "text": "你不能瘦，"
  },
  {
    "start": 1064.33,
    "end": 1067.37,
    "speaker": "老师",
    "text": "最多我可言。"
  },
  {
    "start": 1067.49,
    "end": 1067.93,
    "speaker": "老师",
    "text": "好，"
  },
  {
    "start": 1067.93,
    "end": 1073.81,
    "speaker": "老师",
    "text": "那么接下来第二步，"
  },
  {
    "start": 1073.81,
    "end": 1075.91,
    "speaker": "老师",
    "text": "我们根据不等关系，"
  },
  {
    "start": 1075.91,
    "end": 1082.83,
    "speaker": "老师",
    "text": "列出不等式五百乘以十分之x减四百，"
  },
  {
    "start": 1082.83,
    "end": 1087.06,
    "speaker": "老师",
    "text": "大于等于百分之十乘以四百。"
  },
  {
    "start": 1087.06,
    "end": 1089.48,
    "speaker": "老师",
    "text": "如果不够熟练的同学，"
  },
  {
    "start": 1089.64,
    "end": 1091.32,
    "speaker": "老师",
    "text": "你可以把四百除过来啊，"
  },
  {
    "start": 1092.88,
    "end": 1095.74,
    "speaker": "老师",
    "text": "这个就直接就是除过来以后，"
  },
  {
    "start": 1095.74,
    "end": 1099.94,
    "speaker": "老师",
    "text": "就是利润率啊，"
  },
  {
    "start": 1099.94,
    "end": 1102.63,
    "speaker": "老师",
    "text": "大于等于百分之十啊，"
  },
  {
    "start": 1102.63,
    "end": 1109.99,
    "speaker": "老师",
    "text": "这样的不等式也是可以的啊，"
  },
  {
    "start": 1109.99,
    "end": 1111.59,
    "speaker": "老师",
    "text": "也是可以的。"
  },
  {
    "start": 1111.63,
    "end": 1112.11,
    "speaker": "老师",
    "text": "好，"
  },
  {
    "start": 1112.11,
    "end": 1117.32,
    "speaker": "老师",
    "text": "我们解这个不等式解得x大于等于八点八，"
  },
  {
    "start": 1117.32,
    "end": 1124.09,
    "speaker": "老师",
    "text": "那么因此这种商品最多可以按八八折销售，"
  },
  {
    "start": 1124.17,
    "end": 1127.4,
    "speaker": "老师",
    "text": "就不能再折扣啊。"
  },
  {
    "start": 1127.4,
    "end": 1127.81,
    "speaker": "老师",
    "text": "好，"
  },
  {
    "start": 1128.63,
    "end": 1130.99,
    "speaker": "老师",
    "text": "那么同学们思考一下，"
  },
  {
    "start": 1130.99,
    "end": 1145.98,
    "speaker": "老师",
    "text": "一元一次方程的应用题有哪些步骤呢？"
  },
  {
    "start": 1146.02,
    "end": 1147.06,
    "speaker": "老师",
    "text": "有省上啊，"
  },
  {
    "start": 1147.1,
    "end": 1148.56,
    "speaker": "老师",
    "text": "你解一啊啊这六步。"
  },
  {
    "start": 1148.56,
    "end": 1154.36,
    "speaker": "老师",
    "text": "那我们一元一次不等式的应用题其实也一样啊，"
  },
  {
    "start": 1154.36,
    "end": 1156.08,
    "speaker": "老师",
    "text": "也有六步，"
  },
  {
    "start": 1156.08,
    "end": 1167.35,
    "speaker": "老师",
    "text": "只不过将这六步中啊等量关系改成不的关系，"
  },
  {
    "start": 1167.69,
    "end": 1176.65,
    "speaker": "老师",
    "text": "将里面的方程列方程解方程改成不等式即可。"
  },
  {
    "start": 1176.75,
    "end": 1189.02,
    "speaker": "老师",
    "text": "所以一元一次方程的应用题我们做了很多啊我们的经验可以帮助我们分析一元一次不等式的应用题，"
  },
  {
    "start": 1189.02,
    "end": 1198.86,
    "speaker": "老师",
    "text": "二者往往是相辅相成、密不可分的。"
  },
  {
    "start": 1199.0,
    "end": 1199.76,
    "speaker": "老师",
    "text": "好，"
  },
  {
    "start": 1199.76,
    "end": 1204.74,
    "speaker": "老师",
    "text": "我们来检验一下我们的学习成果啊，"
  },
  {
    "start": 1204.8,
    "end": 1209.12,
    "speaker": "老师",
    "text": "这是一道不等式的应用题。"
  },
  {
    "start": 1209.32,
    "end": 1218.12,
    "speaker": "老师",
    "text": "再一次新冠病毒防疫线上知识竞赛啊共有二十五道题规定，"
  },
  {
    "start": 1218.12,
    "end": 1219.96,
    "speaker": "老师",
    "text": "答对一道题得四分，"
  },
  {
    "start": 1219.96,
    "end": 1221.68,
    "speaker": "老师",
    "text": "答错或不答扣一分。"
  },
  {
    "start": 1221.82,
    "end": 1226.6,
    "speaker": "老师",
    "text": "这次竞赛中小明被评为优秀好关键信息，"
  },
  {
    "start": 1226.6,
    "end": 1232.65,
    "speaker": "老师",
    "text": "优秀是八十五分或八十五分以上。"
  },
  {
    "start": 1232.65,
    "end": 1236.11,
    "speaker": "老师",
    "text": "问小明至少答对了几道题。"
  },
  {
    "start": 1236.11,
    "end": 1236.75,
    "speaker": "老师",
    "text": "好，"
  },
  {
    "start": 1236.81,
    "end": 1238.71,
    "speaker": "老师",
    "text": "小颖同学的在审题时啊，"
  },
  {
    "start": 1238.71,
    "end": 1246.78,
    "speaker": "老师",
    "text": "他发现了这样一个关键信息，"
  },
  {
    "start": 1246.78,
    "end": 1250.24,
    "speaker": "老师",
    "text": "答对的分数减去答错或不答的分数，"
  },
  {
    "start": 1250.3,
    "end": 1251.96,
    "speaker": "老师",
    "text": "那大于等于八十五，"
  },
  {
    "start": 1251.96,
    "end": 1256.27,
    "speaker": "老师",
    "text": "这样我就可以获得优秀。"
  },
  {
    "start": 1256.27,
    "end": 1256.55,
    "speaker": "老师",
    "text": "好，"
  },
  {
    "start": 1256.55,
    "end": 1260.08,
    "speaker": "老师",
    "text": "他是闪看看第二步是什么呀？"
  },
  {
    "start": 1260.1,
    "end": 1260.82,
    "speaker": "老师",
    "text": "哦，"
  },
  {
    "start": 1260.82,
    "end": 1262.88,
    "speaker": "老师",
    "text": "设设小明答对了x道题，"
  },
  {
    "start": 1262.88,
    "end": 1268.95,
    "speaker": "老师",
    "text": "将不确定的语言改成确定语言，"
  },
  {
    "start": 1271.26,
    "end": 1273.0,
    "speaker": "老师",
    "text": "答对了x道题。"
  },
  {
    "start": 1273.0,
    "end": 1283.21,
    "speaker": "老师",
    "text": "那么这样一来呢，"
  },
  {
    "start": 1283.21,
    "end": 1288.57,
    "speaker": "老师",
    "text": "答错或不答的一共有二十五题，"
  },
  {
    "start": 1288.57,
    "end": 1293.19,
    "speaker": "老师",
    "text": "答错或不答的就是二十五减x道题。"
  },
  {
    "start": 1293.25,
    "end": 1293.73,
    "speaker": "老师",
    "text": "好，"
  },
  {
    "start": 1293.75,
    "end": 1294.47,
    "speaker": "老师",
    "text": "说完了，"
  },
  {
    "start": 1294.47,
    "end": 1298.24,
    "speaker": "老师",
    "text": "我们列列出符合题意的不等式。"
  },
  {
    "start": 1298.24,
    "end": 1302.49,
    "speaker": "老师",
    "text": "四乘以x这个是答对的，"
  },
  {
    "start": 1302.49,
    "end": 1308.04,
    "speaker": "老师",
    "text": "总得分一乘以二十五减x括号啊，"
  },
  {
    "start": 1308.24,
    "end": 1311.87,
    "speaker": "老师",
    "text": "这个是答错的，"
  },
  {
    "start": 1311.87,
    "end": 1313.79,
    "speaker": "老师",
    "text": "那么要扣分，"
  },
  {
    "start": 1313.79,
    "end": 1317.6,
    "speaker": "老师",
    "text": "那么就减去答错的分数，"
  },
  {
    "start": 1317.6,
    "end": 1319.14,
    "speaker": "老师",
    "text": "这个是小明的分数，"
  },
  {
    "start": 1319.58,
    "end": 1323.44,
    "speaker": "老师",
    "text": "这个分数要大于等于八十五才能获得优秀。"
  },
  {
    "start": 1325.42,
    "end": 1325.8,
    "speaker": "老师",
    "text": "好，"
  },
  {
    "start": 1325.8,
    "end": 1332.01,
    "speaker": "老师",
    "text": "我们解这个不等式解完以后，"
  },
  {
    "start": 1332.01,
    "end": 1333.37,
    "speaker": "老师",
    "text": "得到x大于等于二十二，"
  },
  {
    "start": 1333.37,
    "end": 1336.75,
    "speaker": "老师",
    "text": "那不少同学可能到这一步就直接写，"
  },
  {
    "start": 1336.75,
    "end": 1341.41,
    "speaker": "老师",
    "text": "因此他可他至少答对了二十二道题。"
  },
  {
    "start": 1341.49,
    "end": 1341.91,
    "speaker": "老师",
    "text": "好，"
  },
  {
    "start": 1342.01,
    "end": 1346.75,
    "speaker": "老师",
    "text": "这里面需要同学们注意一下啊，"
  },
  {
    "start": 1346.77,
    "end": 1349.11,
    "speaker": "老师",
    "text": "小明至少答对了二十二道题，"
  },
  {
    "start": 1349.11,
    "end": 1352.18,
    "speaker": "老师",
    "text": "由于共有二十五道题，"
  },
  {
    "start": 1352.18,
    "end": 1354.14,
    "speaker": "老师",
    "text": "且答题数为整数是吧？"
  },
  {
    "start": 1354.14,
    "end": 1361.43,
    "speaker": "老师",
    "text": "所以呢我们要注意一下，"
  },
  {
    "start": 1361.45,
    "end": 1364.11,
    "speaker": "老师",
    "text": "最终的结果应该是整数，"
  },
  {
    "start": 1364.11,
    "end": 1368.14,
    "speaker": "老师",
    "text": "它可能答二十二二三二四二五的。"
  },
  {
    "start": 1370.99,
    "end": 1371.35,
    "speaker": "老师",
    "text": "好，"
  },
  {
    "start": 1371.35,
    "end": 1373.21,
    "speaker": "老师",
    "text": "我们再来看一看小亮同学，"
  },
  {
    "start": 1373.29,
    "end": 1375.35,
    "speaker": "老师",
    "text": "他的分析你能不能理解呢？"
  },
  {
    "start": 1375.35,
    "end": 1378.69,
    "speaker": "老师",
    "text": "小亮同学在分析时发现，"
  },
  {
    "start": 1378.69,
    "end": 1382.67,
    "speaker": "老师",
    "text": "答对的分数减去答错或不答的分数等于八十五，"
  },
  {
    "start": 1382.77,
    "end": 1392.69,
    "speaker": "老师",
    "text": "这个时候刚好满足被评为优秀。"
  },
  {
    "start": 1392.69,
    "end": 1396.33,
    "speaker": "老师",
    "text": "所以呢我们可以列个什么呀？"
  },
  {
    "start": 1396.43,
    "end": 1406.68,
    "speaker": "老师",
    "text": "方程四x减去一乘以二十五减x括等于八十五，"
  },
  {
    "start": 1408.24,
    "end": 1409.96,
    "speaker": "老师",
    "text": "解得x等于二十二。"
  },
  {
    "start": 1409.96,
    "end": 1419.35,
    "speaker": "老师",
    "text": "因此他发现小明答对二十二题刚好被评为优秀，"
  },
  {
    "start": 1419.35,
    "end": 1429.84,
    "speaker": "老师",
    "text": "那么一共有二十五道题，"
  },
  {
    "start": 1430.38,
    "end": 1436.09,
    "speaker": "老师",
    "text": "所以他可能答对二十二二三二四二十五道题。"
  },
  {
    "start": 1442.18,
    "end": 1442.48,
    "speaker": "老师",
    "text": "好，"
  },
  {
    "start": 1442.48,
    "end": 1443.82,
    "speaker": "老师",
    "text": "这种思路也是可以的啊。"
  },
  {
    "start": 1443.82,
    "end": 1450.51,
    "speaker": "老师",
    "text": "在学习一元一次不等式应用题的时候啊，"
  },
  {
    "start": 1450.63,
    "end": 1456.75,
    "speaker": "老师",
    "text": "我们可以类比一元一次方程的这个想法。"
  },
  {
    "start": 1456.79,
    "end": 1457.67,
    "speaker": "老师",
    "text": "然后呢，"
  },
  {
    "start": 1457.67,
    "end": 1460.26,
    "speaker": "老师",
    "text": "分析完题意以后，"
  },
  {
    "start": 1460.26,
    "end": 1466.41,
    "speaker": "老师",
    "text": "我们再套用不等式应用题的解题格式，"
  },
  {
    "start": 1466.41,
    "end": 1473.41,
    "speaker": "老师",
    "text": "利用类比的思路要注意二者内在的联系和区别。"
  },
  {
    "start": 1473.41,
    "end": 1482.61,
    "speaker": "老师",
    "text": "同时也要注意不等式应用题的解需要满足的实际情况。"
  },
  {
    "start": 1482.61,
    "end": 1482.81,
    "speaker": "老师",
    "text": "好，"
  },
  {
    "start": 1482.81,
    "end": 1485.26,
    "speaker": "老师",
    "text": "应用的学习就到这里。"
  },
  {
    "start": 1485.3,
    "end": 1485.5,
    "speaker": "老师",
    "text": "好，"
  },
  {
    "start": 1485.5,
    "end": 1491.14,
    "speaker": "老师",
    "text": "我们现在再来看一下二者与一次函数的联系。"
  },
  {
    "start": 1491.14,
    "end": 1494.62,
    "speaker": "老师",
    "text": "在之前的课程中，"
  },
  {
    "start": 1496.8,
    "end": 1506.33,
    "speaker": "老师",
    "text": "我们已经学习过一元一次方程与一次函数的联系。"
  },
  {
    "start": 1506.33,
    "end": 1524.44,
    "speaker": "老师",
    "text": "利用类比思想可以帮助我们更好的理解一元一次不等式与一次函数的联系。"
  },
  {
    "start": 1524.44,
    "end": 1524.96,
    "speaker": "老师",
    "text": "好，"
  },
  {
    "start": 1524.96,
    "end": 1528.65,
    "speaker": "老师",
    "text": "我们先来看一个问题，"
  },
  {
    "start": 1528.69,
    "end": 1532.19,
    "speaker": "老师",
    "text": "函数图像y等于负二x减五啊，"
  },
  {
    "start": 1532.19,
    "end": 1538.49,
    "speaker": "老师",
    "text": "图像给你了，"
  },
  {
    "start": 1538.49,
    "end": 1541.31,
    "speaker": "老师",
    "text": "观察图像回答三个问题，"
  },
  {
    "start": 1543.13,
    "end": 1545.43,
    "speaker": "老师",
    "text": "第一题是方程问题，"
  },
  {
    "start": 1545.57,
    "end": 1548.72,
    "speaker": "老师",
    "text": "后面两题是不等式问题。"
  },
  {
    "start": 1548.72,
    "end": 1553.33,
    "speaker": "老师",
    "text": "我们先来看方程问题，"
  },
  {
    "start": 1553.33,
    "end": 1560.23,
    "speaker": "老师",
    "text": "x取何值时负二x减五等于零呢？"
  },
  {
    "start": 1560.23,
    "end": 1560.61,
    "speaker": "老师",
    "text": "好，"
  },
  {
    "start": 1560.61,
    "end": 1570.59,
    "speaker": "老师",
    "text": "我们之前学过用一次函数的图像来解决一元一次方程的问题啊，"
  },
  {
    "start": 1570.59,
    "end": 1578.2,
    "speaker": "老师",
    "text": "这个是我们上个学期所学过的内容。"
  },
  {
    "start": 1578.2,
    "end": 1584.27,
    "speaker": "老师",
    "text": "从两个角度瘦的角度上来看，"
  },
  {
    "start": 1584.27,
    "end": 1589.94,
    "speaker": "老师",
    "text": "负二x减五等于零的解它就是什么呢？"
  },
  {
    "start": 1589.98,
    "end": 1596.12,
    "speaker": "老师",
    "text": "函数y等于负二，"
  },
  {
    "start": 1596.12,
    "end": 1599.12,
    "speaker": "老师",
    "text": "x减五的函数值为零的时候，"
  },
  {
    "start": 1599.12,
    "end": 1606.51,
    "speaker": "老师",
    "text": "自变量的取值如果从图形的角度上来看，"
  },
  {
    "start": 1608.03,
    "end": 1621.43,
    "speaker": "老师",
    "text": "那么负x减五等于零的解就是直线y等于负二x减五与x轴交点的横坐标。"
  },
  {
    "start": 1621.43,
    "end": 1627.84,
    "speaker": "老师",
    "text": "那么注意到我们刚刚这个交点的横坐标啊，"
  },
  {
    "start": 1630.32,
    "end": 1634.72,
    "speaker": "老师",
    "text": "回去看一下焦点的横坐标是多少啊，"
  },
  {
    "start": 1635.06,
    "end": 1636.11,
    "speaker": "老师",
    "text": "负二点五。"
  },
  {
    "start": 1638.01,
    "end": 1649.48,
    "speaker": "老师",
    "text": "所以因此呢我们负二x减五等于零的接就是x等于负二点五。"
  },
  {
    "start": 1649.48,
    "end": 1650.57,
    "speaker": "老师",
    "text": "好，"
  },
  {
    "start": 1650.57,
    "end": 1651.95,
    "speaker": "老师",
    "text": "有了这个经验，"
  },
  {
    "start": 1651.99,
    "end": 1666.37,
    "speaker": "老师",
    "text": "我们看看能不能用函数的方法来解决不等式的问题呢啊能不能类比一下也是可以的。"
  },
  {
    "start": 1666.37,
    "end": 1669.87,
    "speaker": "老师",
    "text": "好负二x减五大于零，"
  },
  {
    "start": 1669.87,
    "end": 1675.57,
    "speaker": "老师",
    "text": "从函数y等于负二x减五的角度来看，"
  },
  {
    "start": 1675.57,
    "end": 1677.01,
    "speaker": "老师",
    "text": "就是什么呀？"
  },
  {
    "start": 1677.01,
    "end": 1685.02,
    "speaker": "老师",
    "text": "Y大于那么y大于零反映到图像上呢，"
  },
  {
    "start": 1685.02,
    "end": 1693.29,
    "speaker": "老师",
    "text": "是不是只要研究x轴上方的部分就可以？"
  },
  {
    "start": 1693.59,
    "end": 1694.21,
    "speaker": "老师",
    "text": "好，"
  },
  {
    "start": 1694.43,
    "end": 1705.59,
    "speaker": "老师",
    "text": "我们来看一下图像x轴上方的部分，"
  },
  {
    "start": 1705.59,
    "end": 1707.47,
    "speaker": "老师",
    "text": "这是上方的部分，"
  },
  {
    "start": 1707.47,
    "end": 1726.58,
    "speaker": "老师",
    "text": "x轴上方的部分的这些点纵坐标有什么特点？"
  },
  {
    "start": 1726.76,
    "end": 1728.74,
    "speaker": "老师",
    "text": "当然就是y大，"
  },
  {
    "start": 1728.9,
    "end": 1730.02,
    "speaker": "老师",
    "text": "于是吧，"
  },
  {
    "start": 1730.02,
    "end": 1734.35,
    "speaker": "老师",
    "text": "纵坐标都大于。"
  },
  {
    "start": 1734.49,
    "end": 1739.03,
    "speaker": "老师",
    "text": "那么相应的横坐标又有什么特点呢？"
  },
  {
    "start": 1740.26,
    "end": 1740.74,
    "speaker": "老师",
    "text": "哎，"
  },
  {
    "start": 1740.74,
    "end": 1743.52,
    "speaker": "老师",
    "text": "看一看横坐标有什么特点。"
  },
  {
    "start": 1743.76,
    "end": 1744.14,
    "speaker": "老师",
    "text": "好，"
  },
  {
    "start": 1744.14,
    "end": 1751.05,
    "speaker": "老师",
    "text": "细心的同学应该已经发现了，"
  },
  {
    "start": 1751.98,
    "end": 1763.68,
    "speaker": "老师",
    "text": "横坐标都在负二点五的左边，"
  },
  {
    "start": 1763.76,
    "end": 1764.74,
    "speaker": "老师",
    "text": "在数轴上，"
  },
  {
    "start": 1764.74,
    "end": 1771.22,
    "speaker": "老师",
    "text": "在负二点五的左边的这些数该如何表示？"
  },
  {
    "start": 1771.46,
    "end": 1772.24,
    "speaker": "老师",
    "text": "哎，"
  },
  {
    "start": 1772.88,
    "end": 1773.3,
    "speaker": "老师",
    "text": "很好啊，"
  },
  {
    "start": 1773.3,
    "end": 1777.59,
    "speaker": "老师",
    "text": "就是x小于负二点五。"
  },
  {
    "start": 1780.66,
    "end": 1783.12,
    "speaker": "老师",
    "text": "因此通过图像我们可以得知，"
  },
  {
    "start": 1783.12,
    "end": 1786.94,
    "speaker": "老师",
    "text": "当x小于负二点五时，"
  },
  {
    "start": 1787.14,
    "end": 1789.5,
    "speaker": "老师",
    "text": "负二x减五大于零啊，"
  },
  {
    "start": 1789.5,
    "end": 1790.3,
    "speaker": "老师",
    "text": "同样的方法，"
  },
  {
    "start": 1790.3,
    "end": 1792.58,
    "speaker": "老师",
    "text": "当x大于负二点五时，"
  },
  {
    "start": 1792.58,
    "end": 1796.11,
    "speaker": "老师",
    "text": "负二x减五就小于小于零，"
  },
  {
    "start": 1796.11,
    "end": 1798.17,
    "speaker": "老师",
    "text": "就看y小于零的部分，"
  },
  {
    "start": 1798.17,
    "end": 1800.91,
    "speaker": "老师",
    "text": "就看x轴下方的部分，"
  },
  {
    "start": 1800.91,
    "end": 1807.56,
    "speaker": "老师",
    "text": "下方部分的点对应的横坐标都是大于负二点五的啊，"
  },
  {
    "start": 1807.56,
    "end": 1831.06,
    "speaker": "老师",
    "text": "所以总结一下一元一次不等式跟一次函数的联系和方程与一次函数的联系是类似的。"
  },
  {
    "start": 1831.06,
    "end": 1831.34,
    "speaker": "老师",
    "text": "好，"
  },
  {
    "start": 1831.34,
    "end": 1833.48,
    "speaker": "老师",
    "text": "从树的角度上来看，"
  },
  {
    "start": 1833.5,
    "end": 1837.89,
    "speaker": "老师",
    "text": "负二x减五大于零的解集就是一次函数，"
  },
  {
    "start": 1837.89,
    "end": 1841.76,
    "speaker": "老师",
    "text": "y等于负二x的函数值大于零时，"
  },
  {
    "start": 1841.76,
    "end": 1845.55,
    "speaker": "老师",
    "text": "自变量x的取值范围。"
  },
  {
    "start": 1845.55,
    "end": 1847.51,
    "speaker": "老师",
    "text": "从形的角度上来看，"
  },
  {
    "start": 1847.51,
    "end": 1854.91,
    "speaker": "老师",
    "text": "负二x减五大于零的解集就是函数y等于负x减五的图像，"
  },
  {
    "start": 1854.91,
    "end": 1858.04,
    "speaker": "老师",
    "text": "在x轴上方时，"
  },
  {
    "start": 1858.04,
    "end": 1860.86,
    "speaker": "老师",
    "text": "自变量x的取值范围。"
  },
  {
    "start": 1860.86,
    "end": 1861.2,
    "speaker": "老师",
    "text": "好，"
  },
  {
    "start": 1861.2,
    "end": 1864.0,
    "speaker": "老师",
    "text": "我们来看一道例题，"
  },
  {
    "start": 1864.0,
    "end": 1866.64,
    "speaker": "老师",
    "text": "来巩固一下他们二者的联系。"
  },
  {
    "start": 1866.64,
    "end": 1880.13,
    "speaker": "老师",
    "text": "好注意到KX加b和x加a分别对应的y一和y二、两个函数。"
  },
  {
    "start": 1880.13,
    "end": 1887.17,
    "speaker": "老师",
    "text": "所以KX加b大于x加a实际上就是y一大于y二。"
  },
  {
    "start": 1887.31,
    "end": 1894.15,
    "speaker": "老师",
    "text": "从图像上看，"
  },
  {
    "start": 1894.15,
    "end": 1900.03,
    "speaker": "老师",
    "text": "我们只需要关心y一什么时候在y二的上方。"
  },
  {
    "start": 1900.03,
    "end": 1900.33,
    "speaker": "老师",
    "text": "好，"
  },
  {
    "start": 1900.33,
    "end": 1905.43,
    "speaker": "老师",
    "text": "我们发现这个时候y一在y二的上方，"
  },
  {
    "start": 1905.43,
    "end": 1912.89,
    "speaker": "老师",
    "text": "这些点它们有什么共同特点？"
  },
  {
    "start": 1912.89,
    "end": 1913.13,
    "speaker": "老师",
    "text": "好，"
  },
  {
    "start": 1913.13,
    "end": 1914.91,
    "speaker": "老师",
    "text": "很好啊，"
  },
  {
    "start": 1915.07,
    "end": 1919.83,
    "speaker": "老师",
    "text": "它们的横坐标都小于三，"
  },
  {
    "start": 1920.57,
    "end": 1922.49,
    "speaker": "老师",
    "text": "所以答案选哪个？"
  },
  {
    "start": 1922.49,
    "end": 1931.44,
    "speaker": "老师",
    "text": "选b啊答案选b总结一下不等式方程和函数的联系，"
  },
  {
    "start": 1931.44,
    "end": 1937.45,
    "speaker": "老师",
    "text": "类比一元一次方程与一次函数的联系。"
  },
  {
    "start": 1937.45,
    "end": 1941.29,
    "speaker": "老师",
    "text": "在学习一元一次不等式时，"
  },
  {
    "start": 1941.29,
    "end": 1947.88,
    "speaker": "老师",
    "text": "我们已经学会运用函数图像解不等式问题。"
  },
  {
    "start": 1947.88,
    "end": 1948.46,
    "speaker": "老师",
    "text": "实际上，"
  },
  {
    "start": 1948.46,
    "end": 1956.74,
    "speaker": "老师",
    "text": "我们也可以通过解不等式帮助研究函数问题，"
  },
  {
    "start": 1958.79,
    "end": 1960.33,
    "speaker": "老师",
    "text": "二者相互渗透。"
  },
  {
    "start": 1960.33,
    "end": 1966.69,
    "speaker": "老师",
    "text": "不等式与方程函数是有着紧密的联系的。"
  },
  {
    "start": 1966.69,
    "end": 1967.61,
    "speaker": "老师",
    "text": "好，"
  },
  {
    "start": 1968.17,
    "end": 1979.38,
    "speaker": "老师",
    "text": "我们来看一下一道应用题加以巩固新冠肺炎疫情，"
  },
  {
    "start": 1979.38,
    "end": 1988.85,
    "speaker": "老师",
    "text": "导致口罩一度供不应求。"
  },
  {
    "start": 1988.85,
    "end": 1991.85,
    "speaker": "老师",
    "text": "为响应国家号召，"
  },
  {
    "start": 1991.99,
    "end": 1999.43,
    "speaker": "老师",
    "text": "不少企业纷纷转型生产口罩。"
  },
  {
    "start": 1999.43,
    "end": 2002.33,
    "speaker": "老师",
    "text": "某企业准备租用厂房进行口罩生产，"
  },
  {
    "start": 2002.33,
    "end": 2007.76,
    "speaker": "老师",
    "text": "你和甲乙两家厂房中的一家签订合同，"
  },
  {
    "start": 2007.76,
    "end": 2012.87,
    "speaker": "老师",
    "text": "甲厂房规定先收十五万元的固定费用，"
  },
  {
    "start": 2012.93,
    "end": 2018.11,
    "speaker": "老师",
    "text": "再按每星期一万元收取租金。"
  },
  {
    "start": 2018.57,
    "end": 2020.15,
    "speaker": "老师",
    "text": "以上法规定，"
  },
  {
    "start": 2020.41,
    "end": 2029.03,
    "speaker": "老师",
    "text": "只需按每星期二点五万元收取租金，"
  },
  {
    "start": 2029.15,
    "end": 2040.06,
    "speaker": "老师",
    "text": "是分别写出租用甲乙厂房所花费的费用与租用时间之间的函数关系式，"
  },
  {
    "start": 2041.52,
    "end": 2044.22,
    "speaker": "老师",
    "text": "并回答下列问题。"
  },
  {
    "start": 2045.19,
    "end": 2049.07,
    "speaker": "老师",
    "text": "一、租用时间为多少？"
  },
  {
    "start": 2049.07,
    "end": 2049.95,
    "speaker": "老师",
    "text": "星期时，"
  },
  {
    "start": 2049.95,
    "end": 2052.19,
    "speaker": "老师",
    "text": "两家厂房费用相同，"
  },
  {
    "start": 2052.19,
    "end": 2056.58,
    "speaker": "老师",
    "text": "好租用时间为多少？"
  },
  {
    "start": 2056.72,
    "end": 2060.74,
    "speaker": "老师",
    "text": "星期时，"
  },
  {
    "start": 2060.76,
    "end": 2062.4,
    "speaker": "老师",
    "text": "甲厂房更合算。"
  },
  {
    "start": 2062.4,
    "end": 2065.62,
    "speaker": "老师",
    "text": "三、租用时间为多少？"
  },
  {
    "start": 2065.62,
    "end": 2066.26,
    "speaker": "老师",
    "text": "星期时，"
  },
  {
    "start": 2068.31,
    "end": 2069.91,
    "speaker": "老师",
    "text": "乙厂房更合算。"
  },
  {
    "start": 2069.91,
    "end": 2077.58,
    "speaker": "老师",
    "text": "很显然哈第一题应该是一个方程问题啊，"
  },
  {
    "start": 2077.58,
    "end": 2082.09,
    "speaker": "老师",
    "text": "后面两题呢应该是一个不等式的问题，"
  },
  {
    "start": 2082.19,
    "end": 2090.51,
    "speaker": "老师",
    "text": "那么我们能不能用函数的思路来解决这三道题呢？"
  },
  {
    "start": 2090.51,
    "end": 2091.51,
    "speaker": "老师",
    "text": "好，"
  },
  {
    "start": 2091.57,
    "end": 2096.64,
    "speaker": "老师",
    "text": "我们先得到甲乙两家厂房收费，"
  },
  {
    "start": 2096.86,
    "end": 2103.17,
    "speaker": "老师",
    "text": "这个y与时间x之间的函数关系式，"
  },
  {
    "start": 2103.17,
    "end": 2105.11,
    "speaker": "老师",
    "text": "y一等于x加十五，"
  },
  {
    "start": 2105.11,
    "end": 2108.81,
    "speaker": "老师",
    "text": "y二等于二点五x加厂包十五万元，"
  },
  {
    "start": 2108.99,
    "end": 2111.82,
    "speaker": "老师",
    "text": "固定费用每星期一万元。"
  },
  {
    "start": 2111.82,
    "end": 2120.47,
    "speaker": "老师",
    "text": "一乘x乙厂房二点五x啊每星期两点五万元。"
  },
  {
    "start": 2120.57,
    "end": 2120.93,
    "speaker": "老师",
    "text": "好，"
  },
  {
    "start": 2120.93,
    "end": 2122.75,
    "speaker": "老师",
    "text": "得到了函数关系式以后，"
  },
  {
    "start": 2122.75,
    "end": 2130.67,
    "speaker": "老师",
    "text": "我们再来分析一下一二三这三道题费用相同说明什么？"
  },
  {
    "start": 2130.67,
    "end": 2132.93,
    "speaker": "老师",
    "text": "Y一等于y二甲厂房更何在，"
  },
  {
    "start": 2132.93,
    "end": 2135.01,
    "speaker": "老师",
    "text": "又说明什么呢？"
  },
  {
    "start": 2135.01,
    "end": 2135.49,
    "speaker": "老师",
    "text": "呃，"
  },
  {
    "start": 2135.49,
    "end": 2140.29,
    "speaker": "老师",
    "text": "y一小于y二遗产方根何算呢哦y一大。"
  },
  {
    "start": 2140.29,
    "end": 2140.63,
    "speaker": "老师",
    "text": "好，"
  },
  {
    "start": 2140.63,
    "end": 2146.37,
    "speaker": "老师",
    "text": "接下来呢我们用看看能不能用图像法解决一下，"
  },
  {
    "start": 2146.37,
    "end": 2149.6,
    "speaker": "老师",
    "text": "画出函数图像，"
  },
  {
    "start": 2149.62,
    "end": 2152.1,
    "speaker": "老师",
    "text": "关注到他们的焦点，"
  },
  {
    "start": 2152.1,
    "end": 2152.51,
    "speaker": "老师",
    "text": "求出交点的横坐标得到x等于十。"
  },
  {
    "start": 2152.18,
    "end": 2152.51,
    "speaker": "老师",
    "text": "所以呢，"
  },
  {
    "start": 2152.18,
    "end": 2152.51,
    "speaker": "老师",
    "text": "第一问已经出来了啊，"
  },
  {
    "start": 2152.18,
    "end": 2152.51,
    "speaker": "老师",
    "text": "x等于十的时候，"
  },
  {
    "start": 2152.18,
    "end": 2152.51,
    "speaker": "老师",
    "text": "两家厂房费用相同。"
  },
  {
    "start": 2152.18,
    "end": 2152.51,
    "speaker": "老师",
    "text": "那么后面y一小于y二看的是什么呢？"
  },
  {
    "start": 2152.18,
    "end": 2152.51,
    "speaker": "老师",
    "text": "就看y一什么时候在y二的下方，"
  },
  {
    "start": 2152.18,
    "end": 2152.51,
    "speaker": "老师",
    "text": "y一在y二的下方，"
  },
  {
    "start": 2152.18,
    "end": 2152.51,
    "speaker": "老师",
    "text": "这个时候x大于十，"
  },
  {
    "start": 2152.18,
    "end": 2152.51,
    "speaker": "老师",
    "text": "x大于十时，"
  },
  {
    "start": 2152.18,
    "end": 2152.51,
    "speaker": "老师",
    "text": "y一小于y二，"
  },
  {
    "start": 2152.18,
    "end": 2152.51,
    "speaker": "老师",
    "text": "所以甲更合算。"
  },
  {
    "start": 2152.18,
    "end": 2152.51,
    "speaker": "老师",
    "text": "Y一大于y二，"
  },
  {
    "start": 2152.18,
    "end": 2152.51,
    "speaker": "老师",
    "text": "就是y一在y二上方。"
  },
  {
    "start": 2152.18,
    "end": 2152.51,
    "speaker": "老师",
    "text": "我们看左边好y一在y二上方，"
  },
  {
    "start": 2152.18,
    "end": 2152.51,
    "speaker": "老师",
    "text": "这个时候x小于十选择乙更合算。"
  },
  {
    "start": 2152.18,
    "end": 2152.51,
    "speaker": "老师",
    "text": "好，"
  },
  {
    "start": 2152.18,
    "end": 2152.51,
    "speaker": "老师",
    "text": "我们通过函数图像的方法解决了这三道题。"
  },
  {
    "start": 2152.18,
    "end": 2152.51,
    "speaker": "老师",
    "text": "那同学们能不能直接用方程和不等式来解决这个函数问题呢？"
  },
  {
    "start": 2152.18,
    "end": 2152.51,
    "speaker": "老师",
    "text": "啊，"
  },
  {
    "start": 2152.18,
    "end": 2152.51,
    "speaker": "老师",
    "text": "也是可以的。"
  },
  {
    "start": 2152.18,
    "end": 2152.51,
    "speaker": "老师",
    "text": "好，"
  },
  {
    "start": 2152.18,
    "end": 2152.51,
    "speaker": "老师",
    "text": "我们直接解方程解不等式y一等于y二嘛，"
  },
  {
    "start": 2152.18,
    "end": 2152.51,
    "speaker": "老师",
    "text": "就是x加十五等于二点五。"
  },
  {
    "start": 2152.18,
    "end": 2152.51,
    "speaker": "老师",
    "text": "X解的结果对应的费用相同，"
  },
  {
    "start": 2152.18,
    "end": 2152.51,
    "speaker": "老师",
    "text": "函数值相等，"
  },
  {
    "start": 2152.18,
    "end": 2152.51,
    "speaker": "老师",
    "text": "对应的函数值甲厂房更何算y一小于y二，"
  },
  {
    "start": 2152.18,
    "end": 2152.51,
    "speaker": "老师",
    "text": "y一小于y二，"
  },
  {
    "start": 2152.18,
    "end": 2152.51,
    "speaker": "老师",
    "text": "y一大于y二，"
  },
  {
    "start": 2152.18,
    "end": 2152.51,
    "speaker": "老师",
    "text": "移场方更合算，"
  },
  {
    "start": 2152.18,
    "end": 2152.51,
    "speaker": "老师",
    "text": "直接解出不等式即可。"
  },
  {
    "start": 2152.18,
    "end": 2152.51,
    "speaker": "老师",
    "text": "因此，"
  },
  {
    "start": 2152.18,
    "end": 2152.51,
    "speaker": "老师",
    "text": "租用时间为十星期时，"
  },
  {
    "start": 2152.18,
    "end": 2152.51,
    "speaker": "老师",
    "text": "两家厂房费用相同。"
  },
  {
    "start": 2152.18,
    "end": 2152.51,
    "speaker": "老师",
    "text": "租用时间多于实星期时，"
  },
  {
    "start": 2152.18,
    "end": 2152.51,
    "speaker": "老师",
    "text": "选择甲厂房更合算。"
  },
  {
    "start": 2152.18,
    "end": 2152.51,
    "speaker": "老师",
    "text": "租用时间少于十星期时，"
  },
  {
    "start": 2152.18,
    "end": 2152.51,
    "speaker": "老师",
    "text": "选择宜厂房更合算。"
  },
  {
    "start": 2152.18,
    "end": 2152.51,
    "speaker": "老师",
    "text": "今天的内容就上到这里，"
  },
  {
    "start": 2152.18,
    "end": 2152.51,
    "speaker": "老师",
    "text": "我们一起来总结一下本节课从概念解法应用与一次函数的联系四个方面类比了一元一次不等式和一元一次方程，"
  },
  {
    "start": 2152.18,
    "end": 2152.51,
    "speaker": "老师",
    "text": "也期待同学们在今后的学习中能够利用类比思想，"
  },
  {
    "start": 2152.18,
    "end": 2152.51,
    "speaker": "老师",
    "text": "建立起新知识和旧知识的联系，"
  },
  {
    "start": 2152.18,
    "end": 2152.51,
    "speaker": "老师",
    "text": "从而帮助我们更好的、更顺利的接收新知识。"
  },
  {
    "start": 2152.18,
    "end": 2152.51,
    "speaker": "老师",
    "text": "好，"
  },
  {
    "start": 2152.18,
    "end": 2152.51,
    "speaker": "老师",
    "text": "这是今天的作业。"
  },
  {
    "start": 2152.18,
    "end": 2152.51,
    "speaker": "老师",
    "text": "好，"
  },
  {
    "start": 2152.18,
    "end": 2152.51,
    "speaker": "老师",
    "text": "同学们再见。"
  }
]