[
  {
    "start": 9.31,
    "end": 11.55,
    "speaker": "老师",
    "text": "同学们大家好，"
  },
  {
    "start": 11.55,
    "end": 17.53,
    "speaker": "老师",
    "text": "非常荣幸和大家一起进入三角形的中位线的学习。"
  },
  {
    "start": 17.53,
    "end": 18.97,
    "speaker": "老师",
    "text": "在上课之前，"
  },
  {
    "start": 18.97,
    "end": 23.93,
    "speaker": "老师",
    "text": "老师了解到咱们班有四个同学一起过生日，"
  },
  {
    "start": 23.93,
    "end": 30.57,
    "speaker": "老师",
    "text": "需要把一块三角形的蛋糕分成大小相同的四块。"
  },
  {
    "start": 30.69,
    "end": 49.91,
    "speaker": "老师",
    "text": "你能帮老师来分一分吗？"
  },
  {
    "start": 49.91,
    "end": 53.13,
    "speaker": "老师",
    "text": "小凡同学是这样分的，"
  },
  {
    "start": 53.17,
    "end": 58.02,
    "speaker": "老师",
    "text": "把蛋糕抽象成三角形，"
  },
  {
    "start": 58.04,
    "end": 61.16,
    "speaker": "老师",
    "text": "找到一边的四等分点，"
  },
  {
    "start": 61.18,
    "end": 64.87,
    "speaker": "老师",
    "text": "分别与相对的顶点相连，"
  },
  {
    "start": 64.99,
    "end": 72.65,
    "speaker": "老师",
    "text": "就把这一块蛋糕分成了四个等底同高的三角形，"
  },
  {
    "start": 72.73,
    "end": 76.59,
    "speaker": "老师",
    "text": "它们的面积相等及大小相同，"
  },
  {
    "start": 76.59,
    "end": 77.61,
    "speaker": "老师",
    "text": "分的非常好。"
  },
  {
    "start": 77.99,
    "end": 81.95,
    "speaker": "老师",
    "text": "可是小明是一个追求完美的人，"
  },
  {
    "start": 81.95,
    "end": 82.61,
    "speaker": "老师",
    "text": "他想，"
  },
  {
    "start": 82.91,
    "end": 87.41,
    "speaker": "老师",
    "text": "如果分到的四块蛋糕不仅大小相同，"
  },
  {
    "start": 87.41,
    "end": 88.69,
    "speaker": "老师",
    "text": "而且形状也相同，"
  },
  {
    "start": 88.69,
    "end": 90.51,
    "speaker": "老师",
    "text": "那该多好啊。"
  },
  {
    "start": 90.53,
    "end": 91.13,
    "speaker": "老师",
    "text": "同学们，"
  },
  {
    "start": 91.13,
    "end": 94.11,
    "speaker": "老师",
    "text": "你能帮小明解决这个难题吗？"
  },
  {
    "start": 94.75,
    "end": 99.31,
    "speaker": "老师",
    "text": "大家把准备好的一张三角形纸片拿出来剪一剪。"
  },
  {
    "start": 99.99,
    "end": 103.81,
    "speaker": "老师",
    "text": "如果不知道该如何剪的时候，"
  },
  {
    "start": 103.87,
    "end": 106.83,
    "speaker": "老师",
    "text": "我们来反向思考一下，"
  },
  {
    "start": 106.83,
    "end": 166.63,
    "speaker": "老师",
    "text": "把四个全等的三角形尝试着拼成一个大三角形。"
  },
  {
    "start": 166.63,
    "end": 171.33,
    "speaker": "老师",
    "text": "在拼的过程中看看能给我们什么启发。"
  },
  {
    "start": 171.37,
    "end": 173.23,
    "speaker": "老师",
    "text": "同学们开始吧，"
  },
  {
    "start": 173.23,
    "end": 185.85,
    "speaker": "老师",
    "text": "同学们，"
  },
  {
    "start": 185.85,
    "end": 188.47,
    "speaker": "老师",
    "text": "我们一起来拼一拼。"
  },
  {
    "start": 188.65,
    "end": 192.81,
    "speaker": "老师",
    "text": "老师这里也准备了四个全等的三角形，"
  },
  {
    "start": 192.97,
    "end": 193.41,
    "speaker": "老师",
    "text": "嗯，"
  },
  {
    "start": 193.41,
    "end": 198.25,
    "speaker": "老师",
    "text": "我们知道三角形的内角和是一百八十度，"
  },
  {
    "start": 198.25,
    "end": 207.57,
    "speaker": "老师",
    "text": "所以想办法把它的三个角拼到一起，"
  },
  {
    "start": 207.57,
    "end": 210.41,
    "speaker": "老师",
    "text": "就组成了一个平角。"
  },
  {
    "start": 210.41,
    "end": 225.75,
    "speaker": "老师",
    "text": "我们先把第一块三角形沿着这条边所在的直线平移，"
  },
  {
    "start": 225.75,
    "end": 232.66,
    "speaker": "老师",
    "text": "上面的脚就移下来了，"
  },
  {
    "start": 232.66,
    "end": 240.04,
    "speaker": "老师",
    "text": "右边的脚要移到左边来，"
  },
  {
    "start": 240.04,
    "end": 242.5,
    "speaker": "老师",
    "text": "需要把它旋转一下，"
  },
  {
    "start": 242.5,
    "end": 248.54,
    "speaker": "老师",
    "text": "再把第三块三角形沿着这条边所在的直线向下平移。"
  },
  {
    "start": 248.76,
    "end": 250.1,
    "speaker": "老师",
    "text": "同学们，"
  },
  {
    "start": 250.52,
    "end": 257.22,
    "speaker": "老师",
    "text": "我们成功的把四个全等的三角形拼成了一个大三角形。"
  },
  {
    "start": 257.22,
    "end": 262.92,
    "speaker": "老师",
    "text": "因此我们只需要沿着这三条线段剪开，"
  },
  {
    "start": 262.96,
    "end": 267.76,
    "speaker": "老师",
    "text": "就能把大三角形分成四个全等的三角形。"
  },
  {
    "start": 267.76,
    "end": 271.13,
    "speaker": "老师",
    "text": "可是好多同学又在想，"
  },
  {
    "start": 271.98,
    "end": 279.48,
    "speaker": "老师",
    "text": "老师我如何在一个三角形中找到这样的三条线段呢？"
  },
  {
    "start": 279.48,
    "end": 282.36,
    "speaker": "老师",
    "text": "在拼图的过程中，"
  },
  {
    "start": 282.52,
    "end": 288.46,
    "speaker": "老师",
    "text": "同学们有没有发现这两条边相等，"
  },
  {
    "start": 288.46,
    "end": 291.62,
    "speaker": "老师",
    "text": "这两条边相等，"
  },
  {
    "start": 291.64,
    "end": 295.42,
    "speaker": "老师",
    "text": "下面的两条边也相等。"
  },
  {
    "start": 295.42,
    "end": 300.24,
    "speaker": "老师",
    "text": "所以这三条线段的端点分别是三边的中点。"
  },
  {
    "start": 300.66,
    "end": 301.12,
    "speaker": "老师",
    "text": "因此，"
  },
  {
    "start": 301.12,
    "end": 305.62,
    "speaker": "老师",
    "text": "我们只需要找到三角形三边的中点，"
  },
  {
    "start": 305.94,
    "end": 309.14,
    "speaker": "老师",
    "text": "把每两个中点分别连成线段，"
  },
  {
    "start": 309.14,
    "end": 315.06,
    "speaker": "老师",
    "text": "就可以把三角形分成四个全等的三角形。"
  },
  {
    "start": 315.06,
    "end": 316.14,
    "speaker": "老师",
    "text": "同学们，"
  },
  {
    "start": 316.18,
    "end": 323.59,
    "speaker": "老师",
    "text": "这样的线段神奇不神奇？"
  },
  {
    "start": 323.65,
    "end": 328.07,
    "speaker": "老师",
    "text": "所以我们就要学习它，"
  },
  {
    "start": 328.07,
    "end": 330.35,
    "speaker": "老师",
    "text": "研究它，"
  },
  {
    "start": 330.41,
    "end": 335.21,
    "speaker": "老师",
    "text": "这是一些什么样的线段呢？"
  },
  {
    "start": 335.37,
    "end": 382.86,
    "speaker": "老师",
    "text": "是连接三角形两边中点的线段，"
  },
  {
    "start": 382.86,
    "end": 388.04,
    "speaker": "老师",
    "text": "我们就把它叫做三角形的中位线。"
  },
  {
    "start": 388.04,
    "end": 403.42,
    "speaker": "老师",
    "text": "在三角形ABC中取AB的中点d取AC的中点e连接DE线段DE就是三角形ABC的中位线。"
  },
  {
    "start": 403.42,
    "end": 405.44,
    "speaker": "老师",
    "text": "同学们思考一下，"
  },
  {
    "start": 405.46,
    "end": 409.72,
    "speaker": "老师",
    "text": "一个三角形有几条中纬线，"
  },
  {
    "start": 409.98,
    "end": 420.66,
    "speaker": "老师",
    "text": "我们还可以取BC的中点f那么DF EF都是三角形的中位线，"
  },
  {
    "start": 420.8,
    "end": 425.48,
    "speaker": "老师",
    "text": "所以一个三角形有三条中位线。"
  },
  {
    "start": 425.58,
    "end": 428.7,
    "speaker": "老师",
    "text": "从中位线的定义，"
  },
  {
    "start": 428.76,
    "end": 434.37,
    "speaker": "老师",
    "text": "我们知道三角形的中位线有两层含义，"
  },
  {
    "start": 434.37,
    "end": 435.91,
    "speaker": "老师",
    "text": "d层含义，"
  },
  {
    "start": 435.91,
    "end": 441.87,
    "speaker": "老师",
    "text": "如果点d和点e分别是ABAC的中点，"
  },
  {
    "start": 441.87,
    "end": 445.85,
    "speaker": "老师",
    "text": "那么DE就是三角形ABC的中位线。"
  },
  {
    "start": 446.25,
    "end": 447.35,
    "speaker": "老师",
    "text": "反过来，"
  },
  {
    "start": 447.65,
    "end": 453.28,
    "speaker": "老师",
    "text": "如果线段DE是三角形ABC的中位线，"
  },
  {
    "start": 453.3,
    "end": 471.51,
    "speaker": "老师",
    "text": "那么点d和点e分别是AB和点c的中点。"
  },
  {
    "start": 471.57,
    "end": 482.88,
    "speaker": "老师",
    "text": "小明同学是一个特别爱动脑动手的孩子，"
  },
  {
    "start": 483.02,
    "end": 487.2,
    "speaker": "老师",
    "text": "在拼图的过程当中，"
  },
  {
    "start": 487.2,
    "end": 492.0,
    "speaker": "老师",
    "text": "他旋转了其中一个三角形，"
  },
  {
    "start": 492.08,
    "end": 494.32,
    "speaker": "老师",
    "text": "组成了一个新的图形。"
  },
  {
    "start": 494.32,
    "end": 514.58,
    "speaker": "老师",
    "text": "它把最上面的三角形绕着中点，"
  },
  {
    "start": 514.58,
    "end": 517.96,
    "speaker": "老师",
    "text": "一顺时针旋转一百八十度，"
  },
  {
    "start": 518.48,
    "end": 522.76,
    "speaker": "老师",
    "text": "组成了一个新的四边形。"
  },
  {
    "start": 523.3,
    "end": 528.7,
    "speaker": "老师",
    "text": "我们来看一下同学们来猜想一下，"
  },
  {
    "start": 528.7,
    "end": 532.16,
    "speaker": "老师",
    "text": "这是一个什么四边形呢？"
  },
  {
    "start": 532.16,
    "end": 538.38,
    "speaker": "老师",
    "text": "好多同学都猜这是一个平行四边形。"
  },
  {
    "start": 538.38,
    "end": 541.88,
    "speaker": "老师",
    "text": "如果我们的猜想是正确的，"
  },
  {
    "start": 541.88,
    "end": 546.76,
    "speaker": "老师",
    "text": "四边形BCFD是平行四边形，"
  },
  {
    "start": 547.3,
    "end": 549.54,
    "speaker": "老师",
    "text": "大家进一步猜想，"
  },
  {
    "start": 549.54,
    "end": 554.59,
    "speaker": "老师",
    "text": "线段DE和BC有什么关系？"
  },
  {
    "start": 554.59,
    "end": 557.45,
    "speaker": "老师",
    "text": "大家的猜想非常的大胆，"
  },
  {
    "start": 557.45,
    "end": 561.57,
    "speaker": "老师",
    "text": "有同学猜d一平行于BC,"
  },
  {
    "start": 561.57,
    "end": 626.36,
    "speaker": "老师",
    "text": "也有同学猜DE等于二分之一的BC."
  },
  {
    "start": 626.7,
    "end": 629.16,
    "speaker": "老师",
    "text": "我们用文字语言叙述，"
  },
  {
    "start": 629.16,
    "end": 631.5,
    "speaker": "老师",
    "text": "就是三角形的中位线，"
  },
  {
    "start": 631.5,
    "end": 632.64,
    "speaker": "老师",
    "text": "平行于第三边，"
  },
  {
    "start": 632.64,
    "end": 635.3,
    "speaker": "老师",
    "text": "长度等于第三边的一半，"
  },
  {
    "start": 635.56,
    "end": 639.12,
    "speaker": "老师",
    "text": "这里出现了一个。"
  },
  {
    "start": 639.14,
    "end": 651.75,
    "speaker": "老师",
    "text": "第三边是因为点d和点e分别是ABAC的中点，"
  },
  {
    "start": 651.77,
    "end": 662.45,
    "speaker": "老师",
    "text": "剩下的一条边BC就叫做第三边。"
  },
  {
    "start": 662.45,
    "end": 667.78,
    "speaker": "老师",
    "text": "那我们的猜想对不对呢？"
  },
  {
    "start": 668.12,
    "end": 679.09,
    "speaker": "老师",
    "text": "让我们一起进入今天的数学实验室，"
  },
  {
    "start": 679.39,
    "end": 687.25,
    "speaker": "老师",
    "text": "请同学们用手中的工具测量验证。"
  },
  {
    "start": 688.03,
    "end": 691.17,
    "speaker": "老师",
    "text": "猜想二开始吧，"
  },
  {
    "start": 691.17,
    "end": 693.19,
    "speaker": "老师",
    "text": "同学们，"
  },
  {
    "start": 693.21,
    "end": 699.19,
    "speaker": "老师",
    "text": "你们完成了吗？"
  },
  {
    "start": 699.37,
    "end": 706.2,
    "speaker": "老师",
    "text": "很多同学非常的活跃。"
  },
  {
    "start": 706.24,
    "end": 713.24,
    "speaker": "老师",
    "text": "我们来看一下接下来的两个同学，"
  },
  {
    "start": 714.95,
    "end": 739.68,
    "speaker": "老师",
    "text": "他们是怎么通过实验验证猜想二的用齿规分别做出ABAC边上的中点DE人接利益可能DE等于两厘米，"
  },
  {
    "start": 739.68,
    "end": 740.8,
    "speaker": "老师",
    "text": "BC等于四厘米，"
  },
  {
    "start": 740.8,
    "end": 743.9,
    "speaker": "老师",
    "text": "所以de等于二分之一的BC."
  },
  {
    "start": 744.7,
    "end": 748.86,
    "speaker": "老师",
    "text": "用量角器测得角ADE等于六十度，"
  },
  {
    "start": 748.86,
    "end": 751.64,
    "speaker": "老师",
    "text": "角ABC等于六十度，"
  },
  {
    "start": 751.9,
    "end": 754.44,
    "speaker": "老师",
    "text": "所以DE平行于BC,"
  },
  {
    "start": 754.44,
    "end": 757.72,
    "speaker": "老师",
    "text": "我做了一个钝角三角形ABC."
  },
  {
    "start": 757.72,
    "end": 765.6,
    "speaker": "老师",
    "text": "用齿规做出ABAC的中点DE并连接体。"
  },
  {
    "start": 765.6,
    "end": 771.18,
    "speaker": "老师",
    "text": "用刻度尺测得DE等于三厘米，"
  },
  {
    "start": 771.78,
    "end": 775.82,
    "speaker": "老师",
    "text": "BC等于六厘米，"
  },
  {
    "start": 775.84,
    "end": 837.84,
    "speaker": "老师",
    "text": "所以DE等于二分之一的BC."
  },
  {
    "start": 837.84,
    "end": 842.36,
    "speaker": "老师",
    "text": "用量角器设得角ADE等于一百二十度，"
  },
  {
    "start": 842.36,
    "end": 847.28,
    "speaker": "老师",
    "text": "右侧得角ABC等于一百二十度，"
  },
  {
    "start": 848.36,
    "end": 852.16,
    "speaker": "老师",
    "text": "所以角ADE等于角ABC,"
  },
  {
    "start": 852.16,
    "end": 855.54,
    "speaker": "老师",
    "text": "所以DE平行于BC."
  },
  {
    "start": 855.56,
    "end": 861.42,
    "speaker": "老师",
    "text": "同学们相信你们和这两个同学一样，"
  },
  {
    "start": 861.42,
    "end": 867.24,
    "speaker": "老师",
    "text": "都做出了与众不同的三角形，"
  },
  {
    "start": 867.28,
    "end": 868.56,
    "speaker": "老师",
    "text": "大小不同，"
  },
  {
    "start": 869.1,
    "end": 869.98,
    "speaker": "老师",
    "text": "形状各异。"
  },
  {
    "start": 870.26,
    "end": 875.26,
    "speaker": "老师",
    "text": "但是肯定和这两个同学一样，"
  },
  {
    "start": 875.32,
    "end": 879.72,
    "speaker": "老师",
    "text": "通过实验测量验证了我们的猜想。"
  },
  {
    "start": 879.72,
    "end": 886.16,
    "speaker": "老师",
    "text": "二、接下来我们用数学推理来证明我们的猜想。"
  },
  {
    "start": 887.01,
    "end": 891.71,
    "speaker": "老师",
    "text": "二、根据题意画出图形，"
  },
  {
    "start": 892.15,
    "end": 894.91,
    "speaker": "老师",
    "text": "写好已知就一个条件，"
  },
  {
    "start": 895.11,
    "end": 902.68,
    "speaker": "老师",
    "text": "DE是三角形ABC的中位线，"
  },
  {
    "start": 902.68,
    "end": 906.56,
    "speaker": "老师",
    "text": "求证DE平行于BCDE,"
  },
  {
    "start": 906.62,
    "end": 913.31,
    "speaker": "老师",
    "text": "等于二分之一BC同学们开始吧。"
  },
  {
    "start": 913.33,
    "end": 914.23,
    "speaker": "老师",
    "text": "好了，"
  },
  {
    "start": 914.23,
    "end": 915.17,
    "speaker": "老师",
    "text": "同学们，"
  },
  {
    "start": 915.17,
    "end": 918.27,
    "speaker": "老师",
    "text": "我们一起来交流一下吧。"
  },
  {
    "start": 918.57,
    "end": 922.27,
    "speaker": "老师",
    "text": "这道题给出了终点。"
  },
  {
    "start": 922.27,
    "end": 927.74,
    "speaker": "老师",
    "text": "那有线段之间的等量关系，"
  },
  {
    "start": 927.74,
    "end": 929.06,
    "speaker": "老师",
    "text": "没有角，"
  },
  {
    "start": 929.22,
    "end": 931.62,
    "speaker": "老师",
    "text": "没有平行，"
  },
  {
    "start": 931.62,
    "end": 941.39,
    "speaker": "老师",
    "text": "没有特殊三角形也找不到全等三角形，"
  },
  {
    "start": 941.39,
    "end": 946.07,
    "speaker": "老师",
    "text": "感觉三角形没有了用武之地，"
  },
  {
    "start": 946.13,
    "end": 951.26,
    "speaker": "老师",
    "text": "那该怎么办呢？"
  },
  {
    "start": 951.52,
    "end": 955.25,
    "speaker": "老师",
    "text": "同学们回想一下，"
  },
  {
    "start": 955.25,
    "end": 965.16,
    "speaker": "老师",
    "text": "DE平行于BCDE等于二分之一BC."
  },
  {
    "start": 965.22,
    "end": 972.5,
    "speaker": "老师",
    "text": "这一个猜想是在什么基础上得到的？"
  },
  {
    "start": 972.5,
    "end": 973.12,
    "speaker": "老师",
    "text": "是的，"
  },
  {
    "start": 973.3,
    "end": 977.62,
    "speaker": "老师",
    "text": "是在小明拼出的，"
  },
  {
    "start": 977.62,
    "end": 982.82,
    "speaker": "老师",
    "text": "四边形是平行四边形的基础上得到的。"
  },
  {
    "start": 982.94,
    "end": 986.7,
    "speaker": "老师",
    "text": "那么这个四边形是如何得到的呢？"
  },
  {
    "start": 986.7,
    "end": 994.33,
    "speaker": "老师",
    "text": "它是将三角形ADE绕着点e顺时针旋转一百八十度，"
  },
  {
    "start": 994.33,
    "end": 1001.81,
    "speaker": "老师",
    "text": "得到的找到对应点a的对应点是CD的，"
  },
  {
    "start": 1001.81,
    "end": 1011.04,
    "speaker": "老师",
    "text": "对应点是f因为它旋转一百八十度，"
  },
  {
    "start": 1011.04,
    "end": 1015.16,
    "speaker": "老师",
    "text": "所以点DEF三点共线，"
  },
  {
    "start": 1015.4,
    "end": 1022.28,
    "speaker": "老师",
    "text": "由旋转不改变图形的形状和大小，"
  },
  {
    "start": 1022.28,
    "end": 1026.86,
    "speaker": "老师",
    "text": "马上可以得到三角形ADE,"
  },
  {
    "start": 1027.02,
    "end": 1034.2,
    "speaker": "老师",
    "text": "全等于三角形CFE."
  },
  {
    "start": 1034.2,
    "end": 1037.14,
    "speaker": "老师",
    "text": "因为两个三角形全等得到对应角，"
  },
  {
    "start": 1037.14,
    "end": 1042.96,
    "speaker": "老师",
    "text": "相等角a等于角FCE对应边相等AD等于CF."
  },
  {
    "start": 1043.18,
    "end": 1047.67,
    "speaker": "老师",
    "text": "因为角a等于角FC一，"
  },
  {
    "start": 1047.91,
    "end": 1049.53,
    "speaker": "老师",
    "text": "所以可以得到AB,"
  },
  {
    "start": 1049.53,
    "end": 1108.53,
    "speaker": "老师",
    "text": "平行于CF."
  },
  {
    "start": 1108.53,
    "end": 1112.31,
    "speaker": "老师",
    "text": "因为AD等于BD等量代换，"
  },
  {
    "start": 1112.31,
    "end": 1113.63,
    "speaker": "老师",
    "text": "从而得到BD,"
  },
  {
    "start": 1113.63,
    "end": 1114.65,
    "speaker": "老师",
    "text": "等于CF."
  },
  {
    "start": 1114.89,
    "end": 1118.29,
    "speaker": "老师",
    "text": "现在同学们看一看，"
  },
  {
    "start": 1118.29,
    "end": 1121.23,
    "speaker": "老师",
    "text": "在四边形BCFD中，"
  },
  {
    "start": 1121.35,
    "end": 1126.37,
    "speaker": "老师",
    "text": "BD边平行于CF边，"
  },
  {
    "start": 1126.57,
    "end": 1130.57,
    "speaker": "老师",
    "text": "BD边等于CF边。"
  },
  {
    "start": 1130.93,
    "end": 1136.37,
    "speaker": "老师",
    "text": "所以四边形BCFD是平行四边形，"
  },
  {
    "start": 1136.75,
    "end": 1147.61,
    "speaker": "老师",
    "text": "理由是一组对边平行且相等的四边形是平行四边形怎么样？"
  },
  {
    "start": 1147.61,
    "end": 1155.86,
    "speaker": "老师",
    "text": "我们是是不是证明了小明拼出的四边形，"
  },
  {
    "start": 1156.02,
    "end": 1158.4,
    "speaker": "老师",
    "text": "果然是一个平行四边形，"
  },
  {
    "start": 1158.56,
    "end": 1165.91,
    "speaker": "老师",
    "text": "根据平行四边形的性质可以得到DF,"
  },
  {
    "start": 1166.01,
    "end": 1170.07,
    "speaker": "老师",
    "text": "平行于BC,"
  },
  {
    "start": 1170.35,
    "end": 1171.69,
    "speaker": "老师",
    "text": "即DE,"
  },
  {
    "start": 1172.21,
    "end": 1173.41,
    "speaker": "老师",
    "text": "平行于BC,"
  },
  {
    "start": 1173.83,
    "end": 1177.93,
    "speaker": "老师",
    "text": "BF等于BC."
  },
  {
    "start": 1178.43,
    "end": 1185.93,
    "speaker": "老师",
    "text": "因为d一等于二分之一的DF,"
  },
  {
    "start": 1185.93,
    "end": 1196.02,
    "speaker": "老师",
    "text": "由等量代换可以得到d一等于二分之一BC."
  },
  {
    "start": 1196.02,
    "end": 1196.3,
    "speaker": "老师",
    "text": "好了，"
  },
  {
    "start": 1196.3,
    "end": 1201.42,
    "speaker": "老师",
    "text": "同学们这道题证完了，"
  },
  {
    "start": 1201.5,
    "end": 1210.34,
    "speaker": "老师",
    "text": "你认为解决这道题最关键的地方是什么？"
  },
  {
    "start": 1210.4,
    "end": 1213.78,
    "speaker": "老师",
    "text": "是的，"
  },
  {
    "start": 1213.78,
    "end": 1226.93,
    "speaker": "老师",
    "text": "我们这一道题最关键的地方就是构造了一个平行四边形，"
  },
  {
    "start": 1227.15,
    "end": 1235.73,
    "speaker": "老师",
    "text": "用平行四边形的知识来解决三角形里的问题。"
  },
  {
    "start": 1235.83,
    "end": 1237.15,
    "speaker": "老师",
    "text": "那同学们，"
  },
  {
    "start": 1237.35,
    "end": 1242.78,
    "speaker": "老师",
    "text": "你们还能想到别的方法吗？"
  },
  {
    "start": 1242.78,
    "end": 1246.92,
    "speaker": "老师",
    "text": "同学们亮亮同学是这样想的，"
  },
  {
    "start": 1246.92,
    "end": 1253.4,
    "speaker": "老师",
    "text": "他说老师我们以前证明线段的和差倍分不都是截长补短吗？"
  },
  {
    "start": 1253.4,
    "end": 1264.5,
    "speaker": "老师",
    "text": "所以我就延长一倍的DE到f使得EF等于DE再连接CF."
  },
  {
    "start": 1264.96,
    "end": 1270.8,
    "speaker": "老师",
    "text": "我们找到三角形ADE和三角形CFE,"
  },
  {
    "start": 1270.96,
    "end": 1274.9,
    "speaker": "老师",
    "text": "在这两个三角形中，"
  },
  {
    "start": 1275.04,
    "end": 1278.91,
    "speaker": "老师",
    "text": "a一边等于c一边。"
  },
  {
    "start": 1278.95,
    "end": 1284.99,
    "speaker": "老师",
    "text": "角AED和角CEF是对顶角，"
  },
  {
    "start": 1284.99,
    "end": 1287.23,
    "speaker": "老师",
    "text": "二者相等，"
  },
  {
    "start": 1287.23,
    "end": 1293.63,
    "speaker": "老师",
    "text": "DE等于EF是我们做的辅助线。"
  },
  {
    "start": 1293.63,
    "end": 1308.3,
    "speaker": "老师",
    "text": "所以三角形ADE全等于三角形CFE有两个三角形全等可以得到角a等于角FCE还能得到对应边相等AD等于CF."
  },
  {
    "start": 1308.3,
    "end": 1311.34,
    "speaker": "老师",
    "text": "因为角a等于角FCE,"
  },
  {
    "start": 1311.34,
    "end": 1314.17,
    "speaker": "老师",
    "text": "所以可以推出AB边，"
  },
  {
    "start": 1314.39,
    "end": 1317.62,
    "speaker": "老师",
    "text": "平行于CF边，"
  },
  {
    "start": 1317.62,
    "end": 1318.86,
    "speaker": "老师",
    "text": "即BD边，"
  },
  {
    "start": 1318.86,
    "end": 1321.9,
    "speaker": "老师",
    "text": "平行于CF边，"
  },
  {
    "start": 1321.96,
    "end": 1324.6,
    "speaker": "老师",
    "text": "d是AB的中点，"
  },
  {
    "start": 1324.6,
    "end": 1327.18,
    "speaker": "老师",
    "text": "所以AD等于BD,"
  },
  {
    "start": 1327.18,
    "end": 1331.28,
    "speaker": "老师",
    "text": "根据等量代换可以得到BD,"
  },
  {
    "start": 1331.38,
    "end": 1351.17,
    "speaker": "老师",
    "text": "等于CF."
  },
  {
    "start": 1351.17,
    "end": 1361.03,
    "speaker": "老师",
    "text": "那我们来看一下四边形BCFD中BD平行于CFBD等于CF,"
  },
  {
    "start": 1361.03,
    "end": 1377.24,
    "speaker": "老师",
    "text": "所以四边形BCFD是一个平行四边形。"
  },
  {
    "start": 1377.32,
    "end": 1378.86,
    "speaker": "老师",
    "text": "接下来，"
  },
  {
    "start": 1379.02,
    "end": 1383.04,
    "speaker": "老师",
    "text": "因为四边形BCFD是平行四边形，"
  },
  {
    "start": 1383.14,
    "end": 1386.2,
    "speaker": "老师",
    "text": "所以DF平行于BCDF,"
  },
  {
    "start": 1386.2,
    "end": 1387.88,
    "speaker": "老师",
    "text": "等于BC,"
  },
  {
    "start": 1387.98,
    "end": 1388.7,
    "speaker": "老师",
    "text": "即DE,"
  },
  {
    "start": 1388.7,
    "end": 1390.04,
    "speaker": "老师",
    "text": "平行于BC,"
  },
  {
    "start": 1390.26,
    "end": 1394.4,
    "speaker": "老师",
    "text": "因为DE等于二分之一的DF,"
  },
  {
    "start": 1394.48,
    "end": 1441.49,
    "speaker": "老师",
    "text": "所以DE等于二分之一。"
  },
  {
    "start": 1441.49,
    "end": 1443.39,
    "speaker": "老师",
    "text": "Bc同学们，"
  },
  {
    "start": 1443.39,
    "end": 1445.47,
    "speaker": "老师",
    "text": "你想到了吗？"
  },
  {
    "start": 1445.49,
    "end": 1454.26,
    "speaker": "老师",
    "text": "这是一道用旧知识解决了新问题的方法非常不错。"
  },
  {
    "start": 1454.98,
    "end": 1458.2,
    "speaker": "老师",
    "text": "当方法二的辅助线溢出的时候，"
  },
  {
    "start": 1458.2,
    "end": 1461.66,
    "speaker": "老师",
    "text": "很多同学就特别的兴奋。"
  },
  {
    "start": 1462.12,
    "end": 1462.92,
    "speaker": "老师",
    "text": "他说，"
  },
  {
    "start": 1462.92,
    "end": 1467.22,
    "speaker": "老师",
    "text": "老师DE等于EFAE等于CE,"
  },
  {
    "start": 1467.22,
    "end": 1471.31,
    "speaker": "老师",
    "text": "那么AC和DF不就互相平分吗？"
  },
  {
    "start": 1471.67,
    "end": 1472.31,
    "speaker": "老师",
    "text": "因此，"
  },
  {
    "start": 1472.31,
    "end": 1476.8,
    "speaker": "老师",
    "text": "以AC和DF为对角线的四边形，"
  },
  {
    "start": 1476.8,
    "end": 1479.42,
    "speaker": "老师",
    "text": "就是一个平行四边形，"
  },
  {
    "start": 1479.42,
    "end": 1481.78,
    "speaker": "老师",
    "text": "从而得到CF平行，"
  },
  {
    "start": 1481.78,
    "end": 1484.55,
    "speaker": "老师",
    "text": "且等于AD."
  },
  {
    "start": 1484.55,
    "end": 1487.25,
    "speaker": "老师",
    "text": "因为AD和BD相等，"
  },
  {
    "start": 1487.25,
    "end": 1490.53,
    "speaker": "老师",
    "text": "而且共线，"
  },
  {
    "start": 1490.53,
    "end": 1492.25,
    "speaker": "老师",
    "text": "所以BD平行，"
  },
  {
    "start": 1492.41,
    "end": 1496.68,
    "speaker": "老师",
    "text": "且等于CF,"
  },
  {
    "start": 1496.74,
    "end": 1500.04,
    "speaker": "老师",
    "text": "从而证到了四边形。"
  },
  {
    "start": 1500.04,
    "end": 1503.86,
    "speaker": "老师",
    "text": "Bcfd是一个平行四边形，"
  },
  {
    "start": 1503.86,
    "end": 1511.01,
    "speaker": "老师",
    "text": "同学们这种方法是不是也非常的简洁证到了四边形。"
  },
  {
    "start": 1511.01,
    "end": 1513.77,
    "speaker": "老师",
    "text": "Bcfd是平行四边形，"
  },
  {
    "start": 1513.77,
    "end": 1519.79,
    "speaker": "老师",
    "text": "接下来的证明思路是不是就跟方法一和方法二是一样的。"
  },
  {
    "start": 1520.15,
    "end": 1521.59,
    "speaker": "老师",
    "text": "同学们下课之后，"
  },
  {
    "start": 1521.89,
    "end": 1524.15,
    "speaker": "老师",
    "text": "自己把它补充完整，"
  },
  {
    "start": 1524.15,
    "end": 1528.06,
    "speaker": "老师",
    "text": "我们就把它叫做对角线法吧。"
  },
  {
    "start": 1528.06,
    "end": 1529.98,
    "speaker": "老师",
    "text": "我们用了多种方法，"
  },
  {
    "start": 1529.98,
    "end": 1538.53,
    "speaker": "老师",
    "text": "证明了三角形的中位线平行于第三边，"
  },
  {
    "start": 1538.53,
    "end": 1541.39,
    "speaker": "老师",
    "text": "且等于第三边的一半。"
  },
  {
    "start": 1541.77,
    "end": 1547.21,
    "speaker": "老师",
    "text": "那么这些方法有什么共同之处呢？"
  },
  {
    "start": 1547.21,
    "end": 1553.43,
    "speaker": "老师",
    "text": "他们都用了数学里面的转化的思想，"
  },
  {
    "start": 1553.93,
    "end": 1558.33,
    "speaker": "老师",
    "text": "把三角形转化为平行四边形，"
  },
  {
    "start": 1558.69,
    "end": 1583.07,
    "speaker": "老师",
    "text": "用平行四边形的知识来解决三角形的问题。"
  },
  {
    "start": 1583.07,
    "end": 1588.11,
    "speaker": "老师",
    "text": "我们通过证明发现我们的猜想是对的，"
  },
  {
    "start": 1588.59,
    "end": 1594.53,
    "speaker": "老师",
    "text": "即三角形的中位线平行于第三边，"
  },
  {
    "start": 1594.69,
    "end": 1599.46,
    "speaker": "老师",
    "text": "且等于第三边的一半，"
  },
  {
    "start": 1599.46,
    "end": 1603.92,
    "speaker": "老师",
    "text": "所以它就可以升级为一个定理。"
  },
  {
    "start": 1604.02,
    "end": 1610.33,
    "speaker": "老师",
    "text": "我们把它叫做三角形的中位线定理，"
  },
  {
    "start": 1610.33,
    "end": 1616.11,
    "speaker": "老师",
    "text": "我们一起来看一下它的几何语言。"
  },
  {
    "start": 1616.17,
    "end": 1620.71,
    "speaker": "老师",
    "text": "因为DE是三角形ABC的中位线，"
  },
  {
    "start": 1620.71,
    "end": 1628.76,
    "speaker": "老师",
    "text": "所以DE平行于BC d一等于二分之一的BC."
  },
  {
    "start": 1628.76,
    "end": 1630.9,
    "speaker": "老师",
    "text": "学到这里。"
  },
  {
    "start": 1631.1,
    "end": 1643.84,
    "speaker": "老师",
    "text": "同学们是不是感觉到，"
  },
  {
    "start": 1644.06,
    "end": 1647.42,
    "speaker": "老师",
    "text": "只要我们认真观察，"
  },
  {
    "start": 1647.42,
    "end": 1649.52,
    "speaker": "老师",
    "text": "大胆猜想，"
  },
  {
    "start": 1649.58,
    "end": 1651.42,
    "speaker": "老师",
    "text": "小心求证。"
  },
  {
    "start": 1651.42,
    "end": 1657.7,
    "speaker": "老师",
    "text": "好像数学定理的发现也并不是那么难。"
  },
  {
    "start": 1657.76,
    "end": 1662.74,
    "speaker": "老师",
    "text": "老师希望在以后的数学课本中，"
  },
  {
    "start": 1662.74,
    "end": 1667.26,
    "speaker": "老师",
    "text": "能够发现以你们的名字命名的数学定理。"
  },
  {
    "start": 1667.26,
    "end": 1675.89,
    "speaker": "老师",
    "text": "大家看看这一个三角形中位线定理是不是非常的完美。"
  },
  {
    "start": 1675.89,
    "end": 1680.95,
    "speaker": "老师",
    "text": "它既揭示了线段之间的位置关系平行，"
  },
  {
    "start": 1681.09,
    "end": 1690.16,
    "speaker": "老师",
    "text": "也揭示了线段之间的数量关系，"
  },
  {
    "start": 1690.16,
    "end": 1691.96,
    "speaker": "老师",
    "text": "它特别的完美。"
  },
  {
    "start": 1691.96,
    "end": 1698.34,
    "speaker": "老师",
    "text": "以前我们证明线段的平行都要通过角度的转换，"
  },
  {
    "start": 1698.48,
    "end": 1706.11,
    "speaker": "老师",
    "text": "三角形的中位线定理可以直接得到线段的平行。"
  },
  {
    "start": 1706.11,
    "end": 1709.57,
    "speaker": "老师",
    "text": "我们证明特殊的两倍，"
  },
  {
    "start": 1709.79,
    "end": 1712.19,
    "speaker": "老师",
    "text": "二分之一倍的关系，"
  },
  {
    "start": 1712.19,
    "end": 1717.65,
    "speaker": "老师",
    "text": "也可以通过三角形中位线定理直接得到。"
  },
  {
    "start": 1718.89,
    "end": 1738.48,
    "speaker": "老师",
    "text": "所以我们说三角形中位线定理为证明平行和倍分关系提供了新途径。"
  },
  {
    "start": 1739.13,
    "end": 1808.54,
    "speaker": "老师",
    "text": "接下来我们来看一下三角形中位线定理的应用例，"
  },
  {
    "start": 1808.54,
    "end": 1814.28,
    "speaker": "老师",
    "text": "一如图在三角形ABC中，"
  },
  {
    "start": 1814.56,
    "end": 1817.48,
    "speaker": "老师",
    "text": "DEF分别是三边中点。"
  },
  {
    "start": 1817.48,
    "end": 1819.06,
    "speaker": "老师",
    "text": "第一小问，"
  },
  {
    "start": 1819.06,
    "end": 1822.35,
    "speaker": "老师",
    "text": "若AB等于十厘米，"
  },
  {
    "start": 1822.35,
    "end": 1825.95,
    "speaker": "老师",
    "text": "则角f等于多少？"
  },
  {
    "start": 1826.07,
    "end": 1826.93,
    "speaker": "老师",
    "text": "第二，"
  },
  {
    "start": 1826.93,
    "end": 1832.64,
    "speaker": "老师",
    "text": "小问若DF等于六厘米，"
  },
  {
    "start": 1832.68,
    "end": 1834.56,
    "speaker": "老师",
    "text": "则AC等于多少？"
  },
  {
    "start": 1834.56,
    "end": 1835.34,
    "speaker": "老师",
    "text": "第三小问，"
  },
  {
    "start": 1835.34,
    "end": 1838.5,
    "speaker": "老师",
    "text": "若角ADE等于五十二度，"
  },
  {
    "start": 1838.5,
    "end": 1841.18,
    "speaker": "老师",
    "text": "则角b等于多少？"
  },
  {
    "start": 1841.18,
    "end": 1844.02,
    "speaker": "老师",
    "text": "同学们开始吧。"
  },
  {
    "start": 1844.02,
    "end": 1844.42,
    "speaker": "老师",
    "text": "好了，"
  },
  {
    "start": 1844.42,
    "end": 1847.94,
    "speaker": "老师",
    "text": "我们一起来看一下，"
  },
  {
    "start": 1847.94,
    "end": 1851.24,
    "speaker": "老师",
    "text": "我们想对了没有？"
  },
  {
    "start": 1851.24,
    "end": 1854.9,
    "speaker": "老师",
    "text": "Ab是第三条边，"
  },
  {
    "start": 1855.34,
    "end": 1860.84,
    "speaker": "老师",
    "text": "它所对应的中位线是EF,"
  },
  {
    "start": 1860.84,
    "end": 1868.36,
    "speaker": "老师",
    "text": "所以EF等于二分之一AB."
  },
  {
    "start": 1868.42,
    "end": 1872.64,
    "speaker": "老师",
    "text": "Df是一条中位线，"
  },
  {
    "start": 1872.7,
    "end": 1878.8,
    "speaker": "老师",
    "text": "它所对应的第三边是AC,"
  },
  {
    "start": 1878.96,
    "end": 1885.85,
    "speaker": "老师",
    "text": "所以DF等于二分之一的AC."
  },
  {
    "start": 1886.07,
    "end": 1894.83,
    "speaker": "老师",
    "text": "De这条中位线对应的第三边是BC,"
  },
  {
    "start": 1894.83,
    "end": 1901.98,
    "speaker": "老师",
    "text": "所以DE平行于BC,"
  },
  {
    "start": 1902.02,
    "end": 1908.64,
    "speaker": "老师",
    "text": "角b等于角ADE等于五十二度。"
  },
  {
    "start": 1908.64,
    "end": 1913.36,
    "speaker": "老师",
    "text": "我们再来看一下第四小题，"
  },
  {
    "start": 1913.42,
    "end": 1922.38,
    "speaker": "老师",
    "text": "若三角形ABC的周长为二十厘米，"
  },
  {
    "start": 1922.38,
    "end": 1929.91,
    "speaker": "老师",
    "text": "则三角形DEF的周长为多少厘米？"
  },
  {
    "start": 1929.91,
    "end": 1944.25,
    "speaker": "老师",
    "text": "因为三角形DEF的每条边都是三角形ABC的每条边的一半，"
  },
  {
    "start": 1944.25,
    "end": 1951.43,
    "speaker": "老师",
    "text": "所以三角形DEF的周长等于三角形ABC的周长的一半。"
  },
  {
    "start": 1951.43,
    "end": 1952.61,
    "speaker": "老师",
    "text": "这道题虽然小，"
  },
  {
    "start": 1952.61,
    "end": 1961.04,
    "speaker": "老师",
    "text": "可是却蕴含了一个很大的数学思想，"
  },
  {
    "start": 1961.28,
    "end": 1964.86,
    "speaker": "老师",
    "text": "把三角形的周长看成一个整体。"
  },
  {
    "start": 1964.86,
    "end": 1967.72,
    "speaker": "老师",
    "text": "我们再看看第五小题，"
  },
  {
    "start": 1967.72,
    "end": 1973.96,
    "speaker": "老师",
    "text": "若三角形ABC的面积为二十四平方厘米，"
  },
  {
    "start": 1973.96,
    "end": 1981.5,
    "speaker": "老师",
    "text": "那么三角形DEF的面积等于多少平方厘米？"
  },
  {
    "start": 1981.5,
    "end": 1983.42,
    "speaker": "老师",
    "text": "在拼图的时候，"
  },
  {
    "start": 1983.48,
    "end": 1988.41,
    "speaker": "老师",
    "text": "我们发现这四个三角形是全等的，"
  },
  {
    "start": 1988.41,
    "end": 2026.29,
    "speaker": "老师",
    "text": "所以每个三角形的面积都等于三角形ABC面积的四分之一。"
  },
  {
    "start": 2026.53,
    "end": 2030.95,
    "speaker": "老师",
    "text": "我们用三角形的中位线定理可以非常方便，"
  },
  {
    "start": 2030.95,
    "end": 2045.11,
    "speaker": "老师",
    "text": "准确的证明这四个三角形全等，"
  },
  {
    "start": 2045.71,
    "end": 2049.09,
    "speaker": "老师",
    "text": "大家课后去把它补充完整，"
  },
  {
    "start": 2049.09,
    "end": 2053.29,
    "speaker": "老师",
    "text": "我们增加点难度吧。"
  },
  {
    "start": 2053.29,
    "end": 2054.29,
    "speaker": "老师",
    "text": "例二，"
  },
  {
    "start": 2054.29,
    "end": 2054.57,
    "speaker": "老师",
    "text": "如图，"
  },
  {
    "start": 2054.57,
    "end": 2057.19,
    "speaker": "老师",
    "text": "在四边形ABCD中，"
  },
  {
    "start": 2057.23,
    "end": 2064.24,
    "speaker": "老师",
    "text": "EFGH分别是ABBCCDDA边的中点。"
  },
  {
    "start": 2064.24,
    "end": 2068.78,
    "speaker": "老师",
    "text": "四边形EFGH是平行四边形吗？"
  },
  {
    "start": 2068.78,
    "end": 2070.42,
    "speaker": "老师",
    "text": "同学们开始吧。"
  },
  {
    "start": 2070.44,
    "end": 2071.28,
    "speaker": "老师",
    "text": "好了，"
  },
  {
    "start": 2071.28,
    "end": 2073.08,
    "speaker": "老师",
    "text": "同学们，"
  },
  {
    "start": 2073.08,
    "end": 2076.46,
    "speaker": "老师",
    "text": "我们一起来交流一下我们的想法。"
  },
  {
    "start": 2076.46,
    "end": 2083.14,
    "speaker": "老师",
    "text": "首先四边形ABCD它说了是什么形状的四边形吗？"
  },
  {
    "start": 2083.16,
    "end": 2083.88,
    "speaker": "老师",
    "text": "没有，"
  },
  {
    "start": 2087.03,
    "end": 2095.96,
    "speaker": "老师",
    "text": "那它就是一个任意的四边形，"
  },
  {
    "start": 2095.96,
    "end": 2097.1,
    "speaker": "老师",
    "text": "出现了终点，"
  },
  {
    "start": 2097.1,
    "end": 2099.76,
    "speaker": "老师",
    "text": "而且EF是两边终点连成的线段，"
  },
  {
    "start": 2099.44,
    "end": 2099.76,
    "speaker": "老师",
    "text": "如果EF两边终点连成的线段，"
  },
  {
    "start": 2099.44,
    "end": 2099.76,
    "speaker": "老师",
    "text": "放在一个三角形中，"
  },
  {
    "start": 2099.44,
    "end": 2099.76,
    "speaker": "老师",
    "text": "它就构成了三角形的中位线。"
  },
  {
    "start": 2099.44,
    "end": 2099.76,
    "speaker": "老师",
    "text": "可是这里有三角形吗？"
  },
  {
    "start": 2099.44,
    "end": 2099.76,
    "speaker": "老师",
    "text": "没有，"
  },
  {
    "start": 2099.44,
    "end": 2099.76,
    "speaker": "老师",
    "text": "所以我们就要做辅助线，"
  },
  {
    "start": 2099.44,
    "end": 2099.76,
    "speaker": "老师",
    "text": "构造三角形，"
  },
  {
    "start": 2099.44,
    "end": 2099.76,
    "speaker": "老师",
    "text": "让三角形和中位线同时出现。"
  },
  {
    "start": 2099.44,
    "end": 2099.76,
    "speaker": "老师",
    "text": "我们首先要作答四边形EFGH是平行四边形连接AC."
  },
  {
    "start": 2099.44,
    "end": 2099.76,
    "speaker": "老师",
    "text": "那四边形ABCD就分成了两个三角形。"
  },
  {
    "start": 2099.44,
    "end": 2099.76,
    "speaker": "老师",
    "text": "在三角形ABC中，"
  },
  {
    "start": 2099.44,
    "end": 2099.76,
    "speaker": "老师",
    "text": "EF是它的中位线，"
  },
  {
    "start": 2099.44,
    "end": 2099.76,
    "speaker": "老师",
    "text": "所以EF平行于ACEF等于二分之一AC."
  },
  {
    "start": 2099.44,
    "end": 2099.76,
    "speaker": "老师",
    "text": "在三角形DAC中，"
  },
  {
    "start": 2099.44,
    "end": 2099.76,
    "speaker": "老师",
    "text": "GH是三角形DAC的中位线，"
  },
  {
    "start": 2099.44,
    "end": 2099.76,
    "speaker": "老师",
    "text": "所以GH平行于ACGH,"
  },
  {
    "start": 2099.44,
    "end": 2099.76,
    "speaker": "老师",
    "text": "等于二分之一AC,"
  },
  {
    "start": 2099.44,
    "end": 2099.76,
    "speaker": "老师",
    "text": "EF平行于ACGH,"
  },
  {
    "start": 2099.44,
    "end": 2099.76,
    "speaker": "老师",
    "text": "平行于AC,"
  },
  {
    "start": 2099.44,
    "end": 2099.76,
    "speaker": "老师",
    "text": "根据平行于同一直线的两直线平行，"
  },
  {
    "start": 2099.44,
    "end": 2099.76,
    "speaker": "老师",
    "text": "所以EF平行于GH,"
  },
  {
    "start": 2099.44,
    "end": 2099.76,
    "speaker": "老师",
    "text": "EF等于二分之一，"
  },
  {
    "start": 2099.44,
    "end": 2099.76,
    "speaker": "老师",
    "text": "ACGH也等于二分之一AC,"
  },
  {
    "start": 2099.44,
    "end": 2099.76,
    "speaker": "老师",
    "text": "所以EF等于GH,"
  },
  {
    "start": 2099.44,
    "end": 2099.76,
    "speaker": "老师",
    "text": "这是等量代换。"
  },
  {
    "start": 2099.44,
    "end": 2099.76,
    "speaker": "老师",
    "text": "在四边形EFGH中，"
  },
  {
    "start": 2099.44,
    "end": 2099.76,
    "speaker": "老师",
    "text": "EF平行于GHEF,"
  },
  {
    "start": 2099.44,
    "end": 2099.76,
    "speaker": "老师",
    "text": "等于GH."
  },
  {
    "start": 2099.44,
    "end": 2099.76,
    "speaker": "老师",
    "text": "所以四边形EFGH是一个平行四边形。"
  },
  {
    "start": 2099.44,
    "end": 2099.76,
    "speaker": "老师",
    "text": "同学们，"
  },
  {
    "start": 2099.44,
    "end": 2099.76,
    "speaker": "老师",
    "text": "你是这样想的吗？"
  },
  {
    "start": 2099.44,
    "end": 2099.76,
    "speaker": "老师",
    "text": "那回顾一下解这道题的过程，"
  },
  {
    "start": 2099.44,
    "end": 2099.76,
    "speaker": "老师",
    "text": "你能总结出一些什么样的小方法吗？"
  },
  {
    "start": 2099.44,
    "end": 2099.76,
    "speaker": "老师",
    "text": "三角形和中位线是同时出现的当出现了中点，"
  },
  {
    "start": 2099.44,
    "end": 2099.76,
    "speaker": "老师",
    "text": "而没有三角形时，"
  },
  {
    "start": 2099.44,
    "end": 2099.76,
    "speaker": "老师",
    "text": "我们要想到做辅助线构造三角形，"
  },
  {
    "start": 2099.44,
    "end": 2099.76,
    "speaker": "老师",
    "text": "让三角形和中位线同时出现。"
  },
  {
    "start": 2099.44,
    "end": 2099.76,
    "speaker": "老师",
    "text": "同时同学们看看四边形EFGH是连接四边终点的线段，"
  },
  {
    "start": 2099.44,
    "end": 2099.76,
    "speaker": "老师",
    "text": "我们就把它叫做终点。"
  },
  {
    "start": 2099.44,
    "end": 2099.76,
    "speaker": "老师",
    "text": "四边形无论四边形ABCD是什么形状，"
  },
  {
    "start": 2099.44,
    "end": 2099.76,
    "speaker": "老师",
    "text": "它的中点。"
  },
  {
    "start": 2099.44,
    "end": 2099.76,
    "speaker": "老师",
    "text": "四边形都是一个平行四边形。"
  },
  {
    "start": 2099.44,
    "end": 2099.76,
    "speaker": "老师",
    "text": "好了，"
  },
  {
    "start": 2099.44,
    "end": 2099.76,
    "speaker": "老师",
    "text": "同学们，"
  },
  {
    "start": 2099.44,
    "end": 2099.76,
    "speaker": "老师",
    "text": "我们今天的知识探索到这里就结束了。"
  },
  {
    "start": 2099.44,
    "end": 2099.76,
    "speaker": "老师",
    "text": "通过这一堂课的学习，"
  },
  {
    "start": 2099.44,
    "end": 2099.76,
    "speaker": "老师",
    "text": "大家有什么收获呢？"
  },
  {
    "start": 2099.44,
    "end": 2099.76,
    "speaker": "老师",
    "text": "我们一起来交流交流。"
  },
  {
    "start": 2099.44,
    "end": 2099.76,
    "speaker": "老师",
    "text": "首先我们认识了什么是三角形的中位线。"
  },
  {
    "start": 2099.44,
    "end": 2099.76,
    "speaker": "老师",
    "text": "其次我们还学到了一个新的定理，"
  },
  {
    "start": 2099.44,
    "end": 2099.76,
    "speaker": "老师",
    "text": "三角形中位线定理。"
  },
  {
    "start": 2099.44,
    "end": 2099.76,
    "speaker": "老师",
    "text": "同时我们用了数学里面转化的思想，"
  },
  {
    "start": 2099.44,
    "end": 2099.76,
    "speaker": "老师",
    "text": "将三角形问题转化为平行四边形，"
  },
  {
    "start": 2099.44,
    "end": 2099.76,
    "speaker": "老师",
    "text": "用平行四边形的知识来解决三角形问题。"
  },
  {
    "start": 2099.44,
    "end": 2099.76,
    "speaker": "老师",
    "text": "另外我们通过了一个小题目，"
  },
  {
    "start": 2099.44,
    "end": 2099.76,
    "speaker": "老师",
    "text": "发现任意四边形的中点，"
  },
  {
    "start": 2099.44,
    "end": 2099.76,
    "speaker": "老师",
    "text": "四边形都是平行四边形。"
  },
  {
    "start": 2099.44,
    "end": 2099.76,
    "speaker": "老师",
    "text": "同学们，"
  },
  {
    "start": 2099.44,
    "end": 2099.76,
    "speaker": "老师",
    "text": "你们都掌握了吗？"
  },
  {
    "start": 2099.44,
    "end": 2099.76,
    "speaker": "老师",
    "text": "这是我们今天的作业。"
  },
  {
    "start": 2099.44,
    "end": 2099.76,
    "speaker": "老师",
    "text": "同学们，"
  },
  {
    "start": 2099.44,
    "end": 2099.76,
    "speaker": "老师",
    "text": "今天的课就上到这里，"
  },
  {
    "start": 2099.44,
    "end": 2099.76,
    "speaker": "老师",
    "text": "感谢你们的观看，"
  },
  {
    "start": 2099.44,
    "end": 2099.76,
    "speaker": "老师",
    "text": "再见。"
  }
]