[
  {
    "start": 11.64,
    "end": 14.47,
    "speaker": "老师",
    "text": "屏幕前面的同学们大家好。"
  },
  {
    "start": 14.47,
    "end": 18.11,
    "speaker": "老师",
    "text": "今天的数学课是一堂活动课，"
  },
  {
    "start": 18.11,
    "end": 19.41,
    "speaker": "老师",
    "text": "上课之前，"
  },
  {
    "start": 19.41,
    "end": 27.5,
    "speaker": "老师",
    "text": "请同学们准备好几张、纸笔、剪刀、直尺。"
  },
  {
    "start": 27.5,
    "end": 34.78,
    "speaker": "老师",
    "text": "这节课上希望同学们和老师一起动动手动动脑动动嘴，"
  },
  {
    "start": 34.78,
    "end": 39.01,
    "speaker": "老师",
    "text": "来感受一下数学的奇妙和有趣。"
  },
  {
    "start": 39.01,
    "end": 45.25,
    "speaker": "老师",
    "text": "我们今天的这节课要解决用矩形则六十度，"
  },
  {
    "start": 45.25,
    "end": 50.12,
    "speaker": "老师",
    "text": "三十度十五度的角。"
  },
  {
    "start": 50.12,
    "end": 52.68,
    "speaker": "老师",
    "text": "我们先来看一张图片，"
  },
  {
    "start": 52.68,
    "end": 59.2,
    "speaker": "老师",
    "text": "在这张图片上面呈现了丰富多彩的图形，"
  },
  {
    "start": 59.28,
    "end": 63.04,
    "speaker": "老师",
    "text": "其实都是通过折纸得来的。"
  },
  {
    "start": 63.04,
    "end": 68.48,
    "speaker": "老师",
    "text": "相信很多同学从小都折过帆船纸飞机，"
  },
  {
    "start": 68.48,
    "end": 72.09,
    "speaker": "老师",
    "text": "其实在折纸的过程当中，"
  },
  {
    "start": 72.09,
    "end": 76.69,
    "speaker": "老师",
    "text": "它蕴含丰富的数学知识。"
  },
  {
    "start": 76.69,
    "end": 83.68,
    "speaker": "老师",
    "text": "我们先来做一个热身运动活动，"
  },
  {
    "start": 83.86,
    "end": 88.12,
    "speaker": "老师",
    "text": "一、在三角形ABC中，"
  },
  {
    "start": 88.12,
    "end": 89.7,
    "speaker": "老师",
    "text": "若AB大于AC,"
  },
  {
    "start": 90.24,
    "end": 94.34,
    "speaker": "老师",
    "text": "证明角c大于角b有同学会说，"
  },
  {
    "start": 94.42,
    "end": 97.94,
    "speaker": "老师",
    "text": "老师我要比较两个角的大小，"
  },
  {
    "start": 97.94,
    "end": 104.01,
    "speaker": "老师",
    "text": "我可以用测量法用量角器量出角b和角c的度数，"
  },
  {
    "start": 104.01,
    "end": 109.28,
    "speaker": "老师",
    "text": "从而比较这两个角的大小。"
  },
  {
    "start": 109.32,
    "end": 111.98,
    "speaker": "老师",
    "text": "但如果我们没有量角器，"
  },
  {
    "start": 112.46,
    "end": 115.68,
    "speaker": "老师",
    "text": "该怎么做呢？"
  },
  {
    "start": 115.68,
    "end": 117.12,
    "speaker": "老师",
    "text": "同学们想一想，"
  },
  {
    "start": 117.12,
    "end": 119.32,
    "speaker": "老师",
    "text": "然后动手折一折。"
  },
  {
    "start": 119.68,
    "end": 124.35,
    "speaker": "老师",
    "text": "在一个一般的三角形ABC当中，"
  },
  {
    "start": 124.39,
    "end": 132.64,
    "speaker": "老师",
    "text": "AB大于AC."
  },
  {
    "start": 132.64,
    "end": 140.57,
    "speaker": "老师",
    "text": "那么我们如何通过折纸的方式知道角c大于角b呢？"
  },
  {
    "start": 140.57,
    "end": 142.15,
    "speaker": "老师",
    "text": "第一种方法，"
  },
  {
    "start": 142.15,
    "end": 157.34,
    "speaker": "老师",
    "text": "我可以将b点和c点重合，"
  },
  {
    "start": 162.58,
    "end": 166.4,
    "speaker": "老师",
    "text": "这样折出来的这条线是什么呢？"
  },
  {
    "start": 166.4,
    "end": 172.82,
    "speaker": "老师",
    "text": "是BC的垂直平分线。"
  },
  {
    "start": 172.82,
    "end": 177.74,
    "speaker": "老师",
    "text": "那么我们将它连接起来是记作第一，"
  },
  {
    "start": 177.74,
    "end": 186.49,
    "speaker": "老师",
    "text": "我们把DC相连。"
  },
  {
    "start": 186.49,
    "end": 191.97,
    "speaker": "老师",
    "text": "我们发现了我们把角b已经折到了角DCE上面，"
  },
  {
    "start": 192.11,
    "end": 198.12,
    "speaker": "老师",
    "text": "发现角b的这条边落在了角c的内部。"
  },
  {
    "start": 198.12,
    "end": 202.56,
    "speaker": "老师",
    "text": "那么我们就说角b小于角ACB."
  },
  {
    "start": 202.56,
    "end": 204.28,
    "speaker": "老师",
    "text": "看完视频以后，"
  },
  {
    "start": 204.28,
    "end": 212.35,
    "speaker": "老师",
    "text": "我们发现视频当中实际上是折出了线段BC的垂直平分线。"
  },
  {
    "start": 212.35,
    "end": 217.45,
    "speaker": "老师",
    "text": "用折叠的方法来比较两个角的大小，"
  },
  {
    "start": 217.45,
    "end": 219.69,
    "speaker": "老师",
    "text": "实际上就是叠合法。"
  },
  {
    "start": 219.69,
    "end": 226.97,
    "speaker": "老师",
    "text": "我们将要比较的两个角的顶点和一边重合，"
  },
  {
    "start": 227.13,
    "end": 232.32,
    "speaker": "老师",
    "text": "其余的边在重叠这一条边的同侧，"
  },
  {
    "start": 232.32,
    "end": 235.84,
    "speaker": "老师",
    "text": "然后观察剩下两条边的位置关系。"
  },
  {
    "start": 240.18,
    "end": 242.06,
    "speaker": "老师",
    "text": "刚才的视频当中，"
  },
  {
    "start": 242.06,
    "end": 258.83,
    "speaker": "老师",
    "text": "我们发现角b的一条边落在角ACB的内部，"
  },
  {
    "start": 258.85,
    "end": 279.53,
    "speaker": "老师",
    "text": "所以我们说角ACB大于角b你还有其他折叠的方法吗？"
  },
  {
    "start": 279.55,
    "end": 282.67,
    "speaker": "老师",
    "text": "我们想一想，"
  },
  {
    "start": 282.67,
    "end": 294.0,
    "speaker": "老师",
    "text": "然后看一下老师给出的视频，"
  },
  {
    "start": 294.0,
    "end": 298.84,
    "speaker": "老师",
    "text": "有的同学是用第二种折法，"
  },
  {
    "start": 298.84,
    "end": 306.11,
    "speaker": "老师",
    "text": "我们首先将角a的两条边重合，"
  },
  {
    "start": 306.27,
    "end": 311.41,
    "speaker": "老师",
    "text": "我们把折痕画出来即为AD."
  },
  {
    "start": 311.43,
    "end": 318.53,
    "speaker": "老师",
    "text": "我们一折叠将角c落在AB边上的这个点记为一点，"
  },
  {
    "start": 318.53,
    "end": 320.59,
    "speaker": "老师",
    "text": "我们连接第一。"
  },
  {
    "start": 320.69,
    "end": 324.41,
    "speaker": "老师",
    "text": "因为我们一做折叠，"
  },
  {
    "start": 324.41,
    "end": 336.04,
    "speaker": "老师",
    "text": "这两个三角形ACD和三角形AED就是全等的角c和角AED相等。"
  },
  {
    "start": 336.04,
    "end": 339.62,
    "speaker": "老师",
    "text": "在三角形BED当中，"
  },
  {
    "start": 340.99,
    "end": 344.09,
    "speaker": "老师",
    "text": "角AED是三角形的一个外角。"
  },
  {
    "start": 344.39,
    "end": 351.75,
    "speaker": "老师",
    "text": "我们知道三角形的一个外角大于与它不相邻的任何一个内角，"
  },
  {
    "start": 351.75,
    "end": 360.94,
    "speaker": "老师",
    "text": "所以角AED大于角b那么也就是角c大于角b你能用数学语言描述出来吗？"
  },
  {
    "start": 360.94,
    "end": 363.96,
    "speaker": "老师",
    "text": "刚才的视频通过折叠，"
  },
  {
    "start": 363.96,
    "end": 372.95,
    "speaker": "老师",
    "text": "我们可以做出角CAB的角平分线。"
  },
  {
    "start": 373.13,
    "end": 378.58,
    "speaker": "老师",
    "text": "那么我们用数学的眼光观察事件，"
  },
  {
    "start": 378.58,
    "end": 381.83,
    "speaker": "老师",
    "text": "用数学的思维分析事件，"
  },
  {
    "start": 383.15,
    "end": 387.09,
    "speaker": "老师",
    "text": "用数学的语言来表达事件。"
  },
  {
    "start": 387.59,
    "end": 393.11,
    "speaker": "老师",
    "text": "你能用数学语言来描述一下吗？"
  },
  {
    "start": 393.11,
    "end": 397.34,
    "speaker": "老师",
    "text": "我们看到在三角形ABC当中，"
  },
  {
    "start": 397.34,
    "end": 402.31,
    "speaker": "老师",
    "text": "我们如何证明角c大于角b请同学们想一想，"
  },
  {
    "start": 402.99,
    "end": 405.07,
    "speaker": "老师",
    "text": "跟老师一起读一读，"
  },
  {
    "start": 405.07,
    "end": 406.89,
    "speaker": "老师",
    "text": "说一说，"
  },
  {
    "start": 406.89,
    "end": 408.85,
    "speaker": "老师",
    "text": "写一写由折叠可知，"
  },
  {
    "start": 408.95,
    "end": 416.81,
    "speaker": "老师",
    "text": "三角形ACD全等于三角形AED全等三角形的对应角相等。"
  },
  {
    "start": 416.81,
    "end": 420.02,
    "speaker": "老师",
    "text": "那么角c等于角AED,"
  },
  {
    "start": 420.02,
    "end": 425.71,
    "speaker": "老师",
    "text": "因为角AED是三角形BED的外角，"
  },
  {
    "start": 425.71,
    "end": 432.97,
    "speaker": "老师",
    "text": "所以角AED大于角b即角c大于角b通过刚才的热身活动，"
  },
  {
    "start": 433.41,
    "end": 436.63,
    "speaker": "老师",
    "text": "我们知道了通过折叠，"
  },
  {
    "start": 436.63,
    "end": 442.64,
    "speaker": "老师",
    "text": "我们可以折一条线段的垂直平分线，"
  },
  {
    "start": 442.68,
    "end": 445.72,
    "speaker": "老师",
    "text": "可以折一个角的角平分线。"
  },
  {
    "start": 445.96,
    "end": 450.78,
    "speaker": "老师",
    "text": "那么我们今天的问题是用矩形折六十度，"
  },
  {
    "start": 450.78,
    "end": 453.8,
    "speaker": "老师",
    "text": "三十度十五度的角。"
  },
  {
    "start": 453.8,
    "end": 458.97,
    "speaker": "老师",
    "text": "我们发现我们可以把角放在图形当中去处理。"
  },
  {
    "start": 459.19,
    "end": 463.56,
    "speaker": "老师",
    "text": "我折出了六十度的角，"
  },
  {
    "start": 463.76,
    "end": 475.07,
    "speaker": "老师",
    "text": "我可以通过角平分线互余或者是角和角的组合来得到三十度十五度的角。"
  },
  {
    "start": 476.04,
    "end": 480.64,
    "speaker": "老师",
    "text": "所以首先我们要解决折六十度的角。"
  },
  {
    "start": 480.74,
    "end": 482.88,
    "speaker": "老师",
    "text": "那么大家想一想，"
  },
  {
    "start": 482.88,
    "end": 485.13,
    "speaker": "老师",
    "text": "则六十度，"
  },
  {
    "start": 485.13,
    "end": 486.37,
    "speaker": "老师",
    "text": "你会想到什么？"
  },
  {
    "start": 486.37,
    "end": 489.45,
    "speaker": "老师",
    "text": "会想到等边三角形，"
  },
  {
    "start": 489.45,
    "end": 495.08,
    "speaker": "老师",
    "text": "因为等边三角形每一个内角都是六十度，"
  },
  {
    "start": 495.08,
    "end": 499.22,
    "speaker": "老师",
    "text": "而等边三角形又是特殊的等腰三角形。"
  },
  {
    "start": 499.22,
    "end": 503.33,
    "speaker": "老师",
    "text": "所以我们又会想到等腰三角形。"
  },
  {
    "start": 503.81,
    "end": 505.49,
    "speaker": "老师",
    "text": "那么我们题目当中，"
  },
  {
    "start": 505.53,
    "end": 507.1,
    "speaker": "老师",
    "text": "用矩行者，"
  },
  {
    "start": 507.1,
    "end": 518.35,
    "speaker": "老师",
    "text": "我们可以放在具有更特殊的性质的正方形当中去处理。"
  },
  {
    "start": 518.35,
    "end": 523.84,
    "speaker": "老师",
    "text": "如果我能用正方形折出等腰三角形，"
  },
  {
    "start": 523.84,
    "end": 527.87,
    "speaker": "老师",
    "text": "进而折出等边三角形，"
  },
  {
    "start": 527.87,
    "end": 534.83,
    "speaker": "老师",
    "text": "那么我就解决了在正方形当中折六十度的角。"
  },
  {
    "start": 534.83,
    "end": 537.29,
    "speaker": "老师",
    "text": "那么我们再进行思考，"
  },
  {
    "start": 537.29,
    "end": 557.78,
    "speaker": "老师",
    "text": "然后用矩形来折六十度的角。"
  },
  {
    "start": 557.78,
    "end": 560.64,
    "speaker": "老师",
    "text": "通过刚才的分析，"
  },
  {
    "start": 560.64,
    "end": 577.3,
    "speaker": "老师",
    "text": "我们知道我们可以将一个复杂的问题转换成几个简单的问题。"
  },
  {
    "start": 577.3,
    "end": 578.66,
    "speaker": "老师",
    "text": "就像一个平台，"
  },
  {
    "start": 578.66,
    "end": 580.36,
    "speaker": "老师",
    "text": "如果它比较高，"
  },
  {
    "start": 580.46,
    "end": 590.8,
    "speaker": "老师",
    "text": "我们可以设置几个台阶，"
  },
  {
    "start": 590.8,
    "end": 593.68,
    "speaker": "老师",
    "text": "一步一步的走上去。"
  },
  {
    "start": 593.68,
    "end": 597.52,
    "speaker": "老师",
    "text": "还有不同的知识存在着整合。"
  },
  {
    "start": 597.52,
    "end": 597.84,
    "speaker": "老师",
    "text": "好，"
  },
  {
    "start": 597.84,
    "end": 600.67,
    "speaker": "老师",
    "text": "我们先迈出第一步，"
  },
  {
    "start": 600.67,
    "end": 604.19,
    "speaker": "老师",
    "text": "解决用正方形折三角形的问题。"
  },
  {
    "start": 604.19,
    "end": 608.78,
    "speaker": "老师",
    "text": "我们看到活动二，"
  },
  {
    "start": 608.78,
    "end": 613.54,
    "speaker": "老师",
    "text": "用正方形纸片折出等腰三角形，"
  },
  {
    "start": 613.54,
    "end": 616.34,
    "speaker": "老师",
    "text": "并说明操作的正确性。"
  },
  {
    "start": 616.34,
    "end": 620.92,
    "speaker": "老师",
    "text": "请同学们好好思考一下，"
  },
  {
    "start": 620.92,
    "end": 622.08,
    "speaker": "老师",
    "text": "然后动手折一折。"
  },
  {
    "start": 622.08,
    "end": 622.84,
    "speaker": "老师",
    "text": "同学们，"
  },
  {
    "start": 623.77,
    "end": 625.89,
    "speaker": "老师",
    "text": "你们折出来了吗？"
  },
  {
    "start": 625.89,
    "end": 627.77,
    "speaker": "老师",
    "text": "看一下老师的折法，"
  },
  {
    "start": 627.77,
    "end": 633.47,
    "speaker": "老师",
    "text": "我们取出一张正方形纸片ABCD,"
  },
  {
    "start": 633.47,
    "end": 638.63,
    "speaker": "老师",
    "text": "我们要折一个等腰三角形，"
  },
  {
    "start": 638.63,
    "end": 641.71,
    "speaker": "老师",
    "text": "有的同学很快就得出来了。"
  },
  {
    "start": 641.71,
    "end": 644.03,
    "speaker": "老师",
    "text": "我沿着对角线AC对折，"
  },
  {
    "start": 644.03,
    "end": 648.61,
    "speaker": "老师",
    "text": "这样我就得出了一个等腰三角形，"
  },
  {
    "start": 648.61,
    "end": 652.03,
    "speaker": "老师",
    "text": "并且还是一个等腰直角三角形。"
  },
  {
    "start": 652.27,
    "end": 654.61,
    "speaker": "老师",
    "text": "那么李老师想问一下，"
  },
  {
    "start": 654.77,
    "end": 657.92,
    "speaker": "老师",
    "text": "你还有别的方法吗？"
  },
  {
    "start": 657.94,
    "end": 671.93,
    "speaker": "老师",
    "text": "你能折出一个一般的等腰三角形来吗？"
  },
  {
    "start": 671.93,
    "end": 678.17,
    "speaker": "老师",
    "text": "刚才的视频我们是沿着线段AC对折，"
  },
  {
    "start": 678.21,
    "end": 691.87,
    "speaker": "老师",
    "text": "将正方形折叠以后，"
  },
  {
    "start": 694.17,
    "end": 698.67,
    "speaker": "老师",
    "text": "我们形成了等腰直角三角形ABC."
  },
  {
    "start": 698.79,
    "end": 705.47,
    "speaker": "老师",
    "text": "那么这是一个特殊的等腰三角形，"
  },
  {
    "start": 705.53,
    "end": 706.91,
    "speaker": "老师",
    "text": "问题来了，"
  },
  {
    "start": 706.91,
    "end": 748.15,
    "speaker": "老师",
    "text": "还能否折出一般的等腰三角形来呢？"
  },
  {
    "start": 748.45,
    "end": 750.43,
    "speaker": "老师",
    "text": "我们再动手试一试。"
  },
  {
    "start": 750.51,
    "end": 755.6,
    "speaker": "老师",
    "text": "想一想我们看一下下面的视频活动，"
  },
  {
    "start": 760.62,
    "end": 762.22,
    "speaker": "老师",
    "text": "一给了我们提示。"
  },
  {
    "start": 762.22,
    "end": 770.83,
    "speaker": "老师",
    "text": "我们除了可以折一个角的角平分线，"
  },
  {
    "start": 771.44,
    "end": 778.18,
    "speaker": "老师",
    "text": "我们还可以折一条线段的垂直平分线。"
  },
  {
    "start": 778.2,
    "end": 782.7,
    "speaker": "老师",
    "text": "线段的垂直平分线有什么样的性质呢？"
  },
  {
    "start": 782.78,
    "end": 786.8,
    "speaker": "老师",
    "text": "它到线段两个端点的距离相等。"
  },
  {
    "start": 786.8,
    "end": 792.98,
    "speaker": "老师",
    "text": "那么我们拿出正方形纸片ABCD,"
  },
  {
    "start": 792.98,
    "end": 799.46,
    "speaker": "老师",
    "text": "我们将AB和CD链重合。"
  },
  {
    "start": 799.46,
    "end": 810.79,
    "speaker": "老师",
    "text": "这样这条折痕就是线段BC的垂直平分线。"
  },
  {
    "start": 810.79,
    "end": 816.72,
    "speaker": "老师",
    "text": "我们把折痕画出来是g为EF."
  },
  {
    "start": 816.72,
    "end": 818.76,
    "speaker": "老师",
    "text": "有的同学马上就想到了，"
  },
  {
    "start": 818.76,
    "end": 826.43,
    "speaker": "老师",
    "text": "那么我折出b一折出c一三角形BEC就是一个一般的等腰三角形。"
  },
  {
    "start": 826.43,
    "end": 829.81,
    "speaker": "老师",
    "text": "我们用笔把它画出来。"
  },
  {
    "start": 830.09,
    "end": 832.77,
    "speaker": "老师",
    "text": "那么问题来了，"
  },
  {
    "start": 832.77,
    "end": 836.91,
    "speaker": "老师",
    "text": "我想问一下同学们，"
  },
  {
    "start": 837.11,
    "end": 842.87,
    "speaker": "老师",
    "text": "请问这个角是我们要做的三十度的角吗？"
  },
  {
    "start": 843.8,
    "end": 844.68,
    "speaker": "老师",
    "text": "同学们，"
  },
  {
    "start": 844.68,
    "end": 847.16,
    "speaker": "老师",
    "text": "你们是这么折的吗？"
  },
  {
    "start": 847.16,
    "end": 850.01,
    "speaker": "老师",
    "text": "我们来回顾一下，"
  },
  {
    "start": 850.01,
    "end": 851.53,
    "speaker": "老师",
    "text": "现在问题来了，"
  },
  {
    "start": 851.53,
    "end": 854.07,
    "speaker": "老师",
    "text": "你能说明角BEF是三十度吗？"
  },
  {
    "start": 854.15,
    "end": 861.02,
    "speaker": "老师",
    "text": "说明一个角是三十度的方法有很多，"
  },
  {
    "start": 861.04,
    "end": 865.64,
    "speaker": "老师",
    "text": "我们可以放在等边三角形里去考虑。"
  },
  {
    "start": 865.64,
    "end": 872.83,
    "speaker": "老师",
    "text": "你能证出三角形BEC是等边三角形吗？"
  },
  {
    "start": 873.39,
    "end": 877.35,
    "speaker": "老师",
    "text": "我们发现在RT三角形ABE当中，"
  },
  {
    "start": 877.35,
    "end": 878.69,
    "speaker": "老师",
    "text": "BE是斜边，"
  },
  {
    "start": 878.69,
    "end": 880.03,
    "speaker": "老师",
    "text": "AB是直角边，"
  },
  {
    "start": 880.03,
    "end": 884.99,
    "speaker": "老师",
    "text": "而正方形ABCDAB和BC相等。"
  },
  {
    "start": 885.15,
    "end": 885.95,
    "speaker": "老师",
    "text": "显然，"
  },
  {
    "start": 885.95,
    "end": 890.93,
    "speaker": "老师",
    "text": "三角形EBC不是等边三角形，"
  },
  {
    "start": 890.93,
    "end": 894.29,
    "speaker": "老师",
    "text": "所以叫BEF不是三十度。"
  },
  {
    "start": 894.29,
    "end": 900.07,
    "speaker": "老师",
    "text": "那么我们也可以放在直角三角形当中，"
  },
  {
    "start": 900.07,
    "end": 903.83,
    "speaker": "老师",
    "text": "我们知道在直角三角形当中，"
  },
  {
    "start": 903.87,
    "end": 907.49,
    "speaker": "老师",
    "text": "三十度所对的直角边是斜边的一半。"
  },
  {
    "start": 907.71,
    "end": 913.46,
    "speaker": "老师",
    "text": "那么我们在RT三角形EFB当中，"
  },
  {
    "start": 913.46,
    "end": 918.44,
    "speaker": "老师",
    "text": "我们发现了BF和EF的数量关系是一比二，"
  },
  {
    "start": 918.44,
    "end": 925.72,
    "speaker": "老师",
    "text": "并没有存在直角边和斜边的关系。"
  },
  {
    "start": 925.86,
    "end": 930.96,
    "speaker": "老师",
    "text": "所以也可以说明角BEF不是三十度。"
  },
  {
    "start": 930.96,
    "end": 933.88,
    "speaker": "老师",
    "text": "随着我们的知识不断扩大，"
  },
  {
    "start": 936.83,
    "end": 937.61,
    "speaker": "老师",
    "text": "到了初三，"
  },
  {
    "start": 937.61,
    "end": 950.59,
    "speaker": "老师",
    "text": "我们也可以用三角函数的方法来说明解决了这个问题。"
  },
  {
    "start": 950.59,
    "end": 953.13,
    "speaker": "老师",
    "text": "以后老师想再追问一下，"
  },
  {
    "start": 953.13,
    "end": 958.84,
    "speaker": "老师",
    "text": "你还有其他的方法折出更一般的三角形吗？"
  },
  {
    "start": 958.84,
    "end": 962.18,
    "speaker": "老师",
    "text": "我们继续探讨一下，"
  },
  {
    "start": 962.18,
    "end": 964.24,
    "speaker": "老师",
    "text": "经过一番思考和讨论以后，"
  },
  {
    "start": 964.24,
    "end": 969.35,
    "speaker": "老师",
    "text": "我们发现这个角并不是三十度，"
  },
  {
    "start": 969.35,
    "end": 973.59,
    "speaker": "老师",
    "text": "没有解决我们这节课的难题。"
  },
  {
    "start": 973.85,
    "end": 975.49,
    "speaker": "老师",
    "text": "那么我们想一想，"
  },
  {
    "start": 975.49,
    "end": 980.29,
    "speaker": "老师",
    "text": "还能不能折出更一般的等腰三角形来呢？"
  },
  {
    "start": 980.29,
    "end": 985.32,
    "speaker": "老师",
    "text": "因为EF是BC的垂直平分线，"
  },
  {
    "start": 985.32,
    "end": 993.3,
    "speaker": "老师",
    "text": "实际上EF上面的任意一点到BC两点的距离都相等，"
  },
  {
    "start": 993.4,
    "end": 996.14,
    "speaker": "老师",
    "text": "都可以构成等腰三角形。"
  },
  {
    "start": 996.22,
    "end": 1001.11,
    "speaker": "老师",
    "text": "那么我们由对称的性质也可以得出来。"
  },
  {
    "start": 1002.45,
    "end": 1006.67,
    "speaker": "老师",
    "text": "实际上我们将正方形沿着EF对折，"
  },
  {
    "start": 1006.91,
    "end": 1008.12,
    "speaker": "老师",
    "text": "在EF上面，"
  },
  {
    "start": 1008.79,
    "end": 1020.33,
    "speaker": "老师",
    "text": "我们任取一点，"
  },
  {
    "start": 1020.33,
    "end": 1022.25,
    "speaker": "老师",
    "text": "在BC这条折痕上面，"
  },
  {
    "start": 1022.25,
    "end": 1024.53,
    "speaker": "老师",
    "text": "我们任取一点，"
  },
  {
    "start": 1024.65,
    "end": 1026.43,
    "speaker": "老师",
    "text": "我们任意的折叠，"
  },
  {
    "start": 1026.43,
    "end": 1027.25,
    "speaker": "老师",
    "text": "把它展开，"
  },
  {
    "start": 1027.25,
    "end": 1030.51,
    "speaker": "老师",
    "text": "都可以构成一个等腰三角形。"
  },
  {
    "start": 1030.51,
    "end": 1035.93,
    "speaker": "老师",
    "text": "这样通过折纸的方式，"
  },
  {
    "start": 1035.93,
    "end": 1040.27,
    "speaker": "老师",
    "text": "我们经历了一个由特殊到一般的过程。"
  },
  {
    "start": 1040.27,
    "end": 1042.61,
    "speaker": "老师",
    "text": "看完视频以后，"
  },
  {
    "start": 1042.61,
    "end": 1045.65,
    "speaker": "老师",
    "text": "我们一起来回顾一下，"
  },
  {
    "start": 1045.65,
    "end": 1048.78,
    "speaker": "老师",
    "text": "在刚才的视频过程当中，"
  },
  {
    "start": 1048.8,
    "end": 1055.0,
    "speaker": "老师",
    "text": "我们经历了一个从特殊到一般的折叠过程。"
  },
  {
    "start": 1055.34,
    "end": 1061.13,
    "speaker": "老师",
    "text": "我们一开始能够折出特殊的等腰直角三角形ABC,"
  },
  {
    "start": 1061.13,
    "end": 1089.6,
    "speaker": "老师",
    "text": "到现在我们折出了一个一般的等腰三角形GMN这个过程是不是有的同学感觉到非常的熟悉？"
  },
  {
    "start": 1089.6,
    "end": 1092.67,
    "speaker": "老师",
    "text": "在八年级上册，"
  },
  {
    "start": 1092.67,
    "end": 1099.84,
    "speaker": "老师",
    "text": "我们讲到等腰三角形一章当中，"
  },
  {
    "start": 1099.88,
    "end": 1102.81,
    "speaker": "老师",
    "text": "有很多的同学都看过老师，"
  },
  {
    "start": 1102.81,
    "end": 1107.45,
    "speaker": "老师",
    "text": "经过这样的折纸方式引入了新课。"
  },
  {
    "start": 1107.45,
    "end": 1107.75,
    "speaker": "老师",
    "text": "好，"
  },
  {
    "start": 1107.75,
    "end": 1116.19,
    "speaker": "老师",
    "text": "我们解决了第一步在正方形纸片当中折等腰三角形。"
  },
  {
    "start": 1116.25,
    "end": 1120.93,
    "speaker": "老师",
    "text": "我们再进一步的探究，"
  },
  {
    "start": 1121.03,
    "end": 1129.45,
    "speaker": "老师",
    "text": "我们能否在正方形的纸片当中折出等边三角形来呢？"
  },
  {
    "start": 1129.45,
    "end": 1138.4,
    "speaker": "老师",
    "text": "那么这就是我们的活动三给一点时间，"
  },
  {
    "start": 1138.4,
    "end": 1139.68,
    "speaker": "老师",
    "text": "大家思考一下，"
  },
  {
    "start": 1139.68,
    "end": 1144.26,
    "speaker": "老师",
    "text": "动动手动动脑屏幕前面的同学们，"
  },
  {
    "start": 1144.26,
    "end": 1146.71,
    "speaker": "老师",
    "text": "你们折好了吗？"
  },
  {
    "start": 1146.71,
    "end": 1151.67,
    "speaker": "老师",
    "text": "那么老师这里有一种折法，"
  },
  {
    "start": 1151.67,
    "end": 1158.56,
    "speaker": "老师",
    "text": "是不是和同学的折法不谋而合呢？"
  },
  {
    "start": 1158.64,
    "end": 1160.3,
    "speaker": "老师",
    "text": "我们来看一下，"
  },
  {
    "start": 1160.3,
    "end": 1171.97,
    "speaker": "老师",
    "text": "我们如何在正方形ABCD中折出一个等边三角形呢？"
  },
  {
    "start": 1171.97,
    "end": 1176.3,
    "speaker": "老师",
    "text": "根据刚才给我的思路，"
  },
  {
    "start": 1176.36,
    "end": 1184.36,
    "speaker": "老师",
    "text": "我发现这个点一定是落在EF这条线上面的。"
  },
  {
    "start": 1184.36,
    "end": 1189.7,
    "speaker": "老师",
    "text": "那么我们就想根据等边三角形，"
  },
  {
    "start": 1189.78,
    "end": 1191.96,
    "speaker": "老师",
    "text": "三边相等，"
  },
  {
    "start": 1191.96,
    "end": 1197.37,
    "speaker": "老师",
    "text": "我把a和d都落在EF这条边上面，"
  },
  {
    "start": 1197.37,
    "end": 1201.71,
    "speaker": "老师",
    "text": "那么构成的三角形就是等边三角形了。"
  },
  {
    "start": 1201.71,
    "end": 1208.78,
    "speaker": "老师",
    "text": "那么我们通过折叠将a落在EF这条线上面，"
  },
  {
    "start": 1208.78,
    "end": 1228.26,
    "speaker": "老师",
    "text": "同样的由对称的关系，"
  },
  {
    "start": 1228.26,
    "end": 1232.16,
    "speaker": "老师",
    "text": "我们将d也落在这个点上面。"
  },
  {
    "start": 1232.16,
    "end": 1237.25,
    "speaker": "老师",
    "text": "我们把这个点描绘出来，"
  },
  {
    "start": 1237.37,
    "end": 1239.31,
    "speaker": "老师",
    "text": "即为g点看。"
  },
  {
    "start": 1239.31,
    "end": 1242.04,
    "speaker": "老师",
    "text": "完了视频以后，"
  },
  {
    "start": 1242.04,
    "end": 1243.5,
    "speaker": "老师",
    "text": "我们来看一下，"
  },
  {
    "start": 1243.5,
    "end": 1245.79,
    "speaker": "老师",
    "text": "对于刚才的方法，"
  },
  {
    "start": 1245.79,
    "end": 1248.11,
    "speaker": "老师",
    "text": "我们画出了示意图，"
  },
  {
    "start": 1248.13,
    "end": 1250.39,
    "speaker": "老师",
    "text": "也提出了要求。"
  },
  {
    "start": 1250.39,
    "end": 1254.37,
    "speaker": "老师",
    "text": "你能用数学的语言来描绘吗？"
  },
  {
    "start": 1254.47,
    "end": 1257.09,
    "speaker": "老师",
    "text": "我们现在想一想，"
  },
  {
    "start": 1257.67,
    "end": 1259.35,
    "speaker": "老师",
    "text": "把它写好，"
  },
  {
    "start": 1259.35,
    "end": 1265.33,
    "speaker": "老师",
    "text": "来。"
  },
  {
    "start": 1265.33,
    "end": 1284.84,
    "speaker": "老师",
    "text": "已知正方形ABCD将其对折折痕是EF将ABCD按如图所示的方法折叠，"
  },
  {
    "start": 1284.84,
    "end": 1291.51,
    "speaker": "老师",
    "text": "使a点和d点都落在EF上面的居处，"
  },
  {
    "start": 1292.68,
    "end": 1295.97,
    "speaker": "老师",
    "text": "求证三角形GBC为等边三角形。"
  },
  {
    "start": 1295.97,
    "end": 1299.51,
    "speaker": "老师",
    "text": "那么这个题目大家动了手动动脑，"
  },
  {
    "start": 1299.51,
    "end": 1302.27,
    "speaker": "老师",
    "text": "接下来动动嘴，"
  },
  {
    "start": 1302.35,
    "end": 1305.98,
    "speaker": "老师",
    "text": "跟老师一起说一说。"
  },
  {
    "start": 1306.04,
    "end": 1313.88,
    "speaker": "老师",
    "text": "那么我们写成证明的格式证明由折叠可知，"
  },
  {
    "start": 1313.88,
    "end": 1321.16,
    "speaker": "老师",
    "text": "三角形ABH全等于三角形GBH,"
  },
  {
    "start": 1321.2,
    "end": 1323.85,
    "speaker": "老师",
    "text": "由三角形全等，"
  },
  {
    "start": 1324.01,
    "end": 1327.51,
    "speaker": "老师",
    "text": "我们得出对应边相等，"
  },
  {
    "start": 1328.54,
    "end": 1330.74,
    "speaker": "老师",
    "text": "AB等于GB."
  },
  {
    "start": 1330.74,
    "end": 1332.28,
    "speaker": "老师",
    "text": "同理，"
  },
  {
    "start": 1332.28,
    "end": 1336.49,
    "speaker": "老师",
    "text": "我们可以得到GC等于DC."
  },
  {
    "start": 1336.49,
    "end": 1342.83,
    "speaker": "老师",
    "text": "因为四边形ABCD是正方形，"
  },
  {
    "start": 1342.83,
    "end": 1345.44,
    "speaker": "老师",
    "text": "所以AB等于BC,"
  },
  {
    "start": 1345.44,
    "end": 1346.76,
    "speaker": "老师",
    "text": "等于CD,"
  },
  {
    "start": 1346.76,
    "end": 1348.9,
    "speaker": "老师",
    "text": "我们就可以得到GB,"
  },
  {
    "start": 1348.94,
    "end": 1351.08,
    "speaker": "老师",
    "text": "等于BC等于CG."
  },
  {
    "start": 1351.44,
    "end": 1361.16,
    "speaker": "老师",
    "text": "三条边相等的三角形是等边三角形，"
  },
  {
    "start": 1361.16,
    "end": 1363.68,
    "speaker": "老师",
    "text": "我们就证出来了。"
  },
  {
    "start": 1363.74,
    "end": 1372.72,
    "speaker": "老师",
    "text": "那么有的同学肯定有不同的意见，"
  },
  {
    "start": 1372.72,
    "end": 1373.36,
    "speaker": "老师",
    "text": "老师，"
  },
  {
    "start": 1373.36,
    "end": 1380.47,
    "speaker": "老师",
    "text": "我好像不是用这种方法来折叠的。"
  },
  {
    "start": 1380.47,
    "end": 1382.17,
    "speaker": "老师",
    "text": "同学们再想一想，"
  },
  {
    "start": 1382.17,
    "end": 1385.42,
    "speaker": "老师",
    "text": "还有不同的折法吗？"
  },
  {
    "start": 1385.42,
    "end": 1387.88,
    "speaker": "老师",
    "text": "我们动手试一试。"
  },
  {
    "start": 1387.88,
    "end": 1388.58,
    "speaker": "老师",
    "text": "同学们，"
  },
  {
    "start": 1388.9,
    "end": 1392.48,
    "speaker": "老师",
    "text": "你们还有不同的折法吗？"
  },
  {
    "start": 1392.48,
    "end": 1394.18,
    "speaker": "老师",
    "text": "折出来了吗？"
  },
  {
    "start": 1394.18,
    "end": 1396.8,
    "speaker": "老师",
    "text": "看一下老师的视频，"
  },
  {
    "start": 1396.8,
    "end": 1399.94,
    "speaker": "老师",
    "text": "在正方形ABCD当中，"
  },
  {
    "start": 1399.94,
    "end": 1402.74,
    "speaker": "老师",
    "text": "我们折出等边三角形。"
  },
  {
    "start": 1403.08,
    "end": 1406.86,
    "speaker": "老师",
    "text": "那么我们开始第二种折法，"
  },
  {
    "start": 1406.86,
    "end": 1410.73,
    "speaker": "老师",
    "text": "那么同样的思路，"
  },
  {
    "start": 1410.73,
    "end": 1415.69,
    "speaker": "老师",
    "text": "这个点一定是藏在EF这条线段上面的。"
  },
  {
    "start": 1416.47,
    "end": 1420.97,
    "speaker": "老师",
    "text": "那么我可以由BC为底，"
  },
  {
    "start": 1420.97,
    "end": 1422.95,
    "speaker": "老师",
    "text": "把c点我们折过去，"
  },
  {
    "start": 1423.39,
    "end": 1425.73,
    "speaker": "老师",
    "text": "落在EF这条线上面，"
  },
  {
    "start": 1425.77,
    "end": 1429.89,
    "speaker": "老师",
    "text": "我们把这个点记为g点连接BG和CG."
  },
  {
    "start": 1430.21,
    "end": 1434.56,
    "speaker": "老师",
    "text": "你认为三角形BGC是等边三角形吗？"
  },
  {
    "start": 1434.56,
    "end": 1437.77,
    "speaker": "老师",
    "text": "你能说明一下理由吗？"
  },
  {
    "start": 1437.77,
    "end": 1461.96,
    "speaker": "老师",
    "text": "好看完视频以后，"
  },
  {
    "start": 1461.96,
    "end": 1464.26,
    "speaker": "老师",
    "text": "我们看一下屏幕，"
  },
  {
    "start": 1464.74,
    "end": 1468.4,
    "speaker": "老师",
    "text": "我们把刚才折叠的示意图画出来。"
  },
  {
    "start": 1468.4,
    "end": 1476.9,
    "speaker": "老师",
    "text": "同样的需要同学们用数学的语言来描绘它。"
  },
  {
    "start": 1476.9,
    "end": 1489.33,
    "speaker": "老师",
    "text": "我们写成已知求证的格式。"
  },
  {
    "start": 1489.33,
    "end": 1517.74,
    "speaker": "老师",
    "text": "已知将正方形ABCD沿对称轴EF折叠展开以后，"
  },
  {
    "start": 1517.74,
    "end": 1531.06,
    "speaker": "老师",
    "text": "再将正方形沿着直线BM折叠，"
  },
  {
    "start": 1531.06,
    "end": 1540.99,
    "speaker": "老师",
    "text": "是c点落在EF的矩点处。"
  },
  {
    "start": 1540.99,
    "end": 1545.47,
    "speaker": "老师",
    "text": "我们要求证三角形GBC为等边三角形，"
  },
  {
    "start": 1545.49,
    "end": 1548.21,
    "speaker": "老师",
    "text": "动动手动动脑，"
  },
  {
    "start": 1548.37,
    "end": 1549.19,
    "speaker": "老师",
    "text": "动动嘴。"
  },
  {
    "start": 1549.19,
    "end": 1554.26,
    "speaker": "老师",
    "text": "请同学们和老师一起来说一说。"
  },
  {
    "start": 1554.38,
    "end": 1558.14,
    "speaker": "老师",
    "text": "证明由折叠可知，"
  },
  {
    "start": 1558.14,
    "end": 1563.25,
    "speaker": "老师",
    "text": "EF是线段BC的垂直平分线，"
  },
  {
    "start": 1563.25,
    "end": 1578.27,
    "speaker": "老师",
    "text": "垂直平分线上的点到这个线段两个端点的距离相等。"
  },
  {
    "start": 1578.27,
    "end": 1582.94,
    "speaker": "老师",
    "text": "所以我们可以得出GB等于GC."
  },
  {
    "start": 1584.02,
    "end": 1584.96,
    "speaker": "老师",
    "text": "同理，"
  },
  {
    "start": 1584.96,
    "end": 1587.62,
    "speaker": "老师",
    "text": "BM是GC的垂直平分线，"
  },
  {
    "start": 1588.22,
    "end": 1593.96,
    "speaker": "老师",
    "text": "我们又可以得出BC等于BG,"
  },
  {
    "start": 1594.12,
    "end": 1596.04,
    "speaker": "老师",
    "text": "从而得到了BC,"
  },
  {
    "start": 1596.04,
    "end": 1597.22,
    "speaker": "老师",
    "text": "等于BG,"
  },
  {
    "start": 1597.3,
    "end": 1598.46,
    "speaker": "老师",
    "text": "等于GC."
  },
  {
    "start": 1598.46,
    "end": 1602.8,
    "speaker": "老师",
    "text": "三条边相等的三角形是等边三角形。"
  },
  {
    "start": 1602.8,
    "end": 1603.08,
    "speaker": "老师",
    "text": "好，"
  },
  {
    "start": 1603.08,
    "end": 1607.23,
    "speaker": "老师",
    "text": "请同学们再仔细看一下证明的过程。"
  },
  {
    "start": 1607.23,
    "end": 1611.73,
    "speaker": "老师",
    "text": "有的同学发现了老师在证明的过程当中，"
  },
  {
    "start": 1611.73,
    "end": 1618.87,
    "speaker": "老师",
    "text": "我好像没有用到正方形ABCD这个条件。"
  },
  {
    "start": 1619.21,
    "end": 1621.97,
    "speaker": "老师",
    "text": "那么我们想一想，"
  },
  {
    "start": 1621.97,
    "end": 1624.57,
    "speaker": "老师",
    "text": "如果没有这个条件，"
  },
  {
    "start": 1624.57,
    "end": 1630.11,
    "speaker": "老师",
    "text": "或者是把这个条件转换一下，"
  },
  {
    "start": 1630.15,
    "end": 1631.67,
    "speaker": "老师",
    "text": "在矩形当中，"
  },
  {
    "start": 1631.67,
    "end": 1636.79,
    "speaker": "老师",
    "text": "我们能不能折出等边三角形来呢？"
  },
  {
    "start": 1636.85,
    "end": 1641.16,
    "speaker": "老师",
    "text": "提出了这个问题以后，"
  },
  {
    "start": 1641.16,
    "end": 1644.04,
    "speaker": "老师",
    "text": "老师对活动四加大了难度。"
  },
  {
    "start": 1644.04,
    "end": 1652.83,
    "speaker": "老师",
    "text": "我们来看用矩形折三十度的角。"
  },
  {
    "start": 1652.83,
    "end": 1657.5,
    "speaker": "老师",
    "text": "那么如果刚才的方法成立，"
  },
  {
    "start": 1657.5,
    "end": 1662.83,
    "speaker": "老师",
    "text": "我们可以用矩形折等边三角形，"
  },
  {
    "start": 1662.83,
    "end": 1671.02,
    "speaker": "老师",
    "text": "那么我们解决用矩形折三十度的角就容易多了。"
  },
  {
    "start": 1671.1,
    "end": 1675.0,
    "speaker": "老师",
    "text": "那么我想请同学们先好好的想一想，"
  },
  {
    "start": 1675.0,
    "end": 1679.25,
    "speaker": "老师",
    "text": "动手折一折给大家一点时间。"
  },
  {
    "start": 1679.25,
    "end": 1680.11,
    "speaker": "老师",
    "text": "好了，"
  },
  {
    "start": 1680.11,
    "end": 1682.03,
    "speaker": "老师",
    "text": "同学们想一想，"
  },
  {
    "start": 1682.11,
    "end": 1686.05,
    "speaker": "老师",
    "text": "折一折折出来了吗？"
  },
  {
    "start": 1686.05,
    "end": 1694.94,
    "speaker": "老师",
    "text": "我们看一下你是不是这么折的用矩形ABCD折三十度角的方法。"
  },
  {
    "start": 1694.94,
    "end": 1712.67,
    "speaker": "老师",
    "text": "首先我们沿着矩形ABCD的宽对折，"
  },
  {
    "start": 1712.67,
    "end": 1714.83,
    "speaker": "老师",
    "text": "我们把折痕EF画出来，"
  },
  {
    "start": 1714.83,
    "end": 1720.36,
    "speaker": "老师",
    "text": "是将点a折叠使a点落在EF这条线段上面。"
  },
  {
    "start": 1720.36,
    "end": 1723.96,
    "speaker": "老师",
    "text": "这样我就折出了一个三十度的角。"
  },
  {
    "start": 1723.96,
    "end": 1729.55,
    "speaker": "老师",
    "text": "我们通过折叠得出角ABG是三十度，"
  },
  {
    "start": 1729.67,
    "end": 1741.87,
    "speaker": "老师",
    "text": "是因为我们可以通过这样的方法折叠出三角形ABO是等边三角形，"
  },
  {
    "start": 1741.87,
    "end": 1747.21,
    "speaker": "老师",
    "text": "再用对称的性质得出角ABG和角GBO都是三十度。"
  },
  {
    "start": 1747.21,
    "end": 1750.97,
    "speaker": "老师",
    "text": "我们再来仔细看一看这幅图，"
  },
  {
    "start": 1750.97,
    "end": 1755.45,
    "speaker": "老师",
    "text": "在图中你能找出几个三十度的角。"
  },
  {
    "start": 1755.59,
    "end": 1756.33,
    "speaker": "老师",
    "text": "同学们，"
  },
  {
    "start": 1756.33,
    "end": 1760.71,
    "speaker": "老师",
    "text": "你们找到了几个？"
  },
  {
    "start": 1760.71,
    "end": 1762.83,
    "speaker": "老师",
    "text": "在这幅图当中，"
  },
  {
    "start": 1763.58,
    "end": 1767.75,
    "speaker": "老师",
    "text": "老师找出了七个三十度的角，"
  },
  {
    "start": 1767.75,
    "end": 1772.61,
    "speaker": "老师",
    "text": "如果你能在短短的时间内全部找对李老师，"
  },
  {
    "start": 1772.61,
    "end": 1775.13,
    "speaker": "老师",
    "text": "要给你一个大大的赞。"
  },
  {
    "start": 1775.13,
    "end": 1776.91,
    "speaker": "老师",
    "text": "经过刚才的操作，"
  },
  {
    "start": 1777.15,
    "end": 1793.42,
    "speaker": "老师",
    "text": "我们已经解决了用矩形折六十度、三十度的角在这里有的同学给李老师提出了质疑。"
  },
  {
    "start": 1793.42,
    "end": 1800.6,
    "speaker": "老师",
    "text": "那么我想把这个问题交给屏幕前面的同学们去解决一下。"
  },
  {
    "start": 1800.6,
    "end": 1802.9,
    "speaker": "老师",
    "text": "我们看这张示意图，"
  },
  {
    "start": 1802.9,
    "end": 1808.06,
    "speaker": "老师",
    "text": "它是沿着矩形纸片ABCD的宽进行对折，"
  },
  {
    "start": 1808.06,
    "end": 1811.61,
    "speaker": "老师",
    "text": "将a落在EF上面。"
  },
  {
    "start": 1811.63,
    "end": 1821.65,
    "speaker": "老师",
    "text": "我们能不能沿着矩形纸片的长BC进行折叠，"
  },
  {
    "start": 1821.65,
    "end": 1826.75,
    "speaker": "老师",
    "text": "使c点落在BC的垂直平分线上呢？"
  },
  {
    "start": 1826.75,
    "end": 1830.11,
    "speaker": "老师",
    "text": "那么同学们在课后可以折一折，"
  },
  {
    "start": 1830.11,
    "end": 1834.22,
    "speaker": "老师",
    "text": "想一想哪种方法更好呢？"
  },
  {
    "start": 1834.22,
    "end": 1838.06,
    "speaker": "老师",
    "text": "那么还有的同学会问，"
  },
  {
    "start": 1838.14,
    "end": 1838.8,
    "speaker": "老师",
    "text": "老师，"
  },
  {
    "start": 1838.8,
    "end": 1840.86,
    "speaker": "老师",
    "text": "还有其他的方法吗？"
  },
  {
    "start": 1840.88,
    "end": 1846.62,
    "speaker": "老师",
    "text": "我们通过对矩形纸片ABCD的宽进行四等分，"
  },
  {
    "start": 1846.72,
    "end": 1851.85,
    "speaker": "老师",
    "text": "通过折叠将b点落在线段MN上面。"
  },
  {
    "start": 1851.89,
    "end": 1854.31,
    "speaker": "老师",
    "text": "那么这样的话，"
  },
  {
    "start": 1854.47,
    "end": 1858.51,
    "speaker": "老师",
    "text": "我们发现在RT三角形MEO当中，"
  },
  {
    "start": 1858.55,
    "end": 1864.6,
    "speaker": "老师",
    "text": "它的直角边和斜边的数量关系是一比二，"
  },
  {
    "start": 1864.6,
    "end": 1868.91,
    "speaker": "老师",
    "text": "我们可以得出角MO一为三十度。"
  },
  {
    "start": 1868.91,
    "end": 1872.17,
    "speaker": "老师",
    "text": "那么这种方法留在课后，"
  },
  {
    "start": 1872.17,
    "end": 1874.83,
    "speaker": "老师",
    "text": "同学们去折一折正一证。"
  },
  {
    "start": 1874.83,
    "end": 1877.29,
    "speaker": "老师",
    "text": "那么到现在为止，"
  },
  {
    "start": 1877.29,
    "end": 1882.38,
    "speaker": "老师",
    "text": "我们解决了则六十度三十度的角。"
  },
  {
    "start": 1882.52,
    "end": 1888.81,
    "speaker": "老师",
    "text": "那么我想一想如何得到十五度的角同学们，"
  },
  {
    "start": 1888.83,
    "end": 1891.33,
    "speaker": "老师",
    "text": "你们想出来了吗？"
  },
  {
    "start": 1891.41,
    "end": 1893.65,
    "speaker": "老师",
    "text": "在这幅图当中，"
  },
  {
    "start": 1893.71,
    "end": 1897.06,
    "speaker": "老师",
    "text": "我们要得到十五度的角方法有很多。"
  },
  {
    "start": 1898.22,
    "end": 1900.44,
    "speaker": "老师",
    "text": "李老师举一个例子，"
  },
  {
    "start": 1900.72,
    "end": 1908.61,
    "speaker": "老师",
    "text": "我们可以通过角平分线或者是角和角的组合得到十五度的角。"
  },
  {
    "start": 1909.44,
    "end": 1914.49,
    "speaker": "老师",
    "text": "我们可以通过折叠得出角ABC的角平分线BH,"
  },
  {
    "start": 1915.48,
    "end": 1927.74,
    "speaker": "老师",
    "text": "由角平分线的性质可以得到角GBH等于角OBH等于十五度。"
  },
  {
    "start": 1927.74,
    "end": 1933.01,
    "speaker": "老师",
    "text": "那么这一道题实际上还有更多的方法。"
  },
  {
    "start": 1933.86,
    "end": 1938.4,
    "speaker": "老师",
    "text": "我们可以折叠得出十五度的角课后，"
  },
  {
    "start": 1938.4,
    "end": 1948.48,
    "speaker": "老师",
    "text": "我希望同学们能够继续研究这道题，"
  },
  {
    "start": 1948.48,
    "end": 1953.04,
    "speaker": "老师",
    "text": "尽可能多的找到解决问题的方法。"
  },
  {
    "start": 1953.04,
    "end": 1957.45,
    "speaker": "老师",
    "text": "通过从正方形折等腰三角形，"
  },
  {
    "start": 1957.45,
    "end": 1961.19,
    "speaker": "老师",
    "text": "在正方形当中折等边三角形，"
  },
  {
    "start": 1961.19,
    "end": 1967.07,
    "speaker": "老师",
    "text": "继而我们解决了用矩形折六十度、三十度十五度的角。"
  },
  {
    "start": 1967.07,
    "end": 1970.32,
    "speaker": "老师",
    "text": "我们完成了今天的任务，"
  },
  {
    "start": 1970.32,
    "end": 1973.7,
    "speaker": "老师",
    "text": "我们来做一下练习辨识训练，"
  },
  {
    "start": 1973.7,
    "end": 1975.93,
    "speaker": "老师",
    "text": "学以致用，"
  },
  {
    "start": 1975.95,
    "end": 1976.65,
    "speaker": "老师",
    "text": "如图，"
  },
  {
    "start": 1976.87,
    "end": 1979.77,
    "speaker": "老师",
    "text": "将正方形对折后展开图。"
  },
  {
    "start": 1979.79,
    "end": 1983.33,
    "speaker": "老师",
    "text": "四是连续两次对折后展开，"
  },
  {
    "start": 1983.33,
    "end": 1987.09,
    "speaker": "老师",
    "text": "再按图示的方法折叠，"
  },
  {
    "start": 1987.79,
    "end": 1990.8,
    "speaker": "老师",
    "text": "能够得到一个直角三角形，"
  },
  {
    "start": 1990.8,
    "end": 1994.7,
    "speaker": "老师",
    "text": "且它的一条直角边等于斜边的一半。"
  },
  {
    "start": 1994.7,
    "end": 1997.14,
    "speaker": "老师",
    "text": "这句话是什么意思？"
  },
  {
    "start": 1997.16,
    "end": 2000.74,
    "speaker": "老师",
    "text": "实际上就是要找三十度的角，"
  },
  {
    "start": 2000.74,
    "end": 2004.5,
    "speaker": "老师",
    "text": "这样的图形有几个呢？"
  },
  {
    "start": 2004.5,
    "end": 2006.62,
    "speaker": "老师",
    "text": "大家思考一下，"
  },
  {
    "start": 2006.62,
    "end": 2007.96,
    "speaker": "老师",
    "text": "同学们，"
  },
  {
    "start": 2007.96,
    "end": 2011.38,
    "speaker": "老师",
    "text": "你们做好了吗？"
  },
  {
    "start": 2011.38,
    "end": 2015.92,
    "speaker": "老师",
    "text": "如果这节课你一直跟随老师动动手动动脑动，"
  },
  {
    "start": 2016.0,
    "end": 2016.5,
    "speaker": "老师",
    "text": "动嘴，"
  },
  {
    "start": 2016.5,
    "end": 2022.95,
    "speaker": "老师",
    "text": "你会发现这四幅图片在我们的活动当中都有呈现。"
  },
  {
    "start": 2022.95,
    "end": 2029.0,
    "speaker": "老师",
    "text": "我们从图一开始在用正方形纸片折等边三角形的时候，"
  },
  {
    "start": 2029.0,
    "end": 2033.12,
    "speaker": "老师",
    "text": "我们知道其实这个角是平分三十度的，"
  },
  {
    "start": 2033.3,
    "end": 2037.16,
    "speaker": "老师",
    "text": "所以它其中的这个角是十五度，"
  },
  {
    "start": 2037.16,
    "end": 2038.82,
    "speaker": "老师",
    "text": "而不是三十度。"
  },
  {
    "start": 2038.82,
    "end": 2045.61,
    "speaker": "老师",
    "text": "第二幅图就是用正方形纸片折等边三角形的第二种方法。"
  },
  {
    "start": 2045.61,
    "end": 2047.93,
    "speaker": "老师",
    "text": "所以这个角是三十度。"
  },
  {
    "start": 2047.93,
    "end": 2051.02,
    "speaker": "老师",
    "text": "第三幅图片，"
  },
  {
    "start": 2051.02,
    "end": 2055.72,
    "speaker": "老师",
    "text": "我不知道大家有没有印象，"
  },
  {
    "start": 2055.72,
    "end": 2060.59,
    "speaker": "老师",
    "text": "我们提出过质疑这个角是不是三十度。"
  },
  {
    "start": 2061.53,
    "end": 2064.97,
    "speaker": "老师",
    "text": "我们发现在直角三角形当中，"
  },
  {
    "start": 2065.13,
    "end": 2072.26,
    "speaker": "老师",
    "text": "它存在的数量关系是两条，"
  },
  {
    "start": 2072.26,
    "end": 2075.27,
    "speaker": "老师",
    "text": "直角边的数量关系是一比二，"
  },
  {
    "start": 2075.27,
    "end": 2079.07,
    "speaker": "老师",
    "text": "并不是直角边和斜边的关系，"
  },
  {
    "start": 2079.07,
    "end": 2082.82,
    "speaker": "老师",
    "text": "所以图三并没有得到三十度的角。"
  },
  {
    "start": 2082.38,
    "end": 2082.82,
    "speaker": "老师",
    "text": "而图四呢是李老师在补充三十度的折法的时候，"
  },
  {
    "start": 2082.38,
    "end": 2082.82,
    "speaker": "老师",
    "text": "我们补充过这样一个示意图。"
  },
  {
    "start": 2082.38,
    "end": 2082.82,
    "speaker": "老师",
    "text": "所以综上所述，"
  },
  {
    "start": 2082.38,
    "end": 2082.82,
    "speaker": "老师",
    "text": "这道题我们是选c这是一道中考真题。"
  },
  {
    "start": 2082.38,
    "end": 2082.82,
    "speaker": "老师",
    "text": "当时的正确率只有百分之三十一。"
  },
  {
    "start": 2082.38,
    "end": 2082.82,
    "speaker": "老师",
    "text": "所以我希望同学们在课后的时候，"
  },
  {
    "start": 2082.38,
    "end": 2082.82,
    "speaker": "老师",
    "text": "要多积累一些经验，"
  },
  {
    "start": 2082.38,
    "end": 2082.82,
    "speaker": "老师",
    "text": "经常去动动手折一折，"
  },
  {
    "start": 2082.38,
    "end": 2082.82,
    "speaker": "老师",
    "text": "动动脑去想一想，"
  },
  {
    "start": 2082.38,
    "end": 2082.82,
    "speaker": "老师",
    "text": "时间过得很快，"
  },
  {
    "start": 2082.38,
    "end": 2082.82,
    "speaker": "老师",
    "text": "一节课又快要结束了。"
  },
  {
    "start": 2082.38,
    "end": 2082.82,
    "speaker": "老师",
    "text": "老师想问一下大家，"
  },
  {
    "start": 2082.38,
    "end": 2082.82,
    "speaker": "老师",
    "text": "在这节课当中我们学了什么？"
  },
  {
    "start": 2082.38,
    "end": 2082.82,
    "speaker": "老师",
    "text": "今天的质疑和发现是什么？"
  },
  {
    "start": 2082.38,
    "end": 2082.82,
    "speaker": "老师",
    "text": "今天我们悟到了什么？"
  },
  {
    "start": 2082.38,
    "end": 2082.82,
    "speaker": "老师",
    "text": "今天我们学习到了用矩形去折六十度、三十度十五度的角。"
  },
  {
    "start": 2082.38,
    "end": 2082.82,
    "speaker": "老师",
    "text": "我们发现在折叠的过程当中，"
  },
  {
    "start": 2082.38,
    "end": 2082.82,
    "speaker": "老师",
    "text": "蕴含了丰富的数学知识。"
  },
  {
    "start": 2082.38,
    "end": 2082.82,
    "speaker": "老师",
    "text": "通过折叠，"
  },
  {
    "start": 2082.38,
    "end": 2082.82,
    "speaker": "老师",
    "text": "我们可以折出一条线段的垂直平分线，"
  },
  {
    "start": 2082.38,
    "end": 2082.82,
    "speaker": "老师",
    "text": "可以折出一个角的角平分线，"
  },
  {
    "start": 2082.38,
    "end": 2082.82,
    "speaker": "老师",
    "text": "利用对称的关系，"
  },
  {
    "start": 2082.38,
    "end": 2082.82,
    "speaker": "老师",
    "text": "继而得到了两个三角形全等，"
  },
  {
    "start": 2082.38,
    "end": 2082.82,
    "speaker": "老师",
    "text": "得到线段相等，"
  },
  {
    "start": 2082.38,
    "end": 2082.82,
    "speaker": "老师",
    "text": "得到角相等去解决一些问题。"
  },
  {
    "start": 2082.38,
    "end": 2082.82,
    "speaker": "老师",
    "text": "那么在折叠的过程中，"
  },
  {
    "start": 2082.38,
    "end": 2082.82,
    "speaker": "老师",
    "text": "我们经常提出质疑。"
  },
  {
    "start": 2082.38,
    "end": 2082.82,
    "speaker": "老师",
    "text": "我们会问这个角是不是三十度折出来的三角形，"
  },
  {
    "start": 2082.38,
    "end": 2082.82,
    "speaker": "老师",
    "text": "是不是等腰三角形？"
  },
  {
    "start": 2082.38,
    "end": 2082.82,
    "speaker": "老师",
    "text": "是不是等边三角形？"
  },
  {
    "start": 2082.38,
    "end": 2082.82,
    "speaker": "老师",
    "text": "我们用数学语言去描绘了它，"
  },
  {
    "start": 2082.38,
    "end": 2082.82,
    "speaker": "老师",
    "text": "我们写了证明的过程。"
  },
  {
    "start": 2082.38,
    "end": 2082.82,
    "speaker": "老师",
    "text": "那么我们在折叠的过程中发现问题、解决问题。"
  },
  {
    "start": 2082.38,
    "end": 2082.82,
    "speaker": "老师",
    "text": "其实大家在学习的过程中常抱有质疑的态度，"
  },
  {
    "start": 2082.38,
    "end": 2082.82,
    "speaker": "老师",
    "text": "这也是提高大家数学能力的一种好的方法。"
  },
  {
    "start": 2082.38,
    "end": 2082.82,
    "speaker": "老师",
    "text": "那么我们今天悟到了什么呢？"
  },
  {
    "start": 2082.38,
    "end": 2082.82,
    "speaker": "老师",
    "text": "在今天的解决问题的过程当中，"
  },
  {
    "start": 2082.38,
    "end": 2082.82,
    "speaker": "老师",
    "text": "我们学会了用转化的思想，"
  },
  {
    "start": 2082.38,
    "end": 2082.82,
    "speaker": "老师",
    "text": "将一个较难的问题转化了几个容易的问题，"
  },
  {
    "start": 2082.38,
    "end": 2082.82,
    "speaker": "老师",
    "text": "将未知的知识转换成已知的知识。"
  },
  {
    "start": 2082.38,
    "end": 2082.82,
    "speaker": "老师",
    "text": "我们也发现各个知识点之间并不是孤立的，"
  },
  {
    "start": 2082.38,
    "end": 2082.82,
    "speaker": "老师",
    "text": "它们是联系起来的。"
  },
  {
    "start": 2082.38,
    "end": 2082.82,
    "speaker": "老师",
    "text": "我希望大家能够整合，"
  },
  {
    "start": 2082.38,
    "end": 2082.82,
    "speaker": "老师",
    "text": "形成自己的知识体系。"
  },
  {
    "start": 2082.38,
    "end": 2082.82,
    "speaker": "老师",
    "text": "好，"
  },
  {
    "start": 2082.38,
    "end": 2082.82,
    "speaker": "老师",
    "text": "李老师在课后布置了两道作业，"
  },
  {
    "start": 2082.38,
    "end": 2082.82,
    "speaker": "老师",
    "text": "拓展与延伸。"
  },
  {
    "start": 2082.38,
    "end": 2082.82,
    "speaker": "老师",
    "text": "第一个尝试折叠并写出证明的过程。"
  },
  {
    "start": 2082.38,
    "end": 2082.82,
    "speaker": "老师",
    "text": "第二个，"
  },
  {
    "start": 2082.38,
    "end": 2082.82,
    "speaker": "老师",
    "text": "通过折叠自己制作一副三角尺。"
  },
  {
    "start": 2082.38,
    "end": 2082.82,
    "speaker": "老师",
    "text": "今天的课我们就上到这里，"
  },
  {
    "start": 2082.38,
    "end": 2082.82,
    "speaker": "老师",
    "text": "希望大家通过这样的一节课，"
  },
  {
    "start": 2082.38,
    "end": 2082.82,
    "speaker": "老师",
    "text": "能够感受到数学的神奇和美妙，"
  },
  {
    "start": 2082.38,
    "end": 2082.82,
    "speaker": "老师",
    "text": "去喜欢上数学，"
  },
  {
    "start": 2082.38,
    "end": 2082.82,
    "speaker": "老师",
    "text": "同学们再见。"
  }
]