[
  {
    "start": 9.49,
    "end": 10.79,
    "speaker": "老师",
    "text": "亲爱的同学们，"
  },
  {
    "start": 10.79,
    "end": 12.05,
    "speaker": "老师",
    "text": "你们好，"
  },
  {
    "start": 12.07,
    "end": 15.45,
    "speaker": "老师",
    "text": "我是南昌市滨江学校的张老师。"
  },
  {
    "start": 15.45,
    "end": 20.17,
    "speaker": "老师",
    "text": "今天将由我带领大家一起来学习第二十章。"
  },
  {
    "start": 20.17,
    "end": 22.03,
    "speaker": "老师",
    "text": "数据的分析，"
  },
  {
    "start": 22.03,
    "end": 25.01,
    "speaker": "老师",
    "text": "第一节数据的集中趋势，"
  },
  {
    "start": 25.01,
    "end": 27.35,
    "speaker": "老师",
    "text": "平均数第二课时。"
  },
  {
    "start": 27.35,
    "end": 32.01,
    "speaker": "老师",
    "text": "首先我们来回顾一下平均数的定义。"
  },
  {
    "start": 32.01,
    "end": 33.47,
    "speaker": "老师",
    "text": "在小学阶段，"
  },
  {
    "start": 33.55,
    "end": 41.62,
    "speaker": "老师",
    "text": "我们学习了如何计算平均数。"
  },
  {
    "start": 42.81,
    "end": 64.54,
    "speaker": "老师",
    "text": "即若n个数x一x二XN则x拔等于x一加x二加XN除以n叫做这n个数的平均数。"
  },
  {
    "start": 64.54,
    "end": 68.45,
    "speaker": "老师",
    "text": "在上一节课当中，"
  },
  {
    "start": 68.45,
    "end": 74.36,
    "speaker": "老师",
    "text": "我们又学习了加权平均数。"
  },
  {
    "start": 74.36,
    "end": 111.73,
    "speaker": "老师",
    "text": "即若n个数x一、x二XN它们的权分别是w一、w二WN则x八等于x一乘w一加上x二乘w二加上XN乘WN除以全总和w一加w二加上WN,"
  },
  {
    "start": 111.73,
    "end": 116.31,
    "speaker": "老师",
    "text": "叫做这n个数的加权平均数。"
  },
  {
    "start": 116.31,
    "end": 116.65,
    "speaker": "老师",
    "text": "嗯，"
  },
  {
    "start": 116.65,
    "end": 121.43,
    "speaker": "老师",
    "text": "这两个平均数的定义，"
  },
  {
    "start": 121.43,
    "end": 123.78,
    "speaker": "老师",
    "text": "它们有着内在的联系。"
  },
  {
    "start": 125.76,
    "end": 131.97,
    "speaker": "老师",
    "text": "当第二个式子当中的全w相同时，"
  },
  {
    "start": 133.7,
    "end": 137.0,
    "speaker": "老师",
    "text": "化简计算可以得到第一个式子，"
  },
  {
    "start": 137.0,
    "end": 141.93,
    "speaker": "老师",
    "text": "所以两者之间是特殊与一般的关系。"
  },
  {
    "start": 141.93,
    "end": 143.57,
    "speaker": "老师",
    "text": "也就是说，"
  },
  {
    "start": 143.93,
    "end": 153.86,
    "speaker": "老师",
    "text": "用这两个公式计算出来的平均数都可以称之为加权平均数。"
  },
  {
    "start": 153.86,
    "end": 161.03,
    "speaker": "老师",
    "text": "在这里权是值比例或百分比意味着权重。"
  },
  {
    "start": 161.03,
    "end": 163.89,
    "speaker": "老师",
    "text": "那么权还可以是什么呢？"
  },
  {
    "start": 163.89,
    "end": 166.05,
    "speaker": "老师",
    "text": "带着这个疑问，"
  },
  {
    "start": 166.75,
    "end": 169.11,
    "speaker": "老师",
    "text": "我们来看问题。"
  },
  {
    "start": 169.11,
    "end": 175.27,
    "speaker": "老师",
    "text": "一、某跳水队为了了解运动员的年龄情况，"
  },
  {
    "start": 175.27,
    "end": 177.11,
    "speaker": "老师",
    "text": "做了一次年龄，"
  },
  {
    "start": 177.17,
    "end": 179.53,
    "speaker": "老师",
    "text": "调查结果如下，"
  },
  {
    "start": 179.59,
    "end": 212.56,
    "speaker": "老师",
    "text": "十三岁八人，"
  },
  {
    "start": 212.56,
    "end": 214.5,
    "speaker": "老师",
    "text": "十四岁十六人，"
  },
  {
    "start": 214.5,
    "end": 216.16,
    "speaker": "老师",
    "text": "十五岁，"
  },
  {
    "start": 216.16,
    "end": 220.46,
    "speaker": "老师",
    "text": "二十四人。"
  },
  {
    "start": 220.46,
    "end": 229.36,
    "speaker": "老师",
    "text": "十六岁两人求这个跳水队运动员的平均年龄结果取整数。"
  },
  {
    "start": 229.36,
    "end": 233.91,
    "speaker": "老师",
    "text": "如果我们将数据整理成表格，"
  },
  {
    "start": 233.91,
    "end": 235.49,
    "speaker": "老师",
    "text": "得到下表，"
  },
  {
    "start": 235.49,
    "end": 240.36,
    "speaker": "老师",
    "text": "从表格当中来观察数据的特征。"
  },
  {
    "start": 241.16,
    "end": 245.28,
    "speaker": "老师",
    "text": "我们会发现年龄为十三的有八人，"
  },
  {
    "start": 245.28,
    "end": 249.46,
    "speaker": "老师",
    "text": "也就是说十三这个数出现了八次，"
  },
  {
    "start": 249.5,
    "end": 252.78,
    "speaker": "老师",
    "text": "相应的十四出现了十六次，"
  },
  {
    "start": 252.78,
    "end": 256.08,
    "speaker": "老师",
    "text": "十五出现了二十四次，"
  },
  {
    "start": 256.08,
    "end": 260.4,
    "speaker": "老师",
    "text": "十六出现了两次。"
  },
  {
    "start": 260.4,
    "end": 264.94,
    "speaker": "老师",
    "text": "那么根据平均数的定义，"
  },
  {
    "start": 264.94,
    "end": 272.76,
    "speaker": "老师",
    "text": "如果我们要计算这个跳水队运动员的平均年龄，"
  },
  {
    "start": 272.76,
    "end": 279.74,
    "speaker": "老师",
    "text": "就需要将所有数据求和再除以总人数。"
  },
  {
    "start": 279.76,
    "end": 280.94,
    "speaker": "老师",
    "text": "也就是说，"
  },
  {
    "start": 280.94,
    "end": 285.43,
    "speaker": "老师",
    "text": "这四个数是重复出现的，"
  },
  {
    "start": 285.53,
    "end": 292.82,
    "speaker": "老师",
    "text": "所以这个跳水队运动员的平均年龄就为x八，"
  },
  {
    "start": 292.82,
    "end": 296.47,
    "speaker": "老师",
    "text": "等于十三乘上八。"
  },
  {
    "start": 296.55,
    "end": 301.61,
    "speaker": "老师",
    "text": "因为有八个十三、十四乘上十六，"
  },
  {
    "start": 301.65,
    "end": 305.13,
    "speaker": "老师",
    "text": "加上十五乘上二十四，"
  },
  {
    "start": 305.15,
    "end": 373.84,
    "speaker": "老师",
    "text": "加上十六乘上二除以总人数八加十六加二十四加二计算得出约等于十四岁。"
  },
  {
    "start": 373.86,
    "end": 384.36,
    "speaker": "老师",
    "text": "所以这个跳水对运动员的平均年龄约为十四岁。"
  },
  {
    "start": 384.36,
    "end": 386.92,
    "speaker": "老师",
    "text": "请同学们思考一下，"
  },
  {
    "start": 386.92,
    "end": 396.09,
    "speaker": "老师",
    "text": "你能把此题的解法用字母一般性的表示出来吗？"
  },
  {
    "start": 396.09,
    "end": 403.19,
    "speaker": "老师",
    "text": "如果我们把表格当中的具体的数换成字母数，"
  },
  {
    "start": 403.31,
    "end": 409.21,
    "speaker": "老师",
    "text": "x一把十三换成x一把八换成f一。"
  },
  {
    "start": 409.21,
    "end": 418.41,
    "speaker": "老师",
    "text": "那么也就是说x一出现了f一次x二出现了f二次XK,"
  },
  {
    "start": 418.41,
    "end": 420.19,
    "speaker": "老师",
    "text": "出现了FK次。"
  },
  {
    "start": 420.19,
    "end": 489.3,
    "speaker": "老师",
    "text": "那么相应的平均数x八就可以写成x一乘上f一，"
  },
  {
    "start": 489.68,
    "end": 499.85,
    "speaker": "老师",
    "text": "加上x二乘上f二加上一直加到XK乘上FK除以总个数，"
  },
  {
    "start": 500.15,
    "end": 507.19,
    "speaker": "老师",
    "text": "也就是除以f一加f二加一直加到FK,"
  },
  {
    "start": 507.75,
    "end": 517.46,
    "speaker": "老师",
    "text": "将我们得到的这个式子与上一节课的加权平均数公式比较，"
  },
  {
    "start": 517.46,
    "end": 520.44,
    "speaker": "老师",
    "text": "有何异同呢？"
  },
  {
    "start": 520.44,
    "end": 522.86,
    "speaker": "老师",
    "text": "从结构上看，"
  },
  {
    "start": 522.86,
    "end": 525.24,
    "speaker": "老师",
    "text": "它们的形式是一样的。"
  },
  {
    "start": 525.24,
    "end": 528.98,
    "speaker": "老师",
    "text": "差别在于在上一节课当中，"
  },
  {
    "start": 528.98,
    "end": 534.37,
    "speaker": "老师",
    "text": "w是指比例或百分数。"
  },
  {
    "start": 534.49,
    "end": 539.42,
    "speaker": "老师",
    "text": "而在这个式子当中，"
  },
  {
    "start": 539.42,
    "end": 544.52,
    "speaker": "老师",
    "text": "f是出现的次数也就是平数。"
  },
  {
    "start": 545.4,
    "end": 552.8,
    "speaker": "老师",
    "text": "当一个数它的出现的次数也就是频数越大时，"
  },
  {
    "start": 552.82,
    "end": 555.7,
    "speaker": "老师",
    "text": "这个数对平均数影响越大。"
  },
  {
    "start": 555.78,
    "end": 566.5,
    "speaker": "老师",
    "text": "也就是说这个数在整个数据当中所占的比重或者权重也越大，"
  },
  {
    "start": 566.66,
    "end": 572.89,
    "speaker": "老师",
    "text": "所以频竖也反映了权重。"
  },
  {
    "start": 572.89,
    "end": 574.25,
    "speaker": "老师",
    "text": "因此，"
  },
  {
    "start": 574.39,
    "end": 578.89,
    "speaker": "老师",
    "text": "不管是比例百分数还是平数，"
  },
  {
    "start": 578.89,
    "end": 581.61,
    "speaker": "老师",
    "text": "它都意味着权重。"
  },
  {
    "start": 581.71,
    "end": 585.67,
    "speaker": "老师",
    "text": "从这个角度上说，"
  },
  {
    "start": 585.77,
    "end": 590.71,
    "speaker": "老师",
    "text": "这两个式子本质是一致的。"
  },
  {
    "start": 590.71,
    "end": 598.39,
    "speaker": "老师",
    "text": "这样我们就得到了加权平均数的另一种形式，"
  },
  {
    "start": 598.81,
    "end": 603.85,
    "speaker": "老师",
    "text": "即在求n个数的平均数时，"
  },
  {
    "start": 603.87,
    "end": 615.63,
    "speaker": "老师",
    "text": "如果x一出现f一次x二出现f二次XK出现FK次，"
  },
  {
    "start": 615.63,
    "end": 650.43,
    "speaker": "老师",
    "text": "这里f一加f二加FK等于n那么这n个数的平均数x拔等于x一乘上f一加上x二乘上f二加上XK乘上FK除以总个数n这样计算出来的值x拔也叫做x一、x二XK这k个数的加权平均数，"
  },
  {
    "start": 650.43,
    "end": 657.25,
    "speaker": "老师",
    "text": "其中f一、f二FK分别叫做x一、x二、XK的全。"
  },
  {
    "start": 657.25,
    "end": 658.81,
    "speaker": "老师",
    "text": "这样的话，"
  },
  {
    "start": 658.81,
    "end": 663.99,
    "speaker": "老师",
    "text": "我们就得到了加权平均数的又一个公式。"
  },
  {
    "start": 663.99,
    "end": 665.49,
    "speaker": "老师",
    "text": "对对对，"
  },
  {
    "start": 665.49,
    "end": 667.87,
    "speaker": "老师",
    "text": "在这第三个公式当中，"
  },
  {
    "start": 667.89,
    "end": 675.62,
    "speaker": "老师",
    "text": "f一加f二加FK如果知道是等于n那么直接可以用n来表示。"
  },
  {
    "start": 676.34,
    "end": 679.85,
    "speaker": "老师",
    "text": "如果不知道总的个数，"
  },
  {
    "start": 679.85,
    "end": 720.79,
    "speaker": "老师",
    "text": "我们就需要计算f一加f二加FK."
  },
  {
    "start": 720.81,
    "end": 723.9,
    "speaker": "老师",
    "text": "但是在现实生活当中，"
  },
  {
    "start": 723.9,
    "end": 729.76,
    "speaker": "老师",
    "text": "统计出来的数可能不是一个具体的数，"
  },
  {
    "start": 729.76,
    "end": 733.16,
    "speaker": "老师",
    "text": "它可能是某一个范围。"
  },
  {
    "start": 733.16,
    "end": 738.2,
    "speaker": "老师",
    "text": "这个时候如何计算加权平均数呢？"
  },
  {
    "start": 738.2,
    "end": 739.8,
    "speaker": "老师",
    "text": "我们来看问题。"
  },
  {
    "start": 740.02,
    "end": 747.24,
    "speaker": "老师",
    "text": "二、为了了解五路公共汽车的运营情况，"
  },
  {
    "start": 747.24,
    "end": 756.06,
    "speaker": "老师",
    "text": "公交部门统计了某天五路公共汽车的每个运行班次的载客量，"
  },
  {
    "start": 756.06,
    "end": 763.67,
    "speaker": "老师",
    "text": "得到下边这天五路公共汽车平均每班的载客量是多少？"
  },
  {
    "start": 763.67,
    "end": 766.27,
    "speaker": "老师",
    "text": "观察数据的呈现特征，"
  },
  {
    "start": 766.53,
    "end": 770.35,
    "speaker": "老师",
    "text": "我们会发现载客量x大于等于一，"
  },
  {
    "start": 770.35,
    "end": 774.06,
    "speaker": "老师",
    "text": "小于二十一平数是三。"
  },
  {
    "start": 774.06,
    "end": 782.8,
    "speaker": "老师",
    "text": "也就是说有三个班次的载客量在一与二十一之间，"
  },
  {
    "start": 782.84,
    "end": 791.52,
    "speaker": "老师",
    "text": "有五个班次的载客量是在二十一与四十一之间。"
  },
  {
    "start": 791.52,
    "end": 798.52,
    "speaker": "老师",
    "text": "有二十个班次的载客量是在四十一与六十一之间，"
  },
  {
    "start": 799.58,
    "end": 801.27,
    "speaker": "老师",
    "text": "有二十二个班次，"
  },
  {
    "start": 802.52,
    "end": 809.71,
    "speaker": "老师",
    "text": "载客量是在六十一与八十一之间，"
  },
  {
    "start": 809.81,
    "end": 811.24,
    "speaker": "老师",
    "text": "有十八班次，"
  },
  {
    "start": 813.02,
    "end": 817.47,
    "speaker": "老师",
    "text": "载客量是在八十一至一百零一之间，"
  },
  {
    "start": 817.47,
    "end": 819.73,
    "speaker": "老师",
    "text": "有十五个班次，"
  },
  {
    "start": 819.75,
    "end": 825.65,
    "speaker": "老师",
    "text": "载客量是在一百零一至一百二十一之间。"
  },
  {
    "start": 825.65,
    "end": 833.6,
    "speaker": "老师",
    "text": "我们会发现该表格当中数据是以分组的形式呈现的，"
  },
  {
    "start": 833.86,
    "end": 839.03,
    "speaker": "老师",
    "text": "并且每一组数据重复出现数据是重复的。"
  },
  {
    "start": 839.03,
    "end": 843.41,
    "speaker": "老师",
    "text": "表格当中载客量是六个数据组，"
  },
  {
    "start": 843.41,
    "end": 875.81,
    "speaker": "老师",
    "text": "而不是一个具体的数。"
  },
  {
    "start": 875.81,
    "end": 880.07,
    "speaker": "老师",
    "text": "各组的实际数据应该选谁呢？"
  },
  {
    "start": 880.07,
    "end": 882.09,
    "speaker": "老师",
    "text": "我们以第一组为例，"
  },
  {
    "start": 882.09,
    "end": 886.59,
    "speaker": "老师",
    "text": "如果不考虑端点二十一的取值，"
  },
  {
    "start": 886.75,
    "end": 890.85,
    "speaker": "老师",
    "text": "在一与二十一之间，"
  },
  {
    "start": 890.85,
    "end": 894.01,
    "speaker": "老师",
    "text": "也就是这些数据之间，"
  },
  {
    "start": 894.01,
    "end": 901.17,
    "speaker": "老师",
    "text": "公共汽车的载客量在一与二十一之间都是有可能出现的。"
  },
  {
    "start": 901.31,
    "end": 905.17,
    "speaker": "老师",
    "text": "那么在这一组数当中，"
  },
  {
    "start": 905.17,
    "end": 908.21,
    "speaker": "老师",
    "text": "哪一个数更具代表性，"
  },
  {
    "start": 908.31,
    "end": 910.81,
    "speaker": "老师",
    "text": "可以代表这一组数呢？"
  },
  {
    "start": 910.83,
    "end": 918.42,
    "speaker": "老师",
    "text": "也就是说这个数能够反映这一组数的平均水平。"
  },
  {
    "start": 918.42,
    "end": 920.91,
    "speaker": "老师",
    "text": "如果是你，"
  },
  {
    "start": 920.91,
    "end": 925.69,
    "speaker": "老师",
    "text": "你会选择哪个数作为这组数的代表呢？"
  },
  {
    "start": 926.33,
    "end": 931.25,
    "speaker": "老师",
    "text": "显然我们选中间这个数十一更具代表性，"
  },
  {
    "start": 931.25,
    "end": 935.49,
    "speaker": "老师",
    "text": "这样的话可以避开极端值的影响。"
  },
  {
    "start": 935.59,
    "end": 939.73,
    "speaker": "老师",
    "text": "而这个数也是这一组数的平均数，"
  },
  {
    "start": 939.73,
    "end": 946.66,
    "speaker": "老师",
    "text": "同时也是两个端点一与二十一的平均数。"
  },
  {
    "start": 946.66,
    "end": 950.24,
    "speaker": "老师",
    "text": "因为这个数在中间这个位置，"
  },
  {
    "start": 950.3,
    "end": 954.14,
    "speaker": "老师",
    "text": "所以我们形象的把它叫做主中值。"
  },
  {
    "start": 954.16,
    "end": 955.12,
    "speaker": "老师",
    "text": "也就是说，"
  },
  {
    "start": 955.12,
    "end": 959.14,
    "speaker": "老师",
    "text": "数据分组后，"
  },
  {
    "start": 959.16,
    "end": 968.8,
    "speaker": "老师",
    "text": "一个小组的组宗值是指这个小组的两个端点的数的平均数，"
  },
  {
    "start": 968.86,
    "end": 971.1,
    "speaker": "老师",
    "text": "如x大于等于一，"
  },
  {
    "start": 971.1,
    "end": 979.58,
    "speaker": "老师",
    "text": "小于二十一的主宗值就为两个端点值相加，"
  },
  {
    "start": 980.99,
    "end": 985.37,
    "speaker": "老师",
    "text": "一加二十一除以二等于十一。"
  },
  {
    "start": 985.37,
    "end": 995.9,
    "speaker": "老师",
    "text": "这样我们可以把每一组的组中值都计算得出。"
  },
  {
    "start": 995.98,
    "end": 1002.68,
    "speaker": "老师",
    "text": "第二组是二十一加四十一除以二等于三十一。"
  },
  {
    "start": 1002.68,
    "end": 1010.84,
    "speaker": "老师",
    "text": "第三组是四十一加六十一除以二等于五十一。"
  },
  {
    "start": 1010.84,
    "end": 1017.02,
    "speaker": "老师",
    "text": "第四组是六十一加八十一除以二等于七十一。"
  },
  {
    "start": 1017.1,
    "end": 1019.88,
    "speaker": "老师",
    "text": "第五组是一百零一，"
  },
  {
    "start": 1020.06,
    "end": 1025.04,
    "speaker": "老师",
    "text": "加一百二十一除以二等于一百一十一。"
  },
  {
    "start": 1025.06,
    "end": 1031.62,
    "speaker": "老师",
    "text": "那么我们就可以用主中值近似的看作各组的实际数据，"
  },
  {
    "start": 1031.62,
    "end": 1035.7,
    "speaker": "老师",
    "text": "而把各组的频数看作是相应主宗值的权。"
  },
  {
    "start": 1035.7,
    "end": 1036.3,
    "speaker": "老师",
    "text": "因此，"
  },
  {
    "start": 1036.54,
    "end": 1037.12,
    "speaker": "老师",
    "text": "这天，"
  },
  {
    "start": 1037.12,
    "end": 1048.65,
    "speaker": "老师",
    "text": "五路公共汽车平均每班的载客量x八就等于主终值乘上相应的权。"
  },
  {
    "start": 1048.75,
    "end": 1050.61,
    "speaker": "老师",
    "text": "十一乘上三，"
  },
  {
    "start": 1050.61,
    "end": 1054.19,
    "speaker": "老师",
    "text": "加上三十一乘上五，"
  },
  {
    "start": 1054.19,
    "end": 1058.26,
    "speaker": "老师",
    "text": "加上五十一乘上二十，"
  },
  {
    "start": 1058.26,
    "end": 1061.26,
    "speaker": "老师",
    "text": "加上七十一乘上二十二，"
  },
  {
    "start": 1061.34,
    "end": 1064.32,
    "speaker": "老师",
    "text": "加上九十一乘上十八，"
  },
  {
    "start": 1064.32,
    "end": 1069.9,
    "speaker": "老师",
    "text": "加上一百一十一乘上十五除以总的班次，"
  },
  {
    "start": 1069.9,
    "end": 1076.75,
    "speaker": "老师",
    "text": "也就是除以平数的总和。"
  },
  {
    "start": 1076.77,
    "end": 1082.83,
    "speaker": "老师",
    "text": "三加五加二十加二十二加十八加十五计算，"
  },
  {
    "start": 1082.83,
    "end": 1085.35,
    "speaker": "老师",
    "text": "得出约等于七十三人。"
  },
  {
    "start": 1085.35,
    "end": 1085.75,
    "speaker": "老师",
    "text": "答，"
  },
  {
    "start": 1086.03,
    "end": 1086.55,
    "speaker": "老师",
    "text": "这天，"
  },
  {
    "start": 1086.55,
    "end": 1092.95,
    "speaker": "老师",
    "text": "五路公共汽车平均每班的载客量是七十三人。"
  },
  {
    "start": 1092.99,
    "end": 1100.17,
    "speaker": "老师",
    "text": "我们在计算加权平均数时会遇到数据比较繁多的情况，"
  },
  {
    "start": 1100.17,
    "end": 1108.71,
    "speaker": "老师",
    "text": "这个时候我们可以利用科学计算器来辅助我们计算如何使用计算器呢？"
  },
  {
    "start": 1108.99,
    "end": 1115.67,
    "speaker": "老师",
    "text": "不同品牌的计算器操作步骤有所不同，"
  },
  {
    "start": 1115.75,
    "end": 1119.91,
    "speaker": "老师",
    "text": "操作时需要参阅计算器的使用说明。"
  },
  {
    "start": 1119.91,
    "end": 1121.31,
    "speaker": "老师",
    "text": "总体上说，"
  },
  {
    "start": 1121.31,
    "end": 1124.01,
    "speaker": "老师",
    "text": "它分为这样几步，"
  },
  {
    "start": 1124.11,
    "end": 1124.83,
    "speaker": "老师",
    "text": "第一，"
  },
  {
    "start": 1124.83,
    "end": 1127.67,
    "speaker": "老师",
    "text": "按动有关按键，"
  },
  {
    "start": 1127.67,
    "end": 1132.76,
    "speaker": "老师",
    "text": "使计算器进入统计状态，"
  },
  {
    "start": 1132.76,
    "end": 1152.18,
    "speaker": "老师",
    "text": "然后输入数据x一、x二XK以及它们的全f一f二FK再按动求平均数的功能键计算器，"
  },
  {
    "start": 1152.18,
    "end": 1158.23,
    "speaker": "老师",
    "text": "便会求出平均数的值。"
  },
  {
    "start": 1158.47,
    "end": 1160.11,
    "speaker": "老师",
    "text": "具体操作，"
  },
  {
    "start": 1160.11,
    "end": 1169.04,
    "speaker": "老师",
    "text": "同学们可以跟着老师一起来练习。"
  },
  {
    "start": 1169.04,
    "end": 1172.42,
    "speaker": "老师",
    "text": "我们在计算加权平均数时，"
  },
  {
    "start": 1172.54,
    "end": 1174.94,
    "speaker": "老师",
    "text": "如果数据繁多，"
  },
  {
    "start": 1175.1,
    "end": 1177.76,
    "speaker": "老师",
    "text": "就可以利用科学计算器。"
  },
  {
    "start": 1177.76,
    "end": 1183.31,
    "speaker": "老师",
    "text": "市面上科学计算器的种类较多，"
  },
  {
    "start": 1183.31,
    "end": 1189.68,
    "speaker": "老师",
    "text": "但操作步骤基本相同，"
  },
  {
    "start": 1189.68,
    "end": 1193.46,
    "speaker": "老师",
    "text": "具体可查阅相关说明书。"
  },
  {
    "start": 1193.46,
    "end": 1203.03,
    "speaker": "老师",
    "text": "我们以这种最常见的计算器为例来计算，"
  },
  {
    "start": 1203.11,
    "end": 1213.33,
    "speaker": "老师",
    "text": "该频数分布表的加权平均数总体分为三大步骤，"
  },
  {
    "start": 1213.39,
    "end": 1219.59,
    "speaker": "老师",
    "text": "第一准备阶段、第二输入阶段。"
  },
  {
    "start": 1219.75,
    "end": 1223.7,
    "speaker": "老师",
    "text": "第三计算阶段。"
  },
  {
    "start": 1224.3,
    "end": 1228.32,
    "speaker": "老师",
    "text": "我们先来看准备阶段，"
  },
  {
    "start": 1228.34,
    "end": 1230.72,
    "speaker": "老师",
    "text": "第一先打开计算器，"
  },
  {
    "start": 1230.92,
    "end": 1232.92,
    "speaker": "老师",
    "text": "按on."
  },
  {
    "start": 1232.94,
    "end": 1233.64,
    "speaker": "老师",
    "text": "第二，"
  },
  {
    "start": 1233.66,
    "end": 1237.77,
    "speaker": "老师",
    "text": "选择统计模式，"
  },
  {
    "start": 1237.77,
    "end": 1241.21,
    "speaker": "老师",
    "text": "按model键，"
  },
  {
    "start": 1241.21,
    "end": 1246.89,
    "speaker": "老师",
    "text": "这个计算器的统计模式是SD,"
  },
  {
    "start": 1248.57,
    "end": 1250.37,
    "speaker": "老师",
    "text": "所以选二按二键。"
  },
  {
    "start": 1250.37,
    "end": 1251.37,
    "speaker": "老师",
    "text": "第三，"
  },
  {
    "start": 1251.61,
    "end": 1258.59,
    "speaker": "老师",
    "text": "清除计算器的原语数据先按shift键，"
  },
  {
    "start": 1258.59,
    "end": 1263.08,
    "speaker": "老师",
    "text": "再按model键选择，"
  },
  {
    "start": 1263.08,
    "end": 1266.76,
    "speaker": "老师",
    "text": "一按等号键提示清除完毕。"
  },
  {
    "start": 1266.76,
    "end": 1272.91,
    "speaker": "老师",
    "text": "接着第二阶段输入数据，"
  },
  {
    "start": 1272.91,
    "end": 1274.99,
    "speaker": "老师",
    "text": "输入数据的步骤，"
  },
  {
    "start": 1274.99,
    "end": 1281.31,
    "speaker": "老师",
    "text": "每一组都是一样的。"
  },
  {
    "start": 1281.35,
    "end": 1284.99,
    "speaker": "老师",
    "text": "先输入数，"
  },
  {
    "start": 1285.63,
    "end": 1288.19,
    "speaker": "老师",
    "text": "再按shift键，"
  },
  {
    "start": 1288.19,
    "end": 1289.19,
    "speaker": "老师",
    "text": "逗号键，"
  },
  {
    "start": 1289.19,
    "end": 1298.52,
    "speaker": "老师",
    "text": "再按相应的频数以m加键结束。"
  },
  {
    "start": 1298.52,
    "end": 1304.62,
    "speaker": "老师",
    "text": "我们先来输第一组输入十一按shift键，"
  },
  {
    "start": 1304.7,
    "end": 1308.8,
    "speaker": "老师",
    "text": "逗号键输入相应的频数三、m加键结束。"
  },
  {
    "start": 1309.34,
    "end": 1313.18,
    "speaker": "老师",
    "text": "第二组输入数据，"
  },
  {
    "start": 1313.24,
    "end": 1316.76,
    "speaker": "老师",
    "text": "三十一按shift键，"
  },
  {
    "start": 1316.82,
    "end": 1320.06,
    "speaker": "老师",
    "text": "逗号键相应的频数五，"
  },
  {
    "start": 1320.18,
    "end": 1321.62,
    "speaker": "老师",
    "text": "按m加键结束。"
  },
  {
    "start": 1321.8,
    "end": 1325.44,
    "speaker": "老师",
    "text": "第三组输入五十一，"
  },
  {
    "start": 1325.44,
    "end": 1327.9,
    "speaker": "老师",
    "text": "按shift键，"
  },
  {
    "start": 1327.9,
    "end": 1361.12,
    "speaker": "老师",
    "text": "逗号键输入相应的频数二十，"
  },
  {
    "start": 1363.03,
    "end": 1367.55,
    "speaker": "老师",
    "text": "以m加键结束输入第四组七十一，"
  },
  {
    "start": 1367.61,
    "end": 1370.61,
    "speaker": "老师",
    "text": "按shift键，"
  },
  {
    "start": 1370.61,
    "end": 1378.03,
    "speaker": "老师",
    "text": "逗号键输入相应的频数二十二以m加键结束。"
  },
  {
    "start": 1378.03,
    "end": 1384.72,
    "speaker": "老师",
    "text": "第五组输入九十一按shift键，"
  },
  {
    "start": 1385.34,
    "end": 1390.54,
    "speaker": "老师",
    "text": "逗号键相应的频数十八以m加键结束。"
  },
  {
    "start": 1391.46,
    "end": 1395.57,
    "speaker": "老师",
    "text": "第六组输入一百一十一，"
  },
  {
    "start": 1395.57,
    "end": 1397.75,
    "speaker": "老师",
    "text": "按shift键，"
  },
  {
    "start": 1397.83,
    "end": 1407.79,
    "speaker": "老师",
    "text": "顿号键输入相应的频数十五以m加键结束。"
  },
  {
    "start": 1407.93,
    "end": 1415.17,
    "speaker": "老师",
    "text": "这样这六组数就已经输入到了计算器中。"
  },
  {
    "start": 1415.17,
    "end": 1417.53,
    "speaker": "老师",
    "text": "接下来第三步计算，"
  },
  {
    "start": 1419.11,
    "end": 1422.01,
    "speaker": "老师",
    "text": "按shift键按二。"
  },
  {
    "start": 1422.01,
    "end": 1430.44,
    "speaker": "老师",
    "text": "事实上它选择的是SV这个功能选择一平均数功能，"
  },
  {
    "start": 1430.44,
    "end": 1431.5,
    "speaker": "老师",
    "text": "按等号键，"
  },
  {
    "start": 1431.5,
    "end": 1435.93,
    "speaker": "老师",
    "text": "那计算结果就是七十三点一六八，"
  },
  {
    "start": 1437.67,
    "end": 1440.7,
    "speaker": "老师",
    "text": "六七四七约等于七十三。"
  },
  {
    "start": 1441.76,
    "end": 1442.24,
    "speaker": "老师",
    "text": "好，"
  },
  {
    "start": 1442.24,
    "end": 1443.34,
    "speaker": "老师",
    "text": "同学们，"
  },
  {
    "start": 1443.34,
    "end": 1447.67,
    "speaker": "老师",
    "text": "那你们自己来试一试吧。"
  },
  {
    "start": 1447.79,
    "end": 1449.15,
    "speaker": "老师",
    "text": "加权平均数，"
  },
  {
    "start": 1449.15,
    "end": 1455.66,
    "speaker": "老师",
    "text": "在我们的生产和生活当中应用广泛，"
  },
  {
    "start": 1455.8,
    "end": 1458.36,
    "speaker": "老师",
    "text": "我们来看练习。"
  },
  {
    "start": 1458.36,
    "end": 1465.28,
    "speaker": "老师",
    "text": "一、在ABCD四块试验田进行水稻新品种种植实验，"
  },
  {
    "start": 1465.28,
    "end": 1473.54,
    "speaker": "老师",
    "text": "各块试验田的面积和所种水稻的单位产量如下表则。"
  },
  {
    "start": 1473.76,
    "end": 1476.81,
    "speaker": "老师",
    "text": "这四块试验田中，"
  },
  {
    "start": 1477.73,
    "end": 1481.07,
    "speaker": "老师",
    "text": "水稻的平均单位产量是多少？"
  },
  {
    "start": 1481.85,
    "end": 1483.63,
    "speaker": "老师",
    "text": "我们来看这个表，"
  },
  {
    "start": 1483.73,
    "end": 1489.61,
    "speaker": "老师",
    "text": "a块试验田单位产量是八千两百五十千克每公顷，"
  },
  {
    "start": 1489.61,
    "end": 1491.81,
    "speaker": "老师",
    "text": "它有面积四公顷。"
  },
  {
    "start": 1491.81,
    "end": 1499.98,
    "speaker": "老师",
    "text": "B试验田单位产量是七千八百七十五千克，"
  },
  {
    "start": 1499.98,
    "end": 1501.28,
    "speaker": "老师",
    "text": "每公顷，"
  },
  {
    "start": 1501.28,
    "end": 1502.86,
    "speaker": "老师",
    "text": "面积是三公顷。"
  },
  {
    "start": 1502.86,
    "end": 1510.96,
    "speaker": "老师",
    "text": "C试验田单位产量是七千一百二十五千克每公顷，"
  },
  {
    "start": 1511.06,
    "end": 1513.48,
    "speaker": "老师",
    "text": "面积是一公顷。"
  },
  {
    "start": 1513.48,
    "end": 1520.7,
    "speaker": "老师",
    "text": "低试验田单位产量是六千三百七十五千克每公顷，"
  },
  {
    "start": 1520.7,
    "end": 1522.8,
    "speaker": "老师",
    "text": "面积是两公顷。"
  },
  {
    "start": 1522.8,
    "end": 1544.65,
    "speaker": "老师",
    "text": "那么在这里，"
  },
  {
    "start": 1544.65,
    "end": 1547.26,
    "speaker": "老师",
    "text": "也就是说，"
  },
  {
    "start": 1547.32,
    "end": 1552.05,
    "speaker": "老师",
    "text": "八千两百五十出现了四次，"
  },
  {
    "start": 1552.05,
    "end": 1557.04,
    "speaker": "老师",
    "text": "七千八百七十五出现了三次，"
  },
  {
    "start": 1557.04,
    "end": 1581.8,
    "speaker": "老师",
    "text": "也就是说有四个八千两百五十，"
  },
  {
    "start": 1581.8,
    "end": 1588.13,
    "speaker": "老师",
    "text": "所以八千两百五十出现了四次，"
  },
  {
    "start": 1588.13,
    "end": 1590.03,
    "speaker": "老师",
    "text": "依次类推。"
  },
  {
    "start": 1590.15,
    "end": 1600.05,
    "speaker": "老师",
    "text": "七千八百七十五出现了三次七千一百二十五，"
  },
  {
    "start": 1601.11,
    "end": 1605.57,
    "speaker": "老师",
    "text": "出现一次六千三百七十五，"
  },
  {
    "start": 1605.63,
    "end": 1614.41,
    "speaker": "老师",
    "text": "出现两次数据是重复出现的。"
  },
  {
    "start": 1614.45,
    "end": 1619.95,
    "speaker": "老师",
    "text": "所以我们计算这四块试验田中，"
  },
  {
    "start": 1619.95,
    "end": 1628.57,
    "speaker": "老师",
    "text": "水稻的平均产量为x拔等于八千两百五十乘四，"
  },
  {
    "start": 1628.57,
    "end": 1632.4,
    "speaker": "老师",
    "text": "加上七千八百七十五乘三，"
  },
  {
    "start": 1632.4,
    "end": 1636.66,
    "speaker": "老师",
    "text": "加上七千一百二十五乘一，"
  },
  {
    "start": 1636.66,
    "end": 1644.31,
    "speaker": "老师",
    "text": "加上六千三百七十五乘二除以总面积，"
  },
  {
    "start": 1644.85,
    "end": 1660.11,
    "speaker": "老师",
    "text": "也可以说是数据的总个数四加三加一加二计算得出等于七千六百五十千克每公顷。"
  },
  {
    "start": 1660.19,
    "end": 1660.51,
    "speaker": "老师",
    "text": "答，"
  },
  {
    "start": 1660.51,
    "end": 1663.24,
    "speaker": "老师",
    "text": "这四块试验田中，"
  },
  {
    "start": 1663.24,
    "end": 1669.86,
    "speaker": "老师",
    "text": "水稻的平均单位产量是七千六百五十千克，"
  },
  {
    "start": 1669.86,
    "end": 1675.51,
    "speaker": "老师",
    "text": "每公顷数据的呈现形式是多样的。"
  },
  {
    "start": 1675.53,
    "end": 1680.52,
    "speaker": "老师",
    "text": "在这里数据以表格的形式呈现。"
  },
  {
    "start": 1680.54,
    "end": 1686.18,
    "speaker": "老师",
    "text": "我们看练习二它的数据呈现是以图的形式。"
  },
  {
    "start": 1686.42,
    "end": 1688.68,
    "speaker": "老师",
    "text": "我们来看一下，"
  },
  {
    "start": 1688.7,
    "end": 1691.93,
    "speaker": "老师",
    "text": "为了绿化环境，"
  },
  {
    "start": 1691.93,
    "end": 1695.13,
    "speaker": "老师",
    "text": "柳荫街引进一批法国梧桐。"
  },
  {
    "start": 1695.13,
    "end": 1700.21,
    "speaker": "老师",
    "text": "三年后这些树的树干的周长情况。"
  },
  {
    "start": 1700.21,
    "end": 1703.35,
    "speaker": "老师",
    "text": "如图所示，"
  },
  {
    "start": 1703.35,
    "end": 1709.27,
    "speaker": "老师",
    "text": "计算这批法国梧桐树干的平均周长，"
  },
  {
    "start": 1709.27,
    "end": 1712.22,
    "speaker": "老师",
    "text": "结果取整数。"
  },
  {
    "start": 1712.3,
    "end": 1717.9,
    "speaker": "老师",
    "text": "请同学们思考该数据描述是哪一种图呢？"
  },
  {
    "start": 1717.92,
    "end": 1722.8,
    "speaker": "老师",
    "text": "从这张图中你能得到哪些信息？"
  },
  {
    "start": 1722.88,
    "end": 1729.16,
    "speaker": "老师",
    "text": "你能把它用平数分布表表示出来吗？"
  },
  {
    "start": 1729.46,
    "end": 1731.83,
    "speaker": "老师",
    "text": "对了，"
  },
  {
    "start": 1731.83,
    "end": 1736.22,
    "speaker": "老师",
    "text": "它是平竖分布直方图，"
  },
  {
    "start": 1736.22,
    "end": 1739.98,
    "speaker": "老师",
    "text": "横轴代表的是周长，"
  },
  {
    "start": 1740.0,
    "end": 1742.18,
    "speaker": "老师",
    "text": "纵轴代表的是平竖，"
  },
  {
    "start": 1742.18,
    "end": 1744.75,
    "speaker": "老师",
    "text": "也就是竖的棵数。"
  },
  {
    "start": 1744.75,
    "end": 1746.69,
    "speaker": "老师",
    "text": "从横轴上来看，"
  },
  {
    "start": 1746.69,
    "end": 1755.5,
    "speaker": "老师",
    "text": "第一个小长方形代表的是周长在四十与五十之间，"
  },
  {
    "start": 1755.5,
    "end": 1758.76,
    "speaker": "老师",
    "text": "梧桐树的平数可以发现是八，"
  },
  {
    "start": 1758.76,
    "end": 1767.65,
    "speaker": "老师",
    "text": "也就是说有八棵梧桐树，"
  },
  {
    "start": 1767.65,
    "end": 1772.08,
    "speaker": "老师",
    "text": "它的周长在四十与五十之间，"
  },
  {
    "start": 1772.1,
    "end": 1773.44,
    "speaker": "老师",
    "text": "以此类推，"
  },
  {
    "start": 1773.44,
    "end": 1777.28,
    "speaker": "老师",
    "text": "我们可以找出有十二棵树，"
  },
  {
    "start": 1777.36,
    "end": 1784.4,
    "speaker": "老师",
    "text": "它的周长在五十与六十之间，"
  },
  {
    "start": 1784.4,
    "end": 1789.31,
    "speaker": "老师",
    "text": "有十四棵树周长在六十与七十之间，"
  },
  {
    "start": 1789.31,
    "end": 1790.75,
    "speaker": "老师",
    "text": "有十棵树，"
  },
  {
    "start": 1790.77,
    "end": 1795.01,
    "speaker": "老师",
    "text": "周长在七十与八十之间，"
  },
  {
    "start": 1795.05,
    "end": 1800.17,
    "speaker": "老师",
    "text": "有六棵树在八十与九十之间。"
  },
  {
    "start": 1800.17,
    "end": 1807.04,
    "speaker": "老师",
    "text": "这样的话我们就可以把它用平数分布表表示出来。"
  },
  {
    "start": 1807.04,
    "end": 1811.79,
    "speaker": "老师",
    "text": "那这个表是不是很熟悉呢？"
  },
  {
    "start": 1811.79,
    "end": 1817.8,
    "speaker": "老师",
    "text": "我们会发现跟前面问题当中数据是一样，"
  },
  {
    "start": 1818.12,
    "end": 1822.19,
    "speaker": "老师",
    "text": "以分组的形式出现，"
  },
  {
    "start": 1822.19,
    "end": 1825.36,
    "speaker": "老师",
    "text": "并且每一组都重复出现。"
  },
  {
    "start": 1825.36,
    "end": 1827.68,
    "speaker": "老师",
    "text": "当出现分组数据时，"
  },
  {
    "start": 1827.72,
    "end": 1839.07,
    "speaker": "老师",
    "text": "我们需要计算组中值用组中值来代替每一组数的实际数据。"
  },
  {
    "start": 1839.07,
    "end": 1864.45,
    "speaker": "老师",
    "text": "根据左图可以得到各小组的组宗值分别为四十五、五十五、六十五、七十五、八十五则平均周长x拔等于主中值四十五乘上相应的频数八，"
  },
  {
    "start": 1864.71,
    "end": 1867.41,
    "speaker": "老师",
    "text": "加上五十五乘上十二，"
  },
  {
    "start": 1867.41,
    "end": 1919.19,
    "speaker": "老师",
    "text": "加上六十五乘上十四，"
  },
  {
    "start": 1919.19,
    "end": 1921.67,
    "speaker": "老师",
    "text": "加上七十五乘上十，"
  },
  {
    "start": 1921.83,
    "end": 1923.74,
    "speaker": "老师",
    "text": "加上八十五乘上六除以树木的总棵树，"
  },
  {
    "start": 1923.39,
    "end": 1923.74,
    "speaker": "老师",
    "text": "八加十二加十四加十加六计算得出约等于六十四厘米。"
  },
  {
    "start": 1923.39,
    "end": 1923.74,
    "speaker": "老师",
    "text": "所以这批梧桐树树干的平均周长是六十四厘米。"
  },
  {
    "start": 1923.39,
    "end": 1923.74,
    "speaker": "老师",
    "text": "我们小结一下，"
  },
  {
    "start": 1923.39,
    "end": 1923.74,
    "speaker": "老师",
    "text": "今天这堂课我们探究了哪些内容。"
  },
  {
    "start": 1923.39,
    "end": 1923.74,
    "speaker": "老师",
    "text": "第一，"
  },
  {
    "start": 1923.39,
    "end": 1923.74,
    "speaker": "老师",
    "text": "我们学习了加权平均数的另外一种形式，"
  },
  {
    "start": 1923.39,
    "end": 1923.74,
    "speaker": "老师",
    "text": "这样的话加权平均数就有了两种形式。"
  },
  {
    "start": 1923.39,
    "end": 1923.74,
    "speaker": "老师",
    "text": "第二，"
  },
  {
    "start": 1923.39,
    "end": 1923.74,
    "speaker": "老师",
    "text": "加权平均数适用的数据特征，"
  },
  {
    "start": 1923.39,
    "end": 1923.74,
    "speaker": "老师",
    "text": "一种情况是数据成比例，"
  },
  {
    "start": 1923.39,
    "end": 1923.74,
    "speaker": "老师",
    "text": "另一种情况是数据重复出现。"
  },
  {
    "start": 1923.39,
    "end": 1923.74,
    "speaker": "老师",
    "text": "三、什么时候需要计算主终值呢？"
  },
  {
    "start": 1923.39,
    "end": 1923.74,
    "speaker": "老师",
    "text": "当数据以分组的形式出现的时候，"
  },
  {
    "start": 1923.39,
    "end": 1923.74,
    "speaker": "老师",
    "text": "我们需要计算组中值用它来代表该小组的实际数据反思，"
  },
  {
    "start": 1923.39,
    "end": 1923.74,
    "speaker": "老师",
    "text": "有助于提高我们的数学思维水平。"
  },
  {
    "start": 1923.39,
    "end": 1923.74,
    "speaker": "老师",
    "text": "那么今天我们学习了哪些内容呢？"
  },
  {
    "start": 1923.39,
    "end": 1923.74,
    "speaker": "老师",
    "text": "我们学习了加权平均数的另外一种形式，"
  },
  {
    "start": 1923.39,
    "end": 1923.74,
    "speaker": "老师",
    "text": "并且我们还学习了主宗值和主宗值的权。"
  },
  {
    "start": 1923.39,
    "end": 1923.74,
    "speaker": "老师",
    "text": "今天我们还有什么发现呢？"
  },
  {
    "start": 1923.39,
    "end": 1923.74,
    "speaker": "老师",
    "text": "我们发现数据的呈现形式是多样的，"
  },
  {
    "start": 1923.39,
    "end": 1923.74,
    "speaker": "老师",
    "text": "可以是文字的描述，"
  },
  {
    "start": 1923.39,
    "end": 1923.74,
    "speaker": "老师",
    "text": "也可以是表格，"
  },
  {
    "start": 1923.39,
    "end": 1923.74,
    "speaker": "老师",
    "text": "也可以是图。"
  },
  {
    "start": 1923.39,
    "end": 1923.74,
    "speaker": "老师",
    "text": "今天我们还有什么质疑呢？"
  },
  {
    "start": 1923.39,
    "end": 1923.74,
    "speaker": "老师",
    "text": "最后，"
  },
  {
    "start": 1923.39,
    "end": 1923.74,
    "speaker": "老师",
    "text": "请同学们完成以下两项作业。"
  },
  {
    "start": 1923.39,
    "end": 1923.74,
    "speaker": "老师",
    "text": "第一课本第一百一十五页练习第一题，"
  },
  {
    "start": 1923.39,
    "end": 1923.74,
    "speaker": "老师",
    "text": "第一百二十一页，"
  },
  {
    "start": 1923.39,
    "end": 1923.74,
    "speaker": "老师",
    "text": "习题二十点一，"
  },
  {
    "start": 1923.39,
    "end": 1923.74,
    "speaker": "老师",
    "text": "第一三六题。"
  },
  {
    "start": 1923.39,
    "end": 1923.74,
    "speaker": "老师",
    "text": "第二举例，"
  },
  {
    "start": 1923.39,
    "end": 1923.74,
    "speaker": "老师",
    "text": "说说加权平均数在实际问题中的应用，"
  },
  {
    "start": 1923.39,
    "end": 1923.74,
    "speaker": "老师",
    "text": "那么本节课到这里就结束了。"
  },
  {
    "start": 1923.39,
    "end": 1923.74,
    "speaker": "老师",
    "text": "同学们，"
  },
  {
    "start": 1923.39,
    "end": 1923.74,
    "speaker": "老师",
    "text": "我们下次课再见吧。"
  }
]