[
  {
    "start": 9.17,
    "end": 10.25,
    "speaker": "老师",
    "text": "同学们好，"
  },
  {
    "start": 10.25,
    "end": 15.26,
    "speaker": "老师",
    "text": "我是南昌三中青浦校区夏志刚老师。"
  },
  {
    "start": 15.26,
    "end": 20.91,
    "speaker": "老师",
    "text": "前段时间我们已经系统学习了有关于一次函数的相关知识。"
  },
  {
    "start": 20.91,
    "end": 27.44,
    "speaker": "老师",
    "text": "那么后面两节课由我带领大家进行小结语复习，"
  },
  {
    "start": 27.44,
    "end": 32.23,
    "speaker": "老师",
    "text": "我们先对本章知识进行一个梳理，"
  },
  {
    "start": 32.23,
    "end": 34.6,
    "speaker": "老师",
    "text": "本章学习。"
  },
  {
    "start": 34.6,
    "end": 45.58,
    "speaker": "老师",
    "text": "一函数一函数是由函数一次函数选择方案三部分构成，"
  },
  {
    "start": 45.92,
    "end": 56.82,
    "speaker": "老师",
    "text": "而函数则由变量常量及函数的定义函数图像函数表示方法构成函数图像的意义。"
  },
  {
    "start": 56.82,
    "end": 60.74,
    "speaker": "老师",
    "text": "当我们给出一个函数图像的时候，"
  },
  {
    "start": 60.84,
    "end": 64.66,
    "speaker": "老师",
    "text": "我们要知道横纵坐标所表示的意义。"
  },
  {
    "start": 64.66,
    "end": 72.88,
    "speaker": "老师",
    "text": "并且知道函数图像的做法有三步，"
  },
  {
    "start": 72.88,
    "end": 75.67,
    "speaker": "老师",
    "text": "分别是列表描点连线，"
  },
  {
    "start": 76.7,
    "end": 82.02,
    "speaker": "老师",
    "text": "而函数的表示方法也有三种，"
  },
  {
    "start": 83.66,
    "end": 90.83,
    "speaker": "老师",
    "text": "分别是这些司法列表法、图像法对这些知识，"
  },
  {
    "start": 90.83,
    "end": 94.13,
    "speaker": "老师",
    "text": "同学们应该逐一熟悉。"
  },
  {
    "start": 94.13,
    "end": 97.14,
    "speaker": "老师",
    "text": "学习一次函数的时候，"
  },
  {
    "start": 98.2,
    "end": 101.24,
    "speaker": "老师",
    "text": "我们要知道一函数的定义，"
  },
  {
    "start": 101.3,
    "end": 109.18,
    "speaker": "老师",
    "text": "图像及其性质特别是一种特殊的一次函数、正比例函数，"
  },
  {
    "start": 109.32,
    "end": 113.66,
    "speaker": "老师",
    "text": "它与一次函数的连续区别，"
  },
  {
    "start": 113.66,
    "end": 119.44,
    "speaker": "老师",
    "text": "学会用待定系数法、求函数解析式，"
  },
  {
    "start": 119.44,
    "end": 129.27,
    "speaker": "老师",
    "text": "并且用竖形结合的姿势求方程的解，"
  },
  {
    "start": 129.35,
    "end": 133.35,
    "speaker": "老师",
    "text": "方程组的解及不等式的解集。"
  },
  {
    "start": 133.35,
    "end": 137.03,
    "speaker": "老师",
    "text": "下面呢我们看一个习题，"
  },
  {
    "start": 137.03,
    "end": 140.78,
    "speaker": "老师",
    "text": "若球体的体积为v半径为r,"
  },
  {
    "start": 141.96,
    "end": 156.96,
    "speaker": "老师",
    "text": "则v等于三分之四派r的立方。"
  },
  {
    "start": 156.96,
    "end": 159.88,
    "speaker": "老师",
    "text": "其中变量是哪一些？"
  },
  {
    "start": 159.88,
    "end": 161.42,
    "speaker": "老师",
    "text": "常量是哪一些？"
  },
  {
    "start": 161.42,
    "end": 164.2,
    "speaker": "老师",
    "text": "同学们思考一下，"
  },
  {
    "start": 164.2,
    "end": 169.32,
    "speaker": "老师",
    "text": "对很多同学已经做出来了。"
  },
  {
    "start": 169.36,
    "end": 179.47,
    "speaker": "老师",
    "text": "通过分析我们发现球体的体积v随着r变化而变化，"
  },
  {
    "start": 179.47,
    "end": 185.18,
    "speaker": "老师",
    "text": "因此我们变量则为v于r,"
  },
  {
    "start": 185.18,
    "end": 189.28,
    "speaker": "老师",
    "text": "而常量则为三分之四派。"
  },
  {
    "start": 190.39,
    "end": 192.69,
    "speaker": "老师",
    "text": "这里问一下同学，"
  },
  {
    "start": 192.69,
    "end": 194.27,
    "speaker": "老师",
    "text": "好的三次方，"
  },
  {
    "start": 194.27,
    "end": 198.64,
    "speaker": "老师",
    "text": "这个三是不是常亮呢？"
  },
  {
    "start": 198.64,
    "end": 205.31,
    "speaker": "老师",
    "text": "对他不是这个三表示三个r相乘是表示一种运算，"
  },
  {
    "start": 208.99,
    "end": 212.56,
    "speaker": "老师",
    "text": "所以常量只有三分之四派。"
  },
  {
    "start": 212.56,
    "end": 213.5,
    "speaker": "老师",
    "text": "事实上，"
  },
  {
    "start": 213.5,
    "end": 219.07,
    "speaker": "老师",
    "text": "数值发生变化的量叫做变量，"
  },
  {
    "start": 220.71,
    "end": 225.55,
    "speaker": "老师",
    "text": "而数值始终不变的量则为常量。"
  },
  {
    "start": 225.75,
    "end": 227.55,
    "speaker": "老师",
    "text": "同学们做对了吗？"
  },
  {
    "start": 227.55,
    "end": 229.23,
    "speaker": "老师",
    "text": "好，"
  },
  {
    "start": 229.23,
    "end": 233.11,
    "speaker": "老师",
    "text": "下面我们看第二个题目，"
  },
  {
    "start": 233.23,
    "end": 237.35,
    "speaker": "老师",
    "text": "下列关于变量XY的关系式。"
  },
  {
    "start": 237.35,
    "end": 241.24,
    "speaker": "老师",
    "text": "第一个y等于二x加三，"
  },
  {
    "start": 241.3,
    "end": 245.95,
    "speaker": "老师",
    "text": "第二个y等于x平方减x减二，"
  },
  {
    "start": 245.95,
    "end": 249.51,
    "speaker": "老师",
    "text": "第三个y等于根号x加一，"
  },
  {
    "start": 250.17,
    "end": 252.25,
    "speaker": "老师",
    "text": "加上一减x分之一。"
  },
  {
    "start": 260.47,
    "end": 269.78,
    "speaker": "老师",
    "text": "第四个y等于正负根号x其中表示y是x的函数，"
  },
  {
    "start": 269.8,
    "end": 271.62,
    "speaker": "老师",
    "text": "关系式是哪一些？"
  },
  {
    "start": 272.26,
    "end": 274.06,
    "speaker": "老师",
    "text": "同学们思考一下，"
  },
  {
    "start": 274.06,
    "end": 275.14,
    "speaker": "老师",
    "text": "做此类题，"
  },
  {
    "start": 275.72,
    "end": 278.5,
    "speaker": "老师",
    "text": "我们应该用什么方法加以解决？"
  },
  {
    "start": 279.26,
    "end": 279.62,
    "speaker": "老师",
    "text": "对，"
  },
  {
    "start": 279.62,
    "end": 283.14,
    "speaker": "老师",
    "text": "我们应该是用函数的定义。"
  },
  {
    "start": 283.14,
    "end": 286.71,
    "speaker": "老师",
    "text": "在一个变化过程中，"
  },
  {
    "start": 287.43,
    "end": 293.14,
    "speaker": "老师",
    "text": "如果有两个变量x以y并且对于x的每一个确定的值，"
  },
  {
    "start": 294.14,
    "end": 297.82,
    "speaker": "老师",
    "text": "y都有唯一确定的值与它相对应。"
  },
  {
    "start": 297.92,
    "end": 305.41,
    "speaker": "老师",
    "text": "那么我们就说x自变量y是x的函数，"
  },
  {
    "start": 305.41,
    "end": 306.75,
    "speaker": "老师",
    "text": "这里说的很清楚，"
  },
  {
    "start": 306.75,
    "end": 310.09,
    "speaker": "老师",
    "text": "对x取的每一个确定的值，"
  },
  {
    "start": 310.09,
    "end": 314.74,
    "speaker": "老师",
    "text": "y都有唯一确定的值来相对应。"
  },
  {
    "start": 314.74,
    "end": 323.27,
    "speaker": "老师",
    "text": "下面我们看一看这四个关系式哪些符合函数的定义。"
  },
  {
    "start": 323.39,
    "end": 325.91,
    "speaker": "老师",
    "text": "我们看第一个，"
  },
  {
    "start": 325.93,
    "end": 333.92,
    "speaker": "老师",
    "text": "我们在自变量范围里面取一些值来试一下。"
  },
  {
    "start": 333.92,
    "end": 336.27,
    "speaker": "老师",
    "text": "当x等于一的时候，"
  },
  {
    "start": 336.27,
    "end": 342.38,
    "speaker": "老师",
    "text": "y有韦得五与它相对应当x等于二的时候，"
  },
  {
    "start": 342.38,
    "end": 344.78,
    "speaker": "老师",
    "text": "y有唯一的g与它相对应。"
  },
  {
    "start": 344.78,
    "end": 350.74,
    "speaker": "老师",
    "text": "因此第一个符合函数的定义，"
  },
  {
    "start": 350.8,
    "end": 353.38,
    "speaker": "老师",
    "text": "所以第一个是函数。"
  },
  {
    "start": 353.4,
    "end": 354.04,
    "speaker": "老师",
    "text": "喂，"
  },
  {
    "start": 354.04,
    "end": 362.06,
    "speaker": "老师",
    "text": "第二个我们看清楚仍能举出一些例子。"
  },
  {
    "start": 362.1,
    "end": 364.88,
    "speaker": "老师",
    "text": "当x等于零的时候，"
  },
  {
    "start": 364.94,
    "end": 373.94,
    "speaker": "老师",
    "text": "y有唯一的值负二与它相对应当n是等于一的时候，"
  },
  {
    "start": 375.19,
    "end": 382.8,
    "speaker": "老师",
    "text": "y有唯一的值与它相对应y的值为负二。"
  },
  {
    "start": 382.82,
    "end": 388.04,
    "speaker": "老师",
    "text": "因此我们也发现它也符合函数的定义。"
  },
  {
    "start": 388.04,
    "end": 390.59,
    "speaker": "老师",
    "text": "第三个，"
  },
  {
    "start": 390.59,
    "end": 395.31,
    "speaker": "老师",
    "text": "同学们发现这个关系式较为复杂，"
  },
  {
    "start": 395.31,
    "end": 398.69,
    "speaker": "老师",
    "text": "里面有根式及分式。"
  },
  {
    "start": 398.69,
    "end": 403.46,
    "speaker": "老师",
    "text": "那么我们其实同样的道理，"
  },
  {
    "start": 403.46,
    "end": 406.71,
    "speaker": "老师",
    "text": "用函数定义加以识别。"
  },
  {
    "start": 406.71,
    "end": 409.73,
    "speaker": "老师",
    "text": "当x等于零的时候，"
  },
  {
    "start": 410.53,
    "end": 415.25,
    "speaker": "老师",
    "text": "y等于啊是唯一的值与x相对，"
  },
  {
    "start": 415.51,
    "end": 418.29,
    "speaker": "老师",
    "text": "应当x等于二的时候，"
  },
  {
    "start": 418.51,
    "end": 420.55,
    "speaker": "老师",
    "text": "y等于根号三减一。"
  },
  {
    "start": 421.32,
    "end": 424.0,
    "speaker": "老师",
    "text": "它是个无理数，"
  },
  {
    "start": 424.08,
    "end": 429.72,
    "speaker": "老师",
    "text": "但它也是唯一的与x等于r相对应。"
  },
  {
    "start": 429.72,
    "end": 433.16,
    "speaker": "老师",
    "text": "因此第三个式子也是函数。"
  },
  {
    "start": 433.18,
    "end": 438.92,
    "speaker": "老师",
    "text": "同学们再看一下第四个，"
  },
  {
    "start": 438.92,
    "end": 446.79,
    "speaker": "老师",
    "text": "当x等于一的时候，"
  },
  {
    "start": 446.79,
    "end": 449.05,
    "speaker": "老师",
    "text": "y等于正负一只，"
  },
  {
    "start": 449.07,
    "end": 453.23,
    "speaker": "老师",
    "text": "是我们发现它并不是唯一的，"
  },
  {
    "start": 453.23,
    "end": 455.96,
    "speaker": "老师",
    "text": "y与x等于一相对应。"
  },
  {
    "start": 456.18,
    "end": 461.12,
    "speaker": "老师",
    "text": "因此第四个是不是函数呢？"
  },
  {
    "start": 461.3,
    "end": 464.32,
    "speaker": "老师",
    "text": "对它不是不符合函数定义。"
  },
  {
    "start": 464.32,
    "end": 464.68,
    "speaker": "老师",
    "text": "对，"
  },
  {
    "start": 466.12,
    "end": 471.26,
    "speaker": "老师",
    "text": "事实上判定一个关系式是否是函数，"
  },
  {
    "start": 471.26,
    "end": 474.84,
    "speaker": "老师",
    "text": "我们就是凭借函数定义来识别。"
  },
  {
    "start": 475.1,
    "end": 478.54,
    "speaker": "老师",
    "text": "因此我们的答案是一二三。"
  },
  {
    "start": 478.54,
    "end": 484.74,
    "speaker": "老师",
    "text": "同学们是否观察到老师刚才在取x的值的时候，"
  },
  {
    "start": 485.34,
    "end": 490.26,
    "speaker": "老师",
    "text": "都是在自变量的取值范围里面。"
  },
  {
    "start": 490.26,
    "end": 506.84,
    "speaker": "老师",
    "text": "因此下面我们来考察一下这些函数，"
  },
  {
    "start": 506.84,
    "end": 512.26,
    "speaker": "老师",
    "text": "它自变量的取值范围是哪一些。"
  },
  {
    "start": 512.26,
    "end": 514.96,
    "speaker": "老师",
    "text": "我们看到第二个，"
  },
  {
    "start": 515.0,
    "end": 527.72,
    "speaker": "老师",
    "text": "那么现在我们看一下这几个函数中自变量的取值范围是哪一些。"
  },
  {
    "start": 527.72,
    "end": 533.06,
    "speaker": "老师",
    "text": "第一个y等于x平方减x减二，"
  },
  {
    "start": 533.14,
    "end": 537.22,
    "speaker": "老师",
    "text": "y等于根号x加一加上一减x分之一，"
  },
  {
    "start": 537.22,
    "end": 545.52,
    "speaker": "老师",
    "text": "y等于x减四分之根号三减x同学们先思考一下。"
  },
  {
    "start": 545.52,
    "end": 546.02,
    "speaker": "老师",
    "text": "好，"
  },
  {
    "start": 548.16,
    "end": 550.46,
    "speaker": "老师",
    "text": "下面我们一起来做这些题。"
  },
  {
    "start": 550.46,
    "end": 551.98,
    "speaker": "老师",
    "text": "第一个，"
  },
  {
    "start": 551.98,
    "end": 557.66,
    "speaker": "老师",
    "text": "我们从函数关系式中发现x有没有限制，"
  },
  {
    "start": 557.66,
    "end": 557.94,
    "speaker": "老师",
    "text": "对，"
  },
  {
    "start": 557.94,
    "end": 559.32,
    "speaker": "老师",
    "text": "没有，"
  },
  {
    "start": 559.44,
    "end": 563.38,
    "speaker": "老师",
    "text": "因此x的取值范围为全体实数。"
  },
  {
    "start": 563.38,
    "end": 565.22,
    "speaker": "老师",
    "text": "第二个，"
  },
  {
    "start": 565.56,
    "end": 569.84,
    "speaker": "老师",
    "text": "由于被开方数是一个非负数，"
  },
  {
    "start": 570.2,
    "end": 573.48,
    "speaker": "老师",
    "text": "且分式中分母不为零，"
  },
  {
    "start": 573.48,
    "end": 582.48,
    "speaker": "老师",
    "text": "因此我们可以构成一个不等式组。"
  },
  {
    "start": 582.48,
    "end": 586.49,
    "speaker": "老师",
    "text": "基于这个不等式组，"
  },
  {
    "start": 586.49,
    "end": 591.9,
    "speaker": "老师",
    "text": "我们发现它的解为x大于等于负一，"
  },
  {
    "start": 592.06,
    "end": 594.21,
    "speaker": "老师",
    "text": "x不等于一。"
  },
  {
    "start": 594.21,
    "end": 599.1,
    "speaker": "老师",
    "text": "我们用数轴把它的解集表示出来。"
  },
  {
    "start": 599.1,
    "end": 607.81,
    "speaker": "老师",
    "text": "我们发现此时这个不等于一这个一在x大于等于负一内。"
  },
  {
    "start": 607.81,
    "end": 608.57,
    "speaker": "老师",
    "text": "因此，"
  },
  {
    "start": 609.44,
    "end": 611.82,
    "speaker": "老师",
    "text": "我们必须怎么样对，"
  },
  {
    "start": 612.0,
    "end": 614.08,
    "speaker": "老师",
    "text": "我们必须把它删除掉。"
  },
  {
    "start": 614.08,
    "end": 621.54,
    "speaker": "老师",
    "text": "所以这个函数质变取值范围为x大于等于负一，"
  },
  {
    "start": 621.54,
    "end": 628.17,
    "speaker": "老师",
    "text": "且x不等于一好。"
  },
  {
    "start": 628.17,
    "end": 634.23,
    "speaker": "老师",
    "text": "同学们再看到第三个函数关系式，"
  },
  {
    "start": 634.47,
    "end": 638.47,
    "speaker": "老师",
    "text": "我们发现他也需被开方数，"
  },
  {
    "start": 638.47,
    "end": 640.21,
    "speaker": "老师",
    "text": "是一个非负数，"
  },
  {
    "start": 640.27,
    "end": 643.17,
    "speaker": "老师",
    "text": "分式中分母不为零。"
  },
  {
    "start": 643.17,
    "end": 649.73,
    "speaker": "老师",
    "text": "我们通破解不等式组得到x小于等于三，"
  },
  {
    "start": 651.0,
    "end": 653.78,
    "speaker": "老师",
    "text": "而不是不等于四。"
  },
  {
    "start": 653.78,
    "end": 659.8,
    "speaker": "老师",
    "text": "同样我们用数轴把它的解集表示出来。"
  },
  {
    "start": 660.16,
    "end": 668.71,
    "speaker": "老师",
    "text": "此时我们发现四这个数字并没有在x小于等于三的范围以内，"
  },
  {
    "start": 668.71,
    "end": 681.35,
    "speaker": "老师",
    "text": "其实已经排除了。"
  },
  {
    "start": 681.35,
    "end": 682.21,
    "speaker": "老师",
    "text": "因此，"
  },
  {
    "start": 682.21,
    "end": 687.07,
    "speaker": "老师",
    "text": "x取值范围为x小于等于三。"
  },
  {
    "start": 687.33,
    "end": 692.29,
    "speaker": "老师",
    "text": "所以同学们看一下二和三这两道题，"
  },
  {
    "start": 692.89,
    "end": 696.81,
    "speaker": "老师",
    "text": "我们第一种形式，"
  },
  {
    "start": 696.83,
    "end": 699.07,
    "speaker": "老师",
    "text": "我们发现在范围以内，"
  },
  {
    "start": 699.53,
    "end": 709.29,
    "speaker": "老师",
    "text": "那么这个值我们必须删除掉。"
  },
  {
    "start": 709.29,
    "end": 711.61,
    "speaker": "老师",
    "text": "而我们已经排除了，"
  },
  {
    "start": 711.61,
    "end": 714.92,
    "speaker": "老师",
    "text": "则后面直接写它的解集。"
  },
  {
    "start": 714.92,
    "end": 721.2,
    "speaker": "老师",
    "text": "我们看后面一个三如图所示，"
  },
  {
    "start": 721.2,
    "end": 726.98,
    "speaker": "老师",
    "text": "已知等腰三角形周长为二十。"
  },
  {
    "start": 726.98,
    "end": 728.82,
    "speaker": "老师",
    "text": "第一问，"
  },
  {
    "start": 728.82,
    "end": 734.76,
    "speaker": "老师",
    "text": "写出底边长y关于腰长x的函数解析式。"
  },
  {
    "start": 735.1,
    "end": 735.9,
    "speaker": "老师",
    "text": "第二，"
  },
  {
    "start": 736.26,
    "end": 736.72,
    "speaker": "老师",
    "text": "问，"
  },
  {
    "start": 737.12,
    "end": 740.87,
    "speaker": "老师",
    "text": "写出自变量的取值范围。"
  },
  {
    "start": 740.95,
    "end": 742.63,
    "speaker": "老师",
    "text": "同学们思考一下，"
  },
  {
    "start": 742.63,
    "end": 747.25,
    "speaker": "老师",
    "text": "对很多同学已经做出来了。"
  },
  {
    "start": 747.25,
    "end": 751.94,
    "speaker": "老师",
    "text": "由于三角形的周长等于三边之和，"
  },
  {
    "start": 751.94,
    "end": 759.02,
    "speaker": "老师",
    "text": "所以我们知道y加二x等于二十，"
  },
  {
    "start": 760.03,
    "end": 766.51,
    "speaker": "老师",
    "text": "因此y关于腰长x的函数关系式为y等于负二x加二十。"
  },
  {
    "start": 766.51,
    "end": 767.19,
    "speaker": "老师",
    "text": "好，"
  },
  {
    "start": 767.29,
    "end": 770.93,
    "speaker": "老师",
    "text": "第二个写出自变量的取值范围。"
  },
  {
    "start": 770.97,
    "end": 780.32,
    "speaker": "老师",
    "text": "那么自变量的取值范围它是否是全体实数呢？"
  },
  {
    "start": 780.42,
    "end": 780.82,
    "speaker": "老师",
    "text": "对，"
  },
  {
    "start": 780.82,
    "end": 782.21,
    "speaker": "老师",
    "text": "事实上，"
  },
  {
    "start": 784.1,
    "end": 789.62,
    "speaker": "老师",
    "text": "它不是由于自变量x及函数之y,"
  },
  {
    "start": 789.62,
    "end": 792.44,
    "speaker": "老师",
    "text": "它都是三角形边长。"
  },
  {
    "start": 792.44,
    "end": 793.64,
    "speaker": "老师",
    "text": "因此，"
  },
  {
    "start": 793.64,
    "end": 796.74,
    "speaker": "老师",
    "text": "我们考虑到在三角形中，"
  },
  {
    "start": 797.7,
    "end": 800.5,
    "speaker": "老师",
    "text": "各边长必须大于零，"
  },
  {
    "start": 800.5,
    "end": 811.28,
    "speaker": "老师",
    "text": "且三角形一个非常重要的性质，"
  },
  {
    "start": 811.28,
    "end": 815.93,
    "speaker": "老师",
    "text": "三角形两边之和大于第三边。"
  },
  {
    "start": 815.93,
    "end": 819.43,
    "speaker": "老师",
    "text": "所以我们列出不等数组，"
  },
  {
    "start": 819.49,
    "end": 821.27,
    "speaker": "老师",
    "text": "而是大于零，"
  },
  {
    "start": 821.47,
    "end": 823.05,
    "speaker": "老师",
    "text": "腰大于零二负二，"
  },
  {
    "start": 823.05,
    "end": 827.03,
    "speaker": "老师",
    "text": "x加二十大于零底大于底，"
  },
  {
    "start": 827.13,
    "end": 830.28,
    "speaker": "老师",
    "text": "两边之和大于第三边，"
  },
  {
    "start": 830.28,
    "end": 832.74,
    "speaker": "老师",
    "text": "构成一个不等式组。"
  },
  {
    "start": 832.74,
    "end": 838.97,
    "speaker": "老师",
    "text": "通过我们初一学习的解不等式组的方法，"
  },
  {
    "start": 839.67,
    "end": 845.3,
    "speaker": "老师",
    "text": "我们发现它的解集为x大于五小于十。"
  },
  {
    "start": 845.3,
    "end": 853.23,
    "speaker": "老师",
    "text": "所以质变量取值范围为x大于五小于十。"
  },
  {
    "start": 853.73,
    "end": 856.67,
    "speaker": "老师",
    "text": "同学们听懂了吗？"
  },
  {
    "start": 856.73,
    "end": 857.6,
    "speaker": "老师",
    "text": "因此，"
  },
  {
    "start": 860.04,
    "end": 864.2,
    "speaker": "老师",
    "text": "质变量的取值范围我们从两方面考虑，"
  },
  {
    "start": 864.26,
    "end": 870.49,
    "speaker": "老师",
    "text": "一是在函数解析式中它有意义。"
  },
  {
    "start": 870.67,
    "end": 875.23,
    "speaker": "老师",
    "text": "二、在实际问题中也必须有意义。"
  },
  {
    "start": 875.31,
    "end": 875.79,
    "speaker": "老师",
    "text": "好，"
  },
  {
    "start": 875.79,
    "end": 883.05,
    "speaker": "老师",
    "text": "我们看到第二个知识点函数的图像，"
  },
  {
    "start": 883.05,
    "end": 887.79,
    "speaker": "老师",
    "text": "我们先给出函数图像的定义。"
  },
  {
    "start": 887.83,
    "end": 889.76,
    "speaker": "老师",
    "text": "对一个函数，"
  },
  {
    "start": 890.59,
    "end": 899.63,
    "speaker": "老师",
    "text": "如果把自变量与函数的每对对应的值分别作为点的横坐标和纵坐标。"
  },
  {
    "start": 899.63,
    "end": 908.86,
    "speaker": "老师",
    "text": "那么在平面直角坐标系内这些点组成的图形就是这个函数图像。"
  },
  {
    "start": 908.86,
    "end": 921.36,
    "speaker": "老师",
    "text": "而函数图像的定义其实也把画一个函数图像的步骤说出来了。"
  },
  {
    "start": 921.36,
    "end": 924.0,
    "speaker": "老师",
    "text": "分别是列表描点连线。"
  },
  {
    "start": 924.0,
    "end": 943.95,
    "speaker": "老师",
    "text": "我们取部分自变量及相应的函数值进行列表，"
  },
  {
    "start": 944.79,
    "end": 952.07,
    "speaker": "老师",
    "text": "把自变量及其相应的函数值作为点的横纵坐标进行描点，"
  },
  {
    "start": 952.07,
    "end": 960.54,
    "speaker": "老师",
    "text": "再用平滑的曲线把描的点从左至右连接起来，"
  },
  {
    "start": 960.72,
    "end": 963.44,
    "speaker": "老师",
    "text": "构成了函数图像。"
  },
  {
    "start": 963.48,
    "end": 967.78,
    "speaker": "老师",
    "text": "因此画图像的步骤三步。"
  },
  {
    "start": 967.78,
    "end": 970.92,
    "speaker": "老师",
    "text": "下面我们来体会一下，"
  },
  {
    "start": 970.92,
    "end": 976.74,
    "speaker": "老师",
    "text": "一条小船沿直线向码头匀速前进，"
  },
  {
    "start": 977.18,
    "end": 987.14,
    "speaker": "老师",
    "text": "在时间t为零分钟、两分钟、四分钟、六分钟时，"
  },
  {
    "start": 987.14,
    "end": 1003.37,
    "speaker": "老师",
    "text": "测得小船与码头的距离s分别为两百米、一百五十米、一百米五十米。"
  },
  {
    "start": 1003.49,
    "end": 1011.62,
    "speaker": "老师",
    "text": "我们看到问题写出函数s关于t的解析式，"
  },
  {
    "start": 1011.78,
    "end": 1017.11,
    "speaker": "老师",
    "text": "并求出自变量的取值范围。"
  },
  {
    "start": 1017.11,
    "end": 1017.59,
    "speaker": "老师",
    "text": "第二，"
  },
  {
    "start": 1017.63,
    "end": 1019.43,
    "speaker": "老师",
    "text": "画出函数图像。"
  },
  {
    "start": 1019.43,
    "end": 1024.11,
    "speaker": "老师",
    "text": "同学们思考一下这道题怎么去做好。"
  },
  {
    "start": 1024.11,
    "end": 1029.55,
    "speaker": "老师",
    "text": "下面我们一起来分析这道题。"
  },
  {
    "start": 1029.55,
    "end": 1031.01,
    "speaker": "老师",
    "text": "当t分钟时，"
  },
  {
    "start": 1031.29,
    "end": 1036.94,
    "speaker": "老师",
    "text": "它与码头的距离为两百米，"
  },
  {
    "start": 1036.94,
    "end": 1039.74,
    "speaker": "老师",
    "text": "经过两分钟，"
  },
  {
    "start": 1039.74,
    "end": 1043.74,
    "speaker": "老师",
    "text": "船距离码头为一百五十米，"
  },
  {
    "start": 1044.22,
    "end": 1049.16,
    "speaker": "老师",
    "text": "这请问同学们船行驶的速度为多少呢？"
  },
  {
    "start": 1049.16,
    "end": 1051.68,
    "speaker": "老师",
    "text": "对为五十除以二，"
  },
  {
    "start": 1051.68,
    "end": 1055.58,
    "speaker": "老师",
    "text": "等于二十五米每分钟。"
  },
  {
    "start": 1055.72,
    "end": 1056.82,
    "speaker": "老师",
    "text": "因此，"
  },
  {
    "start": 1056.82,
    "end": 1058.12,
    "speaker": "老师",
    "text": "我们知道，"
  },
  {
    "start": 1058.3,
    "end": 1066.99,
    "speaker": "老师",
    "text": "船行匀速行驶的速度为二十五米，"
  },
  {
    "start": 1066.99,
    "end": 1069.63,
    "speaker": "老师",
    "text": "每分钟则七分钟后，"
  },
  {
    "start": 1069.71,
    "end": 1074.38,
    "speaker": "老师",
    "text": "小船行驶的路程为二十五t."
  },
  {
    "start": 1074.38,
    "end": 1076.52,
    "speaker": "老师",
    "text": "这从图中我们知道，"
  },
  {
    "start": 1076.56,
    "end": 1087.63,
    "speaker": "老师",
    "text": "此时小船与码头的距离为两百减二十五t则函数解析式，"
  },
  {
    "start": 1087.63,
    "end": 1092.72,
    "speaker": "老师",
    "text": "我们可以得到s等于两百减二十五t."
  },
  {
    "start": 1093.12,
    "end": 1102.69,
    "speaker": "老师",
    "text": "同学们再看一下t的取值范围是全体实数吗？"
  },
  {
    "start": 1102.83,
    "end": 1106.31,
    "speaker": "老师",
    "text": "并不是因为刚才我们讲过，"
  },
  {
    "start": 1106.31,
    "end": 1113.22,
    "speaker": "老师",
    "text": "考虑自变量的去范围，"
  },
  {
    "start": 1113.22,
    "end": 1115.94,
    "speaker": "老师",
    "text": "不仅要使函数解析式有意义，"
  },
  {
    "start": 1115.94,
    "end": 1119.32,
    "speaker": "老师",
    "text": "同时也要符合实际问题。"
  },
  {
    "start": 1119.32,
    "end": 1124.15,
    "speaker": "老师",
    "text": "所以我们知道t是一个非负数，"
  },
  {
    "start": 1124.15,
    "end": 1127.43,
    "speaker": "老师",
    "text": "因此t大于等于零。"
  },
  {
    "start": 1127.43,
    "end": 1136.45,
    "speaker": "老师",
    "text": "同样我们到码头的距离也是一个非负数，"
  },
  {
    "start": 1136.63,
    "end": 1147.38,
    "speaker": "老师",
    "text": "所以两百减二十五t也要大于等于零。"
  },
  {
    "start": 1147.38,
    "end": 1151.33,
    "speaker": "老师",
    "text": "进而我们求得t是小于等于八，"
  },
  {
    "start": 1151.33,
    "end": 1158.23,
    "speaker": "老师",
    "text": "所以t的取值范围为t大于等于零，"
  },
  {
    "start": 1158.23,
    "end": 1162.07,
    "speaker": "老师",
    "text": "小于等于八。"
  },
  {
    "start": 1162.07,
    "end": 1164.41,
    "speaker": "老师",
    "text": "同学们听清楚了吗？"
  },
  {
    "start": 1164.41,
    "end": 1164.81,
    "speaker": "老师",
    "text": "好，"
  },
  {
    "start": 1164.99,
    "end": 1170.44,
    "speaker": "老师",
    "text": "下面我们来做第二步画出函数图像。"
  },
  {
    "start": 1171.18,
    "end": 1174.86,
    "speaker": "老师",
    "text": "我们已经学过画出一个函数图像，"
  },
  {
    "start": 1174.86,
    "end": 1177.06,
    "speaker": "老师",
    "text": "我们是有三步，"
  },
  {
    "start": 1177.06,
    "end": 1180.74,
    "speaker": "老师",
    "text": "分别是列表描点连线。"
  },
  {
    "start": 1180.74,
    "end": 1192.8,
    "speaker": "老师",
    "text": "那我们可以发现在这里已经给了我们自变量的一些取值及相应的函数值。"
  },
  {
    "start": 1192.8,
    "end": 1193.78,
    "speaker": "老师",
    "text": "因此，"
  },
  {
    "start": 1193.8,
    "end": 1200.61,
    "speaker": "老师",
    "text": "我们就可以列出表取t等于零二四六八，"
  },
  {
    "start": 1200.61,
    "end": 1209.74,
    "speaker": "老师",
    "text": "则相应的s的取值为两百一百五十一百五十吉林。"
  },
  {
    "start": 1209.74,
    "end": 1218.1,
    "speaker": "老师",
    "text": "那么我们把自变量及其相应的函数值作为点的横纵坐标。"
  },
  {
    "start": 1218.1,
    "end": 1222.81,
    "speaker": "老师",
    "text": "在平面直角坐标系中，"
  },
  {
    "start": 1222.81,
    "end": 1224.43,
    "speaker": "老师",
    "text": "描出来，"
  },
  {
    "start": 1224.43,
    "end": 1230.21,
    "speaker": "老师",
    "text": "也就是我们描点第一个点零两百，"
  },
  {
    "start": 1230.21,
    "end": 1235.22,
    "speaker": "老师",
    "text": "在y轴的正半轴上依次描出，"
  },
  {
    "start": 1235.22,
    "end": 1237.3,
    "speaker": "老师",
    "text": "其他各点二，"
  },
  {
    "start": 1237.3,
    "end": 1243.47,
    "speaker": "老师",
    "text": "一百五四、一百六五十八零。"
  },
  {
    "start": 1243.49,
    "end": 1247.57,
    "speaker": "老师",
    "text": "最后一步我们是连线，"
  },
  {
    "start": 1247.57,
    "end": 1256.81,
    "speaker": "老师",
    "text": "我们用平滑的曲线把这些点从左至右连接起来。"
  },
  {
    "start": 1256.83,
    "end": 1259.59,
    "speaker": "老师",
    "text": "我们发现它是一条线段，"
  },
  {
    "start": 1259.63,
    "end": 1271.7,
    "speaker": "老师",
    "text": "因此它也符合我们t大于等于零小于等于八自变量的取值范围。"
  },
  {
    "start": 1271.7,
    "end": 1274.44,
    "speaker": "老师",
    "text": "事实上画出一个函数图像，"
  },
  {
    "start": 1274.44,
    "end": 1283.16,
    "speaker": "老师",
    "text": "我们可以更直观的获得小船行驶的情况。"
  },
  {
    "start": 1283.16,
    "end": 1286.0,
    "speaker": "老师",
    "text": "我们知道开始的时候，"
  },
  {
    "start": 1286.0,
    "end": 1290.84,
    "speaker": "老师",
    "text": "小船距离码头两百米，"
  },
  {
    "start": 1291.97,
    "end": 1300.41,
    "speaker": "老师",
    "text": "并且它以二十五米每秒的速度靠近码头。"
  },
  {
    "start": 1300.41,
    "end": 1305.56,
    "speaker": "老师",
    "text": "发现当时间为八分钟的时候，"
  },
  {
    "start": 1305.56,
    "end": 1307.6,
    "speaker": "老师",
    "text": "他到达了码头。"
  },
  {
    "start": 1307.6,
    "end": 1311.03,
    "speaker": "老师",
    "text": "所以画一个函数图像，"
  },
  {
    "start": 1311.03,
    "end": 1320.17,
    "speaker": "老师",
    "text": "我们可以更直观的获得我们所需要的信息。"
  },
  {
    "start": 1320.21,
    "end": 1320.53,
    "speaker": "老师",
    "text": "我。"
  },
  {
    "start": 1320.53,
    "end": 1321.29,
    "speaker": "老师",
    "text": "第三，"
  },
  {
    "start": 1321.29,
    "end": 1328.1,
    "speaker": "老师",
    "text": "一次函数与正比例函数图像与性质。"
  },
  {
    "start": 1328.16,
    "end": 1333.16,
    "speaker": "老师",
    "text": "我们首先看一次函数的形式，"
  },
  {
    "start": 1333.16,
    "end": 1338.16,
    "speaker": "老师",
    "text": "形如y等于KX加BK不等于零，"
  },
  {
    "start": 1341.37,
    "end": 1342.29,
    "speaker": "老师",
    "text": "则为一函数。"
  },
  {
    "start": 1342.29,
    "end": 1347.61,
    "speaker": "老师",
    "text": "而正比例函数形如y等于KX,"
  },
  {
    "start": 1347.65,
    "end": 1349.79,
    "speaker": "老师",
    "text": "则为正比例函数。"
  },
  {
    "start": 1349.79,
    "end": 1357.98,
    "speaker": "老师",
    "text": "那么我们现在看KB的符号决定了函数的性质。"
  },
  {
    "start": 1357.98,
    "end": 1359.96,
    "speaker": "老师",
    "text": "当k大于零，"
  },
  {
    "start": 1360.0,
    "end": 1361.58,
    "speaker": "老师",
    "text": "b大于零时，"
  },
  {
    "start": 1361.58,
    "end": 1368.34,
    "speaker": "老师",
    "text": "一次函数y水有的增大而增大，"
  },
  {
    "start": 1368.34,
    "end": 1370.02,
    "speaker": "老师",
    "text": "此时b大于零，"
  },
  {
    "start": 1370.08,
    "end": 1379.67,
    "speaker": "老师",
    "text": "我们知道图像与y轴的交点坐标在y轴的正半轴上，"
  },
  {
    "start": 1379.83,
    "end": 1383.99,
    "speaker": "老师",
    "text": "因此它经过一二三象限。"
  },
  {
    "start": 1384.75,
    "end": 1387.83,
    "speaker": "老师",
    "text": "当k大于零b小于零时，"
  },
  {
    "start": 1387.89,
    "end": 1393.9,
    "speaker": "老师",
    "text": "那么增减性与前面一样，"
  },
  {
    "start": 1393.9,
    "end": 1396.49,
    "speaker": "老师",
    "text": "y随有个增大而增大。"
  },
  {
    "start": 1396.49,
    "end": 1419.86,
    "speaker": "老师",
    "text": "B小于零函数图像与y轴的交点坐标在y轴的负半轴上，"
  },
  {
    "start": 1419.92,
    "end": 1423.32,
    "speaker": "老师",
    "text": "因此函数图像经过一三四象限，"
  },
  {
    "start": 1423.32,
    "end": 1425.28,
    "speaker": "老师",
    "text": "同样k小于零，"
  },
  {
    "start": 1425.28,
    "end": 1426.06,
    "speaker": "老师",
    "text": "b大于零时，"
  },
  {
    "start": 1426.06,
    "end": 1430.4,
    "speaker": "老师",
    "text": "y随的增大而减小。"
  },
  {
    "start": 1431.17,
    "end": 1438.86,
    "speaker": "老师",
    "text": "B大于零与y轴的交点坐标在x轴的正半轴上，"
  },
  {
    "start": 1438.86,
    "end": 1443.28,
    "speaker": "老师",
    "text": "函数图像经过一二四象限好，"
  },
  {
    "start": 1443.3,
    "end": 1444.34,
    "speaker": "老师",
    "text": "k小于零，"
  },
  {
    "start": 1444.84,
    "end": 1446.6,
    "speaker": "老师",
    "text": "b小于零时，"
  },
  {
    "start": 1446.6,
    "end": 1460.36,
    "speaker": "老师",
    "text": "同样y随的增大而减小与y轴的交点坐标在x轴的负半轴。"
  },
  {
    "start": 1462.82,
    "end": 1468.62,
    "speaker": "老师",
    "text": "此时函数图像经过二三四象限，"
  },
  {
    "start": 1468.62,
    "end": 1473.23,
    "speaker": "老师",
    "text": "我们再看正比例函数的一些性质。"
  },
  {
    "start": 1473.23,
    "end": 1479.11,
    "speaker": "老师",
    "text": "正比例函数图像是经过原点，"
  },
  {
    "start": 1479.11,
    "end": 1489.26,
    "speaker": "老师",
    "text": "即EK的一条直线。"
  },
  {
    "start": 1489.5,
    "end": 1491.5,
    "speaker": "老师",
    "text": "当k大于零时，"
  },
  {
    "start": 1491.5,
    "end": 1499.4,
    "speaker": "老师",
    "text": "图像经过一三象限y随要的增大而增大。"
  },
  {
    "start": 1499.58,
    "end": 1501.64,
    "speaker": "老师",
    "text": "当k小于零时，"
  },
  {
    "start": 1501.64,
    "end": 1506.13,
    "speaker": "老师",
    "text": "图像经过二四象限，"
  },
  {
    "start": 1506.29,
    "end": 1511.46,
    "speaker": "老师",
    "text": "y是有个增大而减少。"
  },
  {
    "start": 1511.48,
    "end": 1528.55,
    "speaker": "老师",
    "text": "下面我们来看一道题函数y等于括号m减二x加上m平方减四m为常数。"
  },
  {
    "start": 1528.55,
    "end": 1529.07,
    "speaker": "老师",
    "text": "第一，"
  },
  {
    "start": 1529.07,
    "end": 1532.02,
    "speaker": "老师",
    "text": "问当MV何值时，"
  },
  {
    "start": 1532.46,
    "end": 1535.7,
    "speaker": "老师",
    "text": "y是x的正比例函数。"
  },
  {
    "start": 1535.7,
    "end": 1536.88,
    "speaker": "老师",
    "text": "第二问，"
  },
  {
    "start": 1537.04,
    "end": 1541.3,
    "speaker": "老师",
    "text": "按摩取何值时，"
  },
  {
    "start": 1541.3,
    "end": 1544.4,
    "speaker": "老师",
    "text": "y是x的一次函数。"
  },
  {
    "start": 1544.4,
    "end": 1547.04,
    "speaker": "老师",
    "text": "那么做此类题，"
  },
  {
    "start": 1547.04,
    "end": 1553.67,
    "speaker": "老师",
    "text": "同学们思考一下我们的切入点在哪里？"
  },
  {
    "start": 1554.05,
    "end": 1554.39,
    "speaker": "老师",
    "text": "好，"
  },
  {
    "start": 1554.39,
    "end": 1558.54,
    "speaker": "老师",
    "text": "很多同学已经思考出来了。"
  },
  {
    "start": 1558.54,
    "end": 1565.61,
    "speaker": "老师",
    "text": "那么是否是正比函数及一函数？"
  },
  {
    "start": 1565.89,
    "end": 1572.55,
    "speaker": "老师",
    "text": "我们是根据正比例函数与一函数的定义。"
  },
  {
    "start": 1572.55,
    "end": 1579.68,
    "speaker": "老师",
    "text": "那么我们看第一道题函数为正比函数，"
  },
  {
    "start": 1579.86,
    "end": 1583.46,
    "speaker": "老师",
    "text": "只要我们需要满足一为零，"
  },
  {
    "start": 1583.46,
    "end": 1588.3,
    "speaker": "老师",
    "text": "自变量的系数，"
  },
  {
    "start": 1588.3,
    "end": 1590.88,
    "speaker": "老师",
    "text": "m减二不等于零，"
  },
  {
    "start": 1591.18,
    "end": 1595.48,
    "speaker": "老师",
    "text": "因此我们可以列出m平方减四等于零，"
  },
  {
    "start": 1595.48,
    "end": 1597.94,
    "speaker": "老师",
    "text": "且m减二不等于零，"
  },
  {
    "start": 1599.41,
    "end": 1601.57,
    "speaker": "老师",
    "text": "解得m等于正负二，"
  },
  {
    "start": 1601.57,
    "end": 1603.19,
    "speaker": "老师",
    "text": "且m不等于二，"
  },
  {
    "start": 1603.19,
    "end": 1607.72,
    "speaker": "老师",
    "text": "所以最后m的值为负二。"
  },
  {
    "start": 1607.72,
    "end": 1610.54,
    "speaker": "老师",
    "text": "第二个题目发生变化，"
  },
  {
    "start": 1610.54,
    "end": 1617.91,
    "speaker": "老师",
    "text": "问m为何值时，"
  },
  {
    "start": 1620.49,
    "end": 1622.25,
    "speaker": "老师",
    "text": "y是x的一次函数。"
  },
  {
    "start": 1623.09,
    "end": 1634.53,
    "speaker": "老师",
    "text": "这个时候我们知道对常数m平方减四有没有要求？"
  },
  {
    "start": 1634.53,
    "end": 1634.99,
    "speaker": "老师",
    "text": "对，"
  },
  {
    "start": 1635.03,
    "end": 1636.05,
    "speaker": "老师",
    "text": "没有要求，"
  },
  {
    "start": 1636.57,
    "end": 1646.81,
    "speaker": "老师",
    "text": "但是我们必须使一次项的系数不为零，"
  },
  {
    "start": 1646.85,
    "end": 1654.06,
    "speaker": "老师",
    "text": "因此我们可以得到m减二，"
  },
  {
    "start": 1654.06,
    "end": 1656.27,
    "speaker": "老师",
    "text": "不等于零，"
  },
  {
    "start": 1656.27,
    "end": 1658.29,
    "speaker": "老师",
    "text": "即m不等于二。"
  },
  {
    "start": 1658.35,
    "end": 1661.75,
    "speaker": "老师",
    "text": "所以此时y是x的一次函数，"
  },
  {
    "start": 1661.83,
    "end": 1663.95,
    "speaker": "老师",
    "text": "我们看另一个式子，"
  },
  {
    "start": 1663.95,
    "end": 1668.46,
    "speaker": "老师",
    "text": "那么该函数m取何值时，"
  },
  {
    "start": 1670.05,
    "end": 1673.34,
    "speaker": "老师",
    "text": "y是x的一函数，"
  },
  {
    "start": 1675.71,
    "end": 1676.95,
    "speaker": "老师",
    "text": "并求出解析式。"
  },
  {
    "start": 1677.25,
    "end": 1679.95,
    "speaker": "老师",
    "text": "我们对比一下这两道题，"
  },
  {
    "start": 1679.97,
    "end": 1688.4,
    "speaker": "老师",
    "text": "此时自变量的指数从原来的一次变成了绝对值m减二次。"
  },
  {
    "start": 1688.4,
    "end": 1695.55,
    "speaker": "老师",
    "text": "所以我们当该函数是一函数的时候，"
  },
  {
    "start": 1695.65,
    "end": 1699.23,
    "speaker": "老师",
    "text": "我们考虑的地方应该是它的次数。"
  },
  {
    "start": 1699.23,
    "end": 1701.64,
    "speaker": "老师",
    "text": "同样为一次，"
  },
  {
    "start": 1701.76,
    "end": 1705.64,
    "speaker": "老师",
    "text": "而且它的系数不能为零，"
  },
  {
    "start": 1705.66,
    "end": 1709.22,
    "speaker": "老师",
    "text": "所以我们可以列出，"
  },
  {
    "start": 1709.32,
    "end": 1713.47,
    "speaker": "老师",
    "text": "阿们的。"
  },
  {
    "start": 1713.85,
    "end": 1716.69,
    "speaker": "老师",
    "text": "绝对值减二等于一，"
  },
  {
    "start": 1716.69,
    "end": 1719.75,
    "speaker": "老师",
    "text": "m等于正负三又，"
  },
  {
    "start": 1719.87,
    "end": 1724.51,
    "speaker": "老师",
    "text": "因为m减三不等于零，"
  },
  {
    "start": 1724.51,
    "end": 1725.93,
    "speaker": "老师",
    "text": "m不等于三，"
  },
  {
    "start": 1725.93,
    "end": 1731.25,
    "speaker": "老师",
    "text": "所以此时m的值等于负三，"
  },
  {
    "start": 1731.25,
    "end": 1740.7,
    "speaker": "老师",
    "text": "进而求出该函数解析式为y等于负六x减一。"
  },
  {
    "start": 1740.74,
    "end": 1744.46,
    "speaker": "老师",
    "text": "那么我们纵观这两道题，"
  },
  {
    "start": 1744.48,
    "end": 1754.98,
    "speaker": "老师",
    "text": "其实我们解决磁类问题要考虑常数，"
  },
  {
    "start": 1754.98,
    "end": 1758.48,
    "speaker": "老师",
    "text": "也要考虑自变量的系数及指数。"
  },
  {
    "start": 1758.52,
    "end": 1763.81,
    "speaker": "老师",
    "text": "这个同学们看到第二道问题，"
  },
  {
    "start": 1763.81,
    "end": 1768.7,
    "speaker": "老师",
    "text": "观察函数图像回答问题。"
  },
  {
    "start": 1768.7,
    "end": 1782.9,
    "speaker": "老师",
    "text": "第一个函数y等于二x加三图像的形状是一条直线与y轴的交点坐标。"
  },
  {
    "start": 1783.26,
    "end": 1793.53,
    "speaker": "老师",
    "text": "此时为就零三第二个函数y等于二x的图像与y等于二，"
  },
  {
    "start": 1793.53,
    "end": 1799.61,
    "speaker": "老师",
    "text": "x加三的图像位置关系是平行，"
  },
  {
    "start": 1799.61,
    "end": 1802.33,
    "speaker": "老师",
    "text": "此时y是有个增大，"
  },
  {
    "start": 1802.33,
    "end": 1804.23,
    "speaker": "老师",
    "text": "r增大不懂。"
  },
  {
    "start": 1804.85,
    "end": 1810.16,
    "speaker": "老师",
    "text": "第三个同学们观察一下，"
  },
  {
    "start": 1810.16,
    "end": 1818.77,
    "speaker": "老师",
    "text": "y等于二x加三的图像是由y等于二x图像从哪个方向平移，"
  },
  {
    "start": 1818.77,
    "end": 1823.53,
    "speaker": "老师",
    "text": "并且平移几个单位，"
  },
  {
    "start": 1823.67,
    "end": 1833.61,
    "speaker": "老师",
    "text": "我们发现它是向上平移平移三个单位长度，"
  },
  {
    "start": 1833.61,
    "end": 1838.0,
    "speaker": "老师",
    "text": "同学们继续思考，"
  },
  {
    "start": 1838.0,
    "end": 1845.66,
    "speaker": "老师",
    "text": "y等于二x减四的图像是由y等于二x图像向哪个方向平移，"
  },
  {
    "start": 1845.72,
    "end": 1857.13,
    "speaker": "老师",
    "text": "并且平移几个单位与y轴的交点坐标是哪一个？"
  },
  {
    "start": 1857.23,
    "end": 1869.91,
    "speaker": "老师",
    "text": "我们发现从y等于二x图像平移到y等于二x减四的图像则向下平移四个单位，"
  },
  {
    "start": 1869.91,
    "end": 1875.03,
    "speaker": "老师",
    "text": "长度与y轴的交点坐标为零复式。"
  },
  {
    "start": 1875.03,
    "end": 1883.64,
    "speaker": "老师",
    "text": "事实上我们看一下这三个函数解析式它们的k相同，"
  },
  {
    "start": 1883.64,
    "end": 1885.68,
    "speaker": "老师",
    "text": "而b不相同。"
  },
  {
    "start": 1885.68,
    "end": 1887.32,
    "speaker": "老师",
    "text": "我们可以发现，"
  },
  {
    "start": 1887.34,
    "end": 1893.02,
    "speaker": "老师",
    "text": "它所对应的函数图像互为平行，"
  },
  {
    "start": 1893.08,
    "end": 1897.2,
    "speaker": "老师",
    "text": "而与y轴的交点坐标并不同。"
  },
  {
    "start": 1897.72,
    "end": 1898.28,
    "speaker": "老师",
    "text": "好，"
  },
  {
    "start": 1898.58,
    "end": 1909.02,
    "speaker": "老师",
    "text": "我们看到第三道题一次函数y等于KX减k的大致图像为哪一个？"
  },
  {
    "start": 1909.02,
    "end": 1909.28,
    "speaker": "老师",
    "text": "好，"
  },
  {
    "start": 1909.28,
    "end": 1916.11,
    "speaker": "老师",
    "text": "我们看到题中给出的函数是一个不定函数，"
  },
  {
    "start": 1916.11,
    "end": 1919.93,
    "speaker": "老师",
    "text": "因为k是未知的，"
  },
  {
    "start": 1919.93,
    "end": 1923.57,
    "speaker": "老师",
    "text": "所以同学们需要分类讨论。"
  },
  {
    "start": 1923.91,
    "end": 1927.79,
    "speaker": "老师",
    "text": "那么我们无非从两方面进行讨论。"
  },
  {
    "start": 1927.79,
    "end": 1931.12,
    "speaker": "老师",
    "text": "当k大于零时，"
  },
  {
    "start": 1931.12,
    "end": 1941.64,
    "speaker": "老师",
    "text": "我们发现该函数它是y随要的增大而增大而负k小于零，"
  },
  {
    "start": 1941.66,
    "end": 1947.44,
    "speaker": "老师",
    "text": "它与y轴的交点在负半轴上。"
  },
  {
    "start": 1947.44,
    "end": 1950.68,
    "speaker": "老师",
    "text": "所以我们发现b和c里面c符合条件，"
  },
  {
    "start": 1950.68,
    "end": 1955.26,
    "speaker": "老师",
    "text": "同样另一种情况，"
  },
  {
    "start": 1955.26,
    "end": 1956.44,
    "speaker": "老师",
    "text": "当k小于零时，"
  },
  {
    "start": 1956.94,
    "end": 1961.25,
    "speaker": "老师",
    "text": "那么y使x增大而减小AD都可以，"
  },
  {
    "start": 1961.25,
    "end": 1963.63,
    "speaker": "老师",
    "text": "但是负k则大于零。"
  },
  {
    "start": 1963.63,
    "end": 1972.52,
    "speaker": "老师",
    "text": "所以我们以y轴的焦点坐标应该在y轴的正半轴上，"
  },
  {
    "start": 1973.9,
    "end": 1975.5,
    "speaker": "老师",
    "text": "而AD都不符合。"
  },
  {
    "start": 1975.5,
    "end": 1984.89,
    "speaker": "老师",
    "text": "所以我们发现该函数的图像应该选择c同学们听懂了吗？"
  },
  {
    "start": 1984.89,
    "end": 1986.83,
    "speaker": "老师",
    "text": "第四题，"
  },
  {
    "start": 1986.83,
    "end": 1987.21,
    "speaker": "老师",
    "text": "如图，"
  },
  {
    "start": 1987.21,
    "end": 1990.73,
    "speaker": "老师",
    "text": "在同一平面直角坐标系中，"
  },
  {
    "start": 1991.03,
    "end": 2003.45,
    "speaker": "老师",
    "text": "关于x的一函数y等于x加k与y等于KX加一的图像之合来是下面哪一个？"
  },
  {
    "start": 2003.47,
    "end": 2013.41,
    "speaker": "老师",
    "text": "我们看到这道题发现函数有已经从刚才的一个转化成两个形式发生的变化。"
  },
  {
    "start": 2013.09,
    "end": 2013.41,
    "speaker": "老师",
    "text": "但是由于k是未知的，"
  },
  {
    "start": 2013.09,
    "end": 2013.41,
    "speaker": "老师",
    "text": "讨论的方法与前面一致。"
  },
  {
    "start": 2013.09,
    "end": 2013.41,
    "speaker": "老师",
    "text": "当k大于零的时候，"
  },
  {
    "start": 2013.09,
    "end": 2013.41,
    "speaker": "老师",
    "text": "我们发现这两个函数都是YCL的增大而增大好，"
  },
  {
    "start": 2013.09,
    "end": 2013.41,
    "speaker": "老师",
    "text": "并且常数都为正数。"
  },
  {
    "start": 2013.09,
    "end": 2013.41,
    "speaker": "老师",
    "text": "它与y轴的交点坐标应该在y轴的正半轴上，"
  },
  {
    "start": 2013.09,
    "end": 2013.41,
    "speaker": "老师",
    "text": "而b发现交点在y轴的正半轴跟负半轴上，"
  },
  {
    "start": 2013.09,
    "end": 2013.41,
    "speaker": "老师",
    "text": "因此b不可提议。"
  },
  {
    "start": 2013.09,
    "end": 2013.41,
    "speaker": "老师",
    "text": "我们再看k小于零时，"
  },
  {
    "start": 2013.09,
    "end": 2013.41,
    "speaker": "老师",
    "text": "前面函数为y是有个增大而增大，"
  },
  {
    "start": 2013.09,
    "end": 2013.41,
    "speaker": "老师",
    "text": "后面的函数为y,"
  },
  {
    "start": 2013.09,
    "end": 2013.41,
    "speaker": "老师",
    "text": "随x增大而减小，"
  },
  {
    "start": 2013.09,
    "end": 2013.41,
    "speaker": "老师",
    "text": "所以我们ACD都有可能。"
  },
  {
    "start": 2013.09,
    "end": 2013.41,
    "speaker": "老师",
    "text": "但是由于前面函数与y轴的交点在负半轴上，"
  },
  {
    "start": 2013.09,
    "end": 2013.41,
    "speaker": "老师",
    "text": "而后面函数图像与y轴的交点在正半轴上，"
  },
  {
    "start": 2013.09,
    "end": 2013.41,
    "speaker": "老师",
    "text": "所以符合题意的只有c这两道题。"
  },
  {
    "start": 2013.09,
    "end": 2013.41,
    "speaker": "老师",
    "text": "虽然形式上发生了变化，"
  },
  {
    "start": 2013.09,
    "end": 2013.41,
    "speaker": "老师",
    "text": "但是它解题思路是一致的。"
  },
  {
    "start": 2013.09,
    "end": 2013.41,
    "speaker": "老师",
    "text": "时间过得很快，"
  },
  {
    "start": 2013.09,
    "end": 2013.41,
    "speaker": "老师",
    "text": "我们这堂课已经接近尾声。"
  },
  {
    "start": 2013.09,
    "end": 2013.41,
    "speaker": "老师",
    "text": "那么下面让我们来进行梳理反思。"
  },
  {
    "start": 2013.09,
    "end": 2013.41,
    "speaker": "老师",
    "text": "我们今天学了什么？"
  },
  {
    "start": 2013.09,
    "end": 2013.41,
    "speaker": "老师",
    "text": "我们今天还有什么发现，"
  },
  {
    "start": 2013.09,
    "end": 2013.41,
    "speaker": "老师",
    "text": "我们今天学了变量常量及函数的定义与函数图像，"
  },
  {
    "start": 2013.09,
    "end": 2013.41,
    "speaker": "老师",
    "text": "并且学了一次函数的定义、图像以及性质。"
  },
  {
    "start": 2013.09,
    "end": 2013.41,
    "speaker": "老师",
    "text": "学会用数形结合的思想分类讨论的思想解决数学问题。"
  },
  {
    "start": 2013.09,
    "end": 2013.41,
    "speaker": "老师",
    "text": "学习不仅仅发生在课堂上课后，"
  },
  {
    "start": 2013.09,
    "end": 2013.41,
    "speaker": "老师",
    "text": "作业也是我们有益的补充我们的作业。"
  },
  {
    "start": 2013.09,
    "end": 2013.41,
    "speaker": "老师",
    "text": "第一，"
  },
  {
    "start": 2013.09,
    "end": 2013.41,
    "speaker": "老师",
    "text": "完成数学书一百零七面到一百零八面。"
  },
  {
    "start": 2013.09,
    "end": 2013.41,
    "speaker": "老师",
    "text": "第一到第十题，"
  },
  {
    "start": 2013.09,
    "end": 2013.41,
    "speaker": "老师",
    "text": "第二练一练老师给出了三道题，"
  },
  {
    "start": 2013.09,
    "end": 2013.41,
    "speaker": "老师",
    "text": "那么与课堂知识相关联，"
  },
  {
    "start": 2013.09,
    "end": 2013.41,
    "speaker": "老师",
    "text": "请同学们回家，"
  },
  {
    "start": 2013.09,
    "end": 2013.41,
    "speaker": "老师",
    "text": "认真完成。"
  },
  {
    "start": 2013.09,
    "end": 2013.41,
    "speaker": "老师",
    "text": "我们这节课就上到这里。"
  }
]