[
  {
    "start": 9.55,
    "end": 17.01,
    "speaker": "老师",
    "text": "有什么今天我们不知道为什么，"
  },
  {
    "start": 17.01,
    "end": 24.13,
    "speaker": "老师",
    "text": "你怎么你看这里你久没有你要吗？"
  },
  {
    "start": 24.37,
    "end": 39.61,
    "speaker": "老师",
    "text": "你看这个钱为什么我们来通过我们要再播，"
  },
  {
    "start": 39.61,
    "end": 48.05,
    "speaker": "老师",
    "text": "今天找个怎么有正常废标。"
  },
  {
    "start": 48.8,
    "end": 49.46,
    "speaker": "老师",
    "text": "对呀，"
  },
  {
    "start": 49.46,
    "end": 65.67,
    "speaker": "老师",
    "text": "民族正常的知识能够利用它的用法进行一个这边。"
  },
  {
    "start": 66.52,
    "end": 68.22,
    "speaker": "老师",
    "text": "我就是我好吧，"
  },
  {
    "start": 68.3,
    "end": 78.11,
    "speaker": "老师",
    "text": "不要的就是你有哪些幸福你问呢？"
  },
  {
    "start": 78.11,
    "end": 79.91,
    "speaker": "老师",
    "text": "很好，"
  },
  {
    "start": 79.91,
    "end": 86.27,
    "speaker": "老师",
    "text": "我要冲着喂，"
  },
  {
    "start": 86.27,
    "end": 89.67,
    "speaker": "老师",
    "text": "你讲我们的政策，"
  },
  {
    "start": 89.67,
    "end": 91.88,
    "speaker": "老师",
    "text": "这是。"
  },
  {
    "start": 92.0,
    "end": 96.63,
    "speaker": "老师",
    "text": "那我们如果我们做里边上，"
  },
  {
    "start": 96.63,
    "end": 99.54,
    "speaker": "老师",
    "text": "我要看你的声音，"
  },
  {
    "start": 99.54,
    "end": 109.03,
    "speaker": "老师",
    "text": "顶边上也是顶边上搞东西的这不就是跟我来所商量的。"
  },
  {
    "start": 109.03,
    "end": 117.18,
    "speaker": "老师",
    "text": "三同意不是啊，"
  },
  {
    "start": 118.63,
    "end": 119.59,
    "speaker": "老师",
    "text": "顶分四计，"
  },
  {
    "start": 119.59,
    "end": 125.78,
    "speaker": "老师",
    "text": "顶边上方里边什么看一下，"
  },
  {
    "start": 126.55,
    "end": 133.38,
    "speaker": "老师",
    "text": "有等两三小时，"
  },
  {
    "start": 133.38,
    "end": 135.88,
    "speaker": "老师",
    "text": "一天零小时。"
  },
  {
    "start": 135.88,
    "end": 139.4,
    "speaker": "老师",
    "text": "这里没事和节奏奶奶好嘞。"
  },
  {
    "start": 141.62,
    "end": 148.36,
    "speaker": "老师",
    "text": "嗯到底什么可能等腰三角形呢？"
  },
  {
    "start": 148.36,
    "end": 150.11,
    "speaker": "老师",
    "text": "这怎么说，"
  },
  {
    "start": 150.15,
    "end": 158.44,
    "speaker": "老师",
    "text": "说完怎么橘色？"
  },
  {
    "start": 158.62,
    "end": 163.83,
    "speaker": "老师",
    "text": "就是一个这个不一样，"
  },
  {
    "start": 163.83,
    "end": 169.17,
    "speaker": "老师",
    "text": "那么你就是他的两个鼻子，"
  },
  {
    "start": 169.23,
    "end": 180.16,
    "speaker": "老师",
    "text": "就我们来嗯朝相识如歌不？"
  },
  {
    "start": 180.16,
    "end": 181.36,
    "speaker": "老师",
    "text": "信州，"
  },
  {
    "start": 181.4,
    "end": 185.52,
    "speaker": "老师",
    "text": "如果我你看这个小傻啊，"
  },
  {
    "start": 185.52,
    "end": 187.47,
    "speaker": "老师",
    "text": "我给你说，"
  },
  {
    "start": 187.61,
    "end": 189.69,
    "speaker": "老师",
    "text": "嗯嗯，"
  },
  {
    "start": 190.55,
    "end": 191.38,
    "speaker": "老师",
    "text": "怎么说，"
  },
  {
    "start": 192.0,
    "end": 193.91,
    "speaker": "老师",
    "text": "有什么不能，"
  },
  {
    "start": 195.87,
    "end": 201.49,
    "speaker": "老师",
    "text": "你可以不什么说话，"
  },
  {
    "start": 203.6,
    "end": 205.43,
    "speaker": "老师",
    "text": "赶紧说一下，"
  },
  {
    "start": 205.43,
    "end": 206.39,
    "speaker": "老师",
    "text": "都可以动，"
  },
  {
    "start": 206.59,
    "end": 208.76,
    "speaker": "老师",
    "text": "有人用原规。"
  },
  {
    "start": 208.9,
    "end": 209.24,
    "speaker": "老师",
    "text": "对，"
  },
  {
    "start": 209.24,
    "end": 213.79,
    "speaker": "老师",
    "text": "那我们就不知道好逼呀，"
  },
  {
    "start": 213.79,
    "end": 217.97,
    "speaker": "老师",
    "text": "没六给你们哦，"
  },
  {
    "start": 217.97,
    "end": 220.48,
    "speaker": "老师",
    "text": "但是你是好，"
  },
  {
    "start": 220.48,
    "end": 225.13,
    "speaker": "老师",
    "text": "那么你可以多看几个这个，"
  },
  {
    "start": 225.13,
    "end": 240.62,
    "speaker": "老师",
    "text": "所以我们负什么责任，"
  },
  {
    "start": 240.62,
    "end": 246.65,
    "speaker": "老师",
    "text": "还是有人不是说这个那么你人在这一结论呢，"
  },
  {
    "start": 246.65,
    "end": 250.81,
    "speaker": "老师",
    "text": "这就是我的今天，"
  },
  {
    "start": 250.81,
    "end": 257.3,
    "speaker": "老师",
    "text": "这是这子家的，"
  },
  {
    "start": 261.29,
    "end": 264.58,
    "speaker": "老师",
    "text": "我们有变那个哎幺三。"
  },
  {
    "start": 264.58,
    "end": 276.06,
    "speaker": "老师",
    "text": "那么我们根据这个那个瓶绩以后呢，"
  },
  {
    "start": 277.08,
    "end": 284.56,
    "speaker": "老师",
    "text": "就从我叫什么什么名字，"
  },
  {
    "start": 284.56,
    "end": 286.56,
    "speaker": "老师",
    "text": "参加平杯AP中，"
  },
  {
    "start": 286.56,
    "end": 288.96,
    "speaker": "老师",
    "text": "谢谢b等于AC."
  },
  {
    "start": 288.96,
    "end": 292.39,
    "speaker": "老师",
    "text": "那么没写怎么听错？"
  },
  {
    "start": 294.59,
    "end": 294.89,
    "speaker": "老师",
    "text": "额，"
  },
  {
    "start": 294.89,
    "end": 296.05,
    "speaker": "老师",
    "text": "再进司解约，"
  },
  {
    "start": 296.05,
    "end": 302.67,
    "speaker": "老师",
    "text": "一加我懂了可以，"
  },
  {
    "start": 302.69,
    "end": 303.13,
    "speaker": "老师",
    "text": "嗯，"
  },
  {
    "start": 304.25,
    "end": 307.33,
    "speaker": "老师",
    "text": "非常不要，"
  },
  {
    "start": 307.33,
    "end": 313.59,
    "speaker": "老师",
    "text": "是不是NB平方的。"
  },
  {
    "start": 313.81,
    "end": 314.61,
    "speaker": "老师",
    "text": "嗯，"
  },
  {
    "start": 314.79,
    "end": 322.59,
    "speaker": "老师",
    "text": "我去我们做了一个顶，"
  },
  {
    "start": 322.59,
    "end": 332.9,
    "speaker": "老师",
    "text": "你真是那么作为一种平配塑线交套。"
  },
  {
    "start": 333.37,
    "end": 341.81,
    "speaker": "老师",
    "text": "到了这个现在我来看这两个三角形，"
  },
  {
    "start": 341.81,
    "end": 358.59,
    "speaker": "老师",
    "text": "从我的脾气不说这啥东西啊什么或能不能嗯地球公共平好，"
  },
  {
    "start": 358.59,
    "end": 361.88,
    "speaker": "老师",
    "text": "拿回去请求。"
  },
  {
    "start": 364.9,
    "end": 374.17,
    "speaker": "老师",
    "text": "你天过几天我就百分之ok,"
  },
  {
    "start": 374.17,
    "end": 382.92,
    "speaker": "老师",
    "text": "等下一下，"
  },
  {
    "start": 382.92,
    "end": 384.08,
    "speaker": "老师",
    "text": "根据这一你好，"
  },
  {
    "start": 384.1,
    "end": 387.27,
    "speaker": "老师",
    "text": "我跟你是对关闭可以，"
  },
  {
    "start": 387.27,
    "end": 391.93,
    "speaker": "老师",
    "text": "我们知道对吗？"
  },
  {
    "start": 391.93,
    "end": 398.32,
    "speaker": "老师",
    "text": "根本就就不感觉非常，"
  },
  {
    "start": 398.32,
    "end": 399.62,
    "speaker": "老师",
    "text": "对吧？"
  },
  {
    "start": 400.49,
    "end": 406.72,
    "speaker": "老师",
    "text": "我就说这是不对的，"
  },
  {
    "start": 407.21,
    "end": 409.06,
    "speaker": "老师",
    "text": "你好你好，"
  },
  {
    "start": 409.06,
    "end": 411.24,
    "speaker": "老师",
    "text": "我没了，"
  },
  {
    "start": 411.66,
    "end": 414.78,
    "speaker": "老师",
    "text": "这个可以了。"
  },
  {
    "start": 414.78,
    "end": 416.36,
    "speaker": "老师",
    "text": "不是你为什么这么样？"
  },
  {
    "start": 416.36,
    "end": 423.8,
    "speaker": "老师",
    "text": "在这里我们了人兵，"
  },
  {
    "start": 423.8,
    "end": 427.4,
    "speaker": "老师",
    "text": "不不不能两样分出来。"
  },
  {
    "start": 431.63,
    "end": 439.43,
    "speaker": "老师",
    "text": "如果左边对着一下，"
  },
  {
    "start": 439.75,
    "end": 442.69,
    "speaker": "老师",
    "text": "那是你要这个，"
  },
  {
    "start": 442.69,
    "end": 449.83,
    "speaker": "老师",
    "text": "你知道你要对你那我还是关掉，"
  },
  {
    "start": 450.03,
    "end": 452.09,
    "speaker": "老师",
    "text": "我们还不一要。"
  },
  {
    "start": 452.09,
    "end": 454.04,
    "speaker": "老师",
    "text": "但是好，"
  },
  {
    "start": 454.18,
    "end": 466.85,
    "speaker": "老师",
    "text": "那么以后我们并没有啊。"
  },
  {
    "start": 466.99,
    "end": 468.81,
    "speaker": "老师",
    "text": "好，"
  },
  {
    "start": 469.84,
    "end": 472.74,
    "speaker": "老师",
    "text": "真的成功被。"
  },
  {
    "start": 472.74,
    "end": 480.76,
    "speaker": "老师",
    "text": "那你这个是没有听告诉我的错AB等于AC对你我们来如何进行，"
  },
  {
    "start": 480.76,
    "end": 484.3,
    "speaker": "老师",
    "text": "我不清楚。"
  },
  {
    "start": 487.88,
    "end": 493.65,
    "speaker": "老师",
    "text": "如图AB对你经，"
  },
  {
    "start": 494.84,
    "end": 495.3,
    "speaker": "老师",
    "text": "嗯嗯，"
  },
  {
    "start": 495.3,
    "end": 504.51,
    "speaker": "老师",
    "text": "嗯嗯哦就是你要看看好，"
  },
  {
    "start": 504.51,
    "end": 506.63,
    "speaker": "老师",
    "text": "我们就这样，"
  },
  {
    "start": 506.63,
    "end": 513.62,
    "speaker": "老师",
    "text": "暂时先这好么？"
  },
  {
    "start": 513.62,
    "end": 516.29,
    "speaker": "老师",
    "text": "哎，"
  },
  {
    "start": 516.39,
    "end": 523.46,
    "speaker": "老师",
    "text": "我就要打开一个系统公共股票，"
  },
  {
    "start": 523.46,
    "end": 526.74,
    "speaker": "老师",
    "text": "我们这个嗯幺幺零，"
  },
  {
    "start": 526.74,
    "end": 531.1,
    "speaker": "老师",
    "text": "那不是应该有一个定义给你，"
  },
  {
    "start": 531.1,
    "end": 540.03,
    "speaker": "老师",
    "text": "就是说这是有两条边上面那一个材料，"
  },
  {
    "start": 540.03,
    "end": 544.58,
    "speaker": "老师",
    "text": "还有就个刚才如果你可能解决走吧，"
  },
  {
    "start": 544.58,
    "end": 547.25,
    "speaker": "老师",
    "text": "就是这样子对不对？"
  },
  {
    "start": 547.25,
    "end": 552.74,
    "speaker": "老师",
    "text": "你还真的就想，"
  },
  {
    "start": 552.74,
    "end": 557.6,
    "speaker": "老师",
    "text": "那么从这是我非常朋友，"
  },
  {
    "start": 557.6,
    "end": 566.06,
    "speaker": "老师",
    "text": "将是我们这样好人民币什么都可以。"
  },
  {
    "start": 566.06,
    "end": 569.15,
    "speaker": "老师",
    "text": "那么题能告诉我什么呢？"
  },
  {
    "start": 570.32,
    "end": 572.32,
    "speaker": "老师",
    "text": "还是我的根据？"
  },
  {
    "start": 572.32,
    "end": 578.25,
    "speaker": "老师",
    "text": "可始我毕定是这个这么你们去，"
  },
  {
    "start": 578.25,
    "end": 585.53,
    "speaker": "老师",
    "text": "你去看看这个这么久，"
  },
  {
    "start": 585.53,
    "end": 585.87,
    "speaker": "老师",
    "text": "嗯，"
  },
  {
    "start": 586.99,
    "end": 590.58,
    "speaker": "老师",
    "text": "他们在什么动漫，"
  },
  {
    "start": 592.71,
    "end": 594.29,
    "speaker": "老师",
    "text": "你为哦这么简单，"
  },
  {
    "start": 594.29,
    "end": 608.38,
    "speaker": "老师",
    "text": "那是那这个这两个材料是不是看那个那么这个有承担的条件，"
  },
  {
    "start": 608.38,
    "end": 615.6,
    "speaker": "老师",
    "text": "你的还有一张真正的很，"
  },
  {
    "start": 615.6,
    "end": 620.11,
    "speaker": "老师",
    "text": "旁边还要公公公别拖累。"
  },
  {
    "start": 620.11,
    "end": 641.47,
    "speaker": "老师",
    "text": "那你的思路基本上是我我们现在就是这这样，"
  },
  {
    "start": 641.47,
    "end": 646.76,
    "speaker": "老师",
    "text": "那么看有没题这感觉，"
  },
  {
    "start": 646.76,
    "end": 663.68,
    "speaker": "老师",
    "text": "还有两公路边完全不需要我们嗯直是证题。"
  },
  {
    "start": 663.68,
    "end": 665.24,
    "speaker": "老师",
    "text": "我跟你讲，"
  },
  {
    "start": 665.24,
    "end": 666.8,
    "speaker": "老师",
    "text": "好的，"
  },
  {
    "start": 666.8,
    "end": 667.57,
    "speaker": "老师",
    "text": "加油长嗯，"
  },
  {
    "start": 669.8,
    "end": 676.4,
    "speaker": "老师",
    "text": "听不懂有吗？"
  },
  {
    "start": 676.4,
    "end": 681.39,
    "speaker": "老师",
    "text": "不用并并并没有目标，"
  },
  {
    "start": 681.39,
    "end": 686.08,
    "speaker": "老师",
    "text": "他属于把这个，"
  },
  {
    "start": 686.08,
    "end": 690.32,
    "speaker": "老师",
    "text": "因为我们没有，"
  },
  {
    "start": 690.32,
    "end": 692.39,
    "speaker": "老师",
    "text": "那就变变变。"
  },
  {
    "start": 692.45,
    "end": 700.38,
    "speaker": "老师",
    "text": "这个是点来之后我就会没有。"
  },
  {
    "start": 706.32,
    "end": 717.38,
    "speaker": "老师",
    "text": "我们两个说你嗯嗯就是这个这个是不是a就是BAB吗？"
  },
  {
    "start": 720.94,
    "end": 724.34,
    "speaker": "老师",
    "text": "这边是是色的，"
  },
  {
    "start": 724.34,
    "end": 732.58,
    "speaker": "老师",
    "text": "给个一定要好看。"
  },
  {
    "start": 733.35,
    "end": 733.71,
    "speaker": "老师",
    "text": "对，"
  },
  {
    "start": 733.71,
    "end": 740.1,
    "speaker": "老师",
    "text": "看一下今天的第一个那个怎么的，"
  },
  {
    "start": 740.12,
    "end": 744.16,
    "speaker": "老师",
    "text": "然后再有什么问题，"
  },
  {
    "start": 747.54,
    "end": 754.91,
    "speaker": "老师",
    "text": "如说在一个三角形ABC中，"
  },
  {
    "start": 754.91,
    "end": 763.35,
    "speaker": "老师",
    "text": "如果你我真的不是这你们什么时候不去，"
  },
  {
    "start": 763.35,
    "end": 767.14,
    "speaker": "老师",
    "text": "那么那不是这么几个问，"
  },
  {
    "start": 767.14,
    "end": 767.76,
    "speaker": "老师",
    "text": "可以的，"
  },
  {
    "start": 767.76,
    "end": 776.09,
    "speaker": "老师",
    "text": "没有问题告诉对，"
  },
  {
    "start": 776.09,
    "end": 777.51,
    "speaker": "老师",
    "text": "也不能不行。"
  },
  {
    "start": 777.51,
    "end": 779.07,
    "speaker": "老师",
    "text": "这里一条边这里不行的。"
  },
  {
    "start": 779.07,
    "end": 779.47,
    "speaker": "老师",
    "text": "嗯，"
  },
  {
    "start": 780.98,
    "end": 781.5,
    "speaker": "老师",
    "text": "同意好，"
  },
  {
    "start": 781.5,
    "end": 783.15,
    "speaker": "老师",
    "text": "他在打，"
  },
  {
    "start": 783.75,
    "end": 784.65,
    "speaker": "老师",
    "text": "有人问你吗？"
  },
  {
    "start": 784.65,
    "end": 785.05,
    "speaker": "老师",
    "text": "哦，"
  },
  {
    "start": 785.05,
    "end": 785.31,
    "speaker": "老师",
    "text": "好，"
  },
  {
    "start": 785.31,
    "end": 787.01,
    "speaker": "老师",
    "text": "就是你在我们三姑娘，"
  },
  {
    "start": 790.28,
    "end": 800.75,
    "speaker": "老师",
    "text": "如果这个人那这个病还有此这个这么为什么一年的名字的这么，"
  },
  {
    "start": 800.75,
    "end": 808.8,
    "speaker": "老师",
    "text": "你都你告诉我这个不想的那我们那你们可能是有关系的。"
  },
  {
    "start": 808.8,
    "end": 811.37,
    "speaker": "老师",
    "text": "那么因为没有没有，"
  },
  {
    "start": 811.37,
    "end": 813.5,
    "speaker": "老师",
    "text": "这不是这么呀呀，"
  },
  {
    "start": 813.5,
    "end": 820.32,
    "speaker": "老师",
    "text": "那个是他们天哪，"
  },
  {
    "start": 820.32,
    "end": 826.0,
    "speaker": "老师",
    "text": "我现在是不想，"
  },
  {
    "start": 826.0,
    "end": 833.99,
    "speaker": "老师",
    "text": "如果说你开我不会可以相样的，"
  },
  {
    "start": 833.99,
    "end": 839.13,
    "speaker": "老师",
    "text": "你桌间里没什么什么呢？"
  },
  {
    "start": 839.19,
    "end": 849.26,
    "speaker": "老师",
    "text": "如果公司公司我们在右边边这个位置，"
  },
  {
    "start": 850.34,
    "end": 854.87,
    "speaker": "老师",
    "text": "我们知道左边就不行了。"
  },
  {
    "start": 854.87,
    "end": 861.29,
    "speaker": "老师",
    "text": "那么你的用务怎么样，"
  },
  {
    "start": 862.67,
    "end": 875.3,
    "speaker": "老师",
    "text": "和你的题目告诉我的这个定刻奖值会怎么样？"
  },
  {
    "start": 875.3,
    "end": 882.04,
    "speaker": "老师",
    "text": "首先你告诉我，"
  },
  {
    "start": 882.04,
    "end": 887.16,
    "speaker": "老师",
    "text": "我根据你那据我个a我是不是的，"
  },
  {
    "start": 891.45,
    "end": 896.63,
    "speaker": "老师",
    "text": "那么你你什么时候告诉我一下，"
  },
  {
    "start": 896.63,
    "end": 901.42,
    "speaker": "老师",
    "text": "你我想问一下，"
  },
  {
    "start": 901.42,
    "end": 904.87,
    "speaker": "老师",
    "text": "那么重做是什么不对呀，"
  },
  {
    "start": 906.2,
    "end": 909.32,
    "speaker": "老师",
    "text": "什么都那么这个板块呢，"
  },
  {
    "start": 909.32,
    "end": 911.7,
    "speaker": "老师",
    "text": "只能等十分钟，"
  },
  {
    "start": 911.7,
    "end": 916.22,
    "speaker": "老师",
    "text": "那个候理别人讲出么？"
  },
  {
    "start": 919.09,
    "end": 919.33,
    "speaker": "老师",
    "text": "对，"
  },
  {
    "start": 919.33,
    "end": 919.51,
    "speaker": "老师",
    "text": "好，"
  },
  {
    "start": 919.51,
    "end": 923.9,
    "speaker": "老师",
    "text": "我每天很能理解。"
  },
  {
    "start": 924.86,
    "end": 927.95,
    "speaker": "老师",
    "text": "那这个我给你过去，"
  },
  {
    "start": 931.07,
    "end": 942.24,
    "speaker": "老师",
    "text": "你什么时候到了这个过程，"
  },
  {
    "start": 942.24,
    "end": 944.89,
    "speaker": "老师",
    "text": "跟着我他，"
  },
  {
    "start": 945.31,
    "end": 957.45,
    "speaker": "老师",
    "text": "我们没钱认为在这里不知道。"
  },
  {
    "start": 957.45,
    "end": 970.79,
    "speaker": "老师",
    "text": "那你这个主任然后有也没没没或者嗯会给你证明过得。"
  },
  {
    "start": 970.79,
    "end": 977.36,
    "speaker": "老师",
    "text": "我们从啊你一定这个我们称之为正个，"
  },
  {
    "start": 977.36,
    "end": 980.57,
    "speaker": "老师",
    "text": "还有这个过我们不懂，"
  },
  {
    "start": 980.57,
    "end": 985.19,
    "speaker": "老师",
    "text": "那就那这个那么真的不能真的不可能，"
  },
  {
    "start": 986.16,
    "end": 990.97,
    "speaker": "老师",
    "text": "你怎么坐着怎怎样。"
  },
  {
    "start": 990.97,
    "end": 997.32,
    "speaker": "老师",
    "text": "我觉得我们讲我讲出了问题的结论，"
  },
  {
    "start": 997.32,
    "end": 1002.83,
    "speaker": "老师",
    "text": "然后我们从这个角射出这种正确的身份。"
  },
  {
    "start": 1002.83,
    "end": 1016.55,
    "speaker": "老师",
    "text": "那为什么有什么就是什么回事，"
  },
  {
    "start": 1016.57,
    "end": 1021.06,
    "speaker": "老师",
    "text": "你这个人并没有，"
  },
  {
    "start": 1021.06,
    "end": 1025.94,
    "speaker": "老师",
    "text": "或者你告诉我什么，"
  },
  {
    "start": 1025.94,
    "end": 1029.35,
    "speaker": "老师",
    "text": "那么就这么好，"
  },
  {
    "start": 1029.35,
    "end": 1035.14,
    "speaker": "老师",
    "text": "这个是我不会有矛盾的。"
  },
  {
    "start": 1035.14,
    "end": 1041.26,
    "speaker": "老师",
    "text": "结果判定会这个我说靠不懂没有保护队，"
  },
  {
    "start": 1041.26,
    "end": 1046.19,
    "speaker": "老师",
    "text": "这那个其中不能有两如图给你。"
  },
  {
    "start": 1046.67,
    "end": 1048.29,
    "speaker": "老师",
    "text": "嗯，"
  },
  {
    "start": 1048.29,
    "end": 1050.8,
    "speaker": "老师",
    "text": "我的傻傻逼找滚滚，"
  },
  {
    "start": 1051.02,
    "end": 1059.48,
    "speaker": "老师",
    "text": "那我那个这个这个那我根据顶度，"
  },
  {
    "start": 1059.48,
    "end": 1062.94,
    "speaker": "老师",
    "text": "我们要我的不成定。"
  },
  {
    "start": 1063.28,
    "end": 1069.06,
    "speaker": "老师",
    "text": "对那那这个的的的要求不是，"
  },
  {
    "start": 1069.06,
    "end": 1076.13,
    "speaker": "老师",
    "text": "那么你们这个结论是不能就这样，"
  },
  {
    "start": 1078.33,
    "end": 1091.28,
    "speaker": "老师",
    "text": "这个所有的钱要么呢就更有那么更有六十分钟，"
  },
  {
    "start": 1091.32,
    "end": 1091.78,
    "speaker": "老师",
    "text": "谢谢。"
  },
  {
    "start": 1091.78,
    "end": 1096.68,
    "speaker": "老师",
    "text": "那么不是他们讲说，"
  },
  {
    "start": 1096.68,
    "end": 1098.98,
    "speaker": "老师",
    "text": "我可以嗯，"
  },
  {
    "start": 1098.98,
    "end": 1102.84,
    "speaker": "老师",
    "text": "那么从现在这呢我怎么去推，"
  },
  {
    "start": 1102.84,
    "end": 1103.78,
    "speaker": "老师",
    "text": "怎么去推定。"
  },
  {
    "start": 1103.78,
    "end": 1108.36,
    "speaker": "老师",
    "text": "所以也就是说这三个当中有个个人，"
  },
  {
    "start": 1108.56,
    "end": 1116.94,
    "speaker": "老师",
    "text": "那么说了确定我们如果说这也个，"
  },
  {
    "start": 1116.94,
    "end": 1129.0,
    "speaker": "老师",
    "text": "他们整个也不会就在怎么超过很好。"
  },
  {
    "start": 1129.0,
    "end": 1138.27,
    "speaker": "老师",
    "text": "那我们任何三个随便是一百八十多的，"
  },
  {
    "start": 1138.27,
    "end": 1148.6,
    "speaker": "老师",
    "text": "这是为什么我们就曾经被迫，"
  },
  {
    "start": 1148.6,
    "end": 1155.63,
    "speaker": "老师",
    "text": "当时我们也证明过怎么这么对不对？"
  },
  {
    "start": 1157.77,
    "end": 1168.08,
    "speaker": "老师",
    "text": "所以走这个我们已经这么，"
  },
  {
    "start": 1168.08,
    "end": 1177.59,
    "speaker": "老师",
    "text": "这是什要这边我们把它过去。"
  },
  {
    "start": 1177.59,
    "end": 1181.53,
    "speaker": "老师",
    "text": "对对，"
  },
  {
    "start": 1181.53,
    "end": 1190.58,
    "speaker": "老师",
    "text": "就跟你讲的是家里在心中有两个，"
  },
  {
    "start": 1190.72,
    "end": 1198.66,
    "speaker": "老师",
    "text": "你不是说不能有好啊，"
  },
  {
    "start": 1199.98,
    "end": 1202.63,
    "speaker": "老师",
    "text": "那我就有五有。"
  },
  {
    "start": 1202.63,
    "end": 1207.97,
    "speaker": "老师",
    "text": "那么因为他们，"
  },
  {
    "start": 1207.97,
    "end": 1219.82,
    "speaker": "老师",
    "text": "所以我就不对这个将兵将者成就对你不嗯再去操作，"
  },
  {
    "start": 1222.93,
    "end": 1224.24,
    "speaker": "老师",
    "text": "你有关系，"
  },
  {
    "start": 1224.24,
    "end": 1226.9,
    "speaker": "老师",
    "text": "因为讲是过来过来。"
  },
  {
    "start": 1226.9,
    "end": 1227.08,
    "speaker": "老师",
    "text": "嗯，"
  },
  {
    "start": 1227.08,
    "end": 1229.5,
    "speaker": "老师",
    "text": "那么这个结论啊，"
  },
  {
    "start": 1229.76,
    "end": 1233.04,
    "speaker": "老师",
    "text": "这是我从这样做，"
  },
  {
    "start": 1233.74,
    "end": 1248.25,
    "speaker": "老师",
    "text": "就是推推们推出了这么一个结论。"
  },
  {
    "start": 1248.25,
    "end": 1254.73,
    "speaker": "老师",
    "text": "但这个整个内容就不说了，"
  },
  {
    "start": 1254.73,
    "end": 1263.56,
    "speaker": "老师",
    "text": "可以真的这个我们的保了我们产品，"
  },
  {
    "start": 1266.72,
    "end": 1275.65,
    "speaker": "老师",
    "text": "我的这等会儿这面嗯没有这个就可以该。"
  },
  {
    "start": 1275.81,
    "end": 1280.68,
    "speaker": "老师",
    "text": "然后这个怎么说，"
  },
  {
    "start": 1280.68,
    "end": 1289.39,
    "speaker": "老师",
    "text": "走比三的途中更有力，"
  },
  {
    "start": 1291.3,
    "end": 1293.49,
    "speaker": "老师",
    "text": "什么叫没有会对吧？"
  },
  {
    "start": 1293.49,
    "end": 1301.97,
    "speaker": "老师",
    "text": "那有今天中国的应该是这个就就很问题。"
  },
  {
    "start": 1305.62,
    "end": 1305.84,
    "speaker": "老师",
    "text": "嗯，"
  },
  {
    "start": 1305.84,
    "end": 1310.31,
    "speaker": "老师",
    "text": "再我三十秒可以病，"
  },
  {
    "start": 1310.37,
    "end": 1315.24,
    "speaker": "老师",
    "text": "病这个嗯过了，"
  },
  {
    "start": 1315.24,
    "end": 1322.63,
    "speaker": "老师",
    "text": "我盯住被的责任，"
  },
  {
    "start": 1322.63,
    "end": 1332.21,
    "speaker": "老师",
    "text": "然后呢那冲不动，"
  },
  {
    "start": 1332.21,
    "end": 1332.91,
    "speaker": "老师",
    "text": "谢谢。"
  },
  {
    "start": 1333.96,
    "end": 1335.28,
    "speaker": "老师",
    "text": "嗯，"
  },
  {
    "start": 1335.32,
    "end": 1341.38,
    "speaker": "老师",
    "text": "正在这摄影力量这个问题的话，"
  },
  {
    "start": 1341.38,
    "end": 1346.14,
    "speaker": "老师",
    "text": "那个合同不要走走。"
  },
  {
    "start": 1346.52,
    "end": 1346.95,
    "speaker": "老师",
    "text": "嗯，"
  },
  {
    "start": 1348.02,
    "end": 1355.2,
    "speaker": "老师",
    "text": "那我们我们终于因果，"
  },
  {
    "start": 1355.2,
    "end": 1363.87,
    "speaker": "老师",
    "text": "你告诉我转苹果这个部位可以讲爱吃怎么走，"
  },
  {
    "start": 1364.7,
    "end": 1368.94,
    "speaker": "老师",
    "text": "你那个锁屏是你的吧，"
  },
  {
    "start": 1372.14,
    "end": 1374.48,
    "speaker": "老师",
    "text": "你拿了什么？"
  },
  {
    "start": 1374.48,
    "end": 1374.98,
    "speaker": "老师",
    "text": "好的，"
  },
  {
    "start": 1375.08,
    "end": 1389.72,
    "speaker": "老师",
    "text": "我的因为我觉得你们平时认识的叫什么来字，"
  },
  {
    "start": 1389.72,
    "end": 1390.6,
    "speaker": "老师",
    "text": "是不是？"
  },
  {
    "start": 1390.6,
    "end": 1396.99,
    "speaker": "老师",
    "text": "那么呢这里六加一等于，"
  },
  {
    "start": 1398.24,
    "end": 1405.75,
    "speaker": "老师",
    "text": "那就是就我大家说一句就是嗯我不行，"
  },
  {
    "start": 1406.03,
    "end": 1411.77,
    "speaker": "老师",
    "text": "你好好陪养，"
  },
  {
    "start": 1411.77,
    "end": 1413.25,
    "speaker": "老师",
    "text": "再见了。"
  },
  {
    "start": 1413.41,
    "end": 1413.83,
    "speaker": "老师",
    "text": "你好，"
  },
  {
    "start": 1413.83,
    "end": 1425.48,
    "speaker": "老师",
    "text": "那个有因为在这个过程中并东西我们的并不非常多，"
  },
  {
    "start": 1425.48,
    "end": 1429.89,
    "speaker": "老师",
    "text": "又能更多的统这个配常。"
  },
  {
    "start": 1429.89,
    "end": 1430.11,
    "speaker": "老师",
    "text": "嗯，"
  },
  {
    "start": 1430.11,
    "end": 1430.78,
    "speaker": "老师",
    "text": "对对对，"
  },
  {
    "start": 1431.33,
    "end": 1435.92,
    "speaker": "老师",
    "text": "这个比较真的，"
  },
  {
    "start": 1435.92,
    "end": 1447.47,
    "speaker": "老师",
    "text": "这个事情不是不会对，"
  },
  {
    "start": 1448.25,
    "end": 1450.17,
    "speaker": "老师",
    "text": "嗯嗯，"
  },
  {
    "start": 1450.17,
    "end": 1454.49,
    "speaker": "老师",
    "text": "都很我这个统一个大家，"
  },
  {
    "start": 1454.55,
    "end": 1466.12,
    "speaker": "老师",
    "text": "你们这两个就是我们这里的，"
  },
  {
    "start": 1466.12,
    "end": 1467.34,
    "speaker": "老师",
    "text": "你你错不行。"
  },
  {
    "start": 1467.34,
    "end": 1477.22,
    "speaker": "老师",
    "text": "那么在这个证明过程好熟悉以后，"
  },
  {
    "start": 1477.22,
    "end": 1481.04,
    "speaker": "老师",
    "text": "如果用我长会动，"
  },
  {
    "start": 1481.04,
    "end": 1481.69,
    "speaker": "老师",
    "text": "是不是？"
  },
  {
    "start": 1482.18,
    "end": 1484.32,
    "speaker": "老师",
    "text": "我他妈如图三角。"
  },
  {
    "start": 1484.32,
    "end": 1485.59,
    "speaker": "老师",
    "text": "嗯嗯，"
  },
  {
    "start": 1485.59,
    "end": 1496.57,
    "speaker": "老师",
    "text": "我们所有就这一是也是也是跟你一样给你调一下。"
  },
  {
    "start": 1497.72,
    "end": 1498.32,
    "speaker": "老师",
    "text": "是的，"
  },
  {
    "start": 1498.52,
    "end": 1502.35,
    "speaker": "老师",
    "text": "这个三角崇州一百就ok了。"
  },
  {
    "start": 1502.35,
    "end": 1508.35,
    "speaker": "老师",
    "text": "他说嗯有有这个啊，"
  },
  {
    "start": 1508.35,
    "end": 1521.56,
    "speaker": "老师",
    "text": "那么这个嗯这个三角欢迎我要给你们说你们，"
  },
  {
    "start": 1525.14,
    "end": 1525.65,
    "speaker": "老师",
    "text": "谢谢。"
  },
  {
    "start": 1528.32,
    "end": 1533.49,
    "speaker": "老师",
    "text": "这个先睡觉看视频，"
  },
  {
    "start": 1533.49,
    "end": 1549.22,
    "speaker": "老师",
    "text": "你后面这么今间一共有多少台在人家才们整洁，"
  },
  {
    "start": 1549.66,
    "end": 1550.26,
    "speaker": "老师",
    "text": "嗯嗯，"
  },
  {
    "start": 1550.26,
    "end": 1552.26,
    "speaker": "老师",
    "text": "对不对？"
  },
  {
    "start": 1552.26,
    "end": 1560.38,
    "speaker": "老师",
    "text": "三十六、三十六，"
  },
  {
    "start": 1560.38,
    "end": 1564.8,
    "speaker": "老师",
    "text": "这也也是一个对你走了。"
  },
  {
    "start": 1564.8,
    "end": 1569.3,
    "speaker": "老师",
    "text": "好的，"
  },
  {
    "start": 1569.3,
    "end": 1587.56,
    "speaker": "老师",
    "text": "对我看觉这个我这样子择这个月我一共有三，"
  },
  {
    "start": 1587.56,
    "end": 1590.44,
    "speaker": "老师",
    "text": "如果AB等于零，"
  },
  {
    "start": 1591.15,
    "end": 1593.74,
    "speaker": "老师",
    "text": "那么AC等于多少？"
  },
  {
    "start": 1593.74,
    "end": 1602.95,
    "speaker": "老师",
    "text": "您的意思是因为您就能把哦嗯感觉说错了。"
  },
  {
    "start": 1602.95,
    "end": 1604.15,
    "speaker": "老师",
    "text": "嗯嗯，"
  },
  {
    "start": 1604.15,
    "end": 1611.53,
    "speaker": "老师",
    "text": "你们自己的嗯嗯是不是这个真的是太重要了，"
  },
  {
    "start": 1611.53,
    "end": 1613.62,
    "speaker": "老师",
    "text": "一直等于对吧？"
  },
  {
    "start": 1614.16,
    "end": 1617.15,
    "speaker": "老师",
    "text": "意思好，"
  },
  {
    "start": 1617.15,
    "end": 1620.88,
    "speaker": "老师",
    "text": "现在如果我就说品嗯，"
  },
  {
    "start": 1621.86,
    "end": 1628.83,
    "speaker": "老师",
    "text": "这个时候途中一共有多少个等腰三角形？"
  },
  {
    "start": 1628.83,
    "end": 1632.71,
    "speaker": "老师",
    "text": "这边好，"
  },
  {
    "start": 1632.71,
    "end": 1642.39,
    "speaker": "老师",
    "text": "我这么好的这个口量超的那我刚那是我们跟他们，"
  },
  {
    "start": 1644.64,
    "end": 1645.1,
    "speaker": "老师",
    "text": "嗯，"
  },
  {
    "start": 1650.01,
    "end": 1652.26,
    "speaker": "老师",
    "text": "因为这条是能，"
  },
  {
    "start": 1653.13,
    "end": 1662.6,
    "speaker": "老师",
    "text": "那么这个讲就等于这个奖物屏，"
  },
  {
    "start": 1662.6,
    "end": 1665.06,
    "speaker": "老师",
    "text": "你通过一把怎么讲这边的，"
  },
  {
    "start": 1665.14,
    "end": 1666.28,
    "speaker": "老师",
    "text": "那么是可以，"
  },
  {
    "start": 1666.28,
    "end": 1673.38,
    "speaker": "老师",
    "text": "所以你们要正确哦，"
  },
  {
    "start": 1673.38,
    "end": 1685.18,
    "speaker": "老师",
    "text": "b就是b是不是这个为什么后面这个这么一款这么长的，"
  },
  {
    "start": 1685.18,
    "end": 1686.7,
    "speaker": "老师",
    "text": "我们就展，"
  },
  {
    "start": 1688.64,
    "end": 1692.93,
    "speaker": "老师",
    "text": "这是处理的，"
  },
  {
    "start": 1693.59,
    "end": 1694.62,
    "speaker": "老师",
    "text": "怎么也处理。"
  },
  {
    "start": 1695.93,
    "end": 1699.4,
    "speaker": "老师",
    "text": "这的这是你过去这个那个这个吗？"
  },
  {
    "start": 1699.4,
    "end": 1701.51,
    "speaker": "老师",
    "text": "不能在陈皮，"
  },
  {
    "start": 1701.67,
    "end": 1705.09,
    "speaker": "老师",
    "text": "如果没有找什么东西，"
  },
  {
    "start": 1705.09,
    "end": 1714.3,
    "speaker": "老师",
    "text": "你讲你我们根据不是对我操，"
  },
  {
    "start": 1715.08,
    "end": 1718.09,
    "speaker": "老师",
    "text": "没有对这意下。"
  },
  {
    "start": 1718.23,
    "end": 1726.47,
    "speaker": "老师",
    "text": "那我一下呢给你们讲，"
  },
  {
    "start": 1726.47,
    "end": 1733.86,
    "speaker": "老师",
    "text": "有可以这个那么重新的怎一下抖音体验那就行，"
  },
  {
    "start": 1733.86,
    "end": 1745.21,
    "speaker": "老师",
    "text": "可不可以一个真的不是我们喜欢完全哦需要，"
  },
  {
    "start": 1745.21,
    "end": 1757.9,
    "speaker": "老师",
    "text": "我不需要为什么不加啊公平处理这个钱价，"
  },
  {
    "start": 1760.84,
    "end": 1766.01,
    "speaker": "老师",
    "text": "那么这个不要是不是等一下，"
  },
  {
    "start": 1766.01,
    "end": 1777.53,
    "speaker": "老师",
    "text": "那我为什么更多的屏如果不为平行，"
  },
  {
    "start": 1777.53,
    "end": 1780.55,
    "speaker": "老师",
    "text": "那么就是这样吗？"
  },
  {
    "start": 1780.55,
    "end": 1781.03,
    "speaker": "老师",
    "text": "好，"
  },
  {
    "start": 1781.11,
    "end": 1788.42,
    "speaker": "老师",
    "text": "那么我们从这个命题的结论怎么样？"
  },
  {
    "start": 1788.42,
    "end": 1795.23,
    "speaker": "老师",
    "text": "重点的没有东西怎么样，"
  },
  {
    "start": 1795.29,
    "end": 1810.52,
    "speaker": "老师",
    "text": "那就那就要不就找留一个我解决什么问题呢？"
  },
  {
    "start": 1810.9,
    "end": 1819.44,
    "speaker": "老师",
    "text": "不然我平时嗯我想玩PC的，"
  },
  {
    "start": 1819.46,
    "end": 1821.8,
    "speaker": "老师",
    "text": "在前个时候规定优点很全多的。"
  },
  {
    "start": 1821.58,
    "end": 1821.8,
    "speaker": "老师",
    "text": "平时么你说你好，"
  },
  {
    "start": 1821.58,
    "end": 1821.8,
    "speaker": "老师",
    "text": "首先我们那边去嗯就是不想跟你讲是么那这种东它不是人浆，"
  },
  {
    "start": 1821.58,
    "end": 1821.8,
    "speaker": "老师",
    "text": "那那个不是人浆，"
  },
  {
    "start": 1821.58,
    "end": 1821.8,
    "speaker": "老师",
    "text": "我们就不应该推推出他没关系在能翻成平是一样，"
  },
  {
    "start": 1821.58,
    "end": 1821.8,
    "speaker": "老师",
    "text": "你直能告诉我。"
  },
  {
    "start": 1821.58,
    "end": 1821.8,
    "speaker": "老师",
    "text": "没事，"
  },
  {
    "start": 1821.58,
    "end": 1821.8,
    "speaker": "老师",
    "text": "这两天经过一点六九九九，"
  },
  {
    "start": 1821.58,
    "end": 1821.8,
    "speaker": "老师",
    "text": "对，"
  },
  {
    "start": 1821.58,
    "end": 1821.8,
    "speaker": "老师",
    "text": "留问一下怎么好？"
  },
  {
    "start": 1821.58,
    "end": 1821.8,
    "speaker": "老师",
    "text": "我平时这天有这么长，"
  },
  {
    "start": 1821.58,
    "end": 1821.8,
    "speaker": "老师",
    "text": "就是你是那个是候位也是这样，"
  },
  {
    "start": 1821.58,
    "end": 1821.8,
    "speaker": "老师",
    "text": "那么也就说过要吧，"
  },
  {
    "start": 1821.58,
    "end": 1821.8,
    "speaker": "老师",
    "text": "谢谢。"
  },
  {
    "start": 1821.58,
    "end": 1821.8,
    "speaker": "老师",
    "text": "这在有点点难熟一条路不管就在嗯嗯这么时候对我们说，"
  },
  {
    "start": 1821.58,
    "end": 1821.8,
    "speaker": "老师",
    "text": "如果我又有那个嗯嗯你要这个从外这么豪盾的产品，"
  },
  {
    "start": 1821.58,
    "end": 1821.8,
    "speaker": "老师",
    "text": "都是我们真正的整个的是然这个是否则的这什么感觉得这个一个两个就为什么不好？"
  },
  {
    "start": 1821.58,
    "end": 1821.8,
    "speaker": "老师",
    "text": "你就我们今天呢有一周，"
  },
  {
    "start": 1821.58,
    "end": 1821.8,
    "speaker": "老师",
    "text": "嗯，"
  },
  {
    "start": 1821.58,
    "end": 1821.8,
    "speaker": "老师",
    "text": "我们不前的，"
  },
  {
    "start": 1821.58,
    "end": 1821.8,
    "speaker": "老师",
    "text": "后面就这样不要三角，"
  },
  {
    "start": 1821.58,
    "end": 1821.8,
    "speaker": "老师",
    "text": "这样等一下别人要不好的，"
  },
  {
    "start": 1821.58,
    "end": 1821.8,
    "speaker": "老师",
    "text": "你这一定是有记住这个某一个产就得回转一下。"
  },
  {
    "start": 1821.58,
    "end": 1821.8,
    "speaker": "老师",
    "text": "嗯，"
  },
  {
    "start": 1821.58,
    "end": 1821.8,
    "speaker": "老师",
    "text": "对不起你好。"
  },
  {
    "start": 1821.58,
    "end": 1821.8,
    "speaker": "老师",
    "text": "对呀，"
  },
  {
    "start": 1821.58,
    "end": 1821.8,
    "speaker": "老师",
    "text": "不想要变这个成品感，"
  },
  {
    "start": 1821.58,
    "end": 1821.8,
    "speaker": "老师",
    "text": "这感觉方法。"
  },
  {
    "start": 1821.58,
    "end": 1821.8,
    "speaker": "老师",
    "text": "那么这个不止，"
  },
  {
    "start": 1821.58,
    "end": 1821.8,
    "speaker": "老师",
    "text": "然后你你这个并不好吧，"
  },
  {
    "start": 1821.58,
    "end": 1821.8,
    "speaker": "老师",
    "text": "原动我们一个今天我们就是不是左右同时努力认真管都是。"
  }
]