[
  {
    "start": 9.64,
    "end": 11.2,
    "speaker": "老师",
    "text": "同学们，"
  },
  {
    "start": 11.2,
    "end": 13.41,
    "speaker": "老师",
    "text": "大家好，"
  },
  {
    "start": 13.65,
    "end": 17.49,
    "speaker": "老师",
    "text": "我们又见面了。"
  },
  {
    "start": 17.49,
    "end": 20.03,
    "speaker": "老师",
    "text": "在正式上课之前，"
  },
  {
    "start": 20.11,
    "end": 29.58,
    "speaker": "老师",
    "text": "请同学们准备好直尺、铅笔、橡皮擦等作图工具。"
  },
  {
    "start": 29.58,
    "end": 45.0,
    "speaker": "老师",
    "text": "今天我们要学习的内容是十九点二点三一次函数与方程不等式第二课时。"
  },
  {
    "start": 45.0,
    "end": 52.21,
    "speaker": "老师",
    "text": "首先我们来回顾一下上一节课所学内容。"
  },
  {
    "start": 52.21,
    "end": 55.02,
    "speaker": "老师",
    "text": "在上一节课当中，"
  },
  {
    "start": 55.02,
    "end": 71.22,
    "speaker": "老师",
    "text": "我们首先学习了一次函数以一元一次方程的关系，"
  },
  {
    "start": 71.22,
    "end": 75.56,
    "speaker": "老师",
    "text": "同学们还记得吗？"
  },
  {
    "start": 75.62,
    "end": 82.36,
    "speaker": "老师",
    "text": "求一元一次方程AX加b等于零的解。"
  },
  {
    "start": 82.86,
    "end": 86.46,
    "speaker": "老师",
    "text": "从数的角度来看，"
  },
  {
    "start": 86.58,
    "end": 94.83,
    "speaker": "老师",
    "text": "就是求一次函数y等于AX加b的函数值，"
  },
  {
    "start": 94.83,
    "end": 101.49,
    "speaker": "老师",
    "text": "y等于零时对应自变量x的值。"
  },
  {
    "start": 102.03,
    "end": 105.51,
    "speaker": "老师",
    "text": "从行的角度来看，"
  },
  {
    "start": 105.55,
    "end": 119.72,
    "speaker": "老师",
    "text": "就是求直线y等于AX加b与x轴交点的横坐标，"
  },
  {
    "start": 119.72,
    "end": 126.1,
    "speaker": "老师",
    "text": "一次函数与二元一次方程的关系。"
  },
  {
    "start": 126.14,
    "end": 141.33,
    "speaker": "老师",
    "text": "一次函数y等于KX加b图像上的每一个点的横纵坐标，"
  },
  {
    "start": 141.33,
    "end": 162.16,
    "speaker": "老师",
    "text": "就是关于XY的二元一次方程y等于KX加b的一组解以二元一次方程y等于KX加b的解为坐标的点。"
  },
  {
    "start": 162.16,
    "end": 169.72,
    "speaker": "老师",
    "text": "在一次函数y等于KX加b的图像。"
  },
  {
    "start": 169.72,
    "end": 172.52,
    "speaker": "老师",
    "text": "上上节课当中，"
  },
  {
    "start": 172.54,
    "end": 183.64,
    "speaker": "老师",
    "text": "我们还学习了一次函数与二元一次方程组的关系。"
  },
  {
    "start": 183.68,
    "end": 191.83,
    "speaker": "老师",
    "text": "二元一次方程组的解就是相应两条直线的交点坐标，"
  },
  {
    "start": 191.85,
    "end": 198.13,
    "speaker": "老师",
    "text": "两条直线的交点坐标就是相应的二元一次方程组的解。"
  },
  {
    "start": 198.25,
    "end": 211.18,
    "speaker": "老师",
    "text": "接下来我们将运用前面所学的知识和上节课类似的研究方法。"
  },
  {
    "start": 211.18,
    "end": 214.24,
    "speaker": "老师",
    "text": "进入今天的第一个数学活动，"
  },
  {
    "start": 214.34,
    "end": 227.0,
    "speaker": "老师",
    "text": "探究一探究一次函数与一元一次不等式之间的关系。"
  },
  {
    "start": 227.04,
    "end": 238.73,
    "speaker": "老师",
    "text": "请同学们在平面直角坐标系内画出y等于三x加二的图像。"
  },
  {
    "start": 238.73,
    "end": 241.06,
    "speaker": "老师",
    "text": "第一步，"
  },
  {
    "start": 241.1,
    "end": 243.68,
    "speaker": "老师",
    "text": "列表表格已经呈现，"
  },
  {
    "start": 243.68,
    "end": 286.17,
    "speaker": "老师",
    "text": "请同学们观察上表求函数值y等于零，"
  },
  {
    "start": 286.43,
    "end": 292.44,
    "speaker": "老师",
    "text": "y大于零y小于零时自变量的值。"
  },
  {
    "start": 293.08,
    "end": 295.72,
    "speaker": "老师",
    "text": "请同学们认真观察，"
  },
  {
    "start": 296.26,
    "end": 299.22,
    "speaker": "老师",
    "text": "并求出相应自变量的值。"
  },
  {
    "start": 299.3,
    "end": 301.16,
    "speaker": "老师",
    "text": "好，"
  },
  {
    "start": 301.18,
    "end": 302.01,
    "speaker": "老师",
    "text": "同学们，"
  },
  {
    "start": 303.12,
    "end": 306.36,
    "speaker": "老师",
    "text": "我们一起来分析一下，"
  },
  {
    "start": 306.42,
    "end": 310.67,
    "speaker": "老师",
    "text": "从表格中我们很容易看出，"
  },
  {
    "start": 310.67,
    "end": 315.49,
    "speaker": "老师",
    "text": "当函数值y等于零时，"
  },
  {
    "start": 315.63,
    "end": 322.84,
    "speaker": "老师",
    "text": "它所对应的自变量的值就是负三分之二。"
  },
  {
    "start": 322.9,
    "end": 325.33,
    "speaker": "老师",
    "text": "当y大于零时，"
  },
  {
    "start": 325.33,
    "end": 334.97,
    "speaker": "老师",
    "text": "它所对应的自变量的值都比负三分之二。"
  },
  {
    "start": 336.79,
    "end": 341.6,
    "speaker": "老师",
    "text": "大当y小于零时，"
  },
  {
    "start": 341.86,
    "end": 348.06,
    "speaker": "老师",
    "text": "它所对应的自变量的值都比负三分之二小。"
  },
  {
    "start": 348.08,
    "end": 354.02,
    "speaker": "老师",
    "text": "那么我们从表格中观察的这个结论是否正确呢？"
  },
  {
    "start": 354.02,
    "end": 355.82,
    "speaker": "老师",
    "text": "我们进一步研究，"
  },
  {
    "start": 355.82,
    "end": 364.48,
    "speaker": "老师",
    "text": "我们请看当函数值y等于零时，"
  },
  {
    "start": 364.6,
    "end": 369.56,
    "speaker": "老师",
    "text": "即三x加二等于零。"
  },
  {
    "start": 369.72,
    "end": 372.55,
    "speaker": "老师",
    "text": "这就是上节课。"
  },
  {
    "start": 372.55,
    "end": 378.13,
    "speaker": "老师",
    "text": "我们讲的一次函数与一元一次方程之间的关系，"
  },
  {
    "start": 378.13,
    "end": 384.78,
    "speaker": "老师",
    "text": "我们很容易得到x的值是等于负三分之二，"
  },
  {
    "start": 384.78,
    "end": 386.74,
    "speaker": "老师",
    "text": "函数值y大于零时，"
  },
  {
    "start": 386.74,
    "end": 388.86,
    "speaker": "老师",
    "text": "即三x加二大于零。"
  },
  {
    "start": 389.3,
    "end": 396.34,
    "speaker": "老师",
    "text": "那么同学们看一下三x加二大于零，"
  },
  {
    "start": 396.5,
    "end": 405.25,
    "speaker": "老师",
    "text": "是不是我们前面非常熟悉的一元一次不等式呢？"
  },
  {
    "start": 405.49,
    "end": 408.77,
    "speaker": "老师",
    "text": "这个不等式的解集，"
  },
  {
    "start": 409.15,
    "end": 413.57,
    "speaker": "老师",
    "text": "我相信同学们很快能得到答案。"
  },
  {
    "start": 417.53,
    "end": 423.94,
    "speaker": "老师",
    "text": "不等式的解集为x大于负三分之二，"
  },
  {
    "start": 424.78,
    "end": 427.86,
    "speaker": "老师",
    "text": "解一元一次不等式三x加二大于零，"
  },
  {
    "start": 427.92,
    "end": 436.0,
    "speaker": "老师",
    "text": "就是求一次函数y等于三x加二。"
  },
  {
    "start": 436.0,
    "end": 440.17,
    "speaker": "老师",
    "text": "当函数值y大于零时，"
  },
  {
    "start": 440.33,
    "end": 445.92,
    "speaker": "老师",
    "text": "它所对应的自变量x的取值范围。"
  },
  {
    "start": 445.92,
    "end": 448.84,
    "speaker": "老师",
    "text": "函数值y小于零时，"
  },
  {
    "start": 449.1,
    "end": 452.0,
    "speaker": "老师",
    "text": "即三x加二小于零，"
  },
  {
    "start": 452.0,
    "end": 460.1,
    "speaker": "老师",
    "text": "我们同样得到一个一元一次不等式。"
  },
  {
    "start": 460.1,
    "end": 465.91,
    "speaker": "老师",
    "text": "三x加二小于零，"
  },
  {
    "start": 465.91,
    "end": 469.53,
    "speaker": "老师",
    "text": "解得x小于负三分之二，"
  },
  {
    "start": 469.53,
    "end": 472.01,
    "speaker": "老师",
    "text": "解一元一次不等式。"
  },
  {
    "start": 472.09,
    "end": 475.32,
    "speaker": "老师",
    "text": "三x加二小于零，"
  },
  {
    "start": 475.54,
    "end": 479.7,
    "speaker": "老师",
    "text": "就是求一次函数y等于三x加二。"
  },
  {
    "start": 479.7,
    "end": 483.37,
    "speaker": "老师",
    "text": "当函数值y小于零时，"
  },
  {
    "start": 483.37,
    "end": 490.6,
    "speaker": "老师",
    "text": "它所对应的自变量x的取值范围继续我们的作图。"
  },
  {
    "start": 490.6,
    "end": 492.34,
    "speaker": "老师",
    "text": "通过描点连线，"
  },
  {
    "start": 492.92,
    "end": 498.38,
    "speaker": "老师",
    "text": "我们可以画出一次函数y等于三x加二的图像，"
  },
  {
    "start": 498.48,
    "end": 499.98,
    "speaker": "老师",
    "text": "如图所示，"
  },
  {
    "start": 499.98,
    "end": 509.08,
    "speaker": "老师",
    "text": "那么同学们能从图像中快速找出三x加二等于零的解吗？"
  },
  {
    "start": 509.08,
    "end": 512.44,
    "speaker": "老师",
    "text": "通过上一节课的学习，"
  },
  {
    "start": 512.44,
    "end": 516.78,
    "speaker": "老师",
    "text": "我相信同学们很快能找到答案。"
  },
  {
    "start": 516.78,
    "end": 521.7,
    "speaker": "老师",
    "text": "解方程三x加二等于零，"
  },
  {
    "start": 521.7,
    "end": 531.24,
    "speaker": "老师",
    "text": "就是求一次函数y等于三x加二的图像上当纵坐标为零时，"
  },
  {
    "start": 531.7,
    "end": 535.26,
    "speaker": "老师",
    "text": "它所对应的横坐标的值。"
  },
  {
    "start": 535.26,
    "end": 542.41,
    "speaker": "老师",
    "text": "因此三x加二等于零的解就是x等于负三分之二。"
  },
  {
    "start": 543.13,
    "end": 549.79,
    "speaker": "老师",
    "text": "那么同学们能从图像中找出三x加二大于零的解集吗？"
  },
  {
    "start": 549.81,
    "end": 552.19,
    "speaker": "老师",
    "text": "通过刚才的学习，"
  },
  {
    "start": 552.19,
    "end": 558.59,
    "speaker": "老师",
    "text": "我们知道解一元一次不等式三x加二大于零，"
  },
  {
    "start": 559.03,
    "end": 566.07,
    "speaker": "老师",
    "text": "就是求一次函数图像上当纵坐标大于零时，"
  },
  {
    "start": 566.27,
    "end": 572.25,
    "speaker": "老师",
    "text": "它所对应的横坐标的取值范围。"
  },
  {
    "start": 575.24,
    "end": 578.72,
    "speaker": "老师",
    "text": "那么从图像上就是如图所示，"
  },
  {
    "start": 578.8,
    "end": 587.86,
    "speaker": "老师",
    "text": "这部分图像它所对应的横坐标的取值范围就是三x加二大于零的解集。"
  },
  {
    "start": 587.86,
    "end": 591.4,
    "speaker": "老师",
    "text": "该部分图像在x轴上方，"
  },
  {
    "start": 591.4,
    "end": 599.11,
    "speaker": "老师",
    "text": "因此三x加二大于的解集为x大于负三分之二。"
  },
  {
    "start": 599.11,
    "end": 602.87,
    "speaker": "老师",
    "text": "那么用类似的方法，"
  },
  {
    "start": 603.15,
    "end": 609.88,
    "speaker": "老师",
    "text": "同学们能求出三x加二小于零的解集吗？"
  },
  {
    "start": 610.04,
    "end": 613.82,
    "speaker": "老师",
    "text": "解一元一次不等式三x加二小于零，"
  },
  {
    "start": 613.82,
    "end": 618.92,
    "speaker": "老师",
    "text": "就是求一次函数图像上纵坐标小于零时，"
  },
  {
    "start": 618.94,
    "end": 624.43,
    "speaker": "老师",
    "text": "它所对应的横坐标的取值范围。"
  },
  {
    "start": 651.97,
    "end": 657.35,
    "speaker": "老师",
    "text": "具体的图像就是如图所示部分，"
  },
  {
    "start": 657.53,
    "end": 659.73,
    "speaker": "老师",
    "text": "该部分图像在x轴下方，"
  },
  {
    "start": 659.73,
    "end": 669.6,
    "speaker": "老师",
    "text": "因此三x加二小于零的解集就是x小于负三分之二。"
  },
  {
    "start": 669.8,
    "end": 684.82,
    "speaker": "老师",
    "text": "通过刚才我们从数和形两方面对一次函数和一元一次不等式之间的关系的研究，"
  },
  {
    "start": 684.96,
    "end": 690.8,
    "speaker": "老师",
    "text": "同学们能把这个结论推广到一般情况吗？"
  },
  {
    "start": 690.8,
    "end": 696.0,
    "speaker": "老师",
    "text": "请同学们试着总结归纳。"
  },
  {
    "start": 696.0,
    "end": 696.36,
    "speaker": "老师",
    "text": "好。"
  },
  {
    "start": 696.36,
    "end": 706.35,
    "speaker": "老师",
    "text": "通过刚才从数和形两个方面对一次函数与预元制不等式的关系的研究，"
  },
  {
    "start": 710.3,
    "end": 714.34,
    "speaker": "老师",
    "text": "我们可以得出它们的关系如下，"
  },
  {
    "start": 714.76,
    "end": 720.61,
    "speaker": "老师",
    "text": "求x加b大于零或x加b小于零的解集。"
  },
  {
    "start": 720.67,
    "end": 727.55,
    "speaker": "老师",
    "text": "从数的角度来看，"
  },
  {
    "start": 727.69,
    "end": 739.15,
    "speaker": "老师",
    "text": "就是求y等于x加b的函数值y大于零或小于零时对应的自变量x的取值范围。"
  },
  {
    "start": 739.17,
    "end": 741.26,
    "speaker": "老师",
    "text": "从形的角度来看，"
  },
  {
    "start": 742.68,
    "end": 757.02,
    "speaker": "老师",
    "text": "就是确定直线y等于x加b在x轴上方的图像或下方的图像所对应的x的取值范围。"
  },
  {
    "start": 757.14,
    "end": 766.17,
    "speaker": "老师",
    "text": "接下来我们将运用前面所学内容和上述类似的研究方法。"
  },
  {
    "start": 848.29,
    "end": 855.04,
    "speaker": "老师",
    "text": "进入今天的第二个数学活动探究二，"
  },
  {
    "start": 855.04,
    "end": 861.58,
    "speaker": "老师",
    "text": "在同一坐标系中分别画出一次函数。"
  },
  {
    "start": 861.62,
    "end": 874.8,
    "speaker": "老师",
    "text": "Y一等于二x加一和y二等于三x加二的图像求出它们的交点坐标，"
  },
  {
    "start": 874.82,
    "end": 877.42,
    "speaker": "老师",
    "text": "并求y一大于y二。"
  },
  {
    "start": 880.35,
    "end": 887.29,
    "speaker": "老师",
    "text": "Y一小于y二时对应自变量x的取值范围。"
  },
  {
    "start": 887.33,
    "end": 895.93,
    "speaker": "老师",
    "text": "你能用上述类似方法从数和形两方面分别加以研究吗？"
  },
  {
    "start": 896.47,
    "end": 906.42,
    "speaker": "老师",
    "text": "请同学们画出图像并认真思考。"
  },
  {
    "start": 906.56,
    "end": 906.98,
    "speaker": "老师",
    "text": "好，"
  },
  {
    "start": 906.98,
    "end": 911.42,
    "speaker": "老师",
    "text": "我们首先来求出它们的交点坐标。"
  },
  {
    "start": 911.76,
    "end": 916.08,
    "speaker": "老师",
    "text": "根据我们前面所学内容要求，"
  },
  {
    "start": 916.3,
    "end": 922.14,
    "speaker": "老师",
    "text": "一次函数y一等于二，"
  },
  {
    "start": 922.18,
    "end": 927.0,
    "speaker": "老师",
    "text": "x加一和y二等于三x加二。"
  },
  {
    "start": 927.0,
    "end": 941.51,
    "speaker": "老师",
    "text": "这两个图像的交点坐标就是要求相应两个方程的公共解解方程组。"
  },
  {
    "start": 941.51,
    "end": 944.25,
    "speaker": "老师",
    "text": "Y等于二x加一，"
  },
  {
    "start": 944.25,
    "end": 946.99,
    "speaker": "老师",
    "text": "y等于三，"
  },
  {
    "start": 948.21,
    "end": 952.29,
    "speaker": "老师",
    "text": "x加二解得x等于负一，"
  },
  {
    "start": 952.29,
    "end": 956.05,
    "speaker": "老师",
    "text": "y等于负一，"
  },
  {
    "start": 956.13,
    "end": 960.25,
    "speaker": "老师",
    "text": "因此这两条直线的交点坐标为负一负。"
  },
  {
    "start": 960.97,
    "end": 967.74,
    "speaker": "老师",
    "text": "一从数的角度来看，"
  },
  {
    "start": 967.74,
    "end": 981.24,
    "speaker": "老师",
    "text": "求y一大于y二时自变量x的取值范围实际上就是解不等于四二x加一大于三x加二解得x小于负一。"
  },
  {
    "start": 981.24,
    "end": 990.85,
    "speaker": "老师",
    "text": "所以当y一大于y二时自变量x的取值范围为x小于负一，"
  },
  {
    "start": 990.85,
    "end": 1002.83,
    "speaker": "老师",
    "text": "求y一小于y二时自变量x的取值范围实际上就是解不等式二x加一小于三x加二解得x大于负一。"
  },
  {
    "start": 1002.83,
    "end": 1003.35,
    "speaker": "老师",
    "text": "因此，"
  },
  {
    "start": 1003.35,
    "end": 1010.69,
    "speaker": "老师",
    "text": "当y一小于y二时自变量x的取值范围为x大于负。"
  },
  {
    "start": 1010.71,
    "end": 1012.73,
    "speaker": "老师",
    "text": "一从形的角度来看，"
  },
  {
    "start": 1013.53,
    "end": 1028.86,
    "speaker": "老师",
    "text": "我们在同一平面直角坐标系中画出了y一等于二x加一和y二等于三x加二的图像如图所示。"
  },
  {
    "start": 1028.86,
    "end": 1038.57,
    "speaker": "老师",
    "text": "那么同学们能从图像中找出y一大于y二的解集为多少吗？"
  },
  {
    "start": 1038.57,
    "end": 1042.31,
    "speaker": "老师",
    "text": "Y一大于y二就是一次函数，"
  },
  {
    "start": 1042.57,
    "end": 1044.71,
    "speaker": "老师",
    "text": "y一等于二，"
  },
  {
    "start": 1044.71,
    "end": 1052.38,
    "speaker": "老师",
    "text": "x加一的图像在y二等于三x加二图像的上方时，"
  },
  {
    "start": 1052.4,
    "end": 1062.04,
    "speaker": "老师",
    "text": "它所对应的自变量x的取值范围在图像中表现为如图所示的部分。"
  },
  {
    "start": 1062.04,
    "end": 1082.91,
    "speaker": "老师",
    "text": "该部分图像它所对应的x的取值范围为小于负一，"
  },
  {
    "start": 1083.07,
    "end": 1094.04,
    "speaker": "老师",
    "text": "因此y一大于y二的解集为x小于负一。"
  },
  {
    "start": 1094.04,
    "end": 1096.97,
    "speaker": "老师",
    "text": "那么同学们，"
  },
  {
    "start": 1097.01,
    "end": 1107.47,
    "speaker": "老师",
    "text": "你能用同样的方法求出y一小于y二的解集吗？"
  },
  {
    "start": 1108.15,
    "end": 1113.1,
    "speaker": "老师",
    "text": "Y一小于y二就是一次函数，"
  },
  {
    "start": 1113.16,
    "end": 1115.65,
    "speaker": "老师",
    "text": "y一等于二，"
  },
  {
    "start": 1117.63,
    "end": 1169.69,
    "speaker": "老师",
    "text": "x加一的图像在y二等于三x加二的图像下方时，"
  },
  {
    "start": 1172.15,
    "end": 1175.97,
    "speaker": "老师",
    "text": "它所对应的自变量x的取值范围，"
  },
  {
    "start": 1175.97,
    "end": 1179.81,
    "speaker": "老师",
    "text": "具体的图像如图所示，"
  },
  {
    "start": 1181.73,
    "end": 1190.78,
    "speaker": "老师",
    "text": "如图所示的部分所对应的x的取值范围为x大于负一。"
  },
  {
    "start": 1190.82,
    "end": 1191.7,
    "speaker": "老师",
    "text": "因此，"
  },
  {
    "start": 1191.7,
    "end": 1195.5,
    "speaker": "老师",
    "text": "y一小于y二的解集为x大于负一。"
  },
  {
    "start": 1196.06,
    "end": 1208.64,
    "speaker": "老师",
    "text": "下面我们将通过适当的练习来巩固今天所学的内容。"
  },
  {
    "start": 1208.76,
    "end": 1210.38,
    "speaker": "老师",
    "text": "请看练习，"
  },
  {
    "start": 1210.38,
    "end": 1225.77,
    "speaker": "老师",
    "text": "一如图一次函数y等于KX加b的图像，"
  },
  {
    "start": 1225.83,
    "end": 1239.55,
    "speaker": "老师",
    "text": "经过点a一零第一小问当y小于零时x的取值范围是多少？"
  },
  {
    "start": 1239.55,
    "end": 1250.25,
    "speaker": "老师",
    "text": "请同学们认真观察图像病思考完成。"
  },
  {
    "start": 1250.25,
    "end": 1252.92,
    "speaker": "老师",
    "text": "同学们，"
  },
  {
    "start": 1252.92,
    "end": 1254.94,
    "speaker": "老师",
    "text": "你们有答案了吗？"
  },
  {
    "start": 1256.09,
    "end": 1256.49,
    "speaker": "老师",
    "text": "好，"
  },
  {
    "start": 1256.49,
    "end": 1269.59,
    "speaker": "老师",
    "text": "我们一起来分析题目告诉我们，"
  },
  {
    "start": 1269.59,
    "end": 1277.62,
    "speaker": "老师",
    "text": "一次函数y等于KX加b的图像经过点a一零问当y小于零时，"
  },
  {
    "start": 1278.14,
    "end": 1281.8,
    "speaker": "老师",
    "text": "求自变量x的取值范围。"
  },
  {
    "start": 1281.8,
    "end": 1295.97,
    "speaker": "老师",
    "text": "根据我们前面所学的一次函数以一元一次不等式之间的关系可知，"
  },
  {
    "start": 1296.09,
    "end": 1299.55,
    "speaker": "老师",
    "text": "y小于零时就是一次函数，"
  },
  {
    "start": 1299.55,
    "end": 1308.19,
    "speaker": "老师",
    "text": "y等于KX加b图像上纵坐标小于零时，"
  },
  {
    "start": 1308.41,
    "end": 1314.89,
    "speaker": "老师",
    "text": "它所对应的横坐标的取值范围。"
  },
  {
    "start": 1314.93,
    "end": 1322.52,
    "speaker": "老师",
    "text": "G x轴下方图像所对应的x的取值范围。"
  },
  {
    "start": 1322.8,
    "end": 1326.27,
    "speaker": "老师",
    "text": "从图像上可以看出，"
  },
  {
    "start": 1326.27,
    "end": 1334.11,
    "speaker": "老师",
    "text": "x的取值范围是x呢大于一。"
  },
  {
    "start": 1334.13,
    "end": 1341.07,
    "speaker": "老师",
    "text": "第二小题当y大于二时x的取值范围又是多少呢？"
  },
  {
    "start": 1341.07,
    "end": 1346.72,
    "speaker": "老师",
    "text": "请同学们快速作答。"
  },
  {
    "start": 1346.72,
    "end": 1348.34,
    "speaker": "老师",
    "text": "好，"
  },
  {
    "start": 1348.54,
    "end": 1465.1,
    "speaker": "老师",
    "text": "通过我们第一小问的分析，"
  },
  {
    "start": 1465.1,
    "end": 1482.76,
    "speaker": "老师",
    "text": "我们可以知道当y大于二时就是确定直线y等于KX加b在直线y等于二上方的图像所对应的x的取值范围。"
  },
  {
    "start": 1482.76,
    "end": 1491.76,
    "speaker": "老师",
    "text": "观察图像所知就是这部分图像，"
  },
  {
    "start": 1492.22,
    "end": 1499.67,
    "speaker": "老师",
    "text": "它所对应的x的取值范围，"
  },
  {
    "start": 1499.67,
    "end": 1509.45,
    "speaker": "老师",
    "text": "因此x的取值范围为x小于零。"
  },
  {
    "start": 1510.37,
    "end": 1511.81,
    "speaker": "老师",
    "text": "第二题，"
  },
  {
    "start": 1511.83,
    "end": 1522.92,
    "speaker": "老师",
    "text": "在同一坐标系中画出函数y一等于x加二和y二等于负三x减二的图像，"
  },
  {
    "start": 1523.53,
    "end": 1525.33,
    "speaker": "老师",
    "text": "并回答下列问题。"
  },
  {
    "start": 1525.33,
    "end": 1529.59,
    "speaker": "老师",
    "text": "一当x为何值时，"
  },
  {
    "start": 1529.59,
    "end": 1536.19,
    "speaker": "老师",
    "text": "y一等于y二二。"
  },
  {
    "start": 1536.19,
    "end": 1538.27,
    "speaker": "老师",
    "text": "当x在什么范围内时，"
  },
  {
    "start": 1538.27,
    "end": 1552.05,
    "speaker": "老师",
    "text": "y一等于x加二的函数值大于y二等于负三x减二的函数值。"
  },
  {
    "start": 1552.05,
    "end": 1556.63,
    "speaker": "老师",
    "text": "请同学们画出图像，"
  },
  {
    "start": 1558.74,
    "end": 1561.74,
    "speaker": "老师",
    "text": "并认真完成这几个问题。"
  },
  {
    "start": 1561.8,
    "end": 1562.4,
    "speaker": "老师",
    "text": "好，"
  },
  {
    "start": 1562.46,
    "end": 1565.83,
    "speaker": "老师",
    "text": "同学们，"
  },
  {
    "start": 1565.83,
    "end": 1568.25,
    "speaker": "老师",
    "text": "你们完成了吗？"
  },
  {
    "start": 1568.25,
    "end": 1572.64,
    "speaker": "老师",
    "text": "我们一起来分析。"
  },
  {
    "start": 1572.66,
    "end": 1574.4,
    "speaker": "老师",
    "text": "首先看第一小题。"
  },
  {
    "start": 1574.4,
    "end": 1577.6,
    "speaker": "老师",
    "text": "当x为何值时，"
  },
  {
    "start": 1577.7,
    "end": 1581.01,
    "speaker": "老师",
    "text": "y一等于y二。"
  },
  {
    "start": 1581.43,
    "end": 1586.12,
    "speaker": "老师",
    "text": "根据我们前面所学的内容，"
  },
  {
    "start": 1586.12,
    "end": 1593.2,
    "speaker": "老师",
    "text": "很容易得到x加二等于负三，"
  },
  {
    "start": 1593.2,
    "end": 1599.0,
    "speaker": "老师",
    "text": "x减二解得x等于负一。"
  },
  {
    "start": 1599.0,
    "end": 1601.32,
    "speaker": "老师",
    "text": "第二，"
  },
  {
    "start": 1601.4,
    "end": 1603.84,
    "speaker": "老师",
    "text": "在什么范围内时，"
  },
  {
    "start": 1604.36,
    "end": 1606.26,
    "speaker": "老师",
    "text": "y一大于y二呢？"
  },
  {
    "start": 1607.08,
    "end": 1611.4,
    "speaker": "老师",
    "text": "Y一大于y二，"
  },
  {
    "start": 1611.42,
    "end": 1613.86,
    "speaker": "老师",
    "text": "就是一次函数，"
  },
  {
    "start": 1613.86,
    "end": 1623.54,
    "speaker": "老师",
    "text": "y一等于x加二的图像在y二等于负三x减二图像上方时，"
  },
  {
    "start": 1623.54,
    "end": 1629.56,
    "speaker": "老师",
    "text": "它所对应的自变量x的取值范围，"
  },
  {
    "start": 1629.56,
    "end": 1725.01,
    "speaker": "老师",
    "text": "具体图像如图所示。"
  },
  {
    "start": 1725.15,
    "end": 1741.2,
    "speaker": "老师",
    "text": "这一部分图像y一等于x加的这一部分图像会在y二等于负三x减二上方。"
  },
  {
    "start": 1741.2,
    "end": 1749.01,
    "speaker": "老师",
    "text": "因此观察图像可得当x大于负一时，"
  },
  {
    "start": 1749.09,
    "end": 1753.57,
    "speaker": "老师",
    "text": "y一大于y二。"
  },
  {
    "start": 1753.69,
    "end": 1760.53,
    "speaker": "老师",
    "text": "如果题目让你求出y一小于y二x的取值范围，"
  },
  {
    "start": 1760.53,
    "end": 1762.07,
    "speaker": "老师",
    "text": "同学们，"
  },
  {
    "start": 1762.07,
    "end": 1765.37,
    "speaker": "老师",
    "text": "你能求出来吗？"
  },
  {
    "start": 1765.43,
    "end": 1771.07,
    "speaker": "老师",
    "text": "我相信同学们已经心里有答案了。"
  },
  {
    "start": 1771.07,
    "end": 1771.63,
    "speaker": "老师",
    "text": "好，"
  },
  {
    "start": 1772.37,
    "end": 1774.11,
    "speaker": "老师",
    "text": "我们看第三题，"
  },
  {
    "start": 1774.11,
    "end": 1785.06,
    "speaker": "老师",
    "text": "一次函数y一等于KX加b与y二等于x加a的图像。"
  },
  {
    "start": 1785.08,
    "end": 1786.04,
    "speaker": "老师",
    "text": "如图所示，"
  },
  {
    "start": 1786.04,
    "end": 1790.57,
    "speaker": "老师",
    "text": "则下列结论一，"
  },
  {
    "start": 1790.59,
    "end": 1793.15,
    "speaker": "老师",
    "text": "k小于零二，"
  },
  {
    "start": 1793.15,
    "end": 1794.45,
    "speaker": "老师",
    "text": "a大于零三。"
  },
  {
    "start": 1794.45,
    "end": 1810.81,
    "speaker": "老师",
    "text": "关于x的方程KX减x等于a减b的解是x等于三是当x小于三时y一小于y二。"
  },
  {
    "start": 1810.83,
    "end": 1813.13,
    "speaker": "老师",
    "text": "这四个结论中，"
  },
  {
    "start": 1813.59,
    "end": 1818.47,
    "speaker": "老师",
    "text": "正确的有请同学们认真审题，"
  },
  {
    "start": 1818.47,
    "end": 1826.12,
    "speaker": "老师",
    "text": "并把你认为正确的选项填到横线上请。"
  },
  {
    "start": 1826.14,
    "end": 1828.1,
    "speaker": "老师",
    "text": "同学们认真思考，"
  },
  {
    "start": 1829.2,
    "end": 1830.2,
    "speaker": "老师",
    "text": "同学们，"
  },
  {
    "start": 1830.62,
    "end": 1834.22,
    "speaker": "老师",
    "text": "你们选出正确答案了吗？"
  },
  {
    "start": 1835.68,
    "end": 1836.16,
    "speaker": "老师",
    "text": "好，"
  },
  {
    "start": 1836.16,
    "end": 1837.96,
    "speaker": "老师",
    "text": "我们一起来分析。"
  },
  {
    "start": 1837.96,
    "end": 1845.56,
    "speaker": "老师",
    "text": "首先我们看第一个k小于零是否正确呢？"
  },
  {
    "start": 1846.97,
    "end": 1850.83,
    "speaker": "老师",
    "text": "怎么来判断呢？"
  },
  {
    "start": 1851.07,
    "end": 1859.22,
    "speaker": "老师",
    "text": "我们看一次函数y一等于KX加b这条图像，"
  },
  {
    "start": 1859.46,
    "end": 1868.77,
    "speaker": "老师",
    "text": "从左到右是属于下降趋势的。"
  },
  {
    "start": 1868.77,
    "end": 1876.47,
    "speaker": "老师",
    "text": "根据我们一次函数图像的性质可知k小于零，"
  },
  {
    "start": 1876.85,
    "end": 1881.68,
    "speaker": "老师",
    "text": "所以第一是正确的。"
  },
  {
    "start": 1881.68,
    "end": 1883.76,
    "speaker": "老师",
    "text": "第二a大于零。"
  },
  {
    "start": 1883.98,
    "end": 1885.38,
    "speaker": "老师",
    "text": "怎么判断呢？"
  },
  {
    "start": 1885.74,
    "end": 1889.72,
    "speaker": "老师",
    "text": "我们看y二等于x加a的图像，"
  },
  {
    "start": 1889.72,
    "end": 1894.42,
    "speaker": "老师",
    "text": "要判断a的取值范围。"
  },
  {
    "start": 1894.44,
    "end": 1901.68,
    "speaker": "老师",
    "text": "只要看这个图像与y轴的交点坐标。"
  },
  {
    "start": 1901.68,
    "end": 1905.06,
    "speaker": "老师",
    "text": "我们从图像中可以看出，"
  },
  {
    "start": 1905.06,
    "end": 1915.61,
    "speaker": "老师",
    "text": "一次函数y二等于x加一的图像与y轴的交点在x轴下方，"
  },
  {
    "start": 1915.61,
    "end": 1917.71,
    "speaker": "老师",
    "text": "所以a小于零，"
  },
  {
    "start": 1917.71,
    "end": 1922.63,
    "speaker": "老师",
    "text": "因此第二个是错误的。"
  },
  {
    "start": 1922.65,
    "end": 1923.13,
    "speaker": "老师",
    "text": "第三，"
  },
  {
    "start": 1923.13,
    "end": 1931.15,
    "speaker": "老师",
    "text": "关于x的方程KX减x等于a减b的解是x等于三。"
  },
  {
    "start": 1931.15,
    "end": 1933.41,
    "speaker": "老师",
    "text": "这个怎么判断呢？"
  },
  {
    "start": 1933.41,
    "end": 1940.36,
    "speaker": "老师",
    "text": "其实要判断这个方程KX减x等于a减b的解，"
  },
  {
    "start": 1940.44,
    "end": 1947.81,
    "speaker": "老师",
    "text": "就是要求两条直线的交点的横坐标。"
  },
  {
    "start": 1947.81,
    "end": 1956.85,
    "speaker": "老师",
    "text": "从图像我们可以看出，"
  },
  {
    "start": 1956.85,
    "end": 1963.94,
    "speaker": "老师",
    "text": "这两条直线的交点坐标焦点的横坐标就是三。"
  },
  {
    "start": 1963.94,
    "end": 1964.88,
    "speaker": "老师",
    "text": "因此，"
  },
  {
    "start": 1965.02,
    "end": 1975.9,
    "speaker": "老师",
    "text": "方程KX减x等于a减b的解是x等于三是正确的。"
  },
  {
    "start": 1977.09,
    "end": 1977.97,
    "speaker": "老师",
    "text": "第四，"
  },
  {
    "start": 1978.03,
    "end": 1983.01,
    "speaker": "老师",
    "text": "当x小于三时y一小于y二，"
  },
  {
    "start": 1983.33,
    "end": 1988.2,
    "speaker": "老师",
    "text": "那么这个是否正确呢？"
  },
  {
    "start": 1988.22,
    "end": 1990.42,
    "speaker": "老师",
    "text": "我们一起来看，"
  },
  {
    "start": 1990.64,
    "end": 1993.4,
    "speaker": "老师",
    "text": "要使y一小于y二，"
  },
  {
    "start": 1993.62,
    "end": 1998.31,
    "speaker": "老师",
    "text": "就是依次函数图像，"
  },
  {
    "start": 1998.31,
    "end": 2011.35,
    "speaker": "老师",
    "text": "y一等于KX加b在一次函数y二等于x加a图像的下方时所对应的x的取值范围。"
  },
  {
    "start": 2011.35,
    "end": 2013.38,
    "speaker": "老师",
    "text": "从图像可以看出，"
  },
  {
    "start": 2012.81,
    "end": 2013.38,
    "speaker": "老师",
    "text": "在这一部分时，"
  },
  {
    "start": 2012.81,
    "end": 2013.38,
    "speaker": "老师",
    "text": "y一等于KX加b的图像在y二等于x加a的图像的下方，"
  },
  {
    "start": 2012.81,
    "end": 2013.38,
    "speaker": "老师",
    "text": "此时x取值范围是x大于三，"
  },
  {
    "start": 2012.81,
    "end": 2013.38,
    "speaker": "老师",
    "text": "因此第四项也是错误的，"
  },
  {
    "start": 2012.81,
    "end": 2013.38,
    "speaker": "老师",
    "text": "所以正确的有一和三。"
  },
  {
    "start": 2012.81,
    "end": 2013.38,
    "speaker": "老师",
    "text": "同学们，"
  },
  {
    "start": 2012.81,
    "end": 2013.38,
    "speaker": "老师",
    "text": "你们做对了吗？"
  },
  {
    "start": 2012.81,
    "end": 2013.38,
    "speaker": "老师",
    "text": "又到了我们今天的小结部分。"
  },
  {
    "start": 2012.81,
    "end": 2013.38,
    "speaker": "老师",
    "text": "今天我们学了什么呢？"
  },
  {
    "start": 2012.81,
    "end": 2013.38,
    "speaker": "老师",
    "text": "今天我们学习了一次函数与不等式的关系。"
  },
  {
    "start": 2012.81,
    "end": 2013.38,
    "speaker": "老师",
    "text": "在这个过程中，"
  },
  {
    "start": 2012.81,
    "end": 2013.38,
    "speaker": "老师",
    "text": "我们始终采用树形结合的思想，"
  },
  {
    "start": 2012.81,
    "end": 2013.38,
    "speaker": "老师",
    "text": "以行表述以述是行。"
  },
  {
    "start": 2012.81,
    "end": 2013.38,
    "speaker": "老师",
    "text": "今天你还有什么质疑，"
  },
  {
    "start": 2012.81,
    "end": 2013.38,
    "speaker": "老师",
    "text": "这是今天的作业。"
  },
  {
    "start": 2012.81,
    "end": 2013.38,
    "speaker": "老师",
    "text": "第一项巩固性作业教科书习题十九点二。"
  },
  {
    "start": 2012.81,
    "end": 2013.38,
    "speaker": "老师",
    "text": "第十三题二，"
  },
  {
    "start": 2012.81,
    "end": 2013.38,
    "speaker": "老师",
    "text": "拓展性作业练习册第三十七页三研究性作业。"
  },
  {
    "start": 2012.81,
    "end": 2013.38,
    "speaker": "老师",
    "text": "如果直线y等于k一，"
  },
  {
    "start": 2012.81,
    "end": 2013.38,
    "speaker": "老师",
    "text": "x加b一和直线y等于k二，"
  },
  {
    "start": 2012.81,
    "end": 2013.38,
    "speaker": "老师",
    "text": "x加b二，"
  },
  {
    "start": 2012.81,
    "end": 2013.38,
    "speaker": "老师",
    "text": "其中k一大于k二大于零的交点坐标为AB,"
  },
  {
    "start": 2012.81,
    "end": 2013.38,
    "speaker": "老师",
    "text": "则不等式。"
  },
  {
    "start": 2012.81,
    "end": 2013.38,
    "speaker": "老师",
    "text": "K一x加b一小于k二，"
  },
  {
    "start": 2012.81,
    "end": 2013.38,
    "speaker": "老师",
    "text": "x加b二的解集是多少呢？"
  },
  {
    "start": 2012.81,
    "end": 2013.38,
    "speaker": "老师",
    "text": "请同学们课后认真完成作业，"
  },
  {
    "start": 2012.81,
    "end": 2013.38,
    "speaker": "老师",
    "text": "今天的课程就上到这里，"
  },
  {
    "start": 2012.81,
    "end": 2013.38,
    "speaker": "老师",
    "text": "同学们再见。"
  }
]