[
  {
    "start": 9.65,
    "end": 10.89,
    "speaker": "老师",
    "text": "同学们好，"
  },
  {
    "start": 10.89,
    "end": 15.46,
    "speaker": "老师",
    "text": "我是南昌三中t五校区夏老师。"
  },
  {
    "start": 15.46,
    "end": 20.03,
    "speaker": "老师",
    "text": "昨天我们已经复习了部分一次函数的相关知识。"
  },
  {
    "start": 20.03,
    "end": 27.23,
    "speaker": "老师",
    "text": "那么今天我们接着昨天的内容继续复习。"
  },
  {
    "start": 27.23,
    "end": 31.79,
    "speaker": "老师",
    "text": "今天我们复习的内容分为三部分。"
  },
  {
    "start": 32.09,
    "end": 32.61,
    "speaker": "老师",
    "text": "首先，"
  },
  {
    "start": 32.61,
    "end": 38.27,
    "speaker": "老师",
    "text": "学会用代替系数法求函数解析式。"
  },
  {
    "start": 38.27,
    "end": 39.95,
    "speaker": "老师",
    "text": "其次，"
  },
  {
    "start": 39.99,
    "end": 48.69,
    "speaker": "老师",
    "text": "了解一次函数与方程方程组和不等式关系。"
  },
  {
    "start": 48.69,
    "end": 49.33,
    "speaker": "老师",
    "text": "第三，"
  },
  {
    "start": 49.37,
    "end": 58.09,
    "speaker": "老师",
    "text": "在实际问题中学会选择方案。"
  },
  {
    "start": 58.09,
    "end": 60.31,
    "speaker": "老师",
    "text": "我们先看一道习题，"
  },
  {
    "start": 60.31,
    "end": 68.43,
    "speaker": "老师",
    "text": "已知一条直线过点四六与负三负八，"
  },
  {
    "start": 68.43,
    "end": 70.39,
    "speaker": "老师",
    "text": "求这条直线的函数。"
  },
  {
    "start": 70.39,
    "end": 71.69,
    "speaker": "老师",
    "text": "解析式。"
  },
  {
    "start": 71.69,
    "end": 77.35,
    "speaker": "老师",
    "text": "同学们看下这道题思考一下，"
  },
  {
    "start": 77.35,
    "end": 79.86,
    "speaker": "老师",
    "text": "我们采用什么方法去做它，"
  },
  {
    "start": 80.81,
    "end": 85.23,
    "speaker": "老师",
    "text": "对很多同学已经做出来了。"
  },
  {
    "start": 85.23,
    "end": 89.2,
    "speaker": "老师",
    "text": "我们的方法是前面学过的待定系数法，"
  },
  {
    "start": 89.2,
    "end": 94.01,
    "speaker": "老师",
    "text": "该图像为一条直线，"
  },
  {
    "start": 94.01,
    "end": 99.24,
    "speaker": "老师",
    "text": "那么它的数学模型自然就是一函数，"
  },
  {
    "start": 99.24,
    "end": 103.94,
    "speaker": "老师",
    "text": "而且根据条件求出解析式中的未知数。"
  },
  {
    "start": 105.6,
    "end": 107.12,
    "speaker": "老师",
    "text": "图中给了两个点，"
  },
  {
    "start": 107.12,
    "end": 111.88,
    "speaker": "老师",
    "text": "所以我们可以求出该函数的解析式。"
  },
  {
    "start": 111.96,
    "end": 116.67,
    "speaker": "老师",
    "text": "下面我们看一下解答过程。"
  },
  {
    "start": 116.67,
    "end": 118.56,
    "speaker": "老师",
    "text": "第一步，"
  },
  {
    "start": 118.68,
    "end": 134.8,
    "speaker": "老师",
    "text": "设这条直线函数解析式为y等于KX加b把满足的两个条件点四六与负三负八分别代入函数解释式，"
  },
  {
    "start": 135.14,
    "end": 141.47,
    "speaker": "老师",
    "text": "我们可以得到四k加b等于六负三，"
  },
  {
    "start": 141.47,
    "end": 144.43,
    "speaker": "老师",
    "text": "k加b等于负八，"
  },
  {
    "start": 144.57,
    "end": 147.65,
    "speaker": "老师",
    "text": "通过加减消元，"
  },
  {
    "start": 147.67,
    "end": 151.35,
    "speaker": "老师",
    "text": "我们可以得到k等于二，"
  },
  {
    "start": 152.17,
    "end": 154.01,
    "speaker": "老师",
    "text": "b等于负二，"
  },
  {
    "start": 154.09,
    "end": 157.12,
    "speaker": "老师",
    "text": "所以函数解析式为y等于二，"
  },
  {
    "start": 157.93,
    "end": 159.87,
    "speaker": "老师",
    "text": "x减二代定系数法。"
  },
  {
    "start": 161.72,
    "end": 164.74,
    "speaker": "老师",
    "text": "不仅适合一次函数，"
  },
  {
    "start": 164.74,
    "end": 173.84,
    "speaker": "老师",
    "text": "我们以后所学的函数中都可以用这种方法求出它的函数。"
  },
  {
    "start": 174.8,
    "end": 177.27,
    "speaker": "老师",
    "text": "解析式第二题，"
  },
  {
    "start": 177.41,
    "end": 180.19,
    "speaker": "老师",
    "text": "已知y是x的一函数，"
  },
  {
    "start": 180.19,
    "end": 182.92,
    "speaker": "老师",
    "text": "当x等于负一时，"
  },
  {
    "start": 182.92,
    "end": 185.05,
    "speaker": "老师",
    "text": "y等于三，"
  },
  {
    "start": 185.05,
    "end": 190.4,
    "speaker": "老师",
    "text": "当x等于二时，"
  },
  {
    "start": 190.42,
    "end": 191.62,
    "speaker": "老师",
    "text": "y等于负三球，"
  },
  {
    "start": 191.62,
    "end": 199.12,
    "speaker": "老师",
    "text": "一次函数图像与坐标轴所围成图形的面积。"
  },
  {
    "start": 199.12,
    "end": 204.5,
    "speaker": "老师",
    "text": "同学们思考一下这道题怎么做？"
  },
  {
    "start": 204.52,
    "end": 213.25,
    "speaker": "老师",
    "text": "下面我们来一起分析一下这道题题中告诉我们，"
  },
  {
    "start": 213.37,
    "end": 215.83,
    "speaker": "老师",
    "text": "y是x的一函数，"
  },
  {
    "start": 215.83,
    "end": 219.77,
    "speaker": "老师",
    "text": "而我们知道一函数图像是一条直线，"
  },
  {
    "start": 219.81,
    "end": 226.53,
    "speaker": "老师",
    "text": "因此它与两坐标轴所围成的图形是什么图形呢？"
  },
  {
    "start": 226.63,
    "end": 227.17,
    "speaker": "老师",
    "text": "对，"
  },
  {
    "start": 227.25,
    "end": 230.9,
    "speaker": "老师",
    "text": "是一个直角三角形，"
  },
  {
    "start": 230.9,
    "end": 239.37,
    "speaker": "老师",
    "text": "所以要求出一次函数图像与坐标轴所围成图形的面积。"
  },
  {
    "start": 239.37,
    "end": 247.78,
    "speaker": "老师",
    "text": "我们必须知道图像与两坐标轴所围成的交点坐标。"
  },
  {
    "start": 247.9,
    "end": 254.42,
    "speaker": "老师",
    "text": "下面我们一起来看一下解答过程。"
  },
  {
    "start": 254.42,
    "end": 266.8,
    "speaker": "老师",
    "text": "解设这个一次函数解析式为y等于KX加b把题中两个条件x等于负一，"
  },
  {
    "start": 268.91,
    "end": 270.43,
    "speaker": "老师",
    "text": "y等于三，"
  },
  {
    "start": 270.43,
    "end": 271.27,
    "speaker": "老师",
    "text": "x等于二，"
  },
  {
    "start": 271.27,
    "end": 273.09,
    "speaker": "老师",
    "text": "y等于负三，"
  },
  {
    "start": 273.09,
    "end": 279.95,
    "speaker": "老师",
    "text": "分别带入上市的构成方程组。"
  },
  {
    "start": 280.01,
    "end": 287.72,
    "speaker": "老师",
    "text": "负k加b等于三二k加b等于负三，"
  },
  {
    "start": 287.8,
    "end": 297.34,
    "speaker": "老师",
    "text": "通过加减消元得k等于负二b等于一，"
  },
  {
    "start": 297.34,
    "end": 302.98,
    "speaker": "老师",
    "text": "所以这个一次函数解析式为y等于负二，"
  },
  {
    "start": 302.98,
    "end": 304.45,
    "speaker": "老师",
    "text": "x加一。"
  },
  {
    "start": 304.45,
    "end": 309.86,
    "speaker": "老师",
    "text": "因此我们从图中可以看到，"
  },
  {
    "start": 310.08,
    "end": 317.39,
    "speaker": "老师",
    "text": "它与x轴y轴交点坐标分别为名医二分之一，"
  },
  {
    "start": 318.28,
    "end": 322.58,
    "speaker": "老师",
    "text": "零所得图形为直角三角形，"
  },
  {
    "start": 322.58,
    "end": 329.93,
    "speaker": "老师",
    "text": "进而求出直角三角形的面积为两直角边乘积的一半，"
  },
  {
    "start": 329.93,
    "end": 340.01,
    "speaker": "老师",
    "text": "也就是s等于二分之一乘一乘二分之一等于四分之一。"
  },
  {
    "start": 340.72,
    "end": 344.76,
    "speaker": "老师",
    "text": "比较这两道题，"
  },
  {
    "start": 344.84,
    "end": 350.11,
    "speaker": "老师",
    "text": "我们发现图中都给出了两个条件，"
  },
  {
    "start": 356.43,
    "end": 361.12,
    "speaker": "老师",
    "text": "让我们用代替系数法求出了函数解析式。"
  },
  {
    "start": 361.12,
    "end": 363.42,
    "speaker": "老师",
    "text": "现在我们来分析一下，"
  },
  {
    "start": 363.42,
    "end": 368.66,
    "speaker": "老师",
    "text": "当我给出的条件不是两个点或两组数，"
  },
  {
    "start": 368.74,
    "end": 373.65,
    "speaker": "老师",
    "text": "而是给出一个点和面积，"
  },
  {
    "start": 373.97,
    "end": 378.85,
    "speaker": "老师",
    "text": "能否求出函数解析式呢？"
  },
  {
    "start": 378.85,
    "end": 382.44,
    "speaker": "老师",
    "text": "下面我们看到第三题，"
  },
  {
    "start": 382.82,
    "end": 387.5,
    "speaker": "老师",
    "text": "已知一次函数的图像过点零啊，"
  },
  {
    "start": 387.5,
    "end": 395.16,
    "speaker": "老师",
    "text": "且与两坐标轴围成三角形的面积为二。"
  },
  {
    "start": 395.16,
    "end": 404.34,
    "speaker": "老师",
    "text": "求此一次函数的解析式条件发生了变化。"
  },
  {
    "start": 404.82,
    "end": 411.94,
    "speaker": "老师",
    "text": "同学们思考一下这道题怎么去做。"
  },
  {
    "start": 412.0,
    "end": 416.33,
    "speaker": "老师",
    "text": "下面我们一起分析一下。"
  },
  {
    "start": 418.82,
    "end": 424.8,
    "speaker": "老师",
    "text": "题中已经告诉了该函数为一函数，"
  },
  {
    "start": 425.24,
    "end": 433.51,
    "speaker": "老师",
    "text": "因此我们设它的函数解析式为y等于KX加b过点零二，"
  },
  {
    "start": 433.51,
    "end": 435.61,
    "speaker": "老师",
    "text": "所以b值等于二。"
  },
  {
    "start": 436.09,
    "end": 442.53,
    "speaker": "老师",
    "text": "因此函数解析式喂y等于KX加二，"
  },
  {
    "start": 442.75,
    "end": 452.52,
    "speaker": "老师",
    "text": "进而我们可以求出它与x轴的交点坐标为负k分之二零。"
  },
  {
    "start": 452.52,
    "end": 458.69,
    "speaker": "老师",
    "text": "从给出的图形我们可以看出，"
  },
  {
    "start": 458.69,
    "end": 471.17,
    "speaker": "老师",
    "text": "与x轴交点坐标到原点的距离为负k分之二的绝对值。"
  },
  {
    "start": 471.29,
    "end": 478.66,
    "speaker": "老师",
    "text": "与y轴交点坐标到原点的距离为二，"
  },
  {
    "start": 478.74,
    "end": 489.11,
    "speaker": "老师",
    "text": "因此该三角形的面积为二分之一乘以负k分之二的绝对值乘以二等于二解，"
  },
  {
    "start": 490.95,
    "end": 495.86,
    "speaker": "老师",
    "text": "该方程得到k等于一或负音。"
  },
  {
    "start": 495.88,
    "end": 499.26,
    "speaker": "老师",
    "text": "因此一次函数的图像有两条，"
  },
  {
    "start": 499.66,
    "end": 508.78,
    "speaker": "老师",
    "text": "所以它的解析式为y等于x加二或y等于负x加二。"
  },
  {
    "start": 508.78,
    "end": 513.08,
    "speaker": "老师",
    "text": "纵观我们讲的三道题，"
  },
  {
    "start": 513.86,
    "end": 519.69,
    "speaker": "老师",
    "text": "我们发现函数解析式和函数图像之间可以相互转化。"
  },
  {
    "start": 519.69,
    "end": 526.82,
    "speaker": "老师",
    "text": "通常我们函数解析式通过选取两个点，"
  },
  {
    "start": 526.82,
    "end": 530.31,
    "speaker": "老师",
    "text": "再通过画出函数图像。"
  },
  {
    "start": 530.31,
    "end": 533.56,
    "speaker": "老师",
    "text": "那么从函数解析式到函数图像，"
  },
  {
    "start": 533.56,
    "end": 538.89,
    "speaker": "老师",
    "text": "我们这次数到行的过程。"
  },
  {
    "start": 538.89,
    "end": 544.32,
    "speaker": "老师",
    "text": "同样当我们告诉呢函数图像是直线的时候，"
  },
  {
    "start": 544.32,
    "end": 547.28,
    "speaker": "老师",
    "text": "我们通过选取两个点，"
  },
  {
    "start": 547.28,
    "end": 553.4,
    "speaker": "老师",
    "text": "我们同样可以求出相应的函数解析式。"
  },
  {
    "start": 553.4,
    "end": 559.52,
    "speaker": "老师",
    "text": "那么由直线到函数，"
  },
  {
    "start": 559.54,
    "end": 561.74,
    "speaker": "老师",
    "text": "解析式是从行道数，"
  },
  {
    "start": 562.06,
    "end": 567.3,
    "speaker": "老师",
    "text": "整个过程我们体现了树形结合的思想。"
  },
  {
    "start": 568.22,
    "end": 570.96,
    "speaker": "老师",
    "text": "在这里老师需强调一下，"
  },
  {
    "start": 570.96,
    "end": 575.16,
    "speaker": "老师",
    "text": "满足的两个条件可以是两组数两个点，"
  },
  {
    "start": 575.16,
    "end": 580.62,
    "speaker": "老师",
    "text": "其实也可以使其他的两个相关条件。"
  },
  {
    "start": 581.06,
    "end": 588.34,
    "speaker": "老师",
    "text": "例如我们第三题已经给出了交点坐标和面积。"
  },
  {
    "start": 588.34,
    "end": 592.83,
    "speaker": "老师",
    "text": "那么遇到具体问题，"
  },
  {
    "start": 592.83,
    "end": 595.27,
    "speaker": "老师",
    "text": "希望同学们具体分析。"
  },
  {
    "start": 595.37,
    "end": 598.66,
    "speaker": "老师",
    "text": "我们看到第二个问题，"
  },
  {
    "start": 598.66,
    "end": 602.84,
    "speaker": "老师",
    "text": "一次函数与方程方程组不等式的关系，"
  },
  {
    "start": 602.88,
    "end": 605.4,
    "speaker": "老师",
    "text": "大家体会一下。"
  },
  {
    "start": 605.4,
    "end": 608.01,
    "speaker": "老师",
    "text": "解一元一次方程时，"
  },
  {
    "start": 610.61,
    "end": 615.15,
    "speaker": "老师",
    "text": "则我们可以对应一次函数值为零时，"
  },
  {
    "start": 616.2,
    "end": 619.0,
    "speaker": "老师",
    "text": "求相应的自变量的值。"
  },
  {
    "start": 619.0,
    "end": 622.82,
    "speaker": "老师",
    "text": "如果从函数的图像的观点，"
  },
  {
    "start": 622.82,
    "end": 632.29,
    "speaker": "老师",
    "text": "则方程的解为一函数与x交点的横坐标解一元一次不等式。"
  },
  {
    "start": 632.29,
    "end": 643.8,
    "speaker": "老师",
    "text": "从函数的观点对于一次函数的值大于零或小于零时，"
  },
  {
    "start": 644.18,
    "end": 651.63,
    "speaker": "老师",
    "text": "那么我们是求自变量取值范围，"
  },
  {
    "start": 651.63,
    "end": 658.67,
    "speaker": "老师",
    "text": "那么它是在x上方或x下方图像所对应x的取值范围。"
  },
  {
    "start": 658.67,
    "end": 663.85,
    "speaker": "老师",
    "text": "我们再看到第三个解，"
  },
  {
    "start": 663.93,
    "end": 672.65,
    "speaker": "老师",
    "text": "二元一次方程组其实它是有两条直线交点的坐标，"
  },
  {
    "start": 672.65,
    "end": 680.62,
    "speaker": "老师",
    "text": "它也是从数转化到型方程的解是一对数而直线的交点。"
  },
  {
    "start": 680.62,
    "end": 689.71,
    "speaker": "老师",
    "text": "四、横坐标及纵坐标那么相互对应。"
  },
  {
    "start": 691.13,
    "end": 702.36,
    "speaker": "老师",
    "text": "下面我们来通过一个练习理解一次函数与方程、方程组及不等式的关系。"
  },
  {
    "start": 702.36,
    "end": 707.78,
    "speaker": "老师",
    "text": "练习画出函数y等于负x加六的图像，"
  },
  {
    "start": 707.78,
    "end": 714.37,
    "speaker": "老师",
    "text": "结合图像求一方程负x加六等于零的解。"
  },
  {
    "start": 714.47,
    "end": 714.95,
    "speaker": "老师",
    "text": "第二，"
  },
  {
    "start": 714.95,
    "end": 722.46,
    "speaker": "老师",
    "text": "不等式负x加六大于零和负x加六小于零的解集。"
  },
  {
    "start": 722.46,
    "end": 723.84,
    "speaker": "老师",
    "text": "第三个，"
  },
  {
    "start": 723.84,
    "end": 728.96,
    "speaker": "老师",
    "text": "当阿克斯取何值时，"
  },
  {
    "start": 728.96,
    "end": 729.78,
    "speaker": "老师",
    "text": "y小于四。"
  },
  {
    "start": 729.78,
    "end": 732.62,
    "speaker": "老师",
    "text": "同学们会做这道题吗？"
  },
  {
    "start": 732.64,
    "end": 735.44,
    "speaker": "老师",
    "text": "请同学们思考一下，"
  },
  {
    "start": 735.64,
    "end": 740.3,
    "speaker": "老师",
    "text": "他好很多同学已经做出来了。"
  },
  {
    "start": 740.94,
    "end": 745.1,
    "speaker": "老师",
    "text": "那么同学们与老师一起分析，"
  },
  {
    "start": 745.24,
    "end": 749.12,
    "speaker": "老师",
    "text": "看你的书写过程与老师有什么不同。"
  },
  {
    "start": 749.2,
    "end": 753.34,
    "speaker": "老师",
    "text": "那么题目说的很清楚，"
  },
  {
    "start": 753.34,
    "end": 756.5,
    "speaker": "老师",
    "text": "我们要画出函数图像。"
  },
  {
    "start": 756.5,
    "end": 758.28,
    "speaker": "老师",
    "text": "那我问同学，"
  },
  {
    "start": 758.28,
    "end": 760.4,
    "speaker": "老师",
    "text": "你画了函数图像吗？"
  },
  {
    "start": 760.4,
    "end": 768.2,
    "speaker": "老师",
    "text": "我们知道该图像与y轴的交点坐标为零六，"
  },
  {
    "start": 768.22,
    "end": 770.8,
    "speaker": "老师",
    "text": "与x交点坐标为三零，"
  },
  {
    "start": 770.88,
    "end": 772.84,
    "speaker": "老师",
    "text": "因此画出函数图像。"
  },
  {
    "start": 772.84,
    "end": 775.28,
    "speaker": "老师",
    "text": "大家看清楚好，"
  },
  {
    "start": 775.28,
    "end": 781.8,
    "speaker": "老师",
    "text": "第一个方程负二十四加六的等于零的解。"
  },
  {
    "start": 782.06,
    "end": 786.0,
    "speaker": "老师",
    "text": "我们要从图像中观察，"
  },
  {
    "start": 786.02,
    "end": 789.94,
    "speaker": "老师",
    "text": "学会用树形结合的知识开始。"
  },
  {
    "start": 789.94,
    "end": 797.82,
    "speaker": "老师",
    "text": "我们也讲到方程的解为函数图像与x轴交点的横坐标。"
  },
  {
    "start": 797.82,
    "end": 801.62,
    "speaker": "老师",
    "text": "那么我们知道它的交点是三零，"
  },
  {
    "start": 801.68,
    "end": 804.68,
    "speaker": "老师",
    "text": "所以它的横坐标自然是三。"
  },
  {
    "start": 804.78,
    "end": 807.35,
    "speaker": "老师",
    "text": "那么通过我们的学习，"
  },
  {
    "start": 807.35,
    "end": 813.46,
    "speaker": "老师",
    "text": "第一个它的解自然为方程的解为x等于三，"
  },
  {
    "start": 813.46,
    "end": 818.72,
    "speaker": "老师",
    "text": "我们再看第二个不等式，"
  },
  {
    "start": 818.72,
    "end": 824.58,
    "speaker": "老师",
    "text": "负x加六大于零和负二x加六小于零的解集，"
  },
  {
    "start": 824.62,
    "end": 827.35,
    "speaker": "老师",
    "text": "我们来逐一分析。"
  },
  {
    "start": 827.41,
    "end": 831.13,
    "speaker": "老师",
    "text": "先看负二x加六大于零，"
  },
  {
    "start": 831.13,
    "end": 836.59,
    "speaker": "老师",
    "text": "我们知道负二x加六大的即y要大于零，"
  },
  {
    "start": 836.59,
    "end": 843.27,
    "speaker": "老师",
    "text": "也就是说它应该在x轴的上方。"
  },
  {
    "start": 843.27,
    "end": 850.39,
    "speaker": "老师",
    "text": "那么老师把这部分区域表示出来，"
  },
  {
    "start": 852.08,
    "end": 853.6,
    "speaker": "老师",
    "text": "大家看一下。"
  },
  {
    "start": 853.88,
    "end": 856.06,
    "speaker": "老师",
    "text": "那么在这部分区域，"
  },
  {
    "start": 856.2,
    "end": 858.3,
    "speaker": "老师",
    "text": "当然这里无限延伸，"
  },
  {
    "start": 858.97,
    "end": 867.8,
    "speaker": "老师",
    "text": "那么它的所对的函数值y都是大于零。"
  },
  {
    "start": 868.18,
    "end": 876.18,
    "speaker": "老师",
    "text": "在x轴上方所对应的自变量的取值范围为x小于三。"
  },
  {
    "start": 876.3,
    "end": 883.67,
    "speaker": "老师",
    "text": "所以第一个不等式我们把它的解集求出来了。"
  },
  {
    "start": 883.75,
    "end": 888.23,
    "speaker": "老师",
    "text": "同学们再看第二个不等式，"
  },
  {
    "start": 888.31,
    "end": 890.83,
    "speaker": "老师",
    "text": "自然负x加六小于零，"
  },
  {
    "start": 890.83,
    "end": 901.77,
    "speaker": "老师",
    "text": "它的解集那就是函数值小于零。"
  },
  {
    "start": 901.77,
    "end": 904.13,
    "speaker": "老师",
    "text": "在a个轴的下方，"
  },
  {
    "start": 904.13,
    "end": 907.6,
    "speaker": "老师",
    "text": "我们同样用形式表示出来，"
  },
  {
    "start": 907.6,
    "end": 917.5,
    "speaker": "老师",
    "text": "那么相应自变量的取值范围为x大于三，"
  },
  {
    "start": 917.5,
    "end": 919.17,
    "speaker": "老师",
    "text": "同学们做对的吗？"
  },
  {
    "start": 919.95,
    "end": 924.02,
    "speaker": "老师",
    "text": "这有一个当x取何值时，"
  },
  {
    "start": 924.02,
    "end": 925.28,
    "speaker": "老师",
    "text": "y小于四。"
  },
  {
    "start": 926.06,
    "end": 930.52,
    "speaker": "老师",
    "text": "这个时候我们可以在函数图像中找到。"
  },
  {
    "start": 930.52,
    "end": 935.09,
    "speaker": "老师",
    "text": "当y等于四的时候，"
  },
  {
    "start": 935.47,
    "end": 935.95,
    "speaker": "老师",
    "text": "呃，"
  },
  {
    "start": 935.95,
    "end": 938.15,
    "speaker": "老师",
    "text": "那么该点则为一四。"
  },
  {
    "start": 938.35,
    "end": 942.25,
    "speaker": "老师",
    "text": "此时我们题目说是函数值小于四，"
  },
  {
    "start": 942.25,
    "end": 948.47,
    "speaker": "老师",
    "text": "因此我们知道它应该在当y等于四的下方。"
  },
  {
    "start": 948.61,
    "end": 951.91,
    "speaker": "老师",
    "text": "那么老师用区域表示出来，"
  },
  {
    "start": 952.13,
    "end": 955.62,
    "speaker": "老师",
    "text": "该区域的函数值小于四。"
  },
  {
    "start": 955.62,
    "end": 961.48,
    "speaker": "老师",
    "text": "那么我们可以看到它所对应自变量的取值范围是x大于一。"
  },
  {
    "start": 961.48,
    "end": 964.76,
    "speaker": "老师",
    "text": "那么这道题我们就做出来了，"
  },
  {
    "start": 964.76,
    "end": 974.84,
    "speaker": "老师",
    "text": "我们可以对比一下你的方法和老师的方法，"
  },
  {
    "start": 974.84,
    "end": 976.9,
    "speaker": "老师",
    "text": "有什么异同点。"
  },
  {
    "start": 976.9,
    "end": 985.79,
    "speaker": "老师",
    "text": "自然有同学说出老师该离式解方程即不等式。"
  },
  {
    "start": 985.79,
    "end": 988.47,
    "speaker": "老师",
    "text": "我有比你更简单的方法。"
  },
  {
    "start": 989.13,
    "end": 999.71,
    "speaker": "老师",
    "text": "老师我可以用初一我们所学方程的知识及不等式的知识，"
  },
  {
    "start": 999.71,
    "end": 1001.85,
    "speaker": "老师",
    "text": "求出这三个问题。"
  },
  {
    "start": 1001.85,
    "end": 1002.09,
    "speaker": "老师",
    "text": "对，"
  },
  {
    "start": 1002.09,
    "end": 1002.61,
    "speaker": "老师",
    "text": "是可以。"
  },
  {
    "start": 1002.61,
    "end": 1012.43,
    "speaker": "老师",
    "text": "但是首先我们题目告知我们用树形结合的姿势解决磁力问题。"
  },
  {
    "start": 1012.43,
    "end": 1014.15,
    "speaker": "老师",
    "text": "第二个，"
  },
  {
    "start": 1014.15,
    "end": 1017.13,
    "speaker": "老师",
    "text": "我们后面也会碰到很多，"
  },
  {
    "start": 1017.13,
    "end": 1024.27,
    "speaker": "老师",
    "text": "并不是所有的题目都可以用方程及不等式组的知识解决第二题，"
  },
  {
    "start": 1024.27,
    "end": 1027.2,
    "speaker": "老师",
    "text": "希望对我们有更深刻的体会。"
  },
  {
    "start": 1028.1,
    "end": 1040.04,
    "speaker": "老师",
    "text": "而我们看到这道题已知一次函数y一等于KX加b与y二等于x加a的图像，"
  },
  {
    "start": 1040.04,
    "end": 1043.56,
    "speaker": "老师",
    "text": "如图所示给出图像。"
  },
  {
    "start": 1043.72,
    "end": 1049.3,
    "speaker": "老师",
    "text": "请问下面四个选项中哪几个是正确的啊？"
  },
  {
    "start": 1050.18,
    "end": 1055.02,
    "speaker": "老师",
    "text": "我们看到从图像中观察y一，"
  },
  {
    "start": 1055.02,
    "end": 1058.76,
    "speaker": "老师",
    "text": "它的增减性y是由个增大而减小，"
  },
  {
    "start": 1058.76,
    "end": 1062.88,
    "speaker": "老师",
    "text": "k自然是一个小于零的数，"
  },
  {
    "start": 1063.0,
    "end": 1066.3,
    "speaker": "老师",
    "text": "因此第一个是正确的，"
  },
  {
    "start": 1066.4,
    "end": 1069.05,
    "speaker": "老师",
    "text": "第二个a大于零。"
  },
  {
    "start": 1069.07,
    "end": 1075.2,
    "speaker": "老师",
    "text": "那么老师在这里要问一下同学，"
  },
  {
    "start": 1075.2,
    "end": 1079.85,
    "speaker": "老师",
    "text": "a与函数图像哪些有关联？"
  },
  {
    "start": 1079.85,
    "end": 1085.3,
    "speaker": "老师",
    "text": "那我们知道a决定了与y轴纵坐标的交点。"
  },
  {
    "start": 1086.55,
    "end": 1097.59,
    "speaker": "老师",
    "text": "所以此时发现它与y轴纵坐标的交点在y轴的负半轴上a是小于零。"
  },
  {
    "start": 1097.59,
    "end": 1101.95,
    "speaker": "老师",
    "text": "所以第二个不符合函数图像所描述，"
  },
  {
    "start": 1102.01,
    "end": 1105.03,
    "speaker": "老师",
    "text": "因此第二个是错误的。"
  },
  {
    "start": 1105.03,
    "end": 1106.9,
    "speaker": "老师",
    "text": "第三个，"
  },
  {
    "start": 1107.0,
    "end": 1109.4,
    "speaker": "老师",
    "text": "我们看的一个方程，"
  },
  {
    "start": 1109.4,
    "end": 1118.41,
    "speaker": "老师",
    "text": "该方程其实就是函数值y一和y二相等的时候及两函数图像的交点。"
  },
  {
    "start": 1118.41,
    "end": 1123.34,
    "speaker": "老师",
    "text": "那么如果同学们不看图函数，"
  },
  {
    "start": 1123.36,
    "end": 1126.76,
    "speaker": "老师",
    "text": "图像能求出它的解吗？"
  },
  {
    "start": 1126.76,
    "end": 1127.44,
    "speaker": "老师",
    "text": "对不难。"
  },
  {
    "start": 1127.76,
    "end": 1131.72,
    "speaker": "老师",
    "text": "所以我们要学会函函数图像。"
  },
  {
    "start": 1131.72,
    "end": 1136.72,
    "speaker": "老师",
    "text": "我们发现此时从图像中可以看出，"
  },
  {
    "start": 1136.76,
    "end": 1141.0,
    "speaker": "老师",
    "text": "x恰恰为三十是它们的交点的横坐标，"
  },
  {
    "start": 1141.0,
    "end": 1144.76,
    "speaker": "老师",
    "text": "即方程的解x等于三，"
  },
  {
    "start": 1146.09,
    "end": 1147.99,
    "speaker": "老师",
    "text": "因此它是正确的。"
  },
  {
    "start": 1147.99,
    "end": 1150.89,
    "speaker": "老师",
    "text": "我们再看到第四个x小于三十，"
  },
  {
    "start": 1150.91,
    "end": 1153.58,
    "speaker": "老师",
    "text": "y一，"
  },
  {
    "start": 1153.64,
    "end": 1154.68,
    "speaker": "老师",
    "text": "小于y二。"
  },
  {
    "start": 1154.7,
    "end": 1159.28,
    "speaker": "老师",
    "text": "我们同学们通过看图像，"
  },
  {
    "start": 1159.3,
    "end": 1166.45,
    "speaker": "老师",
    "text": "当x是小于三时y一，"
  },
  {
    "start": 1166.45,
    "end": 1168.21,
    "speaker": "老师",
    "text": "小于y二。"
  },
  {
    "start": 1168.21,
    "end": 1172.47,
    "speaker": "老师",
    "text": "那么我们看到而是小于三十所对的函数，"
  },
  {
    "start": 1172.55,
    "end": 1174.87,
    "speaker": "老师",
    "text": "图像为图中所显示的部分。"
  },
  {
    "start": 1174.87,
    "end": 1181.13,
    "speaker": "老师",
    "text": "从这里我们可以发现，"
  },
  {
    "start": 1181.13,
    "end": 1184.99,
    "speaker": "老师",
    "text": "当x属于同一值时，"
  },
  {
    "start": 1184.99,
    "end": 1190.4,
    "speaker": "老师",
    "text": "y一的值一定是大于y二的值。"
  },
  {
    "start": 1190.4,
    "end": 1193.0,
    "speaker": "老师",
    "text": "所以第四个是错误的，"
  },
  {
    "start": 1193.0,
    "end": 1195.38,
    "speaker": "老师",
    "text": "因此正确的是第三，"
  },
  {
    "start": 1195.44,
    "end": 1206.24,
    "speaker": "老师",
    "text": "这就说明数性结合的知识可以帮我们更好的解决相关数学问题。"
  },
  {
    "start": 1206.24,
    "end": 1213.22,
    "speaker": "老师",
    "text": "下面我们看一道与实际联系的问题。"
  },
  {
    "start": 1213.24,
    "end": 1213.94,
    "speaker": "老师",
    "text": "第三题，"
  },
  {
    "start": 1214.1,
    "end": 1217.1,
    "speaker": "老师",
    "text": "老师为了教学需要，"
  },
  {
    "start": 1217.1,
    "end": 1219.72,
    "speaker": "老师",
    "text": "在家室中上网查资料。"
  },
  {
    "start": 1219.72,
    "end": 1225.96,
    "speaker": "老师",
    "text": "电信公司提供了两种上网的收费方式，"
  },
  {
    "start": 1225.96,
    "end": 1231.82,
    "speaker": "老师",
    "text": "按上网时间以每分钟零点一计费作为第一种收费方式。"
  },
  {
    "start": 1231.82,
    "end": 1237.54,
    "speaker": "老师",
    "text": "第二种方式月租费为二十元。"
  },
  {
    "start": 1237.84,
    "end": 1245.55,
    "speaker": "老师",
    "text": "再按上网时间以每分钟零点零五元计费，"
  },
  {
    "start": 1245.55,
    "end": 1247.49,
    "speaker": "老师",
    "text": "请同学们画出图像，"
  },
  {
    "start": 1247.49,
    "end": 1251.96,
    "speaker": "老师",
    "text": "帮老师选择以何种方式上网更合适。"
  },
  {
    "start": 1251.96,
    "end": 1252.44,
    "speaker": "老师",
    "text": "好，"
  },
  {
    "start": 1252.44,
    "end": 1256.41,
    "speaker": "老师",
    "text": "很多同学已经做出了选择。"
  },
  {
    "start": 1256.41,
    "end": 1263.13,
    "speaker": "老师",
    "text": "那么现在我们一起分析一下你的选择跟老师的选择是否是一样的。"
  },
  {
    "start": 1263.13,
    "end": 1277.04,
    "speaker": "老师",
    "text": "我们知道上网核不核算跟我们最后的收费是有一定的关系。"
  },
  {
    "start": 1277.04,
    "end": 1277.48,
    "speaker": "老师",
    "text": "我我。"
  },
  {
    "start": 1277.48,
    "end": 1281.19,
    "speaker": "老师",
    "text": "而收费则与上网的时间予有关系。"
  },
  {
    "start": 1281.19,
    "end": 1281.7,
    "speaker": "老师",
    "text": "因此，"
  },
  {
    "start": 1283.99,
    "end": 1285.93,
    "speaker": "老师",
    "text": "我们设上网时间为x分钟，"
  },
  {
    "start": 1285.93,
    "end": 1293.22,
    "speaker": "老师",
    "text": "则第一种社会方式总费用为单位，"
  },
  {
    "start": 1293.22,
    "end": 1297.05,
    "speaker": "老师",
    "text": "每分钟的费用乘以时间，"
  },
  {
    "start": 1297.33,
    "end": 1303.72,
    "speaker": "老师",
    "text": "也就是y一等于零点一MX."
  },
  {
    "start": 1303.72,
    "end": 1308.12,
    "speaker": "老师",
    "text": "而方式二的总费用等于月租费，"
  },
  {
    "start": 1308.12,
    "end": 1313.41,
    "speaker": "老师",
    "text": "加上单位时间的费用乘以一个时间，"
  },
  {
    "start": 1313.41,
    "end": 1316.91,
    "speaker": "老师",
    "text": "所以y二自然等于零点零五x加二十。"
  },
  {
    "start": 1318.06,
    "end": 1323.19,
    "speaker": "老师",
    "text": "我们发现在这个所含的未知数中，"
  },
  {
    "start": 1323.25,
    "end": 1328.54,
    "speaker": "老师",
    "text": "并不能直接的给我们做出选择。"
  },
  {
    "start": 1328.54,
    "end": 1330.81,
    "speaker": "老师",
    "text": "因此，"
  },
  {
    "start": 1330.81,
    "end": 1333.79,
    "speaker": "老师",
    "text": "我们现在来画函数图像，"
  },
  {
    "start": 1333.81,
    "end": 1336.13,
    "speaker": "老师",
    "text": "看能不能做出选择呢？"
  },
  {
    "start": 1336.13,
    "end": 1343.19,
    "speaker": "老师",
    "text": "我在平面直角坐标系中分别画出这两个函数图像。"
  },
  {
    "start": 1343.19,
    "end": 1354.02,
    "speaker": "老师",
    "text": "第一个y一等于零点一XY二等于零点零五x加二十。"
  },
  {
    "start": 1354.24,
    "end": 1358.21,
    "speaker": "老师",
    "text": "平面直角坐标系我们同样给出。"
  },
  {
    "start": 1358.21,
    "end": 1367.0,
    "speaker": "老师",
    "text": "那么我们分析前面这个函数是一个正比例函数，"
  },
  {
    "start": 1367.0,
    "end": 1369.76,
    "speaker": "老师",
    "text": "因此我们取两个点。"
  },
  {
    "start": 1369.76,
    "end": 1372.68,
    "speaker": "老师",
    "text": "首先它经过原点零零，"
  },
  {
    "start": 1372.74,
    "end": 1379.61,
    "speaker": "老师",
    "text": "并且经过两百二十，"
  },
  {
    "start": 1379.67,
    "end": 1383.21,
    "speaker": "老师",
    "text": "根据两点确定一条直线，"
  },
  {
    "start": 1383.21,
    "end": 1388.53,
    "speaker": "老师",
    "text": "我们可以画出第一个函数图像，"
  },
  {
    "start": 1388.53,
    "end": 1396.63,
    "speaker": "老师",
    "text": "而后面这个函数图像则是一个一次函数图像。"
  },
  {
    "start": 1396.63,
    "end": 1404.03,
    "speaker": "老师",
    "text": "我们知道它与y轴的交点坐标是零二十，"
  },
  {
    "start": 1404.03,
    "end": 1406.57,
    "speaker": "老师",
    "text": "同时它也经过两百三十，"
  },
  {
    "start": 1406.57,
    "end": 1412.97,
    "speaker": "老师",
    "text": "把这两个连接起来。"
  },
  {
    "start": 1412.97,
    "end": 1422.69,
    "speaker": "老师",
    "text": "我们发现y二等于零点零五x加二十的函数图像也画出来了。"
  },
  {
    "start": 1422.69,
    "end": 1427.91,
    "speaker": "老师",
    "text": "这个时候同学们观察这两个函数图像，"
  },
  {
    "start": 1427.91,
    "end": 1432.26,
    "speaker": "老师",
    "text": "发现在两条直线有一个交点，"
  },
  {
    "start": 1432.26,
    "end": 1434.2,
    "speaker": "老师",
    "text": "该焦点的坐标是什么？"
  },
  {
    "start": 1434.2,
    "end": 1437.72,
    "speaker": "老师",
    "text": "通过我们前面学习，"
  },
  {
    "start": 1437.76,
    "end": 1445.8,
    "speaker": "老师",
    "text": "我们知道直线的交点坐标记为两函数构成方程组的解。"
  },
  {
    "start": 1445.8,
    "end": 1449.72,
    "speaker": "老师",
    "text": "我们把这两函数构造二元一次方程组，"
  },
  {
    "start": 1449.72,
    "end": 1454.3,
    "speaker": "老师",
    "text": "从而求出该焦点坐标为四百四十。"
  },
  {
    "start": 1454.3,
    "end": 1457.68,
    "speaker": "老师",
    "text": "当时间大于四百分钟的时候，"
  },
  {
    "start": 1457.68,
    "end": 1461.8,
    "speaker": "老师",
    "text": "y一的收费金额大于y二的收费金额。"
  },
  {
    "start": 1461.8,
    "end": 1465.76,
    "speaker": "老师",
    "text": "从而我们选择了方式啊，"
  },
  {
    "start": 1465.92,
    "end": 1469.64,
    "speaker": "老师",
    "text": "当而不是等于四百的时候，"
  },
  {
    "start": 1469.7,
    "end": 1473.66,
    "speaker": "老师",
    "text": "两种收费方式的金额是一样的。"
  },
  {
    "start": 1473.74,
    "end": 1481.57,
    "speaker": "老师",
    "text": "所以两种收费方式我们都可以选择。"
  },
  {
    "start": 1481.65,
    "end": 1485.47,
    "speaker": "老师",
    "text": "当x小于四百大于等于零时，"
  },
  {
    "start": 1485.47,
    "end": 1487.21,
    "speaker": "老师",
    "text": "通过观察图像，"
  },
  {
    "start": 1487.21,
    "end": 1490.19,
    "speaker": "老师",
    "text": "我们发现y一小于y二，"
  },
  {
    "start": 1490.19,
    "end": 1491.85,
    "speaker": "老师",
    "text": "我们选择方式一，"
  },
  {
    "start": 1491.85,
    "end": 1498.18,
    "speaker": "老师",
    "text": "所以我们在图像中可以很直观的给老师做出选择，"
  },
  {
    "start": 1498.18,
    "end": 1500.14,
    "speaker": "老师",
    "text": "同学们都选择对了吗？"
  },
  {
    "start": 1500.14,
    "end": 1500.42,
    "speaker": "老师",
    "text": "好，"
  },
  {
    "start": 1500.42,
    "end": 1510.88,
    "speaker": "老师",
    "text": "下面我们看第三个问题解决方案问题的步骤。"
  },
  {
    "start": 1512.07,
    "end": 1513.98,
    "speaker": "老师",
    "text": "第一，"
  },
  {
    "start": 1514.04,
    "end": 1522.44,
    "speaker": "老师",
    "text": "通过解不等式或画函数图像的方式，"
  },
  {
    "start": 1522.44,
    "end": 1525.93,
    "speaker": "老师",
    "text": "确定自变量的范围。"
  },
  {
    "start": 1527.29,
    "end": 1538.24,
    "speaker": "老师",
    "text": "第二把实际问题转化为数学函数问题，"
  },
  {
    "start": 1538.42,
    "end": 1547.22,
    "speaker": "老师",
    "text": "列出函数关系式，"
  },
  {
    "start": 1547.26,
    "end": 1558.51,
    "speaker": "老师",
    "text": "也就是建立数学模型。"
  },
  {
    "start": 1558.65,
    "end": 1562.91,
    "speaker": "老师",
    "text": "第三，"
  },
  {
    "start": 1562.91,
    "end": 1572.12,
    "speaker": "老师",
    "text": "利用一次函数的增减性知识，"
  },
  {
    "start": 1573.07,
    "end": 1585.41,
    "speaker": "老师",
    "text": "从而做出选择最佳方案。"
  },
  {
    "start": 1585.51,
    "end": 1601.12,
    "speaker": "老师",
    "text": "那么下面我们通过一个习题来了解这方面的知识。"
  },
  {
    "start": 1601.16,
    "end": 1607.0,
    "speaker": "老师",
    "text": "为了美化南昌市景园林部门，"
  },
  {
    "start": 1607.04,
    "end": 1634.7,
    "speaker": "老师",
    "text": "决定利用现有的三千四百九十盆甲种花卉和两千九百五十盆乙种花卉搭配AB两种园艺造型共五十个，"
  },
  {
    "start": 1634.8,
    "end": 1639.58,
    "speaker": "老师",
    "text": "摆放在迎宾大道两侧。"
  },
  {
    "start": 1639.6,
    "end": 1645.73,
    "speaker": "老师",
    "text": "乙知搭配一个a种造型，"
  },
  {
    "start": 1645.81,
    "end": 1649.19,
    "speaker": "老师",
    "text": "需甲总花费八十盆，"
  },
  {
    "start": 1649.99,
    "end": 1654.44,
    "speaker": "老师",
    "text": "乙种花费四十盆。"
  },
  {
    "start": 1655.81,
    "end": 1659.81,
    "speaker": "老师",
    "text": "搭配一个b种造型，"
  },
  {
    "start": 1659.83,
    "end": 1663.25,
    "speaker": "老师",
    "text": "需要甲总花费五十盆，"
  },
  {
    "start": 1663.25,
    "end": 1665.75,
    "speaker": "老师",
    "text": "乙种花费九十盆。"
  },
  {
    "start": 1665.75,
    "end": 1668.73,
    "speaker": "老师",
    "text": "第一问，"
  },
  {
    "start": 1668.83,
    "end": 1672.67,
    "speaker": "老师",
    "text": "复合题搭配方案有几种，"
  },
  {
    "start": 1672.99,
    "end": 1675.53,
    "speaker": "老师",
    "text": "请你帮助设计出来。"
  },
  {
    "start": 1675.79,
    "end": 1677.01,
    "speaker": "老师",
    "text": "第二个，"
  },
  {
    "start": 1677.03,
    "end": 1680.93,
    "speaker": "老师",
    "text": "若搭配一个a种造型，"
  },
  {
    "start": 1680.95,
    "end": 1683.68,
    "speaker": "老师",
    "text": "成本是八百元，"
  },
  {
    "start": 1685.12,
    "end": 1691.68,
    "speaker": "老师",
    "text": "搭配一个b种造型的成本为九百六十元，"
  },
  {
    "start": 1691.74,
    "end": 1698.49,
    "speaker": "老师",
    "text": "是说明第一题中哪种方案的成本最低，"
  },
  {
    "start": 1698.51,
    "end": 1700.33,
    "speaker": "老师",
    "text": "最低成本是多少？"
  },
  {
    "start": 1700.49,
    "end": 1702.49,
    "speaker": "老师",
    "text": "现在我们来分析，"
  },
  {
    "start": 1703.07,
    "end": 1706.33,
    "speaker": "老师",
    "text": "我们现有三千四百九十盆，"
  },
  {
    "start": 1706.37,
    "end": 1707.91,
    "speaker": "老师",
    "text": "甲种花卉，"
  },
  {
    "start": 1707.93,
    "end": 1710.43,
    "speaker": "老师",
    "text": "两千九百五十盆，"
  },
  {
    "start": 1710.43,
    "end": 1713.36,
    "speaker": "老师",
    "text": "一种花卉。"
  },
  {
    "start": 1713.5,
    "end": 1716.52,
    "speaker": "老师",
    "text": "我们总共来搭配AB,"
  },
  {
    "start": 1716.58,
    "end": 1718.18,
    "speaker": "老师",
    "text": "两种原液，"
  },
  {
    "start": 1718.18,
    "end": 1720.94,
    "speaker": "老师",
    "text": "造型共五十个。"
  },
  {
    "start": 1721.08,
    "end": 1723.51,
    "speaker": "老师",
    "text": "而我们知道，"
  },
  {
    "start": 1723.51,
    "end": 1729.35,
    "speaker": "老师",
    "text": "搭配一个a种造型需要八十盆，"
  },
  {
    "start": 1729.35,
    "end": 1733.04,
    "speaker": "老师",
    "text": "甲种花卉需要事实盆，"
  },
  {
    "start": 1733.04,
    "end": 1739.99,
    "speaker": "老师",
    "text": "一种花卉同样搭配b种造型，"
  },
  {
    "start": 1739.99,
    "end": 1743.18,
    "speaker": "老师",
    "text": "需要甲种花卉五十盆。"
  },
  {
    "start": 1743.18,
    "end": 1752.48,
    "speaker": "老师",
    "text": "每个那么需要一种花卉九十和每个那么题目问我们搭配的方案有多少种？"
  },
  {
    "start": 1752.5,
    "end": 1759.89,
    "speaker": "老师",
    "text": "是搭配a种园艺x个，"
  },
  {
    "start": 1759.89,
    "end": 1765.45,
    "speaker": "老师",
    "text": "第一种园艺五十减x个。"
  },
  {
    "start": 1765.45,
    "end": 1782.6,
    "speaker": "老师",
    "text": "A种园鱼造型需要甲种花卉的数量为八十x一种花卉的数量为四十x,"
  },
  {
    "start": 1784.3,
    "end": 1819.24,
    "speaker": "老师",
    "text": "而b种园艺造型甲种花卉的总量为五十乘上一个五十减x而需要乙种花卉的数量为九十乘上一个五十减x AB两种园艺造型所需甲种花卉的数量之和不能超过三千四百九十盆，"
  },
  {
    "start": 1819.3,
    "end": 1834.25,
    "speaker": "老师",
    "text": "而AB两种园艺造型所需的乙种花卉的总量不能超过两千九百五十盆。"
  },
  {
    "start": 1835.07,
    "end": 1840.05,
    "speaker": "老师",
    "text": "所以根据我们分析列出不等式组，"
  },
  {
    "start": 1840.05,
    "end": 1846.5,
    "speaker": "老师",
    "text": "因此我们可以解设搭配a种造型，"
  },
  {
    "start": 1846.5,
    "end": 1861.26,
    "speaker": "老师",
    "text": "x克b种造型为五十减x克AB两种造型所需甲种花卉的总量不超过三千四百九十，"
  },
  {
    "start": 1861.26,
    "end": 1870.38,
    "speaker": "老师",
    "text": "构成不等式乙种花卉的总量不超过两千九百五十。"
  },
  {
    "start": 1870.38,
    "end": 1873.86,
    "speaker": "老师",
    "text": "我们构成不等式组，"
  },
  {
    "start": 1873.86,
    "end": 1881.03,
    "speaker": "老师",
    "text": "通过解不等式组x大于等于三十一，"
  },
  {
    "start": 1881.03,
    "end": 1885.78,
    "speaker": "老师",
    "text": "小于等于三十三，"
  },
  {
    "start": 1885.78,
    "end": 1890.39,
    "speaker": "老师",
    "text": "因为x是整数，"
  },
  {
    "start": 1890.59,
    "end": 1897.34,
    "speaker": "老师",
    "text": "而不是合取三十一三十二三十三，"
  },
  {
    "start": 1897.7,
    "end": 1905.84,
    "speaker": "老师",
    "text": "所以可设计三种搭配方案方案如黑板所示，"
  },
  {
    "start": 1905.84,
    "end": 1913.14,
    "speaker": "老师",
    "text": "若搭配一个a种造型的成本是八百元，"
  },
  {
    "start": 1913.14,
    "end": 1919.62,
    "speaker": "老师",
    "text": "代表一个b种造型的成本是九百六十元。"
  },
  {
    "start": 1919.62,
    "end": 1926.51,
    "speaker": "老师",
    "text": "那么是说明一中哪种方案成本最低，"
  },
  {
    "start": 1926.51,
    "end": 1928.81,
    "speaker": "老师",
    "text": "最低成本是多少元？"
  },
  {
    "start": 1928.81,
    "end": 1931.65,
    "speaker": "老师",
    "text": "同学们思考一下，"
  },
  {
    "start": 1931.67,
    "end": 1936.3,
    "speaker": "老师",
    "text": "下面我们一起来解决这道题。"
  },
  {
    "start": 1936.3,
    "end": 1942.71,
    "speaker": "老师",
    "text": "设a种造型为x个AB两种园艺造型总成本为y圆，"
  },
  {
    "start": 1942.93,
    "end": 1960.92,
    "speaker": "老师",
    "text": "这两种园艺造型总成本为y等于八百x加上九百六十乘上一个五十减x我们化简得y等于负一百六十x加上四万八。"
  },
  {
    "start": 1961.36,
    "end": 1962.0,
    "speaker": "老师",
    "text": "前面。"
  },
  {
    "start": 1962.0,
    "end": 1968.93,
    "speaker": "老师",
    "text": "我们已确定x取值范围为x大于等于三十一，"
  },
  {
    "start": 1969.33,
    "end": 1970.77,
    "speaker": "老师",
    "text": "小于等于三十三。"
  },
  {
    "start": 1971.39,
    "end": 1975.33,
    "speaker": "老师",
    "text": "由于x系数为负一百六小于零，"
  },
  {
    "start": 1975.33,
    "end": 1977.47,
    "speaker": "老师",
    "text": "根据一函数的性质，"
  },
  {
    "start": 1977.47,
    "end": 1981.13,
    "speaker": "老师",
    "text": "y随着增大而减小，"
  },
  {
    "start": 1981.13,
    "end": 1984.03,
    "speaker": "老师",
    "text": "故x取最大值三三时，"
  },
  {
    "start": 1984.03,
    "end": 1990.62,
    "speaker": "老师",
    "text": "y取得最小值为四万两千七百二十元，"
  },
  {
    "start": 1990.62,
    "end": 1995.02,
    "speaker": "老师",
    "text": "即最低成本为四万两千七百二十元。"
  },
  {
    "start": 1995.02,
    "end": 1998.23,
    "speaker": "老师",
    "text": "整个解题过程中，"
  },
  {
    "start": 1998.23,
    "end": 2001.01,
    "speaker": "老师",
    "text": "我们用了什么方法呢？"
  },
  {
    "start": 2001.25,
    "end": 2001.93,
    "speaker": "老师",
    "text": "对，"
  },
  {
    "start": 2002.72,
    "end": 2004.96,
    "speaker": "老师",
    "text": "用了函数的方法，"
  },
  {
    "start": 2005.38,
    "end": 2007.44,
    "speaker": "老师",
    "text": "那同学们还有没有其他的方法？"
  },
  {
    "start": 2007.44,
    "end": 2007.94,
    "speaker": "老师",
    "text": "有的同学已经给出了不一样的方法。"
  },
  {
    "start": 2007.44,
    "end": 2007.94,
    "speaker": "老师",
    "text": "前面我们通过分析x的取值为三十一三十二三十三，"
  },
  {
    "start": 2007.44,
    "end": 2007.94,
    "speaker": "老师",
    "text": "因此当x等于三十一时，"
  },
  {
    "start": 2007.44,
    "end": 2007.94,
    "speaker": "老师",
    "text": "它的成本为四万三千零四十。"
  },
  {
    "start": 2007.44,
    "end": 2007.94,
    "speaker": "老师",
    "text": "当x等于三十二时，"
  },
  {
    "start": 2007.44,
    "end": 2007.94,
    "speaker": "老师",
    "text": "它的成本为四万两千八百八十元。"
  },
  {
    "start": 2007.44,
    "end": 2007.94,
    "speaker": "老师",
    "text": "当x等于三十三时，"
  },
  {
    "start": 2007.44,
    "end": 2007.94,
    "speaker": "老师",
    "text": "成本为四万两千七百二十元，"
  },
  {
    "start": 2007.44,
    "end": 2007.94,
    "speaker": "老师",
    "text": "因此方案三成本最低，"
  },
  {
    "start": 2007.44,
    "end": 2007.94,
    "speaker": "老师",
    "text": "最低成本为四万两千七百二十元。"
  },
  {
    "start": 2007.44,
    "end": 2007.94,
    "speaker": "老师",
    "text": "这是什么方法呢？"
  },
  {
    "start": 2007.44,
    "end": 2007.94,
    "speaker": "老师",
    "text": "这就是列举法不知不觉。"
  },
  {
    "start": 2007.44,
    "end": 2007.94,
    "speaker": "老师",
    "text": "这堂课已经接近尾声，"
  },
  {
    "start": 2007.44,
    "end": 2007.94,
    "speaker": "老师",
    "text": "那么我们现在对本堂课进行梳理反思，"
  },
  {
    "start": 2007.44,
    "end": 2007.94,
    "speaker": "老师",
    "text": "今天我们学了什么？"
  },
  {
    "start": 2007.44,
    "end": 2007.94,
    "speaker": "老师",
    "text": "今天我们还有什么发现？"
  },
  {
    "start": 2007.44,
    "end": 2007.94,
    "speaker": "老师",
    "text": "那么今天我们学了用代替系数法求函数解析式了解一函数与方程方程组及不等式的联系，"
  },
  {
    "start": 2007.44,
    "end": 2007.94,
    "speaker": "老师",
    "text": "并且学会在实际问题中进行方案选择，"
  },
  {
    "start": 2007.44,
    "end": 2007.94,
    "speaker": "老师",
    "text": "并且学会用数形结合的思想，"
  },
  {
    "start": 2007.44,
    "end": 2007.94,
    "speaker": "老师",
    "text": "分类讨论的思想、数学建模的思想去解决实际问题。"
  },
  {
    "start": 2007.44,
    "end": 2007.94,
    "speaker": "老师",
    "text": "那么通过本堂课的学习，"
  },
  {
    "start": 2007.44,
    "end": 2007.94,
    "speaker": "老师",
    "text": "如果同学们还有什么疑问，"
  },
  {
    "start": 2007.44,
    "end": 2007.94,
    "speaker": "老师",
    "text": "可以与自己的同学和老师相互讨论学习，"
  },
  {
    "start": 2007.44,
    "end": 2007.94,
    "speaker": "老师",
    "text": "不仅仅发生课堂，"
  },
  {
    "start": 2007.44,
    "end": 2007.94,
    "speaker": "老师",
    "text": "课外作业，"
  },
  {
    "start": 2007.44,
    "end": 2007.94,
    "speaker": "老师",
    "text": "也是我们有效的补充。"
  },
  {
    "start": 2007.44,
    "end": 2007.94,
    "speaker": "老师",
    "text": "我们作业布置了两类第一个必做题，"
  },
  {
    "start": 2007.44,
    "end": 2007.94,
    "speaker": "老师",
    "text": "书本上一百零八到一百零九面，"
  },
  {
    "start": 2007.44,
    "end": 2007.94,
    "speaker": "老师",
    "text": "十一到十五题。"
  },
  {
    "start": 2007.44,
    "end": 2007.94,
    "speaker": "老师",
    "text": "第二个选做题，"
  },
  {
    "start": 2007.44,
    "end": 2007.94,
    "speaker": "老师",
    "text": "希望同学们在家认真完成，"
  },
  {
    "start": 2007.44,
    "end": 2007.94,
    "speaker": "老师",
    "text": "积极思考。"
  },
  {
    "start": 2007.44,
    "end": 2007.94,
    "speaker": "老师",
    "text": "我们这节课就上到这里，"
  },
  {
    "start": 2007.44,
    "end": 2007.94,
    "speaker": "老师",
    "text": "同学们再见。"
  }
]