[
  {
    "start": 10.28,
    "end": 12.08,
    "speaker": "老师",
    "text": "非常高兴，"
  },
  {
    "start": 12.08,
    "end": 14.34,
    "speaker": "老师",
    "text": "今天又和大家见面了。"
  },
  {
    "start": 14.34,
    "end": 18.82,
    "speaker": "老师",
    "text": "我是南昌市外国语学校的胡景华老师，"
  },
  {
    "start": 18.82,
    "end": 22.88,
    "speaker": "老师",
    "text": "昨天我们一起学习了二十根式的加减法。"
  },
  {
    "start": 22.88,
    "end": 26.1,
    "speaker": "老师",
    "text": "今天我们将继续研究二十根式的运算，"
  },
  {
    "start": 26.28,
    "end": 28.24,
    "speaker": "老师",
    "text": "一个笔记本超高本，"
  },
  {
    "start": 28.44,
    "end": 32.28,
    "speaker": "老师",
    "text": "我们一起开始今天的学习。"
  },
  {
    "start": 32.68,
    "end": 35.68,
    "speaker": "老师",
    "text": "前面我们学习了二十根式，"
  },
  {
    "start": 35.68,
    "end": 42.68,
    "speaker": "老师",
    "text": "了解了二十根式的定义性质化简，"
  },
  {
    "start": 42.76,
    "end": 46.44,
    "speaker": "老师",
    "text": "学习了二十根式的乘除运算，"
  },
  {
    "start": 46.44,
    "end": 49.06,
    "speaker": "老师",
    "text": "二十根式的加减运算。"
  },
  {
    "start": 49.06,
    "end": 56.17,
    "speaker": "老师",
    "text": "今天我们开始学习二十根式的混合运算。"
  },
  {
    "start": 56.17,
    "end": 60.16,
    "speaker": "老师",
    "text": "在学习阿兹克式的混合运算之前，"
  },
  {
    "start": 60.16,
    "end": 68.02,
    "speaker": "老师",
    "text": "我们先一起的来回顾一下二十根式的各种运算。"
  },
  {
    "start": 68.02,
    "end": 68.34,
    "speaker": "老师",
    "text": "首先，"
  },
  {
    "start": 68.34,
    "end": 71.63,
    "speaker": "老师",
    "text": "二十分式的乘法运算，"
  },
  {
    "start": 71.67,
    "end": 73.73,
    "speaker": "老师",
    "text": "你还记得怎么算吗？"
  },
  {
    "start": 73.73,
    "end": 78.13,
    "speaker": "老师",
    "text": "同学们可以试着在笔记本上写一写，"
  },
  {
    "start": 78.13,
    "end": 83.35,
    "speaker": "老师",
    "text": "我们一起来回顾一下我们之前学的知识。"
  },
  {
    "start": 83.35,
    "end": 87.92,
    "speaker": "老师",
    "text": "二十根式的乘法运算，"
  },
  {
    "start": 88.06,
    "end": 94.1,
    "speaker": "老师",
    "text": "两个二次根式相乘怎么说非常好。"
  },
  {
    "start": 94.1,
    "end": 97.25,
    "speaker": "老师",
    "text": "其实他还可以反过来，"
  },
  {
    "start": 98.5,
    "end": 104.41,
    "speaker": "老师",
    "text": "二十根式的除法运算，"
  },
  {
    "start": 104.77,
    "end": 108.28,
    "speaker": "老师",
    "text": "他又是怎么算呢？"
  },
  {
    "start": 109.03,
    "end": 111.31,
    "speaker": "老师",
    "text": "想一想写下来非常好，"
  },
  {
    "start": 111.31,
    "end": 115.87,
    "speaker": "老师",
    "text": "实际上它也可以反过来运算非常好。"
  },
  {
    "start": 115.87,
    "end": 126.96,
    "speaker": "老师",
    "text": "上节课我们还学习了二十个式的加减运算，"
  },
  {
    "start": 126.96,
    "end": 129.14,
    "speaker": "老师",
    "text": "两个二字根式如何相加呢？"
  },
  {
    "start": 129.14,
    "end": 131.7,
    "speaker": "老师",
    "text": "非常好合并同类的。"
  },
  {
    "start": 131.7,
    "end": 134.63,
    "speaker": "老师",
    "text": "在二十个字的运算当中，"
  },
  {
    "start": 134.63,
    "end": 143.22,
    "speaker": "老师",
    "text": "我们还有一个非常最重要的关键的步骤，"
  },
  {
    "start": 143.22,
    "end": 146.42,
    "speaker": "老师",
    "text": "我们的二次根式要进行化简。"
  },
  {
    "start": 146.42,
    "end": 150.55,
    "speaker": "老师",
    "text": "还记得两个化简呢发灯非常好。"
  },
  {
    "start": 150.55,
    "end": 153.43,
    "speaker": "老师",
    "text": "我们有了二次根式乘法的法则，"
  },
  {
    "start": 153.43,
    "end": 161.02,
    "speaker": "老师",
    "text": "除法的法则、加减运算的法则以及化简的法则，"
  },
  {
    "start": 161.44,
    "end": 167.55,
    "speaker": "老师",
    "text": "我们就可以进行二次根式的混合运算。"
  },
  {
    "start": 167.97,
    "end": 168.57,
    "speaker": "老师",
    "text": "孩子，"
  },
  {
    "start": 168.59,
    "end": 169.45,
    "speaker": "老师",
    "text": "我们想一想，"
  },
  {
    "start": 169.45,
    "end": 176.15,
    "speaker": "老师",
    "text": "二次根式的运算与整式的运算有什么关系？"
  },
  {
    "start": 176.25,
    "end": 179.97,
    "speaker": "老师",
    "text": "在之前我们的学习过程当中，"
  },
  {
    "start": 179.97,
    "end": 188.23,
    "speaker": "老师",
    "text": "实际上我们已经发现了我们所有二次根式的运算的法则，"
  },
  {
    "start": 188.63,
    "end": 191.51,
    "speaker": "老师",
    "text": "类比于整式运算的法则，"
  },
  {
    "start": 191.51,
    "end": 193.53,
    "speaker": "老师",
    "text": "它们实质上是一致的。"
  },
  {
    "start": 193.77,
    "end": 196.68,
    "speaker": "老师",
    "text": "同样的整式当中，"
  },
  {
    "start": 196.68,
    "end": 198.42,
    "speaker": "老师",
    "text": "在做运算的时候，"
  },
  {
    "start": 198.42,
    "end": 206.11,
    "speaker": "老师",
    "text": "我们还有很多运算率运算的公式。"
  },
  {
    "start": 206.11,
    "end": 210.69,
    "speaker": "老师",
    "text": "实际上在二次根式的运算当中，"
  },
  {
    "start": 210.69,
    "end": 213.25,
    "speaker": "老师",
    "text": "它也是同样适用的。"
  },
  {
    "start": 214.17,
    "end": 215.13,
    "speaker": "老师",
    "text": "这样的话，"
  },
  {
    "start": 215.45,
    "end": 222.37,
    "speaker": "老师",
    "text": "我们再一起来回忆一下整式的运算公式和运算率。"
  },
  {
    "start": 222.37,
    "end": 228.66,
    "speaker": "老师",
    "text": "我们试着在笔记本上写一写。"
  },
  {
    "start": 228.66,
    "end": 233.72,
    "speaker": "老师",
    "text": "我们一起来回忆一下，"
  },
  {
    "start": 233.72,
    "end": 238.99,
    "speaker": "老师",
    "text": "在整室或者更之前，"
  },
  {
    "start": 238.99,
    "end": 243.28,
    "speaker": "老师",
    "text": "我们在有理数实数的运算，"
  },
  {
    "start": 243.28,
    "end": 249.69,
    "speaker": "老师",
    "text": "当中学过哪一些法子和运算律呢？"
  },
  {
    "start": 249.69,
    "end": 253.22,
    "speaker": "老师",
    "text": "跟着老师我们一起来回忆。"
  },
  {
    "start": 253.22,
    "end": 257.17,
    "speaker": "老师",
    "text": "首先加法的交换律，"
  },
  {
    "start": 257.17,
    "end": 263.93,
    "speaker": "老师",
    "text": "还有好乘法的交换率，"
  },
  {
    "start": 263.93,
    "end": 267.18,
    "speaker": "老师",
    "text": "乘法的分配律，"
  },
  {
    "start": 267.18,
    "end": 272.67,
    "speaker": "老师",
    "text": "这个公式我们还可以反过来用。"
  },
  {
    "start": 272.67,
    "end": 276.73,
    "speaker": "老师",
    "text": "接下来多项式乘以多项式，"
  },
  {
    "start": 276.73,
    "end": 284.82,
    "speaker": "老师",
    "text": "同样的我们也可以反过来啊，"
  },
  {
    "start": 284.82,
    "end": 287.9,
    "speaker": "老师",
    "text": "这是因次分解当中的非常好。"
  },
  {
    "start": 287.9,
    "end": 292.46,
    "speaker": "老师",
    "text": "接下来多项式除以单项式，"
  },
  {
    "start": 293.65,
    "end": 294.37,
    "speaker": "老师",
    "text": "反过来，"
  },
  {
    "start": 294.65,
    "end": 297.45,
    "speaker": "老师",
    "text": "我们后面还学习了平方差公式，"
  },
  {
    "start": 297.45,
    "end": 302.14,
    "speaker": "老师",
    "text": "他也可以反过来运用完全平方和公式，"
  },
  {
    "start": 302.14,
    "end": 304.98,
    "speaker": "老师",
    "text": "完全平方差公式等等。"
  },
  {
    "start": 304.98,
    "end": 312.3,
    "speaker": "老师",
    "text": "这一些都是我们整式运算当中常见的运算率和运算公式。"
  },
  {
    "start": 312.32,
    "end": 332.69,
    "speaker": "老师",
    "text": "我们发现整式运算当中的所有的公式和运算率都可以适用于二次根式的运算。"
  },
  {
    "start": 332.77,
    "end": 335.69,
    "speaker": "老师",
    "text": "只要把字母换成二字根式，"
  },
  {
    "start": 335.69,
    "end": 337.73,
    "speaker": "老师",
    "text": "所有的运算的规则，"
  },
  {
    "start": 337.73,
    "end": 339.11,
    "speaker": "老师",
    "text": "运算的法则，"
  },
  {
    "start": 339.11,
    "end": 348.85,
    "speaker": "老师",
    "text": "运算的顺序在二次根式当中同样的适用。"
  },
  {
    "start": 348.85,
    "end": 352.57,
    "speaker": "老师",
    "text": "今天我们主要学习二十根式的混合运算。"
  },
  {
    "start": 352.57,
    "end": 356.8,
    "speaker": "老师",
    "text": "在混合运算当中有加减乘除、有括号，"
  },
  {
    "start": 356.8,
    "end": 361.16,
    "speaker": "老师",
    "text": "甚至可能还有乘方开方运算。"
  },
  {
    "start": 361.34,
    "end": 371.21,
    "speaker": "老师",
    "text": "所有二次根式的运算适用的法子，"
  },
  {
    "start": 371.21,
    "end": 377.38,
    "speaker": "老师",
    "text": "全部可以来自于整式运算好所有的运算率和乘法公式。"
  },
  {
    "start": 377.38,
    "end": 381.06,
    "speaker": "老师",
    "text": "在二字根式当中是全部适用的。"
  },
  {
    "start": 381.06,
    "end": 389.68,
    "speaker": "老师",
    "text": "现在我们就来用这些公式和预算力进行二次格式的混合预算吧。"
  },
  {
    "start": 389.68,
    "end": 394.26,
    "speaker": "老师",
    "text": "首先我们来看第一道例题，"
  },
  {
    "start": 394.32,
    "end": 395.78,
    "speaker": "老师",
    "text": "这里有一个加法运算，"
  },
  {
    "start": 395.78,
    "end": 397.22,
    "speaker": "老师",
    "text": "有一个乘法运算，"
  },
  {
    "start": 397.22,
    "end": 398.78,
    "speaker": "老师",
    "text": "按照运算的顺序，"
  },
  {
    "start": 398.78,
    "end": 400.86,
    "speaker": "老师",
    "text": "我们应该先做括号里。"
  },
  {
    "start": 400.86,
    "end": 405.46,
    "speaker": "老师",
    "text": "但是括号里面这两个不能相加，"
  },
  {
    "start": 405.46,
    "end": 413.51,
    "speaker": "老师",
    "text": "所以我们可以运用乘法分配律，"
  },
  {
    "start": 413.51,
    "end": 420.91,
    "speaker": "老师",
    "text": "也是整式运算当中的单项式乘以多项式的运算非常好。"
  },
  {
    "start": 420.91,
    "end": 425.28,
    "speaker": "老师",
    "text": "我们将每一个二次根式跟外面相乘，"
  },
  {
    "start": 425.62,
    "end": 430.86,
    "speaker": "老师",
    "text": "括号内的每一个二次根式跟括号外的相乘，"
  },
  {
    "start": 430.94,
    "end": 433.86,
    "speaker": "老师",
    "text": "利用乘法的分配律，"
  },
  {
    "start": 433.86,
    "end": 440.45,
    "speaker": "老师",
    "text": "再利用二次根式乘法运算的法则。"
  },
  {
    "start": 441.5,
    "end": 444.02,
    "speaker": "老师",
    "text": "接下来我们进行化简，"
  },
  {
    "start": 444.02,
    "end": 446.51,
    "speaker": "老师",
    "text": "最后是一个加法运算，"
  },
  {
    "start": 446.51,
    "end": 449.09,
    "speaker": "老师",
    "text": "我们发现被开放数不一样，"
  },
  {
    "start": 449.09,
    "end": 451.8,
    "speaker": "老师",
    "text": "所以我们不能合并，"
  },
  {
    "start": 451.8,
    "end": 455.83,
    "speaker": "老师",
    "text": "这就是它最终的答案。"
  },
  {
    "start": 457.23,
    "end": 459.51,
    "speaker": "老师",
    "text": "在这道题当中，"
  },
  {
    "start": 459.51,
    "end": 462.82,
    "speaker": "老师",
    "text": "我们用到了乘法的分配律，"
  },
  {
    "start": 462.82,
    "end": 464.3,
    "speaker": "老师",
    "text": "用到了二字根式，"
  },
  {
    "start": 464.3,
    "end": 466.85,
    "speaker": "老师",
    "text": "乘法的法则非常好。"
  },
  {
    "start": 467.37,
    "end": 475.44,
    "speaker": "老师",
    "text": "接下来同学们可不可以动手先试一试呢？"
  },
  {
    "start": 475.44,
    "end": 478.5,
    "speaker": "老师",
    "text": "这里面有减法运算，"
  },
  {
    "start": 478.5,
    "end": 480.18,
    "speaker": "老师",
    "text": "有除法运算，"
  },
  {
    "start": 480.48,
    "end": 481.48,
    "speaker": "老师",
    "text": "有括号。"
  },
  {
    "start": 481.68,
    "end": 484.73,
    "speaker": "老师",
    "text": "按照我们预算的顺序，"
  },
  {
    "start": 484.73,
    "end": 485.63,
    "speaker": "老师",
    "text": "先算括号，"
  },
  {
    "start": 485.63,
    "end": 489.49,
    "speaker": "老师",
    "text": "但是括号里面已经不能再革离了。"
  },
  {
    "start": 489.65,
    "end": 491.29,
    "speaker": "老师",
    "text": "我们可以用非常好，"
  },
  {
    "start": 491.65,
    "end": 497.51,
    "speaker": "老师",
    "text": "可以用多项式除以单项式的运算法则，"
  },
  {
    "start": 497.51,
    "end": 504.44,
    "speaker": "老师",
    "text": "将括号里的每一项去除以括号外的这一个案字。"
  },
  {
    "start": 504.44,
    "end": 509.79,
    "speaker": "老师",
    "text": "但是分别处利用案子更是处法的法则进行化解，"
  },
  {
    "start": 509.79,
    "end": 513.13,
    "speaker": "老师",
    "text": "最后的结果约不能再合并，"
  },
  {
    "start": 513.13,
    "end": 516.89,
    "speaker": "老师",
    "text": "所以等于二减二分之三倍的根号三。"
  },
  {
    "start": 516.89,
    "end": 521.83,
    "speaker": "老师",
    "text": "接下来我们继续来看这样一道题，"
  },
  {
    "start": 521.83,
    "end": 529.37,
    "speaker": "老师",
    "text": "根号二加根号三乘以根号二减根号五，"
  },
  {
    "start": 529.45,
    "end": 533.18,
    "speaker": "老师",
    "text": "我们先发现括号里边没办法继续运算，"
  },
  {
    "start": 533.18,
    "end": 535.27,
    "speaker": "老师",
    "text": "该怎么做呢？"
  },
  {
    "start": 535.27,
    "end": 535.63,
    "speaker": "老师",
    "text": "哦，"
  },
  {
    "start": 535.63,
    "end": 540.98,
    "speaker": "老师",
    "text": "原来番禺整式乘法当中的多项式乘以多项式是类似的。"
  },
  {
    "start": 540.98,
    "end": 548.02,
    "speaker": "老师",
    "text": "所以我们可以用整式乘法当中多项式乘以多项式的法则，"
  },
  {
    "start": 548.02,
    "end": 562.52,
    "speaker": "老师",
    "text": "把第一个括号当中的每一项去乘以第二个括号中的每一项得到这样四项利用啊多项式乘以多项式的法则。"
  },
  {
    "start": 563.86,
    "end": 567.79,
    "speaker": "老师",
    "text": "接下来进行二次根式的乘法运算。"
  },
  {
    "start": 567.79,
    "end": 572.29,
    "speaker": "老师",
    "text": "我们发现有这样事项进行最后进行加减运算。"
  },
  {
    "start": 572.77,
    "end": 574.25,
    "speaker": "老师",
    "text": "在加减运算当中，"
  },
  {
    "start": 574.49,
    "end": 580.27,
    "speaker": "老师",
    "text": "我们知道二次根式的加减运算也跟整式的加减运算类似，"
  },
  {
    "start": 580.27,
    "end": 582.07,
    "speaker": "老师",
    "text": "我们可以合并同类项，"
  },
  {
    "start": 582.84,
    "end": 587.21,
    "speaker": "老师",
    "text": "合并同类的二次根式。"
  },
  {
    "start": 587.21,
    "end": 588.54,
    "speaker": "老师",
    "text": "最后，"
  },
  {
    "start": 588.54,
    "end": 594.28,
    "speaker": "老师",
    "text": "我们将同类二次根式和同类项进行合并。"
  },
  {
    "start": 594.28,
    "end": 599.98,
    "speaker": "老师",
    "text": "所以最后我们的运算结果一定要注意算到不能再算为止。"
  },
  {
    "start": 600.08,
    "end": 602.56,
    "speaker": "老师",
    "text": "答案要是最简单，"
  },
  {
    "start": 602.56,
    "end": 603.2,
    "speaker": "老师",
    "text": "同学们，"
  },
  {
    "start": 603.74,
    "end": 607.54,
    "speaker": "老师",
    "text": "我们继续来研究这样一道题，"
  },
  {
    "start": 607.54,
    "end": 612.36,
    "speaker": "老师",
    "text": "仍然是一个多项式乘以多项式。"
  },
  {
    "start": 612.36,
    "end": 613.14,
    "speaker": "老师",
    "text": "同样的，"
  },
  {
    "start": 613.68,
    "end": 618.32,
    "speaker": "老师",
    "text": "我们可以用多项式乘以多项式的法则。"
  },
  {
    "start": 618.32,
    "end": 622.88,
    "speaker": "老师",
    "text": "但是同学们再仔细观察一下，"
  },
  {
    "start": 622.88,
    "end": 625.96,
    "speaker": "老师",
    "text": "发现它有没有更特殊的地方，"
  },
  {
    "start": 626.42,
    "end": 627.18,
    "speaker": "老师",
    "text": "非常好。"
  },
  {
    "start": 627.18,
    "end": 628.52,
    "speaker": "老师",
    "text": "你能写吗？"
  },
  {
    "start": 628.52,
    "end": 628.94,
    "speaker": "老师",
    "text": "啊，"
  },
  {
    "start": 628.94,
    "end": 630.46,
    "speaker": "老师",
    "text": "太好了，"
  },
  {
    "start": 630.46,
    "end": 637.75,
    "speaker": "老师",
    "text": "我们发现原来这两个像一个是两项的和一个是两项的。"
  },
  {
    "start": 637.75,
    "end": 648.51,
    "speaker": "老师",
    "text": "差与我们之前学过的乘法公式当中的平方差公式完全符合。"
  },
  {
    "start": 648.51,
    "end": 656.89,
    "speaker": "老师",
    "text": "所以我们可以利用平方差公式更快的运算出这一道题。"
  },
  {
    "start": 656.89,
    "end": 659.09,
    "speaker": "老师",
    "text": "它等于根号五的平方，"
  },
  {
    "start": 659.09,
    "end": 662.61,
    "speaker": "老师",
    "text": "减掉根号三的平方，"
  },
  {
    "start": 662.61,
    "end": 665.17,
    "speaker": "老师",
    "text": "我们再将再将它进行化简。"
  },
  {
    "start": 665.17,
    "end": 668.75,
    "speaker": "老师",
    "text": "最后的结果等于什么？"
  },
  {
    "start": 668.75,
    "end": 670.75,
    "speaker": "老师",
    "text": "通过这两道题的练习，"
  },
  {
    "start": 670.75,
    "end": 676.48,
    "speaker": "老师",
    "text": "我们发现在二次根式的运算当中，"
  },
  {
    "start": 676.48,
    "end": 678.32,
    "speaker": "老师",
    "text": "多项式的乘法法则，"
  },
  {
    "start": 678.32,
    "end": 683.82,
    "speaker": "老师",
    "text": "乘法公式仍然是适用的。"
  },
  {
    "start": 684.69,
    "end": 687.9,
    "speaker": "老师",
    "text": "而且在一些特殊的运算当中，"
  },
  {
    "start": 687.9,
    "end": 691.3,
    "speaker": "老师",
    "text": "我们用乘法公式更为简便。"
  },
  {
    "start": 691.3,
    "end": 693.0,
    "speaker": "老师",
    "text": "接下来我们再试一试。"
  },
  {
    "start": 693.0,
    "end": 693.6,
    "speaker": "老师",
    "text": "同学们，"
  },
  {
    "start": 693.6,
    "end": 696.74,
    "speaker": "老师",
    "text": "我们来看这道题，"
  },
  {
    "start": 696.74,
    "end": 698.08,
    "speaker": "老师",
    "text": "你能做吗？"
  },
  {
    "start": 698.08,
    "end": 700.34,
    "speaker": "老师",
    "text": "是不是很简单，"
  },
  {
    "start": 700.34,
    "end": 703.95,
    "speaker": "老师",
    "text": "你想到了用什么方法吗？"
  },
  {
    "start": 703.95,
    "end": 708.15,
    "speaker": "老师",
    "text": "非常好。"
  },
  {
    "start": 708.15,
    "end": 720.66,
    "speaker": "老师",
    "text": "这道题与我们整式乘法当中的哪一个公式很像啊啊，"
  },
  {
    "start": 720.66,
    "end": 730.47,
    "speaker": "老师",
    "text": "与我们整式乘法当中的完全平方公式是一致的。"
  },
  {
    "start": 730.47,
    "end": 738.98,
    "speaker": "老师",
    "text": "我们可以试着用完全平方公式来解决这个问题。"
  },
  {
    "start": 739.75,
    "end": 740.69,
    "speaker": "老师",
    "text": "已做已做完了，"
  },
  {
    "start": 740.69,
    "end": 743.04,
    "speaker": "老师",
    "text": "把你的答案写在笔记本上，"
  },
  {
    "start": 744.59,
    "end": 746.75,
    "speaker": "老师",
    "text": "然后再来跟老师这一点，"
  },
  {
    "start": 746.75,
    "end": 751.36,
    "speaker": "老师",
    "text": "他等于另一个数两倍根号三的平方，"
  },
  {
    "start": 751.36,
    "end": 759.46,
    "speaker": "老师",
    "text": "加上这两个数乘积的两倍二乘以两倍的根号三乘以三倍的根号二，"
  },
  {
    "start": 759.46,
    "end": 762.59,
    "speaker": "老师",
    "text": "再加上第二个数的平方，"
  },
  {
    "start": 762.59,
    "end": 764.67,
    "speaker": "老师",
    "text": "三倍根号二的平方，"
  },
  {
    "start": 764.67,
    "end": 768.57,
    "speaker": "老师",
    "text": "根据完全平方公式我们可以得到非常好。"
  },
  {
    "start": 768.57,
    "end": 774.05,
    "speaker": "老师",
    "text": "接着我们利用二次根式的乘法的法则化，"
  },
  {
    "start": 774.05,
    "end": 775.89,
    "speaker": "老师",
    "text": "简单对的，"
  },
  {
    "start": 775.89,
    "end": 780.25,
    "speaker": "老师",
    "text": "最后不要忘了合并同类项，"
  },
  {
    "start": 780.25,
    "end": 782.23,
    "speaker": "老师",
    "text": "把答案化为最简单。"
  },
  {
    "start": 782.23,
    "end": 792.44,
    "speaker": "老师",
    "text": "这道题当中我们就运用了整示成败当中的完全平方公式。"
  },
  {
    "start": 792.44,
    "end": 796.32,
    "speaker": "老师",
    "text": "接下来我们一起来看一道稍微复杂一点的题。"
  },
  {
    "start": 796.32,
    "end": 800.44,
    "speaker": "老师",
    "text": "同学们仔细观察一下这个二次根式的运算，"
  },
  {
    "start": 800.44,
    "end": 802.8,
    "speaker": "老师",
    "text": "这里面有括号也有乘法，"
  },
  {
    "start": 802.84,
    "end": 805.34,
    "speaker": "老师",
    "text": "在括号里面的。"
  },
  {
    "start": 805.34,
    "end": 806.56,
    "speaker": "老师",
    "text": "每一项。"
  },
  {
    "start": 806.92,
    "end": 811.18,
    "speaker": "老师",
    "text": "大家仔细看一看哦，"
  },
  {
    "start": 811.18,
    "end": 816.44,
    "speaker": "老师",
    "text": "我们发现有一些二次根式它不是最简单，"
  },
  {
    "start": 816.44,
    "end": 819.74,
    "speaker": "老师",
    "text": "所以根据括号优先的原则，"
  },
  {
    "start": 819.9,
    "end": 825.39,
    "speaker": "老师",
    "text": "有括号的我们可以先算括号内的第一步，"
  },
  {
    "start": 825.39,
    "end": 831.7,
    "speaker": "老师",
    "text": "我们可以试着将括号内的二次根式进行化简。"
  },
  {
    "start": 831.7,
    "end": 841.54,
    "speaker": "老师",
    "text": "在这根号四a根号九a根号二分之九b根号二分之b都不是最简二次根式，"
  },
  {
    "start": 841.54,
    "end": 849.26,
    "speaker": "老师",
    "text": "我们利用二次根式化简原则进行阿子，"
  },
  {
    "start": 849.26,
    "end": 850.82,
    "speaker": "老师",
    "text": "更是个化解。"
  },
  {
    "start": 850.82,
    "end": 852.9,
    "speaker": "老师",
    "text": "当把二次根式化简以后，"
  },
  {
    "start": 852.9,
    "end": 858.16,
    "speaker": "老师",
    "text": "我们发现每个括号里边它实际上是加减运算。"
  },
  {
    "start": 858.16,
    "end": 861.52,
    "speaker": "老师",
    "text": "根据加减运算的法则，"
  },
  {
    "start": 861.52,
    "end": 866.09,
    "speaker": "老师",
    "text": "我们可以合并被开方数相同的同类二次根式。"
  },
  {
    "start": 866.09,
    "end": 872.84,
    "speaker": "老师",
    "text": "第一个四字合并完以后，"
  },
  {
    "start": 872.84,
    "end": 882.32,
    "speaker": "老师",
    "text": "他等于根号二b减根号a第二个式子将同类二次根式合并以后，"
  },
  {
    "start": 882.32,
    "end": 891.17,
    "speaker": "老师",
    "text": "等于根号二b加根号a这样的话我们就将前面较复杂的二次根式化为较简单的二次根式的运算。"
  },
  {
    "start": 891.17,
    "end": 894.01,
    "speaker": "老师",
    "text": "然后我们再观察这两个式子，"
  },
  {
    "start": 894.41,
    "end": 900.03,
    "speaker": "老师",
    "text": "正好符合整式乘法当中的平方差公式。"
  },
  {
    "start": 900.07,
    "end": 904.83,
    "speaker": "老师",
    "text": "所以我们利用平方差公式继续运算，"
  },
  {
    "start": 904.83,
    "end": 906.31,
    "speaker": "老师",
    "text": "结果呢意鉴定。"
  },
  {
    "start": 906.31,
    "end": 907.99,
    "speaker": "老师",
    "text": "在这个运算当中，"
  },
  {
    "start": 907.99,
    "end": 909.45,
    "speaker": "老师",
    "text": "我们有括号，"
  },
  {
    "start": 909.45,
    "end": 916.66,
    "speaker": "老师",
    "text": "一定要注意有括号的运算。"
  },
  {
    "start": 916.68,
    "end": 919.06,
    "speaker": "老师",
    "text": "对于一个较复杂的式子，"
  },
  {
    "start": 919.06,
    "end": 919.86,
    "speaker": "老师",
    "text": "哪道题，"
  },
  {
    "start": 919.86,
    "end": 921.96,
    "speaker": "老师",
    "text": "我们不要着急动手，"
  },
  {
    "start": 921.96,
    "end": 923.7,
    "speaker": "老师",
    "text": "可以试着先观察。"
  },
  {
    "start": 923.7,
    "end": 933.16,
    "speaker": "老师",
    "text": "注意多项式的乘法法则和乘法公式，"
  },
  {
    "start": 933.28,
    "end": 936.36,
    "speaker": "老师",
    "text": "在二次根式当中仍然持有好了吗？"
  },
  {
    "start": 936.36,
    "end": 961.26,
    "speaker": "老师",
    "text": "前面四道题都出现了二次根式的加减乘除，"
  },
  {
    "start": 961.26,
    "end": 963.18,
    "speaker": "老师",
    "text": "包括有括号的运算，"
  },
  {
    "start": 963.18,
    "end": 968.96,
    "speaker": "老师",
    "text": "也就是我们进行了二次根式的混合运算。"
  },
  {
    "start": 968.96,
    "end": 986.76,
    "speaker": "老师",
    "text": "那么我们是如何进行二次根式的风格运算呢？"
  },
  {
    "start": 986.76,
    "end": 1015.37,
    "speaker": "老师",
    "text": "我们发现二十根式的混合运算与整十的混合运算顺序是完全一致的。"
  },
  {
    "start": 1015.37,
    "end": 1018.07,
    "speaker": "老师",
    "text": "先乘方开方，"
  },
  {
    "start": 1019.28,
    "end": 1020.94,
    "speaker": "老师",
    "text": "再乘除后加减。"
  },
  {
    "start": 1020.94,
    "end": 1025.38,
    "speaker": "老师",
    "text": "有括号的也要先算括号内的整式当中，"
  },
  {
    "start": 1025.38,
    "end": 1034.38,
    "speaker": "老师",
    "text": "所有的运算率和乘法公式在二十分子运算当中都适用。"
  },
  {
    "start": 1034.38,
    "end": 1035.88,
    "speaker": "老师",
    "text": "那么特别要注意啊，"
  },
  {
    "start": 1036.56,
    "end": 1040.27,
    "speaker": "老师",
    "text": "与之前数的运算也好，"
  },
  {
    "start": 1040.27,
    "end": 1043.63,
    "speaker": "老师",
    "text": "整式的运算也好，"
  },
  {
    "start": 1043.63,
    "end": 1044.99,
    "speaker": "老师",
    "text": "分式的运算也好，"
  },
  {
    "start": 1046.26,
    "end": 1049.58,
    "speaker": "老师",
    "text": "它们的运算的结果我们都要化为最简形式。"
  },
  {
    "start": 1049.58,
    "end": 1052.14,
    "speaker": "老师",
    "text": "这四道题请，"
  },
  {
    "start": 1052.14,
    "end": 1057.13,
    "speaker": "老师",
    "text": "同学们把它做在你的笔记本上，"
  },
  {
    "start": 1057.13,
    "end": 1068.35,
    "speaker": "老师",
    "text": "给同学们两分钟的时间拿到一道题目的预算。"
  },
  {
    "start": 1068.35,
    "end": 1071.16,
    "speaker": "老师",
    "text": "大家先不要着急动手，"
  },
  {
    "start": 1074.4,
    "end": 1079.8,
    "speaker": "老师",
    "text": "我们可以事先观察一下每一个式子的特点，"
  },
  {
    "start": 1080.42,
    "end": 1086.6,
    "speaker": "老师",
    "text": "然后想想可以用哪一些法则、公式运算律再来动手，"
  },
  {
    "start": 1086.62,
    "end": 1091.03,
    "speaker": "老师",
    "text": "一定要注意我们的结果要化为最简的哦。"
  },
  {
    "start": 1091.03,
    "end": 1092.95,
    "speaker": "老师",
    "text": "同学们做完了吗？"
  },
  {
    "start": 1092.95,
    "end": 1108.53,
    "speaker": "老师",
    "text": "我们一起来对对答案你都做对了吗？"
  },
  {
    "start": 1108.99,
    "end": 1109.59,
    "speaker": "老师",
    "text": "非常好，"
  },
  {
    "start": 1109.59,
    "end": 1110.95,
    "speaker": "老师",
    "text": "有不对的地方，"
  },
  {
    "start": 1110.95,
    "end": 1111.66,
    "speaker": "老师",
    "text": "别着急，"
  },
  {
    "start": 1113.06,
    "end": 1116.38,
    "speaker": "老师",
    "text": "跟老师的步骤进行比较，"
  },
  {
    "start": 1117.27,
    "end": 1127.91,
    "speaker": "老师",
    "text": "把错误的地方圈出来看一看你是哪一步出现了问题，"
  },
  {
    "start": 1127.91,
    "end": 1129.65,
    "speaker": "老师",
    "text": "不着急。"
  },
  {
    "start": 1129.65,
    "end": 1131.53,
    "speaker": "老师",
    "text": "好的，"
  },
  {
    "start": 1131.53,
    "end": 1134.94,
    "speaker": "老师",
    "text": "如果你还有不明白的地方，"
  },
  {
    "start": 1134.94,
    "end": 1137.74,
    "speaker": "老师",
    "text": "可以留到课后与老师进行探讨。"
  },
  {
    "start": 1137.74,
    "end": 1138.4,
    "speaker": "老师",
    "text": "同学们，"
  },
  {
    "start": 1138.4,
    "end": 1143.85,
    "speaker": "老师",
    "text": "接下来我们继续四道题，"
  },
  {
    "start": 1143.99,
    "end": 1145.65,
    "speaker": "老师",
    "text": "非常好，"
  },
  {
    "start": 1145.65,
    "end": 1151.27,
    "speaker": "老师",
    "text": "请同学们把这四道题做在你的笔记本上。"
  },
  {
    "start": 1151.29,
    "end": 1151.74,
    "speaker": "老师",
    "text": "嗯，"
  },
  {
    "start": 1152.79,
    "end": 1154.93,
    "speaker": "老师",
    "text": "在做题之前啊，"
  },
  {
    "start": 1154.93,
    "end": 1160.04,
    "speaker": "老师",
    "text": "我们先看一看这四道题有什么特点，"
  },
  {
    "start": 1160.04,
    "end": 1164.2,
    "speaker": "老师",
    "text": "用哪一种方法会更快呢？"
  },
  {
    "start": 1164.2,
    "end": 1167.46,
    "speaker": "老师",
    "text": "有没有发现啊？"
  },
  {
    "start": 1167.88,
    "end": 1168.98,
    "speaker": "老师",
    "text": "如果你发现了，"
  },
  {
    "start": 1168.98,
    "end": 1171.08,
    "speaker": "老师",
    "text": "请你写下来，"
  },
  {
    "start": 1171.08,
    "end": 1171.42,
    "speaker": "老师",
    "text": "嗯，"
  },
  {
    "start": 1171.42,
    "end": 1173.18,
    "speaker": "老师",
    "text": "不错。"
  },
  {
    "start": 1173.18,
    "end": 1174.32,
    "speaker": "老师",
    "text": "我们发现第一道题，"
  },
  {
    "start": 1174.32,
    "end": 1180.75,
    "speaker": "老师",
    "text": "第二道题可以利用平方差公式快速得到第三第四道题，"
  },
  {
    "start": 1180.75,
    "end": 1183.25,
    "speaker": "老师",
    "text": "我们可以使用完全平方公式，"
  },
  {
    "start": 1183.25,
    "end": 1185.33,
    "speaker": "老师",
    "text": "快速得到答案。"
  },
  {
    "start": 1185.33,
    "end": 1190.44,
    "speaker": "老师",
    "text": "非常好，"
  },
  {
    "start": 1190.44,
    "end": 1197.43,
    "speaker": "老师",
    "text": "请写出你的答案和老师的进行比较。"
  },
  {
    "start": 1197.43,
    "end": 1198.65,
    "speaker": "老师",
    "text": "你做对了吗？"
  },
  {
    "start": 1198.65,
    "end": 1205.02,
    "speaker": "老师",
    "text": "如果不对错在哪呢？"
  },
  {
    "start": 1205.02,
    "end": 1205.36,
    "speaker": "老师",
    "text": "哦，"
  },
  {
    "start": 1205.36,
    "end": 1211.44,
    "speaker": "老师",
    "text": "这个要提醒大家特别要注意的地方，"
  },
  {
    "start": 1211.54,
    "end": 1218.27,
    "speaker": "老师",
    "text": "完全平方公式别忘了加上两个数乘积的两倍，"
  },
  {
    "start": 1218.27,
    "end": 1220.76,
    "speaker": "老师",
    "text": "你都做对了吗？"
  },
  {
    "start": 1222.47,
    "end": 1225.22,
    "speaker": "老师",
    "text": "做错的地方仔细看一看，"
  },
  {
    "start": 1225.22,
    "end": 1228.93,
    "speaker": "老师",
    "text": "有什么问题发现错在哪了呢？"
  },
  {
    "start": 1228.93,
    "end": 1229.23,
    "speaker": "老师",
    "text": "好，"
  },
  {
    "start": 1229.23,
    "end": 1232.07,
    "speaker": "老师",
    "text": "这里特别要提醒大家注意的是，"
  },
  {
    "start": 1232.07,
    "end": 1239.68,
    "speaker": "老师",
    "text": "完全平方公式的运用当中有一个加二AB,"
  },
  {
    "start": 1239.68,
    "end": 1240.8,
    "speaker": "老师",
    "text": "有一个减二AB,"
  },
  {
    "start": 1240.8,
    "end": 1244.06,
    "speaker": "老师",
    "text": "千万别忘了注意系数和符号。"
  },
  {
    "start": 1244.14,
    "end": 1247.84,
    "speaker": "老师",
    "text": "最后的答案一定要化简。"
  },
  {
    "start": 1247.84,
    "end": 1248.36,
    "speaker": "老师",
    "text": "好的，"
  },
  {
    "start": 1248.36,
    "end": 1253.15,
    "speaker": "老师",
    "text": "接下来我们再来看这样两道题，"
  },
  {
    "start": 1253.15,
    "end": 1263.71,
    "speaker": "老师",
    "text": "我们仔细观察一下这两个式子他是不是最简案子的。"
  },
  {
    "start": 1263.71,
    "end": 1270.32,
    "speaker": "老师",
    "text": "我们发现这两个式子当中的分母都含有二次根式。"
  },
  {
    "start": 1270.32,
    "end": 1277.22,
    "speaker": "老师",
    "text": "按照我们最简二次根式的要求，"
  },
  {
    "start": 1277.38,
    "end": 1279.67,
    "speaker": "老师",
    "text": "分母当中如果含有二次根式，"
  },
  {
    "start": 1280.29,
    "end": 1283.38,
    "speaker": "老师",
    "text": "那它不是最简的。"
  },
  {
    "start": 1283.38,
    "end": 1289.43,
    "speaker": "老师",
    "text": "我们要想办法把分母当中的二次根式给去掉。"
  },
  {
    "start": 1289.43,
    "end": 1290.71,
    "speaker": "老师",
    "text": "那如何来去掉？"
  },
  {
    "start": 1290.73,
    "end": 1297.03,
    "speaker": "老师",
    "text": "之前我们学过根号二分之一的化简，"
  },
  {
    "start": 1297.03,
    "end": 1308.44,
    "speaker": "老师",
    "text": "我们可以上下乘以一个相同的，"
  },
  {
    "start": 1308.44,
    "end": 1311.73,
    "speaker": "老师",
    "text": "然后就把分母当中的根号去。"
  },
  {
    "start": 1312.09,
    "end": 1315.93,
    "speaker": "老师",
    "text": "现在我们下面的分母是根号三减根号二，"
  },
  {
    "start": 1315.93,
    "end": 1317.14,
    "speaker": "老师",
    "text": "嗯，"
  },
  {
    "start": 1317.22,
    "end": 1322.42,
    "speaker": "老师",
    "text": "我们如何来把根号三减根号二，"
  },
  {
    "start": 1322.42,
    "end": 1325.56,
    "speaker": "老师",
    "text": "这个根号去掉，"
  },
  {
    "start": 1325.56,
    "end": 1327.62,
    "speaker": "老师",
    "text": "乘以根号三行不行？"
  },
  {
    "start": 1327.62,
    "end": 1330.59,
    "speaker": "老师",
    "text": "乘以根号二行不行？"
  },
  {
    "start": 1330.59,
    "end": 1346.83,
    "speaker": "老师",
    "text": "同学们发现单纯的乘以根号三乘以根号二是无法把分母当中的二次根式去的那怎么办？"
  },
  {
    "start": 1347.77,
    "end": 1348.31,
    "speaker": "老师",
    "text": "嗯嗯，"
  },
  {
    "start": 1348.31,
    "end": 1353.08,
    "speaker": "老师",
    "text": "我发现有些同学已经想出来了，"
  },
  {
    "start": 1353.08,
    "end": 1354.44,
    "speaker": "老师",
    "text": "非常好，"
  },
  {
    "start": 1354.46,
    "end": 1358.36,
    "speaker": "老师",
    "text": "我们可以利用平方差公式。"
  },
  {
    "start": 1358.36,
    "end": 1363.23,
    "speaker": "老师",
    "text": "如果我们上下同乘以根号三加根号二，"
  },
  {
    "start": 1363.23,
    "end": 1368.61,
    "speaker": "老师",
    "text": "就发现可以把分母当中的根号给去掉，"
  },
  {
    "start": 1368.61,
    "end": 1369.87,
    "speaker": "老师",
    "text": "自行一下，"
  },
  {
    "start": 1369.87,
    "end": 1374.45,
    "speaker": "老师",
    "text": "发现它的结果等于根号三加根号二。"
  },
  {
    "start": 1374.45,
    "end": 1377.81,
    "speaker": "老师",
    "text": "这样的话我们已经没有了分母，"
  },
  {
    "start": 1377.81,
    "end": 1381.61,
    "speaker": "老师",
    "text": "分母当中也不含有阿字。"
  },
  {
    "start": 1382.38,
    "end": 1383.0,
    "speaker": "老师",
    "text": "根式，"
  },
  {
    "start": 1383.26,
    "end": 1384.14,
    "speaker": "老师",
    "text": "你学会了吗？"
  },
  {
    "start": 1384.14,
    "end": 1391.91,
    "speaker": "老师",
    "text": "这种方法实质上在数学里面有一个名字叫做分母有理化。"
  },
  {
    "start": 1391.91,
    "end": 1392.65,
    "speaker": "老师",
    "text": "好的，"
  },
  {
    "start": 1392.65,
    "end": 1398.45,
    "speaker": "老师",
    "text": "同学们你可以来试着做一下第二道题。"
  },
  {
    "start": 1398.45,
    "end": 1402.94,
    "speaker": "老师",
    "text": "第二道题当中的分母是根号五加根号三，"
  },
  {
    "start": 1402.94,
    "end": 1406.39,
    "speaker": "老师",
    "text": "你可以怎么样把根号去掉？"
  },
  {
    "start": 1406.39,
    "end": 1407.37,
    "speaker": "老师",
    "text": "参照第一题，"
  },
  {
    "start": 1407.37,
    "end": 1411.43,
    "speaker": "老师",
    "text": "你试着做一做非常好，"
  },
  {
    "start": 1411.43,
    "end": 1412.39,
    "speaker": "老师",
    "text": "你想到了吗？"
  },
  {
    "start": 1412.39,
    "end": 1425.57,
    "speaker": "老师",
    "text": "我们可以上下同乘以根号五减根号三仍然利用平方差公式将分母当中的跟失去掉，"
  },
  {
    "start": 1425.57,
    "end": 1428.87,
    "speaker": "老师",
    "text": "分母变成了啊与上面的r约掉。"
  },
  {
    "start": 1428.89,
    "end": 1437.29,
    "speaker": "老师",
    "text": "最后的结果是根号五减根号三同样的达到了把分母当中的二十个式优笔化。"
  },
  {
    "start": 1437.71,
    "end": 1438.11,
    "speaker": "老师",
    "text": "好的，"
  },
  {
    "start": 1438.11,
    "end": 1438.59,
    "speaker": "老师",
    "text": "到这，"
  },
  {
    "start": 1438.59,
    "end": 1444.88,
    "speaker": "老师",
    "text": "同学们又学会了一种运算，"
  },
  {
    "start": 1444.88,
    "end": 1448.67,
    "speaker": "老师",
    "text": "利用平方差公式，"
  },
  {
    "start": 1448.97,
    "end": 1451.71,
    "speaker": "老师",
    "text": "将分母当中的二次根式有隐患，"
  },
  {
    "start": 1451.71,
    "end": 1453.43,
    "speaker": "老师",
    "text": "我们可以归纳为，"
  },
  {
    "start": 1453.43,
    "end": 1460.65,
    "speaker": "老师",
    "text": "如果分母当中含有形如m倍根号a加减n倍根号b的这样的式子，"
  },
  {
    "start": 1460.65,
    "end": 1463.66,
    "speaker": "老师",
    "text": "我们就可以乘以和的，"
  },
  {
    "start": 1463.66,
    "end": 1469.9,
    "speaker": "老师",
    "text": "就乘以它的差的差的就乘以它和的形式构成。"
  },
  {
    "start": 1469.9,
    "end": 1474.45,
    "speaker": "老师",
    "text": "平方差公式化简以后子分母当中不含有根号，"
  },
  {
    "start": 1474.45,
    "end": 1480.65,
    "speaker": "老师",
    "text": "这也就达到了我们最后的答案是最简的形式非常好。"
  },
  {
    "start": 1480.65,
    "end": 1481.95,
    "speaker": "老师",
    "text": "接下来我们来看第四，"
  },
  {
    "start": 1481.95,
    "end": 1485.25,
    "speaker": "老师",
    "text": "这是一个代数式求值的问题。"
  },
  {
    "start": 1485.25,
    "end": 1490.85,
    "speaker": "老师",
    "text": "那么对于代数式求值的问题，"
  },
  {
    "start": 1490.85,
    "end": 1493.73,
    "speaker": "老师",
    "text": "我们常见的思路有两种，"
  },
  {
    "start": 1493.73,
    "end": 1499.11,
    "speaker": "老师",
    "text": "第一种将字母表示的数直接代入进行求值。"
  },
  {
    "start": 1500.51,
    "end": 1505.47,
    "speaker": "老师",
    "text": "第二种将代数式化简进行求值。"
  },
  {
    "start": 1505.47,
    "end": 1510.81,
    "speaker": "老师",
    "text": "我们来看这两个代数式已经是最简单了，"
  },
  {
    "start": 1510.81,
    "end": 1514.13,
    "speaker": "老师",
    "text": "我们是把数值直接带进去求好呢，"
  },
  {
    "start": 1514.13,
    "end": 1517.9,
    "speaker": "老师",
    "text": "还是有什么更为简便的方法？"
  },
  {
    "start": 1518.46,
    "end": 1521.9,
    "speaker": "老师",
    "text": "同学们现在也可以动手试一试。"
  },
  {
    "start": 1521.9,
    "end": 1523.2,
    "speaker": "老师",
    "text": "有些同学说，"
  },
  {
    "start": 1523.2,
    "end": 1528.03,
    "speaker": "老师",
    "text": "老师这两个式子已经是最简的了，"
  },
  {
    "start": 1528.03,
    "end": 1530.29,
    "speaker": "老师",
    "text": "不能再化简，"
  },
  {
    "start": 1530.31,
    "end": 1532.89,
    "speaker": "老师",
    "text": "我只有把它代入进行运算，"
  },
  {
    "start": 1534.58,
    "end": 1537.42,
    "speaker": "老师",
    "text": "是这样的吗？"
  },
  {
    "start": 1537.42,
    "end": 1541.22,
    "speaker": "老师",
    "text": "你可以试着将这些数字带进去算一算，"
  },
  {
    "start": 1541.22,
    "end": 1543.36,
    "speaker": "老师",
    "text": "看一下结果是什么？"
  },
  {
    "start": 1543.36,
    "end": 1546.68,
    "speaker": "老师",
    "text": "其他同学还有没有更好的想法呢？"
  },
  {
    "start": 1546.68,
    "end": 1552.92,
    "speaker": "老师",
    "text": "我们发现XY这两个数值实际上只有一个符号不一样，"
  },
  {
    "start": 1552.92,
    "end": 1554.84,
    "speaker": "老师",
    "text": "一个是根号三加二，"
  },
  {
    "start": 1554.84,
    "end": 1557.8,
    "speaker": "老师",
    "text": "一个是根号三减二，"
  },
  {
    "start": 1557.8,
    "end": 1559.54,
    "speaker": "老师",
    "text": "发现符号，"
  },
  {
    "start": 1559.6,
    "end": 1561.56,
    "speaker": "老师",
    "text": "不一样的两个数。"
  },
  {
    "start": 1561.56,
    "end": 1564.84,
    "speaker": "老师",
    "text": "做什么法会比较简单呢。"
  },
  {
    "start": 1564.84,
    "end": 1565.16,
    "speaker": "老师",
    "text": "哦，"
  },
  {
    "start": 1565.16,
    "end": 1566.46,
    "speaker": "老师",
    "text": "这两个数相加，"
  },
  {
    "start": 1566.6,
    "end": 1574.61,
    "speaker": "老师",
    "text": "这两个数相乘运算是比较简单的那我们仔细观察一下我们要求的式子非常好。"
  },
  {
    "start": 1574.61,
    "end": 1584.24,
    "speaker": "老师",
    "text": "我们发现第一个式子实际上是完全平方公式是一个完全平方式，"
  },
  {
    "start": 1584.4,
    "end": 1594.9,
    "speaker": "老师",
    "text": "它可以利用完全平方公式的逆运算写成x加y和的平方的形式。"
  },
  {
    "start": 1594.9,
    "end": 1598.46,
    "speaker": "老师",
    "text": "我们发现XY数值双和比较简单，"
  },
  {
    "start": 1598.46,
    "end": 1604.32,
    "speaker": "老师",
    "text": "所以我们可以将第一个式子写成和的平方的形式，"
  },
  {
    "start": 1604.32,
    "end": 1606.58,
    "speaker": "老师",
    "text": "然后再将XY代入，"
  },
  {
    "start": 1606.58,
    "end": 1611.5,
    "speaker": "老师",
    "text": "这样计算量就相应减少了好多，"
  },
  {
    "start": 1611.5,
    "end": 1614.23,
    "speaker": "老师",
    "text": "很快就能得到答案。"
  },
  {
    "start": 1614.23,
    "end": 1618.36,
    "speaker": "老师",
    "text": "那么第二个呢，"
  },
  {
    "start": 1618.42,
    "end": 1623.63,
    "speaker": "老师",
    "text": "如果我们直接代入的话，"
  },
  {
    "start": 1623.63,
    "end": 1629.7,
    "speaker": "老师",
    "text": "要算两个完全平方再相减。"
  },
  {
    "start": 1629.7,
    "end": 1643.26,
    "speaker": "老师",
    "text": "实际上我们发现我们也可以利用平方差公式的运算转换成两数的和乘以两数的差。"
  },
  {
    "start": 1643.26,
    "end": 1647.29,
    "speaker": "老师",
    "text": "根据XY这两个数的特殊性，"
  },
  {
    "start": 1647.29,
    "end": 1652.14,
    "speaker": "老师",
    "text": "它的和和差运算非常简单，"
  },
  {
    "start": 1652.14,
    "end": 1654.92,
    "speaker": "老师",
    "text": "很快就能求出答案。"
  },
  {
    "start": 1654.92,
    "end": 1658.44,
    "speaker": "老师",
    "text": "所以我们说在运算当中，"
  },
  {
    "start": 1658.44,
    "end": 1666.48,
    "speaker": "老师",
    "text": "我们也可以试着选用较简便的方法，"
  },
  {
    "start": 1666.48,
    "end": 1671.93,
    "speaker": "老师",
    "text": "灵活的利用我们的公式和法则进行运算。"
  },
  {
    "start": 1671.93,
    "end": 1679.48,
    "speaker": "老师",
    "text": "今天我们学习了二次根式的混合运算，"
  },
  {
    "start": 1679.48,
    "end": 1688.2,
    "speaker": "老师",
    "text": "我们了解二次根式的运算与整式运算的顺序是完全一致的。"
  },
  {
    "start": 1688.26,
    "end": 1690.94,
    "speaker": "老师",
    "text": "我们先乘方开方，"
  },
  {
    "start": 1690.94,
    "end": 1693.52,
    "speaker": "老师",
    "text": "再乘除后加减。"
  },
  {
    "start": 1693.52,
    "end": 1696.48,
    "speaker": "老师",
    "text": "有括号的要先算括号的。"
  },
  {
    "start": 1696.48,
    "end": 1701.04,
    "speaker": "老师",
    "text": "整式当中所有的运算率和乘法的公式，"
  },
  {
    "start": 1701.04,
    "end": 1709.24,
    "speaker": "老师",
    "text": "在二十根式的运算当中都是有在具体的运算当中。"
  },
  {
    "start": 1709.24,
    "end": 1718.21,
    "speaker": "老师",
    "text": "实质上我们可以灵活的运用运算率和乘法公式进行简化运算，"
  },
  {
    "start": 1718.21,
    "end": 1724.05,
    "speaker": "老师",
    "text": "特别要注意我们运算的结果都要求化为最简形式。"
  },
  {
    "start": 1724.05,
    "end": 1725.35,
    "speaker": "老师",
    "text": "好的，"
  },
  {
    "start": 1725.35,
    "end": 1725.91,
    "speaker": "老师",
    "text": "至此，"
  },
  {
    "start": 1725.91,
    "end": 1739.6,
    "speaker": "老师",
    "text": "我们已经学完了二次根式所有的运算学到这实质上我们也学完了我们整个初中阶段要学习的所有的数和四。"
  },
  {
    "start": 1739.6,
    "end": 1747.62,
    "speaker": "老师",
    "text": "接下来我们一起来回顾一下我们学习这些数与这些事的学习思路。"
  },
  {
    "start": 1747.62,
    "end": 1748.46,
    "speaker": "老师",
    "text": "每一章，"
  },
  {
    "start": 1748.46,
    "end": 1750.74,
    "speaker": "老师",
    "text": "我们都是了解它的定义，"
  },
  {
    "start": 1750.74,
    "end": 1753.98,
    "speaker": "老师",
    "text": "开始通过定义来研究他的性质，"
  },
  {
    "start": 1753.98,
    "end": 1755.96,
    "speaker": "老师",
    "text": "研究它运算的规律，"
  },
  {
    "start": 1755.96,
    "end": 1759.48,
    "speaker": "老师",
    "text": "然后利用这些所学解决死际问题。"
  },
  {
    "start": 1759.48,
    "end": 1761.18,
    "speaker": "老师",
    "text": "从七年级开始，"
  },
  {
    "start": 1761.18,
    "end": 1763.98,
    "speaker": "老师",
    "text": "我们学习了有理数的运算，"
  },
  {
    "start": 1764.0,
    "end": 1765.14,
    "speaker": "老师",
    "text": "整式的运算，"
  },
  {
    "start": 1765.14,
    "end": 1767.06,
    "speaker": "老师",
    "text": "实数的运算，"
  },
  {
    "start": 1767.06,
    "end": 1768.84,
    "speaker": "老师",
    "text": "分式的运算。"
  },
  {
    "start": 1768.88,
    "end": 1772.86,
    "speaker": "老师",
    "text": "到现在我们学习二次根式的运算，"
  },
  {
    "start": 1772.9,
    "end": 1778.92,
    "speaker": "老师",
    "text": "我们发现所有的数和式的运算的规则是一致的。"
  },
  {
    "start": 1778.92,
    "end": 1785.72,
    "speaker": "老师",
    "text": "我们可以用类比的学习方法学习这些章节的内容。"
  },
  {
    "start": 1785.9,
    "end": 1788.28,
    "speaker": "老师",
    "text": "比如说二次根式的运算，"
  },
  {
    "start": 1788.4,
    "end": 1793.0,
    "speaker": "老师",
    "text": "我们就类比了整式运算的所有的法则规律。"
  },
  {
    "start": 1793.0,
    "end": 1794.8,
    "speaker": "老师",
    "text": "所以数与四的学习，"
  },
  {
    "start": 1794.8,
    "end": 1797.72,
    "speaker": "老师",
    "text": "大家可以试着总结一下，"
  },
  {
    "start": 1797.72,
    "end": 1800.69,
    "speaker": "老师",
    "text": "他们都是有一样的套路。"
  },
  {
    "start": 1800.69,
    "end": 1805.97,
    "speaker": "老师",
    "text": "我们只要采用类比的方法就可以学习这些知识。"
  },
  {
    "start": 1805.68,
    "end": 1805.97,
    "speaker": "老师",
    "text": "其实这一类方法在生活当中也是常用的很多问题的解决。"
  },
  {
    "start": 1805.68,
    "end": 1805.97,
    "speaker": "老师",
    "text": "解决一些很多未知的问题。"
  },
  {
    "start": 1805.68,
    "end": 1805.97,
    "speaker": "老师",
    "text": "我们都可以采用类比我们已知的学习的已知解决问题的方法来解决。"
  },
  {
    "start": 1805.68,
    "end": 1805.97,
    "speaker": "老师",
    "text": "通过这些数和四的学习，"
  },
  {
    "start": 1805.68,
    "end": 1805.97,
    "speaker": "老师",
    "text": "我们发现这些四棵树的学习是相通的。"
  },
  {
    "start": 1805.68,
    "end": 1805.97,
    "speaker": "老师",
    "text": "我们用类比的学习法就可以将我们未知的、没有学过的转换成学过的知识来解决问题。"
  },
  {
    "start": 1805.68,
    "end": 1805.97,
    "speaker": "老师",
    "text": "实际上在我们实际生活当中，"
  },
  {
    "start": 1805.68,
    "end": 1805.97,
    "speaker": "老师",
    "text": "要解决很多未知的问题。"
  },
  {
    "start": 1805.68,
    "end": 1805.97,
    "speaker": "老师",
    "text": "我们就可以采用类比于我们已有知识的学习方式来解决。"
  },
  {
    "start": 1805.68,
    "end": 1805.97,
    "speaker": "老师",
    "text": "根据数学学习的思路和方法，"
  },
  {
    "start": 1805.68,
    "end": 1805.97,
    "speaker": "老师",
    "text": "实际上我们很多时候就可以解决生活当中的问题。"
  },
  {
    "start": 1805.68,
    "end": 1805.97,
    "speaker": "老师",
    "text": "所以数学不是单纯的学习一些数学知识，"
  },
  {
    "start": 1805.68,
    "end": 1805.97,
    "speaker": "老师",
    "text": "主要学习的是数学的思维方式。"
  },
  {
    "start": 1805.68,
    "end": 1805.97,
    "speaker": "老师",
    "text": "今天你学会了吗？"
  },
  {
    "start": 1805.68,
    "end": 1805.97,
    "speaker": "老师",
    "text": "最后我们来看今天的课后作业，"
  },
  {
    "start": 1805.68,
    "end": 1805.97,
    "speaker": "老师",
    "text": "一完成教材十五页的习题，"
  },
  {
    "start": 1805.68,
    "end": 1805.97,
    "speaker": "老师",
    "text": "十六点三当中的四五六七，"
  },
  {
    "start": 1805.68,
    "end": 1805.97,
    "speaker": "老师",
    "text": "这是必做题。"
  },
  {
    "start": 1805.68,
    "end": 1805.97,
    "speaker": "老师",
    "text": "第二，"
  },
  {
    "start": 1805.68,
    "end": 1805.97,
    "speaker": "老师",
    "text": "我们可以选做教材十五页习题当中的拓广探索八九题。"
  },
  {
    "start": 1805.68,
    "end": 1805.97,
    "speaker": "老师",
    "text": "这两道题有一点点难题，"
  },
  {
    "start": 1805.68,
    "end": 1805.97,
    "speaker": "老师",
    "text": "大家可以多思考一下。"
  },
  {
    "start": 1805.68,
    "end": 1805.97,
    "speaker": "老师",
    "text": "最后我们整理一下阿兹根式运算当中所运用所运用到的运算律法则和公式，"
  },
  {
    "start": 1805.68,
    "end": 1805.97,
    "speaker": "老师",
    "text": "把你的课堂笔记课堂练习做一个整理。"
  },
  {
    "start": 1805.68,
    "end": 1805.97,
    "speaker": "老师",
    "text": "课后，"
  },
  {
    "start": 1805.68,
    "end": 1805.97,
    "speaker": "老师",
    "text": "和老师们同学们一起分享一下。"
  },
  {
    "start": 1805.68,
    "end": 1805.97,
    "speaker": "老师",
    "text": "好的，"
  },
  {
    "start": 1805.68,
    "end": 1805.97,
    "speaker": "老师",
    "text": "今天的学习我们就到这，"
  },
  {
    "start": 1805.68,
    "end": 1805.97,
    "speaker": "老师",
    "text": "期待下节课，"
  },
  {
    "start": 1805.68,
    "end": 1805.97,
    "speaker": "老师",
    "text": "你们再见。"
  }
]