[
  {
    "start": 9.25,
    "end": 10.57,
    "speaker": "老师",
    "text": "同学们好，"
  },
  {
    "start": 10.57,
    "end": 14.92,
    "speaker": "老师",
    "text": "欢迎来到网络课。"
  },
  {
    "start": 15.38,
    "end": 22.03,
    "speaker": "老师",
    "text": "一场突如其来的疫情不得已让我们以这种形式相见。"
  },
  {
    "start": 22.03,
    "end": 24.29,
    "speaker": "老师",
    "text": "在接下来的一周，"
  },
  {
    "start": 24.35,
    "end": 28.99,
    "speaker": "老师",
    "text": "数学课将由我带领大家共同学习，"
  },
  {
    "start": 28.99,
    "end": 32.24,
    "speaker": "老师",
    "text": "希望大家认真听讲。"
  },
  {
    "start": 32.5,
    "end": 34.08,
    "speaker": "老师",
    "text": "同学们会发现，"
  },
  {
    "start": 34.08,
    "end": 39.08,
    "speaker": "老师",
    "text": "我与上一周上周的老师不一样，"
  },
  {
    "start": 39.08,
    "end": 41.53,
    "speaker": "老师",
    "text": "性别、身高等等。"
  },
  {
    "start": 42.46,
    "end": 48.61,
    "speaker": "老师",
    "text": "你们会发现我比讲台高，"
  },
  {
    "start": 48.79,
    "end": 50.03,
    "speaker": "老师",
    "text": "桌子递将台。"
  },
  {
    "start": 50.03,
    "end": 50.97,
    "speaker": "老师",
    "text": "同样的，"
  },
  {
    "start": 50.97,
    "end": 58.36,
    "speaker": "老师",
    "text": "在图中我们看到这是大家熟悉的跷跷板。"
  },
  {
    "start": 58.36,
    "end": 60.02,
    "speaker": "老师",
    "text": "同学们，"
  },
  {
    "start": 62.39,
    "end": 65.17,
    "speaker": "老师",
    "text": "你想过他的工作原理吗？"
  },
  {
    "start": 65.17,
    "end": 73.31,
    "speaker": "老师",
    "text": "通常跷跷板两个座位的位置到支点的距离是相等的，"
  },
  {
    "start": 73.39,
    "end": 79.0,
    "speaker": "老师",
    "text": "跷跷板就是靠不断改变两端的重量，"
  },
  {
    "start": 79.0,
    "end": 81.0,
    "speaker": "老师",
    "text": "对来工作高低不同，"
  },
  {
    "start": 81.14,
    "end": 89.77,
    "speaker": "老师",
    "text": "决定了重量不等下沉的那一边受一颗的重量要大些，"
  },
  {
    "start": 89.77,
    "end": 94.36,
    "speaker": "老师",
    "text": "生活中不等关系比比皆是。"
  },
  {
    "start": 94.44,
    "end": 121.97,
    "speaker": "老师",
    "text": "接下来就让我带领大家进入今天的数学王国当中不等关系的学习切。"
  },
  {
    "start": 122.05,
    "end": 130.25,
    "speaker": "老师",
    "text": "下面请看老师的视学活动音，"
  },
  {
    "start": 130.25,
    "end": 140.77,
    "speaker": "老师",
    "text": "两根绳长军委给我的绳子分别围成一个正方形和沿分别围成一个正方形。"
  },
  {
    "start": 140.87,
    "end": 147.26,
    "speaker": "老师",
    "text": "请同学们想一下，"
  },
  {
    "start": 147.32,
    "end": 154.77,
    "speaker": "老师",
    "text": "这里绳子的长度没有是正方形和圆的，"
  },
  {
    "start": 154.77,
    "end": 155.37,
    "speaker": "老师",
    "text": "什么量？"
  },
  {
    "start": 155.37,
    "end": 160.63,
    "speaker": "老师",
    "text": "对绳子的长度和是正方形的周长，"
  },
  {
    "start": 161.13,
    "end": 162.82,
    "speaker": "老师",
    "text": "也是圆的周长。"
  },
  {
    "start": 163.53,
    "end": 167.01,
    "speaker": "老师",
    "text": "那么请同学们思考一下，"
  },
  {
    "start": 167.01,
    "end": 175.65,
    "speaker": "老师",
    "text": "要使得正方形的面积不大于二十五平方厘米，"
  },
  {
    "start": 175.65,
    "end": 179.07,
    "speaker": "老师",
    "text": "那么绳长l应满足怎样的关系呢？"
  },
  {
    "start": 179.07,
    "end": 184.0,
    "speaker": "老师",
    "text": "这里我们要求的是正方形的面积，"
  },
  {
    "start": 184.76,
    "end": 189.82,
    "speaker": "老师",
    "text": "正方形的面积公式同学们都非常清楚，"
  },
  {
    "start": 189.9,
    "end": 193.86,
    "speaker": "老师",
    "text": "它是等于边长的平方，"
  },
  {
    "start": 193.86,
    "end": 196.83,
    "speaker": "老师",
    "text": "那边长又是多少呢？"
  },
  {
    "start": 196.83,
    "end": 199.03,
    "speaker": "老师",
    "text": "刚才我们已经说了，"
  },
  {
    "start": 199.03,
    "end": 201.65,
    "speaker": "老师",
    "text": "绳长l是正方形的周长，"
  },
  {
    "start": 201.65,
    "end": 205.53,
    "speaker": "老师",
    "text": "从而边长就是四分之a了。"
  },
  {
    "start": 205.65,
    "end": 212.4,
    "speaker": "老师",
    "text": "那么正方形的面积等于边长的平方，"
  },
  {
    "start": 212.4,
    "end": 223.28,
    "speaker": "老师",
    "text": "那么正方形的面积就等于四分之l括号的平方等于十六分之这有问题啊。"
  },
  {
    "start": 223.28,
    "end": 231.8,
    "speaker": "老师",
    "text": "题中要求正方形的面积不大于二十五平方厘米不大，"
  },
  {
    "start": 231.8,
    "end": 234.26,
    "speaker": "老师",
    "text": "于是什么意思？"
  },
  {
    "start": 235.17,
    "end": 244.66,
    "speaker": "老师",
    "text": "就是不能大于他，"
  },
  {
    "start": 244.68,
    "end": 246.08,
    "speaker": "老师",
    "text": "不能大于它，"
  },
  {
    "start": 246.16,
    "end": 249.92,
    "speaker": "老师",
    "text": "那就是小于或等于好，"
  },
  {
    "start": 249.92,
    "end": 255.97,
    "speaker": "老师",
    "text": "因此我们可以得到关系是十六分之l平方，"
  },
  {
    "start": 255.97,
    "end": 259.12,
    "speaker": "老师",
    "text": "小于等于八十。"
  },
  {
    "start": 259.16,
    "end": 267.33,
    "speaker": "老师",
    "text": "下面我们如果要使圆的面积不小于一百平方厘米，"
  },
  {
    "start": 267.33,
    "end": 274.02,
    "speaker": "老师",
    "text": "那么绳查给尔应满足怎样的关系式呢？"
  },
  {
    "start": 274.26,
    "end": 276.95,
    "speaker": "老师",
    "text": "刚才我们也说了，"
  },
  {
    "start": 277.91,
    "end": 280.69,
    "speaker": "老师",
    "text": "绳长l是圆的周长，"
  },
  {
    "start": 280.77,
    "end": 286.75,
    "speaker": "老师",
    "text": "我们这里要求的是圆的面积，"
  },
  {
    "start": 286.91,
    "end": 293.13,
    "speaker": "老师",
    "text": "那么圆的面积公式是派和r的平方，"
  },
  {
    "start": 293.21,
    "end": 300.95,
    "speaker": "老师",
    "text": "真的二十万斤周长是l也就是二派r没有。"
  },
  {
    "start": 300.95,
    "end": 308.76,
    "speaker": "老师",
    "text": "从而我们可以很快得出好好来算二派分之，"
  },
  {
    "start": 308.92,
    "end": 319.43,
    "speaker": "老师",
    "text": "那么我们的面积就等于派二乘以括号二派分乘l的平化简，"
  },
  {
    "start": 319.43,
    "end": 326.04,
    "speaker": "老师",
    "text": "结果就是四派分之l平方。"
  },
  {
    "start": 326.1,
    "end": 328.74,
    "speaker": "老师",
    "text": "同样的问题，"
  },
  {
    "start": 328.76,
    "end": 335.8,
    "speaker": "老师",
    "text": "这里要求面积不小于一百平方不小。"
  },
  {
    "start": 337.02,
    "end": 339.11,
    "speaker": "老师",
    "text": "于是什么意思？"
  },
  {
    "start": 340.15,
    "end": 341.99,
    "speaker": "老师",
    "text": "就是不能小，"
  },
  {
    "start": 341.99,
    "end": 345.63,
    "speaker": "老师",
    "text": "也就是大于或者等，"
  },
  {
    "start": 345.69,
    "end": 351.85,
    "speaker": "老师",
    "text": "从而我们就可以得到关系式，"
  },
  {
    "start": 353.44,
    "end": 357.53,
    "speaker": "老师",
    "text": "四派分之l的平方大于等于一百。"
  },
  {
    "start": 357.55,
    "end": 364.12,
    "speaker": "老师",
    "text": "通过以上我们可以得到两个瓜机式，"
  },
  {
    "start": 365.98,
    "end": 368.34,
    "speaker": "老师",
    "text": "请同学们想一想，"
  },
  {
    "start": 368.38,
    "end": 374.04,
    "speaker": "老师",
    "text": "当l等于十二时，"
  },
  {
    "start": 374.04,
    "end": 387.18,
    "speaker": "老师",
    "text": "正方形的面积和圆的面积哪一个小？"
  },
  {
    "start": 387.2,
    "end": 396.67,
    "speaker": "老师",
    "text": "我们一起来看，"
  },
  {
    "start": 396.67,
    "end": 413.52,
    "speaker": "老师",
    "text": "前面我们已经得出了圆正方形的面积公式是什正方形的面积，"
  },
  {
    "start": 413.7,
    "end": 418.48,
    "speaker": "老师",
    "text": "s正等于四十六分之a额的平方。"
  },
  {
    "start": 418.52,
    "end": 424.8,
    "speaker": "老师",
    "text": "当l等于十二的时候，"
  },
  {
    "start": 424.98,
    "end": 433.34,
    "speaker": "老师",
    "text": "s正就等于十六分之十二乘以十二等于九s元，"
  },
  {
    "start": 433.34,
    "end": 441.56,
    "speaker": "老师",
    "text": "等于四派分之l的平方就等于四，"
  },
  {
    "start": 441.58,
    "end": 449.58,
    "speaker": "老师",
    "text": "hi分之十二乘以十二等于派分之三十六。"
  },
  {
    "start": 449.58,
    "end": 450.66,
    "speaker": "老师",
    "text": "为了方便，"
  },
  {
    "start": 450.66,
    "end": 456.13,
    "speaker": "老师",
    "text": "我把它写成派分之四乘以九，"
  },
  {
    "start": 456.25,
    "end": 462.56,
    "speaker": "老师",
    "text": "同学们发现派分之四一定为答案一，"
  },
  {
    "start": 462.56,
    "end": 467.25,
    "speaker": "老师",
    "text": "所以派分之四小乘以九一定大于九，"
  },
  {
    "start": 468.97,
    "end": 476.05,
    "speaker": "老师",
    "text": "说明正方形的面积小于圆的面积，"
  },
  {
    "start": 477.04,
    "end": 487.21,
    "speaker": "老师",
    "text": "正方形的面积小于圆的面积啊，"
  },
  {
    "start": 487.39,
    "end": 494.43,
    "speaker": "老师",
    "text": "正方形面积小于圆的面积。"
  },
  {
    "start": 494.59,
    "end": 502.33,
    "speaker": "老师",
    "text": "那么同样的当l等于十六时，"
  },
  {
    "start": 502.43,
    "end": 508.53,
    "speaker": "老师",
    "text": "当l等于十六时，"
  },
  {
    "start": 509.05,
    "end": 520.83,
    "speaker": "老师",
    "text": "我们又可以得到一个怎样的结论呢？"
  },
  {
    "start": 520.83,
    "end": 528.01,
    "speaker": "老师",
    "text": "我们来看同样的s正等于十六分之十六的平方等于十六，"
  },
  {
    "start": 528.23,
    "end": 547.97,
    "speaker": "老师",
    "text": "s圆等于四派分之十六的平方等于派分之十六乘以四等于派分之四乘以十六。"
  },
  {
    "start": 547.97,
    "end": 550.57,
    "speaker": "老师",
    "text": "它也是大于十六，"
  },
  {
    "start": 550.57,
    "end": 558.27,
    "speaker": "老师",
    "text": "还是有s证小于s通过刚才两个实际数字往里面带。"
  },
  {
    "start": 558.61,
    "end": 566.83,
    "speaker": "老师",
    "text": "我们发现当l等于十二的时候和l等于十六的时候，"
  },
  {
    "start": 567.03,
    "end": 571.88,
    "speaker": "老师",
    "text": "所围成的正方形的面积都比圆的面积小。"
  },
  {
    "start": 571.88,
    "end": 572.68,
    "speaker": "老师",
    "text": "由此，"
  },
  {
    "start": 572.68,
    "end": 578.3,
    "speaker": "老师",
    "text": "你能得出怎样的猜想呢？"
  },
  {
    "start": 578.3,
    "end": 584.31,
    "speaker": "老师",
    "text": "我们发现绳长l一定相同时，"
  },
  {
    "start": 584.35,
    "end": 589.9,
    "speaker": "老师",
    "text": "所围成正方形的面积小于圆的面积，"
  },
  {
    "start": 589.96,
    "end": 592.44,
    "speaker": "老师",
    "text": "即十六分之a的平方，"
  },
  {
    "start": 592.82,
    "end": 595.67,
    "speaker": "老师",
    "text": "小于四派分之l的平方。"
  },
  {
    "start": 595.67,
    "end": 603.71,
    "speaker": "老师",
    "text": "刚才这个猜想我们是通过具体的实例来得出来的。"
  },
  {
    "start": 603.71,
    "end": 608.75,
    "speaker": "老师",
    "text": "那么在理论上怎么去证明这个问题，"
  },
  {
    "start": 608.75,
    "end": 614.07,
    "speaker": "老师",
    "text": "留给我们下一节课再来通过刚才的活动，"
  },
  {
    "start": 614.07,
    "end": 618.71,
    "speaker": "老师",
    "text": "一我都出了三个关系式。"
  },
  {
    "start": 618.87,
    "end": 621.37,
    "speaker": "老师",
    "text": "同学们也知道，"
  },
  {
    "start": 621.43,
    "end": 627.91,
    "speaker": "老师",
    "text": "小树的成长离不开先天的因素和后天的培养，"
  },
  {
    "start": 627.91,
    "end": 631.45,
    "speaker": "老师",
    "text": "就像可爱的你。"
  },
  {
    "start": 631.45,
    "end": 634.67,
    "speaker": "老师",
    "text": "下面我们来看到数学活动。"
  },
  {
    "start": 634.67,
    "end": 641.5,
    "speaker": "老师",
    "text": "通过测量一棵树的数为树干的周长，"
  },
  {
    "start": 641.56,
    "end": 644.24,
    "speaker": "老师",
    "text": "可以计算它的数米。"
  },
  {
    "start": 644.24,
    "end": 650.66,
    "speaker": "老师",
    "text": "通常以树干离地面一点五米的地方作为测量部位。"
  },
  {
    "start": 650.66,
    "end": 657.34,
    "speaker": "老师",
    "text": "某棵树栽种时的数为为五厘米，"
  },
  {
    "start": 657.34,
    "end": 661.13,
    "speaker": "老师",
    "text": "以后视为每年约增长三厘米。"
  },
  {
    "start": 661.13,
    "end": 664.47,
    "speaker": "老师",
    "text": "这个树至少生长多长时间？"
  },
  {
    "start": 664.47,
    "end": 669.65,
    "speaker": "老师",
    "text": "其数为才能超过二点四。"
  },
  {
    "start": 669.65,
    "end": 672.21,
    "speaker": "老师",
    "text": "在这个情景当中，"
  },
  {
    "start": 672.21,
    "end": 677.13,
    "speaker": "老师",
    "text": "同学们应该非常清楚的知道，"
  },
  {
    "start": 677.13,
    "end": 682.61,
    "speaker": "老师",
    "text": "一棵树的树是它初开始的数位，"
  },
  {
    "start": 682.61,
    "end": 690.2,
    "speaker": "老师",
    "text": "加上它增长的数位是等于它现在的数位。"
  },
  {
    "start": 690.2,
    "end": 692.4,
    "speaker": "老师",
    "text": "根据题目的题意，"
  },
  {
    "start": 692.4,
    "end": 695.06,
    "speaker": "老师",
    "text": "我们知道这些量的关系，"
  },
  {
    "start": 695.18,
    "end": 702.39,
    "speaker": "老师",
    "text": "而我们题中要求要超过二点四米。"
  },
  {
    "start": 702.39,
    "end": 703.03,
    "speaker": "老师",
    "text": "同学们，"
  },
  {
    "start": 703.03,
    "end": 705.55,
    "speaker": "老师",
    "text": "请注意一下，"
  },
  {
    "start": 705.71,
    "end": 715.27,
    "speaker": "老师",
    "text": "数围的初始长度和我们每年增长的长度单位都是厘米，"
  },
  {
    "start": 715.79,
    "end": 723.22,
    "speaker": "老师",
    "text": "而我们要求他达到的是二点四米单位是。"
  },
  {
    "start": 723.34,
    "end": 729.97,
    "speaker": "老师",
    "text": "那我们要首先要把二点四米化成二百四十厘米，"
  },
  {
    "start": 730.03,
    "end": 735.71,
    "speaker": "老师",
    "text": "发现我们现在的思维假设x后能够达到二点四米。"
  },
  {
    "start": 735.71,
    "end": 740.26,
    "speaker": "老师",
    "text": "那么现在的数为是不是x年后，"
  },
  {
    "start": 740.32,
    "end": 744.0,
    "speaker": "老师",
    "text": "它的数为是不是三x加离异？"
  },
  {
    "start": 744.0,
    "end": 750.28,
    "speaker": "老师",
    "text": "我们用这个代数式可以表示了，"
  },
  {
    "start": 750.38,
    "end": 751.62,
    "speaker": "老师",
    "text": "怎么理解？"
  },
  {
    "start": 751.62,
    "end": 753.52,
    "speaker": "老师",
    "text": "超过二点四，"
  },
  {
    "start": 753.54,
    "end": 757.13,
    "speaker": "老师",
    "text": "超过就是大于，"
  },
  {
    "start": 757.15,
    "end": 763.75,
    "speaker": "老师",
    "text": "也就是我们得出三x加五大于百四十。"
  },
  {
    "start": 763.75,
    "end": 767.92,
    "speaker": "老师",
    "text": "通过上面两个情景，"
  },
  {
    "start": 767.92,
    "end": 771.8,
    "speaker": "老师",
    "text": "我们收获了四个关系式。"
  },
  {
    "start": 772.0,
    "end": 773.08,
    "speaker": "老师",
    "text": "同学们，"
  },
  {
    "start": 773.08,
    "end": 779.4,
    "speaker": "老师",
    "text": "我们一起来看一下这四个关系式，"
  },
  {
    "start": 779.4,
    "end": 799.45,
    "speaker": "老师",
    "text": "你发现它们有什么共同的特征吗？"
  },
  {
    "start": 799.45,
    "end": 815.3,
    "speaker": "老师",
    "text": "首先我们来看到第一个第一个是用小于等于号将十六分之l平方与二十五连接起来的。"
  },
  {
    "start": 815.3,
    "end": 823.65,
    "speaker": "老师",
    "text": "第二个是是用大于等于号将四派分之l平方与一百连接起来的。"
  },
  {
    "start": 823.65,
    "end": 825.07,
    "speaker": "老师",
    "text": "第三个是用大于号，"
  },
  {
    "start": 825.07,
    "end": 830.32,
    "speaker": "老师",
    "text": "把三x加五和二百四十连接起来的。"
  },
  {
    "start": 830.32,
    "end": 832.72,
    "speaker": "老师",
    "text": "第四个是用小于号，"
  },
  {
    "start": 832.72,
    "end": 842.06,
    "speaker": "老师",
    "text": "将一十六分之l平方与四派分之l平方连接起来。"
  },
  {
    "start": 842.06,
    "end": 848.22,
    "speaker": "老师",
    "text": "所以这就是我们今天要学的不等式的定义。"
  },
  {
    "start": 848.22,
    "end": 850.19,
    "speaker": "老师",
    "text": "什么叫不等式呢？"
  },
  {
    "start": 850.19,
    "end": 860.29,
    "speaker": "老师",
    "text": "一般的用符号小于或者小于等于大于或者大于等于连接的式子叫做不等式。"
  },
  {
    "start": 860.31,
    "end": 865.45,
    "speaker": "老师",
    "text": "所以上面的四个关系式，"
  },
  {
    "start": 865.45,
    "end": 869.54,
    "speaker": "老师",
    "text": "我们都可以给它取得新的名称，"
  },
  {
    "start": 870.5,
    "end": 872.64,
    "speaker": "老师",
    "text": "叫做不等式。"
  },
  {
    "start": 873.37,
    "end": 874.89,
    "speaker": "老师",
    "text": "不的是这个定义，"
  },
  {
    "start": 874.89,
    "end": 878.63,
    "speaker": "老师",
    "text": "这个应该很快能够理解，"
  },
  {
    "start": 880.03,
    "end": 887.01,
    "speaker": "老师",
    "text": "下面我们就来做一个判断判断下列各式是不是不等式？"
  },
  {
    "start": 887.01,
    "end": 889.89,
    "speaker": "老师",
    "text": "第一个x加一等于二。"
  },
  {
    "start": 890.73,
    "end": 903.48,
    "speaker": "老师",
    "text": "我们知道不等式的定义是用大于小于大于等于或者小于等于这种符号连接起来的。"
  },
  {
    "start": 904.9,
    "end": 909.17,
    "speaker": "老师",
    "text": "而第一个它用的是等号连接起来，"
  },
  {
    "start": 910.51,
    "end": 915.76,
    "speaker": "老师",
    "text": "因此第一个它不是你们做对了吗？"
  },
  {
    "start": 915.76,
    "end": 919.02,
    "speaker": "老师",
    "text": "第二个五x减三大于一，"
  },
  {
    "start": 919.02,
    "end": 926.3,
    "speaker": "老师",
    "text": "这里是将五x减三与一用大于号连接起来，"
  },
  {
    "start": 926.3,
    "end": 927.5,
    "speaker": "老师",
    "text": "它是不等式。"
  },
  {
    "start": 927.52,
    "end": 932.13,
    "speaker": "老师",
    "text": "第三个x减六，"
  },
  {
    "start": 932.13,
    "end": 935.81,
    "speaker": "老师",
    "text": "它没有用不等号连接起来，"
  },
  {
    "start": 935.85,
    "end": 944.3,
    "speaker": "老师",
    "text": "所以它不是第四个十一x减四，"
  },
  {
    "start": 944.34,
    "end": 949.4,
    "speaker": "老师",
    "text": "小于等于六，"
  },
  {
    "start": 949.4,
    "end": 951.9,
    "speaker": "老师",
    "text": "它是用小于等号，"
  },
  {
    "start": 952.06,
    "end": 957.28,
    "speaker": "老师",
    "text": "小于等于号将十一x减四与六连接起来，"
  },
  {
    "start": 957.34,
    "end": 962.89,
    "speaker": "老师",
    "text": "真的是四小七四小于七。"
  },
  {
    "start": 963.09,
    "end": 968.05,
    "speaker": "老师",
    "text": "很多同学可能认为它不是一个不等式。"
  },
  {
    "start": 968.05,
    "end": 973.41,
    "speaker": "老师",
    "text": "其实它是它是用小于号这个连将示意器连接起来，"
  },
  {
    "start": 973.69,
    "end": 991.09,
    "speaker": "老师",
    "text": "所以他是第六个二x减y大于等于它是将二x减y与零又大于等号连接起来的。"
  },
  {
    "start": 991.09,
    "end": 996.6,
    "speaker": "老师",
    "text": "它也是不等式六个都做对了没有？"
  },
  {
    "start": 996.78,
    "end": 1000.72,
    "speaker": "老师",
    "text": "我相信大家应该都可以做对。"
  },
  {
    "start": 1000.82,
    "end": 1001.38,
    "speaker": "老师",
    "text": "好，"
  },
  {
    "start": 1001.38,
    "end": 1008.71,
    "speaker": "老师",
    "text": "下面我们看到用适当的符号表示下列关系。"
  },
  {
    "start": 1008.71,
    "end": 1011.77,
    "speaker": "老师",
    "text": "第一个x的三倍与八的比x更小。"
  },
  {
    "start": 1011.77,
    "end": 1014.85,
    "speaker": "老师",
    "text": "根据这个题，"
  },
  {
    "start": 1015.62,
    "end": 1027.46,
    "speaker": "老师",
    "text": "x的三倍与八的和是用代数式表示它是三里的喜间花比x的动力更小。"
  },
  {
    "start": 1027.46,
    "end": 1034.05,
    "speaker": "老师",
    "text": "所以x的五倍用代数式表示就是五x比它小，"
  },
  {
    "start": 1034.07,
    "end": 1036.43,
    "speaker": "老师",
    "text": "所以抓住这里的关键词小，"
  },
  {
    "start": 1036.43,
    "end": 1042.4,
    "speaker": "老师",
    "text": "因此第一个就可以得到三x加八小于x第二题，"
  },
  {
    "start": 1042.4,
    "end": 1045.52,
    "speaker": "老师",
    "text": "x的平方是非负四，"
  },
  {
    "start": 1045.64,
    "end": 1049.53,
    "speaker": "老师",
    "text": "非复数就是正数和零。"
  },
  {
    "start": 1049.53,
    "end": 1052.89,
    "speaker": "老师",
    "text": "大家都知道，"
  },
  {
    "start": 1052.89,
    "end": 1056.53,
    "speaker": "老师",
    "text": "正是不是大于零的，"
  },
  {
    "start": 1056.61,
    "end": 1060.33,
    "speaker": "老师",
    "text": "零是等于零的，"
  },
  {
    "start": 1060.75,
    "end": 1064.39,
    "speaker": "老师",
    "text": "那么x的平方是非负数，"
  },
  {
    "start": 1064.45,
    "end": 1074.27,
    "speaker": "老师",
    "text": "因此我们就可以得出x的平方大于等于零。"
  },
  {
    "start": 1074.27,
    "end": 1077.53,
    "speaker": "老师",
    "text": "所以前面两个告诉大家，"
  },
  {
    "start": 1077.65,
    "end": 1081.49,
    "speaker": "老师",
    "text": "同学们在列辅导式的时候，"
  },
  {
    "start": 1081.49,
    "end": 1086.3,
    "speaker": "老师",
    "text": "就要找出它的关键词。"
  },
  {
    "start": 1086.9,
    "end": 1087.76,
    "speaker": "老师",
    "text": "第三题，"
  },
  {
    "start": 1088.04,
    "end": 1100.22,
    "speaker": "老师",
    "text": "老师的年龄不超过学生的年龄的在这里和第一个和第二个不一样。"
  },
  {
    "start": 1100.22,
    "end": 1102.32,
    "speaker": "老师",
    "text": "第一题和第二题，"
  },
  {
    "start": 1102.32,
    "end": 1104.86,
    "speaker": "老师",
    "text": "都把未知数用字母来表示。"
  },
  {
    "start": 1104.96,
    "end": 1105.82,
    "speaker": "老师",
    "text": "而第三题，"
  },
  {
    "start": 1105.84,
    "end": 1117.22,
    "speaker": "老师",
    "text": "老师的年龄和学生的年龄并没有给出字母是多少是什么。"
  },
  {
    "start": 1117.22,
    "end": 1124.27,
    "speaker": "老师",
    "text": "那么我们不妨设老师的年龄为x学生的年龄为y."
  },
  {
    "start": 1124.59,
    "end": 1126.05,
    "speaker": "老师",
    "text": "那么怎么去理解？"
  },
  {
    "start": 1126.05,
    "end": 1129.07,
    "speaker": "老师",
    "text": "不超过不超过就是不能大于，"
  },
  {
    "start": 1129.07,
    "end": 1133.43,
    "speaker": "老师",
    "text": "不能大于就是小于等。"
  },
  {
    "start": 1133.43,
    "end": 1134.11,
    "speaker": "老师",
    "text": "因此，"
  },
  {
    "start": 1134.95,
    "end": 1138.93,
    "speaker": "老师",
    "text": "我们设老师的年龄为x,"
  },
  {
    "start": 1139.07,
    "end": 1146.78,
    "speaker": "老师",
    "text": "学生的年龄可以y则x小于等于二y."
  },
  {
    "start": 1146.92,
    "end": 1149.54,
    "speaker": "老师",
    "text": "通过这三个例题，"
  },
  {
    "start": 1149.54,
    "end": 1152.5,
    "speaker": "老师",
    "text": "我们发现，"
  },
  {
    "start": 1152.6,
    "end": 1158.35,
    "speaker": "老师",
    "text": "根据题意列不等式，"
  },
  {
    "start": 1158.35,
    "end": 1163.08,
    "speaker": "老师",
    "text": "我们先要找出其中的未知量，"
  },
  {
    "start": 1163.08,
    "end": 1168.14,
    "speaker": "老师",
    "text": "其中的未知量还要找出我们关键词，"
  },
  {
    "start": 1168.14,
    "end": 1172.31,
    "speaker": "老师",
    "text": "例如小非负不超过等等。"
  },
  {
    "start": 1172.37,
    "end": 1179.18,
    "speaker": "老师",
    "text": "如果题中给出未知量的字母，"
  },
  {
    "start": 1179.88,
    "end": 1182.94,
    "speaker": "老师",
    "text": "那我们就不要再设。"
  },
  {
    "start": 1182.94,
    "end": 1187.1,
    "speaker": "老师",
    "text": "如果题中没有给出未知量的字母，"
  },
  {
    "start": 1187.2,
    "end": 1189.52,
    "speaker": "老师",
    "text": "那我们就要设。"
  },
  {
    "start": 1189.74,
    "end": 1201.38,
    "speaker": "老师",
    "text": "下面我们看到一个巩固练习a用适当的符号表示下列不等式一a是非正数，"
  },
  {
    "start": 1202.04,
    "end": 1203.42,
    "speaker": "老师",
    "text": "非正数。"
  },
  {
    "start": 1203.54,
    "end": 1208.28,
    "speaker": "老师",
    "text": "我们前面讲了一个非负数，"
  },
  {
    "start": 1208.28,
    "end": 1213.46,
    "speaker": "老师",
    "text": "那么非正数是什么意思呢？"
  },
  {
    "start": 1214.1,
    "end": 1216.76,
    "speaker": "老师",
    "text": "就不是正数，"
  },
  {
    "start": 1216.96,
    "end": 1218.46,
    "speaker": "老师",
    "text": "不是正数，"
  },
  {
    "start": 1218.62,
    "end": 1222.18,
    "speaker": "老师",
    "text": "也就是负数和零，"
  },
  {
    "start": 1222.99,
    "end": 1225.79,
    "speaker": "老师",
    "text": "所以就应该是a小于等于。"
  },
  {
    "start": 1226.09,
    "end": 1227.23,
    "speaker": "老师",
    "text": "第二，"
  },
  {
    "start": 1227.35,
    "end": 1237.65,
    "speaker": "老师",
    "text": "直角三角形斜边c比它的两直角边AB都长，"
  },
  {
    "start": 1237.67,
    "end": 1241.6,
    "speaker": "老师",
    "text": "说明c比AB都长。"
  },
  {
    "start": 1241.72,
    "end": 1245.63,
    "speaker": "老师",
    "text": "这里抓住关键词长，"
  },
  {
    "start": 1245.69,
    "end": 1259.67,
    "speaker": "老师",
    "text": "所以大于星海大雨b第三个x与十七的和我们的马上很多代都是x加十七比它的五倍小，"
  },
  {
    "start": 1259.67,
    "end": 1275.45,
    "speaker": "老师",
    "text": "得到代数式x所以就得到x加十七小于x我们来看到第四个a是不等于零的数，"
  },
  {
    "start": 1275.51,
    "end": 1281.04,
    "speaker": "老师",
    "text": "同学们会想到a是不等于零的数。"
  },
  {
    "start": 1281.22,
    "end": 1292.07,
    "speaker": "老师",
    "text": "那么a就大于零或a小于零就写成不等式，"
  },
  {
    "start": 1294.24,
    "end": 1296.82,
    "speaker": "老师",
    "text": "a大于或a小于。"
  },
  {
    "start": 1296.82,
    "end": 1301.45,
    "speaker": "老师",
    "text": "当然这样也是对的，"
  },
  {
    "start": 1301.63,
    "end": 1303.75,
    "speaker": "老师",
    "text": "通常在数学里面，"
  },
  {
    "start": 1303.93,
    "end": 1313.46,
    "speaker": "老师",
    "text": "我们这个用不等于这个符号来连接起来，"
  },
  {
    "start": 1313.46,
    "end": 1319.21,
    "speaker": "老师",
    "text": "不等于这个符号是又等于符号。"
  },
  {
    "start": 1319.78,
    "end": 1324.37,
    "speaker": "老师",
    "text": "从右上角到左下角画一斜杠，"
  },
  {
    "start": 1324.45,
    "end": 1337.13,
    "speaker": "老师",
    "text": "这里是不等于号用不等于号连接起来的式子也是不等式。"
  },
  {
    "start": 1337.15,
    "end": 1346.37,
    "speaker": "老师",
    "text": "下面我们看到第二限速四十千米每小时的目标，"
  },
  {
    "start": 1346.43,
    "end": 1362.42,
    "speaker": "老师",
    "text": "只是司机在前方路段行驶时因使汽车的速度v不超过四十千米每小时。"
  },
  {
    "start": 1362.42,
    "end": 1366.08,
    "speaker": "老师",
    "text": "同学们抓住自己的不等词是什么？"
  },
  {
    "start": 1366.14,
    "end": 1377.63,
    "speaker": "老师",
    "text": "不吵不超过我们前面已经的不超过就是小于或等于，"
  },
  {
    "start": 1377.63,
    "end": 1380.41,
    "speaker": "老师",
    "text": "所以v小于等于四十。"
  },
  {
    "start": 1381.26,
    "end": 1381.82,
    "speaker": "老师",
    "text": "第二，"
  },
  {
    "start": 1381.82,
    "end": 1390.82,
    "speaker": "老师",
    "text": "有奖销售凡一次性消费金额应不低于六十元的，"
  },
  {
    "start": 1390.82,
    "end": 1398.21,
    "speaker": "老师",
    "text": "可凭小票到收银台去抽取参加抽奖。"
  },
  {
    "start": 1398.21,
    "end": 1406.76,
    "speaker": "老师",
    "text": "这里的不等词为什么对不低不低于就是大于或者等，"
  },
  {
    "start": 1407.12,
    "end": 1414.45,
    "speaker": "老师",
    "text": "所以就a满足的不等关系就是a大于等于六十。"
  },
  {
    "start": 1414.47,
    "end": 1416.2,
    "speaker": "老师",
    "text": "第三，"
  },
  {
    "start": 1416.2,
    "end": 1419.14,
    "speaker": "老师",
    "text": "某品牌酸奶的质量检查规定，"
  },
  {
    "start": 1419.14,
    "end": 1431.23,
    "speaker": "老师",
    "text": "酸奶中的脂肪含量m应不少于百分之二十，"
  },
  {
    "start": 1431.29,
    "end": 1437.42,
    "speaker": "老师",
    "text": "蛋白质的含量n应不少于百分之二点三。"
  },
  {
    "start": 1437.42,
    "end": 1440.78,
    "speaker": "老师",
    "text": "这里的不等词词是什么呢？"
  },
  {
    "start": 1440.78,
    "end": 1444.82,
    "speaker": "老师",
    "text": "不少不少于就是大于或者，"
  },
  {
    "start": 1444.82,
    "end": 1460.07,
    "speaker": "老师",
    "text": "所以得出的不等关系就是m大于等于百分之二点n,"
  },
  {
    "start": 1460.09,
    "end": 1464.27,
    "speaker": "老师",
    "text": "大于等于百分之二点三。"
  },
  {
    "start": 1464.29,
    "end": 1469.99,
    "speaker": "老师",
    "text": "通过以上几个问题，"
  },
  {
    "start": 1469.99,
    "end": 1475.27,
    "speaker": "老师",
    "text": "根据情境列不等式，"
  },
  {
    "start": 1475.27,
    "end": 1479.53,
    "speaker": "老师",
    "text": "还是我刚才所说的，"
  },
  {
    "start": 1479.53,
    "end": 1483.87,
    "speaker": "老师",
    "text": "抓住题中的关键词，"
  },
  {
    "start": 1483.87,
    "end": 1486.32,
    "speaker": "老师",
    "text": "不等式不等式来。"
  },
  {
    "start": 1486.32,
    "end": 1490.91,
    "speaker": "老师",
    "text": "然后根据用不等号来表示它。"
  },
  {
    "start": 1490.91,
    "end": 1496.72,
    "speaker": "老师",
    "text": "下面我们看到第三个问题，"
  },
  {
    "start": 1497.65,
    "end": 1500.58,
    "speaker": "老师",
    "text": "请大家拿出草稿纸，"
  },
  {
    "start": 1501.36,
    "end": 1504.02,
    "speaker": "老师",
    "text": "在草稿纸上心上，"
  },
  {
    "start": 1504.64,
    "end": 1508.27,
    "speaker": "老师",
    "text": "实数XY在数轴上，"
  },
  {
    "start": 1508.27,
    "end": 1514.01,
    "speaker": "老师",
    "text": "对应点的位置用大于或小于填空。"
  },
  {
    "start": 1514.25,
    "end": 1521.56,
    "speaker": "老师",
    "text": "同学们看到这里的x和y在数轴上的位置，"
  },
  {
    "start": 1521.74,
    "end": 1528.75,
    "speaker": "老师",
    "text": "我们会清楚的发现x是副词，"
  },
  {
    "start": 1528.75,
    "end": 1533.48,
    "speaker": "老师",
    "text": "y是正数，"
  },
  {
    "start": 1533.48,
    "end": 1550.19,
    "speaker": "老师",
    "text": "并且x的绝对值比y的绝对值要小，"
  },
  {
    "start": 1550.19,
    "end": 1554.04,
    "speaker": "老师",
    "text": "也就是负数的绝对值，"
  },
  {
    "start": 1554.04,
    "end": 1558.06,
    "speaker": "老师",
    "text": "小于正数的绝对值。"
  },
  {
    "start": 1558.1,
    "end": 1564.99,
    "speaker": "老师",
    "text": "我们来看的x加y与那个呢x是负数，"
  },
  {
    "start": 1564.99,
    "end": 1567.06,
    "speaker": "老师",
    "text": "y是正数。"
  },
  {
    "start": 1567.08,
    "end": 1572.52,
    "speaker": "老师",
    "text": "那么x加y是不是异号两数相加？"
  },
  {
    "start": 1572.52,
    "end": 1588.9,
    "speaker": "老师",
    "text": "根据我们加法法则异号两数相加取绝对值大的那一几个符号，"
  },
  {
    "start": 1588.9,
    "end": 1595.88,
    "speaker": "老师",
    "text": "那么这道题答案就非常轻松。"
  },
  {
    "start": 1595.88,
    "end": 1596.52,
    "speaker": "老师",
    "text": "是啊，"
  },
  {
    "start": 1596.52,
    "end": 1601.73,
    "speaker": "老师",
    "text": "第二x乘y x是负数，"
  },
  {
    "start": 1601.77,
    "end": 1604.59,
    "speaker": "老师",
    "text": "y是正数，"
  },
  {
    "start": 1604.73,
    "end": 1608.53,
    "speaker": "老师",
    "text": "那么x乘y是不是异号两速相乘？"
  },
  {
    "start": 1608.53,
    "end": 1624.2,
    "speaker": "老师",
    "text": "根据乘法法则易好得，"
  },
  {
    "start": 1624.2,
    "end": 1628.99,
    "speaker": "老师",
    "text": "所以x乘y是小于b第三个x减y."
  },
  {
    "start": 1628.99,
    "end": 1634.01,
    "speaker": "老师",
    "text": "我们根据减法法则减去一个数，"
  },
  {
    "start": 1634.01,
    "end": 1636.83,
    "speaker": "老师",
    "text": "等于加上它的相反数。"
  },
  {
    "start": 1636.83,
    "end": 1644.04,
    "speaker": "老师",
    "text": "所以这里x减y就是x加上负y y是正数，"
  },
  {
    "start": 1644.06,
    "end": 1646.94,
    "speaker": "老师",
    "text": "负y就是负数，"
  },
  {
    "start": 1646.94,
    "end": 1648.57,
    "speaker": "老师",
    "text": "x是复数，"
  },
  {
    "start": 1648.57,
    "end": 1655.31,
    "speaker": "老师",
    "text": "所以同号两数相加取相同的。"
  },
  {
    "start": 1655.47,
    "end": 1658.86,
    "speaker": "老师",
    "text": "这里x加负y是复数，"
  },
  {
    "start": 1658.94,
    "end": 1665.2,
    "speaker": "老师",
    "text": "也就是x减y是复数。"
  },
  {
    "start": 1665.2,
    "end": 1678.7,
    "speaker": "老师",
    "text": "那么这里的结果就应该是小于相信大家工作的。"
  },
  {
    "start": 1681.12,
    "end": 1687.77,
    "speaker": "老师",
    "text": "下面我们一起看到是有的挑战期，"
  },
  {
    "start": 1687.77,
    "end": 1694.05,
    "speaker": "老师",
    "text": "请大家拿出草稿纸在旁边写一下。"
  },
  {
    "start": 1694.15,
    "end": 1694.67,
    "speaker": "老师",
    "text": "好，"
  },
  {
    "start": 1694.67,
    "end": 1702.02,
    "speaker": "老师",
    "text": "我班同学外出春游要合影留念。"
  },
  {
    "start": 1702.06,
    "end": 1706.25,
    "speaker": "老师",
    "text": "若一张彩色底片需零点七五元，"
  },
  {
    "start": 1706.37,
    "end": 1711.55,
    "speaker": "老师",
    "text": "出印一张相片需要零点三美元，"
  },
  {
    "start": 1711.61,
    "end": 1714.67,
    "speaker": "老师",
    "text": "每人得到一张相片，"
  },
  {
    "start": 1714.67,
    "end": 1720.17,
    "speaker": "老师",
    "text": "且平均每元出钱不超过零点四五元。"
  },
  {
    "start": 1720.17,
    "end": 1722.69,
    "speaker": "老师",
    "text": "设合影的人数有x人，"
  },
  {
    "start": 1722.83,
    "end": 1729.41,
    "speaker": "老师",
    "text": "则怎样表示双数关系？"
  },
  {
    "start": 1729.41,
    "end": 1737.42,
    "speaker": "老师",
    "text": "在这里同学们来看一下，"
  },
  {
    "start": 1737.44,
    "end": 1743.28,
    "speaker": "老师",
    "text": "每一张底片需要零点七五元冲洗一张，"
  },
  {
    "start": 1743.28,
    "end": 1746.68,
    "speaker": "老师",
    "text": "冲印一张需要零点三。"
  },
  {
    "start": 1746.84,
    "end": 1750.0,
    "speaker": "老师",
    "text": "那么我们应该付给别人的钱，"
  },
  {
    "start": 1750.0,
    "end": 1754.97,
    "speaker": "老师",
    "text": "所需的钱是多少呢？"
  },
  {
    "start": 1754.97,
    "end": 1757.78,
    "speaker": "老师",
    "text": "所需的钱，"
  },
  {
    "start": 1757.8,
    "end": 1762.65,
    "speaker": "老师",
    "text": "同学们能不能用x来表示呢？"
  },
  {
    "start": 1762.89,
    "end": 1768.57,
    "speaker": "老师",
    "text": "所需的钱是不是底片的钱，"
  },
  {
    "start": 1768.57,
    "end": 1770.71,
    "speaker": "老师",
    "text": "加相片的钱，"
  },
  {
    "start": 1770.71,
    "end": 1775.71,
    "speaker": "老师",
    "text": "x的同学是不是需要x张相片，"
  },
  {
    "start": 1775.71,
    "end": 1782.64,
    "speaker": "老师",
    "text": "因此是零点七五影片的钱，"
  },
  {
    "start": 1782.94,
    "end": 1784.1,
    "speaker": "老师",
    "text": "加上相片的钱，"
  },
  {
    "start": 1784.1,
    "end": 1787.3,
    "speaker": "老师",
    "text": "加上零点三五的钱啊，"
  },
  {
    "start": 1787.44,
    "end": 1798.43,
    "speaker": "老师",
    "text": "零点三围的是。"
  },
  {
    "start": 1798.43,
    "end": 1800.55,
    "speaker": "老师",
    "text": "那么同学们，"
  },
  {
    "start": 1800.57,
    "end": 1805.23,
    "speaker": "老师",
    "text": "你们看一下怎么去理解这句话，"
  },
  {
    "start": 1805.23,
    "end": 1810.9,
    "speaker": "老师",
    "text": "且平均美元出钱不超过零点四五元，"
  },
  {
    "start": 1811.71,
    "end": 1812.47,
    "speaker": "老师",
    "text": "怎么理解？"
  },
  {
    "start": 1812.47,
    "end": 1813.09,
    "speaker": "老师",
    "text": "好，"
  },
  {
    "start": 1813.13,
    "end": 1814.83,
    "speaker": "老师",
    "text": "我们就这么想。"
  },
  {
    "start": 1815.6,
    "end": 1819.39,
    "speaker": "老师",
    "text": "假设每个人本身出了零点四，"
  },
  {
    "start": 1819.39,
    "end": 1822.47,
    "speaker": "老师",
    "text": "那么就凑了零点四五x的钱。"
  },
  {
    "start": 1822.47,
    "end": 1830.91,
    "speaker": "老师",
    "text": "那么说明我们出的钱就应该大于或等于所需的钱。"
  },
  {
    "start": 1831.13,
    "end": 1846.31,
    "speaker": "老师",
    "text": "能不能理解我们要求的是每元出的钱不超过零点四五。"
  },
  {
    "start": 1846.45,
    "end": 1847.55,
    "speaker": "老师",
    "text": "也就是说，"
  },
  {
    "start": 1847.55,
    "end": 1850.94,
    "speaker": "老师",
    "text": "如果我们换句话说，"
  },
  {
    "start": 1851.14,
    "end": 1854.2,
    "speaker": "老师",
    "text": "如果每个人出了零点四，"
  },
  {
    "start": 1854.2,
    "end": 1870.16,
    "speaker": "老师",
    "text": "那么他们所出的钱的和是不是零点四五x说明他们所出的钱一定会大于或等于所需的钱。"
  },
  {
    "start": 1871.04,
    "end": 1894.91,
    "speaker": "老师",
    "text": "因此我们就可以得出这样的是说明所需的钱应该小于等于营业是我们的事。"
  },
  {
    "start": 1895.57,
    "end": 1902.31,
    "speaker": "老师",
    "text": "这样的话就能够使得每个人出资钱不会超过零点四五。"
  },
  {
    "start": 1902.45,
    "end": 1904.03,
    "speaker": "老师",
    "text": "通过这个例题，"
  },
  {
    "start": 1904.03,
    "end": 1909.67,
    "speaker": "老师",
    "text": "我们还是要根据习题列不等式，"
  },
  {
    "start": 1909.67,
    "end": 1915.14,
    "speaker": "老师",
    "text": "我们还得要找出关键的关键的语句关键词，"
  },
  {
    "start": 1916.95,
    "end": 1925.57,
    "speaker": "老师",
    "text": "根据题目的未知量来列出代数式，"
  },
  {
    "start": 1925.57,
    "end": 1931.13,
    "speaker": "老师",
    "text": "再找出代数式之间存在的不等关系。"
  },
  {
    "start": 1931.13,
    "end": 1931.75,
    "speaker": "老师",
    "text": "第二，"
  },
  {
    "start": 1931.99,
    "end": 1939.49,
    "speaker": "老师",
    "text": "若x减五的绝对值等于五减x则下列不等式乘以式。"
  },
  {
    "start": 1939.49,
    "end": 1940.62,
    "speaker": "老师",
    "text": "想着那么好，"
  },
  {
    "start": 1942.06,
    "end": 1950.03,
    "speaker": "老师",
    "text": "同学们这考察的问题是去绝对值在这里。"
  },
  {
    "start": 1950.03,
    "end": 1956.99,
    "speaker": "老师",
    "text": "我们复习一下正数的绝对值是等于它本身负数的，"
  },
  {
    "start": 1956.99,
    "end": 1961.07,
    "speaker": "老师",
    "text": "绝对值是等于它的相反性，"
  },
  {
    "start": 1961.07,
    "end": 1962.17,
    "speaker": "老师",
    "text": "零的绝对值是等于零。"
  },
  {
    "start": 1961.85,
    "end": 1962.17,
    "speaker": "老师",
    "text": "那么孩子们我们看到这里x减五的绝对值等于五减x我们看一下这个五减x我们能否把它换成x减五，"
  },
  {
    "start": 1961.85,
    "end": 1962.17,
    "speaker": "老师",
    "text": "国号负的括号x减的是不是？"
  },
  {
    "start": 1961.85,
    "end": 1962.17,
    "speaker": "老师",
    "text": "那么这样就把x减五看成一个整体，"
  },
  {
    "start": 1961.85,
    "end": 1962.17,
    "speaker": "老师",
    "text": "那么就说明x减五的绝对值等于x减五的相反式也就有我们所说的一个数的绝对值等于它的相反数。"
  },
  {
    "start": 1961.85,
    "end": 1962.17,
    "speaker": "老师",
    "text": "那么x减五就应该是负数或者c从而本答案就应该选第一。"
  },
  {
    "start": 1961.85,
    "end": 1962.17,
    "speaker": "老师",
    "text": "同学们收获的什得到了什么？"
  },
  {
    "start": 1961.85,
    "end": 1962.17,
    "speaker": "老师",
    "text": "好，"
  },
  {
    "start": 1961.85,
    "end": 1962.17,
    "speaker": "老师",
    "text": "这节课的学习，"
  },
  {
    "start": 1961.85,
    "end": 1962.17,
    "speaker": "老师",
    "text": "我们学习的不等式的定义，"
  },
  {
    "start": 1961.85,
    "end": 1962.17,
    "speaker": "老师",
    "text": "一般的用符号小于或小于等于大于或大于等于连接的式子叫做不等式。"
  },
  {
    "start": 1961.85,
    "end": 1962.17,
    "speaker": "老师",
    "text": "第二，"
  },
  {
    "start": 1961.85,
    "end": 1962.17,
    "speaker": "老师",
    "text": "大于等于和小于等于的e大于等，"
  },
  {
    "start": 1961.85,
    "end": 1962.17,
    "speaker": "老师",
    "text": "于是指不小于不低于小于等于十不大于不高不愁。"
  },
  {
    "start": 1961.85,
    "end": 1962.17,
    "speaker": "老师",
    "text": "啊，"
  },
  {
    "start": 1961.85,
    "end": 1962.17,
    "speaker": "老师",
    "text": "所以同学们遇到这些不等词的时候，"
  },
  {
    "start": 1961.85,
    "end": 1962.17,
    "speaker": "老师",
    "text": "要认认真真的静下心来去思考他应该用什么符号来表示。"
  },
  {
    "start": 1961.85,
    "end": 1962.17,
    "speaker": "老师",
    "text": "下面我们看到今天的作业。"
  },
  {
    "start": 1961.85,
    "end": 1962.17,
    "speaker": "老师",
    "text": "一教材三十八到三十九元的习题二点一，"
  },
  {
    "start": 1961.85,
    "end": 1962.17,
    "speaker": "老师",
    "text": "请大家认认真真的完成用本子想第二预习下一节课的内容。"
  },
  {
    "start": 1961.85,
    "end": 1962.17,
    "speaker": "老师",
    "text": "这节课我们上完了，"
  },
  {
    "start": 1961.85,
    "end": 1962.17,
    "speaker": "老师",
    "text": "同学们再见。"
  }
]