[
  {
    "start": 9.61,
    "end": 10.57,
    "speaker": "老师",
    "text": "同学们好，"
  },
  {
    "start": 10.57,
    "end": 16.47,
    "speaker": "老师",
    "text": "今天我们学习第四章因式分解的第三节公式法。"
  },
  {
    "start": 16.81,
    "end": 25.08,
    "speaker": "老师",
    "text": "首先请同学们完成这个计算。"
  },
  {
    "start": 25.08,
    "end": 26.27,
    "speaker": "老师",
    "text": "嗯，"
  },
  {
    "start": 26.41,
    "end": 27.29,
    "speaker": "老师",
    "text": "第一题，"
  },
  {
    "start": 27.29,
    "end": 33.12,
    "speaker": "老师",
    "text": "x加五乘以x减五等于x平方减二十五。"
  },
  {
    "start": 33.12,
    "end": 34.02,
    "speaker": "老师",
    "text": "第二题，"
  },
  {
    "start": 34.02,
    "end": 40.62,
    "speaker": "老师",
    "text": "三x加y乘以三x减y等于九x平方减y的平方。"
  },
  {
    "start": 40.76,
    "end": 41.8,
    "speaker": "老师",
    "text": "第三题，"
  },
  {
    "start": 41.82,
    "end": 49.59,
    "speaker": "老师",
    "text": "三m加二n乘以三m减二n等于九m的平方减四n的平方。"
  },
  {
    "start": 49.59,
    "end": 54.76,
    "speaker": "老师",
    "text": "我们可以通过多项式乘以多项式进行运算得到。"
  },
  {
    "start": 54.76,
    "end": 60.29,
    "speaker": "老师",
    "text": "也有同学发现了这三个它具有共同的特征，"
  },
  {
    "start": 60.29,
    "end": 67.16,
    "speaker": "老师",
    "text": "他们都可以利用我们的平方差公式来进行运算。"
  },
  {
    "start": 67.16,
    "end": 73.75,
    "speaker": "老师",
    "text": "A加b乘以a减b等于a的平方减b的平方哦，"
  },
  {
    "start": 73.81,
    "end": 79.26,
    "speaker": "老师",
    "text": "我们看到比如说第二题，"
  },
  {
    "start": 79.7,
    "end": 84.16,
    "speaker": "老师",
    "text": "三x加y乘以三x减y,"
  },
  {
    "start": 84.16,
    "end": 90.16,
    "speaker": "老师",
    "text": "a加b乘以a减b此时三x相当于平方差公式里面的AY,"
  },
  {
    "start": 90.16,
    "end": 96.08,
    "speaker": "老师",
    "text": "相当于平方差公式里面的b所以它会等于a的平方，"
  },
  {
    "start": 96.1,
    "end": 101.74,
    "speaker": "老师",
    "text": "也就是三x括号平方减y的平方，"
  },
  {
    "start": 102.06,
    "end": 105.14,
    "speaker": "老师",
    "text": "等于九x平方减y的平方。"
  },
  {
    "start": 105.14,
    "end": 118.14,
    "speaker": "老师",
    "text": "那么你能否将他们的结果分别写成两个因式的乘积的形式呢？"
  },
  {
    "start": 118.26,
    "end": 128.44,
    "speaker": "老师",
    "text": "通过上面我们知道x平方减二十五是等于x加五乘以x减五的九，"
  },
  {
    "start": 128.58,
    "end": 142.45,
    "speaker": "老师",
    "text": "x平方减y的平方等于三x加y乘以三x减y九m平方减四n的平方等于三m加二n乘以三m减二n."
  },
  {
    "start": 142.45,
    "end": 150.5,
    "speaker": "老师",
    "text": "在这里我们就将这个多项式它们写成了两个因式的乘积的形式，"
  },
  {
    "start": 150.52,
    "end": 159.08,
    "speaker": "老师",
    "text": "这属于我们一个因式分解的过程。"
  },
  {
    "start": 159.1,
    "end": 171.0,
    "speaker": "老师",
    "text": "那么如何将一个多项式a的平方减b的平方来进行因式分解呢？"
  },
  {
    "start": 171.0,
    "end": 172.64,
    "speaker": "老师",
    "text": "好，"
  },
  {
    "start": 172.64,
    "end": 181.74,
    "speaker": "老师",
    "text": "我们知道平方差公式是a加b乘以a减b等于a的平方减b的平方，"
  },
  {
    "start": 182.08,
    "end": 187.72,
    "speaker": "老师",
    "text": "这是一个整是乘法的过程。"
  },
  {
    "start": 187.86,
    "end": 206.28,
    "speaker": "老师",
    "text": "现在我将这个公式反过来就能得到a的平方减b的平方等于a加b乘以a减b这样我就将这个多项式去分解成了两个因式的乘积的形式，"
  },
  {
    "start": 206.28,
    "end": 209.43,
    "speaker": "老师",
    "text": "这属于一个因式分解的过程。"
  },
  {
    "start": 209.43,
    "end": 213.28,
    "speaker": "老师",
    "text": "也就是说，"
  },
  {
    "start": 213.28,
    "end": 220.31,
    "speaker": "老师",
    "text": "整式乘法的一个逆向变形就能得到因式分解的方法。"
  },
  {
    "start": 220.31,
    "end": 225.27,
    "speaker": "老师",
    "text": "像这种方法我们称为公式法。"
  },
  {
    "start": 225.27,
    "end": 228.6,
    "speaker": "老师",
    "text": "今天我们就学习六平方差公式，"
  },
  {
    "start": 228.6,
    "end": 235.21,
    "speaker": "老师",
    "text": "将一个多项式进行因式分解。"
  },
  {
    "start": 235.21,
    "end": 245.78,
    "speaker": "老师",
    "text": "那是不是所有的多项式都能够利用这种方法来运算呢？"
  },
  {
    "start": 245.9,
    "end": 250.54,
    "speaker": "老师",
    "text": "我们来观察一下这个多样式的特征。"
  },
  {
    "start": 250.54,
    "end": 254.01,
    "speaker": "老师",
    "text": "公式左边有什么样的特征？"
  },
  {
    "start": 254.01,
    "end": 255.95,
    "speaker": "老师",
    "text": "在公式的左边，"
  },
  {
    "start": 256.03,
    "end": 264.14,
    "speaker": "老师",
    "text": "这是我们即将要被因式分解的一个多项式。"
  },
  {
    "start": 266.12,
    "end": 273.54,
    "speaker": "老师",
    "text": "它所具有的特征应该是这个多项式中还有几项应该还有两项，"
  },
  {
    "start": 273.54,
    "end": 276.6,
    "speaker": "老师",
    "text": "还有一项两项。"
  },
  {
    "start": 276.6,
    "end": 281.09,
    "speaker": "老师",
    "text": "第二个这两项应该是异号的。"
  },
  {
    "start": 281.09,
    "end": 282.39,
    "speaker": "老师",
    "text": "第三，"
  },
  {
    "start": 282.39,
    "end": 285.42,
    "speaker": "老师",
    "text": "这个多项式，"
  },
  {
    "start": 285.7,
    "end": 292.62,
    "speaker": "老师",
    "text": "并且还能写成平方差a的平方减b的平方这种形式，"
  },
  {
    "start": 292.62,
    "end": 297.2,
    "speaker": "老师",
    "text": "这是我们这个多项式所具有的特征。"
  },
  {
    "start": 297.2,
    "end": 298.3,
    "speaker": "老师",
    "text": "我举个例子，"
  },
  {
    "start": 298.3,
    "end": 304.55,
    "speaker": "老师",
    "text": "比如说四x平方减九y的平方，"
  },
  {
    "start": 305.52,
    "end": 310.65,
    "speaker": "老师",
    "text": "这个多项式具不具有我们的特征呢，"
  },
  {
    "start": 310.65,
    "end": 314.07,
    "speaker": "老师",
    "text": "我们就看它符不符合这个要求。"
  },
  {
    "start": 314.07,
    "end": 314.55,
    "speaker": "老师",
    "text": "第一，"
  },
  {
    "start": 314.85,
    "end": 319.14,
    "speaker": "老师",
    "text": "这个多用式中还有两项一项两项。"
  },
  {
    "start": 319.14,
    "end": 320.66,
    "speaker": "老师",
    "text": "第二，"
  },
  {
    "start": 320.86,
    "end": 326.49,
    "speaker": "老师",
    "text": "他们俩是异号的，"
  },
  {
    "start": 326.61,
    "end": 328.03,
    "speaker": "老师",
    "text": "前面是正的，"
  },
  {
    "start": 328.03,
    "end": 330.51,
    "speaker": "老师",
    "text": "前面是负的。"
  },
  {
    "start": 330.57,
    "end": 331.19,
    "speaker": "老师",
    "text": "第三，"
  },
  {
    "start": 332.33,
    "end": 338.1,
    "speaker": "老师",
    "text": "这个多项式能不能写成我们这个平方差的形式呢？"
  },
  {
    "start": 338.1,
    "end": 340.16,
    "speaker": "老师",
    "text": "来看一下四x的平方，"
  },
  {
    "start": 340.16,
    "end": 346.08,
    "speaker": "老师",
    "text": "我们可以把它写成二x括号的平方。"
  },
  {
    "start": 346.08,
    "end": 353.19,
    "speaker": "老师",
    "text": "姐九y的平方可以写成三y括号的平方，"
  },
  {
    "start": 353.53,
    "end": 360.09,
    "speaker": "老师",
    "text": "所以它正好是a平方减b平方。"
  },
  {
    "start": 360.09,
    "end": 362.67,
    "speaker": "老师",
    "text": "这种平方差的形式，"
  },
  {
    "start": 362.67,
    "end": 370.83,
    "speaker": "老师",
    "text": "也就是这个多项式也符合我们这个要求，"
  },
  {
    "start": 370.83,
    "end": 378.84,
    "speaker": "老师",
    "text": "这是公式的左边公式右边，"
  },
  {
    "start": 378.84,
    "end": 382.86,
    "speaker": "老师",
    "text": "这是我们因式分解的结果，"
  },
  {
    "start": 382.86,
    "end": 384.22,
    "speaker": "老师",
    "text": "它等于什么呢？"
  },
  {
    "start": 384.5,
    "end": 392.3,
    "speaker": "老师",
    "text": "等于两底数的和a加b与两底数的差a减b的乘积的形式。"
  },
  {
    "start": 392.3,
    "end": 399.49,
    "speaker": "老师",
    "text": "下面请同学们将下列多项式能不能转换成这种平方差的形式？"
  },
  {
    "start": 399.49,
    "end": 401.01,
    "speaker": "老师",
    "text": "第一题，"
  },
  {
    "start": 401.01,
    "end": 403.07,
    "speaker": "老师",
    "text": "m平方减八十一，"
  },
  {
    "start": 403.17,
    "end": 408.07,
    "speaker": "老师",
    "text": "八十一可以写成九的平方，"
  },
  {
    "start": 408.17,
    "end": 413.13,
    "speaker": "老师",
    "text": "所以它可以写成m平方减九的平方。"
  },
  {
    "start": 413.13,
    "end": 413.83,
    "speaker": "老师",
    "text": "第二题，"
  },
  {
    "start": 414.11,
    "end": 416.39,
    "speaker": "老师",
    "text": "一减去十六倍的平方，"
  },
  {
    "start": 416.39,
    "end": 418.89,
    "speaker": "老师",
    "text": "一可以看成是一的平方，"
  },
  {
    "start": 418.95,
    "end": 425.72,
    "speaker": "老师",
    "text": "十六b的平方可以写成四b括号的平方，"
  },
  {
    "start": 425.72,
    "end": 431.45,
    "speaker": "老师",
    "text": "所以它等于一的平方减去四b括号的平方。"
  },
  {
    "start": 431.45,
    "end": 432.81,
    "speaker": "老师",
    "text": "第三题，"
  },
  {
    "start": 433.37,
    "end": 436.84,
    "speaker": "老师",
    "text": "四m平方加九四m平方，"
  },
  {
    "start": 436.92,
    "end": 440.56,
    "speaker": "老师",
    "text": "它可以写成二m括号的平方，"
  },
  {
    "start": 440.58,
    "end": 444.08,
    "speaker": "老师",
    "text": "九可以写成三的平方。"
  },
  {
    "start": 444.08,
    "end": 446.46,
    "speaker": "老师",
    "text": "但是它们中间是加号，"
  },
  {
    "start": 446.46,
    "end": 452.1,
    "speaker": "老师",
    "text": "所以不能转化为平方差。"
  },
  {
    "start": 452.24,
    "end": 453.92,
    "speaker": "老师",
    "text": "其实第四题，"
  },
  {
    "start": 453.92,
    "end": 457.76,
    "speaker": "老师",
    "text": "a的平方x的平方减去二十五y的平方，"
  },
  {
    "start": 457.78,
    "end": 463.01,
    "speaker": "老师",
    "text": "a的平方x平方可以写成AX括号的平方，"
  },
  {
    "start": 464.28,
    "end": 471.37,
    "speaker": "老师",
    "text": "二十五y的平方可以写成五y括号的平方。"
  },
  {
    "start": 471.37,
    "end": 475.07,
    "speaker": "老师",
    "text": "所以它可以写成AX括号的平方，"
  },
  {
    "start": 475.07,
    "end": 480.08,
    "speaker": "老师",
    "text": "减五y的平方括的平方一个多小时。"
  },
  {
    "start": 480.08,
    "end": 483.46,
    "speaker": "老师",
    "text": "如果它能写成这种平方差的形式，"
  },
  {
    "start": 483.58,
    "end": 490.7,
    "speaker": "老师",
    "text": "那么我们就可以利用这个平方差公式将它进行因式分解。"
  },
  {
    "start": 490.8,
    "end": 493.66,
    "speaker": "老师",
    "text": "我们来看看这个类型，"
  },
  {
    "start": 493.76,
    "end": 497.58,
    "speaker": "老师",
    "text": "第一二十五减十六x平方，"
  },
  {
    "start": 497.76,
    "end": 503.84,
    "speaker": "老师",
    "text": "它我们先把它转化为平方差的形式，"
  },
  {
    "start": 503.84,
    "end": 506.44,
    "speaker": "老师",
    "text": "二十五可以写成五的平方，"
  },
  {
    "start": 506.44,
    "end": 514.24,
    "speaker": "老师",
    "text": "十六x的平方可以写成四x括号的平方。"
  },
  {
    "start": 514.24,
    "end": 519.73,
    "speaker": "老师",
    "text": "所以第一步我把它转化为平方差的形式，"
  },
  {
    "start": 519.73,
    "end": 522.62,
    "speaker": "老师",
    "text": "然后再利用平方差公式。"
  },
  {
    "start": 522.62,
    "end": 524.4,
    "speaker": "老师",
    "text": "它等于什么呢？"
  },
  {
    "start": 524.4,
    "end": 528.62,
    "speaker": "老师",
    "text": "等于两底数的和与两底数的差的乘积的形式。"
  },
  {
    "start": 528.62,
    "end": 539.88,
    "speaker": "老师",
    "text": "所以它等于五加四x乘以五减四x这样我们就将这个多项式利用平方差公式进行了因式分解。"
  },
  {
    "start": 540.06,
    "end": 540.82,
    "speaker": "老师",
    "text": "对呀，"
  },
  {
    "start": 540.82,
    "end": 544.4,
    "speaker": "老师",
    "text": "九a的平方减四分之一b的平方，"
  },
  {
    "start": 544.66,
    "end": 552.74,
    "speaker": "老师",
    "text": "九a的平方我们可以写成三a括号的平方，"
  },
  {
    "start": 552.74,
    "end": 557.2,
    "speaker": "老师",
    "text": "四分之一b的平方可以写成二分之一b括号的平方。"
  },
  {
    "start": 557.2,
    "end": 565.34,
    "speaker": "老师",
    "text": "所以第一步我把它转化为这种平方差的形式。"
  },
  {
    "start": 565.7,
    "end": 596.94,
    "speaker": "老师",
    "text": "然后公式中的a应该相当于这个式子当中的三a公式当中的b应该是这里面的二分之一b所以利用平方差公式应该等于三a加二分之一b乘以三a减二分之一b一旦将这个多项式转化为平方差的形式之后，"
  },
  {
    "start": 596.94,
    "end": 607.05,
    "speaker": "老师",
    "text": "我们就应该确定公式当中的a与b那么请同学们判断一下它的正误。"
  },
  {
    "start": 607.23,
    "end": 608.47,
    "speaker": "老师",
    "text": "第一题，"
  },
  {
    "start": 608.51,
    "end": 615.5,
    "speaker": "老师",
    "text": "x平方加y平方等于x加y乘以x减y成立吗？"
  },
  {
    "start": 615.5,
    "end": 617.34,
    "speaker": "老师",
    "text": "它是不成立的，"
  },
  {
    "start": 617.34,
    "end": 625.65,
    "speaker": "老师",
    "text": "因为它不符合我们的这个平方差的形式，"
  },
  {
    "start": 625.81,
    "end": 629.53,
    "speaker": "老师",
    "text": "所以不能运用这样因式分解一样。"
  },
  {
    "start": 629.53,
    "end": 634.2,
    "speaker": "老师",
    "text": "X平方减y的平方，"
  },
  {
    "start": 634.52,
    "end": 641.52,
    "speaker": "老师",
    "text": "它正好是我们的平方差的形式，"
  },
  {
    "start": 641.56,
    "end": 647.61,
    "speaker": "老师",
    "text": "所以可以利用平方差公式来进行因式分解，"
  },
  {
    "start": 649.35,
    "end": 651.65,
    "speaker": "老师",
    "text": "等于x加y乘以x减y呃，"
  },
  {
    "start": 651.65,
    "end": 652.09,
    "speaker": "老师",
    "text": "对，"
  },
  {
    "start": 652.95,
    "end": 664.98,
    "speaker": "老师",
    "text": "第三题负x平方加y的平方能不能因式分解？"
  },
  {
    "start": 665.06,
    "end": 671.38,
    "speaker": "老师",
    "text": "首先这个多项式我们要进行转换为平方差的形式，"
  },
  {
    "start": 674.02,
    "end": 681.81,
    "speaker": "老师",
    "text": "这个是是真的己转化为a的平方减b的平方这种形式。"
  },
  {
    "start": 681.81,
    "end": 687.0,
    "speaker": "老师",
    "text": "所以第一步它应该转化为y的平方，"
  },
  {
    "start": 687.0,
    "end": 688.64,
    "speaker": "老师",
    "text": "减x的平方。"
  },
  {
    "start": 688.68,
    "end": 699.16,
    "speaker": "老师",
    "text": "然后公式当中的a应该是这里面的y公式当中的b应该是这里面的x所以利用平方差公式，"
  },
  {
    "start": 699.16,
    "end": 705.73,
    "speaker": "老师",
    "text": "它应该等于y加x乘以y减x所以他这里啊是分解错误的，"
  },
  {
    "start": 705.73,
    "end": 709.29,
    "speaker": "老师",
    "text": "它可以进行因式分解，"
  },
  {
    "start": 709.29,
    "end": 710.51,
    "speaker": "老师",
    "text": "但是它分解错误，"
  },
  {
    "start": 710.71,
    "end": 713.26,
    "speaker": "老师",
    "text": "所以它是错的。"
  },
  {
    "start": 713.26,
    "end": 716.29,
    "speaker": "老师",
    "text": "第四个负x平方减y的平方。"
  },
  {
    "start": 716.29,
    "end": 718.35,
    "speaker": "老师",
    "text": "我们来看一下这个做用式，"
  },
  {
    "start": 718.35,
    "end": 722.66,
    "speaker": "老师",
    "text": "这个多样式符不符合我们这个特征呢，"
  },
  {
    "start": 722.82,
    "end": 723.84,
    "speaker": "老师",
    "text": "它还有两项，"
  },
  {
    "start": 723.84,
    "end": 726.34,
    "speaker": "老师",
    "text": "但是这两项是同号的。"
  },
  {
    "start": 726.34,
    "end": 749.2,
    "speaker": "老师",
    "text": "所以这个多项式它是不能去转化为这种平方差的形式，"
  },
  {
    "start": 750.56,
    "end": 758.13,
    "speaker": "老师",
    "text": "它就不能够利用平方差公式进行因式分解。"
  },
  {
    "start": 758.19,
    "end": 760.99,
    "speaker": "老师",
    "text": "所以他是错的。"
  },
  {
    "start": 760.99,
    "end": 765.77,
    "speaker": "老师",
    "text": "其实第四题和第一题是有点类似的啊，"
  },
  {
    "start": 765.77,
    "end": 770.21,
    "speaker": "老师",
    "text": "这里面我如果提出一个负号出来，"
  },
  {
    "start": 770.39,
    "end": 774.75,
    "speaker": "老师",
    "text": "就等于负的x平方加y平方，"
  },
  {
    "start": 774.75,
    "end": 779.65,
    "speaker": "老师",
    "text": "然后x平方加y平方是不能进行因式分解的。"
  },
  {
    "start": 779.65,
    "end": 787.76,
    "speaker": "老师",
    "text": "所以第四个也是不能进行因式分解的。"
  },
  {
    "start": 787.76,
    "end": 790.38,
    "speaker": "老师",
    "text": "所以在这个公式当中，"
  },
  {
    "start": 790.38,
    "end": 795.22,
    "speaker": "老师",
    "text": "a的平方与b的平方的符号是相反的。"
  },
  {
    "start": 795.6,
    "end": 800.16,
    "speaker": "老师",
    "text": "再请同学们完成这几个计算。"
  },
  {
    "start": 800.16,
    "end": 800.46,
    "speaker": "老师",
    "text": "好，"
  },
  {
    "start": 800.46,
    "end": 807.9,
    "speaker": "老师",
    "text": "我们看到嗯第一题负九加四x平方应该先转化为四x平方减九。"
  },
  {
    "start": 807.94,
    "end": 815.78,
    "speaker": "老师",
    "text": "然后四x平方它应该写成二x括号的平方九写成三的平方，"
  },
  {
    "start": 815.78,
    "end": 826.58,
    "speaker": "老师",
    "text": "所以它等于四x的平方减九等于二x括号的平方减三的平方，"
  },
  {
    "start": 826.58,
    "end": 830.6,
    "speaker": "老师",
    "text": "再利用平方差公式等于二x加三，"
  },
  {
    "start": 830.6,
    "end": 833.25,
    "speaker": "老师",
    "text": "括号乘以二x减三。"
  },
  {
    "start": 833.57,
    "end": 834.25,
    "speaker": "老师",
    "text": "第二题，"
  },
  {
    "start": 834.25,
    "end": 842.02,
    "speaker": "老师",
    "text": "x平方y的平方减四分之一z的平方先转化为平方差的形式，"
  },
  {
    "start": 842.06,
    "end": 858.39,
    "speaker": "老师",
    "text": "应该等于XY括号的平方减去二分之一z括号的平方。"
  },
  {
    "start": 858.39,
    "end": 867.85,
    "speaker": "老师",
    "text": "在这里面公式当中的a应该是XY公式当中的b应该是二分之一z,"
  },
  {
    "start": 868.17,
    "end": 882.21,
    "speaker": "老师",
    "text": "所以它等于括号XY加二分之一z括号乘以括号XY减去二分之一z括号嗯第三题，"
  },
  {
    "start": 882.99,
    "end": 891.17,
    "speaker": "老师",
    "text": "零点二五q的平方减去一百二十一p的平方转化为平方差形式。"
  },
  {
    "start": 891.17,
    "end": 894.71,
    "speaker": "老师",
    "text": "它等于零点五q括号的平方，"
  },
  {
    "start": 894.71,
    "end": 900.82,
    "speaker": "老师",
    "text": "它等于一十一p括号的平方，"
  },
  {
    "start": 905.88,
    "end": 917.81,
    "speaker": "老师",
    "text": "那么它就等于零点五q加十一p括号乘以括号零点五q减十一p括号第四题p的四次方减一是的。"
  },
  {
    "start": 917.81,
    "end": 918.21,
    "speaker": "老师",
    "text": "嗯，"
  },
  {
    "start": 918.75,
    "end": 920.91,
    "speaker": "老师",
    "text": "我们来看一下，"
  },
  {
    "start": 920.91,
    "end": 925.12,
    "speaker": "老师",
    "text": "我们先要把它转化为平方差的形式。"
  },
  {
    "start": 925.12,
    "end": 929.17,
    "speaker": "老师",
    "text": "一可以看成是一的平方，"
  },
  {
    "start": 929.17,
    "end": 933.33,
    "speaker": "老师",
    "text": "p的四次方呢它是谁的平方。"
  },
  {
    "start": 933.33,
    "end": 938.84,
    "speaker": "老师",
    "text": "我们利用幂的乘方的运算，"
  },
  {
    "start": 939.12,
    "end": 951.11,
    "speaker": "老师",
    "text": "它应该等于p的平方括号的p啊减去一的平方写成了平方差的形式。"
  },
  {
    "start": 951.15,
    "end": 957.62,
    "speaker": "老师",
    "text": "然后再利用平方差公式，"
  },
  {
    "start": 958.3,
    "end": 961.06,
    "speaker": "老师",
    "text": "它等于量底数。"
  },
  {
    "start": 961.06,
    "end": 964.06,
    "speaker": "老师",
    "text": "这此时它底数应该是p的平方，"
  },
  {
    "start": 964.06,
    "end": 969.4,
    "speaker": "老师",
    "text": "p的平方加一乘以p的平方，"
  },
  {
    "start": 969.4,
    "end": 972.02,
    "speaker": "老师",
    "text": "气死你死做完了没？"
  },
  {
    "start": 972.16,
    "end": 974.72,
    "speaker": "老师",
    "text": "我们来观察一下它的结果啊，"
  },
  {
    "start": 974.78,
    "end": 978.12,
    "speaker": "老师",
    "text": "k的平方加一是没有问题的。"
  },
  {
    "start": 978.12,
    "end": 979.58,
    "speaker": "老师",
    "text": "P的平方减一，"
  },
  {
    "start": 979.58,
    "end": 983.77,
    "speaker": "老师",
    "text": "它又是一个平方差的形式，"
  },
  {
    "start": 983.77,
    "end": 987.13,
    "speaker": "老师",
    "text": "p的平方减一的平方。"
  },
  {
    "start": 987.13,
    "end": 994.85,
    "speaker": "老师",
    "text": "那么我们又可以利用这个平方差公式再次进行因式分解，"
  },
  {
    "start": 994.85,
    "end": 998.22,
    "speaker": "老师",
    "text": "等于p的平方加一啊，"
  },
  {
    "start": 998.22,
    "end": 1005.0,
    "speaker": "老师",
    "text": "它进行因式分解之后是p加一乘以p减一。"
  },
  {
    "start": 1005.0,
    "end": 1009.53,
    "speaker": "老师",
    "text": "也就是说在因式分解的过程中，"
  },
  {
    "start": 1009.53,
    "end": 1012.73,
    "speaker": "老师",
    "text": "我们一定要彻底要分解到，"
  },
  {
    "start": 1012.73,
    "end": 1014.99,
    "speaker": "老师",
    "text": "不能再分解为止，"
  },
  {
    "start": 1014.99,
    "end": 1018.98,
    "speaker": "老师",
    "text": "继续看到下面例题。"
  },
  {
    "start": 1018.98,
    "end": 1019.22,
    "speaker": "老师",
    "text": "嗯，"
  },
  {
    "start": 1019.22,
    "end": 1024.4,
    "speaker": "老师",
    "text": "第一题二十五分之四减去括号二m减n括号的平方，"
  },
  {
    "start": 1024.4,
    "end": 1025.44,
    "speaker": "老师",
    "text": "我们看一下，"
  },
  {
    "start": 1025.44,
    "end": 1027.18,
    "speaker": "老师",
    "text": "这是一个平方的形式。"
  },
  {
    "start": 1027.18,
    "end": 1027.48,
    "speaker": "老师",
    "text": "好，"
  },
  {
    "start": 1027.48,
    "end": 1029.63,
    "speaker": "老师",
    "text": "二十五分之四，"
  },
  {
    "start": 1029.63,
    "end": 1034.82,
    "speaker": "老师",
    "text": "我们可以把它转化为五分之二括号的平方。"
  },
  {
    "start": 1034.82,
    "end": 1041.71,
    "speaker": "老师",
    "text": "所以这里面我可以把它变为平方差的形式，"
  },
  {
    "start": 1041.71,
    "end": 1049.37,
    "speaker": "老师",
    "text": "等于五分之二括号的平方，"
  },
  {
    "start": 1049.41,
    "end": 1052.43,
    "speaker": "老师",
    "text": "减去二m减n括号的平方。"
  },
  {
    "start": 1052.43,
    "end": 1071.65,
    "speaker": "老师",
    "text": "然后此时五分之二相当于公式里面的a二m减n相当于公式里面的b那么它会等于五分之二加上MGM乘以五分之二减去括号二m减，"
  },
  {
    "start": 1071.69,
    "end": 1073.23,
    "speaker": "老师",
    "text": "我们再把括号去掉，"
  },
  {
    "start": 1073.23,
    "end": 1073.9,
    "speaker": "老师",
    "text": "整理一下，"
  },
  {
    "start": 1074.78,
    "end": 1087.38,
    "speaker": "老师",
    "text": "等于五分之二加二m减n括号乘以括号五分之二减二m加n这里的关键我们不能把这个平方进行运算出来。"
  },
  {
    "start": 1088.62,
    "end": 1091.82,
    "speaker": "老师",
    "text": "一运算出来之后，"
  },
  {
    "start": 1092.04,
    "end": 1093.74,
    "speaker": "老师",
    "text": "它还是一个多项式，"
  },
  {
    "start": 1093.74,
    "end": 1097.91,
    "speaker": "老师",
    "text": "没有达到我们因式分解的目的。"
  },
  {
    "start": 1097.91,
    "end": 1104.82,
    "speaker": "老师",
    "text": "所以我们应该是要把这个括号看作一个整体，"
  },
  {
    "start": 1104.84,
    "end": 1105.16,
    "speaker": "老师",
    "text": "嗯，"
  },
  {
    "start": 1105.16,
    "end": 1115.3,
    "speaker": "老师",
    "text": "然后利用平方差公式a的平方减去b的平方来进行运算。"
  },
  {
    "start": 1115.3,
    "end": 1122.57,
    "speaker": "老师",
    "text": "在的九倍的括号m加n括号的平方减去m减n括号的平方，"
  },
  {
    "start": 1122.57,
    "end": 1126.16,
    "speaker": "老师",
    "text": "这个怎么回事？"
  },
  {
    "start": 1126.22,
    "end": 1127.96,
    "speaker": "老师",
    "text": "这有平方也有差，"
  },
  {
    "start": 1127.96,
    "end": 1130.98,
    "speaker": "老师",
    "text": "好像符合我们的一个平方差公式。"
  },
  {
    "start": 1130.98,
    "end": 1131.58,
    "speaker": "老师",
    "text": "哎，"
  },
  {
    "start": 1131.7,
    "end": 1133.06,
    "speaker": "老师",
    "text": "两项和异号。"
  },
  {
    "start": 1133.06,
    "end": 1137.64,
    "speaker": "老师",
    "text": "我们再来认真观察一下这个公式。"
  },
  {
    "start": 1137.94,
    "end": 1139.78,
    "speaker": "老师",
    "text": "在这个公式的左边，"
  },
  {
    "start": 1139.78,
    "end": 1143.02,
    "speaker": "老师",
    "text": "a的平方减b的平方，"
  },
  {
    "start": 1143.02,
    "end": 1148.55,
    "speaker": "老师",
    "text": "我们看一下a的平方应该是某一个整体的平方，"
  },
  {
    "start": 1148.55,
    "end": 1153.62,
    "speaker": "老师",
    "text": "减去b的平方，"
  },
  {
    "start": 1153.62,
    "end": 1157.19,
    "speaker": "老师",
    "text": "减去某一个整体的平方。"
  },
  {
    "start": 1157.19,
    "end": 1165.64,
    "speaker": "老师",
    "text": "所以我们要寻找出公式当中的a和b那么九倍的括号m加n括号的平方，"
  },
  {
    "start": 1165.64,
    "end": 1170.44,
    "speaker": "老师",
    "text": "它是哪一个整体的平方呢？"
  },
  {
    "start": 1170.44,
    "end": 1180.8,
    "speaker": "老师",
    "text": "我们应该把它变成三倍的m加n括号整体的平方，"
  },
  {
    "start": 1180.8,
    "end": 1186.28,
    "speaker": "老师",
    "text": "这样的话就等于这整体的平方减去这个整体的平方。"
  },
  {
    "start": 1186.28,
    "end": 1193.2,
    "speaker": "老师",
    "text": "那么就意味着这公式当中的a应该是这里面的三倍的m加n公式，"
  },
  {
    "start": 1193.2,
    "end": 1195.66,
    "speaker": "老师",
    "text": "它们的b应该是这里面的m减。"
  },
  {
    "start": 1195.66,
    "end": 1201.66,
    "speaker": "老师",
    "text": "那么确定了a和b我们再利用平方差公式来运算，"
  },
  {
    "start": 1201.82,
    "end": 1219.07,
    "speaker": "老师",
    "text": "它也等于a加b就是三倍的括号m加n加上m减乘以a减b三倍的m加n括号减去括号m减n然后把小号去掉，"
  },
  {
    "start": 1219.07,
    "end": 1221.06,
    "speaker": "老师",
    "text": "整理一下，"
  },
  {
    "start": 1221.06,
    "end": 1225.32,
    "speaker": "老师",
    "text": "等于四m加二n括号乘以括号二m加四n."
  },
  {
    "start": 1225.32,
    "end": 1228.36,
    "speaker": "老师",
    "text": "然后刚刚还提了啊，"
  },
  {
    "start": 1228.52,
    "end": 1233.29,
    "speaker": "老师",
    "text": "怎么说因式分解一定要彻底，"
  },
  {
    "start": 1233.29,
    "end": 1235.27,
    "speaker": "老师",
    "text": "要分解到，"
  },
  {
    "start": 1235.27,
    "end": 1237.11,
    "speaker": "老师",
    "text": "不能再分解为止。"
  },
  {
    "start": 1237.11,
    "end": 1239.31,
    "speaker": "老师",
    "text": "我们前面学习过提公，"
  },
  {
    "start": 1239.31,
    "end": 1241.17,
    "speaker": "老师",
    "text": "因司法分解因式，"
  },
  {
    "start": 1241.17,
    "end": 1245.62,
    "speaker": "老师",
    "text": "那么这里面你观察一下，"
  },
  {
    "start": 1246.3,
    "end": 1248.06,
    "speaker": "老师",
    "text": "我们分解完了吗？"
  },
  {
    "start": 1248.12,
    "end": 1249.96,
    "speaker": "老师",
    "text": "四m加二n这一项，"
  },
  {
    "start": 1249.96,
    "end": 1255.08,
    "speaker": "老师",
    "text": "它还有个公式，"
  },
  {
    "start": 1255.36,
    "end": 1264.54,
    "speaker": "老师",
    "text": "二二m加四n它也有公因式啊，"
  },
  {
    "start": 1264.54,
    "end": 1272.85,
    "speaker": "老师",
    "text": "所以我们必须把这个二提出来，"
  },
  {
    "start": 1272.87,
    "end": 1275.05,
    "speaker": "老师",
    "text": "把这个二也提出来。"
  },
  {
    "start": 1275.05,
    "end": 1276.39,
    "speaker": "老师",
    "text": "二提来之后，"
  },
  {
    "start": 1276.39,
    "end": 1277.25,
    "speaker": "老师",
    "text": "派提来之后，"
  },
  {
    "start": 1277.25,
    "end": 1278.25,
    "speaker": "老师",
    "text": "那么变成四，"
  },
  {
    "start": 1278.25,
    "end": 1287.8,
    "speaker": "老师",
    "text": "这里提出一个二应该是二m加n这提出一个二是m加二n所以等于四倍的。"
  },
  {
    "start": 1287.8,
    "end": 1294.64,
    "speaker": "老师",
    "text": "二m加n乘以括号m加二因式分解必须要彻底。"
  },
  {
    "start": 1294.7,
    "end": 1296.84,
    "speaker": "老师",
    "text": "然后在这个公式当中，"
  },
  {
    "start": 1296.84,
    "end": 1301.16,
    "speaker": "老师",
    "text": "这个a和这个b无论它可以表示啊，"
  },
  {
    "start": 1301.16,
    "end": 1310.16,
    "speaker": "老师",
    "text": "无论表示数表示单项式还是多项式的时候，"
  },
  {
    "start": 1310.7,
    "end": 1319.3,
    "speaker": "老师",
    "text": "只要这个被分解的这个多项式能够转化为平方差的形式，"
  },
  {
    "start": 1319.3,
    "end": 1324.27,
    "speaker": "老师",
    "text": "就能够利用平方差公式进行因式分解。"
  },
  {
    "start": 1326.37,
    "end": 1331.9,
    "speaker": "老师",
    "text": "这里面这个a可以表示数字可以表示单项式，"
  },
  {
    "start": 1331.9,
    "end": 1335.87,
    "speaker": "老师",
    "text": "也可以表示多项式，"
  },
  {
    "start": 1335.87,
    "end": 1344.47,
    "speaker": "老师",
    "text": "那么它应该是可以表示一个真是这个b也可以表示数字。"
  },
  {
    "start": 1345.64,
    "end": 1348.5,
    "speaker": "老师",
    "text": "单项式和多项式它应该也是一个整式，"
  },
  {
    "start": 1348.5,
    "end": 1350.36,
    "speaker": "老师",
    "text": "是我生是非。"
  },
  {
    "start": 1350.36,
    "end": 1350.94,
    "speaker": "老师",
    "text": "嗯，"
  },
  {
    "start": 1351.48,
    "end": 1353.5,
    "speaker": "老师",
    "text": "要注意啊啊，"
  },
  {
    "start": 1353.5,
    "end": 1359.13,
    "speaker": "老师",
    "text": "现在请再看下一题第三题，"
  },
  {
    "start": 1359.13,
    "end": 1361.05,
    "speaker": "老师",
    "text": "四x立方减九XY的平方。"
  },
  {
    "start": 1361.05,
    "end": 1363.82,
    "speaker": "老师",
    "text": "我们刚刚讲的啊，"
  },
  {
    "start": 1363.88,
    "end": 1369.2,
    "speaker": "老师",
    "text": "只要它能转化为平方差的形式，"
  },
  {
    "start": 1369.2,
    "end": 1375.04,
    "speaker": "老师",
    "text": "你都可以利用平方差公式去运算。"
  },
  {
    "start": 1375.04,
    "end": 1375.48,
    "speaker": "老师",
    "text": "嗯，"
  },
  {
    "start": 1375.64,
    "end": 1380.97,
    "speaker": "老师",
    "text": "他是不是体温差的信性，"
  },
  {
    "start": 1381.21,
    "end": 1385.46,
    "speaker": "老师",
    "text": "四x立方能写成某个的是平方吗？"
  },
  {
    "start": 1385.46,
    "end": 1386.36,
    "speaker": "老师",
    "text": "是不可以的。"
  },
  {
    "start": 1386.36,
    "end": 1396.34,
    "speaker": "老师",
    "text": "所以这个都要是我们是不能直接利用平方差公式来进行因式分解的那怎么办？"
  },
  {
    "start": 1396.36,
    "end": 1398.8,
    "speaker": "老师",
    "text": "我们再来观察一下，"
  },
  {
    "start": 1398.9,
    "end": 1437.07,
    "speaker": "老师",
    "text": "在这个装饰当中还有一个公因数x这个x这个x那么我们先提取公具，"
  },
  {
    "start": 1439.01,
    "end": 1441.56,
    "speaker": "老师",
    "text": "把x提出来之后，"
  },
  {
    "start": 1441.56,
    "end": 1447.04,
    "speaker": "老师",
    "text": "那么变成了括x乘以括号四x平方减九y的平方括号。"
  },
  {
    "start": 1447.04,
    "end": 1449.12,
    "speaker": "老师",
    "text": "然后我们再观察一下，"
  },
  {
    "start": 1449.12,
    "end": 1452.28,
    "speaker": "老师",
    "text": "这里面它就属于平方差的形式。"
  },
  {
    "start": 1452.28,
    "end": 1455.63,
    "speaker": "老师",
    "text": "四x的平方可以写成二x括号的平方，"
  },
  {
    "start": 1456.4,
    "end": 1460.88,
    "speaker": "老师",
    "text": "九y的平方可以写成三y括号的平方。"
  },
  {
    "start": 1460.88,
    "end": 1464.96,
    "speaker": "老师",
    "text": "那么我们再利用平方差公式，"
  },
  {
    "start": 1464.96,
    "end": 1468.16,
    "speaker": "老师",
    "text": "将这一项进行因式分解，"
  },
  {
    "start": 1468.22,
    "end": 1469.5,
    "speaker": "老师",
    "text": "等于x乘以二，"
  },
  {
    "start": 1469.5,
    "end": 1472.25,
    "speaker": "老师",
    "text": "x加三y乘以二，"
  },
  {
    "start": 1472.25,
    "end": 1474.29,
    "speaker": "老师",
    "text": "x减三y."
  },
  {
    "start": 1474.41,
    "end": 1476.85,
    "speaker": "老师",
    "text": "所以对于这种题目，"
  },
  {
    "start": 1476.85,
    "end": 1481.63,
    "speaker": "老师",
    "text": "我们应该第一步要先提取公因数啊，"
  },
  {
    "start": 1481.63,
    "end": 1482.71,
    "speaker": "老师",
    "text": "先提取公式，"
  },
  {
    "start": 1482.71,
    "end": 1487.37,
    "speaker": "老师",
    "text": "然后再来利用平方差公式去运算。"
  },
  {
    "start": 1487.49,
    "end": 1489.33,
    "speaker": "老师",
    "text": "也就是说，"
  },
  {
    "start": 1489.35,
    "end": 1498.61,
    "speaker": "老师",
    "text": "因式分解我们的步骤一一般为一体，"
  },
  {
    "start": 1498.61,
    "end": 1499.37,
    "speaker": "老师",
    "text": "把套，"
  },
  {
    "start": 1499.37,
    "end": 1501.15,
    "speaker": "老师",
    "text": "第一步有公因式，"
  },
  {
    "start": 1501.27,
    "end": 1504.46,
    "speaker": "老师",
    "text": "先提取公因式。"
  },
  {
    "start": 1504.46,
    "end": 1511.52,
    "speaker": "老师",
    "text": "那第二再来套入我们今天所学习的平方差公式来进行因式分解。"
  },
  {
    "start": 1511.52,
    "end": 1513.79,
    "speaker": "老师",
    "text": "还要注意的是，"
  },
  {
    "start": 1513.79,
    "end": 1518.67,
    "speaker": "老师",
    "text": "多项式的因式分解一定要分解到不能再分解为止，"
  },
  {
    "start": 1518.67,
    "end": 1521.43,
    "speaker": "老师",
    "text": "一定要彻底。"
  },
  {
    "start": 1521.83,
    "end": 1528.18,
    "speaker": "老师",
    "text": "现在请同学们将下列各式进行因式分解。"
  },
  {
    "start": 1528.18,
    "end": 1528.64,
    "speaker": "老师",
    "text": "对，"
  },
  {
    "start": 1528.82,
    "end": 1529.42,
    "speaker": "老师",
    "text": "好，"
  },
  {
    "start": 1529.52,
    "end": 1530.0,
    "speaker": "老师",
    "text": "嗯，"
  },
  {
    "start": 1530.0,
    "end": 1531.62,
    "speaker": "老师",
    "text": "没有好看情啊。"
  },
  {
    "start": 1532.95,
    "end": 1534.21,
    "speaker": "老师",
    "text": "第一题，"
  },
  {
    "start": 1534.29,
    "end": 1538.35,
    "speaker": "老师",
    "text": "m减a括号平方减去n加b括号平方啊，"
  },
  {
    "start": 1538.35,
    "end": 1550.7,
    "speaker": "老师",
    "text": "我们要寻找出啊它公式当中的a和公式当中的b注意啊公式当中的a和b它可以表示数，"
  },
  {
    "start": 1550.7,
    "end": 1552.62,
    "speaker": "老师",
    "text": "可以表示单项式，"
  },
  {
    "start": 1552.62,
    "end": 1556.63,
    "speaker": "老师",
    "text": "也可以表示多项式。"
  },
  {
    "start": 1556.67,
    "end": 1560.61,
    "speaker": "老师",
    "text": "那么在这里面它就正好属于平方差的形式。"
  },
  {
    "start": 1560.61,
    "end": 1595.13,
    "speaker": "老师",
    "text": "然后公式当中的a应该是这里面的m减a公式当中的b应该是这里面的n加b所以它等于m减a加上括号n加b括号乘以括号m减a减去括号n减n加b那么整理一下等于m减a加n加b括号乘以括号m减a减n减b括号一第二题四十九，"
  },
  {
    "start": 1595.15,
    "end": 1601.51,
    "speaker": "老师",
    "text": "括号a减b的平方减去十六倍的括号a加b括号平方。"
  },
  {
    "start": 1601.51,
    "end": 1603.35,
    "speaker": "老师",
    "text": "这个平方差公式哈，"
  },
  {
    "start": 1603.35,
    "end": 1611.37,
    "speaker": "老师",
    "text": "应该是这里是某个整体的平方，"
  },
  {
    "start": 1611.51,
    "end": 1615.23,
    "speaker": "老师",
    "text": "减去某个整体的平方。"
  },
  {
    "start": 1615.23,
    "end": 1635.0,
    "speaker": "老师",
    "text": "所以这里面我们先把四十九倍的括号a减b括号的平方啊进行变形，"
  },
  {
    "start": 1635.0,
    "end": 1636.76,
    "speaker": "老师",
    "text": "变成七倍的。"
  },
  {
    "start": 1637.5,
    "end": 1647.4,
    "speaker": "老师",
    "text": "括号a减b括号中括号的平方减去四倍的，"
  },
  {
    "start": 1647.4,
    "end": 1650.3,
    "speaker": "老师",
    "text": "括号a加b括号中括号的平方，"
  },
  {
    "start": 1650.3,
    "end": 1658.95,
    "speaker": "老师",
    "text": "也就是公式当中的a应该是相当于这里面的七倍的。"
  },
  {
    "start": 1659.03,
    "end": 1665.33,
    "speaker": "老师",
    "text": "括号a减b公式当中的b应该看成这里面的四倍的。"
  },
  {
    "start": 1665.33,
    "end": 1670.91,
    "speaker": "老师",
    "text": "括号a甲b那么它会等于七倍的，"
  },
  {
    "start": 1670.91,
    "end": 1673.51,
    "speaker": "老师",
    "text": "括号a减b加上四倍的，"
  },
  {
    "start": 1673.51,
    "end": 1680.24,
    "speaker": "老师",
    "text": "括号a加b余七倍的a减b括号减去四倍的，"
  },
  {
    "start": 1680.24,
    "end": 1683.82,
    "speaker": "老师",
    "text": "括号a加b它们的乘积的形式，"
  },
  {
    "start": 1684.38,
    "end": 1689.17,
    "speaker": "老师",
    "text": "我们再把它整理一下，"
  },
  {
    "start": 1689.21,
    "end": 1701.25,
    "speaker": "老师",
    "text": "也等于十一a减三b括号这括括号三减减十一b为什么？"
  },
  {
    "start": 1701.25,
    "end": 1703.95,
    "speaker": "老师",
    "text": "第三题，"
  },
  {
    "start": 1703.95,
    "end": 1710.47,
    "speaker": "老师",
    "text": "括号x平方加y的平方括号的平方减去x平方y的平方。"
  },
  {
    "start": 1710.47,
    "end": 1724.31,
    "speaker": "老师",
    "text": "这里面公式当中的a应该是这里面的x平方加y平方公式当中的b应该是这里面的XY."
  },
  {
    "start": 1724.71,
    "end": 1736.53,
    "speaker": "老师",
    "text": "因为这个是可以写成XY括号的平方，"
  },
  {
    "start": 1736.53,
    "end": 1759.63,
    "speaker": "老师",
    "text": "那后所以它会等于x平方加y平方加上XY括号乘以括号x平方加y平方减去x第四三AX四次方减去三AY的四次方行。"
  },
  {
    "start": 1759.63,
    "end": 1760.03,
    "speaker": "老师",
    "text": "嗯，"
  },
  {
    "start": 1760.03,
    "end": 1761.79,
    "speaker": "老师",
    "text": "如果这个多项式当中，"
  },
  {
    "start": 1761.97,
    "end": 1763.33,
    "speaker": "老师",
    "text": "它的公因式，"
  },
  {
    "start": 1763.33,
    "end": 1765.33,
    "speaker": "老师",
    "text": "我们要先提取公因式证明，"
  },
  {
    "start": 1765.33,
    "end": 1770.19,
    "speaker": "老师",
    "text": "应该先提取三a等于三a乘以x的四次，"
  },
  {
    "start": 1770.29,
    "end": 1771.85,
    "speaker": "老师",
    "text": "方减y的四次。"
  },
  {
    "start": 1771.89,
    "end": 1777.7,
    "speaker": "老师",
    "text": "然后这个式子我们把它转化为平方差的形式，"
  },
  {
    "start": 1777.72,
    "end": 1779.3,
    "speaker": "老师",
    "text": "利用幂的乘方的运算。"
  },
  {
    "start": 1779.34,
    "end": 1784.12,
    "speaker": "老师",
    "text": "X的四次方应该等于x的平方括号的平方，"
  },
  {
    "start": 1784.12,
    "end": 1793.39,
    "speaker": "老师",
    "text": "减去y的四次方应该等于y的平方括号的平方，"
  },
  {
    "start": 1793.39,
    "end": 1794.35,
    "speaker": "老师",
    "text": "你干嘛啊？"
  },
  {
    "start": 1794.85,
    "end": 1795.31,
    "speaker": "老师",
    "text": "好，"
  },
  {
    "start": 1795.37,
    "end": 1799.47,
    "speaker": "老师",
    "text": "这里面就可以利用平方差公式进行因式分解。"
  },
  {
    "start": 1799.47,
    "end": 1803.05,
    "speaker": "老师",
    "text": "此时x平方相当于公式里面的AY的平方，"
  },
  {
    "start": 1803.05,
    "end": 1815.53,
    "speaker": "老师",
    "text": "相当于公式当中的b就等于三a乘以a加b就是x平方加y的平方乘以a减BX平方减y的平方因式分解要彻底。"
  },
  {
    "start": 1815.53,
    "end": 1821.87,
    "speaker": "老师",
    "text": "因为这里面x平方减y平方还是可以利用平方差公式来进行因式分解。"
  },
  {
    "start": 1821.97,
    "end": 1834.11,
    "speaker": "老师",
    "text": "就等于三a乘以x平方加y平方公式当中的a应该是x公式当中的b应该是y等于x加y乘以x境外。"
  },
  {
    "start": 1835.85,
    "end": 1838.5,
    "speaker": "老师",
    "text": "那这行吗？"
  },
  {
    "start": 1838.62,
    "end": 1839.26,
    "speaker": "老师",
    "text": "嗯，"
  },
  {
    "start": 1839.52,
    "end": 1840.1,
    "speaker": "老师",
    "text": "好，"
  },
  {
    "start": 1840.22,
    "end": 1846.23,
    "speaker": "老师",
    "text": "现在同学们计算一下这两个事情。"
  },
  {
    "start": 1846.37,
    "end": 1854.37,
    "speaker": "老师",
    "text": "同学们可以发现这两个式子数字比较大，"
  },
  {
    "start": 1854.75,
    "end": 1862.3,
    "speaker": "老师",
    "text": "所以我们思考一下能不能利用因式分解来计算。"
  },
  {
    "start": 1862.38,
    "end": 1863.86,
    "speaker": "老师",
    "text": "然后第一题，"
  },
  {
    "start": 1863.9,
    "end": 1884.71,
    "speaker": "老师",
    "text": "五百六十五的平方减去四百三十五的平方，"
  },
  {
    "start": 1884.71,
    "end": 1886.91,
    "speaker": "老师",
    "text": "正好是种平方差的形式。"
  },
  {
    "start": 1886.91,
    "end": 1891.12,
    "speaker": "老师",
    "text": "所以我们可以利用平方差公式进行因式分解，"
  },
  {
    "start": 1891.12,
    "end": 1892.84,
    "speaker": "老师",
    "text": "等于五百六十五，"
  },
  {
    "start": 1892.84,
    "end": 1894.92,
    "speaker": "老师",
    "text": "加上四百三十五，"
  },
  {
    "start": 1894.92,
    "end": 1901.0,
    "speaker": "老师",
    "text": "括号乘以括号五百六十五减去四百三十五。"
  },
  {
    "start": 1901.0,
    "end": 1903.5,
    "speaker": "老师",
    "text": "然后这样计算就比较简单了，"
  },
  {
    "start": 1903.5,
    "end": 1906.52,
    "speaker": "老师",
    "text": "它们两个相加等于一千，"
  },
  {
    "start": 1906.52,
    "end": 1908.8,
    "speaker": "老师",
    "text": "它们两个相减等于一百三，"
  },
  {
    "start": 1908.8,
    "end": 1912.18,
    "speaker": "老师",
    "text": "所以就打一乘等于一十三万电压，"
  },
  {
    "start": 1912.18,
    "end": 1917.1,
    "speaker": "老师",
    "text": "这也是一种平方差的形式。"
  },
  {
    "start": 1917.1,
    "end": 1921.54,
    "speaker": "老师",
    "text": "那么它会等于啊此时六十五又二分之一，"
  },
  {
    "start": 1921.54,
    "end": 1926.41,
    "speaker": "老师",
    "text": "相当于公式当中的a三十四又二分之一，"
  },
  {
    "start": 1926.41,
    "end": 1930.88,
    "speaker": "老师",
    "text": "相当于公式当中b那它等于六十五又二分之一，"
  },
  {
    "start": 1930.88,
    "end": 1933.65,
    "speaker": "老师",
    "text": "加上三十四又二分之一，"
  },
  {
    "start": 1933.65,
    "end": 1936.55,
    "speaker": "老师",
    "text": "括号乘以括号六十五又二分之一，"
  },
  {
    "start": 1936.55,
    "end": 1938.71,
    "speaker": "老师",
    "text": "减去三十四又二分之一。"
  },
  {
    "start": 1938.71,
    "end": 1942.1,
    "speaker": "老师",
    "text": "那我们计算比就简单了，"
  },
  {
    "start": 1942.1,
    "end": 1944.28,
    "speaker": "老师",
    "text": "它们俩相加等于一百，"
  },
  {
    "start": 1944.28,
    "end": 1946.32,
    "speaker": "老师",
    "text": "它们俩相减等于三十一，"
  },
  {
    "start": 1946.46,
    "end": 1949.0,
    "speaker": "老师",
    "text": "所以乘等于三千一百。"
  },
  {
    "start": 1949.1,
    "end": 1953.65,
    "speaker": "老师",
    "text": "所以利用平方差公式的话，"
  },
  {
    "start": 1953.87,
    "end": 1957.39,
    "speaker": "老师",
    "text": "我们可以将这种题目啊可以简化运算。"
  },
  {
    "start": 1957.39,
    "end": 1962.01,
    "speaker": "老师",
    "text": "简便运算也是同学们看的这个题。"
  },
  {
    "start": 1962.23,
    "end": 1963.25,
    "speaker": "老师",
    "text": "如图，"
  },
  {
    "start": 1963.31,
    "end": 1966.55,
    "speaker": "老师",
    "text": "在一块边长为a的正方形，"
  },
  {
    "start": 1966.71,
    "end": 1970.81,
    "speaker": "老师",
    "text": "纸片的四角各减去一个边长为背的小正方形，"
  },
  {
    "start": 1970.91,
    "end": 1985.13,
    "speaker": "老师",
    "text": "然后用含a与b的式子表示剩余部分的面积还有并求当a等于三点六b等于零点八时的面积。"
  },
  {
    "start": 1985.13,
    "end": 1986.25,
    "speaker": "老师",
    "text": "思考一下，"
  },
  {
    "start": 1986.25,
    "end": 1990.64,
    "speaker": "老师",
    "text": "好用含a与b的式子表示剩余部分的运气。"
  },
  {
    "start": 1990.64,
    "end": 1994.83,
    "speaker": "老师",
    "text": "这个剩余部分应该是指图中阴影部分的运积。"
  },
  {
    "start": 1994.83,
    "end": 1999.09,
    "speaker": "老师",
    "text": "这个阴影部分的面积怎么求呢？"
  },
  {
    "start": 1999.47,
    "end": 2005.11,
    "speaker": "老师",
    "text": "我们可以用整个的面积减去我们剪掉的四个角面积。"
  },
  {
    "start": 2005.11,
    "end": 2010.74,
    "speaker": "老师",
    "text": "整个的面积它是一个边长为a的正方形，"
  },
  {
    "start": 2010.74,
    "end": 2012.56,
    "speaker": "老师",
    "text": "所以面积是a的平方，"
  },
  {
    "start": 2012.56,
    "end": 2015.19,
    "speaker": "老师",
    "text": "各个角都是正方形，"
  },
  {
    "start": 2015.19,
    "end": 2018.37,
    "speaker": "老师",
    "text": "所以每个角的面积都是b的平方。"
  },
  {
    "start": 2018.37,
    "end": 2028.4,
    "speaker": "老师",
    "text": "那么剩余部分的面积就等于a的平方减去四b的平方。"
  },
  {
    "start": 2028.4,
    "end": 2032.98,
    "speaker": "老师",
    "text": "那么我就还用还有a与b的式子表示出了剩余部分面积，"
  },
  {
    "start": 2033.76,
    "end": 2037.78,
    "speaker": "老师",
    "text": "然后要求a等于三点六b等于零点八时的面积，"
  },
  {
    "start": 2037.78,
    "end": 2039.18,
    "speaker": "老师",
    "text": "我们把它往里面带啊，"
  },
  {
    "start": 2039.18,
    "end": 2040.78,
    "speaker": "老师",
    "text": "就可以计算了。"
  },
  {
    "start": 2040.78,
    "end": 2043.68,
    "speaker": "老师",
    "text": "但是你往里面带的时候，"
  },
  {
    "start": 2043.68,
    "end": 2054.45,
    "speaker": "老师",
    "text": "三点六的平方啊减去四乘零点八的平方应该是比较难计算的。"
  },
  {
    "start": 2054.45,
    "end": 2057.77,
    "speaker": "老师",
    "text": "是我们观察一下这个图案，"
  },
  {
    "start": 2057.77,
    "end": 2065.87,
    "speaker": "老师",
    "text": "是我们可以利用今天所学习的平方差公式来进行因式分解。"
  },
  {
    "start": 2066.03,
    "end": 2072.5,
    "speaker": "老师",
    "text": "它等于a加二b乘以a减二b然后我再把这个数字a等于三点六，"
  },
  {
    "start": 2072.5,
    "end": 2077.11,
    "speaker": "老师",
    "text": "b等于零点八十往里面干，"
  },
  {
    "start": 2077.11,
    "end": 2079.53,
    "speaker": "老师",
    "text": "那么就等于三点六，"
  },
  {
    "start": 2079.53,
    "end": 2080.59,
    "speaker": "老师",
    "text": "加上二乘零点八，"
  },
  {
    "start": 2080.59,
    "end": 2083.39,
    "speaker": "老师",
    "text": "括号乘以三点六减去二乘零点八，"
  },
  {
    "start": 2083.49,
    "end": 2086.44,
    "speaker": "老师",
    "text": "那么计算起来比较简单，"
  },
  {
    "start": 2086.44,
    "end": 2088.98,
    "speaker": "老师",
    "text": "这个等于五减二，"
  },
  {
    "start": 2088.98,
    "end": 2093.7,
    "speaker": "老师",
    "text": "这等于二一乘等于十点四下一题。"
  },
  {
    "start": 2095.25,
    "end": 2098.27,
    "speaker": "老师",
    "text": "额头大小两圆的圆心相同，"
  },
  {
    "start": 2098.29,
    "end": 2105.57,
    "speaker": "老师",
    "text": "已知它们的半径分别为大r和小r求它们围成的环形的面积。"
  },
  {
    "start": 2105.57,
    "end": 2108.05,
    "speaker": "老师",
    "text": "这个环形也就是这个e部分的面积，"
  },
  {
    "start": 2108.17,
    "end": 2111.5,
    "speaker": "老师",
    "text": "我们是不能直接求的。"
  },
  {
    "start": 2111.52,
    "end": 2118.67,
    "speaker": "老师",
    "text": "我们利用大圆的面积减去小圆的面积，"
  },
  {
    "start": 2118.67,
    "end": 2119.03,
    "speaker": "老师",
    "text": "大圆的面积派乘以大r平方，"
  },
  {
    "start": 2118.77,
    "end": 2119.03,
    "speaker": "老师",
    "text": "小圆的面积派乘以小r的平方，"
  },
  {
    "start": 2118.77,
    "end": 2119.03,
    "speaker": "老师",
    "text": "所以环形的面积等于派大r平方，"
  },
  {
    "start": 2118.77,
    "end": 2119.03,
    "speaker": "老师",
    "text": "减派小r平方。"
  },
  {
    "start": 2118.77,
    "end": 2119.03,
    "speaker": "老师",
    "text": "同样如果我们把数字往里面带比较麻烦，"
  },
  {
    "start": 2118.77,
    "end": 2119.03,
    "speaker": "老师",
    "text": "比较难计算，"
  },
  {
    "start": 2118.77,
    "end": 2119.03,
    "speaker": "老师",
    "text": "所以我先进行因式分解，"
  },
  {
    "start": 2118.77,
    "end": 2119.03,
    "speaker": "老师",
    "text": "提公因式法，"
  },
  {
    "start": 2118.77,
    "end": 2119.03,
    "speaker": "老师",
    "text": "再用平方差公式得到这个事情。"
  },
  {
    "start": 2118.77,
    "end": 2119.03,
    "speaker": "老师",
    "text": "然后当大r等于八点四五，"
  },
  {
    "start": 2118.77,
    "end": 2119.03,
    "speaker": "老师",
    "text": "小r等于三点四五时，"
  },
  {
    "start": 2118.77,
    "end": 2119.03,
    "speaker": "老师",
    "text": "并且派取了三点一四，"
  },
  {
    "start": 2118.77,
    "end": 2119.03,
    "speaker": "老师",
    "text": "往里面一代等于三点四五，"
  },
  {
    "start": 2118.77,
    "end": 2119.03,
    "speaker": "老师",
    "text": "乘以八点四五，"
  },
  {
    "start": 2118.77,
    "end": 2119.03,
    "speaker": "老师",
    "text": "加三点四五三一四呢乘以八点四五，"
  },
  {
    "start": 2118.77,
    "end": 2119.03,
    "speaker": "老师",
    "text": "加三点四五，"
  },
  {
    "start": 2118.77,
    "end": 2119.03,
    "speaker": "老师",
    "text": "乘以八点四五减三点四五。"
  },
  {
    "start": 2118.77,
    "end": 2119.03,
    "speaker": "老师",
    "text": "那现在传应该简单了，"
  },
  {
    "start": 2118.77,
    "end": 2119.03,
    "speaker": "老师",
    "text": "等于一百八十六点八三。"
  },
  {
    "start": 2118.77,
    "end": 2119.03,
    "speaker": "老师",
    "text": "那么今天我们学习什么知识，"
  },
  {
    "start": 2118.77,
    "end": 2119.03,
    "speaker": "老师",
    "text": "掌握了哪些方法？"
  },
  {
    "start": 2118.77,
    "end": 2119.03,
    "speaker": "老师",
    "text": "今天我们开始学习了，"
  },
  {
    "start": 2118.77,
    "end": 2119.03,
    "speaker": "老师",
    "text": "利用平方差公式将一个多项式进行因式分解。"
  },
  {
    "start": 2118.77,
    "end": 2119.03,
    "speaker": "老师",
    "text": "但并不是所有的多项式都能够利用平方差公式进行因式分解的。"
  },
  {
    "start": 2118.77,
    "end": 2119.03,
    "speaker": "老师",
    "text": "就当这个多项式满足两项这两项异号，"
  },
  {
    "start": 2118.77,
    "end": 2119.03,
    "speaker": "老师",
    "text": "并且能写成整式的平方，"
  },
  {
    "start": 2118.77,
    "end": 2119.03,
    "speaker": "老师",
    "text": "减整式的平方这种平方差的形式之后，"
  },
  {
    "start": 2118.77,
    "end": 2119.03,
    "speaker": "老师",
    "text": "才能运用平方差公式进行因式分解。"
  },
  {
    "start": 2118.77,
    "end": 2119.03,
    "speaker": "老师",
    "text": "在因式分解的过程中，"
  },
  {
    "start": 2118.77,
    "end": 2119.03,
    "speaker": "老师",
    "text": "如果有公因式，"
  },
  {
    "start": 2118.77,
    "end": 2119.03,
    "speaker": "老师",
    "text": "我们先提取公因式啊、一级啊，"
  },
  {
    "start": 2118.77,
    "end": 2119.03,
    "speaker": "老师",
    "text": "他然后整是乘法，"
  },
  {
    "start": 2118.77,
    "end": 2119.03,
    "speaker": "老师",
    "text": "这个逆向分积能得到这个因式分解的方法。"
  },
  {
    "start": 2118.77,
    "end": 2119.03,
    "speaker": "老师",
    "text": "并且平方差公式当中为a与b可以是单项式，"
  },
  {
    "start": 2118.77,
    "end": 2119.03,
    "speaker": "老师",
    "text": "也可以是多项式，"
  },
  {
    "start": 2118.77,
    "end": 2119.03,
    "speaker": "老师",
    "text": "它们可以为整式。"
  },
  {
    "start": 2118.77,
    "end": 2119.03,
    "speaker": "老师",
    "text": "还要注意的是，"
  },
  {
    "start": 2118.77,
    "end": 2119.03,
    "speaker": "老师",
    "text": "因式分解一定要彻底，"
  },
  {
    "start": 2118.77,
    "end": 2119.03,
    "speaker": "老师",
    "text": "请完成今天的作业，"
  },
  {
    "start": 2118.77,
    "end": 2119.03,
    "speaker": "老师",
    "text": "同行，"
  },
  {
    "start": 2118.77,
    "end": 2119.03,
    "speaker": "老师",
    "text": "再见。"
  }
]