[
  {
    "start": 9.45,
    "end": 10.99,
    "speaker": "老师",
    "text": "同学们好，"
  },
  {
    "start": 11.01,
    "end": 15.23,
    "speaker": "老师",
    "text": "相信同学们都看过燃放李花，"
  },
  {
    "start": 15.23,
    "end": 28.15,
    "speaker": "老师",
    "text": "甚至有的同学们都看过在原芳里花时。"
  },
  {
    "start": 28.15,
    "end": 30.89,
    "speaker": "老师",
    "text": "为了确保安全，"
  },
  {
    "start": 31.05,
    "end": 34.05,
    "speaker": "老师",
    "text": "人在点燃导火线后，"
  },
  {
    "start": 34.17,
    "end": 39.73,
    "speaker": "老师",
    "text": "要在燃放前转移到十米以外的安全区。"
  },
  {
    "start": 39.81,
    "end": 45.07,
    "speaker": "老师",
    "text": "已知导火线的燃烧速度是两厘米，"
  },
  {
    "start": 45.25,
    "end": 45.91,
    "speaker": "老师",
    "text": "人，"
  },
  {
    "start": 45.99,
    "end": 49.47,
    "speaker": "老师",
    "text": "离开的速度是四米每秒。"
  },
  {
    "start": 49.47,
    "end": 55.28,
    "speaker": "老师",
    "text": "那么导火线的长度应满足什么条件呢？"
  },
  {
    "start": 55.28,
    "end": 59.82,
    "speaker": "老师",
    "text": "根据我们上两节课所学的知识，"
  },
  {
    "start": 59.96,
    "end": 75.81,
    "speaker": "老师",
    "text": "同学们能够把这个导火线满足的条件化为x大于a或x小于a的形式吗？"
  },
  {
    "start": 77.56,
    "end": 80.72,
    "speaker": "老师",
    "text": "请大家拿出草稿纸来试试。"
  },
  {
    "start": 80.74,
    "end": 81.18,
    "speaker": "老师",
    "text": "好，"
  },
  {
    "start": 81.3,
    "end": 83.66,
    "speaker": "老师",
    "text": "同学们，"
  },
  {
    "start": 84.2,
    "end": 88.5,
    "speaker": "老师",
    "text": "如果是你去放你觉得多长的导火线，"
  },
  {
    "start": 89.76,
    "end": 92.34,
    "speaker": "老师",
    "text": "能够确保你的安全？"
  },
  {
    "start": 92.44,
    "end": 96.15,
    "speaker": "老师",
    "text": "我们要怎么去理解？"
  },
  {
    "start": 96.17,
    "end": 103.98,
    "speaker": "老师",
    "text": "人要在燃放前转移到十米以外的安全区。"
  },
  {
    "start": 104.0,
    "end": 105.36,
    "speaker": "老师",
    "text": "也就是说，"
  },
  {
    "start": 105.36,
    "end": 110.93,
    "speaker": "老师",
    "text": "当我们人跑到十米的地方，"
  },
  {
    "start": 110.93,
    "end": 115.05,
    "speaker": "老师",
    "text": "我们的导火线还没有烧完。"
  },
  {
    "start": 116.33,
    "end": 116.99,
    "speaker": "老师",
    "text": "换句话说，"
  },
  {
    "start": 116.99,
    "end": 121.28,
    "speaker": "老师",
    "text": "导火线燃烧的时间大于人，"
  },
  {
    "start": 121.34,
    "end": 124.24,
    "speaker": "老师",
    "text": "跑出十米的时间。"
  },
  {
    "start": 124.4,
    "end": 130.18,
    "speaker": "老师",
    "text": "我们大家都知道时间是等于路程除以速度。"
  },
  {
    "start": 130.18,
    "end": 139.38,
    "speaker": "老师",
    "text": "在这里我们知道导火线的燃烧速度是两厘米每秒，"
  },
  {
    "start": 139.38,
    "end": 148.74,
    "speaker": "老师",
    "text": "所以我们就设导火线的长度为x厘米。"
  },
  {
    "start": 149.55,
    "end": 153.51,
    "speaker": "老师",
    "text": "那么导火线燃烧的时间就是二分之x."
  },
  {
    "start": 153.51,
    "end": 159.05,
    "speaker": "老师",
    "text": "我们刚才说了当导火线燃烧完的时候，"
  },
  {
    "start": 159.05,
    "end": 163.0,
    "speaker": "老师",
    "text": "人已经跑到了十米以外。"
  },
  {
    "start": 163.0,
    "end": 164.96,
    "speaker": "老师",
    "text": "也就是说，"
  },
  {
    "start": 164.96,
    "end": 174.79,
    "speaker": "老师",
    "text": "导火线燃烧的时间大于人跑十米的时间，"
  },
  {
    "start": 174.79,
    "end": 177.41,
    "speaker": "老师",
    "text": "因此就有不等式。"
  },
  {
    "start": 177.51,
    "end": 182.29,
    "speaker": "老师",
    "text": "二分之x大于四分之十，"
  },
  {
    "start": 182.59,
    "end": 188.07,
    "speaker": "老师",
    "text": "即a二分之x大于二分之五。"
  },
  {
    "start": 188.07,
    "end": 194.39,
    "speaker": "老师",
    "text": "根据不等式的基本性质，"
  },
  {
    "start": 194.39,
    "end": 198.33,
    "speaker": "老师",
    "text": "二两边同时乘以二得到x大于五，"
  },
  {
    "start": 198.39,
    "end": 202.73,
    "speaker": "老师",
    "text": "所以我们导火线应满足的条件是大于五厘米。"
  },
  {
    "start": 202.73,
    "end": 204.85,
    "speaker": "老师",
    "text": "那么好，"
  },
  {
    "start": 204.85,
    "end": 208.05,
    "speaker": "老师",
    "text": "同学们想一想大于五厘米，"
  },
  {
    "start": 208.17,
    "end": 230.72,
    "speaker": "老师",
    "text": "那么几厘米可以呢？"
  },
  {
    "start": 230.72,
    "end": 233.68,
    "speaker": "老师",
    "text": "又是哪一些几厘米不可，"
  },
  {
    "start": 233.86,
    "end": 237.96,
    "speaker": "老师",
    "text": "哪些长度又不可以呢？"
  },
  {
    "start": 237.96,
    "end": 239.46,
    "speaker": "老师",
    "text": "带着这些问题，"
  },
  {
    "start": 239.46,
    "end": 244.03,
    "speaker": "老师",
    "text": "我们进入今天的新课的学习。"
  },
  {
    "start": 244.03,
    "end": 256.24,
    "speaker": "老师",
    "text": "前面我们说了不等式和等式，"
  },
  {
    "start": 256.76,
    "end": 260.16,
    "speaker": "老师",
    "text": "它有很多生死之在等式当中，"
  },
  {
    "start": 260.26,
    "end": 267.25,
    "speaker": "老师",
    "text": "我们把含有未知数的等式叫做方程。"
  },
  {
    "start": 267.31,
    "end": 270.21,
    "speaker": "老师",
    "text": "那么同学们回忆一下，"
  },
  {
    "start": 270.21,
    "end": 285.43,
    "speaker": "老师",
    "text": "什么是方程的解方程的解是使方程左右两边的值相等的未知数的值叫做方程的解。"
  },
  {
    "start": 285.49,
    "end": 287.21,
    "speaker": "老师",
    "text": "也就是说，"
  },
  {
    "start": 287.21,
    "end": 307.63,
    "speaker": "老师",
    "text": "方程的解就是使方程成立了未知数的值。"
  },
  {
    "start": 307.65,
    "end": 311.39,
    "speaker": "老师",
    "text": "那么我们来想一想，"
  },
  {
    "start": 311.39,
    "end": 315.79,
    "speaker": "老师",
    "text": "类似的什么又是不等式的结论。"
  },
  {
    "start": 315.83,
    "end": 323.87,
    "speaker": "老师",
    "text": "那么不等式的解应该是使得不等式成立的未知数的值，"
  },
  {
    "start": 323.87,
    "end": 325.75,
    "speaker": "老师",
    "text": "叫做不等式的解。"
  },
  {
    "start": 326.07,
    "end": 326.83,
    "speaker": "老师",
    "text": "嗯，"
  },
  {
    "start": 326.83,
    "end": 331.88,
    "speaker": "老师",
    "text": "所以同学们刚刚如果是让你去燃放米花，"
  },
  {
    "start": 331.88,
    "end": 342.11,
    "speaker": "老师",
    "text": "我们去检查一下导火线的长度是否能够使我安全。"
  },
  {
    "start": 342.15,
    "end": 349.62,
    "speaker": "老师",
    "text": "那就要看我们的导火线的长度是不是满足x大于五，"
  },
  {
    "start": 349.62,
    "end": 356.32,
    "speaker": "老师",
    "text": "也就是要求导火线的长度是不是不等式x大于五的解。"
  },
  {
    "start": 356.64,
    "end": 359.17,
    "speaker": "老师",
    "text": "我们来想一想，"
  },
  {
    "start": 360.24,
    "end": 365.45,
    "speaker": "老师",
    "text": "一x等于一五六八是不等式，"
  },
  {
    "start": 365.73,
    "end": 368.31,
    "speaker": "老师",
    "text": "x大于五的解吗？"
  },
  {
    "start": 368.33,
    "end": 371.73,
    "speaker": "老师",
    "text": "我们来看一下，"
  },
  {
    "start": 371.73,
    "end": 373.27,
    "speaker": "老师",
    "text": "一不大于五，"
  },
  {
    "start": 373.27,
    "end": 374.97,
    "speaker": "老师",
    "text": "所以一不是不等式，"
  },
  {
    "start": 374.97,
    "end": 379.05,
    "speaker": "老师",
    "text": "a大于五的七，"
  },
  {
    "start": 379.71,
    "end": 382.81,
    "speaker": "老师",
    "text": "那五不大于五，"
  },
  {
    "start": 382.81,
    "end": 386.19,
    "speaker": "老师",
    "text": "所以五也不是x大于五的解，"
  },
  {
    "start": 386.19,
    "end": 393.94,
    "speaker": "老师",
    "text": "六大于所以六是每个是大于的八大于五，"
  },
  {
    "start": 394.02,
    "end": 398.61,
    "speaker": "老师",
    "text": "所以八也是x大于五的解。"
  },
  {
    "start": 398.61,
    "end": 399.27,
    "speaker": "老师",
    "text": "第二，"
  },
  {
    "start": 399.27,
    "end": 404.23,
    "speaker": "老师",
    "text": "你还能说出不等式x大于五的几个解吗？"
  },
  {
    "start": 404.47,
    "end": 414.89,
    "speaker": "老师",
    "text": "比如说六六点八七点二、一百等等都是它的解。"
  },
  {
    "start": 414.93,
    "end": 419.59,
    "speaker": "老师",
    "text": "那你认为不等式的x大于五的解有几个？"
  },
  {
    "start": 419.83,
    "end": 421.99,
    "speaker": "老师",
    "text": "它们有什么特征吗？"
  },
  {
    "start": 421.99,
    "end": 427.89,
    "speaker": "老师",
    "text": "我们发现满足x大于五的x是不是有无数多个。"
  },
  {
    "start": 427.95,
    "end": 428.59,
    "speaker": "老师",
    "text": "因此，"
  },
  {
    "start": 428.59,
    "end": 438.69,
    "speaker": "老师",
    "text": "不等式x大于五的解有无数个他们的特征就是弓比母大。"
  },
  {
    "start": 438.69,
    "end": 440.06,
    "speaker": "老师",
    "text": "第三，"
  },
  {
    "start": 441.28,
    "end": 446.09,
    "speaker": "老师",
    "text": "不等式x平方小于等于零的解有哪些？"
  },
  {
    "start": 446.09,
    "end": 447.13,
    "speaker": "老师",
    "text": "同学们，"
  },
  {
    "start": 447.29,
    "end": 449.07,
    "speaker": "老师",
    "text": "我们看x的平方，"
  },
  {
    "start": 449.07,
    "end": 454.44,
    "speaker": "老师",
    "text": "大家都知道一个数的平方是非负数，"
  },
  {
    "start": 454.44,
    "end": 457.1,
    "speaker": "老师",
    "text": "是非负数就是大于等于。"
  },
  {
    "start": 457.1,
    "end": 462.92,
    "speaker": "老师",
    "text": "而这里要求x平方小于等于零，"
  },
  {
    "start": 462.94,
    "end": 472.68,
    "speaker": "老师",
    "text": "那么就说明x的平方只能等于也就是x等于第二个不等式，"
  },
  {
    "start": 472.68,
    "end": 476.63,
    "speaker": "老师",
    "text": "x平方小于等于负二吗？"
  },
  {
    "start": 476.63,
    "end": 482.41,
    "speaker": "老师",
    "text": "我们知道x的平方一定是非负数，"
  },
  {
    "start": 482.69,
    "end": 488.02,
    "speaker": "老师",
    "text": "那么x的平方不可能小于，"
  },
  {
    "start": 488.02,
    "end": 489.74,
    "speaker": "老师",
    "text": "也不可能等于负二，"
  },
  {
    "start": 489.84,
    "end": 496.27,
    "speaker": "老师",
    "text": "因此这样的x我们找不到，"
  },
  {
    "start": 496.33,
    "end": 503.08,
    "speaker": "老师",
    "text": "所以不等式x平方小于等于零的解是x等于零。"
  },
  {
    "start": 503.86,
    "end": 510.43,
    "speaker": "老师",
    "text": "不等式x平方小于等于负二无解。"
  },
  {
    "start": 510.43,
    "end": 513.4,
    "speaker": "老师",
    "text": "通过上面三个问题，"
  },
  {
    "start": 513.4,
    "end": 517.94,
    "speaker": "老师",
    "text": "我们发现不等式的解一般有无数个，"
  },
  {
    "start": 517.94,
    "end": 520.64,
    "speaker": "老师",
    "text": "但有时只有有限。"
  },
  {
    "start": 520.68,
    "end": 523.7,
    "speaker": "老师",
    "text": "刻有时也不会一个都没有，"
  },
  {
    "start": 523.7,
    "end": 527.01,
    "speaker": "老师",
    "text": "也就是我们说的无钱。"
  },
  {
    "start": 527.01,
    "end": 535.92,
    "speaker": "老师",
    "text": "我们发现不等式的解通常项是有无数多个，"
  },
  {
    "start": 536.4,
    "end": 542.34,
    "speaker": "老师",
    "text": "我们把这无数多个气集合在一块，"
  },
  {
    "start": 542.34,
    "end": 552.39,
    "speaker": "老师",
    "text": "那么就组成了一个集体。"
  },
  {
    "start": 557.13,
    "end": 564.24,
    "speaker": "老师",
    "text": "就像我们你们所在的学校的八年级一班的同学呀，"
  },
  {
    "start": 564.3,
    "end": 569.98,
    "speaker": "老师",
    "text": "八年级一班的同学是有几十个人。"
  },
  {
    "start": 569.98,
    "end": 574.08,
    "speaker": "老师",
    "text": "我们把这几十个人集合在一块，"
  },
  {
    "start": 574.14,
    "end": 581.07,
    "speaker": "老师",
    "text": "就变成了一个班集体。"
  },
  {
    "start": 581.95,
    "end": 585.63,
    "speaker": "老师",
    "text": "不等式的解也是一样的。"
  },
  {
    "start": 585.63,
    "end": 590.13,
    "speaker": "老师",
    "text": "我们把不等式的所有解组成，"
  },
  {
    "start": 590.13,
    "end": 593.77,
    "speaker": "老师",
    "text": "让不等式的解集，"
  },
  {
    "start": 593.87,
    "end": 598.96,
    "speaker": "老师",
    "text": "这就是我们今天讲的第二个一不的。"
  },
  {
    "start": 598.96,
    "end": 599.84,
    "speaker": "老师",
    "text": "是的，"
  },
  {
    "start": 599.92,
    "end": 609.27,
    "speaker": "老师",
    "text": "剪辑一个含有未知数的不等式的所有解，"
  },
  {
    "start": 610.17,
    "end": 613.89,
    "speaker": "老师",
    "text": "组成这个不等式的解集。"
  },
  {
    "start": 613.89,
    "end": 623.43,
    "speaker": "老师",
    "text": "那我们来比较一下不等式的解与不等式的解集，"
  },
  {
    "start": 623.43,
    "end": 630.6,
    "speaker": "老师",
    "text": "它们俩有什么区别和联系呢？"
  },
  {
    "start": 630.68,
    "end": 632.14,
    "speaker": "老师",
    "text": "我们来看，"
  },
  {
    "start": 632.34,
    "end": 638.6,
    "speaker": "老师",
    "text": "首先从意义上来看，"
  },
  {
    "start": 638.6,
    "end": 648.68,
    "speaker": "老师",
    "text": "不等式的解是满足一个不等式的未知数的某个值，"
  },
  {
    "start": 648.72,
    "end": 650.06,
    "speaker": "老师",
    "text": "他是某个值。"
  },
  {
    "start": 650.62,
    "end": 657.09,
    "speaker": "老师",
    "text": "而不等式的解集是满足一个不等式的未知数的所有值。"
  },
  {
    "start": 657.09,
    "end": 660.71,
    "speaker": "老师",
    "text": "它们的特征特点，"
  },
  {
    "start": 660.71,
    "end": 666.29,
    "speaker": "老师",
    "text": "不等式的解是一个个体，"
  },
  {
    "start": 666.39,
    "end": 669.43,
    "speaker": "老师",
    "text": "而不等式的解集是全体，"
  },
  {
    "start": 669.43,
    "end": 672.17,
    "speaker": "老师",
    "text": "他们的形式也不同。"
  },
  {
    "start": 672.17,
    "end": 675.78,
    "speaker": "老师",
    "text": "比如说x等于三是二，"
  },
  {
    "start": 675.78,
    "end": 681.9,
    "speaker": "老师",
    "text": "x小于七的一个解啊，"
  },
  {
    "start": 681.9,
    "end": 683.16,
    "speaker": "老师",
    "text": "x小于五是二，"
  },
  {
    "start": 683.16,
    "end": 687.07,
    "speaker": "老师",
    "text": "x减三小于七的减集。"
  },
  {
    "start": 687.07,
    "end": 690.46,
    "speaker": "老师",
    "text": "这是他们的区别，"
  },
  {
    "start": 690.46,
    "end": 712.81,
    "speaker": "老师",
    "text": "它们还是存在着联写不等式的解当中的某一个解一定是解集中的一元不等式的解的某一个解一定是解其中的一元不等式的解集一定包含了某个解，"
  },
  {
    "start": 712.85,
    "end": 717.83,
    "speaker": "老师",
    "text": "就像你是八年级一班的学生，"
  },
  {
    "start": 718.09,
    "end": 739.31,
    "speaker": "老师",
    "text": "那你的班级就包括了包含了你你是八年级一班这个班级体当中的一员。"
  },
  {
    "start": 739.31,
    "end": 739.79,
    "speaker": "老师",
    "text": "好，"
  },
  {
    "start": 739.93,
    "end": 743.26,
    "speaker": "老师",
    "text": "这是他们的区别与联系。"
  },
  {
    "start": 745.8,
    "end": 751.18,
    "speaker": "老师",
    "text": "所以以此之称会产生很大的区别。"
  },
  {
    "start": 751.18,
    "end": 752.38,
    "speaker": "老师",
    "text": "那么好，"
  },
  {
    "start": 752.42,
    "end": 754.5,
    "speaker": "老师",
    "text": "我们在前面讲过，"
  },
  {
    "start": 756.26,
    "end": 763.02,
    "speaker": "老师",
    "text": "将一个不等式化成x大于a和或者x小于a的形式，"
  },
  {
    "start": 763.08,
    "end": 768.39,
    "speaker": "老师",
    "text": "同学们会觉得那个要求有点长，"
  },
  {
    "start": 768.39,
    "end": 770.11,
    "speaker": "老师",
    "text": "不简练。"
  },
  {
    "start": 770.11,
    "end": 774.26,
    "speaker": "老师",
    "text": "现在我们可以用激烈的语言来表示它，"
  },
  {
    "start": 774.72,
    "end": 781.41,
    "speaker": "老师",
    "text": "我们把它化成x减AX大于a或者x小于a的形式。"
  },
  {
    "start": 781.41,
    "end": 787.18,
    "speaker": "老师",
    "text": "其实就是我们今天要讲的解不等式。"
  },
  {
    "start": 787.64,
    "end": 789.9,
    "speaker": "老师",
    "text": "什么叫解不等式呢？"
  },
  {
    "start": 789.92,
    "end": 794.85,
    "speaker": "老师",
    "text": "求不等式解集的过程叫做解不等式。"
  },
  {
    "start": 794.85,
    "end": 804.1,
    "speaker": "老师",
    "text": "下面我们来看到一个巩固练习。"
  },
  {
    "start": 804.1,
    "end": 813.84,
    "speaker": "老师",
    "text": "一、不等式x加一大于五的解集是根据不等式的基本性质，"
  },
  {
    "start": 814.99,
    "end": 818.69,
    "speaker": "老师",
    "text": "一两边同时减去一就得到x大于四，"
  },
  {
    "start": 818.77,
    "end": 822.98,
    "speaker": "老师",
    "text": "所以它的解集是x大于四。"
  },
  {
    "start": 822.98,
    "end": 829.2,
    "speaker": "老师",
    "text": "第二个不等式x平方大于零的体积。"
  },
  {
    "start": 829.2,
    "end": 835.67,
    "speaker": "老师",
    "text": "我们大家都知道正数的平方反负数的平方也大于，"
  },
  {
    "start": 836.46,
    "end": 842.52,
    "speaker": "老师",
    "text": "所以这里的解集可以写成x大于或x小于零。"
  },
  {
    "start": 842.52,
    "end": 848.76,
    "speaker": "老师",
    "text": "但是我们发现x也可以取大于零也可以取，"
  },
  {
    "start": 848.76,
    "end": 851.7,
    "speaker": "老师",
    "text": "小于零就唯独零不能取。"
  },
  {
    "start": 851.76,
    "end": 852.5,
    "speaker": "老师",
    "text": "因此，"
  },
  {
    "start": 852.52,
    "end": 867.95,
    "speaker": "老师",
    "text": "我们可以简单的表示为x不等于同学们发现不等式的解有无数通常情况。"
  },
  {
    "start": 868.47,
    "end": 872.09,
    "speaker": "老师",
    "text": "那么我们把不等式的解，"
  },
  {
    "start": 872.09,
    "end": 873.83,
    "speaker": "老师",
    "text": "所有的解集合在一块，"
  },
  {
    "start": 873.83,
    "end": 877.38,
    "speaker": "老师",
    "text": "就叫做不等式的解集。"
  },
  {
    "start": 877.74,
    "end": 884.33,
    "speaker": "老师",
    "text": "我们如何将不等式的解集形象的表示出来。"
  },
  {
    "start": 884.33,
    "end": 887.45,
    "speaker": "老师",
    "text": "那我们回顾一下，"
  },
  {
    "start": 887.55,
    "end": 891.56,
    "speaker": "老师",
    "text": "我们在初一掌握数轴，"
  },
  {
    "start": 891.62,
    "end": 898.73,
    "speaker": "老师",
    "text": "数轴上的点与实数是一一对应的。"
  },
  {
    "start": 898.79,
    "end": 908.92,
    "speaker": "老师",
    "text": "我们借助于数轴来把不等式的体积在数轴上表示出来，"
  },
  {
    "start": 909.1,
    "end": 913.9,
    "speaker": "老师",
    "text": "又是怎样的呢？"
  },
  {
    "start": 913.9,
    "end": 930.07,
    "speaker": "老师",
    "text": "我能看到你能用自己的方式将x大于五的解集表示在数轴上吗？"
  },
  {
    "start": 930.51,
    "end": 932.18,
    "speaker": "老师",
    "text": "同学们想一想，"
  },
  {
    "start": 934.44,
    "end": 939.85,
    "speaker": "老师",
    "text": "x大于就应该是比武大的所有词，"
  },
  {
    "start": 940.11,
    "end": 942.11,
    "speaker": "老师",
    "text": "那么五不可以，"
  },
  {
    "start": 942.11,
    "end": 944.8,
    "speaker": "老师",
    "text": "六七八都可以，"
  },
  {
    "start": 944.8,
    "end": 946.88,
    "speaker": "老师",
    "text": "五点一也可以。"
  },
  {
    "start": 946.88,
    "end": 956.1,
    "speaker": "老师",
    "text": "所以在数轴上我们是怎么表示的呢？"
  },
  {
    "start": 956.1,
    "end": 959.38,
    "speaker": "老师",
    "text": "首先我们画一个标准数轴，"
  },
  {
    "start": 959.38,
    "end": 966.51,
    "speaker": "老师",
    "text": "我们知道数轴的三个基本要素是原点单位长度和正方向。"
  },
  {
    "start": 966.77,
    "end": 971.13,
    "speaker": "老师",
    "text": "那么我们在数轴上找到五所在的位置，"
  },
  {
    "start": 971.13,
    "end": 981.45,
    "speaker": "老师",
    "text": "x大于五的解集可以用数轴上表示，"
  },
  {
    "start": 981.45,
    "end": 989.21,
    "speaker": "老师",
    "text": "五个点的右边部分来表示在数轴上找到你的位置。"
  },
  {
    "start": 989.21,
    "end": 994.38,
    "speaker": "老师",
    "text": "那么因为五不能取，"
  },
  {
    "start": 995.27,
    "end": 1005.2,
    "speaker": "老师",
    "text": "所以表示五的点的位置应该画上空心圆圈，"
  },
  {
    "start": 1005.2,
    "end": 1009.74,
    "speaker": "老师",
    "text": "然后大于五是在我们的右边，"
  },
  {
    "start": 1009.9,
    "end": 1019.32,
    "speaker": "老师",
    "text": "所以就得到不等式x大于零的解集在数轴上表示就是这样，"
  },
  {
    "start": 1019.4,
    "end": 1021.92,
    "speaker": "老师",
    "text": "大家一起读哈。"
  },
  {
    "start": 1023.53,
    "end": 1026.22,
    "speaker": "老师",
    "text": "因为五不能取，"
  },
  {
    "start": 1026.36,
    "end": 1031.17,
    "speaker": "老师",
    "text": "所以五这里用的是空心源圈。"
  },
  {
    "start": 1031.17,
    "end": 1035.86,
    "speaker": "老师",
    "text": "一二你能将x减五小于等于负一的。"
  },
  {
    "start": 1035.86,
    "end": 1041.21,
    "speaker": "老师",
    "text": "解集表示在数轴上吗？"
  },
  {
    "start": 1041.21,
    "end": 1042.57,
    "speaker": "老师",
    "text": "同样的，"
  },
  {
    "start": 1042.69,
    "end": 1046.43,
    "speaker": "老师",
    "text": "我们根据上节课所学的内容，"
  },
  {
    "start": 1046.43,
    "end": 1049.27,
    "speaker": "老师",
    "text": "x减五小于等于负一，"
  },
  {
    "start": 1049.55,
    "end": 1055.06,
    "speaker": "老师",
    "text": "两边同时加上五得到x小于等于四。"
  },
  {
    "start": 1055.06,
    "end": 1057.5,
    "speaker": "老师",
    "text": "那么好x小于等于四，"
  },
  {
    "start": 1057.5,
    "end": 1064.62,
    "speaker": "老师",
    "text": "示范三二一零负一负二负三这些都可以取啊，"
  },
  {
    "start": 1065.12,
    "end": 1067.36,
    "speaker": "老师",
    "text": "三点九也行，"
  },
  {
    "start": 1067.48,
    "end": 1069.16,
    "speaker": "老师",
    "text": "四也行。"
  },
  {
    "start": 1069.5,
    "end": 1075.15,
    "speaker": "老师",
    "text": "那么好表示x小于等于四的解析，"
  },
  {
    "start": 1075.85,
    "end": 1080.63,
    "speaker": "老师",
    "text": "用数轴上哪些区域来表示它呢？"
  },
  {
    "start": 1080.63,
    "end": 1086.87,
    "speaker": "老师",
    "text": "可以是表示四个点及其左边部分来表示，"
  },
  {
    "start": 1086.87,
    "end": 1090.29,
    "speaker": "老师",
    "text": "我们就先找到四，"
  },
  {
    "start": 1090.63,
    "end": 1099.84,
    "speaker": "老师",
    "text": "同学们看到我们四这里是可以取等号的，"
  },
  {
    "start": 1099.84,
    "end": 1102.1,
    "speaker": "老师",
    "text": "因此四的位置要画上实心，"
  },
  {
    "start": 1102.1,
    "end": 1109.62,
    "speaker": "老师",
    "text": "永远表示四包含在这个体气里面，"
  },
  {
    "start": 1109.62,
    "end": 1112.88,
    "speaker": "老师",
    "text": "然后小于四小于等于四，"
  },
  {
    "start": 1114.21,
    "end": 1116.17,
    "speaker": "老师",
    "text": "就应该在四的左边部分。"
  },
  {
    "start": 1118.08,
    "end": 1123.17,
    "speaker": "老师",
    "text": "所以我们通过这两个例题啊，"
  },
  {
    "start": 1123.17,
    "end": 1126.53,
    "speaker": "老师",
    "text": "两个题目，"
  },
  {
    "start": 1126.53,
    "end": 1133.44,
    "speaker": "老师",
    "text": "我们就知道这如何在数轴上表示它的体积重要。"
  },
  {
    "start": 1133.54,
    "end": 1137.26,
    "speaker": "老师",
    "text": "提醒一下。"
  },
  {
    "start": 1137.26,
    "end": 1138.56,
    "speaker": "老师",
    "text": "将不等式的解集表示，"
  },
  {
    "start": 1138.56,
    "end": 1140.64,
    "speaker": "老师",
    "text": "在数组上竖轴，"
  },
  {
    "start": 1140.64,
    "end": 1142.3,
    "speaker": "老师",
    "text": "到时要注意，"
  },
  {
    "start": 1143.23,
    "end": 1147.68,
    "speaker": "老师",
    "text": "第一指示线的方向大于向右，"
  },
  {
    "start": 1147.68,
    "end": 1151.48,
    "speaker": "老师",
    "text": "小于向左有等号用实心点没等号，"
  },
  {
    "start": 1151.48,
    "end": 1153.26,
    "speaker": "老师",
    "text": "用空心圈啊，"
  },
  {
    "start": 1153.26,
    "end": 1155.69,
    "speaker": "老师",
    "text": "一个实心点，"
  },
  {
    "start": 1156.84,
    "end": 1158.38,
    "speaker": "老师",
    "text": "一个空心圈啊，"
  },
  {
    "start": 1158.38,
    "end": 1159.94,
    "speaker": "老师",
    "text": "记住啊。"
  },
  {
    "start": 1159.94,
    "end": 1164.76,
    "speaker": "老师",
    "text": "那么第一个表示五不能取用的是空心圈。"
  },
  {
    "start": 1164.9,
    "end": 1174.94,
    "speaker": "老师",
    "text": "第二个是啊表示的是四可以取用心圈，"
  },
  {
    "start": 1174.94,
    "end": 1178.72,
    "speaker": "老师",
    "text": "十七点大于向右，"
  },
  {
    "start": 1179.59,
    "end": 1180.87,
    "speaker": "老师",
    "text": "小于向左。"
  },
  {
    "start": 1180.87,
    "end": 1182.87,
    "speaker": "老师",
    "text": "下面我们来看到例题。"
  },
  {
    "start": 1182.87,
    "end": 1186.47,
    "speaker": "老师",
    "text": "根据不等式的基本性质，"
  },
  {
    "start": 1186.47,
    "end": 1187.95,
    "speaker": "老师",
    "text": "求不等式的解集，"
  },
  {
    "start": 1187.95,
    "end": 1191.17,
    "speaker": "老师",
    "text": "并把解集在数轴上表示，"
  },
  {
    "start": 1191.17,
    "end": 1194.84,
    "speaker": "老师",
    "text": "第一个x减二大于等于负四。"
  },
  {
    "start": 1196.04,
    "end": 1198.04,
    "speaker": "老师",
    "text": "根据不等式的基本性质，"
  },
  {
    "start": 1198.04,
    "end": 1198.76,
    "speaker": "老师",
    "text": "一，"
  },
  {
    "start": 1198.82,
    "end": 1205.72,
    "speaker": "老师",
    "text": "那么两边同时加上二得到XY等于负二。"
  },
  {
    "start": 1205.72,
    "end": 1207.18,
    "speaker": "老师",
    "text": "在数轴上表示，"
  },
  {
    "start": 1208.15,
    "end": 1212.36,
    "speaker": "老师",
    "text": "我们找到负二的位置，"
  },
  {
    "start": 1212.44,
    "end": 1214.82,
    "speaker": "老师",
    "text": "这里大于往右取，"
  },
  {
    "start": 1214.82,
    "end": 1216.42,
    "speaker": "老师",
    "text": "等于用十心。"
  },
  {
    "start": 1216.42,
    "end": 1224.65,
    "speaker": "老师",
    "text": "所以找到负二的位置说明负二能取，"
  },
  {
    "start": 1225.21,
    "end": 1228.88,
    "speaker": "老师",
    "text": "然后再大于往右面取。"
  },
  {
    "start": 1228.88,
    "end": 1231.78,
    "speaker": "老师",
    "text": "第二个二x小于等于八，"
  },
  {
    "start": 1232.08,
    "end": 1235.38,
    "speaker": "老师",
    "text": "根据不等式的基本性质，"
  },
  {
    "start": 1236.18,
    "end": 1245.04,
    "speaker": "老师",
    "text": "二两边同时除以二的x小于等于四，"
  },
  {
    "start": 1245.04,
    "end": 1247.12,
    "speaker": "老师",
    "text": "画一个四轴，"
  },
  {
    "start": 1247.16,
    "end": 1252.83,
    "speaker": "老师",
    "text": "在数轴上找到四的位置。"
  },
  {
    "start": 1252.83,
    "end": 1255.33,
    "speaker": "老师",
    "text": "同学们看这里的四可以取等号，"
  },
  {
    "start": 1255.33,
    "end": 1260.07,
    "speaker": "老师",
    "text": "因此四这里是实心小于向左，"
  },
  {
    "start": 1260.35,
    "end": 1263.13,
    "speaker": "老师",
    "text": "第三个将负二x角大于负十。"
  },
  {
    "start": 1263.13,
    "end": 1266.63,
    "speaker": "老师",
    "text": "要将这个不等式的集解集求出来，"
  },
  {
    "start": 1266.63,
    "end": 1271.15,
    "speaker": "老师",
    "text": "并且要把集子在数轴上表示出来。"
  },
  {
    "start": 1271.15,
    "end": 1271.77,
    "speaker": "老师",
    "text": "首先，"
  },
  {
    "start": 1271.77,
    "end": 1275.51,
    "speaker": "老师",
    "text": "我们根据不等式的基本性质，"
  },
  {
    "start": 1275.51,
    "end": 1279.85,
    "speaker": "老师",
    "text": "一两边同时加上二得负二x大于负十加二，"
  },
  {
    "start": 1279.85,
    "end": 1281.53,
    "speaker": "老师",
    "text": "也就是负八。"
  },
  {
    "start": 1281.57,
    "end": 1285.39,
    "speaker": "老师",
    "text": "再根据不等式的基本性质，"
  },
  {
    "start": 1285.39,
    "end": 1287.63,
    "speaker": "老师",
    "text": "三两边同时除以负号，"
  },
  {
    "start": 1287.63,
    "end": 1290.9,
    "speaker": "老师",
    "text": "就得到x小于四。"
  },
  {
    "start": 1290.9,
    "end": 1295.08,
    "speaker": "老师",
    "text": "将锦集在数轴上表示出来，"
  },
  {
    "start": 1295.08,
    "end": 1299.4,
    "speaker": "老师",
    "text": "先画竖轴小于四找到四这个点，"
  },
  {
    "start": 1299.52,
    "end": 1302.7,
    "speaker": "老师",
    "text": "这里没有等号，"
  },
  {
    "start": 1302.7,
    "end": 1306.89,
    "speaker": "老师",
    "text": "所以这里用的是空心引圈，"
  },
  {
    "start": 1306.89,
    "end": 1308.23,
    "speaker": "老师",
    "text": "向于向左。"
  },
  {
    "start": 1308.31,
    "end": 1312.34,
    "speaker": "老师",
    "text": "通过这个例题，"
  },
  {
    "start": 1312.34,
    "end": 1325.44,
    "speaker": "老师",
    "text": "我相信同学们对把不等式的解集在数轴上的表示方法掌握的应该比较熟练。"
  },
  {
    "start": 1326.21,
    "end": 1330.95,
    "speaker": "老师",
    "text": "下面我们来看到巩固练习。"
  },
  {
    "start": 1331.03,
    "end": 1337.36,
    "speaker": "老师",
    "text": "一、判断整不等式x减一大于零，"
  },
  {
    "start": 1337.36,
    "end": 1341.82,
    "speaker": "老师",
    "text": "有无数个解x减一大于零，"
  },
  {
    "start": 1341.84,
    "end": 1343.23,
    "speaker": "老师",
    "text": "有无数个解，"
  },
  {
    "start": 1344.53,
    "end": 1349.63,
    "speaker": "老师",
    "text": "这个正确还是不正确？"
  },
  {
    "start": 1349.63,
    "end": 1353.79,
    "speaker": "老师",
    "text": "显然x减一大于零就是x啊，"
  },
  {
    "start": 1353.79,
    "end": 1361.04,
    "speaker": "老师",
    "text": "它的解集是x大于一，"
  },
  {
    "start": 1361.38,
    "end": 1365.77,
    "speaker": "老师",
    "text": "满足x大于一的是有速度的，"
  },
  {
    "start": 1365.77,
    "end": 1368.19,
    "speaker": "老师",
    "text": "所以说它有速度的解。"
  },
  {
    "start": 1368.19,
    "end": 1375.13,
    "speaker": "老师",
    "text": "第二二x减三小于等于零的解集是x大于等于三分之二。"
  },
  {
    "start": 1376.27,
    "end": 1377.31,
    "speaker": "老师",
    "text": "首先，"
  },
  {
    "start": 1377.43,
    "end": 1381.84,
    "speaker": "老师",
    "text": "根据不等式的基本性质，"
  },
  {
    "start": 1381.84,
    "end": 1385.08,
    "speaker": "老师",
    "text": "一两边同时加上一个三，"
  },
  {
    "start": 1385.08,
    "end": 1390.39,
    "speaker": "老师",
    "text": "得的二x小于等于三。"
  },
  {
    "start": 1390.39,
    "end": 1392.75,
    "speaker": "老师",
    "text": "然后再根据不等式的基本性质，"
  },
  {
    "start": 1392.77,
    "end": 1395.7,
    "speaker": "老师",
    "text": "二两边同时除以二，"
  },
  {
    "start": 1395.74,
    "end": 1400.74,
    "speaker": "老师",
    "text": "得到的不解集应该是x小于等于二分之三，"
  },
  {
    "start": 1400.74,
    "end": 1406.33,
    "speaker": "老师",
    "text": "而他这里是大的三分之二，"
  },
  {
    "start": 1406.33,
    "end": 1407.82,
    "speaker": "老师",
    "text": "所以他错了。"
  },
  {
    "start": 1409.03,
    "end": 1411.43,
    "speaker": "老师",
    "text": "我们看再看到。"
  },
  {
    "start": 1411.43,
    "end": 1411.95,
    "speaker": "老师",
    "text": "第二，"
  },
  {
    "start": 1411.95,
    "end": 1417.24,
    "speaker": "老师",
    "text": "将下列不等式的解集分别表示，"
  },
  {
    "start": 1417.6,
    "end": 1418.84,
    "speaker": "老师",
    "text": "在数轴上，"
  },
  {
    "start": 1419.04,
    "end": 1421.16,
    "speaker": "老师",
    "text": "第一x大于五。"
  },
  {
    "start": 1421.2,
    "end": 1426.64,
    "speaker": "老师",
    "text": "我们知道大于五是在五的右边，"
  },
  {
    "start": 1426.66,
    "end": 1430.12,
    "speaker": "老师",
    "text": "因为大于五没有取到等号，"
  },
  {
    "start": 1430.24,
    "end": 1431.74,
    "speaker": "老师",
    "text": "所以五不能取，"
  },
  {
    "start": 1431.74,
    "end": 1434.76,
    "speaker": "老师",
    "text": "所以找到五的位置。"
  },
  {
    "start": 1434.76,
    "end": 1439.03,
    "speaker": "老师",
    "text": "用空心圆圈大于小，"
  },
  {
    "start": 1439.03,
    "end": 1446.51,
    "speaker": "老师",
    "text": "用来表示了x大于零的极限。"
  },
  {
    "start": 1446.51,
    "end": 1449.95,
    "speaker": "老师",
    "text": "第二个x小于负一，"
  },
  {
    "start": 1450.09,
    "end": 1453.92,
    "speaker": "老师",
    "text": "在数轴上找到负一的位置，"
  },
  {
    "start": 1453.92,
    "end": 1458.15,
    "speaker": "老师",
    "text": "因为因为x不能等于，"
  },
  {
    "start": 1460.02,
    "end": 1464.96,
    "speaker": "老师",
    "text": "所以负一这个点还是要用空心圆圈，"
  },
  {
    "start": 1465.02,
    "end": 1467.78,
    "speaker": "老师",
    "text": "表示小于向左。"
  },
  {
    "start": 1467.86,
    "end": 1471.56,
    "speaker": "老师",
    "text": "第三x大于等于负二。"
  },
  {
    "start": 1471.7,
    "end": 1476.41,
    "speaker": "老师",
    "text": "我们先找到方案的位置，"
  },
  {
    "start": 1476.45,
    "end": 1482.23,
    "speaker": "老师",
    "text": "在树枝上讲的画的位，"
  },
  {
    "start": 1482.23,
    "end": 1485.03,
    "speaker": "老师",
    "text": "这里负二取了等号，"
  },
  {
    "start": 1485.03,
    "end": 1491.54,
    "speaker": "老师",
    "text": "因此负二这个位置要带上实心，"
  },
  {
    "start": 1491.62,
    "end": 1493.74,
    "speaker": "老师",
    "text": "原点大于小于，"
  },
  {
    "start": 1493.74,
    "end": 1503.07,
    "speaker": "老师",
    "text": "所以把XI等于二的解积在数列号开始就是这样。"
  },
  {
    "start": 1503.11,
    "end": 1506.83,
    "speaker": "老师",
    "text": "第四个x小于等于六，"
  },
  {
    "start": 1506.83,
    "end": 1507.69,
    "speaker": "老师",
    "text": "x小于等于六，"
  },
  {
    "start": 1507.69,
    "end": 1512.4,
    "speaker": "老师",
    "text": "我们在数轴上还是找到负六，"
  },
  {
    "start": 1512.4,
    "end": 1521.88,
    "speaker": "老师",
    "text": "找到六的位置小于等于说明六可取等号。"
  },
  {
    "start": 1521.88,
    "end": 1529.5,
    "speaker": "老师",
    "text": "那么六个位置就应该是用实心里原点，"
  },
  {
    "start": 1529.5,
    "end": 1533.87,
    "speaker": "老师",
    "text": "那么小于等于应该是向左上次，"
  },
  {
    "start": 1541.56,
    "end": 1545.28,
    "speaker": "老师",
    "text": "所以你是这样表示出来的。"
  },
  {
    "start": 1545.28,
    "end": 1558.4,
    "speaker": "老师",
    "text": "我们发现从不等式的解集这种不等号衔接写写成的从数，"
  },
  {
    "start": 1558.42,
    "end": 1561.72,
    "speaker": "老师",
    "text": "我们到了形是非常形象的。"
  },
  {
    "start": 1561.72,
    "end": 1564.28,
    "speaker": "老师",
    "text": "在数轴上表示了它的解集，"
  },
  {
    "start": 1564.3,
    "end": 1574.84,
    "speaker": "老师",
    "text": "让我们更加能理解它的解集是包含是无数多个解组成的集合。"
  },
  {
    "start": 1574.84,
    "end": 1581.27,
    "speaker": "老师",
    "text": "下面我两三个人一方程二x的四特井有多少个方程的解，"
  },
  {
    "start": 1581.33,
    "end": 1586.11,
    "speaker": "老师",
    "text": "是不是只有不等式二x小于四的解有多少克？"
  },
  {
    "start": 1586.35,
    "end": 1595.79,
    "speaker": "老师",
    "text": "无数个第二不等式五x大于等于负十的解集是多少？"
  },
  {
    "start": 1596.41,
    "end": 1601.43,
    "speaker": "老师",
    "text": "我们根据不等式的基本性质，"
  },
  {
    "start": 1601.43,
    "end": 1616.78,
    "speaker": "老师",
    "text": "二两边同时除以五得到它的解集是x大于等于负二。"
  },
  {
    "start": 1616.78,
    "end": 1617.36,
    "speaker": "老师",
    "text": "第三，"
  },
  {
    "start": 1617.36,
    "end": 1624.28,
    "speaker": "老师",
    "text": "不等式x大于等于负三的负整数解，"
  },
  {
    "start": 1624.28,
    "end": 1628.08,
    "speaker": "老师",
    "text": "注意负整数解负整数就是负，"
  },
  {
    "start": 1628.32,
    "end": 1630.16,
    "speaker": "老师",
    "text": "并且还有整数，"
  },
  {
    "start": 1630.16,
    "end": 1633.6,
    "speaker": "老师",
    "text": "所以有负三负二负一。"
  },
  {
    "start": 1633.62,
    "end": 1634.42,
    "speaker": "老师",
    "text": "第四，"
  },
  {
    "start": 1637.12,
    "end": 1638.58,
    "speaker": "老师",
    "text": "不等式x减一，"
  },
  {
    "start": 1638.74,
    "end": 1642.45,
    "speaker": "老师",
    "text": "小于二的正整数解，"
  },
  {
    "start": 1642.51,
    "end": 1646.29,
    "speaker": "老师",
    "text": "根据不等式的基本性质，"
  },
  {
    "start": 1646.39,
    "end": 1646.89,
    "speaker": "老师",
    "text": "一，"
  },
  {
    "start": 1646.93,
    "end": 1650.7,
    "speaker": "老师",
    "text": "这个x是小于三的，"
  },
  {
    "start": 1650.78,
    "end": 1655.22,
    "speaker": "老师",
    "text": "小于三的正整数解有一二。"
  },
  {
    "start": 1655.22,
    "end": 1655.8,
    "speaker": "老师",
    "text": "好了，"
  },
  {
    "start": 1656.16,
    "end": 1658.72,
    "speaker": "老师",
    "text": "我们再来看看扩展提升体。"
  },
  {
    "start": 1658.88,
    "end": 1662.95,
    "speaker": "老师",
    "text": "请同学们拿出你们的是草稿的，"
  },
  {
    "start": 1664.26,
    "end": 1675.39,
    "speaker": "老师",
    "text": "在你们的这个纸上把这个答案写一下。"
  },
  {
    "start": 1675.39,
    "end": 1682.62,
    "speaker": "老师",
    "text": "我们看到第一题问是九减三x的解有多少个？"
  },
  {
    "start": 1683.95,
    "end": 1686.33,
    "speaker": "老师",
    "text": "显然是无诉无数多个。"
  },
  {
    "start": 1686.33,
    "end": 1689.18,
    "speaker": "老师",
    "text": "我们看到第二个，"
  },
  {
    "start": 1692.46,
    "end": 1697.06,
    "speaker": "老师",
    "text": "它的非负整数解有多少个？"
  },
  {
    "start": 1697.08,
    "end": 1699.76,
    "speaker": "老师",
    "text": "那我们来看到这里，"
  },
  {
    "start": 1699.76,
    "end": 1706.52,
    "speaker": "老师",
    "text": "我们首先要对它进行啊解不等式。"
  },
  {
    "start": 1706.68,
    "end": 1713.36,
    "speaker": "老师",
    "text": "那么负三x是不是大于等于负九？"
  },
  {
    "start": 1713.36,
    "end": 1715.58,
    "speaker": "老师",
    "text": "两边同时减去九，"
  },
  {
    "start": 1715.6,
    "end": 1718.29,
    "speaker": "老师",
    "text": "得到负三，"
  },
  {
    "start": 1718.29,
    "end": 1722.72,
    "speaker": "老师",
    "text": "x大于等于负九，"
  },
  {
    "start": 1722.76,
    "end": 1728.9,
    "speaker": "老师",
    "text": "那么负三x大于等于负九。"
  },
  {
    "start": 1728.9,
    "end": 1732.42,
    "speaker": "老师",
    "text": "两边同时除以负三，"
  },
  {
    "start": 1732.6,
    "end": 1742.59,
    "speaker": "老师",
    "text": "得到x不等号的方向发生两点，"
  },
  {
    "start": 1742.75,
    "end": 1745.93,
    "speaker": "老师",
    "text": "x小于等于三，"
  },
  {
    "start": 1745.93,
    "end": 1747.29,
    "speaker": "老师",
    "text": "小于等于三。"
  },
  {
    "start": 1747.29,
    "end": 1754.33,
    "speaker": "老师",
    "text": "它的非负整数解是不是有三二一零，"
  },
  {
    "start": 1757.16,
    "end": 1759.66,
    "speaker": "老师",
    "text": "所以是有四个啊，"
  },
  {
    "start": 1759.66,
    "end": 1763.28,
    "speaker": "老师",
    "text": "它的非负整数解有四个，"
  },
  {
    "start": 1763.28,
    "end": 1763.88,
    "speaker": "老师",
    "text": "有四个，"
  },
  {
    "start": 1763.88,
    "end": 1767.06,
    "speaker": "老师",
    "text": "那么分别是三二一零。"
  },
  {
    "start": 1767.06,
    "end": 1767.4,
    "speaker": "老师",
    "text": "好，"
  },
  {
    "start": 1767.4,
    "end": 1769.6,
    "speaker": "老师",
    "text": "我们来看到第二题，"
  },
  {
    "start": 1769.6,
    "end": 1773.13,
    "speaker": "老师",
    "text": "第二题更具有挑战性。"
  },
  {
    "start": 1773.13,
    "end": 1775.72,
    "speaker": "老师",
    "text": "如果不等式a减三，"
  },
  {
    "start": 1775.72,
    "end": 1777.48,
    "speaker": "老师",
    "text": "括号x大于a减三，"
  },
  {
    "start": 1777.48,
    "end": 1784.46,
    "speaker": "老师",
    "text": "括号a不等于三的解集是x大于零要求a的取值范围。"
  },
  {
    "start": 1784.46,
    "end": 1788.93,
    "speaker": "老师",
    "text": "题目已经说了a不等于三，"
  },
  {
    "start": 1788.93,
    "end": 1790.39,
    "speaker": "老师",
    "text": "所以a减三就不等于零。"
  },
  {
    "start": 1790.51,
    "end": 1794.45,
    "speaker": "老师",
    "text": "根据不等式的基本性质，"
  },
  {
    "start": 1794.45,
    "end": 1801.32,
    "speaker": "老师",
    "text": "我们将不等式要化成x大于a或者x小于a的形式。"
  },
  {
    "start": 1801.32,
    "end": 1808.2,
    "speaker": "老师",
    "text": "我们要在不等式的两边同时除以x的系数在这里就是a减三，"
  },
  {
    "start": 1808.2,
    "end": 1809.82,
    "speaker": "老师",
    "text": "那么就是a减三，"
  },
  {
    "start": 1810.24,
    "end": 1813.93,
    "speaker": "老师",
    "text": "x除以a减三，"
  },
  {
    "start": 1813.93,
    "end": 1817.45,
    "speaker": "老师",
    "text": "a右边是a减三除以a减三，"
  },
  {
    "start": 1817.51,
    "end": 1830.95,
    "speaker": "老师",
    "text": "左边变成了x右边变成了一题中已经很清楚的告诉你，"
  },
  {
    "start": 1830.95,
    "end": 1835.8,
    "speaker": "老师",
    "text": "它的解集是大于说明。"
  },
  {
    "start": 1836.78,
    "end": 1845.77,
    "speaker": "老师",
    "text": "我们两边同时除以a减三的时候，"
  },
  {
    "start": 1845.77,
    "end": 1853.72,
    "speaker": "老师",
    "text": "我们的不等号的方向没有发生改变。"
  },
  {
    "start": 1853.72,
    "end": 1860.57,
    "speaker": "老师",
    "text": "那么就说明我的a减三是一个正数，"
  },
  {
    "start": 1860.59,
    "end": 1865.43,
    "speaker": "老师",
    "text": "a减三是一个正数，"
  },
  {
    "start": 1866.3,
    "end": 1867.94,
    "speaker": "老师",
    "text": "也就是a减三大于零，"
  },
  {
    "start": 1867.94,
    "end": 1871.43,
    "speaker": "老师",
    "text": "那么就有a大于三，"
  },
  {
    "start": 1871.51,
    "end": 1880.12,
    "speaker": "老师",
    "text": "因此答案选b你们挑战成功了吗？"
  },
  {
    "start": 1880.18,
    "end": 1882.84,
    "speaker": "老师",
    "text": "我们再来看到第三题，"
  },
  {
    "start": 1882.84,
    "end": 1890.37,
    "speaker": "老师",
    "text": "已知AX小于五a a部的是关于x的不等式。"
  },
  {
    "start": 1890.55,
    "end": 1896.96,
    "speaker": "老师",
    "text": "那么它的解集是什么呢？"
  },
  {
    "start": 1896.98,
    "end": 1908.14,
    "speaker": "老师",
    "text": "很多同学会认为两边同时除以a那么要么是a要么是b要么是c要么是d帮助了哪一个呢？"
  },
  {
    "start": 1907.7,
    "end": 1908.14,
    "speaker": "老师",
    "text": "我们上节也讲过分论同的思想，"
  },
  {
    "start": 1907.7,
    "end": 1908.14,
    "speaker": "老师",
    "text": "我们现在不知道a是正数还是负数，"
  },
  {
    "start": 1907.7,
    "end": 1908.14,
    "speaker": "老师",
    "text": "我只知道a是不等于。"
  },
  {
    "start": 1907.7,
    "end": 1908.14,
    "speaker": "老师",
    "text": "因此我在两边同时除以a的时候，"
  },
  {
    "start": 1907.7,
    "end": 1908.14,
    "speaker": "老师",
    "text": "语句要发现要知道当a大于零的时候，"
  },
  {
    "start": 1907.7,
    "end": 1908.14,
    "speaker": "老师",
    "text": "边距不等式的基本性质啊两边同时除以一个正数不等和的方向不会发生改变。"
  },
  {
    "start": 1907.7,
    "end": 1908.14,
    "speaker": "老师",
    "text": "所以当a大于零的时候，"
  },
  {
    "start": 1907.7,
    "end": 1908.14,
    "speaker": "老师",
    "text": "x就小于五。"
  },
  {
    "start": 1907.7,
    "end": 1908.14,
    "speaker": "老师",
    "text": "当a小于零的时候，"
  },
  {
    "start": 1907.7,
    "end": 1908.14,
    "speaker": "老师",
    "text": "当一小于零的时候，"
  },
  {
    "start": 1907.7,
    "end": 1908.14,
    "speaker": "老师",
    "text": "你两边同时除以a小于零，"
  },
  {
    "start": 1907.7,
    "end": 1908.14,
    "speaker": "老师",
    "text": "就是个负几，"
  },
  {
    "start": 1907.7,
    "end": 1908.14,
    "speaker": "老师",
    "text": "两边同时除以一个负数，"
  },
  {
    "start": 1907.7,
    "end": 1908.14,
    "speaker": "老师",
    "text": "不等号的方向就会发生改变。"
  },
  {
    "start": 1907.7,
    "end": 1908.14,
    "speaker": "老师",
    "text": "所以当a小于零时a反而是x是大于。"
  },
  {
    "start": 1907.7,
    "end": 1908.14,
    "speaker": "老师",
    "text": "因此本答案选d通过上面的学习，"
  },
  {
    "start": 1907.7,
    "end": 1908.14,
    "speaker": "老师",
    "text": "我们今天收获了什么？"
  },
  {
    "start": 1907.7,
    "end": 1908.14,
    "speaker": "老师",
    "text": "你们有怎样的收获呢？"
  },
  {
    "start": 1907.7,
    "end": 1908.14,
    "speaker": "老师",
    "text": "我们一起来小敬一下。"
  },
  {
    "start": 1907.7,
    "end": 1908.14,
    "speaker": "老师",
    "text": "首先我们收过了不等式的解的定义。"
  },
  {
    "start": 1907.7,
    "end": 1908.14,
    "speaker": "老师",
    "text": "第二，"
  },
  {
    "start": 1907.7,
    "end": 1908.14,
    "speaker": "老师",
    "text": "收获了不等式的解题的定义。"
  },
  {
    "start": 1907.7,
    "end": 1908.14,
    "speaker": "老师",
    "text": "我们还知道了它们两者的区别和联系。"
  },
  {
    "start": 1907.7,
    "end": 1908.14,
    "speaker": "老师",
    "text": "还有本节课，"
  },
  {
    "start": 1907.7,
    "end": 1908.14,
    "speaker": "老师",
    "text": "还有一个内容，"
  },
  {
    "start": 1907.7,
    "end": 1908.14,
    "speaker": "老师",
    "text": "就是我们解不等式的定义。"
  },
  {
    "start": 1907.7,
    "end": 1908.14,
    "speaker": "老师",
    "text": "第五个就是不等式的解集的表示方法。"
  },
  {
    "start": 1907.7,
    "end": 1908.14,
    "speaker": "老师",
    "text": "还记得我们的重要提醒，"
  },
  {
    "start": 1907.7,
    "end": 1908.14,
    "speaker": "老师",
    "text": "在数轴上怎么表示它的体积？"
  },
  {
    "start": 1907.7,
    "end": 1908.14,
    "speaker": "老师",
    "text": "希望课后，"
  },
  {
    "start": 1907.7,
    "end": 1908.14,
    "speaker": "老师",
    "text": "同学们认真复习。"
  },
  {
    "start": 1907.7,
    "end": 1908.14,
    "speaker": "老师",
    "text": "今天的作业一教材，"
  },
  {
    "start": 1907.7,
    "end": 1908.14,
    "speaker": "老师",
    "text": "四十四到四十五页，"
  },
  {
    "start": 1907.7,
    "end": 1908.14,
    "speaker": "老师",
    "text": "习题二三第二，"
  },
  {
    "start": 1907.7,
    "end": 1908.14,
    "speaker": "老师",
    "text": "预习下一节的内容。"
  },
  {
    "start": 1907.7,
    "end": 1908.14,
    "speaker": "老师",
    "text": "这节课到此结束，"
  },
  {
    "start": 1907.7,
    "end": 1908.14,
    "speaker": "老师",
    "text": "同学们再见。"
  }
]