[
  {
    "start": 9.56,
    "end": 11.12,
    "speaker": "老师",
    "text": "同学们好，"
  },
  {
    "start": 11.12,
    "end": 12.16,
    "speaker": "老师",
    "text": "上一节课，"
  },
  {
    "start": 12.16,
    "end": 15.73,
    "speaker": "老师",
    "text": "我们讲了不等式，"
  },
  {
    "start": 15.73,
    "end": 22.72,
    "speaker": "老师",
    "text": "我们发现不等式和等式它们的相似度很高。"
  },
  {
    "start": 22.72,
    "end": 28.13,
    "speaker": "老师",
    "text": "那我们又知道等式有两条基本性质，"
  },
  {
    "start": 28.13,
    "end": 37.49,
    "speaker": "老师",
    "text": "请大家回顾一下是哪两条路等式的基本性质。"
  },
  {
    "start": 37.59,
    "end": 46.78,
    "speaker": "老师",
    "text": "一等式的两边同时加上或减去同一个整式所得的结果，"
  },
  {
    "start": 46.82,
    "end": 47.98,
    "speaker": "老师",
    "text": "依然是等式。"
  },
  {
    "start": 47.98,
    "end": 52.6,
    "speaker": "老师",
    "text": "用数学符号语言表示，"
  },
  {
    "start": 52.72,
    "end": 65.81,
    "speaker": "老师",
    "text": "就是若a等于b则有a加c等于b加c或者说a减c等于b减c等式的基本性质啊，"
  },
  {
    "start": 65.93,
    "end": 69.39,
    "speaker": "老师",
    "text": "在等式的两边同时乘以同一个数，"
  },
  {
    "start": 69.45,
    "end": 75.26,
    "speaker": "老师",
    "text": "或者同时除以同一个部为零的数，"
  },
  {
    "start": 75.26,
    "end": 77.18,
    "speaker": "老师",
    "text": "等式依然成立。"
  },
  {
    "start": 77.24,
    "end": 80.22,
    "speaker": "老师",
    "text": "用数学语言符号表示，"
  },
  {
    "start": 80.22,
    "end": 95.11,
    "speaker": "老师",
    "text": "就是若a等于b则有a乘c等于b乘c或者a除以c等于b除c这里要求c不等于零，"
  },
  {
    "start": 95.11,
    "end": 97.56,
    "speaker": "老师",
    "text": "为什么呢？"
  },
  {
    "start": 98.22,
    "end": 101.7,
    "speaker": "老师",
    "text": "因为c作为了除数，"
  },
  {
    "start": 101.7,
    "end": 107.23,
    "speaker": "老师",
    "text": "不等式说我和等式只有一字之差。"
  },
  {
    "start": 107.23,
    "end": 107.71,
    "speaker": "老师",
    "text": "等式，"
  },
  {
    "start": 107.71,
    "end": 109.65,
    "speaker": "老师",
    "text": "它有两条基本性质，"
  },
  {
    "start": 109.65,
    "end": 112.8,
    "speaker": "老师",
    "text": "我是不是也有呢？"
  },
  {
    "start": 112.92,
    "end": 137.05,
    "speaker": "老师",
    "text": "带着这些问题，"
  },
  {
    "start": 137.05,
    "end": 145.36,
    "speaker": "老师",
    "text": "我们进入今天的学习不等式的基本性质。"
  },
  {
    "start": 145.36,
    "end": 155.59,
    "speaker": "老师",
    "text": "下面请跟着我来探究一下不等式的细致。"
  },
  {
    "start": 155.63,
    "end": 159.66,
    "speaker": "老师",
    "text": "我们看到视学活动一填一填，"
  },
  {
    "start": 159.66,
    "end": 167.98,
    "speaker": "老师",
    "text": "十三大于七十三加五与七加五难不难。"
  },
  {
    "start": 168.02,
    "end": 172.98,
    "speaker": "老师",
    "text": "我们知道十三加五等于十八七，"
  },
  {
    "start": 173.06,
    "end": 177.74,
    "speaker": "老师",
    "text": "加五等于十二，"
  },
  {
    "start": 177.8,
    "end": 187.13,
    "speaker": "老师",
    "text": "显然十八十三减五等于八七减五等于二，"
  },
  {
    "start": 187.13,
    "end": 195.81,
    "speaker": "老师",
    "text": "显然八大于二十三加零等于十三七加零等于七。"
  },
  {
    "start": 197.36,
    "end": 198.04,
    "speaker": "老师",
    "text": "显然，"
  },
  {
    "start": 198.04,
    "end": 207.4,
    "speaker": "老师",
    "text": "十三加零十三加a比七加a写a回答也先大于号，"
  },
  {
    "start": 207.48,
    "end": 221.52,
    "speaker": "老师",
    "text": "十三减a七减a十三减a与七减a显然也是十三减a大。"
  },
  {
    "start": 221.52,
    "end": 225.01,
    "speaker": "老师",
    "text": "通过上面这五个填空，"
  },
  {
    "start": 225.09,
    "end": 229.78,
    "speaker": "老师",
    "text": "你会得出怎样的规律呢？"
  },
  {
    "start": 229.78,
    "end": 231.42,
    "speaker": "老师",
    "text": "请大家想一想，"
  },
  {
    "start": 231.44,
    "end": 240.57,
    "speaker": "老师",
    "text": "我们来看上面这五个不等式的符号和十三大于七的符号是一样。"
  },
  {
    "start": 240.57,
    "end": 247.22,
    "speaker": "老师",
    "text": "我们第一个不等式是在十三大于七这个不等式的两边，"
  },
  {
    "start": 247.48,
    "end": 249.28,
    "speaker": "老师",
    "text": "同时加了一个五。"
  },
  {
    "start": 249.28,
    "end": 258.99,
    "speaker": "老师",
    "text": "第二个不等式是在十三大于七的这个不等式上面两边同时减去了。"
  },
  {
    "start": 259.29,
    "end": 268.34,
    "speaker": "老师",
    "text": "第三个是在不等式十三大于七的两边同时加上了零。"
  },
  {
    "start": 268.34,
    "end": 277.3,
    "speaker": "老师",
    "text": "第四个是在不等式十三大于七的两边同时加满。"
  },
  {
    "start": 277.3,
    "end": 279.46,
    "speaker": "老师",
    "text": "第五个是在十三大于七，"
  },
  {
    "start": 279.46,
    "end": 298.27,
    "speaker": "老师",
    "text": "等于不等式两边同时减去了a我们发现这五个不等式的符号和我们前面十三大于七这个不等式的符号是一致，"
  },
  {
    "start": 298.27,
    "end": 300.25,
    "speaker": "老师",
    "text": "方向是一样的，"
  },
  {
    "start": 302.18,
    "end": 303.88,
    "speaker": "老师",
    "text": "方向没有发生改变。"
  },
  {
    "start": 303.92,
    "end": 330.05,
    "speaker": "老师",
    "text": "于是我们就得出这样的结论，"
  },
  {
    "start": 330.05,
    "end": 338.48,
    "speaker": "老师",
    "text": "不等式的两边都加上或减去同一个整式不等号的方向不变。"
  },
  {
    "start": 338.48,
    "end": 343.84,
    "speaker": "老师",
    "text": "这就是我们今天要讲的不等式的基本性质。"
  },
  {
    "start": 344.4,
    "end": 353.54,
    "speaker": "老师",
    "text": "一、不等式的两边都加上或减去同一个整式，"
  },
  {
    "start": 353.54,
    "end": 355.5,
    "speaker": "老师",
    "text": "不等号的方向不变。"
  },
  {
    "start": 355.5,
    "end": 356.28,
    "speaker": "老师",
    "text": "同样的，"
  },
  {
    "start": 356.28,
    "end": 367.26,
    "speaker": "老师",
    "text": "我们也可以用数学语言符号表示为若a大于b那么a加c大于b加c,"
  },
  {
    "start": 367.34,
    "end": 377.77,
    "speaker": "老师",
    "text": "a减c大于b减c这样的话我们就收获了不等式的基本性质。"
  },
  {
    "start": 377.81,
    "end": 378.11,
    "speaker": "老师",
    "text": "好，"
  },
  {
    "start": 378.11,
    "end": 383.72,
    "speaker": "老师",
    "text": "我们现在来比一比这哥俩的气质。"
  },
  {
    "start": 383.94,
    "end": 385.58,
    "speaker": "老师",
    "text": "不等式的性质一，"
  },
  {
    "start": 386.47,
    "end": 390.09,
    "speaker": "老师",
    "text": "等式两边同时加上或减去同一个整式，"
  },
  {
    "start": 390.15,
    "end": 394.22,
    "speaker": "老师",
    "text": "结果仍是等式。"
  },
  {
    "start": 394.22,
    "end": 397.94,
    "speaker": "老师",
    "text": "不等式的细质基本性质一，"
  },
  {
    "start": 399.23,
    "end": 404.52,
    "speaker": "老师",
    "text": "不等式的两边同时加上或减去同一个整式，"
  },
  {
    "start": 404.56,
    "end": 407.32,
    "speaker": "老师",
    "text": "不等号的方向不变，"
  },
  {
    "start": 407.32,
    "end": 412.12,
    "speaker": "老师",
    "text": "也就是说它的方向和原来的方向是一致的。"
  },
  {
    "start": 412.12,
    "end": 416.52,
    "speaker": "老师",
    "text": "下面我们来看到一组巩固练习，"
  },
  {
    "start": 416.58,
    "end": 420.73,
    "speaker": "老师",
    "text": "看到练习一用不等号填空，"
  },
  {
    "start": 420.79,
    "end": 424.33,
    "speaker": "老师",
    "text": "我们有了不等式的基本性质，"
  },
  {
    "start": 424.33,
    "end": 431.43,
    "speaker": "老师",
    "text": "一这个法宝就不要跟我们刚才探究过程一样，"
  },
  {
    "start": 431.43,
    "end": 434.29,
    "speaker": "老师",
    "text": "每一个都进行计算。"
  },
  {
    "start": 434.29,
    "end": 444.14,
    "speaker": "老师",
    "text": "我们看到第一个五小于七要比较五加四与七加四的大小，"
  },
  {
    "start": 444.14,
    "end": 451.89,
    "speaker": "老师",
    "text": "这里五加四和七加四是在不等式五小于七的两边同时加了四。"
  },
  {
    "start": 452.31,
    "end": 456.88,
    "speaker": "老师",
    "text": "根据不等号的不等式的基本性质，"
  },
  {
    "start": 456.88,
    "end": 462.52,
    "speaker": "老师",
    "text": "一两边同时加上同一个整式，"
  },
  {
    "start": 462.52,
    "end": 466.57,
    "speaker": "老师",
    "text": "不等号的方向不变，"
  },
  {
    "start": 466.57,
    "end": 468.69,
    "speaker": "老师",
    "text": "第二十二大于四要，"
  },
  {
    "start": 468.69,
    "end": 475.11,
    "speaker": "老师",
    "text": "比较十二加a与四加a的大小。"
  },
  {
    "start": 475.11,
    "end": 485.78,
    "speaker": "老师",
    "text": "这里是不是在不等式十二大于四的两边同时加了一个a根据不等式的性质，"
  },
  {
    "start": 485.78,
    "end": 486.18,
    "speaker": "老师",
    "text": "一，"
  },
  {
    "start": 486.42,
    "end": 488.54,
    "speaker": "老师",
    "text": "我们就得到，"
  },
  {
    "start": 490.38,
    "end": 492.52,
    "speaker": "老师",
    "text": "还是大于号？"
  },
  {
    "start": 492.56,
    "end": 495.53,
    "speaker": "老师",
    "text": "第三个，"
  },
  {
    "start": 495.53,
    "end": 503.18,
    "speaker": "老师",
    "text": "若a大于b让你比较二a与a加b的大小。"
  },
  {
    "start": 503.18,
    "end": 518.84,
    "speaker": "老师",
    "text": "我们知道RA是等于a加a a加b是等于b加a相当于在不等式a大于b的两边，"
  },
  {
    "start": 518.84,
    "end": 527.17,
    "speaker": "老师",
    "text": "同时加上了一个a不等号的方向不会发生改变，"
  },
  {
    "start": 527.29,
    "end": 533.11,
    "speaker": "老师",
    "text": "因此还是填大于号。"
  },
  {
    "start": 533.11,
    "end": 533.99,
    "speaker": "老师",
    "text": "第四个，"
  },
  {
    "start": 533.99,
    "end": 544.94,
    "speaker": "老师",
    "text": "若a小于b要你比较零与b减a的大小。"
  },
  {
    "start": 545.08,
    "end": 549.6,
    "speaker": "老师",
    "text": "我们知道零是等于a减a,"
  },
  {
    "start": 549.72,
    "end": 561.64,
    "speaker": "老师",
    "text": "右边是b减a所以相当于是由不等式a小于b的两边同时减掉了一个a不等号的方向，"
  },
  {
    "start": 561.64,
    "end": 563.74,
    "speaker": "老师",
    "text": "不会发生改变，"
  },
  {
    "start": 563.74,
    "end": 567.73,
    "speaker": "老师",
    "text": "因此还是小于号。"
  },
  {
    "start": 567.73,
    "end": 569.04,
    "speaker": "老师",
    "text": "我们发现，"
  },
  {
    "start": 570.93,
    "end": 574.9,
    "speaker": "老师",
    "text": "利用不等式的基本性质，"
  },
  {
    "start": 574.9,
    "end": 576.82,
    "speaker": "老师",
    "text": "一来，"
  },
  {
    "start": 576.82,
    "end": 580.02,
    "speaker": "老师",
    "text": "填空会简洁快速，"
  },
  {
    "start": 580.12,
    "end": 584.2,
    "speaker": "老师",
    "text": "很多不等式有基本性质，"
  },
  {
    "start": 585.05,
    "end": 592.8,
    "speaker": "老师",
    "text": "一而我们都知道等式它有两条基本性质，"
  },
  {
    "start": 592.86,
    "end": 596.3,
    "speaker": "老师",
    "text": "不等式说我可不能输，"
  },
  {
    "start": 596.3,
    "end": 602.73,
    "speaker": "老师",
    "text": "我是不是会有更多的性质呢？"
  },
  {
    "start": 602.73,
    "end": 605.39,
    "speaker": "老师",
    "text": "带着这个问题，"
  },
  {
    "start": 605.39,
    "end": 613.32,
    "speaker": "老师",
    "text": "我们一起来进入下一个数学活动。"
  },
  {
    "start": 613.42,
    "end": 617.69,
    "speaker": "老师",
    "text": "探究请大家填一填二、小于三。"
  },
  {
    "start": 617.71,
    "end": 626.71,
    "speaker": "老师",
    "text": "我们看到左边这一款第一个二乘一与三乘一，"
  },
  {
    "start": 626.73,
    "end": 631.55,
    "speaker": "老师",
    "text": "我们知道二乘一等于二三乘一等于三，"
  },
  {
    "start": 631.55,
    "end": 635.37,
    "speaker": "老师",
    "text": "所以这里填的是小于号。"
  },
  {
    "start": 635.37,
    "end": 638.81,
    "speaker": "老师",
    "text": "二乘五等于十三乘五等于十五，"
  },
  {
    "start": 638.81,
    "end": 643.55,
    "speaker": "老师",
    "text": "显然十小于十五二除二等于一三，"
  },
  {
    "start": 643.63,
    "end": 645.81,
    "speaker": "老师",
    "text": "除二等于一点五，"
  },
  {
    "start": 645.97,
    "end": 649.7,
    "speaker": "老师",
    "text": "显然一小于一点五。"
  },
  {
    "start": 649.7,
    "end": 650.66,
    "speaker": "老师",
    "text": "第四个，"
  },
  {
    "start": 650.68,
    "end": 653.12,
    "speaker": "老师",
    "text": "二乘二分之一等于一，"
  },
  {
    "start": 653.24,
    "end": 657.5,
    "speaker": "老师",
    "text": "三乘二分之一等于二分之三，"
  },
  {
    "start": 657.64,
    "end": 659.8,
    "speaker": "老师",
    "text": "显然一小于二分之三。"
  },
  {
    "start": 659.8,
    "end": 664.77,
    "speaker": "老师",
    "text": "同学们发现左边这一列不等式，"
  },
  {
    "start": 664.77,
    "end": 674.43,
    "speaker": "老师",
    "text": "它的不等号与我们二小于三的不等号是一样的。"
  },
  {
    "start": 674.89,
    "end": 680.18,
    "speaker": "老师",
    "text": "我们再来看第一个不等式是由二小于三，"
  },
  {
    "start": 681.03,
    "end": 685.41,
    "speaker": "老师",
    "text": "两边同时乘了一。"
  },
  {
    "start": 685.41,
    "end": 692.34,
    "speaker": "老师",
    "text": "第二个不等式是由二、小于三两边同时乘了一个。"
  },
  {
    "start": 692.4,
    "end": 694.18,
    "speaker": "老师",
    "text": "第三个。"
  },
  {
    "start": 694.4,
    "end": 697.59,
    "speaker": "老师",
    "text": "不等式是由二，"
  },
  {
    "start": 697.59,
    "end": 703.09,
    "speaker": "老师",
    "text": "小于三这个不等式两边同时除了二、第四个。"
  },
  {
    "start": 703.09,
    "end": 705.22,
    "speaker": "老师",
    "text": "不等式是由二，"
  },
  {
    "start": 705.22,
    "end": 713.21,
    "speaker": "老师",
    "text": "小于三这个不等式两边同时乘了二分之一。"
  },
  {
    "start": 713.27,
    "end": 718.67,
    "speaker": "老师",
    "text": "首先抓住同十乘同十除，"
  },
  {
    "start": 718.85,
    "end": 723.92,
    "speaker": "老师",
    "text": "还要抓住同一个数。"
  },
  {
    "start": 723.96,
    "end": 732.49,
    "speaker": "老师",
    "text": "那我们还发现这里的一五二二分之一都是一个什么数呢？"
  },
  {
    "start": 733.07,
    "end": 739.32,
    "speaker": "老师",
    "text": "各位正是因此我们可以总结出怎样的规律。"
  },
  {
    "start": 739.32,
    "end": 746.76,
    "speaker": "老师",
    "text": "我们看看在不等式的两边都乘以或除以同一个正数，"
  },
  {
    "start": 747.06,
    "end": 751.15,
    "speaker": "老师",
    "text": "不等号的方向没有发生改变，"
  },
  {
    "start": 752.09,
    "end": 755.39,
    "speaker": "老师",
    "text": "不等的方向没有发生改变。"
  },
  {
    "start": 755.39,
    "end": 757.87,
    "speaker": "老师",
    "text": "下面我们看到第二点，"
  },
  {
    "start": 757.87,
    "end": 761.87,
    "speaker": "老师",
    "text": "负二啊二乘以负一等于多少？"
  },
  {
    "start": 761.87,
    "end": 766.1,
    "speaker": "老师",
    "text": "负二三乘负一等于负三，"
  },
  {
    "start": 766.5,
    "end": 769.84,
    "speaker": "老师",
    "text": "显然fall大于，"
  },
  {
    "start": 769.88,
    "end": 780.29,
    "speaker": "老师",
    "text": "显然负十大于负十五二除以负五等于负五分之二三除以负五等于负五分之三，"
  },
  {
    "start": 780.29,
    "end": 786.3,
    "speaker": "老师",
    "text": "显然负五分之二大于负五分之三，"
  },
  {
    "start": 786.3,
    "end": 788.36,
    "speaker": "老师",
    "text": "二乘负二分之一等于负一，"
  },
  {
    "start": 788.36,
    "end": 793.31,
    "speaker": "老师",
    "text": "三乘负二分之一等于负一点五，"
  },
  {
    "start": 793.31,
    "end": 795.27,
    "speaker": "老师",
    "text": "显然负一大于负一。"
  },
  {
    "start": 795.27,
    "end": 797.09,
    "speaker": "老师",
    "text": "同学们会惊喜的发现，"
  },
  {
    "start": 797.33,
    "end": 807.6,
    "speaker": "老师",
    "text": "这一个这边四个不等式的不等号和我们二小于三的不等号不一样，"
  },
  {
    "start": 807.64,
    "end": 810.47,
    "speaker": "老师",
    "text": "方向全都发生了改。"
  },
  {
    "start": 810.47,
    "end": 812.63,
    "speaker": "老师",
    "text": "最后是什么样的情况呢？"
  },
  {
    "start": 812.79,
    "end": 819.54,
    "speaker": "老师",
    "text": "我们看到二第一个二乘以负一，"
  },
  {
    "start": 819.8,
    "end": 824.72,
    "speaker": "老师",
    "text": "第一个二乘以负大于三乘负一，"
  },
  {
    "start": 824.8,
    "end": 833.36,
    "speaker": "老师",
    "text": "它是不是在我们妈妈小于三的不等式，"
  },
  {
    "start": 833.78,
    "end": 836.5,
    "speaker": "老师",
    "text": "两边都同时乘了一个负一。"
  },
  {
    "start": 836.5,
    "end": 850.49,
    "speaker": "老师",
    "text": "第二个不等式是在二小于三的这个不等式的基两边同时乘用一个错误。"
  },
  {
    "start": 850.71,
    "end": 859.07,
    "speaker": "老师",
    "text": "第三个不等式是在二小于三这个不等式的两边。"
  },
  {
    "start": 859.11,
    "end": 884.02,
    "speaker": "老师",
    "text": "同时除了几第四个不等式是在二小于三的这个不等式的两边，"
  },
  {
    "start": 884.02,
    "end": 886.78,
    "speaker": "老师",
    "text": "同时乘了负二分之一。"
  },
  {
    "start": 886.78,
    "end": 890.61,
    "speaker": "老师",
    "text": "同样的跟刚才说的，"
  },
  {
    "start": 890.61,
    "end": 896.79,
    "speaker": "老师",
    "text": "他有一个同时长出同一个数，"
  },
  {
    "start": 897.52,
    "end": 906.8,
    "speaker": "老师",
    "text": "只不过是这里面的负一负五负五负二分之一，"
  },
  {
    "start": 907.0,
    "end": 911.67,
    "speaker": "老师",
    "text": "它都是一个什么数呢？"
  },
  {
    "start": 911.67,
    "end": 912.33,
    "speaker": "老师",
    "text": "对，"
  },
  {
    "start": 927.68,
    "end": 935.74,
    "speaker": "老师",
    "text": "就是我们两边同时乘以或同时除以同一个负数的时候，"
  },
  {
    "start": 935.82,
    "end": 939.79,
    "speaker": "老师",
    "text": "不等号的方向发生了改变。"
  },
  {
    "start": 940.57,
    "end": 952.19,
    "speaker": "老师",
    "text": "所以我们就得出我鱼不等式的两边都乘以或除以同一个负数，"
  },
  {
    "start": 952.43,
    "end": 958.43,
    "speaker": "老师",
    "text": "不等号的方向要改变。"
  },
  {
    "start": 958.43,
    "end": 964.03,
    "speaker": "老师",
    "text": "这就是我们今天要学习的不等式的基本性质啊。"
  },
  {
    "start": 964.03,
    "end": 969.75,
    "speaker": "老师",
    "text": "不等式的两边同时乘以或除以同一个正数，"
  },
  {
    "start": 969.75,
    "end": 971.03,
    "speaker": "老师",
    "text": "不等号的方向不变。"
  },
  {
    "start": 971.03,
    "end": 973.48,
    "speaker": "老师",
    "text": "用数学语言符号表示，"
  },
  {
    "start": 973.48,
    "end": 976.08,
    "speaker": "老师",
    "text": "就是若a大于BC大于，"
  },
  {
    "start": 976.08,
    "end": 983.45,
    "speaker": "老师",
    "text": "那么就有a乘c大于b乘c或者a除以c在b除以七不等式的基本性质。"
  },
  {
    "start": 983.45,
    "end": 988.82,
    "speaker": "老师",
    "text": "三不等式的两边都乘以或除以同一个负数，"
  },
  {
    "start": 988.84,
    "end": 992.88,
    "speaker": "老师",
    "text": "不等号的方向改变。"
  },
  {
    "start": 992.98,
    "end": 997.68,
    "speaker": "老师",
    "text": "用数学语言符号表示，"
  },
  {
    "start": 998.24,
    "end": 1001.36,
    "speaker": "老师",
    "text": "就是若a大于BC小于零，"
  },
  {
    "start": 1001.36,
    "end": 1010.92,
    "speaker": "老师",
    "text": "那么a乘c就小于b乘c或者c分之a小于c分之b."
  },
  {
    "start": 1010.92,
    "end": 1012.88,
    "speaker": "老师",
    "text": "不等式说，"
  },
  {
    "start": 1012.88,
    "end": 1014.78,
    "speaker": "老师",
    "text": "我不但没有书，"
  },
  {
    "start": 1017.1,
    "end": 1021.04,
    "speaker": "老师",
    "text": "我还比他多了一条细纸。"
  },
  {
    "start": 1021.04,
    "end": 1026.77,
    "speaker": "老师",
    "text": "那我们就来比一比这哥俩的性质。"
  },
  {
    "start": 1026.77,
    "end": 1029.31,
    "speaker": "老师",
    "text": "同样的不等式的性质，"
  },
  {
    "start": 1029.31,
    "end": 1031.7,
    "speaker": "老师",
    "text": "一和等式的性质，"
  },
  {
    "start": 1031.76,
    "end": 1032.04,
    "speaker": "老师",
    "text": "一，"
  },
  {
    "start": 1032.04,
    "end": 1043.43,
    "speaker": "老师",
    "text": "我们前面已经做了一下不等式的基本性质，"
  },
  {
    "start": 1043.49,
    "end": 1047.25,
    "speaker": "老师",
    "text": "二和等式的基本性质。"
  },
  {
    "start": 1047.25,
    "end": 1051.25,
    "speaker": "老师",
    "text": "二、我们来看一下等式的基本性质啊，"
  },
  {
    "start": 1051.25,
    "end": 1056.08,
    "speaker": "老师",
    "text": "在等式的两边同时乘以同一个数，"
  },
  {
    "start": 1056.08,
    "end": 1060.14,
    "speaker": "老师",
    "text": "或者除以同一个不为零的数，"
  },
  {
    "start": 1060.14,
    "end": 1066.46,
    "speaker": "老师",
    "text": "所得的结果还是等式不等式的两边同时除以或乘以同一个正数。"
  },
  {
    "start": 1066.46,
    "end": 1071.79,
    "speaker": "老师",
    "text": "所以这个要求是正数不等号的方向，"
  },
  {
    "start": 1071.79,
    "end": 1073.21,
    "speaker": "老师",
    "text": "不等式的性质。"
  },
  {
    "start": 1073.21,
    "end": 1079.46,
    "speaker": "老师",
    "text": "三、不等式的两边都乘以或除以同一个负数，"
  },
  {
    "start": 1079.46,
    "end": 1082.98,
    "speaker": "老师",
    "text": "不等到的方向要发生那了吗？"
  },
  {
    "start": 1085.43,
    "end": 1088.26,
    "speaker": "老师",
    "text": "有了这三段滑朵，"
  },
  {
    "start": 1088.26,
    "end": 1094.64,
    "speaker": "老师",
    "text": "我们在填不等号的时候就方便快捷很多。"
  },
  {
    "start": 1094.64,
    "end": 1099.49,
    "speaker": "老师",
    "text": "下面我们一起看到巩固练习，"
  },
  {
    "start": 1099.49,
    "end": 1103.37,
    "speaker": "老师",
    "text": "请大家还是在草稿纸上做一下啊。"
  },
  {
    "start": 1103.47,
    "end": 1112.98,
    "speaker": "老师",
    "text": "若a小于b用不等号填空并写上依据已知a小于b我们看第一个a除以负三，"
  },
  {
    "start": 1113.71,
    "end": 1123.41,
    "speaker": "老师",
    "text": "也就负三分之a和负三分之b或者读作a除以负三b除以负三的大小。"
  },
  {
    "start": 1123.45,
    "end": 1125.83,
    "speaker": "老师",
    "text": "显然，"
  },
  {
    "start": 1125.83,
    "end": 1128.49,
    "speaker": "老师",
    "text": "它是在不等式a小于b的基础上，"
  },
  {
    "start": 1128.49,
    "end": 1135.86,
    "speaker": "老师",
    "text": "这个不等式a小于b的两边。"
  },
  {
    "start": 1135.9,
    "end": 1138.99,
    "speaker": "老师",
    "text": "同时除了一个负三，"
  },
  {
    "start": 1138.99,
    "end": 1141.55,
    "speaker": "老师",
    "text": "根据不等式的性质，"
  },
  {
    "start": 1141.55,
    "end": 1144.21,
    "speaker": "老师",
    "text": "三两边同时除以负数，"
  },
  {
    "start": 1144.21,
    "end": 1147.91,
    "speaker": "老师",
    "text": "不等号的方向会发生改变。"
  },
  {
    "start": 1147.91,
    "end": 1152.9,
    "speaker": "老师",
    "text": "所以这里填的符号是大于号，"
  },
  {
    "start": 1152.96,
    "end": 1155.51,
    "speaker": "老师",
    "text": "依据是不等式的基本性质。"
  },
  {
    "start": 1155.51,
    "end": 1158.59,
    "speaker": "老师",
    "text": "三第二个六a六b的大小，"
  },
  {
    "start": 1158.71,
    "end": 1164.81,
    "speaker": "老师",
    "text": "六a和六b是不是在不等式a小b的基础上，"
  },
  {
    "start": 1164.85,
    "end": 1170.18,
    "speaker": "老师",
    "text": "两边同时乘了一个六六，"
  },
  {
    "start": 1170.2,
    "end": 1171.52,
    "speaker": "老师",
    "text": "是一个正数，"
  },
  {
    "start": 1171.56,
    "end": 1174.24,
    "speaker": "老师",
    "text": "根据不等式的性质二，"
  },
  {
    "start": 1174.24,
    "end": 1178.57,
    "speaker": "老师",
    "text": "所以不等号的方向会不会发生改变。"
  },
  {
    "start": 1178.63,
    "end": 1178.99,
    "speaker": "老师",
    "text": "因此，"
  },
  {
    "start": 1178.99,
    "end": 1180.57,
    "speaker": "老师",
    "text": "这里是小于号，"
  },
  {
    "start": 1180.57,
    "end": 1184.15,
    "speaker": "老师",
    "text": "依据是不等式的基本性质啊，"
  },
  {
    "start": 1184.15,
    "end": 1194.23,
    "speaker": "老师",
    "text": "第三个负a和负b负a和负b是在不等式a小于b的两边同时成了一个负数。"
  },
  {
    "start": 1194.29,
    "end": 1196.61,
    "speaker": "老师",
    "text": "根据不等式的性质，"
  },
  {
    "start": 1196.79,
    "end": 1200.26,
    "speaker": "老师",
    "text": "三两边同时乘以负数，"
  },
  {
    "start": 1200.26,
    "end": 1209.01,
    "speaker": "老师",
    "text": "不等号的方向会发生第四四分之a和四分之b,"
  },
  {
    "start": 1209.01,
    "end": 1214.01,
    "speaker": "老师",
    "text": "四分之a和四分之b也可以读作a除以四，"
  },
  {
    "start": 1214.07,
    "end": 1215.23,
    "speaker": "老师",
    "text": "b除以四。"
  },
  {
    "start": 1215.25,
    "end": 1221.24,
    "speaker": "老师",
    "text": "那么这边应该是由不等式a小于b两边同时除以四四，"
  },
  {
    "start": 1221.24,
    "end": 1227.07,
    "speaker": "老师",
    "text": "是一个正数。"
  },
  {
    "start": 1227.07,
    "end": 1233.51,
    "speaker": "老师",
    "text": "根据不等式的基本性质啊，"
  },
  {
    "start": 1233.51,
    "end": 1240.95,
    "speaker": "老师",
    "text": "不等号的方向不会发生，"
  },
  {
    "start": 1241.47,
    "end": 1243.91,
    "speaker": "老师",
    "text": "所以是小于号。"
  },
  {
    "start": 1243.91,
    "end": 1250.12,
    "speaker": "老师",
    "text": "那么这里的依据是不等式的基本性质啊，"
  },
  {
    "start": 1250.24,
    "end": 1254.66,
    "speaker": "老师",
    "text": "我们发现在不等式的基本性质，"
  },
  {
    "start": 1254.86,
    "end": 1260.85,
    "speaker": "老师",
    "text": "在我们做填空题的时候快捷方便了很多。"
  },
  {
    "start": 1260.89,
    "end": 1264.41,
    "speaker": "老师",
    "text": "那么我们再想一想，"
  },
  {
    "start": 1264.41,
    "end": 1275.5,
    "speaker": "老师",
    "text": "这个不等式的性质在我们大题当中是怎样发挥它的功效的呢？"
  },
  {
    "start": 1275.52,
    "end": 1281.72,
    "speaker": "老师",
    "text": "下面我们来解决上一节课的问题。"
  },
  {
    "start": 1281.72,
    "end": 1285.74,
    "speaker": "老师",
    "text": "在上节课当中，"
  },
  {
    "start": 1285.74,
    "end": 1288.54,
    "speaker": "老师",
    "text": "我们猜想，"
  },
  {
    "start": 1288.56,
    "end": 1292.83,
    "speaker": "老师",
    "text": "无论绳长内有取何之时，"
  },
  {
    "start": 1292.99,
    "end": 1300.43,
    "speaker": "老师",
    "text": "正方形的面积比圆的面积小，"
  },
  {
    "start": 1300.43,
    "end": 1304.88,
    "speaker": "老师",
    "text": "即十六分之AL的平方，"
  },
  {
    "start": 1304.88,
    "end": 1308.72,
    "speaker": "老师",
    "text": "小于四派分之AL平。"
  },
  {
    "start": 1308.74,
    "end": 1310.66,
    "speaker": "老师",
    "text": "同学们想一想，"
  },
  {
    "start": 1310.66,
    "end": 1324.26,
    "speaker": "老师",
    "text": "我们怎么根据我们刚才所得出的三大法宝当中的某一法宝来证明这个结论的正确性，"
  },
  {
    "start": 1324.4,
    "end": 1332.1,
    "speaker": "老师",
    "text": "证明我们上一节课猜想的正确性呢？"
  },
  {
    "start": 1332.32,
    "end": 1338.28,
    "speaker": "老师",
    "text": "首先我们看到十六是四排杠，"
  },
  {
    "start": 1339.07,
    "end": 1348.4,
    "speaker": "老师",
    "text": "则十六分之一就小于四派分之一。"
  },
  {
    "start": 1348.48,
    "end": 1350.68,
    "speaker": "老师",
    "text": "因为l是绳长，"
  },
  {
    "start": 1350.68,
    "end": 1358.25,
    "speaker": "老师",
    "text": "所以l一定会大于零根距不等式的基本性质。"
  },
  {
    "start": 1358.79,
    "end": 1362.01,
    "speaker": "老师",
    "text": "二、两边同时乘以l平方，"
  },
  {
    "start": 1362.01,
    "end": 1365.96,
    "speaker": "老师",
    "text": "就有十六分之l平方，"
  },
  {
    "start": 1366.02,
    "end": 1368.72,
    "speaker": "老师",
    "text": "小于四派分之l平方。"
  },
  {
    "start": 1368.72,
    "end": 1376.8,
    "speaker": "老师",
    "text": "也就是我们从理论上证明了我上节课留下来的猜想，"
  },
  {
    "start": 1376.8,
    "end": 1382.82,
    "speaker": "老师",
    "text": "证明他是正确的。"
  },
  {
    "start": 1382.82,
    "end": 1388.52,
    "speaker": "老师",
    "text": "下面我们看到不等式的基本性质，"
  },
  {
    "start": 1388.52,
    "end": 1392.52,
    "speaker": "老师",
    "text": "在大题当中怎么发挥它的作用。"
  },
  {
    "start": 1392.54,
    "end": 1393.88,
    "speaker": "老师",
    "text": "他的第一个题，"
  },
  {
    "start": 1393.88,
    "end": 1397.07,
    "speaker": "老师",
    "text": "相互等式x减五大于负一，"
  },
  {
    "start": 1397.98,
    "end": 1404.25,
    "speaker": "老师",
    "text": "化为x大于a或x小于a的形式。"
  },
  {
    "start": 1404.25,
    "end": 1406.43,
    "speaker": "老师",
    "text": "同学们看到，"
  },
  {
    "start": 1406.59,
    "end": 1415.48,
    "speaker": "老师",
    "text": "我要把不等式的左边只能保留x的形式，"
  },
  {
    "start": 1415.48,
    "end": 1424.37,
    "speaker": "老师",
    "text": "而题中给的x减五是不是多了一个减五？"
  },
  {
    "start": 1424.37,
    "end": 1429.84,
    "speaker": "老师",
    "text": "我们要怎么把这个节目给移走呢？"
  },
  {
    "start": 1429.86,
    "end": 1433.96,
    "speaker": "老师",
    "text": "我们根据不等式的基本性质，"
  },
  {
    "start": 1434.38,
    "end": 1439.66,
    "speaker": "老师",
    "text": "一两边同时加上得x减五加五大于负一加五，"
  },
  {
    "start": 1439.66,
    "end": 1443.1,
    "speaker": "老师",
    "text": "成功的将不等式左边的减五给移走了，"
  },
  {
    "start": 1443.18,
    "end": 1444.58,
    "speaker": "老师",
    "text": "所以得到x大于四。"
  },
  {
    "start": 1444.58,
    "end": 1445.54,
    "speaker": "老师",
    "text": "第二，"
  },
  {
    "start": 1445.6,
    "end": 1448.46,
    "speaker": "老师",
    "text": "同样的问题，"
  },
  {
    "start": 1448.6,
    "end": 1457.83,
    "speaker": "老师",
    "text": "我们要把左边的x左边画成x的形式，"
  },
  {
    "start": 1458.15,
    "end": 1472.89,
    "speaker": "老师",
    "text": "而这里二x这里呃负二x这里负二和x之间是不是一个乘积的形式？"
  },
  {
    "start": 1472.89,
    "end": 1474.29,
    "speaker": "老师",
    "text": "花也自成精神，"
  },
  {
    "start": 1474.29,
    "end": 1478.37,
    "speaker": "老师",
    "text": "怎么会把花也给转移走呢？"
  },
  {
    "start": 1478.37,
    "end": 1481.09,
    "speaker": "老师",
    "text": "我们根据不等式的基本性质，"
  },
  {
    "start": 1481.19,
    "end": 1486.58,
    "speaker": "老师",
    "text": "三两边同时除以负二，"
  },
  {
    "start": 1488.05,
    "end": 1496.2,
    "speaker": "老师",
    "text": "得看清楚两边同时除以化的方x除以化，"
  },
  {
    "start": 1496.2,
    "end": 1497.16,
    "speaker": "老师",
    "text": "三除以化。"
  },
  {
    "start": 1497.16,
    "end": 1502.14,
    "speaker": "老师",
    "text": "我们知道负二它是一个负数，"
  },
  {
    "start": 1502.14,
    "end": 1505.34,
    "speaker": "老师",
    "text": "两边同时除以负数的时候，"
  },
  {
    "start": 1505.34,
    "end": 1508.44,
    "speaker": "老师",
    "text": "不等号的方向要发生改变。"
  },
  {
    "start": 1508.46,
    "end": 1512.56,
    "speaker": "老师",
    "text": "原本的大于号现在改为小于号，"
  },
  {
    "start": 1512.56,
    "end": 1516.78,
    "speaker": "老师",
    "text": "所以就得到x小于负二分之三。"
  },
  {
    "start": 1516.78,
    "end": 1527.3,
    "speaker": "老师",
    "text": "三、将不等式、sx加七大于五x加三化为x大于或x小于a的形式。"
  },
  {
    "start": 1527.46,
    "end": 1528.72,
    "speaker": "老师",
    "text": "同样的，"
  },
  {
    "start": 1528.72,
    "end": 1534.68,
    "speaker": "老师",
    "text": "我们结果当中是要求x在左边，"
  },
  {
    "start": 1534.68,
    "end": 1544.02,
    "speaker": "老师",
    "text": "我们怎么将把右边的五x转移到左边以及左边的七转移到右边去了。"
  },
  {
    "start": 1544.02,
    "end": 1550.93,
    "speaker": "老师",
    "text": "这个时候我又想到了我们的法宝。"
  },
  {
    "start": 1551.13,
    "end": 1554.63,
    "speaker": "老师",
    "text": "不等式的基本性质。"
  },
  {
    "start": 1554.77,
    "end": 1555.17,
    "speaker": "老师",
    "text": "首先，"
  },
  {
    "start": 1555.17,
    "end": 1557.33,
    "speaker": "老师",
    "text": "根据不等式的基本性质，"
  },
  {
    "start": 1557.33,
    "end": 1559.8,
    "speaker": "老师",
    "text": "一两边都减五，"
  },
  {
    "start": 1559.84,
    "end": 1563.57,
    "speaker": "老师",
    "text": "x减七得两边都减五，"
  },
  {
    "start": 1563.57,
    "end": 1567.08,
    "speaker": "老师",
    "text": "x减七就得到三x加七减五，"
  },
  {
    "start": 1567.08,
    "end": 1569.73,
    "speaker": "老师",
    "text": "x减七大于五，"
  },
  {
    "start": 1569.73,
    "end": 1571.92,
    "speaker": "老师",
    "text": "x加三减五，"
  },
  {
    "start": 1572.72,
    "end": 1575.52,
    "speaker": "老师",
    "text": "x减七即负x大于负四。"
  },
  {
    "start": 1575.52,
    "end": 1579.08,
    "speaker": "老师",
    "text": "还没有达到我我们的目标，"
  },
  {
    "start": 1579.18,
    "end": 1585.97,
    "speaker": "老师",
    "text": "左边只能留下x现在封了怎么办？"
  },
  {
    "start": 1585.97,
    "end": 1589.57,
    "speaker": "老师",
    "text": "根据不等式的基本性质，"
  },
  {
    "start": 1589.57,
    "end": 1592.11,
    "speaker": "老师",
    "text": "三两边同时除以化，"
  },
  {
    "start": 1592.17,
    "end": 1596.6,
    "speaker": "老师",
    "text": "所以算得出x小于二。"
  },
  {
    "start": 1596.62,
    "end": 1603.16,
    "speaker": "老师",
    "text": "那么根据不等式的三个基本性质，"
  },
  {
    "start": 1603.24,
    "end": 1609.55,
    "speaker": "老师",
    "text": "我们能将不等式化成x加AX大于零或x小于a的形式。"
  },
  {
    "start": 1609.57,
    "end": 1613.53,
    "speaker": "老师",
    "text": "同学们注意这里的格式，"
  },
  {
    "start": 1613.53,
    "end": 1620.92,
    "speaker": "老师",
    "text": "今天晚上的作业也要按照这样的格式书写，"
  },
  {
    "start": 1620.96,
    "end": 1622.48,
    "speaker": "老师",
    "text": "认真书写。"
  },
  {
    "start": 1622.48,
    "end": 1625.8,
    "speaker": "老师",
    "text": "如果你没有记住具体的格式，"
  },
  {
    "start": 1625.8,
    "end": 1632.64,
    "speaker": "老师",
    "text": "可以参阅到课本上的例题。"
  },
  {
    "start": 1632.64,
    "end": 1633.5,
    "speaker": "老师",
    "text": "下面，"
  },
  {
    "start": 1633.5,
    "end": 1635.94,
    "speaker": "老师",
    "text": "我们看到口护练习。"
  },
  {
    "start": 1635.94,
    "end": 1643.1,
    "speaker": "老师",
    "text": "第一个将下列不等式化为x大于或x小于a的形式。"
  },
  {
    "start": 1643.1,
    "end": 1644.62,
    "speaker": "老师",
    "text": "第一题，"
  },
  {
    "start": 1644.76,
    "end": 1647.49,
    "speaker": "老师",
    "text": "x减一判啊，"
  },
  {
    "start": 1647.49,
    "end": 1652.06,
    "speaker": "老师",
    "text": "这个比较容易x减一，"
  },
  {
    "start": 1652.06,
    "end": 1656.28,
    "speaker": "老师",
    "text": "这里面就是x已经在左边了，"
  },
  {
    "start": 1656.28,
    "end": 1663.53,
    "speaker": "老师",
    "text": "那么就两边同时加上一个一就可以得到x大于三。"
  },
  {
    "start": 1663.55,
    "end": 1666.11,
    "speaker": "老师",
    "text": "第二个负x小于六分之五，"
  },
  {
    "start": 1666.11,
    "end": 1669.41,
    "speaker": "老师",
    "text": "那么x前面有一个负一，"
  },
  {
    "start": 1669.61,
    "end": 1674.36,
    "speaker": "老师",
    "text": "负号也就是系数为负一。"
  },
  {
    "start": 1674.36,
    "end": 1681.31,
    "speaker": "老师",
    "text": "那么两边同时除以负一，"
  },
  {
    "start": 1681.31,
    "end": 1684.63,
    "speaker": "老师",
    "text": "不等号的方向就会发生改变，"
  },
  {
    "start": 1684.73,
    "end": 1688.98,
    "speaker": "老师",
    "text": "所以它的结果就是x大于副业本身。"
  },
  {
    "start": 1688.98,
    "end": 1693.2,
    "speaker": "老师",
    "text": "第三个x的系数是二分之一，"
  },
  {
    "start": 1693.2,
    "end": 1695.52,
    "speaker": "老师",
    "text": "要将x的系数变成一。"
  },
  {
    "start": 1695.52,
    "end": 1697.78,
    "speaker": "老师",
    "text": "那两边同时乘以二，"
  },
  {
    "start": 1697.78,
    "end": 1700.98,
    "speaker": "老师",
    "text": "所以得出我x小于六。"
  },
  {
    "start": 1701.1,
    "end": 1719.54,
    "speaker": "老师",
    "text": "下面我们看到练习四已知x大于y下列不等式一定成立的是第一个x减六，"
  },
  {
    "start": 1719.54,
    "end": 1722.04,
    "speaker": "老师",
    "text": "小于y减六，"
  },
  {
    "start": 1722.04,
    "end": 1733.28,
    "speaker": "老师",
    "text": "x减六和y减六是在x大于y的这个不等式两边同时减了一个六。"
  },
  {
    "start": 1733.28,
    "end": 1737.84,
    "speaker": "老师",
    "text": "根据不等式的基本性质，"
  },
  {
    "start": 1737.84,
    "end": 1747.42,
    "speaker": "老师",
    "text": "一两边同时减去同一个数不等号的方向，"
  },
  {
    "start": 1747.42,
    "end": 1748.42,
    "speaker": "老师",
    "text": "不要发生改变，"
  },
  {
    "start": 1748.5,
    "end": 1749.26,
    "speaker": "老师",
    "text": "不变不变。"
  },
  {
    "start": 1749.44,
    "end": 1752.04,
    "speaker": "老师",
    "text": "而这里的大于号已经变成了小号。"
  },
  {
    "start": 1752.04,
    "end": 1757.68,
    "speaker": "老师",
    "text": "所以第一个是第二三x和三y我们知道x是大应y的，"
  },
  {
    "start": 1757.78,
    "end": 1761.02,
    "speaker": "老师",
    "text": "那么在两边同时乘了一个三，"
  },
  {
    "start": 1761.02,
    "end": 1766.08,
    "speaker": "老师",
    "text": "那么三x应该是大于三y,"
  },
  {
    "start": 1766.1,
    "end": 1768.98,
    "speaker": "老师",
    "text": "而这里给出的是三x小于三y,"
  },
  {
    "start": 1769.84,
    "end": 1770.78,
    "speaker": "老师",
    "text": "因此还是错。"
  },
  {
    "start": 1770.78,
    "end": 1782.8,
    "speaker": "老师",
    "text": "第三个负二x和负二y负二x负二y是在x大于y的两边同时乘了负二。"
  },
  {
    "start": 1783.34,
    "end": 1785.12,
    "speaker": "老师",
    "text": "根据不等式的性质，"
  },
  {
    "start": 1785.12,
    "end": 1788.43,
    "speaker": "老师",
    "text": "三两边同时乘以一个负数，"
  },
  {
    "start": 1788.43,
    "end": 1790.69,
    "speaker": "老师",
    "text": "不等号的方向要发生改变。"
  },
  {
    "start": 1790.75,
    "end": 1794.49,
    "speaker": "老师",
    "text": "所以这里是正确第四个同学们思考一下，"
  },
  {
    "start": 1794.49,
    "end": 1806.57,
    "speaker": "老师",
    "text": "二x加一和二y加一if x大于y这个不等式两边同时乘了一个啊不等号的方向没有发生改变，"
  },
  {
    "start": 1806.57,
    "end": 1811.86,
    "speaker": "老师",
    "text": "也就是有二x大于二y."
  },
  {
    "start": 1811.86,
    "end": 1822.82,
    "speaker": "老师",
    "text": "然后在二x大于二y这个不等式的两边同时加了一个一不等号的方向，"
  },
  {
    "start": 1822.82,
    "end": 1825.6,
    "speaker": "老师",
    "text": "也没有发生改变。"
  },
  {
    "start": 1825.64,
    "end": 1832.23,
    "speaker": "老师",
    "text": "因此就有二x加一大于二y加一。"
  },
  {
    "start": 1832.23,
    "end": 1833.97,
    "speaker": "老师",
    "text": "因此等级是正确的，"
  },
  {
    "start": 1833.99,
    "end": 1835.94,
    "speaker": "老师",
    "text": "是我最好。"
  },
  {
    "start": 1835.96,
    "end": 1839.8,
    "speaker": "老师",
    "text": "下面我们看到能力提升级。"
  },
  {
    "start": 1839.8,
    "end": 1843.17,
    "speaker": "老师",
    "text": "若a大于BC为实数，"
  },
  {
    "start": 1843.25,
    "end": 1848.23,
    "speaker": "老师",
    "text": "则下列不等式一定成立的是我们看a选项，"
  },
  {
    "start": 1848.23,
    "end": 1853.11,
    "speaker": "老师",
    "text": "a乘c大于b乘c能判得出来吗？"
  },
  {
    "start": 1855.43,
    "end": 1857.67,
    "speaker": "老师",
    "text": "咱们除非你知道自己是大鱼，"
  },
  {
    "start": 1857.73,
    "end": 1872.51,
    "speaker": "老师",
    "text": "因为我们不知道c是一个什么数。"
  },
  {
    "start": 1872.51,
    "end": 1876.15,
    "speaker": "老师",
    "text": "所以两边同时乘以c的时候，"
  },
  {
    "start": 1876.67,
    "end": 1881.09,
    "speaker": "老师",
    "text": "不等号的方向到底该变还是不该变。"
  },
  {
    "start": 1882.03,
    "end": 1883.87,
    "speaker": "老师",
    "text": "所以a选项错误。"
  },
  {
    "start": 1883.87,
    "end": 1885.41,
    "speaker": "老师",
    "text": "同样的问题，"
  },
  {
    "start": 1885.43,
    "end": 1895.21,
    "speaker": "老师",
    "text": "我们知道c选项也是错的那我们来看b和d b选项是在a大于b的两边，"
  },
  {
    "start": 1895.21,
    "end": 1898.15,
    "speaker": "老师",
    "text": "同时乘了c的平方，"
  },
  {
    "start": 1898.25,
    "end": 1913.14,
    "speaker": "老师",
    "text": "他把不等号的方向发生了改变，"
  },
  {
    "start": 1914.17,
    "end": 1918.76,
    "speaker": "老师",
    "text": "还加了一个。"
  },
  {
    "start": 1919.32,
    "end": 1926.05,
    "speaker": "老师",
    "text": "首先如果c为正数的话，"
  },
  {
    "start": 1926.05,
    "end": 1928.03,
    "speaker": "老师",
    "text": "那么c的平方也是正数，"
  },
  {
    "start": 1928.19,
    "end": 1930.83,
    "speaker": "老师",
    "text": "两边同时乘以正数，"
  },
  {
    "start": 1931.39,
    "end": 1936.43,
    "speaker": "老师",
    "text": "不等号的方向不会发生改变。"
  },
  {
    "start": 1936.43,
    "end": 1939.43,
    "speaker": "老师",
    "text": "如果c是负数的话，"
  },
  {
    "start": 1941.19,
    "end": 1951.15,
    "speaker": "老师",
    "text": "c的平方也是正数，"
  },
  {
    "start": 1951.29,
    "end": 1962.93,
    "speaker": "老师",
    "text": "同时乘以c平方不等，"
  },
  {
    "start": 1962.93,
    "end": 1975.96,
    "speaker": "老师",
    "text": "和的方向也不能发生的。"
  },
  {
    "start": 1976.3,
    "end": 1979.07,
    "speaker": "老师",
    "text": "因此b选项错了，"
  },
  {
    "start": 1979.07,
    "end": 1985.69,
    "speaker": "老师",
    "text": "因为我们的排除法就知道，"
  },
  {
    "start": 1985.87,
    "end": 1992.12,
    "speaker": "老师",
    "text": "只能选d那同学们想没有想过，"
  },
  {
    "start": 1992.14,
    "end": 1996.94,
    "speaker": "老师",
    "text": "为什么指d是正确的呢？"
  },
  {
    "start": 1996.94,
    "end": 2004.34,
    "speaker": "老师",
    "text": "因为c平方无论c为何值时，"
  },
  {
    "start": 2004.56,
    "end": 2011.17,
    "speaker": "老师",
    "text": "c平方一定非负非负数，"
  },
  {
    "start": 2011.17,
    "end": 2013.11,
    "speaker": "老师",
    "text": "就是正数和零。"
  },
  {
    "start": 2013.11,
    "end": 2015.71,
    "speaker": "老师",
    "text": "如果c平方是正数，"
  },
  {
    "start": 2016.48,
    "end": 2021.16,
    "speaker": "老师",
    "text": "那么AC平方就会大于b乘c平方，"
  },
  {
    "start": 2021.16,
    "end": 2025.43,
    "speaker": "老师",
    "text": "那么不等号的方向不会发生。"
  },
  {
    "start": 2025.43,
    "end": 2030.06,
    "speaker": "老师",
    "text": "但是一旦如果c等于零的话，"
  },
  {
    "start": 2030.2,
    "end": 2037.16,
    "speaker": "老师",
    "text": "那么a乘c平方就会等于b乘c平方也等于，"
  },
  {
    "start": 2037.16,
    "end": 2039.64,
    "speaker": "老师",
    "text": "所以他们是等号连接器。"
  },
  {
    "start": 2039.64,
    "end": 2051.99,
    "speaker": "老师",
    "text": "因此本题的答案就应该是a乘c平方大于等于b乘c平方，"
  },
  {
    "start": 2051.67,
    "end": 2051.99,
    "speaker": "老师",
    "text": "故答案选d下面我们来挑战一个难度更大的希望，"
  },
  {
    "start": 2051.67,
    "end": 2051.99,
    "speaker": "老师",
    "text": "比较a与二a的大小。"
  },
  {
    "start": 2051.67,
    "end": 2051.99,
    "speaker": "老师",
    "text": "那么同学们a与二a的大小怎么比较？"
  },
  {
    "start": 2051.67,
    "end": 2051.99,
    "speaker": "老师",
    "text": "我们不知道a是正数还是负数还是零。"
  },
  {
    "start": 2051.67,
    "end": 2051.99,
    "speaker": "老师",
    "text": "因此我们要根据数学里面一个非常重要的数学思想，"
  },
  {
    "start": 2051.67,
    "end": 2051.99,
    "speaker": "老师",
    "text": "分类讨论思想。"
  },
  {
    "start": 2051.67,
    "end": 2051.99,
    "speaker": "老师",
    "text": "那么a有可能大于零也有可能小于零，"
  },
  {
    "start": 2051.67,
    "end": 2051.99,
    "speaker": "老师",
    "text": "还有可能。"
  },
  {
    "start": 2051.67,
    "end": 2051.99,
    "speaker": "老师",
    "text": "所以我们把它分为三类，"
  },
  {
    "start": 2051.67,
    "end": 2051.99,
    "speaker": "老师",
    "text": "去比较解当a大于零时，"
  },
  {
    "start": 2051.67,
    "end": 2051.99,
    "speaker": "老师",
    "text": "因为a大于，"
  },
  {
    "start": 2051.67,
    "end": 2051.99,
    "speaker": "老师",
    "text": "所以a枪a大零加a同学们知道这一步的依据是什么吗？"
  },
  {
    "start": 2051.67,
    "end": 2051.99,
    "speaker": "老师",
    "text": "是不等式的基本性质，"
  },
  {
    "start": 2051.67,
    "end": 2051.99,
    "speaker": "老师",
    "text": "一两边同时加上一个a不等号的方向不会发生改变。"
  },
  {
    "start": 2051.67,
    "end": 2051.99,
    "speaker": "老师",
    "text": "即啊哎大米嗯a等于零时，"
  },
  {
    "start": 2051.67,
    "end": 2051.99,
    "speaker": "老师",
    "text": "a等于二a等于零，"
  },
  {
    "start": 2051.67,
    "end": 2051.99,
    "speaker": "老师",
    "text": "对吧？"
  },
  {
    "start": 2051.67,
    "end": 2051.99,
    "speaker": "老师",
    "text": "嗯，"
  },
  {
    "start": 2051.67,
    "end": 2051.99,
    "speaker": "老师",
    "text": "a小于零时，"
  },
  {
    "start": 2051.67,
    "end": 2051.99,
    "speaker": "老师",
    "text": "因为a小于零，"
  },
  {
    "start": 2051.67,
    "end": 2051.99,
    "speaker": "老师",
    "text": "因为a是小于零的，"
  },
  {
    "start": 2051.67,
    "end": 2051.99,
    "speaker": "老师",
    "text": "那么所以两边同时加上a还是根据我们的不等式的基本性质，"
  },
  {
    "start": 2051.67,
    "end": 2051.99,
    "speaker": "老师",
    "text": "一两边同时加上a不等号的方向不会发生改变，"
  },
  {
    "start": 2051.67,
    "end": 2051.99,
    "speaker": "老师",
    "text": "即二a小于。"
  },
  {
    "start": 2051.67,
    "end": 2051.99,
    "speaker": "老师",
    "text": "也就是说在三种不同的情况下，"
  },
  {
    "start": 2051.67,
    "end": 2051.99,
    "speaker": "老师",
    "text": "我们得出三种不同的结论。"
  },
  {
    "start": 2051.67,
    "end": 2051.99,
    "speaker": "老师",
    "text": "当a大于零时，"
  },
  {
    "start": 2051.67,
    "end": 2051.99,
    "speaker": "老师",
    "text": "当a大于当a等于零的时候，"
  },
  {
    "start": 2051.67,
    "end": 2051.99,
    "speaker": "老师",
    "text": "二a等于a当a小于零时，"
  },
  {
    "start": 2051.67,
    "end": 2051.99,
    "speaker": "老师",
    "text": "二a小于a所以同学们要掌握这种分类讨论的数学思想。"
  },
  {
    "start": 2051.67,
    "end": 2051.99,
    "speaker": "老师",
    "text": "好，"
  },
  {
    "start": 2051.67,
    "end": 2051.99,
    "speaker": "老师",
    "text": "同学们，"
  },
  {
    "start": 2051.67,
    "end": 2051.99,
    "speaker": "老师",
    "text": "我们来回顾一下今天这节课，"
  },
  {
    "start": 2051.67,
    "end": 2051.99,
    "speaker": "老师",
    "text": "我们学到了什么呢？"
  },
  {
    "start": 2051.67,
    "end": 2051.99,
    "speaker": "老师",
    "text": "我们一起来赏析一下今天的作业。"
  }
]