[
  {
    "start": 9.16,
    "end": 10.0,
    "speaker": "老师",
    "text": "同学们好，"
  },
  {
    "start": 10.0,
    "end": 11.44,
    "speaker": "老师",
    "text": "我是杨老师。"
  },
  {
    "start": 11.5,
    "end": 17.74,
    "speaker": "老师",
    "text": "今天由杨老师来带领大家开启我们第四章因式分解的学习。"
  },
  {
    "start": 17.74,
    "end": 23.89,
    "speaker": "老师",
    "text": "今天我们学习第一课时因式分解认识一下。"
  },
  {
    "start": 23.91,
    "end": 33.37,
    "speaker": "老师",
    "text": "什么是因式分解？"
  },
  {
    "start": 33.41,
    "end": 34.79,
    "speaker": "老师",
    "text": "不是受疫情影响，"
  },
  {
    "start": 34.79,
    "end": 39.27,
    "speaker": "老师",
    "text": "我们的开学时间已经整整推迟了两个月。"
  },
  {
    "start": 39.27,
    "end": 41.95,
    "speaker": "老师",
    "text": "大家肯定十分怀念，"
  },
  {
    "start": 41.95,
    "end": 46.06,
    "speaker": "老师",
    "text": "与自己一起玩耍，"
  },
  {
    "start": 46.1,
    "end": 51.34,
    "speaker": "老师",
    "text": "小伙伴们肯定也十分想念坐在自己的教室里，"
  },
  {
    "start": 51.34,
    "end": 56.69,
    "speaker": "老师",
    "text": "聆听自己老师娓娓道来的课程。"
  },
  {
    "start": 56.75,
    "end": 60.01,
    "speaker": "老师",
    "text": "老师同学是我们身边最熟悉的人，"
  },
  {
    "start": 60.01,
    "end": 64.8,
    "speaker": "老师",
    "text": "而这份由熟悉人带给我们的美好，"
  },
  {
    "start": 64.8,
    "end": 67.64,
    "speaker": "老师",
    "text": "值得我们一辈子的珍藏。"
  },
  {
    "start": 67.64,
    "end": 73.83,
    "speaker": "老师",
    "text": "今天我们的课程也是从一道熟悉的计算题开始。"
  },
  {
    "start": 73.83,
    "end": 82.53,
    "speaker": "老师",
    "text": "你能用简便运算计算五十五乘九十九加四十五乘九十九吗？"
  },
  {
    "start": 82.53,
    "end": 82.97,
    "speaker": "老师",
    "text": "对，"
  },
  {
    "start": 83.13,
    "end": 86.45,
    "speaker": "老师",
    "text": "很多同学可能都想到了，"
  },
  {
    "start": 86.49,
    "end": 89.79,
    "speaker": "老师",
    "text": "老师我可以先拿五十五，"
  },
  {
    "start": 89.79,
    "end": 96.61,
    "speaker": "老师",
    "text": "加上四十五等于一百再去乘以九十九，"
  },
  {
    "start": 96.61,
    "end": 98.87,
    "speaker": "老师",
    "text": "答案等于九千九百，"
  },
  {
    "start": 99.17,
    "end": 100.35,
    "speaker": "老师",
    "text": "很简单的，"
  },
  {
    "start": 100.43,
    "end": 101.27,
    "speaker": "老师",
    "text": "对不对？"
  },
  {
    "start": 101.27,
    "end": 108.22,
    "speaker": "老师",
    "text": "那我们运用了什么样的一个依据，"
  },
  {
    "start": 108.22,
    "end": 110.56,
    "speaker": "老师",
    "text": "可以让你简化这道计算题呢？"
  },
  {
    "start": 110.56,
    "end": 113.22,
    "speaker": "老师",
    "text": "我们利用了乘法的分配律，"
  },
  {
    "start": 113.22,
    "end": 120.3,
    "speaker": "老师",
    "text": "大家知道在乘法里面我们还会有一些其他的运算率，"
  },
  {
    "start": 120.44,
    "end": 124.26,
    "speaker": "老师",
    "text": "这些运算率可不可以也都来应用呢？"
  },
  {
    "start": 124.26,
    "end": 133.26,
    "speaker": "老师",
    "text": "我们初中的数学学习已经从简单的算式扩充到了我们的字母整式的学习上。"
  },
  {
    "start": 133.76,
    "end": 137.8,
    "speaker": "老师",
    "text": "那我们乘法的一些运算率可不可以？"
  },
  {
    "start": 138.1,
    "end": 141.98,
    "speaker": "老师",
    "text": "对于我们整式的学习有所帮助呢？"
  },
  {
    "start": 141.98,
    "end": 146.6,
    "speaker": "老师",
    "text": "利用这些乘法的一些运算率，"
  },
  {
    "start": 146.6,
    "end": 152.73,
    "speaker": "老师",
    "text": "对于整式到底有什么帮助？"
  },
  {
    "start": 152.77,
    "end": 156.97,
    "speaker": "老师",
    "text": "我们将在第四章因式分解这一章解答。"
  },
  {
    "start": 156.97,
    "end": 162.0,
    "speaker": "老师",
    "text": "下面我们来看一道图形题，"
  },
  {
    "start": 162.34,
    "end": 166.94,
    "speaker": "老师",
    "text": "如图有三块长为m的菜地，"
  },
  {
    "start": 166.94,
    "end": 172.9,
    "speaker": "老师",
    "text": "你能用不同的方式来表示它的总面积吗？"
  },
  {
    "start": 172.9,
    "end": 173.34,
    "speaker": "老师",
    "text": "好，"
  },
  {
    "start": 173.34,
    "end": 179.87,
    "speaker": "老师",
    "text": "我们来看三块第一块长方形，"
  },
  {
    "start": 180.17,
    "end": 184.64,
    "speaker": "老师",
    "text": "它的面积MA,"
  },
  {
    "start": 184.64,
    "end": 186.18,
    "speaker": "老师",
    "text": "第二块长方形，"
  },
  {
    "start": 186.18,
    "end": 189.63,
    "speaker": "老师",
    "text": "它的面积什么？"
  },
  {
    "start": 189.63,
    "end": 192.69,
    "speaker": "老师",
    "text": "B第三块仍然是长方形，"
  },
  {
    "start": 192.69,
    "end": 199.41,
    "speaker": "老师",
    "text": "它的面积m么c总面积MA加MB加MC."
  },
  {
    "start": 199.43,
    "end": 199.97,
    "speaker": "老师",
    "text": "好，"
  },
  {
    "start": 204.73,
    "end": 209.31,
    "speaker": "老师",
    "text": "你还会用其他的方法来表示它吗？"
  },
  {
    "start": 209.37,
    "end": 216.97,
    "speaker": "老师",
    "text": "我们来看一看这三块菜地的长分别都是什么。"
  },
  {
    "start": 217.19,
    "end": 223.06,
    "speaker": "老师",
    "text": "那如果我可以对它进行无缝链接的话，"
  },
  {
    "start": 224.16,
    "end": 228.74,
    "speaker": "老师",
    "text": "方块将会完整的拼成一个新的长方形。"
  },
  {
    "start": 228.74,
    "end": 238.21,
    "speaker": "老师",
    "text": "那新的长方形的长将变成a加b加c所以新长方形的面积等于a么？"
  },
  {
    "start": 238.21,
    "end": 244.61,
    "speaker": "老师",
    "text": "乘以a加b加c这新长方形的面积是由原来三块面积之和组成的，"
  },
  {
    "start": 244.61,
    "end": 248.25,
    "speaker": "老师",
    "text": "所以它们之间是相等的。"
  },
  {
    "start": 248.97,
    "end": 254.63,
    "speaker": "老师",
    "text": "我使用了两种方法来表示这块三块菜地的面积。"
  },
  {
    "start": 254.65,
    "end": 259.65,
    "speaker": "老师",
    "text": "那大家从初一我们讲过整式的乘法，"
  },
  {
    "start": 259.83,
    "end": 273.58,
    "speaker": "老师",
    "text": "大家来看我们式子的右边m乘以括号a加b加c这一个式子是单项式乘以多项式。"
  },
  {
    "start": 273.76,
    "end": 277.14,
    "speaker": "老师",
    "text": "如果我们使用整式乘法法则，"
  },
  {
    "start": 277.16,
    "end": 282.4,
    "speaker": "老师",
    "text": "是不是可以把它写成m么？"
  },
  {
    "start": 282.4,
    "end": 286.19,
    "speaker": "老师",
    "text": "A加MB加MC,"
  },
  {
    "start": 286.85,
    "end": 289.23,
    "speaker": "老师",
    "text": "从式子的右边到左边，"
  },
  {
    "start": 289.23,
    "end": 293.18,
    "speaker": "老师",
    "text": "我们可以看成整式的乘法。"
  },
  {
    "start": 293.26,
    "end": 301.58,
    "speaker": "老师",
    "text": "那我们从式子的左边到右边又可以看成什么样的一个运算呢？"
  },
  {
    "start": 301.58,
    "end": 303.12,
    "speaker": "老师",
    "text": "什么运算呢？"
  },
  {
    "start": 303.42,
    "end": 308.02,
    "speaker": "老师",
    "text": "就是我们今天要学的因式分解。"
  },
  {
    "start": 308.06,
    "end": 308.5,
    "speaker": "老师",
    "text": "好，"
  },
  {
    "start": 308.58,
    "end": 310.1,
    "speaker": "老师",
    "text": "什么是因式分解呢？"
  },
  {
    "start": 310.58,
    "end": 313.86,
    "speaker": "老师",
    "text": "我们来看一看因式分解的定义，"
  },
  {
    "start": 313.9,
    "end": 318.78,
    "speaker": "老师",
    "text": "把一个多项式化成几个整式集的形式。"
  },
  {
    "start": 318.82,
    "end": 338.63,
    "speaker": "老师",
    "text": "我们把这种变形叫做因式分解，"
  },
  {
    "start": 338.63,
    "end": 341.83,
    "speaker": "老师",
    "text": "也可以称为分解因式。"
  },
  {
    "start": 341.99,
    "end": 344.87,
    "speaker": "老师",
    "text": "对于新概念的学习，"
  },
  {
    "start": 345.07,
    "end": 351.93,
    "speaker": "老师",
    "text": "老师建议大家对着我们的概念通读几遍，"
  },
  {
    "start": 351.93,
    "end": 359.83,
    "speaker": "老师",
    "text": "这样可以加注于我们对概念的理解。"
  },
  {
    "start": 359.99,
    "end": 363.21,
    "speaker": "老师",
    "text": "下面大家对着屏幕的概念通读几遍。"
  },
  {
    "start": 363.33,
    "end": 367.02,
    "speaker": "老师",
    "text": "你想你想通过定义，"
  },
  {
    "start": 367.02,
    "end": 372.67,
    "speaker": "老师",
    "text": "我们知道因式分解，"
  },
  {
    "start": 372.75,
    "end": 380.11,
    "speaker": "老师",
    "text": "它是把一个多项式化成几个整式集的形式。"
  },
  {
    "start": 380.21,
    "end": 382.81,
    "speaker": "老师",
    "text": "那分解从哪里去理解呢？"
  },
  {
    "start": 382.93,
    "end": 383.17,
    "speaker": "老师",
    "text": "啊，"
  },
  {
    "start": 383.17,
    "end": 383.69,
    "speaker": "老师",
    "text": "我们来看，"
  },
  {
    "start": 383.69,
    "end": 389.02,
    "speaker": "老师",
    "text": "它是把一个变成几个，"
  },
  {
    "start": 389.06,
    "end": 394.73,
    "speaker": "老师",
    "text": "由一个变成几个这个过程，"
  },
  {
    "start": 395.17,
    "end": 400.37,
    "speaker": "老师",
    "text": "我们可不可以理解为分解呢？"
  },
  {
    "start": 400.83,
    "end": 405.51,
    "speaker": "老师",
    "text": "各位分解是这样来的，"
  },
  {
    "start": 405.51,
    "end": 407.51,
    "speaker": "老师",
    "text": "三好再来看几小学，"
  },
  {
    "start": 407.51,
    "end": 416.0,
    "speaker": "老师",
    "text": "我们学过数字和数字乘数字被称为因数。"
  },
  {
    "start": 416.12,
    "end": 418.28,
    "speaker": "老师",
    "text": "那整式和整式乘呢，"
  },
  {
    "start": 418.28,
    "end": 422.76,
    "speaker": "老师",
    "text": "那这个整式我们可以把它称为什么呢？"
  },
  {
    "start": 422.76,
    "end": 423.68,
    "speaker": "老师",
    "text": "因数啊整式，"
  },
  {
    "start": 423.86,
    "end": 430.91,
    "speaker": "老师",
    "text": "那我们就可以把它称为因式啊，"
  },
  {
    "start": 430.91,
    "end": 434.67,
    "speaker": "老师",
    "text": "原来分解因式是这样理解的。"
  },
  {
    "start": 434.67,
    "end": 435.11,
    "speaker": "老师",
    "text": "好，"
  },
  {
    "start": 435.15,
    "end": 445.25,
    "speaker": "老师",
    "text": "大家现在再来看我们概念学习一定要注意它的细节部分。"
  },
  {
    "start": 445.45,
    "end": 447.25,
    "speaker": "老师",
    "text": "第一个，"
  },
  {
    "start": 447.39,
    "end": 451.23,
    "speaker": "老师",
    "text": "我们分解的是多项式多项式，"
  },
  {
    "start": 451.25,
    "end": 457.03,
    "speaker": "老师",
    "text": "所以你写的式子的左边一定是一个多项式。"
  },
  {
    "start": 457.11,
    "end": 461.15,
    "speaker": "老师",
    "text": "下面来看老师写的这个式子，"
  },
  {
    "start": 461.21,
    "end": 465.03,
    "speaker": "老师",
    "text": "它属不属于因式分解什么东西。"
  },
  {
    "start": 465.27,
    "end": 469.75,
    "speaker": "老师",
    "text": "四XY等于四x乘以y,"
  },
  {
    "start": 469.85,
    "end": 473.27,
    "speaker": "老师",
    "text": "它属不属于因式分解，"
  },
  {
    "start": 473.35,
    "end": 476.13,
    "speaker": "老师",
    "text": "对它不属于因式分解，"
  },
  {
    "start": 476.21,
    "end": 478.73,
    "speaker": "老师",
    "text": "为什么呢？"
  },
  {
    "start": 478.87,
    "end": 481.47,
    "speaker": "老师",
    "text": "因为它是什么式子，"
  },
  {
    "start": 481.47,
    "end": 483.97,
    "speaker": "老师",
    "text": "它是单项式，"
  },
  {
    "start": 483.97,
    "end": 488.27,
    "speaker": "老师",
    "text": "不是我们分解的多项式，"
  },
  {
    "start": 488.47,
    "end": 495.41,
    "speaker": "老师",
    "text": "我们要求分解因式一定是一个多项式。"
  },
  {
    "start": 495.41,
    "end": 495.69,
    "speaker": "老师",
    "text": "好，"
  },
  {
    "start": 495.69,
    "end": 498.01,
    "speaker": "老师",
    "text": "第二个我们看它的条件，"
  },
  {
    "start": 498.01,
    "end": 502.63,
    "speaker": "老师",
    "text": "在我们式子的右边一定是整式集的形式。"
  },
  {
    "start": 502.75,
    "end": 508.97,
    "speaker": "老师",
    "text": "我们整式之间一定是用乘号来连接的。"
  },
  {
    "start": 509.07,
    "end": 509.49,
    "speaker": "老师",
    "text": "好，"
  },
  {
    "start": 509.49,
    "end": 511.45,
    "speaker": "老师",
    "text": "第三个条件，"
  },
  {
    "start": 511.97,
    "end": 520.48,
    "speaker": "老师",
    "text": "我们右边右边的这个式子讲的都必须是整式，"
  },
  {
    "start": 520.6,
    "end": 522.64,
    "speaker": "老师",
    "text": "都必须是整式，"
  },
  {
    "start": 522.64,
    "end": 526.0,
    "speaker": "老师",
    "text": "不允许出现分式，"
  },
  {
    "start": 526.0,
    "end": 527.3,
    "speaker": "老师",
    "text": "甚至一些无理式啊，"
  },
  {
    "start": 527.3,
    "end": 529.94,
    "speaker": "老师",
    "text": "右边必须是整式。"
  },
  {
    "start": 529.96,
    "end": 530.26,
    "speaker": "老师",
    "text": "好，"
  },
  {
    "start": 530.26,
    "end": 532.62,
    "speaker": "老师",
    "text": "这是我们讲的因式分解。"
  },
  {
    "start": 532.62,
    "end": 539.36,
    "speaker": "老师",
    "text": "在这里杨老师要带领大家回忆一下，"
  },
  {
    "start": 539.82,
    "end": 544.1,
    "speaker": "老师",
    "text": "在我们小学的时候，"
  },
  {
    "start": 545.22,
    "end": 550.26,
    "speaker": "老师",
    "text": "我们还学过一个叫做分解质因数，"
  },
  {
    "start": 550.26,
    "end": 551.08,
    "speaker": "老师",
    "text": "对不对？"
  },
  {
    "start": 551.42,
    "end": 552.34,
    "speaker": "老师",
    "text": "举个例子，"
  },
  {
    "start": 552.34,
    "end": 559.32,
    "speaker": "老师",
    "text": "比如说一十二一十二它可以分解成为二乘以二乘以三。"
  },
  {
    "start": 559.5,
    "end": 564.14,
    "speaker": "老师",
    "text": "我们也是把一个数变成几个数啊，"
  },
  {
    "start": 564.14,
    "end": 570.91,
    "speaker": "老师",
    "text": "分解分解成什么样的数呢？"
  },
  {
    "start": 571.01,
    "end": 573.09,
    "speaker": "老师",
    "text": "二二三这样的数，"
  },
  {
    "start": 573.09,
    "end": 575.53,
    "speaker": "老师",
    "text": "我们都把它称为质数，"
  },
  {
    "start": 575.95,
    "end": 580.0,
    "speaker": "老师",
    "text": "所以一十二等于二乘二乘三。"
  },
  {
    "start": 580.12,
    "end": 582.72,
    "speaker": "老师",
    "text": "像这种变形，"
  },
  {
    "start": 582.72,
    "end": 585.76,
    "speaker": "老师",
    "text": "我们把它称为分解质因数。"
  },
  {
    "start": 585.76,
    "end": 588.93,
    "speaker": "老师",
    "text": "不是不是不是不信不行，"
  },
  {
    "start": 588.93,
    "end": 591.23,
    "speaker": "老师",
    "text": "分解质因数。"
  },
  {
    "start": 591.27,
    "end": 591.49,
    "speaker": "老师",
    "text": "好，"
  },
  {
    "start": 591.49,
    "end": 595.37,
    "speaker": "老师",
    "text": "大家学会了分解质因数的目的，"
  },
  {
    "start": 595.47,
    "end": 602.38,
    "speaker": "老师",
    "text": "或者是说分你学会了分解质因数。"
  },
  {
    "start": 602.38,
    "end": 606.72,
    "speaker": "老师",
    "text": "你在哪些题目运算中需要用到它呢？"
  },
  {
    "start": 606.78,
    "end": 613.56,
    "speaker": "老师",
    "text": "最大的一个用处就是我们分数的学习，"
  },
  {
    "start": 613.78,
    "end": 614.52,
    "speaker": "老师",
    "text": "对不对？"
  },
  {
    "start": 614.52,
    "end": 615.52,
    "speaker": "老师",
    "text": "相信我，"
  },
  {
    "start": 615.52,
    "end": 632.23,
    "speaker": "老师",
    "text": "我们分数的通分约分都是来靠我们分解质因数作为基础来完成的那大家先来想一想，"
  },
  {
    "start": 632.45,
    "end": 637.57,
    "speaker": "老师",
    "text": "我们学的因式分解因式分解，"
  },
  {
    "start": 637.57,
    "end": 643.92,
    "speaker": "老师",
    "text": "它的目的是为了帮助我们学习什么呢？"
  },
  {
    "start": 645.53,
    "end": 651.74,
    "speaker": "老师",
    "text": "数字是为了帮助学习分数。"
  },
  {
    "start": 651.74,
    "end": 662.94,
    "speaker": "老师",
    "text": "那我们的式子就是为了帮助我们学习第五章的分式。"
  },
  {
    "start": 663.0,
    "end": 664.38,
    "speaker": "老师",
    "text": "分式。"
  },
  {
    "start": 664.42,
    "end": 672.21,
    "speaker": "老师",
    "text": "所以如果你想要学好第五章分式，"
  },
  {
    "start": 672.27,
    "end": 676.35,
    "speaker": "老师",
    "text": "请一定要学好我们第四章因式分解啊，"
  },
  {
    "start": 676.37,
    "end": 681.21,
    "speaker": "老师",
    "text": "杨老师准备了几道变形题，"
  },
  {
    "start": 681.29,
    "end": 683.15,
    "speaker": "老师",
    "text": "大家来认一认，"
  },
  {
    "start": 683.15,
    "end": 685.95,
    "speaker": "老师",
    "text": "看看它属不属于因式分解。"
  },
  {
    "start": 685.95,
    "end": 695.41,
    "speaker": "老师",
    "text": "判断下列各式从左到右的变形中是否是因式分解。"
  },
  {
    "start": 695.53,
    "end": 696.19,
    "speaker": "老师",
    "text": "好，"
  },
  {
    "start": 696.31,
    "end": 705.8,
    "speaker": "老师",
    "text": "因式分解是把一个多项式变成几个整式几的形式，"
  },
  {
    "start": 705.8,
    "end": 707.94,
    "speaker": "老师",
    "text": "一个多项式。"
  },
  {
    "start": 707.94,
    "end": 708.6,
    "speaker": "老师",
    "text": "好，"
  },
  {
    "start": 708.6,
    "end": 714.06,
    "speaker": "老师",
    "text": "我们先来看看第一道他是不是哦，"
  },
  {
    "start": 714.06,
    "end": 718.04,
    "speaker": "老师",
    "text": "它的左边不是多项式，"
  },
  {
    "start": 718.34,
    "end": 724.25,
    "speaker": "老师",
    "text": "所以它不是我们讲的因式分解。"
  },
  {
    "start": 724.27,
    "end": 725.25,
    "speaker": "老师",
    "text": "好，"
  },
  {
    "start": 725.37,
    "end": 726.76,
    "speaker": "老师",
    "text": "再来看第二道，"
  },
  {
    "start": 727.52,
    "end": 732.14,
    "speaker": "老师",
    "text": "左边多项式没有问题，"
  },
  {
    "start": 732.22,
    "end": 735.56,
    "speaker": "老师",
    "text": "右边整是几的形式不对了。"
  },
  {
    "start": 735.74,
    "end": 737.68,
    "speaker": "老师",
    "text": "有同学发现了老师，"
  },
  {
    "start": 737.68,
    "end": 740.58,
    "speaker": "老师",
    "text": "它除了积的形式，"
  },
  {
    "start": 740.7,
    "end": 743.28,
    "speaker": "老师",
    "text": "它还有和形式，"
  },
  {
    "start": 743.32,
    "end": 747.62,
    "speaker": "老师",
    "text": "所以它的右边不是积的形式。"
  },
  {
    "start": 747.64,
    "end": 754.77,
    "speaker": "老师",
    "text": "那也就是说它仍然不属于我们讲的因式分解。"
  },
  {
    "start": 754.77,
    "end": 755.15,
    "speaker": "老师",
    "text": "好，"
  },
  {
    "start": 755.15,
    "end": 759.12,
    "speaker": "老师",
    "text": "我们再来看第三大，"
  },
  {
    "start": 759.12,
    "end": 773.77,
    "speaker": "老师",
    "text": "他是把一个多项式分解成几个乘级形式，"
  },
  {
    "start": 773.81,
    "end": 777.21,
    "speaker": "老师",
    "text": "第三道题满足吗？"
  },
  {
    "start": 777.23,
    "end": 782.83,
    "speaker": "老师",
    "text": "不满足它的右边出现了擦形式，"
  },
  {
    "start": 783.03,
    "end": 787.37,
    "speaker": "老师",
    "text": "不是我们要的行的形式。"
  },
  {
    "start": 787.57,
    "end": 795.01,
    "speaker": "老师",
    "text": "而且它的左边它的左边也不是我们讲的多项式，"
  },
  {
    "start": 795.01,
    "end": 800.33,
    "speaker": "老师",
    "text": "所以第三道仍然不是因式分解。"
  },
  {
    "start": 800.59,
    "end": 801.23,
    "speaker": "老师",
    "text": "好，"
  },
  {
    "start": 801.27,
    "end": 803.57,
    "speaker": "老师",
    "text": "我们来看第四道，"
  },
  {
    "start": 803.57,
    "end": 806.14,
    "speaker": "老师",
    "text": "左边多项式，"
  },
  {
    "start": 806.14,
    "end": 808.92,
    "speaker": "老师",
    "text": "右边整式乘积的形式对它满足，"
  },
  {
    "start": 808.92,
    "end": 810.76,
    "speaker": "老师",
    "text": "所以它是因式分解。"
  },
  {
    "start": 810.76,
    "end": 811.68,
    "speaker": "老师",
    "text": "好，"
  },
  {
    "start": 811.78,
    "end": 815.5,
    "speaker": "老师",
    "text": "我们来看第五个左边多项式，"
  },
  {
    "start": 815.68,
    "end": 820.75,
    "speaker": "老师",
    "text": "右边以整式乘积形式对了，"
  },
  {
    "start": 820.75,
    "end": 822.57,
    "speaker": "老师",
    "text": "它也是我们的因式分解。"
  },
  {
    "start": 822.57,
    "end": 828.59,
    "speaker": "老师",
    "text": "希望大家通过五道变形题能够加深对因式分解的理解。"
  },
  {
    "start": 828.59,
    "end": 834.98,
    "speaker": "老师",
    "text": "我们下面来看书上的做一做，"
  },
  {
    "start": 834.98,
    "end": 839.42,
    "speaker": "老师",
    "text": "完成下列题目。"
  },
  {
    "start": 839.42,
    "end": 839.9,
    "speaker": "老师",
    "text": "好，"
  },
  {
    "start": 839.9,
    "end": 860.65,
    "speaker": "老师",
    "text": "第一道是我们讲的单项式乘以多项式整式的乘法得数是x平方减二x第二道x加y乘以x减y."
  },
  {
    "start": 860.75,
    "end": 861.21,
    "speaker": "老师",
    "text": "对，"
  },
  {
    "start": 861.23,
    "end": 865.03,
    "speaker": "老师",
    "text": "它是我们很熟悉的平方差公式。"
  },
  {
    "start": 865.21,
    "end": 869.89,
    "speaker": "老师",
    "text": "那它出来应该等于x平方减y平方。"
  },
  {
    "start": 870.07,
    "end": 870.87,
    "speaker": "老师",
    "text": "好，"
  },
  {
    "start": 870.89,
    "end": 872.75,
    "speaker": "老师",
    "text": "第三题，"
  },
  {
    "start": 872.75,
    "end": 875.27,
    "speaker": "老师",
    "text": "x加一括号的平方，"
  },
  {
    "start": 875.53,
    "end": 878.77,
    "speaker": "老师",
    "text": "这是一个完全平方公式。"
  },
  {
    "start": 878.95,
    "end": 883.29,
    "speaker": "老师",
    "text": "完全平方公式大家一定要记好，"
  },
  {
    "start": 883.29,
    "end": 886.01,
    "speaker": "老师",
    "text": "完全平方公式出来是三项三项。"
  },
  {
    "start": 886.01,
    "end": 892.7,
    "speaker": "老师",
    "text": "所以我们的答案等于x平方加二加一好。"
  },
  {
    "start": 892.7,
    "end": 904.51,
    "speaker": "老师",
    "text": "我们利用这三道简单的复习了一下我们初一讲的整式的乘法。"
  },
  {
    "start": 904.51,
    "end": 917.71,
    "speaker": "老师",
    "text": "下面大家对着左边的式子能不能对右边我们出的多项式进行因式分解呢？"
  },
  {
    "start": 917.71,
    "end": 918.25,
    "speaker": "老师",
    "text": "好，"
  },
  {
    "start": 918.25,
    "end": 921.59,
    "speaker": "老师",
    "text": "给大家一分钟的思考时间，"
  },
  {
    "start": 921.59,
    "end": 924.07,
    "speaker": "老师",
    "text": "相信很多同学都会写啊。"
  },
  {
    "start": 924.07,
    "end": 933.69,
    "speaker": "老师",
    "text": "第一个x平方减二x把这个多项式化成了x乘以x减二，"
  },
  {
    "start": 933.71,
    "end": 937.39,
    "speaker": "老师",
    "text": "这两个整式乘积的形式。"
  },
  {
    "start": 937.39,
    "end": 937.85,
    "speaker": "老师",
    "text": "好，"
  },
  {
    "start": 937.87,
    "end": 941.53,
    "speaker": "老师",
    "text": "第二个x平方减y平方，"
  },
  {
    "start": 941.53,
    "end": 954.28,
    "speaker": "老师",
    "text": "我们把它化成了x平方乘以x减式好，"
  },
  {
    "start": 954.28,
    "end": 959.74,
    "speaker": "老师",
    "text": "第三个x平方加二x加一三项，"
  },
  {
    "start": 959.74,
    "end": 965.44,
    "speaker": "老师",
    "text": "我们可以把它写成x加一乘以x加乘。"
  },
  {
    "start": 965.44,
    "end": 970.2,
    "speaker": "老师",
    "text": "通常我们碰到两个相同因式相乘，"
  },
  {
    "start": 970.28,
    "end": 979.26,
    "speaker": "老师",
    "text": "我们都喜欢把它写成平方形式x加一括号的平方。"
  },
  {
    "start": 979.32,
    "end": 980.6,
    "speaker": "老师",
    "text": "通过这一题，"
  },
  {
    "start": 980.6,
    "end": 989.66,
    "speaker": "老师",
    "text": "大家会发现我们因式分解和我们初一讲的整式的乘法，"
  },
  {
    "start": 990.4,
    "end": 999.02,
    "speaker": "老师",
    "text": "他们之间的运算非常的非常的相似，"
  },
  {
    "start": 999.26,
    "end": 1010.01,
    "speaker": "老师",
    "text": "就有一点像因式分解和整式乘法是近期一样。"
  },
  {
    "start": 1010.01,
    "end": 1014.49,
    "speaker": "老师",
    "text": "那么这种近亲关系到底是什么呢？"
  },
  {
    "start": 1014.65,
    "end": 1025.99,
    "speaker": "老师",
    "text": "下面我们来研究一下因式分解和整式乘法关系。"
  },
  {
    "start": 1026.11,
    "end": 1026.81,
    "speaker": "老师",
    "text": "好，"
  },
  {
    "start": 1026.95,
    "end": 1031.69,
    "speaker": "老师",
    "text": "老师给了两列计算题，"
  },
  {
    "start": 1031.81,
    "end": 1041.43,
    "speaker": "老师",
    "text": "大家分别来观察一下两列哪一列是属于我们讲的因式分解，"
  },
  {
    "start": 1041.49,
    "end": 1047.78,
    "speaker": "老师",
    "text": "哪一列是我们讲的整式的乘法。"
  },
  {
    "start": 1047.82,
    "end": 1048.24,
    "speaker": "老师",
    "text": "好，"
  },
  {
    "start": 1048.3,
    "end": 1059.85,
    "speaker": "老师",
    "text": "同学们都会发现我们把多项式化成整式乘积形式，"
  },
  {
    "start": 1059.85,
    "end": 1062.95,
    "speaker": "老师",
    "text": "就是我们今天讲的因式分解。"
  },
  {
    "start": 1063.51,
    "end": 1068.81,
    "speaker": "老师",
    "text": "所以左列是我们讲的因式分解，"
  },
  {
    "start": 1068.95,
    "end": 1073.65,
    "speaker": "老师",
    "text": "那么右边就是我们很熟悉的整式的乘法。"
  },
  {
    "start": 1073.75,
    "end": 1081.95,
    "speaker": "老师",
    "text": "这两个式子我们从两种形式上去找一找它们的联系。"
  },
  {
    "start": 1082.01,
    "end": 1082.55,
    "speaker": "老师",
    "text": "好，"
  },
  {
    "start": 1082.65,
    "end": 1085.87,
    "speaker": "老师",
    "text": "先来看左边左边左列式子，"
  },
  {
    "start": 1085.95,
    "end": 1089.6,
    "speaker": "老师",
    "text": "我们都是把一个多项式，"
  },
  {
    "start": 1089.84,
    "end": 1098.81,
    "speaker": "老师",
    "text": "这个多项式的都是把一个多项式变成了整式。"
  },
  {
    "start": 1098.85,
    "end": 1100.51,
    "speaker": "老师",
    "text": "什么形式呢？"
  },
  {
    "start": 1100.51,
    "end": 1105.25,
    "speaker": "老师",
    "text": "整是几的形式？"
  },
  {
    "start": 1105.49,
    "end": 1106.8,
    "speaker": "老师",
    "text": "好，"
  },
  {
    "start": 1107.81,
    "end": 1114.81,
    "speaker": "老师",
    "text": "因式分解再来看整式的乘法，"
  },
  {
    "start": 1116.29,
    "end": 1119.99,
    "speaker": "老师",
    "text": "我们式子的左边都是乘法形式，"
  },
  {
    "start": 1119.99,
    "end": 1122.37,
    "speaker": "老师",
    "text": "都是整式积的形式。"
  },
  {
    "start": 1122.39,
    "end": 1129.55,
    "speaker": "老师",
    "text": "那右边呢右边呢右边都是多项式，"
  },
  {
    "start": 1129.55,
    "end": 1131.87,
    "speaker": "老师",
    "text": "整式乘法是消灭掉了，"
  },
  {
    "start": 1131.89,
    "end": 1132.83,
    "speaker": "老师",
    "text": "乘号，"
  },
  {
    "start": 1132.85,
    "end": 1138.27,
    "speaker": "老师",
    "text": "把它运算出来之后变成了多项式，"
  },
  {
    "start": 1138.27,
    "end": 1141.78,
    "speaker": "老师",
    "text": "这是通过他们形式上找到区别。"
  },
  {
    "start": 1143.03,
    "end": 1143.67,
    "speaker": "老师",
    "text": "好，"
  },
  {
    "start": 1143.91,
    "end": 1160.18,
    "speaker": "老师",
    "text": "我们再从运算符号上去看一看左边加和运算积、减差运算积、减差运算积。"
  },
  {
    "start": 1160.18,
    "end": 1165.14,
    "speaker": "老师",
    "text": "那也就是说我们左列式子的左边，"
  },
  {
    "start": 1165.14,
    "end": 1173.24,
    "speaker": "老师",
    "text": "它的运算符号是和差运算积，"
  },
  {
    "start": 1173.24,
    "end": 1176.7,
    "speaker": "老师",
    "text": "那么它变成了我们右边整式乘积，"
  },
  {
    "start": 1176.7,
    "end": 1180.98,
    "speaker": "老师",
    "text": "试一试之后它是什么关系呢？"
  },
  {
    "start": 1180.98,
    "end": 1183.28,
    "speaker": "老师",
    "text": "什么运算呢？"
  },
  {
    "start": 1183.28,
    "end": 1184.94,
    "speaker": "老师",
    "text": "这里是乘法，"
  },
  {
    "start": 1184.94,
    "end": 1186.98,
    "speaker": "老师",
    "text": "这里是乘法，"
  },
  {
    "start": 1187.4,
    "end": 1196.88,
    "speaker": "老师",
    "text": "这里仍然是乘法，"
  },
  {
    "start": 1196.88,
    "end": 1199.94,
    "speaker": "老师",
    "text": "乘法就是我们讲的积运算。"
  },
  {
    "start": 1200.04,
    "end": 1203.96,
    "speaker": "老师",
    "text": "所以分解因式它是和差化成了几。"
  },
  {
    "start": 1203.96,
    "end": 1206.32,
    "speaker": "老师",
    "text": "那我们来看整式乘法，"
  },
  {
    "start": 1206.32,
    "end": 1211.52,
    "speaker": "老师",
    "text": "整式乘法这个左边的运算符号都是几运算，"
  },
  {
    "start": 1211.62,
    "end": 1214.34,
    "speaker": "老师",
    "text": "右边和他差，"
  },
  {
    "start": 1214.36,
    "end": 1217.28,
    "speaker": "老师",
    "text": "那就是把积转化成了和差。"
  },
  {
    "start": 1217.28,
    "end": 1218.94,
    "speaker": "老师",
    "text": "所以无论是从形式上，"
  },
  {
    "start": 1218.94,
    "end": 1222.14,
    "speaker": "老师",
    "text": "还是从它的运算符号上，"
  },
  {
    "start": 1222.14,
    "end": 1227.24,
    "speaker": "老师",
    "text": "我们会发现它们的运算方向都是相反的。"
  },
  {
    "start": 1227.28,
    "end": 1244.45,
    "speaker": "老师",
    "text": "所以我们就可以得到分解因式和整式乘法，"
  },
  {
    "start": 1244.95,
    "end": 1248.77,
    "speaker": "老师",
    "text": "它属于一组互逆运算，"
  },
  {
    "start": 1248.77,
    "end": 1254.12,
    "speaker": "老师",
    "text": "互逆运算好看。"
  },
  {
    "start": 1255.35,
    "end": 1263.86,
    "speaker": "老师",
    "text": "杨老师黑板上写的这道题a的平方减一，"
  },
  {
    "start": 1263.86,
    "end": 1268.73,
    "speaker": "老师",
    "text": "它可以等于a加一，"
  },
  {
    "start": 1269.43,
    "end": 1271.49,
    "speaker": "老师",
    "text": "a减一。"
  },
  {
    "start": 1273.01,
    "end": 1281.54,
    "speaker": "老师",
    "text": "如果我们这个式子从左边往右边看，"
  },
  {
    "start": 1281.58,
    "end": 1289.51,
    "speaker": "老师",
    "text": "那它属于把多项式化成整式集形式，"
  },
  {
    "start": 1289.57,
    "end": 1296.72,
    "speaker": "老师",
    "text": "那这一个就是我们讲的因式分解。"
  },
  {
    "start": 1296.76,
    "end": 1298.59,
    "speaker": "老师",
    "text": "好，"
  },
  {
    "start": 1298.59,
    "end": 1303.55,
    "speaker": "老师",
    "text": "如果我们从右边往左边看，"
  },
  {
    "start": 1303.63,
    "end": 1306.58,
    "speaker": "老师",
    "text": "a加一乘以a减一，"
  },
  {
    "start": 1306.58,
    "end": 1308.42,
    "speaker": "老师",
    "text": "它是整式集形式，"
  },
  {
    "start": 1308.48,
    "end": 1311.78,
    "speaker": "老师",
    "text": "变成了多项式，"
  },
  {
    "start": 1311.8,
    "end": 1313.82,
    "speaker": "老师",
    "text": "消灭掉了乘号。"
  },
  {
    "start": 1313.86,
    "end": 1316.84,
    "speaker": "老师",
    "text": "它运用到的是整式的乘法，"
  },
  {
    "start": 1316.84,
    "end": 1318.2,
    "speaker": "老师",
    "text": "整式的乘法。"
  },
  {
    "start": 1318.2,
    "end": 1322.28,
    "speaker": "老师",
    "text": "所以我们讲因式分解和整式乘法，"
  },
  {
    "start": 1322.28,
    "end": 1327.56,
    "speaker": "老师",
    "text": "它们属于一组互逆运算。"
  },
  {
    "start": 1327.74,
    "end": 1332.94,
    "speaker": "老师",
    "text": "在我们还没有具体讲如何分解因式时，"
  },
  {
    "start": 1332.94,
    "end": 1341.34,
    "speaker": "老师",
    "text": "很多题目都需要利用到整式乘法来曲线救国啊。"
  },
  {
    "start": 1341.34,
    "end": 1341.7,
    "speaker": "老师",
    "text": "好，"
  },
  {
    "start": 1341.7,
    "end": 1360.76,
    "speaker": "老师",
    "text": "老师讲了分解因式和整式乘法，"
  },
  {
    "start": 1360.86,
    "end": 1364.74,
    "speaker": "老师",
    "text": "下面来看看大家有没有一双火眼金睛的眼睛。"
  },
  {
    "start": 1364.74,
    "end": 1367.53,
    "speaker": "老师",
    "text": "你通过式子变形，"
  },
  {
    "start": 1367.69,
    "end": 1372.73,
    "speaker": "老师",
    "text": "能不能很准确的找出来谁是因式分解，"
  },
  {
    "start": 1372.79,
    "end": 1375.41,
    "speaker": "老师",
    "text": "谁是整式乘法。"
  },
  {
    "start": 1375.53,
    "end": 1376.07,
    "speaker": "老师",
    "text": "好，"
  },
  {
    "start": 1376.07,
    "end": 1378.09,
    "speaker": "老师",
    "text": "我们来看第一档，"
  },
  {
    "start": 1378.17,
    "end": 1379.33,
    "speaker": "老师",
    "text": "它是由什么？"
  },
  {
    "start": 1379.59,
    "end": 1382.69,
    "speaker": "老师",
    "text": "变成了什么呢？"
  },
  {
    "start": 1382.69,
    "end": 1384.15,
    "speaker": "老师",
    "text": "它是由乘积变成了仓，"
  },
  {
    "start": 1384.15,
    "end": 1386.41,
    "speaker": "老师",
    "text": "那它属于我们的整式乘法啊，"
  },
  {
    "start": 1386.47,
    "end": 1387.61,
    "speaker": "老师",
    "text": "它是由什么？"
  },
  {
    "start": 1388.39,
    "end": 1389.97,
    "speaker": "老师",
    "text": "变成了什么呢？"
  },
  {
    "start": 1389.97,
    "end": 1393.83,
    "speaker": "老师",
    "text": "他是由差变成了，"
  },
  {
    "start": 1394.05,
    "end": 1397.61,
    "speaker": "老师",
    "text": "即它是我们的因式分解。"
  },
  {
    "start": 1397.61,
    "end": 1402.81,
    "speaker": "老师",
    "text": "三、它是由和擦关系变成了我们的极关系，"
  },
  {
    "start": 1402.83,
    "end": 1407.6,
    "speaker": "老师",
    "text": "它属于因式分解好。"
  },
  {
    "start": 1407.6,
    "end": 1413.24,
    "speaker": "老师",
    "text": "四、它是由极关系变成了可擦关系，"
  },
  {
    "start": 1413.24,
    "end": 1416.88,
    "speaker": "老师",
    "text": "所以它属于我们的整式乘法。"
  },
  {
    "start": 1416.88,
    "end": 1418.46,
    "speaker": "老师",
    "text": "整式乘法啊，"
  },
  {
    "start": 1418.46,
    "end": 1423.6,
    "speaker": "老师",
    "text": "记住杨老师的话在我们还没有学会如何去因式分解之时，"
  },
  {
    "start": 1423.6,
    "end": 1431.34,
    "speaker": "老师",
    "text": "我们整式乘法是作为我们曲线救国的一个很有利的一个工具。"
  },
  {
    "start": 1431.36,
    "end": 1431.7,
    "speaker": "老师",
    "text": "好，"
  },
  {
    "start": 1431.7,
    "end": 1434.86,
    "speaker": "老师",
    "text": "下面我们来看这道例题。"
  },
  {
    "start": 1435.16,
    "end": 1439.52,
    "speaker": "老师",
    "text": "已知多项式x平方加MYX加五，"
  },
  {
    "start": 1439.52,
    "end": 1447.14,
    "speaker": "老师",
    "text": "因式分解的结果是x加五乘以x加n求m和n的值。"
  },
  {
    "start": 1448.79,
    "end": 1450.93,
    "speaker": "老师",
    "text": "嗯，"
  },
  {
    "start": 1451.93,
    "end": 1454.05,
    "speaker": "老师",
    "text": "好，"
  },
  {
    "start": 1455.63,
    "end": 1462.83,
    "speaker": "老师",
    "text": "我们给一点时间，"
  },
  {
    "start": 1462.83,
    "end": 1465.21,
    "speaker": "老师",
    "text": "大家认真思考一下，"
  },
  {
    "start": 1465.23,
    "end": 1465.93,
    "speaker": "老师",
    "text": "做数学题，"
  },
  {
    "start": 1465.93,
    "end": 1473.64,
    "speaker": "老师",
    "text": "我们一定要认真抓住题干部分给我们的有利条件。"
  },
  {
    "start": 1473.64,
    "end": 1484.34,
    "speaker": "老师",
    "text": "这个题目给我们的有利条件是第一个这个多项式这个多项式它因式分解以后的结果，"
  },
  {
    "start": 1484.46,
    "end": 1491.82,
    "speaker": "老师",
    "text": "它因式分解以后的结果可以看成这两个式子相乘。"
  },
  {
    "start": 1492.08,
    "end": 1492.62,
    "speaker": "老师",
    "text": "好，"
  },
  {
    "start": 1492.68,
    "end": 1498.32,
    "speaker": "老师",
    "text": "这个题目相当于给了我们三个有利条件，"
  },
  {
    "start": 1498.32,
    "end": 1502.8,
    "speaker": "老师",
    "text": "你能根据这三个有利条件把诗子写出来。"
  },
  {
    "start": 1502.8,
    "end": 1505.26,
    "speaker": "老师",
    "text": "换句话说，"
  },
  {
    "start": 1505.26,
    "end": 1507.26,
    "speaker": "老师",
    "text": "这个多项式等于什么呢？"
  },
  {
    "start": 1507.34,
    "end": 1507.9,
    "speaker": "老师",
    "text": "哦，"
  },
  {
    "start": 1508.06,
    "end": 1513.92,
    "speaker": "老师",
    "text": "这个多项式等于后面两个式子相乘啊，"
  },
  {
    "start": 1513.98,
    "end": 1517.7,
    "speaker": "老师",
    "text": "多项式变成整式，"
  },
  {
    "start": 1518.64,
    "end": 1522.97,
    "speaker": "老师",
    "text": "乘积形式因式分解。"
  },
  {
    "start": 1522.97,
    "end": 1523.39,
    "speaker": "老师",
    "text": "好，"
  },
  {
    "start": 1523.45,
    "end": 1526.49,
    "speaker": "老师",
    "text": "那这个式子我们如何去做呢？"
  },
  {
    "start": 1526.69,
    "end": 1528.39,
    "speaker": "老师",
    "text": "先看看左边部分，"
  },
  {
    "start": 1528.55,
    "end": 1531.37,
    "speaker": "老师",
    "text": "你会怎么处理它啊。"
  },
  {
    "start": 1531.37,
    "end": 1534.78,
    "speaker": "老师",
    "text": "老师我不会，"
  },
  {
    "start": 1534.98,
    "end": 1542.36,
    "speaker": "老师",
    "text": "因为我还没有学因式分解，"
  },
  {
    "start": 1542.68,
    "end": 1543.94,
    "speaker": "老师",
    "text": "我处理不了它。"
  },
  {
    "start": 1543.94,
    "end": 1545.95,
    "speaker": "老师",
    "text": "对呀，"
  },
  {
    "start": 1546.23,
    "end": 1548.15,
    "speaker": "老师",
    "text": "处理不了，"
  },
  {
    "start": 1548.17,
    "end": 1551.33,
    "speaker": "老师",
    "text": "它先放一放，"
  },
  {
    "start": 1552.51,
    "end": 1557.13,
    "speaker": "老师",
    "text": "那我们再来看看右边，"
  },
  {
    "start": 1557.13,
    "end": 1559.03,
    "speaker": "老师",
    "text": "再来看看右边。"
  },
  {
    "start": 1559.21,
    "end": 1563.79,
    "speaker": "老师",
    "text": "这个式子你会处理吗？"
  },
  {
    "start": 1563.79,
    "end": 1564.07,
    "speaker": "老师",
    "text": "嗯，"
  },
  {
    "start": 1564.07,
    "end": 1572.01,
    "speaker": "老师",
    "text": "老师这个式子我会这一个是我们初一讲过的整式的乘法。"
  },
  {
    "start": 1572.27,
    "end": 1573.47,
    "speaker": "老师",
    "text": "对呀，"
  },
  {
    "start": 1573.47,
    "end": 1576.55,
    "speaker": "老师",
    "text": "整式的乘法多项式乘多项式，"
  },
  {
    "start": 1576.55,
    "end": 1581.94,
    "speaker": "老师",
    "text": "那我们就先把它乘出来吧，"
  },
  {
    "start": 1581.94,
    "end": 1584.56,
    "speaker": "老师",
    "text": "看看它等于什么呢？"
  },
  {
    "start": 1584.58,
    "end": 1589.12,
    "speaker": "老师",
    "text": "X平方加NX加五x家五n好，"
  },
  {
    "start": 1589.22,
    "end": 1590.78,
    "speaker": "老师",
    "text": "合并同类项，"
  },
  {
    "start": 1590.8,
    "end": 1592.58,
    "speaker": "老师",
    "text": "合并同类项。"
  },
  {
    "start": 1592.58,
    "end": 1600.54,
    "speaker": "老师",
    "text": "所以我们得到的式子是x平方加括号五加n括号x加五n好，"
  },
  {
    "start": 1600.64,
    "end": 1601.08,
    "speaker": "老师",
    "text": "行，"
  },
  {
    "start": 1601.1,
    "end": 1604.73,
    "speaker": "老师",
    "text": "我们把整式乘法。"
  },
  {
    "start": 1604.73,
    "end": 1610.33,
    "speaker": "老师",
    "text": "把这题式子展开之后，"
  },
  {
    "start": 1610.33,
    "end": 1614.09,
    "speaker": "老师",
    "text": "它要是等于我们式子的左边，"
  },
  {
    "start": 1614.09,
    "end": 1619.35,
    "speaker": "老师",
    "text": "左边式子要等于右边式子，"
  },
  {
    "start": 1619.51,
    "end": 1624.05,
    "speaker": "老师",
    "text": "是不是说明每一项都应该要对应相等啊？"
  },
  {
    "start": 1624.17,
    "end": 1624.47,
    "speaker": "老师",
    "text": "好，"
  },
  {
    "start": 1624.47,
    "end": 1627.03,
    "speaker": "老师",
    "text": "第一个看二次项，"
  },
  {
    "start": 1627.86,
    "end": 1633.76,
    "speaker": "老师",
    "text": "二次项x平方、x平方相等嗯，"
  },
  {
    "start": 1633.78,
    "end": 1637.86,
    "speaker": "老师",
    "text": "也得不到什么式子，"
  },
  {
    "start": 1637.86,
    "end": 1638.71,
    "speaker": "老师",
    "text": "对不对？"
  },
  {
    "start": 1640.28,
    "end": 1640.94,
    "speaker": "老师",
    "text": "好，"
  },
  {
    "start": 1640.94,
    "end": 1646.6,
    "speaker": "老师",
    "text": "接着来再来看一次项一次项正MX."
  },
  {
    "start": 1648.05,
    "end": 1651.09,
    "speaker": "老师",
    "text": "我们在讲项数的时候，"
  },
  {
    "start": 1651.19,
    "end": 1655.11,
    "speaker": "老师",
    "text": "一定要带上它前面的符号啊。"
  },
  {
    "start": 1655.27,
    "end": 1655.83,
    "speaker": "老师",
    "text": "好，"
  },
  {
    "start": 1655.85,
    "end": 1660.25,
    "speaker": "老师",
    "text": "第二一第二项正的MX它要等于一次项，"
  },
  {
    "start": 1660.25,
    "end": 1666.53,
    "speaker": "老师",
    "text": "正的五加n括号x这个一次项要等于这个一次项，"
  },
  {
    "start": 1666.65,
    "end": 1672.21,
    "speaker": "老师",
    "text": "那不就说明这个一次项的系数要相等吗？"
  },
  {
    "start": 1672.31,
    "end": 1676.18,
    "speaker": "老师",
    "text": "那我不就可以得到嗯吗？"
  },
  {
    "start": 1676.22,
    "end": 1677.78,
    "speaker": "老师",
    "text": "等于五加n吗？"
  },
  {
    "start": 1678.12,
    "end": 1678.56,
    "speaker": "老师",
    "text": "好，"
  },
  {
    "start": 1678.56,
    "end": 1680.16,
    "speaker": "老师",
    "text": "再来看常数项。"
  },
  {
    "start": 1680.16,
    "end": 1691.41,
    "speaker": "老师",
    "text": "我们这里的常数项是正五，"
  },
  {
    "start": 1691.41,
    "end": 1694.2,
    "speaker": "老师",
    "text": "这里的常数项是正五，"
  },
  {
    "start": 1694.2,
    "end": 1696.1,
    "speaker": "老师",
    "text": "n他们也要相等，"
  },
  {
    "start": 1696.1,
    "end": 1704.04,
    "speaker": "老师",
    "text": "所以我们就可以得到五等于五n就可以得到我们这样的两个式子。"
  },
  {
    "start": 1704.04,
    "end": 1705.0,
    "speaker": "老师",
    "text": "好，"
  },
  {
    "start": 1705.0,
    "end": 1708.54,
    "speaker": "老师",
    "text": "右边可以解得n等于一代到左边去，"
  },
  {
    "start": 1708.54,
    "end": 1710.44,
    "speaker": "老师",
    "text": "m就等于六。"
  },
  {
    "start": 1710.44,
    "end": 1715.3,
    "speaker": "老师",
    "text": "所以这题的答案是m等于六n等于一好。"
  },
  {
    "start": 1715.32,
    "end": 1717.76,
    "speaker": "老师",
    "text": "这里友情提示一下，"
  },
  {
    "start": 1718.06,
    "end": 1720.42,
    "speaker": "老师",
    "text": "在我们很多计算过程中，"
  },
  {
    "start": 1720.42,
    "end": 1726.96,
    "speaker": "老师",
    "text": "甚至我们还没有学如何去对多项式进行准确的因式分解时，"
  },
  {
    "start": 1727.32,
    "end": 1732.56,
    "speaker": "老师",
    "text": "我们通常会利用它的互逆运算整式乘法来曲线救国，"
  },
  {
    "start": 1732.56,
    "end": 1735.64,
    "speaker": "老师",
    "text": "来解决我们很多因式分解的问题。"
  },
  {
    "start": 1735.64,
    "end": 1747.51,
    "speaker": "老师",
    "text": "下面我们来看下一道你能用曲线救国的方法来连一连把我们左边式子因式分解啊。"
  },
  {
    "start": 1748.05,
    "end": 1748.43,
    "speaker": "老师",
    "text": "好，"
  },
  {
    "start": 1748.43,
    "end": 1749.21,
    "speaker": "老师",
    "text": "左边老师，"
  },
  {
    "start": 1749.25,
    "end": 1751.47,
    "speaker": "老师",
    "text": "我还不太会分解，"
  },
  {
    "start": 1751.47,
    "end": 1754.27,
    "speaker": "老师",
    "text": "那右边打开你会吗？"
  },
  {
    "start": 1754.27,
    "end": 1754.75,
    "speaker": "老师",
    "text": "好，"
  },
  {
    "start": 1754.75,
    "end": 1757.99,
    "speaker": "老师",
    "text": "第一个x加三括号平方，"
  },
  {
    "start": 1757.99,
    "end": 1762.95,
    "speaker": "老师",
    "text": "它可以等于第二x平方加六x加九。"
  },
  {
    "start": 1762.95,
    "end": 1768.44,
    "speaker": "老师",
    "text": "好y乘以x减y它可以等于好第三道，"
  },
  {
    "start": 1768.46,
    "end": 1769.2,
    "speaker": "老师",
    "text": "什么公式？"
  },
  {
    "start": 1769.2,
    "end": 1776.5,
    "speaker": "老师",
    "text": "平方差公式它可以等于啊最后一道仍然是一个平方差公式，"
  },
  {
    "start": 1776.58,
    "end": 1779.2,
    "speaker": "老师",
    "text": "它可以写成x平方，"
  },
  {
    "start": 1779.32,
    "end": 1780.48,
    "speaker": "老师",
    "text": "减y平方啊，"
  },
  {
    "start": 1780.48,
    "end": 1784.04,
    "speaker": "老师",
    "text": "所以这个连一连应该是难不住大家的。"
  },
  {
    "start": 1784.04,
    "end": 1784.66,
    "speaker": "老师",
    "text": "好，"
  },
  {
    "start": 1784.66,
    "end": 1786.52,
    "speaker": "老师",
    "text": "下面我们来看拼一拼，"
  },
  {
    "start": 1786.52,
    "end": 1791.52,
    "speaker": "老师",
    "text": "将下列图形拼成一个长方形，"
  },
  {
    "start": 1791.52,
    "end": 1795.46,
    "speaker": "老师",
    "text": "并且根据你所拼的长方形的过程，"
  },
  {
    "start": 1795.54,
    "end": 1797.38,
    "speaker": "老师",
    "text": "写一个多项式的因式分解。"
  },
  {
    "start": 1797.38,
    "end": 1798.77,
    "speaker": "老师",
    "text": "好，"
  },
  {
    "start": 1798.83,
    "end": 1807.0,
    "speaker": "老师",
    "text": "大家动动手动动脑筋，"
  },
  {
    "start": 1807.2,
    "end": 1808.48,
    "speaker": "老师",
    "text": "想一想，"
  },
  {
    "start": 1809.2,
    "end": 1813.63,
    "speaker": "老师",
    "text": "怎么样才能把它拼成一个长方形呢？"
  },
  {
    "start": 1813.93,
    "end": 1814.43,
    "speaker": "老师",
    "text": "好，"
  },
  {
    "start": 1814.47,
    "end": 1819.37,
    "speaker": "老师",
    "text": "看看杨老师是怎么做的，"
  },
  {
    "start": 1819.43,
    "end": 1822.95,
    "speaker": "老师",
    "text": "我们要把它拼成一个长方形，"
  },
  {
    "start": 1822.95,
    "end": 1829.73,
    "speaker": "老师",
    "text": "那说明我们的边肯定是相同的边才能放放在一起好看。"
  },
  {
    "start": 1829.73,
    "end": 1832.77,
    "speaker": "老师",
    "text": "杨老师怎么做？"
  },
  {
    "start": 1832.93,
    "end": 1836.37,
    "speaker": "老师",
    "text": "我把这个正方形呢先放在这里，"
  },
  {
    "start": 1836.37,
    "end": 1849.32,
    "speaker": "老师",
    "text": "因为它的边长是a而我们这些小长方形的边长恰好也是a所以我把第一个和它进行无缝链接，"
  },
  {
    "start": 1849.96,
    "end": 1852.16,
    "speaker": "老师",
    "text": "是不是刚好可以拼成？"
  },
  {
    "start": 1852.18,
    "end": 1852.78,
    "speaker": "老师",
    "text": "那行，"
  },
  {
    "start": 1852.78,
    "end": 1857.59,
    "speaker": "老师",
    "text": "我们的这条边长仍然是多少呢？"
  },
  {
    "start": 1857.59,
    "end": 1862.43,
    "speaker": "老师",
    "text": "是a那老师再拼一个，"
  },
  {
    "start": 1862.51,
    "end": 1863.39,
    "speaker": "老师",
    "text": "再拼一个。"
  },
  {
    "start": 1863.39,
    "end": 1863.85,
    "speaker": "老师",
    "text": "好，"
  },
  {
    "start": 1863.85,
    "end": 1878.74,
    "speaker": "老师",
    "text": "我们看了这条边的边长仍然是a我们这个长方形的边长还是a所以我在这里呢也来放一个放一个。"
  },
  {
    "start": 1878.76,
    "end": 1879.48,
    "speaker": "老师",
    "text": "好，"
  },
  {
    "start": 1879.66,
    "end": 1892.4,
    "speaker": "老师",
    "text": "大家接着就来看这个的图形的长是b这个图形的长也是b咦这不就是一个正方形吗？"
  },
  {
    "start": 1892.4,
    "end": 1900.18,
    "speaker": "老师",
    "text": "所以我把我们这个正方形拼凑在了这里来了。"
  },
  {
    "start": 1900.44,
    "end": 1900.96,
    "speaker": "老师",
    "text": "好，"
  },
  {
    "start": 1901.0,
    "end": 1902.64,
    "speaker": "老师",
    "text": "那再来看哦，"
  },
  {
    "start": 1902.64,
    "end": 1911.48,
    "speaker": "老师",
    "text": "这个正方形的边长是b这个边是b那不就是我们最后一块的正方形的位置吗？"
  },
  {
    "start": 1911.48,
    "end": 1916.36,
    "speaker": "老师",
    "text": "所以这样我们就把它拼成了一个长方形。"
  },
  {
    "start": 1916.38,
    "end": 1920.74,
    "speaker": "老师",
    "text": "那么根据这个长方形写一个多项式因式分解，"
  },
  {
    "start": 1920.74,
    "end": 1922.45,
    "speaker": "老师",
    "text": "注意啊是多项式。"
  },
  {
    "start": 1924.04,
    "end": 1928.28,
    "speaker": "老师",
    "text": "那我们可以根据这个图形的什么东西来写呢？"
  },
  {
    "start": 1928.28,
    "end": 1929.4,
    "speaker": "老师",
    "text": "回忆一下，"
  },
  {
    "start": 1929.68,
    "end": 1935.08,
    "speaker": "老师",
    "text": "在我们张头老师讲的那个图形的面积。"
  },
  {
    "start": 1935.08,
    "end": 1935.8,
    "speaker": "老师",
    "text": "对了，"
  },
  {
    "start": 1935.8,
    "end": 1941.18,
    "speaker": "老师",
    "text": "我们可以把我们长方形的面积表示出来。"
  },
  {
    "start": 1941.18,
    "end": 1943.34,
    "speaker": "老师",
    "text": "如果分开来看，"
  },
  {
    "start": 1943.66,
    "end": 1946.76,
    "speaker": "老师",
    "text": "它的面积应该等于什么呢？"
  },
  {
    "start": 1946.76,
    "end": 1954.74,
    "speaker": "老师",
    "text": "A的平方ABABAB结b三AB和二b的平方，"
  },
  {
    "start": 1954.74,
    "end": 1959.7,
    "speaker": "老师",
    "text": "所以它的面积可以表示成这个多项式。"
  },
  {
    "start": 1959.7,
    "end": 1962.76,
    "speaker": "老师",
    "text": "那对它进行因式分解哦，"
  },
  {
    "start": 1962.76,
    "end": 1967.96,
    "speaker": "老师",
    "text": "要表示成两个整式乘积的形式。"
  },
  {
    "start": 1967.96,
    "end": 1971.7,
    "speaker": "老师",
    "text": "那我们新长方形的长宽看得出来吗？"
  },
  {
    "start": 1972.06,
    "end": 1982.51,
    "speaker": "老师",
    "text": "看得出来它的宽a加b它的长a加二b所以我们可以把它分解因式变成a加b乘以a加二b."
  },
  {
    "start": 1982.51,
    "end": 1982.85,
    "speaker": "老师",
    "text": "好，"
  },
  {
    "start": 1982.97,
    "end": 1986.79,
    "speaker": "老师",
    "text": "大家会发现很多我们代数的问题，"
  },
  {
    "start": 1986.91,
    "end": 1993.04,
    "speaker": "老师",
    "text": "都可以用我们的数学图形来解决。"
  },
  {
    "start": 1993.04,
    "end": 1997.48,
    "speaker": "老师",
    "text": "这就是我们数学里面讲的一个很重要的思想。"
  },
  {
    "start": 1997.48,
    "end": 2004.06,
    "speaker": "老师",
    "text": "数形结合希望大家在后期学习过程中注意这种思想。"
  },
  {
    "start": 2004.06,
    "end": 2004.66,
    "speaker": "老师",
    "text": "好，"
  },
  {
    "start": 2004.9,
    "end": 2009.08,
    "speaker": "老师",
    "text": "下面我们来看一道能力提升题。"
  },
  {
    "start": 2009.08,
    "end": 2012.26,
    "speaker": "老师",
    "text": "你会计算a乘以a加一a减一吗？"
  },
  {
    "start": 2012.26,
    "end": 2016.95,
    "speaker": "老师",
    "text": "中括号里面是一个平方差公式，"
  },
  {
    "start": 2016.97,
    "end": 2027.61,
    "speaker": "老师",
    "text": "它出来应该等于a的平方减一再去乘以a答案等于a的三次方减a好思考。"
  },
  {
    "start": 2027.73,
    "end": 2035.27,
    "speaker": "老师",
    "text": "九十九的三次方减九十九能被一百整除吗？"
  },
  {
    "start": 2035.57,
    "end": 2038.83,
    "speaker": "老师",
    "text": "同学们千万不要去算，"
  },
  {
    "start": 2038.97,
    "end": 2042.27,
    "speaker": "老师",
    "text": "九十九乘以九十九得数再去乘以九十九。"
  },
  {
    "start": 2042.27,
    "end": 2044.31,
    "speaker": "老师",
    "text": "这个计算量太庞大了，"
  },
  {
    "start": 2044.51,
    "end": 2048.67,
    "speaker": "老师",
    "text": "我们不做这样赔本的买卖。"
  },
  {
    "start": 2048.87,
    "end": 2049.21,
    "speaker": "老师",
    "text": "好，"
  },
  {
    "start": 2049.21,
    "end": 2051.67,
    "speaker": "老师",
    "text": "那从哪里去思考呢？"
  },
  {
    "start": 2051.67,
    "end": 2053.71,
    "speaker": "老师",
    "text": "对于这样的大题，"
  },
  {
    "start": 2053.71,
    "end": 2056.03,
    "speaker": "老师",
    "text": "我们小问和小问之间，"
  },
  {
    "start": 2056.03,
    "end": 2058.19,
    "speaker": "老师",
    "text": "他们的知识存在连续性。"
  },
  {
    "start": 2058.19,
    "end": 2060.43,
    "speaker": "老师",
    "text": "比如说我现在要做，"
  },
  {
    "start": 2060.57,
    "end": 2067.82,
    "speaker": "老师",
    "text": "第二问我可不可以利用第一问得到的结论。"
  },
  {
    "start": 2067.46,
    "end": 2067.82,
    "speaker": "老师",
    "text": "对，"
  },
  {
    "start": 2067.46,
    "end": 2067.82,
    "speaker": "老师",
    "text": "大家会发现九十九的三次方减九十九与a的三次方减a它们的形式是一样的。"
  },
  {
    "start": 2067.46,
    "end": 2067.82,
    "speaker": "老师",
    "text": "如果我的a等于九十九的话，"
  },
  {
    "start": 2067.46,
    "end": 2067.82,
    "speaker": "老师",
    "text": "那不就可以写成九十九的三次方减九十九吗？"
  },
  {
    "start": 2067.46,
    "end": 2067.82,
    "speaker": "老师",
    "text": "那如此说来，"
  },
  {
    "start": 2067.46,
    "end": 2067.82,
    "speaker": "老师",
    "text": "我对于这样的一个多项式，"
  },
  {
    "start": 2067.46,
    "end": 2067.82,
    "speaker": "老师",
    "text": "我是不是也可以把它改写成前面这种形式呢？"
  },
  {
    "start": 2067.46,
    "end": 2067.82,
    "speaker": "老师",
    "text": "那不就是把我们这个多项式因式分解了吗？"
  },
  {
    "start": 2067.46,
    "end": 2067.82,
    "speaker": "老师",
    "text": "你会分解吗？"
  },
  {
    "start": 2067.46,
    "end": 2067.82,
    "speaker": "老师",
    "text": "当a等于九十九时，"
  },
  {
    "start": 2067.46,
    "end": 2067.82,
    "speaker": "老师",
    "text": "我们的这个式子分可以分解成为九十九乘以九十九加一乘以九十九减一好得数出来了，"
  },
  {
    "start": 2067.46,
    "end": 2067.82,
    "speaker": "老师",
    "text": "九十九乘以一百乘以九十八。"
  },
  {
    "start": 2067.46,
    "end": 2067.82,
    "speaker": "老师",
    "text": "因为这个题目只需要我来算能不能被一百整除。"
  },
  {
    "start": 2067.46,
    "end": 2067.82,
    "speaker": "老师",
    "text": "而我们的答案恰好含有一百这个因数，"
  },
  {
    "start": 2067.46,
    "end": 2067.82,
    "speaker": "老师",
    "text": "所以它一定能够被一百整除。"
  },
  {
    "start": 2067.46,
    "end": 2067.82,
    "speaker": "老师",
    "text": "通过这一题我希望大家能够掌握。"
  },
  {
    "start": 2067.46,
    "end": 2067.82,
    "speaker": "老师",
    "text": "当我们计算量很庞大的时候，"
  },
  {
    "start": 2067.46,
    "end": 2067.82,
    "speaker": "老师",
    "text": "我们可以借用因式分解，"
  },
  {
    "start": 2067.46,
    "end": 2067.82,
    "speaker": "老师",
    "text": "把我们庞大的计算量转化为一个非常轻巧的计算。"
  },
  {
    "start": 2067.46,
    "end": 2067.82,
    "speaker": "老师",
    "text": "好，"
  },
  {
    "start": 2067.46,
    "end": 2067.82,
    "speaker": "老师",
    "text": "今天我们这节课上到这里。"
  },
  {
    "start": 2067.46,
    "end": 2067.82,
    "speaker": "老师",
    "text": "下面我们来总结一下我们这节课所学的知识。"
  },
  {
    "start": 2067.46,
    "end": 2067.82,
    "speaker": "老师",
    "text": "我们主要学习了把一个多项式分解成为几个整式乘积的形式。"
  },
  {
    "start": 2067.46,
    "end": 2067.82,
    "speaker": "老师",
    "text": "这种运算过程变形方法把它称为因式分解。"
  },
  {
    "start": 2067.46,
    "end": 2067.82,
    "speaker": "老师",
    "text": "因式分解和整式乘法是一组互逆运算互逆运算。"
  },
  {
    "start": 2067.46,
    "end": 2067.82,
    "speaker": "老师",
    "text": "当我们很多由因式分解问题解决不了的时候，"
  },
  {
    "start": 2067.46,
    "end": 2067.82,
    "speaker": "老师",
    "text": "希望大家能够借助我们比较熟悉的整式的乘法。"
  },
  {
    "start": 2067.46,
    "end": 2067.82,
    "speaker": "老师",
    "text": "好，"
  },
  {
    "start": 2067.46,
    "end": 2067.82,
    "speaker": "老师",
    "text": "通过因式分解我们还可以简化我们的计算。"
  },
  {
    "start": 2067.46,
    "end": 2067.82,
    "speaker": "老师",
    "text": "当你掌握了这种方法之后，"
  },
  {
    "start": 2067.46,
    "end": 2067.82,
    "speaker": "老师",
    "text": "我们会发现以前我们觉得很大的一个计算量的计算题，"
  },
  {
    "start": 2067.46,
    "end": 2067.82,
    "speaker": "老师",
    "text": "那么它将会变得非常的轻巧，"
  },
  {
    "start": 2067.46,
    "end": 2067.82,
    "speaker": "老师",
    "text": "这是我们今天的作业。"
  }
]