[
  {
    "start": 9.5,
    "end": 10.02,
    "speaker": "老师",
    "text": "同学们，"
  },
  {
    "start": 10.02,
    "end": 12.33,
    "speaker": "老师",
    "text": "大家好，"
  },
  {
    "start": 12.33,
    "end": 21.43,
    "speaker": "老师",
    "text": "本节课我们将对第三张图形的平移与旋转进行专题复习。"
  },
  {
    "start": 21.43,
    "end": 21.85,
    "speaker": "老师",
    "text": "啊，"
  },
  {
    "start": 21.87,
    "end": 29.51,
    "speaker": "老师",
    "text": "这节课呢就复习图形的平移啊，"
  },
  {
    "start": 29.51,
    "end": 35.88,
    "speaker": "老师",
    "text": "我们将从以下四个方面进行复习，"
  },
  {
    "start": 35.88,
    "end": 40.74,
    "speaker": "老师",
    "text": "分别是图平移的定义，"
  },
  {
    "start": 40.74,
    "end": 49.62,
    "speaker": "老师",
    "text": "平移的性质、平移的作图以及坐标系中的平移。"
  },
  {
    "start": 49.62,
    "end": 50.02,
    "speaker": "老师",
    "text": "好，"
  },
  {
    "start": 52.09,
    "end": 57.19,
    "speaker": "老师",
    "text": "我们先来看平移的定义，"
  },
  {
    "start": 57.49,
    "end": 59.35,
    "speaker": "老师",
    "text": "一起来复习一下。"
  },
  {
    "start": 59.35,
    "end": 68.54,
    "speaker": "老师",
    "text": "在平面内将一个图形沿着某个方向移动一定的距离，"
  },
  {
    "start": 68.54,
    "end": 74.23,
    "speaker": "老师",
    "text": "这样的图形运动称之为平移。"
  },
  {
    "start": 74.29,
    "end": 77.53,
    "speaker": "老师",
    "text": "如图所示，"
  },
  {
    "start": 77.53,
    "end": 90.77,
    "speaker": "老师",
    "text": "三角形ABC沿着这个箭头的方向平移到三角形DEF,"
  },
  {
    "start": 90.77,
    "end": 97.19,
    "speaker": "老师",
    "text": "这样的运动啊称之为平移运动。"
  },
  {
    "start": 97.19,
    "end": 97.45,
    "speaker": "老师",
    "text": "好，"
  },
  {
    "start": 97.45,
    "end": 107.12,
    "speaker": "老师",
    "text": "接下来呢我们看一下平移的性质，"
  },
  {
    "start": 107.78,
    "end": 111.7,
    "speaker": "老师",
    "text": "还记得平移的性质吗？"
  },
  {
    "start": 111.7,
    "end": 112.02,
    "speaker": "老师",
    "text": "首先，"
  },
  {
    "start": 112.02,
    "end": 115.54,
    "speaker": "老师",
    "text": "平移不改变图形的大小形状，"
  },
  {
    "start": 115.56,
    "end": 121.29,
    "speaker": "老师",
    "text": "只改变图形的位置。"
  },
  {
    "start": 121.29,
    "end": 123.65,
    "speaker": "老师",
    "text": "那么这也就是说啊，"
  },
  {
    "start": 123.75,
    "end": 128.82,
    "speaker": "老师",
    "text": "平移前后的图形是全等图形。"
  },
  {
    "start": 131.78,
    "end": 144.92,
    "speaker": "老师",
    "text": "二、平移前后两图形对应点所连的线段平行或在一条直线上啊，"
  },
  {
    "start": 144.92,
    "end": 151.82,
    "speaker": "老师",
    "text": "且相等对应线段平行或在一条直线上，"
  },
  {
    "start": 151.82,
    "end": 154.46,
    "speaker": "老师",
    "text": "且相等对应角相等。"
  },
  {
    "start": 155.56,
    "end": 158.59,
    "speaker": "老师",
    "text": "这里解释一下啊，"
  },
  {
    "start": 158.87,
    "end": 160.09,
    "speaker": "老师",
    "text": "有两种情况，"
  },
  {
    "start": 160.09,
    "end": 162.07,
    "speaker": "老师",
    "text": "我们右图所示啊，"
  },
  {
    "start": 162.07,
    "end": 168.49,
    "speaker": "老师",
    "text": "是一种比较特殊的情况。"
  },
  {
    "start": 168.63,
    "end": 178.73,
    "speaker": "老师",
    "text": "这个情况这个图形中两图形对应点所连的线段是在一条直线上的。"
  },
  {
    "start": 178.73,
    "end": 190.12,
    "speaker": "老师",
    "text": "比如说这里呢点b和点e作为一组对应对应点，"
  },
  {
    "start": 190.12,
    "end": 199.31,
    "speaker": "老师",
    "text": "它的连线和点c点f它们的连线是在一条直线上。"
  },
  {
    "start": 199.33,
    "end": 214.4,
    "speaker": "老师",
    "text": "那么这个图形里面对应线段也会出现在一条直线上的情况，"
  },
  {
    "start": 214.4,
    "end": 220.15,
    "speaker": "老师",
    "text": "比如BC线段和线段EF,"
  },
  {
    "start": 220.15,
    "end": 224.44,
    "speaker": "老师",
    "text": "他们就在一条直线上好。"
  },
  {
    "start": 224.52,
    "end": 235.78,
    "speaker": "老师",
    "text": "同学们如图三角形ABC平移得到三角形DEF."
  },
  {
    "start": 237.03,
    "end": 247.33,
    "speaker": "老师",
    "text": "那么在这个平移过程中点ABC分别平移到了点DEF,"
  },
  {
    "start": 247.33,
    "end": 281.68,
    "speaker": "老师",
    "text": "点a与点d是一组对应点线段AB和线段DE是一组对应线段角BAC和角EDF是一组对应角。"
  },
  {
    "start": 282.08,
    "end": 287.46,
    "speaker": "老师",
    "text": "同学们找找看看看，"
  },
  {
    "start": 287.56,
    "end": 307.7,
    "speaker": "老师",
    "text": "还能找到其他的对应点对应线段对应角吗？"
  },
  {
    "start": 308.6,
    "end": 311.39,
    "speaker": "老师",
    "text": "好，"
  },
  {
    "start": 311.59,
    "end": 319.23,
    "speaker": "老师",
    "text": "我们一起来看一下。"
  },
  {
    "start": 319.23,
    "end": 322.61,
    "speaker": "老师",
    "text": "对应点点b与点e堆点c与点f对应，"
  },
  {
    "start": 322.61,
    "end": 333.13,
    "speaker": "老师",
    "text": "再来看对应线段线段AC与线段DF对应，"
  },
  {
    "start": 333.13,
    "end": 341.0,
    "speaker": "老师",
    "text": "线段BC与线段EF对应。"
  },
  {
    "start": 341.0,
    "end": 352.84,
    "speaker": "老师",
    "text": "再来看对应角角ACB鱼脚DFE对角ABC鱼叫DEF."
  },
  {
    "start": 352.84,
    "end": 353.28,
    "speaker": "老师",
    "text": "对。"
  },
  {
    "start": 353.44,
    "end": 353.98,
    "speaker": "老师",
    "text": "好，"
  },
  {
    "start": 354.04,
    "end": 361.63,
    "speaker": "老师",
    "text": "接下来呢我们来进行一个巩固练习，"
  },
  {
    "start": 361.63,
    "end": 367.44,
    "speaker": "老师",
    "text": "看看同学们对平移的定义和性质掌握的怎么样。"
  },
  {
    "start": 367.44,
    "end": 375.19,
    "speaker": "老师",
    "text": "下列运动形式是平移吗？"
  },
  {
    "start": 375.19,
    "end": 380.24,
    "speaker": "老师",
    "text": "第一个电梯里人的升降视频仪啊，"
  },
  {
    "start": 380.24,
    "end": 384.0,
    "speaker": "老师",
    "text": "这个视频仪。"
  },
  {
    "start": 384.0,
    "end": 384.74,
    "speaker": "老师",
    "text": "第二个，"
  },
  {
    "start": 384.74,
    "end": 393.26,
    "speaker": "老师",
    "text": "钟表上指针的运动应该是一个转动啊，"
  },
  {
    "start": 393.26,
    "end": 400.92,
    "speaker": "老师",
    "text": "不是平移体操运动员在单杠上的运动，"
  },
  {
    "start": 400.92,
    "end": 403.16,
    "speaker": "老师",
    "text": "这是一个转动不？"
  },
  {
    "start": 403.34,
    "end": 407.48,
    "speaker": "老师",
    "text": "视频初膛的子弹沿着水平直线的运动，"
  },
  {
    "start": 408.99,
    "end": 412.79,
    "speaker": "老师",
    "text": "是电风扇叶的转动播。"
  },
  {
    "start": 413.09,
    "end": 428.2,
    "speaker": "老师",
    "text": "视频已转动传送带上的饮料的移动这个视频飞机起飞前在直线跑道上的滑动啊，"
  },
  {
    "start": 428.22,
    "end": 438.13,
    "speaker": "老师",
    "text": "这个是平移啊好再来看一看几道简单的填空题。"
  },
  {
    "start": 438.13,
    "end": 449.98,
    "speaker": "老师",
    "text": "第一个将线段AB向右平移三厘米，"
  },
  {
    "start": 449.98,
    "end": 451.04,
    "speaker": "老师",
    "text": "得到线段CD."
  },
  {
    "start": 451.04,
    "end": 454.31,
    "speaker": "老师",
    "text": "那么这句话说明什么问题呢？"
  },
  {
    "start": 454.31,
    "end": 462.05,
    "speaker": "老师",
    "text": "说明AB线段和线段CD是对应线段。"
  },
  {
    "start": 462.05,
    "end": 470.33,
    "speaker": "老师",
    "text": "所以啊如果AB等于五厘米，"
  },
  {
    "start": 470.33,
    "end": 475.83,
    "speaker": "老师",
    "text": "则CD等于几哎也等于五厘米。"
  },
  {
    "start": 475.83,
    "end": 482.2,
    "speaker": "老师",
    "text": "第二例三角形DEF是由三角形ABC平移得到的。"
  },
  {
    "start": 482.2,
    "end": 489.38,
    "speaker": "老师",
    "text": "问你点a的对应点是如图所示，"
  },
  {
    "start": 489.38,
    "end": 492.8,
    "speaker": "老师",
    "text": "应该是d AB的，"
  },
  {
    "start": 492.8,
    "end": 497.39,
    "speaker": "老师",
    "text": "对应线段是第一。"
  },
  {
    "start": 497.39,
    "end": 506.52,
    "speaker": "老师",
    "text": "这里同学们最好按照对应点的顺序来填，"
  },
  {
    "start": 507.3,
    "end": 510.16,
    "speaker": "老师",
    "text": "养成一个好的习惯。"
  },
  {
    "start": 510.28,
    "end": 514.97,
    "speaker": "老师",
    "text": "角b的对应角是看图，"
  },
  {
    "start": 514.97,
    "end": 518.2,
    "speaker": "老师",
    "text": "角b的对应角应该是什么？"
  },
  {
    "start": 518.2,
    "end": 522.75,
    "speaker": "老师",
    "text": "应该是角DEF,"
  },
  {
    "start": 524.82,
    "end": 529.0,
    "speaker": "老师",
    "text": "这里面老师说明一下，"
  },
  {
    "start": 529.0,
    "end": 530.1,
    "speaker": "老师",
    "text": "不能用。"
  },
  {
    "start": 530.1,
    "end": 535.58,
    "speaker": "老师",
    "text": "角e原因在于以e为顶点的角不止一个。"
  },
  {
    "start": 535.58,
    "end": 548.83,
    "speaker": "老师",
    "text": "所以呢我们要把这个角写全角DEF平移的方向以及平移的距离。"
  },
  {
    "start": 548.83,
    "end": 552.01,
    "speaker": "老师",
    "text": "平移的方向是什么？"
  },
  {
    "start": 552.01,
    "end": 558.18,
    "speaker": "老师",
    "text": "点b到点e的方向，"
  },
  {
    "start": 558.64,
    "end": 567.5,
    "speaker": "老师",
    "text": "这里面当然还可以选择其他的对一点啊，"
  },
  {
    "start": 568.96,
    "end": 579.22,
    "speaker": "老师",
    "text": "我们还可以选择点c到点f的方向，"
  },
  {
    "start": 579.22,
    "end": 585.2,
    "speaker": "老师",
    "text": "还可以选择点a到点d的方向，"
  },
  {
    "start": 585.2,
    "end": 588.39,
    "speaker": "老师",
    "text": "这都是可以平移的。"
  },
  {
    "start": 588.75,
    "end": 597.47,
    "speaker": "老师",
    "text": "距离是线段BE的长度跟上级类似，"
  },
  {
    "start": 597.63,
    "end": 603.44,
    "speaker": "老师",
    "text": "我们还可以选择线段CF的长度。"
  },
  {
    "start": 603.44,
    "end": 608.02,
    "speaker": "老师",
    "text": "当然线段AD的长度也是可以的。"
  },
  {
    "start": 608.02,
    "end": 608.42,
    "speaker": "老师",
    "text": "好，"
  },
  {
    "start": 608.42,
    "end": 611.52,
    "speaker": "老师",
    "text": "我们再来看一下这道题。"
  },
  {
    "start": 611.52,
    "end": 626.59,
    "speaker": "老师",
    "text": "如图三角形a撇b撇c撇是由三角形ABC平移得到的。"
  },
  {
    "start": 626.59,
    "end": 634.83,
    "speaker": "老师",
    "text": "已知AB等于六CC撇等于十二角BAC BAC啊，"
  },
  {
    "start": 634.83,
    "end": 641.33,
    "speaker": "老师",
    "text": "这个大角等于九十五度角ACB等于四十五度走。"
  },
  {
    "start": 641.77,
    "end": 650.29,
    "speaker": "老师",
    "text": "问你啊角a撇b撇c撇等于多少？"
  },
  {
    "start": 650.29,
    "end": 657.85,
    "speaker": "老师",
    "text": "问你a撇b撇这条线段等于多少？"
  },
  {
    "start": 657.93,
    "end": 662.22,
    "speaker": "老师",
    "text": "还有BB撇这条线段长度是多少？"
  },
  {
    "start": 663.31,
    "end": 664.51,
    "speaker": "老师",
    "text": "好做这道题。"
  },
  {
    "start": 664.51,
    "end": 665.51,
    "speaker": "老师",
    "text": "很显然，"
  },
  {
    "start": 665.51,
    "end": 668.65,
    "speaker": "老师",
    "text": "我们需要根据平移的性质，"
  },
  {
    "start": 668.67,
    "end": 669.31,
    "speaker": "老师",
    "text": "第一题，"
  },
  {
    "start": 669.65,
    "end": 681.94,
    "speaker": "老师",
    "text": "角a撇b撇c撇要求角a撇b撇c撇根据平移的性质，"
  },
  {
    "start": 681.94,
    "end": 684.5,
    "speaker": "老师",
    "text": "平移前后对应角相等，"
  },
  {
    "start": 685.24,
    "end": 707.24,
    "speaker": "老师",
    "text": "所以要求角a撇b撇c撇就是要求角ABC好看到三角形ABC要求三角角ABC只需用一百八十度减去九十五度，"
  },
  {
    "start": 707.24,
    "end": 708.58,
    "speaker": "老师",
    "text": "再减去四十五度啊，"
  },
  {
    "start": 708.58,
    "end": 713.34,
    "speaker": "老师",
    "text": "所以很快的就能得到角ABC,"
  },
  {
    "start": 713.34,
    "end": 716.93,
    "speaker": "老师",
    "text": "进而求得角a撇b撇c啊，"
  },
  {
    "start": 716.93,
    "end": 719.85,
    "speaker": "老师",
    "text": "所以答案四十度。"
  },
  {
    "start": 719.85,
    "end": 723.59,
    "speaker": "老师",
    "text": "第二个要求a撇b撇的长度，"
  },
  {
    "start": 723.59,
    "end": 728.05,
    "speaker": "老师",
    "text": "根据平移的性质，"
  },
  {
    "start": 728.05,
    "end": 730.53,
    "speaker": "老师",
    "text": "平移前后对应线段相等。"
  },
  {
    "start": 730.53,
    "end": 735.69,
    "speaker": "老师",
    "text": "所以a撇b撇是等于AB的长度的，"
  },
  {
    "start": 735.71,
    "end": 748.39,
    "speaker": "老师",
    "text": "因此AB等于六。"
  },
  {
    "start": 748.39,
    "end": 749.99,
    "speaker": "老师",
    "text": "所以这题答案六，"
  },
  {
    "start": 749.99,
    "end": 751.49,
    "speaker": "老师",
    "text": "再看BB品，"
  },
  {
    "start": 751.49,
    "end": 756.29,
    "speaker": "老师",
    "text": "BB撇作为平移前后对应点的连线，"
  },
  {
    "start": 756.29,
    "end": 757.29,
    "speaker": "老师",
    "text": "它们是相等的，"
  },
  {
    "start": 757.29,
    "end": 759.03,
    "speaker": "老师",
    "text": "它会等于谁呢？"
  },
  {
    "start": 759.03,
    "end": 760.44,
    "speaker": "老师",
    "text": "哦，"
  },
  {
    "start": 760.44,
    "end": 761.1,
    "speaker": "老师",
    "text": "等于CC品。"
  },
  {
    "start": 761.1,
    "end": 786.12,
    "speaker": "老师",
    "text": "因此啊这道题答案等于十二。"
  },
  {
    "start": 786.12,
    "end": 786.84,
    "speaker": "老师",
    "text": "总结一下，"
  },
  {
    "start": 786.84,
    "end": 789.1,
    "speaker": "老师",
    "text": "对应角相等，"
  },
  {
    "start": 789.1,
    "end": 793.04,
    "speaker": "老师",
    "text": "对应边相等对应点的连线相等。"
  },
  {
    "start": 793.36,
    "end": 794.02,
    "speaker": "老师",
    "text": "好，"
  },
  {
    "start": 794.02,
    "end": 804.62,
    "speaker": "老师",
    "text": "接下来呢我们再来看一道稍微难一点的题目，"
  },
  {
    "start": 804.62,
    "end": 809.14,
    "speaker": "老师",
    "text": "看看同学们能不能顺利解决。"
  },
  {
    "start": 809.14,
    "end": 810.21,
    "speaker": "老师",
    "text": "某宾馆在装修时，"
  },
  {
    "start": 811.57,
    "end": 815.97,
    "speaker": "老师",
    "text": "准备在主楼梯上铺上这个红地毯。"
  },
  {
    "start": 816.77,
    "end": 820.51,
    "speaker": "老师",
    "text": "已知这种地毯每平方米售价三十元，"
  },
  {
    "start": 820.51,
    "end": 823.65,
    "speaker": "老师",
    "text": "主楼梯宽两米，"
  },
  {
    "start": 823.65,
    "end": 825.29,
    "speaker": "老师",
    "text": "侧面如图所示。"
  },
  {
    "start": 825.92,
    "end": 829.2,
    "speaker": "老师",
    "text": "那么这句话的意思告诉你，"
  },
  {
    "start": 829.2,
    "end": 830.02,
    "speaker": "老师",
    "text": "侧面如图所示，"
  },
  {
    "start": 830.02,
    "end": 840.35,
    "speaker": "老师",
    "text": "则购买这种地毯至少需要多少元？"
  },
  {
    "start": 840.35,
    "end": 843.98,
    "speaker": "老师",
    "text": "主楼的楼梯宽两米，"
  },
  {
    "start": 844.1,
    "end": 849.63,
    "speaker": "老师",
    "text": "在这个图形上能反映出来吗？"
  },
  {
    "start": 849.63,
    "end": 850.03,
    "speaker": "老师",
    "text": "啊，"
  },
  {
    "start": 850.03,
    "end": 851.01,
    "speaker": "老师",
    "text": "反映不出来。"
  },
  {
    "start": 851.01,
    "end": 859.45,
    "speaker": "老师",
    "text": "所以这里面老师在这里做一个立体的图，"
  },
  {
    "start": 859.45,
    "end": 863.97,
    "speaker": "老师",
    "text": "帮助同学们理解一下这道题的题。"
  },
  {
    "start": 863.97,
    "end": 864.49,
    "speaker": "老师",
    "text": "好，"
  },
  {
    "start": 864.49,
    "end": 867.85,
    "speaker": "老师",
    "text": "我们画楼梯的一部分。"
  },
  {
    "start": 867.85,
    "end": 875.1,
    "speaker": "老师",
    "text": "如果在这个部分上铺上红地毯，"
  },
  {
    "start": 875.1,
    "end": 877.6,
    "speaker": "老师",
    "text": "那同学们思考一下，"
  },
  {
    "start": 877.6,
    "end": 881.01,
    "speaker": "老师",
    "text": "我们这个图侧面的红色部分，"
  },
  {
    "start": 881.78,
    "end": 887.02,
    "speaker": "老师",
    "text": "在这个图里面应该是哪一个折线啊，"
  },
  {
    "start": 887.02,
    "end": 895.09,
    "speaker": "老师",
    "text": "应该是这条折线的长度啊，"
  },
  {
    "start": 895.09,
    "end": 899.99,
    "speaker": "老师",
    "text": "这里面呢只画了一部分。"
  },
  {
    "start": 899.99,
    "end": 901.77,
    "speaker": "老师",
    "text": "试想一下，"
  },
  {
    "start": 901.77,
    "end": 908.36,
    "speaker": "老师",
    "text": "我们要求这个地毯的面积，"
  },
  {
    "start": 908.46,
    "end": 913.17,
    "speaker": "老师",
    "text": "把整个地毯展开以后，"
  },
  {
    "start": 913.17,
    "end": 917.36,
    "speaker": "老师",
    "text": "同学们想一想是一个什么图形？"
  },
  {
    "start": 917.38,
    "end": 921.67,
    "speaker": "老师",
    "text": "应该是一个长方形很好。"
  },
  {
    "start": 921.81,
    "end": 925.19,
    "speaker": "老师",
    "text": "那么主楼楼梯宽两米，"
  },
  {
    "start": 925.19,
    "end": 929.35,
    "speaker": "老师",
    "text": "就是这个长方形的什么呢？"
  },
  {
    "start": 929.37,
    "end": 929.65,
    "speaker": "老师",
    "text": "啊，"
  },
  {
    "start": 929.65,
    "end": 932.43,
    "speaker": "老师",
    "text": "是不是就是他的长方形的宽？"
  },
  {
    "start": 932.43,
    "end": 938.31,
    "speaker": "老师",
    "text": "那么问题在于如何求出长方形的长呢？"
  },
  {
    "start": 938.35,
    "end": 944.24,
    "speaker": "老师",
    "text": "也就是如何求出这个折线的长度呢？"
  },
  {
    "start": 944.24,
    "end": 945.93,
    "speaker": "老师",
    "text": "哎，"
  },
  {
    "start": 945.93,
    "end": 953.93,
    "speaker": "老师",
    "text": "这里面老师采用平移的方式，"
  },
  {
    "start": 953.93,
    "end": 954.95,
    "speaker": "老师",
    "text": "朋友们看一下。"
  },
  {
    "start": 954.95,
    "end": 962.39,
    "speaker": "老师",
    "text": "好老师先研究一下竖直方向的这些线段，"
  },
  {
    "start": 962.39,
    "end": 965.29,
    "speaker": "老师",
    "text": "将竖直方向的线段平移到一起。"
  },
  {
    "start": 965.59,
    "end": 966.83,
    "speaker": "老师",
    "text": "你发现了什么？"
  },
  {
    "start": 966.83,
    "end": 977.5,
    "speaker": "老师",
    "text": "你会发现所有竖直的这个红色线段平移过去以后，"
  },
  {
    "start": 977.5,
    "end": 984.04,
    "speaker": "老师",
    "text": "会等于它们的线段之和，"
  },
  {
    "start": 984.97,
    "end": 988.11,
    "speaker": "老师",
    "text": "长度之和恰好等于占比。"
  },
  {
    "start": 988.29,
    "end": 992.04,
    "speaker": "老师",
    "text": "那么同理同理，"
  },
  {
    "start": 992.04,
    "end": 1003.02,
    "speaker": "老师",
    "text": "所有横的线段将它全部往下平移，"
  },
  {
    "start": 1006.06,
    "end": 1012.81,
    "speaker": "老师",
    "text": "与这个下面的这个长度线段重合之后，"
  },
  {
    "start": 1012.91,
    "end": 1017.96,
    "speaker": "老师",
    "text": "所有横的线段之和多少呢？"
  },
  {
    "start": 1021.39,
    "end": 1022.97,
    "speaker": "老师",
    "text": "应该是五米，"
  },
  {
    "start": 1022.97,
    "end": 1024.09,
    "speaker": "老师",
    "text": "对吧？"
  },
  {
    "start": 1024.09,
    "end": 1024.57,
    "speaker": "老师",
    "text": "好，"
  },
  {
    "start": 1024.57,
    "end": 1028.07,
    "speaker": "老师",
    "text": "所以这道题的思路已经出来了。"
  },
  {
    "start": 1028.07,
    "end": 1035.12,
    "speaker": "老师",
    "text": "六、平行线段把楼梯的横竖平移，"
  },
  {
    "start": 1035.12,
    "end": 1044.87,
    "speaker": "老师",
    "text": "长度分别为五米和三米啊，"
  },
  {
    "start": 1044.87,
    "end": 1047.64,
    "speaker": "老师",
    "text": "横的线段全部平移，"
  },
  {
    "start": 1047.64,
    "end": 1048.7,
    "speaker": "老师",
    "text": "长度为五米，"
  },
  {
    "start": 1048.7,
    "end": 1051.95,
    "speaker": "老师",
    "text": "竖的线段全部平移，"
  },
  {
    "start": 1051.99,
    "end": 1054.19,
    "speaker": "老师",
    "text": "长度是三米。"
  },
  {
    "start": 1054.43,
    "end": 1058.18,
    "speaker": "老师",
    "text": "这样一来，"
  },
  {
    "start": 1058.18,
    "end": 1061.48,
    "speaker": "老师",
    "text": "这个红色的折线的总长度应该就是八米，"
  },
  {
    "start": 1061.48,
    "end": 1068.93,
    "speaker": "老师",
    "text": "反映到地毯的展开，"
  },
  {
    "start": 1068.93,
    "end": 1074.14,
    "speaker": "老师",
    "text": "涂它的长就应该是八米，"
  },
  {
    "start": 1074.14,
    "end": 1079.12,
    "speaker": "老师",
    "text": "再来呢就求得了这个地毯的面积。"
  },
  {
    "start": 1079.12,
    "end": 1089.93,
    "speaker": "老师",
    "text": "二乘以八等于十六平方米，"
  },
  {
    "start": 1090.13,
    "end": 1100.98,
    "speaker": "老师",
    "text": "故买地毯至少需要十六乘以单价三十啊，"
  },
  {
    "start": 1100.98,
    "end": 1105.13,
    "speaker": "老师",
    "text": "等于四百八十元啊，"
  },
  {
    "start": 1105.47,
    "end": 1106.73,
    "speaker": "老师",
    "text": "需要四百八十元。"
  },
  {
    "start": 1106.73,
    "end": 1107.13,
    "speaker": "老师",
    "text": "好，"
  },
  {
    "start": 1107.15,
    "end": 1113.83,
    "speaker": "老师",
    "text": "接下来呢我们来看一下平移的作图例，"
  },
  {
    "start": 1113.85,
    "end": 1116.05,
    "speaker": "老师",
    "text": "一如图经过平移，"
  },
  {
    "start": 1116.05,
    "end": 1126.1,
    "speaker": "老师",
    "text": "三角形ABC的顶点a移到了点d请你指出平移的方向和平移的距离。"
  },
  {
    "start": 1128.31,
    "end": 1130.62,
    "speaker": "老师",
    "text": "平移的方向是点a到点d的方向，"
  },
  {
    "start": 1131.38,
    "end": 1141.17,
    "speaker": "老师",
    "text": "平行的距离呢哎线段AD的长度啊，"
  },
  {
    "start": 1141.17,
    "end": 1144.45,
    "speaker": "老师",
    "text": "线段AD的长度。"
  },
  {
    "start": 1144.45,
    "end": 1144.73,
    "speaker": "老师",
    "text": "好，"
  },
  {
    "start": 1144.73,
    "end": 1146.03,
    "speaker": "老师",
    "text": "那么问题来了，"
  },
  {
    "start": 1146.03,
    "end": 1154.35,
    "speaker": "老师",
    "text": "如果说要你确定一个图形平移前啊，"
  },
  {
    "start": 1154.35,
    "end": 1159.33,
    "speaker": "老师",
    "text": "平移后的位置需要哪些条件呢？"
  },
  {
    "start": 1159.33,
    "end": 1162.46,
    "speaker": "老师",
    "text": "好，"
  },
  {
    "start": 1162.46,
    "end": 1163.74,
    "speaker": "老师",
    "text": "我们来看一看好。"
  },
  {
    "start": 1163.78,
    "end": 1169.61,
    "speaker": "老师",
    "text": "如果要确定一个图形平移后的位置，"
  },
  {
    "start": 1169.63,
    "end": 1174.88,
    "speaker": "老师",
    "text": "除了平移前的位置，"
  },
  {
    "start": 1175.48,
    "end": 1178.3,
    "speaker": "老师",
    "text": "你需要之外，"
  },
  {
    "start": 1178.3,
    "end": 1182.04,
    "speaker": "老师",
    "text": "你还需要平移的方向以及平移的距。"
  },
  {
    "start": 1182.04,
    "end": 1184.42,
    "speaker": "老师",
    "text": "掌握了这一要点以后，"
  },
  {
    "start": 1184.42,
    "end": 1191.61,
    "speaker": "老师",
    "text": "我们就可以进行平移的作图了。"
  },
  {
    "start": 1191.61,
    "end": 1192.01,
    "speaker": "老师",
    "text": "例二，"
  },
  {
    "start": 1192.01,
    "end": 1193.53,
    "speaker": "老师",
    "text": "如图，"
  },
  {
    "start": 1193.63,
    "end": 1195.41,
    "speaker": "老师",
    "text": "经过平移，"
  },
  {
    "start": 1195.43,
    "end": 1197.43,
    "speaker": "老师",
    "text": "线段AB的端点，"
  },
  {
    "start": 1197.43,
    "end": 1212.0,
    "speaker": "老师",
    "text": "a移到了点d你能做出线段AB平移后的图形吗？"
  },
  {
    "start": 1212.04,
    "end": 1216.17,
    "speaker": "老师",
    "text": "好，"
  },
  {
    "start": 1216.23,
    "end": 1220.48,
    "speaker": "老师",
    "text": "在这里平移的方法有两种啊，"
  },
  {
    "start": 1220.48,
    "end": 1227.03,
    "speaker": "老师",
    "text": "第一种我们平移点将这个关键点，"
  },
  {
    "start": 1227.31,
    "end": 1238.08,
    "speaker": "老师",
    "text": "平移点b平移到c啊和点a一点d的平移方式一样，"
  },
  {
    "start": 1238.1,
    "end": 1248.01,
    "speaker": "老师",
    "text": "将点b平移到点c以后再连接CD啊，"
  },
  {
    "start": 1248.01,
    "end": 1253.47,
    "speaker": "老师",
    "text": "这样就做出了线段AB平移后的图形。"
  },
  {
    "start": 1253.47,
    "end": 1255.69,
    "speaker": "老师",
    "text": "线段CD,"
  },
  {
    "start": 1255.73,
    "end": 1259.95,
    "speaker": "老师",
    "text": "它利用是对应点所连的线段平行啊或共线且相等。"
  },
  {
    "start": 1260.07,
    "end": 1270.04,
    "speaker": "老师",
    "text": "那么第二种方式我们还可以怎么样直接平移线段啊，"
  },
  {
    "start": 1270.04,
    "end": 1272.84,
    "speaker": "老师",
    "text": "我们直接将线段AB平行鸡，"
  },
  {
    "start": 1273.54,
    "end": 1277.76,
    "speaker": "老师",
    "text": "它利用的是什么呢？"
  },
  {
    "start": 1277.76,
    "end": 1288.56,
    "speaker": "老师",
    "text": "利用的是对应线段平行或共线啊，"
  },
  {
    "start": 1288.92,
    "end": 1289.64,
    "speaker": "老师",
    "text": "且相等。"
  },
  {
    "start": 1289.64,
    "end": 1293.12,
    "speaker": "老师",
    "text": "我们只需要经过地点做线段，"
  },
  {
    "start": 1293.12,
    "end": 1294.62,
    "speaker": "老师",
    "text": "CD平行，"
  },
  {
    "start": 1294.68,
    "end": 1296.14,
    "speaker": "老师",
    "text": "且等于AB即可。"
  },
  {
    "start": 1296.14,
    "end": 1296.42,
    "speaker": "老师",
    "text": "好，"
  },
  {
    "start": 1296.42,
    "end": 1300.43,
    "speaker": "老师",
    "text": "相信同学们掌握了线段的平移之后啊，"
  },
  {
    "start": 1300.43,
    "end": 1303.87,
    "speaker": "老师",
    "text": "你还可以做出其他图形的评估，"
  },
  {
    "start": 1304.15,
    "end": 1305.59,
    "speaker": "老师",
    "text": "巩固练习。"
  },
  {
    "start": 1305.59,
    "end": 1311.12,
    "speaker": "老师",
    "text": "一如图每一个小正方形的边长为一个单位长度，"
  },
  {
    "start": 1311.12,
    "end": 1328.79,
    "speaker": "老师",
    "text": "每一个小方格的顶点叫做格点一画出三角形ABC向下平移两个单位长度，"
  },
  {
    "start": 1328.99,
    "end": 1339.73,
    "speaker": "老师",
    "text": "再向右平移三个单位长度后啊，"
  },
  {
    "start": 1339.73,
    "end": 1347.25,
    "speaker": "老师",
    "text": "得到的三角形a一b一CE."
  },
  {
    "start": 1347.25,
    "end": 1352.07,
    "speaker": "老师",
    "text": "我们这里可以采用什么？"
  },
  {
    "start": 1352.07,
    "end": 1352.61,
    "speaker": "老师",
    "text": "先平移点，"
  },
  {
    "start": 1352.61,
    "end": 1358.66,
    "speaker": "老师",
    "text": "先将三个点ABC平移之后的点画出来啊，"
  },
  {
    "start": 1358.66,
    "end": 1359.9,
    "speaker": "老师",
    "text": "按照题意的方法，"
  },
  {
    "start": 1359.9,
    "end": 1367.6,
    "speaker": "老师",
    "text": "平移之后的点先画出来，"
  },
  {
    "start": 1367.6,
    "end": 1369.18,
    "speaker": "老师",
    "text": "紧接着连线啊，"
  },
  {
    "start": 1369.2,
    "end": 1376.2,
    "speaker": "老师",
    "text": "将平移之后的图形三角形AEBCC做出。"
  },
  {
    "start": 1376.24,
    "end": 1377.22,
    "speaker": "老师",
    "text": "第二问，"
  },
  {
    "start": 1377.42,
    "end": 1381.32,
    "speaker": "老师",
    "text": "图中AC与AECE的关系是什么？"
  },
  {
    "start": 1381.32,
    "end": 1387.0,
    "speaker": "老师",
    "text": "同学们要注意说两条线段的关系。"
  },
  {
    "start": 1387.0,
    "end": 1390.24,
    "speaker": "老师",
    "text": "那分两点来看一点是数量关系，"
  },
  {
    "start": 1390.24,
    "end": 1405.78,
    "speaker": "老师",
    "text": "另外一点是位置关系。"
  },
  {
    "start": 1405.82,
    "end": 1420.42,
    "speaker": "老师",
    "text": "所以同学们答题的时候要全面根据平移的性质，"
  },
  {
    "start": 1420.42,
    "end": 1422.4,
    "speaker": "老师",
    "text": "平移前后对应线段，"
  },
  {
    "start": 1422.4,
    "end": 1423.58,
    "speaker": "老师",
    "text": "要么平行，"
  },
  {
    "start": 1423.66,
    "end": 1424.9,
    "speaker": "老师",
    "text": "要么共线啊，"
  },
  {
    "start": 1424.9,
    "end": 1427.46,
    "speaker": "老师",
    "text": "但是数量关系是相等。"
  },
  {
    "start": 1427.64,
    "end": 1429.9,
    "speaker": "老师",
    "text": "首先是这道题相等，"
  },
  {
    "start": 1429.9,
    "end": 1436.94,
    "speaker": "老师",
    "text": "平行好再来，"
  },
  {
    "start": 1436.94,
    "end": 1437.64,
    "speaker": "老师",
    "text": "看看这道题。"
  },
  {
    "start": 1437.64,
    "end": 1437.96,
    "speaker": "老师",
    "text": "如图，"
  },
  {
    "start": 1437.96,
    "end": 1446.08,
    "speaker": "老师",
    "text": "三角形ABC平移后的图形是三角形a撇、b撇、c撇，"
  },
  {
    "start": 1447.85,
    "end": 1449.69,
    "speaker": "老师",
    "text": "其中c和c撇啊c点啊，"
  },
  {
    "start": 1449.69,
    "end": 1453.7,
    "speaker": "老师",
    "text": "这个c撇点已经给你了。"
  },
  {
    "start": 1453.74,
    "end": 1474.94,
    "speaker": "老师",
    "text": "请画出平移后的三角形a撇、b撇、c撇。"
  },
  {
    "start": 1475.6,
    "end": 1482.48,
    "speaker": "老师",
    "text": "那么刚刚呢同学们采用了点平移点的方式，"
  },
  {
    "start": 1482.56,
    "end": 1488.6,
    "speaker": "老师",
    "text": "做出了平移后的图形，"
  },
  {
    "start": 1488.64,
    "end": 1504.32,
    "speaker": "老师",
    "text": "看看这道题能不能通过平移线段的方式做出平移后的图形呢？"
  },
  {
    "start": 1504.32,
    "end": 1504.58,
    "speaker": "老师",
    "text": "好，"
  },
  {
    "start": 1504.58,
    "end": 1512.86,
    "speaker": "老师",
    "text": "我们只需要经过c撇做线段平行且等于CA."
  },
  {
    "start": 1512.86,
    "end": 1513.35,
    "speaker": "老师",
    "text": "好，"
  },
  {
    "start": 1514.74,
    "end": 1516.76,
    "speaker": "老师",
    "text": "得到AP."
  },
  {
    "start": 1516.76,
    "end": 1519.5,
    "speaker": "老师",
    "text": "同样我们再经过a撇，"
  },
  {
    "start": 1519.5,
    "end": 1524.14,
    "speaker": "老师",
    "text": "做出线段平行，"
  },
  {
    "start": 1524.14,
    "end": 1527.26,
    "speaker": "老师",
    "text": "等于线段AB啊得到BP,"
  },
  {
    "start": 1527.26,
    "end": 1529.74,
    "speaker": "老师",
    "text": "再连接b撇，"
  },
  {
    "start": 1529.74,
    "end": 1531.44,
    "speaker": "老师",
    "text": "c撇即可得到这个三角形。"
  },
  {
    "start": 1531.44,
    "end": 1541.43,
    "speaker": "老师",
    "text": "当然同学们也可以也可以啊采用平移点的方式啊，"
  },
  {
    "start": 1541.43,
    "end": 1542.73,
    "speaker": "老师",
    "text": "这是可以的。"
  },
  {
    "start": 1542.73,
    "end": 1549.17,
    "speaker": "老师",
    "text": "接下来我们再来研究一下坐标系中的平移，"
  },
  {
    "start": 1549.17,
    "end": 1550.93,
    "speaker": "老师",
    "text": "先来思考一下这个问题。"
  },
  {
    "start": 1550.93,
    "end": 1561.68,
    "speaker": "老师",
    "text": "一个图形依次沿x轴方向、y轴方向两次平移后，"
  },
  {
    "start": 1561.68,
    "end": 1566.35,
    "speaker": "老师",
    "text": "所得的图形与原来图形相比，"
  },
  {
    "start": 1567.36,
    "end": 1569.3,
    "speaker": "老师",
    "text": "位置有什么变化？"
  },
  {
    "start": 1569.34,
    "end": 1573.48,
    "speaker": "老师",
    "text": "它们对应点间的坐标之间有怎么样的关系呢？"
  },
  {
    "start": 1573.52,
    "end": 1587.97,
    "speaker": "老师",
    "text": "好一个点a依次沿x轴方向水平方向再沿y轴方向b得到点c好一个图形依次沿x轴方向y轴方向经过两次平移后，"
  },
  {
    "start": 1588.19,
    "end": 1596.93,
    "speaker": "老师",
    "text": "所得的图形可以看成由原来的图形。"
  },
  {
    "start": 1596.93,
    "end": 1600.71,
    "speaker": "老师",
    "text": "经过一次平移得到啊，"
  },
  {
    "start": 1600.87,
    "end": 1608.91,
    "speaker": "老师",
    "text": "我们可以经过一次平移得到。"
  },
  {
    "start": 1608.91,
    "end": 1616.54,
    "speaker": "老师",
    "text": "那么它们对应点这间的坐标之间有什么样的关系呢？"
  },
  {
    "start": 1616.54,
    "end": 1616.82,
    "speaker": "老师",
    "text": "啊，"
  },
  {
    "start": 1616.82,
    "end": 1623.78,
    "speaker": "老师",
    "text": "同学们看看看一下这个表格，"
  },
  {
    "start": 1623.88,
    "end": 1626.1,
    "speaker": "老师",
    "text": "如果说原来的点坐标是XY,"
  },
  {
    "start": 1626.1,
    "end": 1635.71,
    "speaker": "老师",
    "text": "那么向右平移a个单位长度得到了点b这个坐标同学们能写出来吗？"
  },
  {
    "start": 1635.87,
    "end": 1636.53,
    "speaker": "老师",
    "text": "很好，"
  },
  {
    "start": 1636.83,
    "end": 1646.15,
    "speaker": "老师",
    "text": "应该是x加a y啊括号如果再向上平移b一个单位长度呢，"
  },
  {
    "start": 1646.15,
    "end": 1654.93,
    "speaker": "老师",
    "text": "它的坐标应该是x加a y加b好，"
  },
  {
    "start": 1654.93,
    "end": 1673.67,
    "speaker": "老师",
    "text": "所以因此啊我们这个第一空应该是x加AY加b那同学们能不能类似的用类似的方法写出下面三个空的坐标呢？"
  },
  {
    "start": 1673.71,
    "end": 1683.18,
    "speaker": "老师",
    "text": "我们一起来填向右平移，"
  },
  {
    "start": 1683.18,
    "end": 1686.49,
    "speaker": "老师",
    "text": "a个单位长度再向下平移。"
  },
  {
    "start": 1686.93,
    "end": 1689.98,
    "speaker": "老师",
    "text": "B个胆位长度，"
  },
  {
    "start": 1689.98,
    "end": 1704.77,
    "speaker": "老师",
    "text": "它的坐标应该是和x加a y减b好向左平移a个单位长度再向上平移。"
  },
  {
    "start": 1704.77,
    "end": 1712.11,
    "speaker": "老师",
    "text": "B个单位长度就是x减AY加b向左平移a一个单位长度向下平移。"
  },
  {
    "start": 1712.11,
    "end": 1722.71,
    "speaker": "老师",
    "text": "B一个单位长度就是x减AY减b所以啊在水平方向向左平移就是减向右平移，"
  },
  {
    "start": 1723.37,
    "end": 1725.66,
    "speaker": "老师",
    "text": "就是加竖直方向向上平移，"
  },
  {
    "start": 1726.62,
    "end": 1729.3,
    "speaker": "老师",
    "text": "就是加向下平移就是减啊，"
  },
  {
    "start": 1729.9,
    "end": 1733.77,
    "speaker": "老师",
    "text": "这个应该不难理解，"
  },
  {
    "start": 1733.77,
    "end": 1736.89,
    "speaker": "老师",
    "text": "希望同学们仔细作答即可。"
  },
  {
    "start": 1736.89,
    "end": 1738.02,
    "speaker": "老师",
    "text": "好，"
  },
  {
    "start": 1738.02,
    "end": 1746.85,
    "speaker": "老师",
    "text": "接下来呢我们通过一些练习来巩固一下，"
  },
  {
    "start": 1746.85,
    "end": 1752.7,
    "speaker": "老师",
    "text": "看看同学们掌握的如何一如图三角形ABC,"
  },
  {
    "start": 1752.7,
    "end": 1754.1,
    "speaker": "老师",
    "text": "经过平移后，"
  },
  {
    "start": 1758.57,
    "end": 1761.54,
    "speaker": "老师",
    "text": "得到三角形DEF."
  },
  {
    "start": 1761.54,
    "end": 1777.7,
    "speaker": "老师",
    "text": "那么你觉得是如何平移的这里面需要注意平移前平移后的三角形不要看错了，"
  },
  {
    "start": 1777.7,
    "end": 1782.08,
    "speaker": "老师",
    "text": "三角形ABC是平移前的三角形，"
  },
  {
    "start": 1782.08,
    "end": 1783.5,
    "speaker": "老师",
    "text": "DEF是平移后的。"
  },
  {
    "start": 1783.62,
    "end": 1784.15,
    "speaker": "老师",
    "text": "好，"
  },
  {
    "start": 1784.95,
    "end": 1786.41,
    "speaker": "老师",
    "text": "如果要判断很简单，"
  },
  {
    "start": 1786.49,
    "end": 1795.23,
    "speaker": "老师",
    "text": "只需要找到其中的一组对应点即可。"
  },
  {
    "start": 1795.23,
    "end": 1795.65,
    "speaker": "老师",
    "text": "好，"
  },
  {
    "start": 1795.65,
    "end": 1810.28,
    "speaker": "老师",
    "text": "比如说这里面我找到点a和点d是一组对应点那么点a到点d是如何平移的呢？"
  },
  {
    "start": 1810.28,
    "end": 1813.16,
    "speaker": "老师",
    "text": "是向右平移四个单位，"
  },
  {
    "start": 1813.16,
    "end": 1816.86,
    "speaker": "老师",
    "text": "再向上平移，"
  },
  {
    "start": 1816.88,
    "end": 1825.9,
    "speaker": "老师",
    "text": "两个单位就可以将三角形ABC顺利的平移到三角形DEF啊，"
  },
  {
    "start": 1826.36,
    "end": 1834.48,
    "speaker": "老师",
    "text": "所以这道题选c好，"
  },
  {
    "start": 1834.5,
    "end": 1836.58,
    "speaker": "老师",
    "text": "我们再来看第二题，"
  },
  {
    "start": 1836.6,
    "end": 1844.63,
    "speaker": "老师",
    "text": "在平面直角坐标系中将点a坐标，"
  },
  {
    "start": 1844.63,
    "end": 1859.57,
    "speaker": "老师",
    "text": "是XY向左平移五个单位长度再向上平移三个单位长度后与点b负三二这个点重合，"
  },
  {
    "start": 1859.57,
    "end": 1864.8,
    "speaker": "老师",
    "text": "求点a的坐标。"
  },
  {
    "start": 1869.45,
    "end": 1869.73,
    "speaker": "老师",
    "text": "好，"
  },
  {
    "start": 1869.73,
    "end": 1870.45,
    "speaker": "老师",
    "text": "不知道急呢，"
  },
  {
    "start": 1870.45,
    "end": 1872.09,
    "speaker": "老师",
    "text": "我们可以怎么做。"
  },
  {
    "start": 1872.15,
    "end": 1872.45,
    "speaker": "老师",
    "text": "哎，"
  },
  {
    "start": 1872.45,
    "end": 1881.64,
    "speaker": "老师",
    "text": "可以直接将点a经过向左平移五个单位再向上平移三个单位平移之后的坐标，"
  },
  {
    "start": 1881.64,
    "end": 1902.42,
    "speaker": "老师",
    "text": "我就用什么XY来表示a这个点坐标向左平移五个单位长度再向上平移三个单位长度或者坐标，"
  },
  {
    "start": 1902.42,
    "end": 1906.35,
    "speaker": "老师",
    "text": "可以表示为什么呢？"
  },
  {
    "start": 1906.71,
    "end": 1908.35,
    "speaker": "老师",
    "text": "表示为x减五啊，"
  },
  {
    "start": 1908.35,
    "end": 1913.44,
    "speaker": "老师",
    "text": "向左平移减五向上平移y加三。"
  },
  {
    "start": 1913.44,
    "end": 1915.54,
    "speaker": "老师",
    "text": "根据题，"
  },
  {
    "start": 1915.54,
    "end": 1916.92,
    "speaker": "老师",
    "text": "这两个点重合，"
  },
  {
    "start": 1917.3,
    "end": 1924.25,
    "speaker": "老师",
    "text": "那么我就可以得到一个方程这个方程式x减五等于负三，"
  },
  {
    "start": 1924.25,
    "end": 1926.68,
    "speaker": "老师",
    "text": "y加三等于二解，"
  },
  {
    "start": 1929.89,
    "end": 1931.83,
    "speaker": "老师",
    "text": "这个方程得到x等于二，"
  },
  {
    "start": 1931.85,
    "end": 1933.99,
    "speaker": "老师",
    "text": "y等于负一。"
  },
  {
    "start": 1933.99,
    "end": 1941.89,
    "speaker": "老师",
    "text": "那么也就求得了一开始这个点a的坐标二负一。"
  },
  {
    "start": 1941.89,
    "end": 1947.73,
    "speaker": "老师",
    "text": "其实这道题还有其他的做法，"
  },
  {
    "start": 1947.73,
    "end": 1950.77,
    "speaker": "老师",
    "text": "我们可以采用什么呀？"
  },
  {
    "start": 1950.83,
    "end": 1955.95,
    "speaker": "老师",
    "text": "逆向思维点b可以通过什么样的方式平移到a呢？"
  },
  {
    "start": 1956.19,
    "end": 1956.67,
    "speaker": "老师",
    "text": "哎，"
  },
  {
    "start": 1956.99,
    "end": 1958.62,
    "speaker": "老师",
    "text": "可以通过，"
  },
  {
    "start": 1959.73,
    "end": 1960.67,
    "speaker": "老师",
    "text": "反过来，"
  },
  {
    "start": 1960.79,
    "end": 1962.87,
    "speaker": "老师",
    "text": "你向上我就向下，"
  },
  {
    "start": 1962.87,
    "end": 1966.89,
    "speaker": "老师",
    "text": "你向左我就向右，"
  },
  {
    "start": 1966.89,
    "end": 1971.51,
    "speaker": "老师",
    "text": "跟你的方向是反的。"
  },
  {
    "start": 1971.51,
    "end": 1974.85,
    "speaker": "老师",
    "text": "将点b向下平移三个，"
  },
  {
    "start": 1974.85,
    "end": 1977.55,
    "speaker": "老师",
    "text": "再向右平移五个单位长度之后，"
  },
  {
    "start": 1977.57,
    "end": 1980.71,
    "speaker": "老师",
    "text": "可以表示为什么呢？"
  },
  {
    "start": 1980.71,
    "end": 1988.91,
    "speaker": "老师",
    "text": "负三向右啊加五向下减三二减三，"
  },
  {
    "start": 1988.91,
    "end": 1989.87,
    "speaker": "老师",
    "text": "计算一下，"
  },
  {
    "start": 1989.87,
    "end": 1991.57,
    "speaker": "老师",
    "text": "得到结果是二负一啊，"
  },
  {
    "start": 1991.57,
    "end": 1998.0,
    "speaker": "老师",
    "text": "这样也可以得到点a的坐标。"
  },
  {
    "start": 1998.0,
    "end": 1998.34,
    "speaker": "老师",
    "text": "好，"
  },
  {
    "start": 1998.34,
    "end": 2003.08,
    "speaker": "老师",
    "text": "我们来看一下第三题，"
  },
  {
    "start": 2003.64,
    "end": 2010.78,
    "speaker": "老师",
    "text": "在平面直角坐标系中已知点a负四零点b零二，"
  },
  {
    "start": 2011.6,
    "end": 2020.5,
    "speaker": "老师",
    "text": "现将线段AB沿着直线AB平移使点a与点b重合，"
  },
  {
    "start": 2020.54,
    "end": 2024.42,
    "speaker": "老师",
    "text": "问平移后点b的坐标是什么？"
  },
  {
    "start": 2024.44,
    "end": 2039.34,
    "speaker": "老师",
    "text": "好点a的坐标负四零点b的坐标零二氨体e是将点a与点b重合了。"
  },
  {
    "start": 2039.34,
    "end": 2043.62,
    "speaker": "老师",
    "text": "那你就要思考点a到点b是如何平移，"
  },
  {
    "start": 2043.62,
    "end": 2049.32,
    "speaker": "老师",
    "text": "平移的方式是什么？"
  },
  {
    "start": 2049.92,
    "end": 2052.97,
    "speaker": "老师",
    "text": "我发现是将它的横坐标加四纵坐标加二啊得到变。"
  },
  {
    "start": 2052.52,
    "end": 2052.97,
    "speaker": "老师",
    "text": "那么问题是什么呢？"
  },
  {
    "start": 2052.52,
    "end": 2052.97,
    "speaker": "老师",
    "text": "问你问你平移之后点b的坐标是什么？"
  },
  {
    "start": 2052.52,
    "end": 2052.97,
    "speaker": "老师",
    "text": "所以我们的点b再经过同样的方式，"
  },
  {
    "start": 2052.52,
    "end": 2052.97,
    "speaker": "老师",
    "text": "b啊他可以得到什么呢？"
  },
  {
    "start": 2052.52,
    "end": 2052.97,
    "speaker": "老师",
    "text": "哦，"
  },
  {
    "start": 2052.52,
    "end": 2052.97,
    "speaker": "老师",
    "text": "给它的横坐标加四纵坐标加二。"
  },
  {
    "start": 2052.52,
    "end": 2052.97,
    "speaker": "老师",
    "text": "好，"
  },
  {
    "start": 2052.52,
    "end": 2052.97,
    "speaker": "老师",
    "text": "我们的答案选c零加四等于四二，"
  },
  {
    "start": 2052.52,
    "end": 2052.97,
    "speaker": "老师",
    "text": "加二等于四，"
  },
  {
    "start": 2052.52,
    "end": 2052.97,
    "speaker": "老师",
    "text": "弄明白了吗？"
  },
  {
    "start": 2052.52,
    "end": 2052.97,
    "speaker": "老师",
    "text": "好，"
  },
  {
    "start": 2052.52,
    "end": 2052.97,
    "speaker": "老师",
    "text": "我们再来看一下这道题。"
  },
  {
    "start": 2052.52,
    "end": 2052.97,
    "speaker": "老师",
    "text": "三角形ABC在平面直角坐标系中位置如图，"
  },
  {
    "start": 2052.52,
    "end": 2052.97,
    "speaker": "老师",
    "text": "三角形ABC向右平移，"
  },
  {
    "start": 2052.52,
    "end": 2052.97,
    "speaker": "老师",
    "text": "六个单位，"
  },
  {
    "start": 2052.52,
    "end": 2052.97,
    "speaker": "老师",
    "text": "再向下平移，"
  },
  {
    "start": 2052.52,
    "end": 2052.97,
    "speaker": "老师",
    "text": "两个单位得到三角形ABCE,"
  },
  {
    "start": 2052.52,
    "end": 2052.97,
    "speaker": "老师",
    "text": "让你写出三角形a一b一c一各顶点的坐标，"
  },
  {
    "start": 2052.52,
    "end": 2052.97,
    "speaker": "老师",
    "text": "并求出平移的距。"
  },
  {
    "start": 2052.52,
    "end": 2052.97,
    "speaker": "老师",
    "text": "在写三角形a一b一c一之前啊，"
  },
  {
    "start": 2052.52,
    "end": 2052.97,
    "speaker": "老师",
    "text": "它坐标之前呢，"
  },
  {
    "start": 2052.52,
    "end": 2052.97,
    "speaker": "老师",
    "text": "我们先把原来的平移前的三角形ABC的三个点顶点坐标写出来。"
  },
  {
    "start": 2052.52,
    "end": 2052.97,
    "speaker": "老师",
    "text": "Abc写出来以后，"
  },
  {
    "start": 2052.52,
    "end": 2052.97,
    "speaker": "老师",
    "text": "再按照我们的题意向右平移六个单位，"
  },
  {
    "start": 2052.52,
    "end": 2052.97,
    "speaker": "老师",
    "text": "再向下平移两个单位就分别横坐标加六、纵坐标减二，"
  },
  {
    "start": 2052.52,
    "end": 2052.97,
    "speaker": "老师",
    "text": "得到a一、b一c一的点的坐标。"
  },
  {
    "start": 2052.52,
    "end": 2052.97,
    "speaker": "老师",
    "text": "好，"
  },
  {
    "start": 2052.52,
    "end": 2052.97,
    "speaker": "老师",
    "text": "第二个问题要求出平移的距离。"
  },
  {
    "start": 2052.52,
    "end": 2052.97,
    "speaker": "老师",
    "text": "好，"
  },
  {
    "start": 2052.52,
    "end": 2052.97,
    "speaker": "老师",
    "text": "我们根据勾股定理水平平移六个单位，"
  },
  {
    "start": 2052.52,
    "end": 2052.97,
    "speaker": "老师",
    "text": "竖字平移两个单位啊，"
  },
  {
    "start": 2052.52,
    "end": 2052.97,
    "speaker": "老师",
    "text": "根据勾股定理算出平移的距离等于二倍根号十。"
  },
  {
    "start": 2052.52,
    "end": 2052.97,
    "speaker": "老师",
    "text": "好，"
  },
  {
    "start": 2052.52,
    "end": 2052.97,
    "speaker": "老师",
    "text": "今天的内容啊大致就这么多。"
  },
  {
    "start": 2052.52,
    "end": 2052.97,
    "speaker": "老师",
    "text": "我们一起来总结一下，"
  },
  {
    "start": 2052.52,
    "end": 2052.97,
    "speaker": "老师",
    "text": "一、平移的定义，"
  },
  {
    "start": 2052.52,
    "end": 2052.97,
    "speaker": "老师",
    "text": "三要素，"
  },
  {
    "start": 2052.52,
    "end": 2052.97,
    "speaker": "老师",
    "text": "一个图形，"
  },
  {
    "start": 2052.52,
    "end": 2052.97,
    "speaker": "老师",
    "text": "一个方向，"
  },
  {
    "start": 2052.52,
    "end": 2052.97,
    "speaker": "老师",
    "text": "一个距离。"
  },
  {
    "start": 2052.52,
    "end": 2052.97,
    "speaker": "老师",
    "text": "二、平移的性质四个特点，"
  },
  {
    "start": 2052.52,
    "end": 2052.97,
    "speaker": "老师",
    "text": "一、图形的形状和大小不改变。"
  },
  {
    "start": 2052.52,
    "end": 2052.97,
    "speaker": "老师",
    "text": "二、对应点所连的线段平行或在一条直线上，"
  },
  {
    "start": 2052.52,
    "end": 2052.97,
    "speaker": "老师",
    "text": "且相等。"
  },
  {
    "start": 2052.52,
    "end": 2052.97,
    "speaker": "老师",
    "text": "三、对应线段平行或在一条直线上，"
  },
  {
    "start": 2052.52,
    "end": 2052.97,
    "speaker": "老师",
    "text": "且相等。"
  },
  {
    "start": 2052.52,
    "end": 2052.97,
    "speaker": "老师",
    "text": "四对应角相等再拼移的作图，"
  },
  {
    "start": 2052.52,
    "end": 2052.97,
    "speaker": "老师",
    "text": "两个条件方向和距离。"
  },
  {
    "start": 2052.52,
    "end": 2052.97,
    "speaker": "老师",
    "text": "四、平面直角坐标系中的平移，"
  },
  {
    "start": 2052.52,
    "end": 2052.97,
    "speaker": "老师",
    "text": "两次平移可以看成是一次平移。"
  },
  {
    "start": 2052.52,
    "end": 2052.97,
    "speaker": "老师",
    "text": "好，"
  },
  {
    "start": 2052.52,
    "end": 2052.97,
    "speaker": "老师",
    "text": "这是今天的作业。"
  },
  {
    "start": 2052.52,
    "end": 2052.97,
    "speaker": "老师",
    "text": "好，"
  },
  {
    "start": 2052.52,
    "end": 2052.97,
    "speaker": "老师",
    "text": "本节课就复习到这里，"
  },
  {
    "start": 2052.52,
    "end": 2052.97,
    "speaker": "老师",
    "text": "同学们再见。"
  }
]