[
  {
    "start": 9.35,
    "end": 10.17,
    "speaker": "老师",
    "text": "同学们好，"
  },
  {
    "start": 10.17,
    "end": 13.63,
    "speaker": "老师",
    "text": "今天继续由刘老师带着大家学习。"
  },
  {
    "start": 13.65,
    "end": 17.15,
    "speaker": "老师",
    "text": "今天我们学习内容是中位数与众数。"
  },
  {
    "start": 17.15,
    "end": 18.75,
    "speaker": "老师",
    "text": "第二课时。"
  },
  {
    "start": 18.75,
    "end": 22.98,
    "speaker": "老师",
    "text": "首先我们来回顾一下前面学过的内容。"
  },
  {
    "start": 23.0,
    "end": 28.02,
    "speaker": "老师",
    "text": "在前面我们学习了表示数据集中趋势的三个统计量，"
  },
  {
    "start": 28.26,
    "end": 32.83,
    "speaker": "老师",
    "text": "分别是平均数、中位数和众数。"
  },
  {
    "start": 32.83,
    "end": 37.27,
    "speaker": "老师",
    "text": "平均数是所有数据之和除以数据的个数，"
  },
  {
    "start": 37.33,
    "end": 42.15,
    "speaker": "老师",
    "text": "它反映的是数据的平均水平。"
  },
  {
    "start": 42.15,
    "end": 48.55,
    "speaker": "老师",
    "text": "专位数是指一组数据按照由小到大或由大到小的顺序排列。"
  },
  {
    "start": 48.55,
    "end": 51.41,
    "speaker": "老师",
    "text": "如果数据的个数是奇数，"
  },
  {
    "start": 51.41,
    "end": 56.55,
    "speaker": "老师",
    "text": "则称除以中间位置的数为这组数据的中位数。"
  },
  {
    "start": 56.55,
    "end": 59.31,
    "speaker": "老师",
    "text": "如果数据的个数是偶数，"
  },
  {
    "start": 59.31,
    "end": 66.81,
    "speaker": "老师",
    "text": "则称中间两个数据的平均数为这组数据的中位数，"
  },
  {
    "start": 66.81,
    "end": 69.23,
    "speaker": "老师",
    "text": "它反映的是中等水平。"
  },
  {
    "start": 69.23,
    "end": 76.74,
    "speaker": "老师",
    "text": "众数指的是一组数据中出现次数最多的数据，"
  },
  {
    "start": 76.74,
    "end": 78.78,
    "speaker": "老师",
    "text": "它反映的是多数水平。"
  },
  {
    "start": 78.78,
    "end": 85.45,
    "speaker": "老师",
    "text": "既然平均数、中位数和众数都可以反映一组数据的集中趋势，"
  },
  {
    "start": 85.45,
    "end": 89.21,
    "speaker": "老师",
    "text": "此时我们是否可以提出一些问题呢？"
  },
  {
    "start": 89.53,
    "end": 90.35,
    "speaker": "老师",
    "text": "在这里，"
  },
  {
    "start": 90.35,
    "end": 93.93,
    "speaker": "老师",
    "text": "刘老师帮大家提出了两个问题。"
  },
  {
    "start": 94.07,
    "end": 95.25,
    "speaker": "老师",
    "text": "第一个问题，"
  },
  {
    "start": 95.25,
    "end": 98.41,
    "speaker": "老师",
    "text": "这三个统计量各有什么特点？"
  },
  {
    "start": 98.41,
    "end": 99.72,
    "speaker": "老师",
    "text": "第二个问题，"
  },
  {
    "start": 100.57,
    "end": 101.95,
    "speaker": "老师",
    "text": "在实际应用中，"
  },
  {
    "start": 102.05,
    "end": 107.09,
    "speaker": "老师",
    "text": "如何选择适当的统计量来反映数据的集中趋势？"
  },
  {
    "start": 107.19,
    "end": 112.71,
    "speaker": "老师",
    "text": "下面的课我们将围绕着解决这两个问题进行下去。"
  },
  {
    "start": 112.71,
    "end": 115.67,
    "speaker": "老师",
    "text": "下面我们来解决问题。"
  },
  {
    "start": 115.79,
    "end": 122.48,
    "speaker": "老师",
    "text": "公园里有甲乙两群游客正在做团体游戏。"
  },
  {
    "start": 122.6,
    "end": 171.26,
    "speaker": "老师",
    "text": "游客的年龄如下，"
  },
  {
    "start": 171.26,
    "end": 174.22,
    "speaker": "老师",
    "text": "给出了甲群和乙群的年龄，"
  },
  {
    "start": 174.22,
    "end": 175.98,
    "speaker": "老师",
    "text": "请解答下列问题，"
  },
  {
    "start": 175.98,
    "end": 178.04,
    "speaker": "老师",
    "text": "请同学们思考并解决。"
  },
  {
    "start": 178.04,
    "end": 180.36,
    "speaker": "老师",
    "text": "我们首先来看到问题，"
  },
  {
    "start": 180.54,
    "end": 183.9,
    "speaker": "老师",
    "text": "求甲群游客年龄的平均数是多少岁？"
  },
  {
    "start": 183.9,
    "end": 184.7,
    "speaker": "老师",
    "text": "在这里，"
  },
  {
    "start": 184.7,
    "end": 189.46,
    "speaker": "老师",
    "text": "我们只需要将甲群游客的年龄之和求出来，"
  },
  {
    "start": 190.06,
    "end": 192.82,
    "speaker": "老师",
    "text": "除以他的数据的个数就可以了。"
  },
  {
    "start": 192.82,
    "end": 193.54,
    "speaker": "老师",
    "text": "在这里，"
  },
  {
    "start": 193.54,
    "end": 197.54,
    "speaker": "老师",
    "text": "我们可以得到他的平均年龄为十五岁，"
  },
  {
    "start": 197.54,
    "end": 199.12,
    "speaker": "老师",
    "text": "中位数是多少岁？"
  },
  {
    "start": 199.12,
    "end": 201.26,
    "speaker": "老师",
    "text": "求一组数据的中位数，"
  },
  {
    "start": 201.26,
    "end": 204.62,
    "speaker": "老师",
    "text": "我们首先要对数据进行排序。"
  },
  {
    "start": 204.62,
    "end": 211.46,
    "speaker": "老师",
    "text": "在这里我们发现甲群游客的年龄已经按照由小到大的顺序排列了。"
  },
  {
    "start": 211.46,
    "end": 214.14,
    "speaker": "老师",
    "text": "有十个数据找中位数，"
  },
  {
    "start": 214.26,
    "end": 218.3,
    "speaker": "老师",
    "text": "应该找中间两个数的平均数，"
  },
  {
    "start": 218.58,
    "end": 222.9,
    "speaker": "老师",
    "text": "也就是找第五和第六位两个数的平均数。"
  },
  {
    "start": 223.16,
    "end": 224.94,
    "speaker": "老师",
    "text": "从左往右数过来，"
  },
  {
    "start": 224.94,
    "end": 228.86,
    "speaker": "老师",
    "text": "我们发现第五位和第六位都为十五岁，"
  },
  {
    "start": 228.86,
    "end": 232.11,
    "speaker": "老师",
    "text": "在这里的中位数为十五岁。"
  },
  {
    "start": 232.31,
    "end": 235.47,
    "speaker": "老师",
    "text": "那众数是多少岁呢？"
  },
  {
    "start": 235.47,
    "end": 237.23,
    "speaker": "老师",
    "text": "根据众数的概念，"
  },
  {
    "start": 237.23,
    "end": 241.19,
    "speaker": "老师",
    "text": "找这组数据当中出现次数最多的数，"
  },
  {
    "start": 241.19,
    "end": 245.25,
    "speaker": "老师",
    "text": "我们发现十五出现的次数为最多的，"
  },
  {
    "start": 245.25,
    "end": 247.93,
    "speaker": "老师",
    "text": "所以它的众数为十五岁，"
  },
  {
    "start": 248.11,
    "end": 256.5,
    "speaker": "老师",
    "text": "其中能较好的反映甲群游客年龄特征的是哪个统计量呢？"
  },
  {
    "start": 256.5,
    "end": 260.46,
    "speaker": "老师",
    "text": "我们发现平均数中位数和众数都是十五岁，"
  },
  {
    "start": 260.52,
    "end": 268.72,
    "speaker": "老师",
    "text": "所以在这里用平均数、中位数和众数都可以来反映甲群游客年龄的特征。"
  },
  {
    "start": 268.76,
    "end": 274.21,
    "speaker": "老师",
    "text": "第二问乙群游客年龄的平均数是多少岁？"
  },
  {
    "start": 274.21,
    "end": 275.97,
    "speaker": "老师",
    "text": "跟刚才第一问一样，"
  },
  {
    "start": 275.97,
    "end": 280.49,
    "speaker": "老师",
    "text": "我们将乙群游客年龄的数据之和求出来，"
  },
  {
    "start": 280.49,
    "end": 283.25,
    "speaker": "老师",
    "text": "除以它的个数十就可以。"
  },
  {
    "start": 283.25,
    "end": 287.91,
    "speaker": "老师",
    "text": "算上它的平均数为十五岁中位数呢，"
  },
  {
    "start": 288.09,
    "end": 294.09,
    "speaker": "老师",
    "text": "这组数据同样的按照由小到大的顺序排列了，"
  },
  {
    "start": 294.09,
    "end": 302.46,
    "speaker": "老师",
    "text": "十个数据找第五和第六位两个数据的平均数在这里，"
  },
  {
    "start": 302.46,
    "end": 303.64,
    "speaker": "老师",
    "text": "第五位为五，"
  },
  {
    "start": 303.66,
    "end": 304.88,
    "speaker": "老师",
    "text": "第六位为六。"
  },
  {
    "start": 304.88,
    "end": 311.0,
    "speaker": "老师",
    "text": "所以它的中位数为五和六的平均数为五点五岁，"
  },
  {
    "start": 311.08,
    "end": 312.44,
    "speaker": "老师",
    "text": "众数是多少岁？"
  },
  {
    "start": 312.44,
    "end": 314.14,
    "speaker": "老师",
    "text": "在这组数据当中，"
  },
  {
    "start": 314.14,
    "end": 317.62,
    "speaker": "老师",
    "text": "我们发现六出现的次数是最多的，"
  },
  {
    "start": 317.64,
    "end": 319.1,
    "speaker": "老师",
    "text": "所以众数为六岁，"
  },
  {
    "start": 319.1,
    "end": 324.74,
    "speaker": "老师",
    "text": "其中能较好的反映乙群游客年龄特征的是哪个统计量。"
  },
  {
    "start": 324.74,
    "end": 328.0,
    "speaker": "老师",
    "text": "在乙群游客年龄这组数据当中，"
  },
  {
    "start": 328.02,
    "end": 337.33,
    "speaker": "老师",
    "text": "比平均数高的只有两个人不能够较好的反映乙群游客的年龄特征。"
  },
  {
    "start": 337.33,
    "end": 343.17,
    "speaker": "老师",
    "text": "平均数较大的原因是受到了这组数据当中极端时的影响，"
  },
  {
    "start": 343.19,
    "end": 349.9,
    "speaker": "老师",
    "text": "所以能够较好的反映乙群游客年龄特征的是中位数或者众数。"
  },
  {
    "start": 351.12,
    "end": 355.38,
    "speaker": "老师",
    "text": "如果将五十四和五十七这两个数据增大，"
  },
  {
    "start": 355.38,
    "end": 397.71,
    "speaker": "老师",
    "text": "中位数和众数会改变吗？"
  },
  {
    "start": 397.71,
    "end": 399.27,
    "speaker": "老师",
    "text": "显然是不会的。"
  },
  {
    "start": 399.27,
    "end": 402.37,
    "speaker": "老师",
    "text": "所以从这里我们可以得到平均数，"
  },
  {
    "start": 402.37,
    "end": 407.37,
    "speaker": "老师",
    "text": "需要所有数据穿与计算易受极端值的影响，"
  },
  {
    "start": 407.47,
    "end": 411.35,
    "speaker": "老师",
    "text": "中位数和众数不易受极端值的影响。"
  },
  {
    "start": 411.35,
    "end": 414.37,
    "speaker": "老师",
    "text": "下面我们来解决问题啊，"
  },
  {
    "start": 414.65,
    "end": 417.25,
    "speaker": "老师",
    "text": "请同学们思考这三个小题。"
  },
  {
    "start": 417.25,
    "end": 420.23,
    "speaker": "老师",
    "text": "我们来看到第一个小题，"
  },
  {
    "start": 420.23,
    "end": 421.67,
    "speaker": "老师",
    "text": "八年级有四个班。"
  },
  {
    "start": 421.67,
    "end": 424.29,
    "speaker": "老师",
    "text": "如果我想比较在一次测验中，"
  },
  {
    "start": 424.65,
    "end": 428.98,
    "speaker": "老师",
    "text": "四个班的成绩应该用哪个统计量？"
  },
  {
    "start": 428.98,
    "end": 430.82,
    "speaker": "老师",
    "text": "我们通常选择平均数，"
  },
  {
    "start": 430.82,
    "end": 438.8,
    "speaker": "老师",
    "text": "因为平均数的计算需要所有的数据信息中位数关注的是中间位置的数，"
  },
  {
    "start": 438.8,
    "end": 443.96,
    "speaker": "老师",
    "text": "其他的数只是用来作为参考排序。"
  },
  {
    "start": 443.96,
    "end": 449.3,
    "speaker": "老师",
    "text": "种数关注的是出现次数最多的数据，"
  },
  {
    "start": 449.3,
    "end": 452.4,
    "speaker": "老师",
    "text": "并不关注数据的大小，"
  },
  {
    "start": 452.44,
    "end": 455.88,
    "speaker": "老师",
    "text": "并且可能会出现多个种树的情况。"
  },
  {
    "start": 455.9,
    "end": 457.36,
    "speaker": "老师",
    "text": "第二个问题，"
  },
  {
    "start": 457.44,
    "end": 461.9,
    "speaker": "老师",
    "text": "为了资金的迅速周转和减少商品库存积压，"
  },
  {
    "start": 462.2,
    "end": 467.8,
    "speaker": "老师",
    "text": "某手机销售商在进货时要关注各品牌手机销量的哪个量，"
  },
  {
    "start": 467.82,
    "end": 473.14,
    "speaker": "老师",
    "text": "销售商关注的是各品牌手机销量的多少，"
  },
  {
    "start": 473.14,
    "end": 475.06,
    "speaker": "老师",
    "text": "所以应该选择中数。"
  },
  {
    "start": 475.14,
    "end": 476.2,
    "speaker": "老师",
    "text": "第三个问题，"
  },
  {
    "start": 476.2,
    "end": 480.44,
    "speaker": "老师",
    "text": "某校八年级有十一位同学参加数学竞赛，"
  },
  {
    "start": 480.44,
    "end": 481.04,
    "speaker": "老师",
    "text": "预赛，"
  },
  {
    "start": 481.04,
    "end": 482.7,
    "speaker": "老师",
    "text": "成绩各不相同。"
  },
  {
    "start": 482.72,
    "end": 484.98,
    "speaker": "老师",
    "text": "要取前五名参加决赛。"
  },
  {
    "start": 484.98,
    "end": 487.54,
    "speaker": "老师",
    "text": "小明已经知道了自己的成绩，"
  },
  {
    "start": 487.54,
    "end": 491.48,
    "speaker": "老师",
    "text": "他想知道自己是否进入了决赛，"
  },
  {
    "start": 491.48,
    "end": 497.17,
    "speaker": "老师",
    "text": "还需要知道这十一位同学成绩的哪个统计量呢？"
  },
  {
    "start": 497.17,
    "end": 500.51,
    "speaker": "老师",
    "text": "十一位选员数的成绩都不相同，"
  },
  {
    "start": 500.69,
    "end": 505.71,
    "speaker": "老师",
    "text": "所以中位数为第六位选手的成绩前五名进入决赛。"
  },
  {
    "start": 505.71,
    "end": 509.43,
    "speaker": "老师",
    "text": "只要将自己的成绩以中位数比较，"
  },
  {
    "start": 509.43,
    "end": 512.35,
    "speaker": "老师",
    "text": "就知道是否进入了决赛。"
  },
  {
    "start": 512.35,
    "end": 519.14,
    "speaker": "老师",
    "text": "所以还需要知道这十一位同学成绩的中位数。"
  },
  {
    "start": 519.16,
    "end": 522.34,
    "speaker": "老师",
    "text": "下面我们来看到课本上的例题。"
  },
  {
    "start": 522.34,
    "end": 525.08,
    "speaker": "老师",
    "text": "六、某商场服装部。"
  },
  {
    "start": 525.08,
    "end": 578.85,
    "speaker": "老师",
    "text": "为了调动营业员的积极性，"
  },
  {
    "start": 578.85,
    "end": 580.45,
    "speaker": "老师",
    "text": "决定实行目标管理，"
  },
  {
    "start": 580.47,
    "end": 582.57,
    "speaker": "老师",
    "text": "根据目标完成的情况，"
  },
  {
    "start": 582.57,
    "end": 585.35,
    "speaker": "老师",
    "text": "对营业员进行适当的奖励。"
  },
  {
    "start": 585.89,
    "end": 588.99,
    "speaker": "老师",
    "text": "为了确定一个适当的月销售目标，"
  },
  {
    "start": 588.99,
    "end": 597.38,
    "speaker": "老师",
    "text": "商场服装部统计了每位营业员在某月的销售额单位万元。"
  },
  {
    "start": 597.38,
    "end": 598.7,
    "speaker": "老师",
    "text": "数据如下，"
  },
  {
    "start": 598.74,
    "end": 602.14,
    "speaker": "老师",
    "text": "在这里给出了三十个数据，"
  },
  {
    "start": 602.14,
    "end": 604.86,
    "speaker": "老师",
    "text": "这个题目比较长，"
  },
  {
    "start": 604.86,
    "end": 609.51,
    "speaker": "老师",
    "text": "建议同学们一问一问的完成，"
  },
  {
    "start": 609.59,
    "end": 611.75,
    "speaker": "老师",
    "text": "请同学们先思考。"
  },
  {
    "start": 611.75,
    "end": 612.53,
    "speaker": "老师",
    "text": "第一问，"
  },
  {
    "start": 612.55,
    "end": 613.79,
    "speaker": "老师",
    "text": "我们来看到，"
  },
  {
    "start": 613.79,
    "end": 617.25,
    "speaker": "老师",
    "text": "第一问月销售额在哪个值的人数最多，"
  },
  {
    "start": 617.25,
    "end": 619.47,
    "speaker": "老师",
    "text": "中间的月销售额是多少？"
  },
  {
    "start": 619.47,
    "end": 623.43,
    "speaker": "老师",
    "text": "平均的月销售额是多少？"
  },
  {
    "start": 623.43,
    "end": 627.51,
    "speaker": "老师",
    "text": "这个问题如何用统计的知识来理解呢？"
  },
  {
    "start": 627.51,
    "end": 628.39,
    "speaker": "老师",
    "text": "人数最多，"
  },
  {
    "start": 628.43,
    "end": 632.75,
    "speaker": "老师",
    "text": "在这里问的其实是样本数据的众数，"
  },
  {
    "start": 632.83,
    "end": 635.01,
    "speaker": "老师",
    "text": "中间的销售额，"
  },
  {
    "start": 635.01,
    "end": 637.85,
    "speaker": "老师",
    "text": "找的是样本数据的中位数，"
  },
  {
    "start": 637.85,
    "end": 645.05,
    "speaker": "老师",
    "text": "平均的夜销所找的是样本数据的平均数，"
  },
  {
    "start": 645.05,
    "end": 648.32,
    "speaker": "老师",
    "text": "明确问题后，"
  },
  {
    "start": 648.32,
    "end": 649.62,
    "speaker": "老师",
    "text": "我们来解决问题。"
  },
  {
    "start": 649.84,
    "end": 651.64,
    "speaker": "老师",
    "text": "为了更加全面的了解，"
  },
  {
    "start": 651.64,
    "end": 652.86,
    "speaker": "老师",
    "text": "给出的数据，"
  },
  {
    "start": 652.86,
    "end": 656.64,
    "speaker": "老师",
    "text": "我们需要对数据进行一个整理和分析。"
  },
  {
    "start": 656.64,
    "end": 661.48,
    "speaker": "老师",
    "text": "在这里我们发现在这组数据当中，"
  },
  {
    "start": 661.48,
    "end": 663.4,
    "speaker": "老师",
    "text": "十三最小三十二最大。"
  },
  {
    "start": 663.4,
    "end": 666.18,
    "speaker": "老师",
    "text": "所以我们从十三开始进行整理，"
  },
  {
    "start": 666.18,
    "end": 669.51,
    "speaker": "老师",
    "text": "得到了如图所示的一个表格，"
  },
  {
    "start": 669.51,
    "end": 673.37,
    "speaker": "老师",
    "text": "十三万元的有一人三十二万元的有两人。"
  },
  {
    "start": 673.43,
    "end": 675.63,
    "speaker": "老师",
    "text": "有了这个表格之后，"
  },
  {
    "start": 675.65,
    "end": 679.33,
    "speaker": "老师",
    "text": "我们还可以画出相应的条形统计图。"
  },
  {
    "start": 679.33,
    "end": 683.83,
    "speaker": "老师",
    "text": "这样我们可以对数据更加的清楚明了。"
  },
  {
    "start": 683.83,
    "end": 686.21,
    "speaker": "老师",
    "text": "现在我们回到第一问，"
  },
  {
    "start": 686.21,
    "end": 690.33,
    "speaker": "老师",
    "text": "有了刚才的对数据的分析与整理，"
  },
  {
    "start": 690.33,
    "end": 694.97,
    "speaker": "老师",
    "text": "我们发现在这里十五万元出现的次数最多，"
  },
  {
    "start": 695.09,
    "end": 701.53,
    "speaker": "老师",
    "text": "所以这种数据的众数为十五万元找中位数。"
  },
  {
    "start": 701.53,
    "end": 703.43,
    "speaker": "老师",
    "text": "这里一共有三十个数据，"
  },
  {
    "start": 703.43,
    "end": 708.99,
    "speaker": "老师",
    "text": "我们知道应该找第十五和第十六位两个数据的平均数，"
  },
  {
    "start": 708.99,
    "end": 713.65,
    "speaker": "老师",
    "text": "这里已经按照由小到大的顺序排列了。"
  },
  {
    "start": 713.65,
    "end": 716.39,
    "speaker": "老师",
    "text": "所以我们从左往右数过来，"
  },
  {
    "start": 716.39,
    "end": 718.55,
    "speaker": "老师",
    "text": "找到第十五和第十六位，"
  },
  {
    "start": 718.55,
    "end": 767.45,
    "speaker": "老师",
    "text": "我们可以发现第十五位和第十六位都为十八万元。"
  },
  {
    "start": 767.45,
    "end": 770.97,
    "speaker": "老师",
    "text": "所以这组数据的中位数为十八万元，"
  },
  {
    "start": 770.97,
    "end": 772.15,
    "speaker": "老师",
    "text": "求平均数，"
  },
  {
    "start": 772.15,
    "end": 777.4,
    "speaker": "老师",
    "text": "我们可以利用加权平均数的公式进行计算，"
  },
  {
    "start": 777.4,
    "end": 780.96,
    "speaker": "老师",
    "text": "我们可以算的平均数约为二十万元。"
  },
  {
    "start": 780.96,
    "end": 782.22,
    "speaker": "老师",
    "text": "同学们，"
  },
  {
    "start": 782.22,
    "end": 783.6,
    "speaker": "老师",
    "text": "你们算对了吗？"
  },
  {
    "start": 783.62,
    "end": 785.5,
    "speaker": "老师",
    "text": "在这里我们可以推测，"
  },
  {
    "start": 785.84,
    "end": 791.82,
    "speaker": "老师",
    "text": "这个服装部营业员的月销售额为十五万元的人数最多，"
  },
  {
    "start": 791.82,
    "end": 795.6,
    "speaker": "老师",
    "text": "中间的月销售额为十八万元，"
  },
  {
    "start": 795.62,
    "end": 799.26,
    "speaker": "老师",
    "text": "平均月销售额大约为二十万元。"
  },
  {
    "start": 799.28,
    "end": 801.09,
    "speaker": "老师",
    "text": "我们看到第二问，"
  },
  {
    "start": 801.89,
    "end": 805.31,
    "speaker": "老师",
    "text": "如果想确定一个较高的销售目标，"
  },
  {
    "start": 805.33,
    "end": 809.23,
    "speaker": "老师",
    "text": "你认为月销售额定为多少合适？"
  },
  {
    "start": 809.23,
    "end": 810.55,
    "speaker": "老师",
    "text": "说明理由，"
  },
  {
    "start": 810.55,
    "end": 817.45,
    "speaker": "老师",
    "text": "请同学们思考在这里怎么理解这个较高的销售目标呢？"
  },
  {
    "start": 817.45,
    "end": 819.41,
    "speaker": "老师",
    "text": "我们要回到题干信息，"
  },
  {
    "start": 819.41,
    "end": 823.25,
    "speaker": "老师",
    "text": "请同学们看到自己的课本服装部。"
  },
  {
    "start": 823.25,
    "end": 826.37,
    "speaker": "老师",
    "text": "为了调动营业员的积极性，"
  },
  {
    "start": 826.41,
    "end": 829.41,
    "speaker": "老师",
    "text": "决定实行目标管理，"
  },
  {
    "start": 829.41,
    "end": 831.39,
    "speaker": "老师",
    "text": "根据目标完成的情况，"
  },
  {
    "start": 831.39,
    "end": 833.71,
    "speaker": "老师",
    "text": "对营业员进行适当的奖励。"
  },
  {
    "start": 834.39,
    "end": 836.47,
    "speaker": "老师",
    "text": "从这里我们可以知道，"
  },
  {
    "start": 836.47,
    "end": 838.75,
    "speaker": "老师",
    "text": "这个目标如果定的太高，"
  },
  {
    "start": 838.75,
    "end": 842.1,
    "speaker": "老师",
    "text": "很少人能够完成，"
  },
  {
    "start": 842.1,
    "end": 844.28,
    "speaker": "老师",
    "text": "会打击员工的积极性。"
  },
  {
    "start": 844.28,
    "end": 845.86,
    "speaker": "老师",
    "text": "如果目标太低，"
  },
  {
    "start": 845.86,
    "end": 847.94,
    "speaker": "老师",
    "text": "起不到激励的作用，"
  },
  {
    "start": 847.94,
    "end": 850.32,
    "speaker": "老师",
    "text": "也因我们的现实不符合。"
  },
  {
    "start": 850.72,
    "end": 892.34,
    "speaker": "老师",
    "text": "从而我们可以想到可以用反应数据集中趋势的量来表示，"
  },
  {
    "start": 892.52,
    "end": 897.77,
    "speaker": "老师",
    "text": "那到底哪一个量比较合适呢？"
  },
  {
    "start": 897.77,
    "end": 899.55,
    "speaker": "老师",
    "text": "我们发现平均数最高。"
  },
  {
    "start": 899.55,
    "end": 903.29,
    "speaker": "老师",
    "text": "所以如果想确定一个较高的销售目标，"
  },
  {
    "start": 903.43,
    "end": 907.71,
    "speaker": "老师",
    "text": "这个目标可以定为每月二十万元。"
  },
  {
    "start": 907.75,
    "end": 910.05,
    "speaker": "老师",
    "text": "因为从样本数据来看，"
  },
  {
    "start": 910.05,
    "end": 918.31,
    "speaker": "老师",
    "text": "平均数中位数和众数中平均数最高可以估计每月销售额定为每月二十万元，"
  },
  {
    "start": 918.35,
    "end": 920.77,
    "speaker": "老师",
    "text": "是一个较高的销售目标。"
  },
  {
    "start": 920.77,
    "end": 929.75,
    "speaker": "老师",
    "text": "从图表当中我们可以发现大约会有三分之一的营业员获得奖励。"
  },
  {
    "start": 929.75,
    "end": 930.71,
    "speaker": "老师",
    "text": "第三问，"
  },
  {
    "start": 930.71,
    "end": 935.81,
    "speaker": "老师",
    "text": "如果想让一半左右的营业员都达到销售目标，"
  },
  {
    "start": 935.81,
    "end": 938.67,
    "speaker": "老师",
    "text": "你认为月销售额定为多少合适？"
  },
  {
    "start": 938.67,
    "end": 941.11,
    "speaker": "老师",
    "text": "说明理由请同学们思考。"
  },
  {
    "start": 941.11,
    "end": 946.73,
    "speaker": "老师",
    "text": "如果想让一半左右的营业员都达到销售目标，"
  },
  {
    "start": 946.73,
    "end": 949.47,
    "speaker": "老师",
    "text": "自然我们会想到中位数。"
  },
  {
    "start": 949.49,
    "end": 950.15,
    "speaker": "老师",
    "text": "所以，"
  },
  {
    "start": 950.33,
    "end": 992.2,
    "speaker": "老师",
    "text": "如果想让一半左右的营业员达到销售目标，"
  },
  {
    "start": 992.2,
    "end": 996.34,
    "speaker": "老师",
    "text": "月销售额可以定为每月十八万万元。"
  },
  {
    "start": 996.34,
    "end": 998.22,
    "speaker": "老师",
    "text": "因为从样本数据来看，"
  },
  {
    "start": 998.24,
    "end": 1000.52,
    "speaker": "老师",
    "text": "月销售额在十八万元，"
  },
  {
    "start": 1000.8,
    "end": 1005.42,
    "speaker": "老师",
    "text": "含十八万元以上的有十六人占总人数的一半左右。"
  },
  {
    "start": 1005.42,
    "end": 1006.2,
    "speaker": "老师",
    "text": "可以估计，"
  },
  {
    "start": 1006.2,
    "end": 1010.22,
    "speaker": "老师",
    "text": "如果月销售额定为每月十八万元，"
  },
  {
    "start": 1010.32,
    "end": 1013.56,
    "speaker": "老师",
    "text": "将有一半左右的营业员获得奖励。"
  },
  {
    "start": 1013.56,
    "end": 1016.02,
    "speaker": "老师",
    "text": "下面我们来看到巩固练习。"
  },
  {
    "start": 1016.14,
    "end": 1020.01,
    "speaker": "老师",
    "text": "某公司共有五十一名员工，"
  },
  {
    "start": 1020.03,
    "end": 1024.67,
    "speaker": "老师",
    "text": "包括经理、经理的工资高于其他员工的工资。"
  },
  {
    "start": 1024.67,
    "end": 1030.37,
    "speaker": "老师",
    "text": "今年经理的工资月工资从去年的两万元增加到三万元，"
  },
  {
    "start": 1030.47,
    "end": 1034.97,
    "speaker": "老师",
    "text": "而其他员工的工资同去年一样。"
  },
  {
    "start": 1034.97,
    "end": 1043.59,
    "speaker": "老师",
    "text": "这样这家公司所有员工今年月工资的平均数和中位数与去年相比将会怎样？"
  },
  {
    "start": 1043.59,
    "end": 1046.85,
    "speaker": "老师",
    "text": "请同学们思考，"
  },
  {
    "start": 1046.85,
    "end": 1048.05,
    "speaker": "老师",
    "text": "我们来看到问题。"
  },
  {
    "start": 1048.05,
    "end": 1050.58,
    "speaker": "老师",
    "text": "问题问的是，"
  },
  {
    "start": 1050.62,
    "end": 1058.84,
    "speaker": "老师",
    "text": "这家公司所有员工今年月工资的平均数和中位数与去年相比是否会发生变化？"
  },
  {
    "start": 1058.94,
    "end": 1061.18,
    "speaker": "老师",
    "text": "我们先来看平均数，"
  },
  {
    "start": 1061.18,
    "end": 1066.26,
    "speaker": "老师",
    "text": "我们知道平均数的计算需要每一个数据的穿盈。"
  },
  {
    "start": 1066.26,
    "end": 1069.6,
    "speaker": "老师",
    "text": "所以经理的工资比去年增加了，"
  },
  {
    "start": 1069.6,
    "end": 1127.92,
    "speaker": "老师",
    "text": "而其他员工的工资不变的前提下，"
  },
  {
    "start": 1127.92,
    "end": 1131.54,
    "speaker": "老师",
    "text": "今年的月工资的平均数就一定会增大，"
  },
  {
    "start": 1131.58,
    "end": 1137.78,
    "speaker": "老师",
    "text": "而中位数反映的是中等收入水平只与中间位置的数有关。"
  },
  {
    "start": 1137.88,
    "end": 1140.78,
    "speaker": "老师",
    "text": "经理的工资原来就是最高的，"
  },
  {
    "start": 1140.78,
    "end": 1145.02,
    "speaker": "老师",
    "text": "而现在继续增加之后还是最高的，"
  },
  {
    "start": 1145.02,
    "end": 1147.5,
    "speaker": "老师",
    "text": "不会改变中间位置的数，"
  },
  {
    "start": 1147.5,
    "end": 1150.17,
    "speaker": "老师",
    "text": "所以中位数不变。"
  },
  {
    "start": 1150.17,
    "end": 1155.63,
    "speaker": "老师",
    "text": "在这里我们也可以得出中位数不受极端值的影响。"
  },
  {
    "start": 1155.63,
    "end": 1159.15,
    "speaker": "老师",
    "text": "所以我们选择b选项平均数增加，"
  },
  {
    "start": 1159.15,
    "end": 1160.47,
    "speaker": "老师",
    "text": "中位数不变。"
  },
  {
    "start": 1160.49,
    "end": 1163.21,
    "speaker": "老师",
    "text": "下面我们来看到第二题。"
  },
  {
    "start": 1163.21,
    "end": 1169.19,
    "speaker": "老师",
    "text": "下面是某校八年级二班两组女生的体重给出了两组数据。"
  },
  {
    "start": 1169.19,
    "end": 1170.91,
    "speaker": "老师",
    "text": "第一问，"
  },
  {
    "start": 1170.91,
    "end": 1174.43,
    "speaker": "老师",
    "text": "分别求这两组数据的平均数众数中位数，"
  },
  {
    "start": 1174.43,
    "end": 1176.59,
    "speaker": "老师",
    "text": "并解释他们的实际意义，"
  },
  {
    "start": 1176.59,
    "end": 1177.77,
    "speaker": "老师",
    "text": "结果取整数。"
  },
  {
    "start": 1178.01,
    "end": 1178.97,
    "speaker": "老师",
    "text": "第二问，"
  },
  {
    "start": 1178.97,
    "end": 1182.73,
    "speaker": "老师",
    "text": "比较这两组数据的平均数众数中位数。"
  },
  {
    "start": 1182.75,
    "end": 1185.05,
    "speaker": "老师",
    "text": "谈谈你对他们的认识，"
  },
  {
    "start": 1185.07,
    "end": 1186.93,
    "speaker": "老师",
    "text": "请同学们先思考，"
  },
  {
    "start": 1187.03,
    "end": 1188.73,
    "speaker": "老师",
    "text": "我们来看到。"
  },
  {
    "start": 1189.07,
    "end": 1189.75,
    "speaker": "老师",
    "text": "第一问，"
  },
  {
    "start": 1189.81,
    "end": 1193.69,
    "speaker": "老师",
    "text": "分别求这两组数据的平均数，"
  },
  {
    "start": 1193.69,
    "end": 1194.99,
    "speaker": "老师",
    "text": "众数中位数。"
  },
  {
    "start": 1195.01,
    "end": 1198.01,
    "speaker": "老师",
    "text": "我们先看第一组数据，"
  },
  {
    "start": 1198.01,
    "end": 1206.66,
    "speaker": "老师",
    "text": "我们求第一组数据的平均数就是将第一组数据相加除以它们的个数七。"
  },
  {
    "start": 1206.66,
    "end": 1208.38,
    "speaker": "老师",
    "text": "所以我们可以算到，"
  },
  {
    "start": 1208.38,
    "end": 1211.66,
    "speaker": "老师",
    "text": "第一组数据的平均数为四十四千克，"
  },
  {
    "start": 1211.96,
    "end": 1216.26,
    "speaker": "老师",
    "text": "说明低柱女生的平均体重为四十四千克。"
  },
  {
    "start": 1216.58,
    "end": 1220.15,
    "speaker": "老师",
    "text": "那第一组数据的重数是多少呢？"
  },
  {
    "start": 1220.89,
    "end": 1228.34,
    "speaker": "老师",
    "text": "从数据当中我们可以发现四十二出现的次数最多，"
  },
  {
    "start": 1228.34,
    "end": 1232.16,
    "speaker": "老师",
    "text": "所以第一组数据的重数为四十二千克，"
  },
  {
    "start": 1232.16,
    "end": 1237.3,
    "speaker": "老师",
    "text": "说明第一组女生中体重四十二千克的人最多，"
  },
  {
    "start": 1237.3,
    "end": 1239.32,
    "speaker": "老师",
    "text": "中位数是多少呢？"
  },
  {
    "start": 1239.34,
    "end": 1242.52,
    "speaker": "老师",
    "text": "我们看到第一组数据，"
  },
  {
    "start": 1242.64,
    "end": 1249.85,
    "speaker": "老师",
    "text": "我们发现第一组数据是按照从小到大的顺序排列的，"
  },
  {
    "start": 1249.85,
    "end": 1251.73,
    "speaker": "老师",
    "text": "一共有七个数据。"
  },
  {
    "start": 1251.73,
    "end": 1253.79,
    "speaker": "老师",
    "text": "所以我们找中位数，"
  },
  {
    "start": 1253.87,
    "end": 1257.77,
    "speaker": "老师",
    "text": "只需要找到中间位置的数就可以了，"
  },
  {
    "start": 1257.81,
    "end": 1261.09,
    "speaker": "老师",
    "text": "七个数中间位置数为第四位。"
  },
  {
    "start": 1261.09,
    "end": 1263.57,
    "speaker": "老师",
    "text": "所以在数据当中，"
  },
  {
    "start": 1263.57,
    "end": 1266.97,
    "speaker": "老师",
    "text": "我们发现中位数为四十。"
  },
  {
    "start": 1266.97,
    "end": 1271.15,
    "speaker": "老师",
    "text": "所以第一组数据的中位数是四十，"
  },
  {
    "start": 1271.15,
    "end": 1278.23,
    "speaker": "老师",
    "text": "说明在第一组女生中有一半的人体重超过四十千克。"
  },
  {
    "start": 1278.23,
    "end": 1280.51,
    "speaker": "老师",
    "text": "下面我们来看到第二组数据，"
  },
  {
    "start": 1280.51,
    "end": 1283.43,
    "speaker": "老师",
    "text": "同样的求第二组数据的平均数，"
  },
  {
    "start": 1283.43,
    "end": 1286.65,
    "speaker": "老师",
    "text": "我们也是将第二组数据进行相加，"
  },
  {
    "start": 1286.65,
    "end": 1289.21,
    "speaker": "老师",
    "text": "除以它们的个数七就可以了。"
  },
  {
    "start": 1289.21,
    "end": 1293.31,
    "speaker": "老师",
    "text": "我们可以算到第二组数据的平均数为四十千克，"
  },
  {
    "start": 1293.31,
    "end": 1295.45,
    "speaker": "老师",
    "text": "说明在第二组女生中，"
  },
  {
    "start": 1295.45,
    "end": 1299.25,
    "speaker": "老师",
    "text": "平均体重为四十千克。"
  },
  {
    "start": 1299.25,
    "end": 1302.19,
    "speaker": "老师",
    "text": "下面我们来找第二组数据的众数。"
  },
  {
    "start": 1302.19,
    "end": 1304.27,
    "speaker": "老师",
    "text": "在第二组数据当中，"
  },
  {
    "start": 1304.27,
    "end": 1308.39,
    "speaker": "老师",
    "text": "我们可以发现四十二出现的次数是最多的。"
  },
  {
    "start": 1308.39,
    "end": 1312.39,
    "speaker": "老师",
    "text": "所以第二组数据的重数为四十二千克。"
  },
  {
    "start": 1312.43,
    "end": 1315.28,
    "speaker": "老师",
    "text": "说明在第二组女生中，"
  },
  {
    "start": 1315.28,
    "end": 1317.48,
    "speaker": "老师",
    "text": "体重四十二千克的人数最多，"
  },
  {
    "start": 1317.48,
    "end": 1320.22,
    "speaker": "老师",
    "text": "找它的中位数。"
  },
  {
    "start": 1320.22,
    "end": 1327.74,
    "speaker": "老师",
    "text": "第二组数据我们发现同样的是按照从小到大的顺序排列的七个数据，"
  },
  {
    "start": 1327.74,
    "end": 1332.08,
    "speaker": "老师",
    "text": "所以我们也是找中间位置上的数。"
  },
  {
    "start": 1332.08,
    "end": 1333.4,
    "speaker": "老师",
    "text": "第四个数据说明，"
  },
  {
    "start": 1333.4,
    "end": 1336.52,
    "speaker": "老师",
    "text": "第四组数据为四十，"
  },
  {
    "start": 1336.52,
    "end": 1342.31,
    "speaker": "老师",
    "text": "发现第二组数据的中位数是四十，"
  },
  {
    "start": 1342.31,
    "end": 1345.81,
    "speaker": "老师",
    "text": "说明第二组女生中有一半人体重超过四十千克。"
  },
  {
    "start": 1345.81,
    "end": 1347.79,
    "speaker": "老师",
    "text": "我们来看到第二问，"
  },
  {
    "start": 1347.81,
    "end": 1352.56,
    "speaker": "老师",
    "text": "比较这两组数据的平均数众数中位数，"
  },
  {
    "start": 1352.56,
    "end": 1354.84,
    "speaker": "老师",
    "text": "谈谈你对它们的认识。"
  },
  {
    "start": 1354.84,
    "end": 1357.13,
    "speaker": "老师",
    "text": "首先我们来看到平均数。"
  },
  {
    "start": 1357.9,
    "end": 1360.9,
    "speaker": "老师",
    "text": "根据我们第一问计算的结果，"
  },
  {
    "start": 1360.9,
    "end": 1365.22,
    "speaker": "老师",
    "text": "我们知道第一组数据的平均数为四十四，"
  },
  {
    "start": 1365.22,
    "end": 1369.46,
    "speaker": "老师",
    "text": "第二组数据的平均数为四十。"
  },
  {
    "start": 1369.54,
    "end": 1372.56,
    "speaker": "老师",
    "text": "我们发现它们的平均数不一样，"
  },
  {
    "start": 1372.56,
    "end": 1374.98,
    "speaker": "老师",
    "text": "究竟是什么原因呢？"
  },
  {
    "start": 1375.04,
    "end": 1378.26,
    "speaker": "老师",
    "text": "我们来看一下题干中的数据信息。"
  },
  {
    "start": 1378.26,
    "end": 1383.86,
    "speaker": "老师",
    "text": "我们发现在第一组数据和第二组数据当中，"
  },
  {
    "start": 1383.86,
    "end": 1386.6,
    "speaker": "老师",
    "text": "只有一个数据不一样。"
  },
  {
    "start": 1386.6,
    "end": 1389.06,
    "speaker": "老师",
    "text": "一个是七十五，"
  },
  {
    "start": 1389.06,
    "end": 1390.44,
    "speaker": "老师",
    "text": "一个是四十五，"
  },
  {
    "start": 1390.54,
    "end": 1393.18,
    "speaker": "老师",
    "text": "而且七十五远大于四十五。"
  },
  {
    "start": 1393.18,
    "end": 1399.96,
    "speaker": "老师",
    "text": "所以第一组数据的平均数比第二组数据的平均数要大。"
  },
  {
    "start": 1399.96,
    "end": 1404.32,
    "speaker": "老师",
    "text": "而且我们还发现在第一组数据当中，"
  },
  {
    "start": 1404.44,
    "end": 1407.26,
    "speaker": "老师",
    "text": "平均数为四十四千克，"
  },
  {
    "start": 1407.26,
    "end": 1410.66,
    "speaker": "老师",
    "text": "只有一个数据比四十四千克要大，"
  },
  {
    "start": 1410.86,
    "end": 1418.54,
    "speaker": "老师",
    "text": "说明在这里平均数受到了这个七十五极端值的影响。"
  },
  {
    "start": 1418.58,
    "end": 1422.82,
    "speaker": "老师",
    "text": "我们再来看一下它们的众数和中位数。"
  },
  {
    "start": 1422.82,
    "end": 1425.66,
    "speaker": "老师",
    "text": "我们发现根据第一问当中，"
  },
  {
    "start": 1425.68,
    "end": 1492.88,
    "speaker": "老师",
    "text": "我我们知道第一组数据和第二组数据的中位数和众数是一样的。"
  },
  {
    "start": 1492.88,
    "end": 1493.92,
    "speaker": "老师",
    "text": "也就是说，"
  },
  {
    "start": 1494.85,
    "end": 1496.53,
    "speaker": "老师",
    "text": "在第一组数据当中，"
  },
  {
    "start": 1496.53,
    "end": 1502.63,
    "speaker": "老师",
    "text": "找的中位数和众数没有受到这个极端值七十五的影响。"
  },
  {
    "start": 1502.63,
    "end": 1503.99,
    "speaker": "老师",
    "text": "由此可以看出，"
  },
  {
    "start": 1504.01,
    "end": 1506.83,
    "speaker": "老师",
    "text": "平均数受极端值的影响较大，"
  },
  {
    "start": 1506.83,
    "end": 1510.35,
    "speaker": "老师",
    "text": "中位数和众数不易受极端值的影响。"
  },
  {
    "start": 1510.35,
    "end": 1512.81,
    "speaker": "老师",
    "text": "我们来看到第三题，"
  },
  {
    "start": 1512.87,
    "end": 1515.01,
    "speaker": "老师",
    "text": "某学校举行演讲比赛，"
  },
  {
    "start": 1515.35,
    "end": 1518.85,
    "speaker": "老师",
    "text": "选出了十名同学担任评委，"
  },
  {
    "start": 1518.85,
    "end": 1525.2,
    "speaker": "老师",
    "text": "并事先拟定从如下四个方案中选择合理的方案，"
  },
  {
    "start": 1525.26,
    "end": 1531.14,
    "speaker": "老师",
    "text": "来确定每个演讲者的最后得分满分为十分。"
  },
  {
    "start": 1531.14,
    "end": 1531.86,
    "speaker": "老师",
    "text": "方案一，"
  },
  {
    "start": 1532.42,
    "end": 1535.84,
    "speaker": "老师",
    "text": "所有评委所给分的平均数方案。"
  },
  {
    "start": 1535.84,
    "end": 1542.62,
    "speaker": "老师",
    "text": "二、在所有评委所给分中去掉一个最高分和一个最低分，"
  },
  {
    "start": 1542.62,
    "end": 1547.76,
    "speaker": "老师",
    "text": "然后再计算其余所给分的平均数方案。"
  },
  {
    "start": 1547.76,
    "end": 1553.88,
    "speaker": "老师",
    "text": "三、所有评委所给分的中位数方案。"
  },
  {
    "start": 1553.88,
    "end": 1556.7,
    "speaker": "老师",
    "text": "三、所有评委所给分的众数。"
  },
  {
    "start": 1556.7,
    "end": 1560.04,
    "speaker": "老师",
    "text": "为了探究上述方案的合理性，"
  },
  {
    "start": 1560.14,
    "end": 1564.7,
    "speaker": "老师",
    "text": "先对某个同学的演讲成绩进行了统计实验。"
  },
  {
    "start": 1564.7,
    "end": 1568.3,
    "speaker": "老师",
    "text": "下图是这个同学得分的中计图。"
  },
  {
    "start": 1568.3,
    "end": 1572.38,
    "speaker": "老师",
    "text": "我们将主要信息放到这个页面上。"
  },
  {
    "start": 1572.48,
    "end": 1573.08,
    "speaker": "老师",
    "text": "首先，"
  },
  {
    "start": 1573.08,
    "end": 1576.68,
    "speaker": "老师",
    "text": "请同学们思考第一个问题，"
  },
  {
    "start": 1576.68,
    "end": 1578.88,
    "speaker": "老师",
    "text": "分别按上述四个方案计算。"
  },
  {
    "start": 1579.12,
    "end": 1581.82,
    "speaker": "老师",
    "text": "这个同学演讲的最后得分，"
  },
  {
    "start": 1582.32,
    "end": 1584.52,
    "speaker": "老师",
    "text": "请同学们动手完成。"
  },
  {
    "start": 1584.52,
    "end": 1591.14,
    "speaker": "老师",
    "text": "我们来看到第一问要我们按上述四个方案计算，"
  },
  {
    "start": 1591.14,
    "end": 1594.63,
    "speaker": "老师",
    "text": "这个同学演讲的最后得分。"
  },
  {
    "start": 1594.63,
    "end": 1596.17,
    "speaker": "老师",
    "text": "我们来看到题目，"
  },
  {
    "start": 1596.17,
    "end": 1599.91,
    "speaker": "老师",
    "text": "题目当中给出了一个条形统计图。"
  },
  {
    "start": 1599.91,
    "end": 1603.91,
    "speaker": "老师",
    "text": "我们知道条形统计图的一个优点，"
  },
  {
    "start": 1603.93,
    "end": 1608.33,
    "speaker": "老师",
    "text": "就是可以清楚的表示出具体的数量。"
  },
  {
    "start": 1608.35,
    "end": 1611.4,
    "speaker": "老师",
    "text": "在这里我们可以看出，"
  },
  {
    "start": 1611.4,
    "end": 1616.28,
    "speaker": "老师",
    "text": "评委的打分中给出三点二分的，"
  },
  {
    "start": 1616.28,
    "end": 1619.7,
    "speaker": "老师",
    "text": "有一人给七分的，"
  },
  {
    "start": 1620.82,
    "end": 1622.68,
    "speaker": "老师",
    "text": "有一人七点八分的，"
  },
  {
    "start": 1622.68,
    "end": 1624.58,
    "speaker": "老师",
    "text": "也为一人八分的。"
  },
  {
    "start": 1624.68,
    "end": 1626.36,
    "speaker": "老师",
    "text": "有三人八点四分的，"
  },
  {
    "start": 1626.7,
    "end": 1628.38,
    "speaker": "老师",
    "text": "有三人九点八分的，"
  },
  {
    "start": 1628.38,
    "end": 1629.52,
    "speaker": "老师",
    "text": "有一人。"
  },
  {
    "start": 1629.54,
    "end": 1632.39,
    "speaker": "老师",
    "text": "我们来看到方案，"
  },
  {
    "start": 1632.69,
    "end": 1636.74,
    "speaker": "老师",
    "text": "一所有评委所给分的平均数。"
  },
  {
    "start": 1636.74,
    "end": 1643.03,
    "speaker": "老师",
    "text": "那就我们计算这十个数据的平均数是多少？"
  },
  {
    "start": 1643.03,
    "end": 1645.95,
    "speaker": "老师",
    "text": "我们可以用平均数的计算公式，"
  },
  {
    "start": 1645.97,
    "end": 1648.91,
    "speaker": "老师",
    "text": "算得它的平均成绩为七点七分。"
  },
  {
    "start": 1649.05,
    "end": 1701.66,
    "speaker": "老师",
    "text": "所以方案一的最后得分为七点七分。"
  },
  {
    "start": 1701.66,
    "end": 1702.8,
    "speaker": "老师",
    "text": "方案二，"
  },
  {
    "start": 1702.8,
    "end": 1707.08,
    "speaker": "老师",
    "text": "所有评为所给分中去掉一个最高分和一个最低分，"
  },
  {
    "start": 1707.08,
    "end": 1711.11,
    "speaker": "老师",
    "text": "然后计算其余所给分的平均数。"
  },
  {
    "start": 1711.11,
    "end": 1715.77,
    "speaker": "老师",
    "text": "在这里我们先找到最高分九点八分和最低分，"
  },
  {
    "start": 1715.77,
    "end": 1716.91,
    "speaker": "老师",
    "text": "三点二分，"
  },
  {
    "start": 1716.91,
    "end": 1719.23,
    "speaker": "老师",
    "text": "它们不参与计算。"
  },
  {
    "start": 1719.31,
    "end": 1726.21,
    "speaker": "老师",
    "text": "所以方案二算的是八个数据的平均数。"
  },
  {
    "start": 1726.23,
    "end": 1729.27,
    "speaker": "老师",
    "text": "我们同样利用平均数的计算公式，"
  },
  {
    "start": 1729.27,
    "end": 1734.78,
    "speaker": "老师",
    "text": "我们可以算到这八个数据的平均数为八分。"
  },
  {
    "start": 1734.78,
    "end": 1738.73,
    "speaker": "老师",
    "text": "所以方案二的最后得分为八分。"
  },
  {
    "start": 1738.75,
    "end": 1739.95,
    "speaker": "老师",
    "text": "方案三，"
  },
  {
    "start": 1739.95,
    "end": 1742.37,
    "speaker": "老师",
    "text": "所有评委所给分的中位数，"
  },
  {
    "start": 1742.37,
    "end": 1746.33,
    "speaker": "老师",
    "text": "也就是找这十个数据的中位数。"
  },
  {
    "start": 1746.33,
    "end": 1747.85,
    "speaker": "老师",
    "text": "在这个条形图中，"
  },
  {
    "start": 1747.87,
    "end": 1752.59,
    "speaker": "老师",
    "text": "我们可以发现已经按照从小到大的顺序排列了。"
  },
  {
    "start": 1752.59,
    "end": 1754.71,
    "speaker": "老师",
    "text": "十个数据找中位数，"
  },
  {
    "start": 1754.71,
    "end": 1759.64,
    "speaker": "老师",
    "text": "我们应该找第五和第六位的平均数。"
  },
  {
    "start": 1759.64,
    "end": 1761.66,
    "speaker": "老师",
    "text": "我们从左往右找过来，"
  },
  {
    "start": 1761.66,
    "end": 1765.88,
    "speaker": "老师",
    "text": "我们可以发现第五位和第六位都为八分。"
  },
  {
    "start": 1765.88,
    "end": 1768.6,
    "speaker": "老师",
    "text": "所以方案三，"
  },
  {
    "start": 1768.6,
    "end": 1770.22,
    "speaker": "老师",
    "text": "最后得分为八分，"
  },
  {
    "start": 1770.22,
    "end": 1773.08,
    "speaker": "老师",
    "text": "方案是所有评为所给分的众数。"
  },
  {
    "start": 1773.08,
    "end": 1779.54,
    "speaker": "老师",
    "text": "那我们从条形图中很容易发现这组数据的众数为八分和八点四分。"
  },
  {
    "start": 1779.54,
    "end": 1783.68,
    "speaker": "老师",
    "text": "所以方案式的最后得分为八分和八点四分。"
  },
  {
    "start": 1783.68,
    "end": 1784.56,
    "speaker": "老师",
    "text": "同学们，"
  },
  {
    "start": 1784.56,
    "end": 1786.78,
    "speaker": "老师",
    "text": "你做对了吗？"
  },
  {
    "start": 1786.78,
    "end": 1788.26,
    "speaker": "老师",
    "text": "我们来看到第二问，"
  },
  {
    "start": 1788.26,
    "end": 1789.94,
    "speaker": "老师",
    "text": "根据一中的结果，"
  },
  {
    "start": 1789.94,
    "end": 1793.7,
    "speaker": "老师",
    "text": "请用统计的知识说明哪些方案不适合。"
  },
  {
    "start": 1793.86,
    "end": 1796.7,
    "speaker": "老师",
    "text": "作为这位同学的最后得分，"
  },
  {
    "start": 1796.74,
    "end": 1797.88,
    "speaker": "老师",
    "text": "请同学们先思考。"
  },
  {
    "start": 1797.88,
    "end": 1800.26,
    "speaker": "老师",
    "text": "我们来看到第二问，"
  },
  {
    "start": 1800.26,
    "end": 1802.14,
    "speaker": "老师",
    "text": "根据一中的结果，"
  },
  {
    "start": 1802.14,
    "end": 1810.3,
    "speaker": "老师",
    "text": "请用统计的知识说明哪些方案不适合作为这个同学演讲的最后得分。"
  },
  {
    "start": 1810.3,
    "end": 1813.64,
    "speaker": "老师",
    "text": "那我们判断哪些方案不适合我们。"
  },
  {
    "start": 1813.64,
    "end": 1815.26,
    "speaker": "老师",
    "text": "从方案一开始，"
  },
  {
    "start": 1815.26,
    "end": 1820.06,
    "speaker": "老师",
    "text": "我们发现方案一的最后得分为七点七分，"
  },
  {
    "start": 1820.06,
    "end": 1823.18,
    "speaker": "老师",
    "text": "比绝大多数评委的评分要低，"
  },
  {
    "start": 1823.72,
    "end": 1825.44,
    "speaker": "老师",
    "text": "说明七点七分，"
  },
  {
    "start": 1825.44,
    "end": 1828.51,
    "speaker": "老师",
    "text": "不能够反映这个同学的真实水平，"
  },
  {
    "start": 1830.59,
    "end": 1834.51,
    "speaker": "老师",
    "text": "原因在于这里受到了极端值三点二分的影响。"
  },
  {
    "start": 1834.51,
    "end": 1838.45,
    "speaker": "老师",
    "text": "我们还发现方案四中最后得分有两个，"
  },
  {
    "start": 1838.53,
    "end": 1842.12,
    "speaker": "老师",
    "text": "这显然是不合理的。"
  },
  {
    "start": 1842.12,
    "end": 1846.77,
    "speaker": "老师",
    "text": "所以我们认为方案一和方案四不合适。"
  },
  {
    "start": 1846.77,
    "end": 1850.35,
    "speaker": "老师",
    "text": "在我们的日常生活当中，"
  },
  {
    "start": 1850.41,
    "end": 1853.31,
    "speaker": "老师",
    "text": "比赛大多数采用方案。"
  },
  {
    "start": 1853.31,
    "end": 1856.69,
    "speaker": "老师",
    "text": "二就是为了减少极端值对平均数的影响，"
  },
  {
    "start": 1856.69,
    "end": 1859.91,
    "speaker": "老师",
    "text": "使得选手的得分更加的公平。"
  },
  {
    "start": 1859.91,
    "end": 1863.83,
    "speaker": "老师",
    "text": "一节课的时间很快过去了。"
  },
  {
    "start": 1863.83,
    "end": 1866.22,
    "speaker": "老师",
    "text": "这节课我们学了什么？"
  },
  {
    "start": 1865.69,
    "end": 1866.22,
    "speaker": "老师",
    "text": "我们悟到了什么？"
  },
  {
    "start": 1865.69,
    "end": 1866.22,
    "speaker": "老师",
    "text": "我们还有哪些质疑？"
  },
  {
    "start": 1865.69,
    "end": 1866.22,
    "speaker": "老师",
    "text": "已发现呢？"
  },
  {
    "start": 1865.69,
    "end": 1866.22,
    "speaker": "老师",
    "text": "这节课我们对平均数中位数和众数进行了比较。"
  },
  {
    "start": 1865.69,
    "end": 1866.22,
    "speaker": "老师",
    "text": "我们知道，"
  },
  {
    "start": 1865.69,
    "end": 1866.22,
    "speaker": "老师",
    "text": "平均数、中位数和众数，"
  },
  {
    "start": 1865.69,
    "end": 1866.22,
    "speaker": "老师",
    "text": "它们都是反映一组数据集中趋势的量。"
  },
  {
    "start": 1865.69,
    "end": 1866.22,
    "speaker": "老师",
    "text": "平均数它的优点在于能够充分的利用数据信息，"
  },
  {
    "start": 1865.69,
    "end": 1866.22,
    "speaker": "老师",
    "text": "但是它容易受到极端值的影响。"
  },
  {
    "start": 1865.69,
    "end": 1866.22,
    "speaker": "老师",
    "text": "中位数的优点在于它不易受极端值的影响，"
  },
  {
    "start": 1865.69,
    "end": 1866.22,
    "speaker": "老师",
    "text": "只需要很少的计算。"
  },
  {
    "start": 1865.69,
    "end": 1866.22,
    "speaker": "老师",
    "text": "同样它的缺点也很明显，"
  },
  {
    "start": 1865.69,
    "end": 1866.22,
    "speaker": "老师",
    "text": "它只关心中间位上的数据，"
  },
  {
    "start": 1865.69,
    "end": 1866.22,
    "speaker": "老师",
    "text": "其他的数据只是作为一个参考，"
  },
  {
    "start": 1865.69,
    "end": 1866.22,
    "speaker": "老师",
    "text": "因此它不能够全面的反映数据信息众数。"
  },
  {
    "start": 1865.69,
    "end": 1866.22,
    "speaker": "老师",
    "text": "它的优点同样是不受极端值的影响。"
  },
  {
    "start": 1865.69,
    "end": 1866.22,
    "speaker": "老师",
    "text": "那它的缺点呢在于它只关心出现次数最多的数。"
  },
  {
    "start": 1865.69,
    "end": 1866.22,
    "speaker": "老师",
    "text": "同样的不易反映全面的数据信息。"
  },
  {
    "start": 1865.69,
    "end": 1866.22,
    "speaker": "老师",
    "text": "众数的缺点是，"
  },
  {
    "start": 1865.69,
    "end": 1866.22,
    "speaker": "老师",
    "text": "它只关心出现次数最多的数，"
  },
  {
    "start": 1865.69,
    "end": 1866.22,
    "speaker": "老师",
    "text": "不能够全面的反映数据信息，"
  },
  {
    "start": 1865.69,
    "end": 1866.22,
    "speaker": "老师",
    "text": "同时容易出现多个种树的情况，"
  },
  {
    "start": 1865.69,
    "end": 1866.22,
    "speaker": "老师",
    "text": "此时没有多大的意义。"
  },
  {
    "start": 1865.69,
    "end": 1866.22,
    "speaker": "老师",
    "text": "我们还认识到，"
  },
  {
    "start": 1865.69,
    "end": 1866.22,
    "speaker": "老师",
    "text": "在实际应用中，"
  },
  {
    "start": 1865.69,
    "end": 1866.22,
    "speaker": "老师",
    "text": "需要分析具体的问题情况，"
  },
  {
    "start": 1865.69,
    "end": 1866.22,
    "speaker": "老师",
    "text": "选择适当的量来反映数据的集中趋势。"
  },
  {
    "start": 1865.69,
    "end": 1866.22,
    "speaker": "老师",
    "text": "下面是我们这节课的作业必做。"
  },
  {
    "start": 1865.69,
    "end": 1866.22,
    "speaker": "老师",
    "text": "题为数学练习册的第四十三页，"
  },
  {
    "start": 1865.69,
    "end": 1866.22,
    "speaker": "老师",
    "text": "拓展型作业为课本第一百二十三页。"
  },
  {
    "start": 1865.69,
    "end": 1866.22,
    "speaker": "老师",
    "text": "第八题，"
  },
  {
    "start": 1865.69,
    "end": 1866.22,
    "speaker": "老师",
    "text": "在这里，"
  },
  {
    "start": 1865.69,
    "end": 1866.22,
    "speaker": "老师",
    "text": "老师还布置了一个研究性作业，"
  },
  {
    "start": 1865.69,
    "end": 1866.22,
    "speaker": "老师",
    "text": "请同学们查阅数学史，"
  },
  {
    "start": 1865.69,
    "end": 1866.22,
    "speaker": "老师",
    "text": "写一篇关于平均数中位数和众数的小论文。"
  },
  {
    "start": 1865.69,
    "end": 1866.22,
    "speaker": "老师",
    "text": "这节课我们上到这里下课。"
  }
]