[
  {
    "start": 9.18,
    "end": 10.69,
    "speaker": "老师",
    "text": "同学们好，"
  },
  {
    "start": 10.69,
    "end": 17.38,
    "speaker": "老师",
    "text": "上节课我们学习了利用平方差公式这样一个多项式进行因式分解。"
  },
  {
    "start": 17.38,
    "end": 24.46,
    "speaker": "老师",
    "text": "当一个多项式它能满足符合a平方减b平方这种平方差的形式的时候，"
  },
  {
    "start": 24.46,
    "end": 28.29,
    "speaker": "老师",
    "text": "就能利用平方差公式进行式分解。"
  },
  {
    "start": 28.29,
    "end": 31.29,
    "speaker": "老师",
    "text": "今天我们继续学习因式分解，"
  },
  {
    "start": 31.29,
    "end": 35.8,
    "speaker": "老师",
    "text": "第三节公式法的第二课时。"
  },
  {
    "start": 35.8,
    "end": 41.02,
    "speaker": "老师",
    "text": "首先我们来回顾一下完全平方公式，"
  },
  {
    "start": 41.02,
    "end": 49.19,
    "speaker": "老师",
    "text": "第一个a加b括号的平方等于a的平方加二AB加b的平方。"
  },
  {
    "start": 49.19,
    "end": 50.17,
    "speaker": "老师",
    "text": "第二个，"
  },
  {
    "start": 50.27,
    "end": 57.25,
    "speaker": "老师",
    "text": "a减b括号的平方等于a的平方减二AB加b的平方，"
  },
  {
    "start": 57.25,
    "end": 60.19,
    "speaker": "老师",
    "text": "这是我们的完全平方公式。"
  },
  {
    "start": 60.31,
    "end": 66.37,
    "speaker": "老师",
    "text": "现在我将这个完全平衡公式，"
  },
  {
    "start": 66.61,
    "end": 77.33,
    "speaker": "老师",
    "text": "反过来可以得到第一个a的平方加二AB加b的平方等于a加b括号的平方。"
  },
  {
    "start": 77.39,
    "end": 85.92,
    "speaker": "老师",
    "text": "第二个a的平方减二AB加b的平方等于a减b括号的平方。"
  },
  {
    "start": 85.92,
    "end": 91.43,
    "speaker": "老师",
    "text": "我们用文字语言把它描述一下，"
  },
  {
    "start": 91.55,
    "end": 94.57,
    "speaker": "老师",
    "text": "应该是两个数的平方和啊，"
  },
  {
    "start": 94.57,
    "end": 104.33,
    "speaker": "老师",
    "text": "a平方加b平方加上或减去这两个数的积的两倍加二AB或减二AB,"
  },
  {
    "start": 104.69,
    "end": 110.67,
    "speaker": "老师",
    "text": "它等于这两个数的和a加b的平方，"
  },
  {
    "start": 111.03,
    "end": 116.53,
    "speaker": "老师",
    "text": "或者说是它们的差a减b括号平方。"
  },
  {
    "start": 116.53,
    "end": 120.63,
    "speaker": "老师",
    "text": "那么如果一个多项式它形如这样的啊，"
  },
  {
    "start": 120.99,
    "end": 124.05,
    "speaker": "老师",
    "text": "形如a平方加二AB加b平方，"
  },
  {
    "start": 124.05,
    "end": 134.15,
    "speaker": "老师",
    "text": "或者说是a平方减二AB加b平方这样的多项式我们称为是完全平方式。"
  },
  {
    "start": 134.15,
    "end": 134.57,
    "speaker": "老师",
    "text": "好，"
  },
  {
    "start": 134.57,
    "end": 137.97,
    "speaker": "老师",
    "text": "我们看到九x平方减六x加一，"
  },
  {
    "start": 137.97,
    "end": 143.51,
    "speaker": "老师",
    "text": "我们来看看它是不是完全平方式呢？"
  },
  {
    "start": 143.51,
    "end": 153.47,
    "speaker": "老师",
    "text": "九x平方我们可以把它写成三x括号的平方一可以写成一的平方，"
  },
  {
    "start": 153.61,
    "end": 157.72,
    "speaker": "老师",
    "text": "六x可以写成二乘三x乘以一。"
  },
  {
    "start": 157.72,
    "end": 158.04,
    "speaker": "老师",
    "text": "啊，"
  },
  {
    "start": 158.04,
    "end": 161.01,
    "speaker": "老师",
    "text": "注意一下啊，"
  },
  {
    "start": 161.05,
    "end": 164.61,
    "speaker": "老师",
    "text": "在中间不能打底，"
  },
  {
    "start": 164.81,
    "end": 166.49,
    "speaker": "老师",
    "text": "应该写的是乘号啊，"
  },
  {
    "start": 166.49,
    "end": 168.53,
    "speaker": "老师",
    "text": "这里有问题。"
  },
  {
    "start": 168.53,
    "end": 173.61,
    "speaker": "老师",
    "text": "然后我们对比一下我们的这个公式，"
  },
  {
    "start": 173.65,
    "end": 178.78,
    "speaker": "老师",
    "text": "那此时a应该等于三XB应该等于一。"
  },
  {
    "start": 178.78,
    "end": 179.66,
    "speaker": "老师",
    "text": "我看一下哈，"
  },
  {
    "start": 179.66,
    "end": 185.17,
    "speaker": "老师",
    "text": "a等于三XB等于中间正好是二乘以乘号啊，"
  },
  {
    "start": 185.17,
    "end": 188.97,
    "speaker": "老师",
    "text": "三x乘以一的形式。"
  },
  {
    "start": 188.99,
    "end": 197.42,
    "speaker": "老师",
    "text": "那么就说明这个多项式它就是我们这个完全平方式，"
  },
  {
    "start": 197.42,
    "end": 198.58,
    "speaker": "老师",
    "text": "它等于什么呢？"
  },
  {
    "start": 198.58,
    "end": 200.24,
    "speaker": "老师",
    "text": "A减b括号的平方，"
  },
  {
    "start": 200.24,
    "end": 203.54,
    "speaker": "老师",
    "text": "也就是三x减一括号的平方。"
  },
  {
    "start": 203.54,
    "end": 208.38,
    "speaker": "老师",
    "text": "那是不是所有的多方式都能够利用这种方法呢？"
  },
  {
    "start": 208.38,
    "end": 215.93,
    "speaker": "老师",
    "text": "利用完全平方公式是可以将某些多项式进行因式分解。"
  },
  {
    "start": 215.93,
    "end": 223.18,
    "speaker": "老师",
    "text": "但要注意要想利用完全平方公式来因式分解的话，"
  },
  {
    "start": 223.18,
    "end": 223.84,
    "speaker": "老师",
    "text": "呃，"
  },
  {
    "start": 223.98,
    "end": 231.1,
    "speaker": "老师",
    "text": "它只适用于当这个多项式，"
  },
  {
    "start": 231.1,
    "end": 240.08,
    "speaker": "老师",
    "text": "它是完全平方式的时候。"
  },
  {
    "start": 240.16,
    "end": 245.98,
    "speaker": "老师",
    "text": "那么我们来看看完全平方式它有什么特点？"
  },
  {
    "start": 245.98,
    "end": 251.83,
    "speaker": "老师",
    "text": "第一个a平方加二AB加b平方，"
  },
  {
    "start": 251.83,
    "end": 254.99,
    "speaker": "老师",
    "text": "第二个a平方减二AB加b平方。"
  },
  {
    "start": 254.99,
    "end": 257.17,
    "speaker": "老师",
    "text": "但是你想一下，"
  },
  {
    "start": 257.21,
    "end": 264.13,
    "speaker": "老师",
    "text": "这我们可以把a和b看作首跟尾啊，"
  },
  {
    "start": 264.13,
    "end": 268.55,
    "speaker": "老师",
    "text": "那么这里应该是首的平方，"
  },
  {
    "start": 268.65,
    "end": 270.47,
    "speaker": "老师",
    "text": "这里是尾的平方，"
  },
  {
    "start": 270.47,
    "end": 271.93,
    "speaker": "老师",
    "text": "这是首和尾。"
  },
  {
    "start": 271.93,
    "end": 274.77,
    "speaker": "老师",
    "text": "然后首和尾应该是首的平方，"
  },
  {
    "start": 274.79,
    "end": 276.69,
    "speaker": "老师",
    "text": "加上尾的平方，"
  },
  {
    "start": 276.69,
    "end": 278.09,
    "speaker": "老师",
    "text": "a平方加b平方，"
  },
  {
    "start": 278.11,
    "end": 283.9,
    "speaker": "老师",
    "text": "a平方加b平方中间上是首尾乘绩的两倍，"
  },
  {
    "start": 284.2,
    "end": 295.21,
    "speaker": "老师",
    "text": "两倍的首称为二乘a乘b两倍的首称为二乘a乘b所以这里还有加上中间的，"
  },
  {
    "start": 295.33,
    "end": 297.59,
    "speaker": "老师",
    "text": "还有这是减上中间这一项。"
  },
  {
    "start": 297.59,
    "end": 303.28,
    "speaker": "老师",
    "text": "所以一个完全平方式它首先具备三项啊三项。"
  },
  {
    "start": 303.28,
    "end": 317.19,
    "speaker": "老师",
    "text": "然后这三项它要符合首的平方，"
  },
  {
    "start": 317.29,
    "end": 318.89,
    "speaker": "老师",
    "text": "加上尾的平方，"
  },
  {
    "start": 318.89,
    "end": 321.39,
    "speaker": "老师",
    "text": "然后中间是首尾的两倍啊，"
  },
  {
    "start": 321.39,
    "end": 322.73,
    "speaker": "老师",
    "text": "有加有减。"
  },
  {
    "start": 322.77,
    "end": 328.15,
    "speaker": "老师",
    "text": "只有当一个多项式符合这个特点的时候，"
  },
  {
    "start": 328.29,
    "end": 333.15,
    "speaker": "老师",
    "text": "那么它才是一个完全平方式。"
  },
  {
    "start": 333.15,
    "end": 340.29,
    "speaker": "老师",
    "text": "我们现在同学判断一下下列格式是不是完全平方式。"
  },
  {
    "start": 340.29,
    "end": 341.89,
    "speaker": "老师",
    "text": "第一题，"
  },
  {
    "start": 341.95,
    "end": 344.45,
    "speaker": "老师",
    "text": "x平方加y平方，"
  },
  {
    "start": 344.45,
    "end": 346.61,
    "speaker": "老师",
    "text": "它这个不是啊，"
  },
  {
    "start": 346.61,
    "end": 351.85,
    "speaker": "老师",
    "text": "我们说完全平方式最应该有三项构成，"
  },
  {
    "start": 351.85,
    "end": 354.79,
    "speaker": "老师",
    "text": "所以它不是完全平方式。"
  },
  {
    "start": 354.79,
    "end": 363.65,
    "speaker": "老师",
    "text": "第二个x平方加二XY加y平方有三项。"
  },
  {
    "start": 363.89,
    "end": 364.49,
    "speaker": "老师",
    "text": "好，"
  },
  {
    "start": 365.09,
    "end": 369.61,
    "speaker": "老师",
    "text": "我们来找出里面是否符合这特点。"
  },
  {
    "start": 369.61,
    "end": 372.91,
    "speaker": "老师",
    "text": "手平方啊手是x手的平方，"
  },
  {
    "start": 372.91,
    "end": 374.67,
    "speaker": "老师",
    "text": "加上尾平方哈，"
  },
  {
    "start": 374.67,
    "end": 385.79,
    "speaker": "老师",
    "text": "加尾的平方加y平方中间是两倍的首尾二乘x乘y它正好符合这个特点，"
  },
  {
    "start": 385.79,
    "end": 390.13,
    "speaker": "老师",
    "text": "所以它是完全平方公式。"
  },
  {
    "start": 390.13,
    "end": 396.29,
    "speaker": "老师",
    "text": "第三个首平方x平方尾平方y的平方加啊，"
  },
  {
    "start": 396.29,
    "end": 398.01,
    "speaker": "老师",
    "text": "中间一项是两倍的，"
  },
  {
    "start": 398.01,
    "end": 402.77,
    "speaker": "老师",
    "text": "首乘尾二乘x乘以y然后中间是减号，"
  },
  {
    "start": 402.91,
    "end": 404.68,
    "speaker": "老师",
    "text": "符合这个，"
  },
  {
    "start": 404.68,
    "end": 407.78,
    "speaker": "老师",
    "text": "所以它也是一个完全平方公式。"
  },
  {
    "start": 407.78,
    "end": 412.18,
    "speaker": "老师",
    "text": "第三个首平方就是x平方，"
  },
  {
    "start": 412.18,
    "end": 414.1,
    "speaker": "老师",
    "text": "尾平方就是y平方，"
  },
  {
    "start": 414.1,
    "end": 414.88,
    "speaker": "老师",
    "text": "但它是减号，"
  },
  {
    "start": 416.75,
    "end": 420.29,
    "speaker": "老师",
    "text": "所以它不是完全平方公式。"
  },
  {
    "start": 420.45,
    "end": 423.57,
    "speaker": "老师",
    "text": "第五个手平方x平方，"
  },
  {
    "start": 423.57,
    "end": 425.41,
    "speaker": "老师",
    "text": "但是手前面还有个负号，"
  },
  {
    "start": 426.03,
    "end": 427.13,
    "speaker": "老师",
    "text": "尾平方，"
  },
  {
    "start": 427.13,
    "end": 429.97,
    "speaker": "老师",
    "text": "y平方它也是个减号，"
  },
  {
    "start": 429.97,
    "end": 433.18,
    "speaker": "老师",
    "text": "那么怎么办呢？"
  },
  {
    "start": 433.18,
    "end": 437.8,
    "speaker": "老师",
    "text": "所以第一步我先提取这个符号等于负的啊，"
  },
  {
    "start": 437.98,
    "end": 442.07,
    "speaker": "老师",
    "text": "提负了之后啊，"
  },
  {
    "start": 442.07,
    "end": 444.59,
    "speaker": "老师",
    "text": "这个加号要变减号，"
  },
  {
    "start": 444.59,
    "end": 447.59,
    "speaker": "老师",
    "text": "x平方减二XY加y的平方。"
  },
  {
    "start": 447.59,
    "end": 450.28,
    "speaker": "老师",
    "text": "我们再来观察一下，"
  },
  {
    "start": 450.28,
    "end": 472.01,
    "speaker": "老师",
    "text": "后面这个首平方x平方尾平方y平方中间是两倍的首乘尾中间减号它就符合这个特征。"
  },
  {
    "start": 472.01,
    "end": 476.59,
    "speaker": "老师",
    "text": "所以这个多项式它也是完全平方公式啊，"
  },
  {
    "start": 476.59,
    "end": 480.54,
    "speaker": "老师",
    "text": "我们要学会判断它是完成模式，"
  },
  {
    "start": 480.54,
    "end": 482.44,
    "speaker": "老师",
    "text": "还有三项啊，"
  },
  {
    "start": 482.54,
    "end": 484.94,
    "speaker": "老师",
    "text": "符合这两种特征。"
  },
  {
    "start": 484.94,
    "end": 485.3,
    "speaker": "老师",
    "text": "嗯，"
  },
  {
    "start": 485.4,
    "end": 488.92,
    "speaker": "老师",
    "text": "请同学们补上一项啊，"
  },
  {
    "start": 488.92,
    "end": 494.6,
    "speaker": "老师",
    "text": "使得下列多项式成为完全平方式，"
  },
  {
    "start": 494.6,
    "end": 495.92,
    "speaker": "老师",
    "text": "必须有三项需要补一项。"
  },
  {
    "start": 495.92,
    "end": 497.02,
    "speaker": "老师",
    "text": "您思考一下。"
  },
  {
    "start": 497.02,
    "end": 497.8,
    "speaker": "老师",
    "text": "第一题，"
  },
  {
    "start": 497.8,
    "end": 500.54,
    "speaker": "老师",
    "text": "x平方加啊对称未知加y平方。"
  },
  {
    "start": 500.84,
    "end": 504.46,
    "speaker": "老师",
    "text": "我们来看一下题目，"
  },
  {
    "start": 504.48,
    "end": 509.36,
    "speaker": "老师",
    "text": "已知的两项是哪两项，"
  },
  {
    "start": 509.36,
    "end": 510.3,
    "speaker": "老师",
    "text": "这是平方，"
  },
  {
    "start": 510.3,
    "end": 511.32,
    "speaker": "老师",
    "text": "这是平方。"
  },
  {
    "start": 511.32,
    "end": 514.38,
    "speaker": "老师",
    "text": "所以呢是首平方加尾平方，"
  },
  {
    "start": 514.38,
    "end": 515.28,
    "speaker": "老师",
    "text": "这是加号。"
  },
  {
    "start": 515.28,
    "end": 521.8,
    "speaker": "老师",
    "text": "那么中间这一项缺的应该就是中间项两倍的首尾。"
  },
  {
    "start": 521.8,
    "end": 526.66,
    "speaker": "老师",
    "text": "那我们找出来首项应该是x尾项，"
  },
  {
    "start": 526.66,
    "end": 527.54,
    "speaker": "老师",
    "text": "应该是y,"
  },
  {
    "start": 527.62,
    "end": 530.16,
    "speaker": "老师",
    "text": "所以两倍的首尾应该是二XY."
  },
  {
    "start": 530.46,
    "end": 537.95,
    "speaker": "老师",
    "text": "然后还要注意这个完全平方式有两种啊，"
  },
  {
    "start": 538.03,
    "end": 540.17,
    "speaker": "老师",
    "text": "周期上可以是加号，"
  },
  {
    "start": 540.23,
    "end": 543.07,
    "speaker": "老师",
    "text": "也可以是减号，"
  },
  {
    "start": 543.19,
    "end": 544.39,
    "speaker": "老师",
    "text": "一定要注意，"
  },
  {
    "start": 544.39,
    "end": 549.6,
    "speaker": "老师",
    "text": "所以它应该是正负二XY有两个，"
  },
  {
    "start": 549.6,
    "end": 552.82,
    "speaker": "老师",
    "text": "第二个四a平方加，"
  },
  {
    "start": 552.82,
    "end": 553.98,
    "speaker": "老师",
    "text": "九b平方加，"
  },
  {
    "start": 553.98,
    "end": 555.4,
    "speaker": "老师",
    "text": "这个是未知的。"
  },
  {
    "start": 555.4,
    "end": 565.54,
    "speaker": "老师",
    "text": "我们来看一下四a平方它应该是平方项，"
  },
  {
    "start": 565.54,
    "end": 568.2,
    "speaker": "老师",
    "text": "它等于二a括号的平方，"
  },
  {
    "start": 568.2,
    "end": 572.02,
    "speaker": "老师",
    "text": "九b平方它也是个平方项，"
  },
  {
    "start": 572.08,
    "end": 573.98,
    "speaker": "老师",
    "text": "它等于三b括号平方。"
  },
  {
    "start": 574.14,
    "end": 578.5,
    "speaker": "老师",
    "text": "所以题目已知的两项应该是两个平方项，"
  },
  {
    "start": 578.5,
    "end": 581.47,
    "speaker": "老师",
    "text": "也就是首项和尾项。"
  },
  {
    "start": 582.15,
    "end": 588.85,
    "speaker": "老师",
    "text": "那么首项应该是二a尾项是三b那缺的这一项应该是中间项，"
  },
  {
    "start": 588.85,
    "end": 592.75,
    "speaker": "老师",
    "text": "中间项是二比就是两倍的首尾，"
  },
  {
    "start": 592.75,
    "end": 599.46,
    "speaker": "老师",
    "text": "所以两倍的首尾二乘以二a乘以三b等于十二AB."
  },
  {
    "start": 599.46,
    "end": 602.34,
    "speaker": "老师",
    "text": "然后中间这一项啊是有两种的，"
  },
  {
    "start": 602.34,
    "end": 605.02,
    "speaker": "老师",
    "text": "所以它应该是正负十二AB."
  },
  {
    "start": 605.64,
    "end": 607.46,
    "speaker": "老师",
    "text": "第三题，"
  },
  {
    "start": 607.52,
    "end": 613.14,
    "speaker": "老师",
    "text": "x平方减啊未知，"
  },
  {
    "start": 614.3,
    "end": 617.48,
    "speaker": "老师",
    "text": "加上四y平方，"
  },
  {
    "start": 618.0,
    "end": 622.64,
    "speaker": "老师",
    "text": "同样来寻找x平方是平方项，"
  },
  {
    "start": 622.64,
    "end": 626.43,
    "speaker": "老师",
    "text": "四y平方也是平方项，"
  },
  {
    "start": 626.97,
    "end": 631.19,
    "speaker": "老师",
    "text": "可以看成是二y括号的平方。"
  },
  {
    "start": 631.19,
    "end": 638.45,
    "speaker": "老师",
    "text": "就是说这里面它告诉我们的应该是首项和尾项，"
  },
  {
    "start": 638.61,
    "end": 641.85,
    "speaker": "老师",
    "text": "那缺的应该是中间这一项，"
  },
  {
    "start": 641.85,
    "end": 644.43,
    "speaker": "老师",
    "text": "首项为x尾项为二y,"
  },
  {
    "start": 644.49,
    "end": 651.42,
    "speaker": "老师",
    "text": "所以中间两倍首位也是二乘x乘二y."
  },
  {
    "start": 651.44,
    "end": 653.98,
    "speaker": "老师",
    "text": "中间项就是四XY,"
  },
  {
    "start": 654.36,
    "end": 663.7,
    "speaker": "老师",
    "text": "然后注意这是减号。"
  },
  {
    "start": 663.7,
    "end": 669.28,
    "speaker": "老师",
    "text": "然后我们完全平方式啊，"
  },
  {
    "start": 669.28,
    "end": 670.88,
    "speaker": "老师",
    "text": "它有两个可加，"
  },
  {
    "start": 670.88,
    "end": 672.5,
    "speaker": "老师",
    "text": "中间可以是加号，"
  },
  {
    "start": 673.23,
    "end": 674.47,
    "speaker": "老师",
    "text": "也可以是减号，"
  },
  {
    "start": 674.47,
    "end": 680.01,
    "speaker": "老师",
    "text": "所以这里面应该也有两个正负。"
  },
  {
    "start": 680.25,
    "end": 682.63,
    "speaker": "老师",
    "text": "四YXY,"
  },
  {
    "start": 682.63,
    "end": 684.67,
    "speaker": "老师",
    "text": "你做对了吗？"
  },
  {
    "start": 684.67,
    "end": 695.49,
    "speaker": "老师",
    "text": "你自己a平方加未知加四分之一b平方观察一下平方项平方向，"
  },
  {
    "start": 695.83,
    "end": 697.57,
    "speaker": "老师",
    "text": "这是a的平方，"
  },
  {
    "start": 697.79,
    "end": 702.53,
    "speaker": "老师",
    "text": "这是二分之一b括号的平方。"
  },
  {
    "start": 702.65,
    "end": 706.66,
    "speaker": "老师",
    "text": "所以哈佛已知的应该是首项和尾项。"
  },
  {
    "start": 706.66,
    "end": 715.59,
    "speaker": "老师",
    "text": "并且首项首平方首项是a尾平方尾是二分之一b那中间应该是两倍的。"
  },
  {
    "start": 715.59,
    "end": 721.8,
    "speaker": "老师",
    "text": "首尾二乘a乘二分之一b等于AB,"
  },
  {
    "start": 721.8,
    "end": 725.9,
    "speaker": "老师",
    "text": "然后中间项有加有减，"
  },
  {
    "start": 725.9,
    "end": 730.52,
    "speaker": "老师",
    "text": "算是正负a这有第五个傻逼，"
  },
  {
    "start": 730.52,
    "end": 741.69,
    "speaker": "老师",
    "text": "我们观察第五个x四次方加上二x平方y加上一个未知项题目。"
  },
  {
    "start": 741.71,
    "end": 746.63,
    "speaker": "老师",
    "text": "已知的这两项是哪两项？"
  },
  {
    "start": 746.85,
    "end": 753.16,
    "speaker": "老师",
    "text": "X四次方可以看成是x的平方括号的平方，"
  },
  {
    "start": 755.7,
    "end": 757.52,
    "speaker": "老师",
    "text": "所以它是一个平方项。"
  },
  {
    "start": 757.62,
    "end": 761.86,
    "speaker": "老师",
    "text": "二x平方y它能写成十的平方吗？"
  },
  {
    "start": 761.86,
    "end": 764.27,
    "speaker": "老师",
    "text": "显然是不可以的。"
  },
  {
    "start": 764.39,
    "end": 767.12,
    "speaker": "老师",
    "text": "所以这一项它并不是平方项，"
  },
  {
    "start": 767.83,
    "end": 770.71,
    "speaker": "老师",
    "text": "也就是它必定是中间这一项。"
  },
  {
    "start": 770.71,
    "end": 779.88,
    "speaker": "老师",
    "text": "那么就意味着我们缺的应该是一个平方项，"
  },
  {
    "start": 779.92,
    "end": 783.61,
    "speaker": "老师",
    "text": "也就是缺的是尾的平方这一项。"
  },
  {
    "start": 783.65,
    "end": 788.37,
    "speaker": "老师",
    "text": "那么要寻找尾的平方就要先求出尾是多少，"
  },
  {
    "start": 788.37,
    "end": 789.71,
    "speaker": "老师",
    "text": "怎么求呢？"
  },
  {
    "start": 789.71,
    "end": 794.76,
    "speaker": "老师",
    "text": "中间项它是什么？"
  },
  {
    "start": 794.88,
    "end": 796.26,
    "speaker": "老师",
    "text": "是两倍的？"
  },
  {
    "start": 796.3,
    "end": 806.71,
    "speaker": "老师",
    "text": "首尾二x平方y可以看成是两二乘以x平方乘以y然后首项正好是x平方，"
  },
  {
    "start": 806.75,
    "end": 810.83,
    "speaker": "老师",
    "text": "所以两倍的这就是首项，"
  },
  {
    "start": 810.83,
    "end": 814.05,
    "speaker": "老师",
    "text": "那么他必定就是伪向。"
  },
  {
    "start": 814.05,
    "end": 815.97,
    "speaker": "老师",
    "text": "所以我们缺的尾项的平方，"
  },
  {
    "start": 815.97,
    "end": 819.44,
    "speaker": "老师",
    "text": "那么就是尾项为y它等于y的平方。"
  },
  {
    "start": 819.44,
    "end": 827.85,
    "speaker": "老师",
    "text": "所以这种题目哈你要先确定哈题目已知的是哪两项，"
  },
  {
    "start": 827.85,
    "end": 828.97,
    "speaker": "老师",
    "text": "缺的是哪一项。"
  },
  {
    "start": 828.97,
    "end": 832.87,
    "speaker": "老师",
    "text": "通过已知项去推导出我们缺的内项是多少。"
  },
  {
    "start": 832.87,
    "end": 841.85,
    "speaker": "老师",
    "text": "还要注意中间这一项啊是有可以加，"
  },
  {
    "start": 841.85,
    "end": 842.85,
    "speaker": "老师",
    "text": "也可以是减。"
  },
  {
    "start": 842.85,
    "end": 848.92,
    "speaker": "老师",
    "text": "当一个完当一个多项式它是完全平方式的时候，"
  },
  {
    "start": 848.92,
    "end": 857.3,
    "speaker": "老师",
    "text": "那么我们就可以利用完全平方公式将这个多项式进行因式分解。"
  },
  {
    "start": 857.6,
    "end": 860.23,
    "speaker": "老师",
    "text": "好看到这个例题，"
  },
  {
    "start": 860.23,
    "end": 863.47,
    "speaker": "老师",
    "text": "d x平方加十四，"
  },
  {
    "start": 863.47,
    "end": 866.61,
    "speaker": "老师",
    "text": "x加四十九等一下四十九，"
  },
  {
    "start": 866.85,
    "end": 870.05,
    "speaker": "老师",
    "text": "它是七的平方，"
  },
  {
    "start": 870.05,
    "end": 874.32,
    "speaker": "老师",
    "text": "十四正好是二乘x乘七。"
  },
  {
    "start": 874.32,
    "end": 882.84,
    "speaker": "老师",
    "text": "那么它等于x平方首平方加两倍的首项乘尾项二乘x乘七加尾项平方七的平方，"
  },
  {
    "start": 882.88,
    "end": 886.44,
    "speaker": "老师",
    "text": "它就是一个完整平方式了。"
  },
  {
    "start": 886.44,
    "end": 888.64,
    "speaker": "老师",
    "text": "那么它等于什么呢？"
  },
  {
    "start": 888.72,
    "end": 892.02,
    "speaker": "老师",
    "text": "它应该等于它等于a加b括号平方，"
  },
  {
    "start": 892.36,
    "end": 896.25,
    "speaker": "老师",
    "text": "它等于a减b括号的平方。"
  },
  {
    "start": 896.25,
    "end": 898.07,
    "speaker": "老师",
    "text": "所以这中间是什么哈？"
  },
  {
    "start": 898.19,
    "end": 903.41,
    "speaker": "老师",
    "text": "加号它是我们的第一个完全平方式，"
  },
  {
    "start": 903.41,
    "end": 906.19,
    "speaker": "老师",
    "text": "那么它等于x加七括号平方。"
  },
  {
    "start": 906.19,
    "end": 907.13,
    "speaker": "老师",
    "text": "第二个，"
  },
  {
    "start": 907.15,
    "end": 909.69,
    "speaker": "老师",
    "text": "这个多项式也是有三项的，"
  },
  {
    "start": 909.69,
    "end": 918.47,
    "speaker": "老师",
    "text": "四a的平方可以看成是二a括号的平方。"
  },
  {
    "start": 918.47,
    "end": 923.7,
    "speaker": "老师",
    "text": "九b的平方可以看成是三b括号的平方，"
  },
  {
    "start": 923.7,
    "end": 931.09,
    "speaker": "老师",
    "text": "中间十二AB可以写成二乘以二a乘以三b写这种形式。"
  },
  {
    "start": 931.09,
    "end": 935.11,
    "speaker": "老师",
    "text": "注意哈这个中间有点错误，"
  },
  {
    "start": 935.11,
    "end": 935.67,
    "speaker": "老师",
    "text": "不能打底，"
  },
  {
    "start": 935.67,
    "end": 938.11,
    "speaker": "老师",
    "text": "应该是乘号。"
  },
  {
    "start": 938.41,
    "end": 942.15,
    "speaker": "老师",
    "text": "二乘以宝贝数与数之间必须写乘号。"
  },
  {
    "start": 942.49,
    "end": 948.23,
    "speaker": "老师",
    "text": "那么这个多项式我们也能写成是完全平方式的形式，"
  },
  {
    "start": 948.23,
    "end": 953.21,
    "speaker": "老师",
    "text": "并且它是第第二种中间是减号，"
  },
  {
    "start": 953.21,
    "end": 956.13,
    "speaker": "老师",
    "text": "所以它等于a减b括平方。"
  },
  {
    "start": 956.13,
    "end": 970.63,
    "speaker": "老师",
    "text": "这个相当于公式里面的a三b相当于公式里面的b所以它等于二a减三b括号的平方。"
  },
  {
    "start": 970.63,
    "end": 972.35,
    "speaker": "老师",
    "text": "在这个多方式当中，"
  },
  {
    "start": 972.41,
    "end": 982.3,
    "speaker": "老师",
    "text": "我们要寻找出确定它的首跟尾头跟尾啊，"
  },
  {
    "start": 982.3,
    "end": 985.14,
    "speaker": "老师",
    "text": "还要注意它中间的符号中间是加。"
  },
  {
    "start": 985.14,
    "end": 988.48,
    "speaker": "老师",
    "text": "那么这也是加a加六号平方，"
  },
  {
    "start": 989.83,
    "end": 992.61,
    "speaker": "老师",
    "text": "中间上是减，"
  },
  {
    "start": 992.61,
    "end": 997.8,
    "speaker": "老师",
    "text": "那么它是a减b括号的平方继续。"
  },
  {
    "start": 997.82,
    "end": 1005.08,
    "speaker": "老师",
    "text": "第三个m加n括号平方减六倍的m加n加九将它进行因式分解。"
  },
  {
    "start": 1005.16,
    "end": 1012.47,
    "speaker": "老师",
    "text": "那我们来看一下m加n括号的平方，"
  },
  {
    "start": 1012.57,
    "end": 1014.53,
    "speaker": "老师",
    "text": "它是平方项，"
  },
  {
    "start": 1014.53,
    "end": 1017.63,
    "speaker": "老师",
    "text": "这有平方九可以看成是三的平方，"
  },
  {
    "start": 1017.63,
    "end": 1019.19,
    "speaker": "老师",
    "text": "所以它也是个平方项。"
  },
  {
    "start": 1019.19,
    "end": 1029.44,
    "speaker": "老师",
    "text": "那么六乘以m加n我们可以看成是两倍的。"
  },
  {
    "start": 1029.44,
    "end": 1033.38,
    "speaker": "老师",
    "text": "二乘以首项m加n乘以尾项三，"
  },
  {
    "start": 1033.38,
    "end": 1036.68,
    "speaker": "老师",
    "text": "所以它等于m加n括号平方，"
  },
  {
    "start": 1037.32,
    "end": 1043.21,
    "speaker": "老师",
    "text": "减去两倍的首项乘尾项加上尾项平方，"
  },
  {
    "start": 1043.21,
    "end": 1048.03,
    "speaker": "老师",
    "text": "它正好也是一个完全平方式，"
  },
  {
    "start": 1048.03,
    "end": 1053.2,
    "speaker": "老师",
    "text": "然后中间是减啊是这个完全平方式，"
  },
  {
    "start": 1054.56,
    "end": 1061.63,
    "speaker": "老师",
    "text": "所以它等于首减尾就是m加n减三括号平方，"
  },
  {
    "start": 1061.83,
    "end": 1063.23,
    "speaker": "老师",
    "text": "然后把括号去掉，"
  },
  {
    "start": 1063.23,
    "end": 1066.58,
    "speaker": "老师",
    "text": "就等于m加n减三括号平方。"
  },
  {
    "start": 1066.58,
    "end": 1068.04,
    "speaker": "老师",
    "text": "第二个第四题，"
  },
  {
    "start": 1068.1,
    "end": 1077.7,
    "speaker": "老师",
    "text": "m减二n括号平方减去两倍的二n减m乘以m加n加上m减n括号平方，"
  },
  {
    "start": 1077.94,
    "end": 1081.2,
    "speaker": "老师",
    "text": "我们看一下这是平方项，"
  },
  {
    "start": 1081.74,
    "end": 1084.08,
    "speaker": "老师",
    "text": "m减二平方，"
  },
  {
    "start": 1084.08,
    "end": 1088.05,
    "speaker": "老师",
    "text": "这是平方项m加二平方，"
  },
  {
    "start": 1088.07,
    "end": 1094.62,
    "speaker": "老师",
    "text": "所以首的平方和尾的平方已经出来了。"
  },
  {
    "start": 1094.62,
    "end": 1105.76,
    "speaker": "老师",
    "text": "并且首是谁是m减二n尾是m加n再看中间中间是二乘以二n减m乘以m加n啊也是两倍。"
  },
  {
    "start": 1105.8,
    "end": 1113.48,
    "speaker": "老师",
    "text": "但是同学们发现有什么不一样的地方吗？"
  },
  {
    "start": 1113.48,
    "end": 1119.42,
    "speaker": "老师",
    "text": "花生米首项是m减二n而它乘的是两边的首尾的，"
  },
  {
    "start": 1120.14,
    "end": 1129.43,
    "speaker": "老师",
    "text": "首是二n减m他是不一样的，"
  },
  {
    "start": 1129.43,
    "end": 1131.12,
    "speaker": "老师",
    "text": "一个是m减二，"
  },
  {
    "start": 1132.75,
    "end": 1146.85,
    "speaker": "老师",
    "text": "一个是二n减m这么简单二n减m我们把它提一个负号出来，"
  },
  {
    "start": 1146.85,
    "end": 1154.26,
    "speaker": "老师",
    "text": "就能变成m减二n所以第一步我先把它变成完成平方的形式。"
  },
  {
    "start": 1154.26,
    "end": 1154.68,
    "speaker": "老师",
    "text": "嗯，"
  },
  {
    "start": 1154.96,
    "end": 1155.42,
    "speaker": "老师",
    "text": "好，"
  },
  {
    "start": 1155.62,
    "end": 1158.44,
    "speaker": "老师",
    "text": "等于m减二n括的平方，"
  },
  {
    "start": 1158.48,
    "end": 1162.82,
    "speaker": "老师",
    "text": "这二n减m变成m减二n那么就是首项了，"
  },
  {
    "start": 1162.82,
    "end": 1165.69,
    "speaker": "老师",
    "text": "那么后面是尾项，"
  },
  {
    "start": 1165.69,
    "end": 1168.96,
    "speaker": "老师",
    "text": "但是提一个负号出来，"
  },
  {
    "start": 1168.96,
    "end": 1170.78,
    "speaker": "老师",
    "text": "减号要变加号，"
  },
  {
    "start": 1171.0,
    "end": 1177.19,
    "speaker": "老师",
    "text": "这第一步我把它变成完全平方式的形式。"
  },
  {
    "start": 1177.19,
    "end": 1186.43,
    "speaker": "老师",
    "text": "那确定了首为m减二n尾为m加n那么它就等于首加尾括号的平方，"
  },
  {
    "start": 1186.43,
    "end": 1189.35,
    "speaker": "老师",
    "text": "把括号去掉之后，"
  },
  {
    "start": 1189.53,
    "end": 1193.2,
    "speaker": "老师",
    "text": "等于二m减n二平方。"
  },
  {
    "start": 1193.2,
    "end": 1197.71,
    "speaker": "老师",
    "text": "那么就是说我们完全平方式中的首和尾啊，"
  },
  {
    "start": 1197.71,
    "end": 1199.57,
    "speaker": "老师",
    "text": "头和尾可以是数字，"
  },
  {
    "start": 1199.79,
    "end": 1201.53,
    "speaker": "老师",
    "text": "可以是字母，"
  },
  {
    "start": 1201.71,
    "end": 1204.07,
    "speaker": "老师",
    "text": "也可以是多项式。"
  },
  {
    "start": 1204.07,
    "end": 1206.67,
    "speaker": "老师",
    "text": "这里首和尾都是多项式，"
  },
  {
    "start": 1206.67,
    "end": 1209.07,
    "speaker": "老师",
    "text": "这里首是多项式，"
  },
  {
    "start": 1209.07,
    "end": 1209.63,
    "speaker": "老师",
    "text": "尾是数字。"
  },
  {
    "start": 1209.63,
    "end": 1211.29,
    "speaker": "老师",
    "text": "注意啊，"
  },
  {
    "start": 1211.29,
    "end": 1214.37,
    "speaker": "老师",
    "text": "这个手a跟这个b可以是数，"
  },
  {
    "start": 1214.37,
    "end": 1215.89,
    "speaker": "老师",
    "text": "可以是字母，"
  },
  {
    "start": 1215.89,
    "end": 1217.89,
    "speaker": "老师",
    "text": "也可以是多项式，"
  },
  {
    "start": 1220.68,
    "end": 1224.75,
    "speaker": "老师",
    "text": "它们可以为整式。"
  },
  {
    "start": 1224.85,
    "end": 1228.99,
    "speaker": "老师",
    "text": "你这是什么这里啊，"
  },
  {
    "start": 1228.99,
    "end": 1231.29,
    "speaker": "老师",
    "text": "自然继续进行因式分析。"
  },
  {
    "start": 1231.29,
    "end": 1231.99,
    "speaker": "老师",
    "text": "第一题，"
  },
  {
    "start": 1231.99,
    "end": 1236.65,
    "speaker": "老师",
    "text": "三AX平方加六AXY加三AY的平方，"
  },
  {
    "start": 1236.65,
    "end": 1240.22,
    "speaker": "老师",
    "text": "三x平方是某一项的平方吗？"
  },
  {
    "start": 1240.22,
    "end": 1242.37,
    "speaker": "老师",
    "text": "不是它的平方，"
  },
  {
    "start": 1243.11,
    "end": 1244.75,
    "speaker": "老师",
    "text": "仅仅是x平方，"
  },
  {
    "start": 1244.75,
    "end": 1246.95,
    "speaker": "老师",
    "text": "所以这不是平方项，"
  },
  {
    "start": 1246.95,
    "end": 1248.91,
    "speaker": "老师",
    "text": "后面也不是平方项。"
  },
  {
    "start": 1248.91,
    "end": 1255.47,
    "speaker": "老师",
    "text": "它不符合我们的完全平方式特征，"
  },
  {
    "start": 1255.47,
    "end": 1262.16,
    "speaker": "老师",
    "text": "所以不能直接利用完全平方公式进行因式分解。"
  },
  {
    "start": 1262.16,
    "end": 1262.88,
    "speaker": "老师",
    "text": "那怎么办？"
  },
  {
    "start": 1264.11,
    "end": 1269.34,
    "speaker": "老师",
    "text": "我们观察一下这个装式这个公式当中，"
  },
  {
    "start": 1269.34,
    "end": 1272.88,
    "speaker": "老师",
    "text": "它有公数有公数三，"
  },
  {
    "start": 1272.88,
    "end": 1273.54,
    "speaker": "老师",
    "text": "这有三，"
  },
  {
    "start": 1273.8,
    "end": 1276.02,
    "speaker": "老师",
    "text": "这有三，"
  },
  {
    "start": 1276.04,
    "end": 1287.05,
    "speaker": "老师",
    "text": "这有a这有a这也有a所以第一步我先把这个三a提出来六提公因式法提出来之后，"
  },
  {
    "start": 1287.05,
    "end": 1290.11,
    "speaker": "老师",
    "text": "等于三a乘以x平方，"
  },
  {
    "start": 1290.17,
    "end": 1292.73,
    "speaker": "老师",
    "text": "加二XY加y平方。"
  },
  {
    "start": 1292.81,
    "end": 1297.6,
    "speaker": "老师",
    "text": "然后再来观察后面这个多项式当中，"
  },
  {
    "start": 1297.6,
    "end": 1300.68,
    "speaker": "老师",
    "text": "它就属于我们的一个完全平方式特征。"
  },
  {
    "start": 1300.68,
    "end": 1305.95,
    "speaker": "老师",
    "text": "首平方尾平方两倍的首乘尾，"
  },
  {
    "start": 1305.95,
    "end": 1311.43,
    "speaker": "老师",
    "text": "它就可以利用完全平方式来进行因式分解。"
  },
  {
    "start": 1311.43,
    "end": 1316.97,
    "speaker": "老师",
    "text": "后面这一项应该等于x加或者是加号加y括号的平方，"
  },
  {
    "start": 1316.97,
    "end": 1323.13,
    "speaker": "老师",
    "text": "那么它等于三a乘以x加y括号平方。"
  },
  {
    "start": 1323.13,
    "end": 1323.89,
    "speaker": "老师",
    "text": "第二题，"
  },
  {
    "start": 1324.59,
    "end": 1329.49,
    "speaker": "老师",
    "text": "负x平方减四y平方加四XY,"
  },
  {
    "start": 1329.49,
    "end": 1333.38,
    "speaker": "老师",
    "text": "这是平方哎，"
  },
  {
    "start": 1333.38,
    "end": 1334.08,
    "speaker": "老师",
    "text": "有平方项，"
  },
  {
    "start": 1334.08,
    "end": 1335.16,
    "speaker": "老师",
    "text": "这是平方，"
  },
  {
    "start": 1335.16,
    "end": 1336.36,
    "speaker": "老师",
    "text": "也有平方项，"
  },
  {
    "start": 1336.36,
    "end": 1339.26,
    "speaker": "老师",
    "text": "这是二y括号的平方。"
  },
  {
    "start": 1339.26,
    "end": 1358.01,
    "speaker": "老师",
    "text": "但是我们说首的平方尾的平方中间应该是加号，"
  },
  {
    "start": 1358.01,
    "end": 1359.73,
    "speaker": "老师",
    "text": "以首平方加为平方啊。"
  },
  {
    "start": 1359.73,
    "end": 1366.06,
    "speaker": "老师",
    "text": "这里首的平方前面是负的这个尾的平方前面是减号不符合怎么办？"
  },
  {
    "start": 1366.06,
    "end": 1374.13,
    "speaker": "老师",
    "text": "我们把这个负号提出来等于负的x平方加四y平方减四。"
  },
  {
    "start": 1374.25,
    "end": 1377.61,
    "speaker": "老师",
    "text": "Xy提出符号之后，"
  },
  {
    "start": 1377.61,
    "end": 1382.49,
    "speaker": "老师",
    "text": "这里面要变号再来观察这个装饰首平方哎，"
  },
  {
    "start": 1382.49,
    "end": 1391.55,
    "speaker": "老师",
    "text": "尾平方二y括平方这一项四XY可以看成是二乘x乘以二y正好是两倍的首位。"
  },
  {
    "start": 1391.55,
    "end": 1394.25,
    "speaker": "老师",
    "text": "然后这条中间是井号，"
  },
  {
    "start": 1394.41,
    "end": 1401.31,
    "speaker": "老师",
    "text": "所以它等于负的这符号保留下来，"
  },
  {
    "start": 1401.31,
    "end": 1406.23,
    "speaker": "老师",
    "text": "老是后面是x减y减二y括号的平方。"
  },
  {
    "start": 1406.23,
    "end": 1414.17,
    "speaker": "老师",
    "text": "那么我们就把这个多项式进行了因式分解，"
  },
  {
    "start": 1414.17,
    "end": 1417.08,
    "speaker": "老师",
    "text": "所以能不能进行因式分解？"
  },
  {
    "start": 1417.08,
    "end": 1423.68,
    "speaker": "老师",
    "text": "这个地方是它要必须要具有这些特质。"
  },
  {
    "start": 1423.68,
    "end": 1426.24,
    "speaker": "老师",
    "text": "首的平方加上尾的平方，"
  },
  {
    "start": 1426.3,
    "end": 1429.22,
    "speaker": "老师",
    "text": "然后中间是两倍的首位，"
  },
  {
    "start": 1429.82,
    "end": 1430.54,
    "speaker": "老师",
    "text": "可以加，"
  },
  {
    "start": 1430.54,
    "end": 1431.78,
    "speaker": "老师",
    "text": "也可以减。"
  },
  {
    "start": 1431.8,
    "end": 1435.32,
    "speaker": "老师",
    "text": "满足这些特征的时候，"
  },
  {
    "start": 1435.32,
    "end": 1442.71,
    "speaker": "老师",
    "text": "我们就能利用完全平方公式来进行因式分解了。"
  },
  {
    "start": 1442.71,
    "end": 1445.29,
    "speaker": "老师",
    "text": "所以如果多项式当中有公因式的话，"
  },
  {
    "start": 1445.29,
    "end": 1447.19,
    "speaker": "老师",
    "text": "先提取公因式，"
  },
  {
    "start": 1447.19,
    "end": 1450.23,
    "speaker": "老师",
    "text": "然后再进一步引起因式分解。"
  },
  {
    "start": 1450.23,
    "end": 1450.71,
    "speaker": "老师",
    "text": "好，"
  },
  {
    "start": 1450.71,
    "end": 1457.53,
    "speaker": "老师",
    "text": "下面请同学们判断下列各式是不是完全平方式。"
  },
  {
    "start": 1457.53,
    "end": 1461.27,
    "speaker": "老师",
    "text": "如果是说出相应的b各表示什么嗯，"
  },
  {
    "start": 1461.27,
    "end": 1464.7,
    "speaker": "老师",
    "text": "x平方减六百三十九，"
  },
  {
    "start": 1464.76,
    "end": 1466.05,
    "speaker": "老师",
    "text": "它是不是完全是呢？"
  },
  {
    "start": 1468.53,
    "end": 1470.31,
    "speaker": "老师",
    "text": "我们看一下，"
  },
  {
    "start": 1470.31,
    "end": 1477.88,
    "speaker": "老师",
    "text": "它有三项构成一项两项三项这一项可以看成是x平方，"
  },
  {
    "start": 1477.96,
    "end": 1481.66,
    "speaker": "老师",
    "text": "这一项看成是三的平方。"
  },
  {
    "start": 1481.86,
    "end": 1482.1,
    "speaker": "老师",
    "text": "哎，"
  },
  {
    "start": 1482.1,
    "end": 1485.68,
    "speaker": "老师",
    "text": "如首平方有尾平方，"
  },
  {
    "start": 1489.57,
    "end": 1496.53,
    "speaker": "老师",
    "text": "中间是负六x可以写成六x写成二乘x乘以三，"
  },
  {
    "start": 1497.73,
    "end": 1499.97,
    "speaker": "老师",
    "text": "正好是二乘x乘以三，"
  },
  {
    "start": 1499.97,
    "end": 1502.19,
    "speaker": "老师",
    "text": "正好是两倍的。"
  },
  {
    "start": 1502.19,
    "end": 1504.67,
    "speaker": "老师",
    "text": "首乘乘尾项中间是九，"
  },
  {
    "start": 1504.91,
    "end": 1509.69,
    "speaker": "老师",
    "text": "所以它应该符合这个完全平方方的特征，"
  },
  {
    "start": 1509.69,
    "end": 1512.61,
    "speaker": "老师",
    "text": "所以它是完全平方式。"
  },
  {
    "start": 1512.61,
    "end": 1514.11,
    "speaker": "老师",
    "text": "其中首项a应该等于x尾项，"
  },
  {
    "start": 1514.11,
    "end": 1515.35,
    "speaker": "老师",
    "text": "b应该等于三。"
  },
  {
    "start": 1515.35,
    "end": 1519.74,
    "speaker": "老师",
    "text": "第二个是不是完成时？"
  },
  {
    "start": 1519.74,
    "end": 1520.46,
    "speaker": "老师",
    "text": "不是的，"
  },
  {
    "start": 1520.46,
    "end": 1521.62,
    "speaker": "老师",
    "text": "它只有两项啊，"
  },
  {
    "start": 1521.62,
    "end": 1525.94,
    "speaker": "老师",
    "text": "完全平方式要含有三项，"
  },
  {
    "start": 1526.08,
    "end": 1527.82,
    "speaker": "老师",
    "text": "而它只有两项，"
  },
  {
    "start": 1527.82,
    "end": 1529.0,
    "speaker": "老师",
    "text": "它不是第三个。"
  },
  {
    "start": 1529.38,
    "end": 1531.36,
    "speaker": "老师",
    "text": "一眼看过去啊，"
  },
  {
    "start": 1531.48,
    "end": 1536.57,
    "speaker": "老师",
    "text": "好像是我们来看一下同学们做对了没有啊。"
  },
  {
    "start": 1536.75,
    "end": 1539.32,
    "speaker": "老师",
    "text": "X平方可以看，"
  },
  {
    "start": 1539.32,
    "end": 1540.48,
    "speaker": "老师",
    "text": "这是首的平方，"
  },
  {
    "start": 1540.5,
    "end": 1544.74,
    "speaker": "老师",
    "text": "四看成是二的平方，"
  },
  {
    "start": 1544.74,
    "end": 1546.9,
    "speaker": "老师",
    "text": "那是尾的平方。"
  },
  {
    "start": 1546.9,
    "end": 1549.46,
    "speaker": "老师",
    "text": "比如说首项是x尾项是二，"
  },
  {
    "start": 1549.86,
    "end": 1552.6,
    "speaker": "老师",
    "text": "中间应该是两倍的，"
  },
  {
    "start": 1552.62,
    "end": 1555.52,
    "speaker": "老师",
    "text": "首尾应该是二乘以x乘以二，"
  },
  {
    "start": 1555.62,
    "end": 1566.6,
    "speaker": "老师",
    "text": "应该等于四x而他是x所以同学们要注意啊，"
  },
  {
    "start": 1566.6,
    "end": 1568.34,
    "speaker": "老师",
    "text": "标题也很简单。"
  },
  {
    "start": 1568.34,
    "end": 1568.88,
    "speaker": "老师",
    "text": "哎呀，"
  },
  {
    "start": 1568.96,
    "end": 1571.89,
    "speaker": "老师",
    "text": "首平方尾平方中间差不多啊，"
  },
  {
    "start": 1571.89,
    "end": 1573.13,
    "speaker": "老师",
    "text": "就是不对的，"
  },
  {
    "start": 1573.13,
    "end": 1574.49,
    "speaker": "老师",
    "text": "一定要确定，"
  },
  {
    "start": 1574.81,
    "end": 1580.03,
    "speaker": "老师",
    "text": "不仅要确定首和尾还要确定中间项，"
  },
  {
    "start": 1580.17,
    "end": 1583.69,
    "speaker": "老师",
    "text": "所以它这是二x不对，"
  },
  {
    "start": 1583.91,
    "end": 1588.01,
    "speaker": "老师",
    "text": "应该是四x它才是完全平方式，"
  },
  {
    "start": 1588.01,
    "end": 1590.99,
    "speaker": "老师",
    "text": "所以这里它不是完全平方式。"
  },
  {
    "start": 1590.99,
    "end": 1594.87,
    "speaker": "老师",
    "text": "那么现在第四个你要判断仔细一点呢，"
  },
  {
    "start": 1595.45,
    "end": 1603.01,
    "speaker": "老师",
    "text": "四x平方应该是二x括号平方，"
  },
  {
    "start": 1603.01,
    "end": 1626.59,
    "speaker": "老师",
    "text": "四x它不是平方项，"
  },
  {
    "start": 1626.59,
    "end": 1628.37,
    "speaker": "老师",
    "text": "一应该是一的平方。"
  },
  {
    "start": 1628.37,
    "end": 1630.59,
    "speaker": "老师",
    "text": "但是它是首平方结尾平方分，"
  },
  {
    "start": 1630.59,
    "end": 1631.33,
    "speaker": "老师",
    "text": "所以它不是。"
  },
  {
    "start": 1631.33,
    "end": 1638.33,
    "speaker": "老师",
    "text": "那么第五个呢确定好首项和尾项一可以看成一的平方，"
  },
  {
    "start": 1638.33,
    "end": 1643.44,
    "speaker": "老师",
    "text": "四分之m可以看的是二分之m括号的平方。"
  },
  {
    "start": 1643.54,
    "end": 1649.58,
    "speaker": "老师",
    "text": "所以这里的一和四分之m平方应该是首项和尾项注意哈，"
  },
  {
    "start": 1649.58,
    "end": 1652.04,
    "speaker": "老师",
    "text": "并不说中间这项一定要写，"
  },
  {
    "start": 1652.04,
    "end": 1658.54,
    "speaker": "老师",
    "text": "中间并不说他一定要写，"
  },
  {
    "start": 1658.54,
    "end": 1662.49,
    "speaker": "老师",
    "text": "中间他写在这后面也是可以的，"
  },
  {
    "start": 1662.63,
    "end": 1665.41,
    "speaker": "老师",
    "text": "写在前面也是可以的啊。"
  },
  {
    "start": 1665.47,
    "end": 1671.43,
    "speaker": "老师",
    "text": "那么缺的这那后面这一项应该是中间项首项为一尾，"
  },
  {
    "start": 1671.45,
    "end": 1673.57,
    "speaker": "老师",
    "text": "项为二分之m."
  },
  {
    "start": 1673.57,
    "end": 1686.66,
    "speaker": "老师",
    "text": "那么中间这一项应该是二乘以首和尾二乘一乘二分之m等于m然后作为几号可不可以可以的？"
  },
  {
    "start": 1686.7,
    "end": 1696.42,
    "speaker": "老师",
    "text": "所以这个它应该等于一的平方减m加二分之m括号的平方完符合这个完全平方式，"
  },
  {
    "start": 1696.42,
    "end": 1698.93,
    "speaker": "老师",
    "text": "所以它是完全平方式。"
  },
  {
    "start": 1698.93,
    "end": 1708.24,
    "speaker": "老师",
    "text": "首项为一就a表示一尾项b应该表示的是二分之m了解他有三项构成。"
  },
  {
    "start": 1708.24,
    "end": 1710.86,
    "speaker": "老师",
    "text": "这个平方可以看成二y括号平方，"
  },
  {
    "start": 1710.86,
    "end": 1718.03,
    "speaker": "老师",
    "text": "这个平方可以看成三x括号平方啊。"
  },
  {
    "start": 1718.47,
    "end": 1724.28,
    "speaker": "老师",
    "text": "首平方尾平方意味着首项是二y,"
  },
  {
    "start": 1724.28,
    "end": 1735.68,
    "speaker": "老师",
    "text": "尾项是三x然后中间这一项十二XY两倍的首尾二乘二y再乘三x那么正好等于十二XY,"
  },
  {
    "start": 1735.68,
    "end": 1738.0,
    "speaker": "老师",
    "text": "所以它是一个完全平方式，"
  },
  {
    "start": 1738.0,
    "end": 1739.56,
    "speaker": "老师",
    "text": "是这种完全模式。"
  },
  {
    "start": 1740.13,
    "end": 1741.09,
    "speaker": "老师",
    "text": "那中间为减号，"
  },
  {
    "start": 1741.09,
    "end": 1747.58,
    "speaker": "老师",
    "text": "并且首项a等于二y为项。"
  },
  {
    "start": 1747.58,
    "end": 1758.22,
    "speaker": "老师",
    "text": "B表示三x情况下呢完成这个计算b x平方减十二XY加三十六y的平方啊，"
  },
  {
    "start": 1758.26,
    "end": 1767.46,
    "speaker": "老师",
    "text": "我们看看它是不是能不能写成完全平方式呢？"
  },
  {
    "start": 1767.46,
    "end": 1771.34,
    "speaker": "老师",
    "text": "X平方是首的平方，"
  },
  {
    "start": 1771.54,
    "end": 1778.32,
    "speaker": "老师",
    "text": "三十六y平方可以看成是六y括号的平方。"
  },
  {
    "start": 1778.32,
    "end": 1787.85,
    "speaker": "老师",
    "text": "一十二XY可以看成是二乘x乘六y正好符合完全平方式，"
  },
  {
    "start": 1788.19,
    "end": 1792.45,
    "speaker": "老师",
    "text": "并且中间这一项是井号是第二个，"
  },
  {
    "start": 1792.77,
    "end": 1801.34,
    "speaker": "老师",
    "text": "所以等于首减尾括号的平方，"
  },
  {
    "start": 1801.4,
    "end": 1804.24,
    "speaker": "老师",
    "text": "也就是x减六y括号的平方。"
  },
  {
    "start": 1804.24,
    "end": 1812.34,
    "speaker": "老师",
    "text": "第二个一十六a的四次方，"
  },
  {
    "start": 1812.34,
    "end": 1819.82,
    "speaker": "老师",
    "text": "加二十四a的平方b的平方加九b的四次方啊，"
  },
  {
    "start": 1819.82,
    "end": 1820.98,
    "speaker": "老师",
    "text": "这个比较复杂，"
  },
  {
    "start": 1820.98,
    "end": 1824.2,
    "speaker": "老师",
    "text": "哪一项要确定？"
  },
  {
    "start": 1824.2,
    "end": 1826.46,
    "speaker": "老师",
    "text": "首项和尾项是六a的四次方，"
  },
  {
    "start": 1826.68,
    "end": 1828.74,
    "speaker": "老师",
    "text": "应该是首项，"
  },
  {
    "start": 1828.74,
    "end": 1831.42,
    "speaker": "老师",
    "text": "它看成四a括号的平方，"
  },
  {
    "start": 1831.58,
    "end": 1838.34,
    "speaker": "老师",
    "text": "九b的四次方应该是五项看成三b平方括号的平方。"
  },
  {
    "start": 1838.34,
    "end": 1847.4,
    "speaker": "老师",
    "text": "中间二十四a的平方b的平方应该是二乘以四a的平方乘以三b的平方。"
  },
  {
    "start": 1847.4,
    "end": 1850.4,
    "speaker": "老师",
    "text": "它是符合我们完全平方式特点的，"
  },
  {
    "start": 1850.4,
    "end": 1856.56,
    "speaker": "老师",
    "text": "所以它应该等于四a的平方加三b的平方括号的平方。"
  },
  {
    "start": 1856.56,
    "end": 1858.88,
    "speaker": "老师",
    "text": "这一项是中间项哈。"
  },
  {
    "start": 1858.88,
    "end": 1863.98,
    "speaker": "老师",
    "text": "A平方b平方虽然可以写成AB括号平方，"
  },
  {
    "start": 1863.98,
    "end": 1869.27,
    "speaker": "老师",
    "text": "但是二十四是不能写成数的平方的。"
  },
  {
    "start": 1869.27,
    "end": 1870.05,
    "speaker": "老师",
    "text": "第三题，"
  },
  {
    "start": 1870.05,
    "end": 1872.57,
    "speaker": "老师",
    "text": "负x二XY减x平方减y的平方，"
  },
  {
    "start": 1872.57,
    "end": 1876.64,
    "speaker": "老师",
    "text": "首平方尾平方，"
  },
  {
    "start": 1878.52,
    "end": 1882.02,
    "speaker": "老师",
    "text": "但是他们前面都是减号，"
  },
  {
    "start": 1882.02,
    "end": 1890.61,
    "speaker": "老师",
    "text": "所以第一步提取负号等于负的二XY加x平方加y平方，"
  },
  {
    "start": 1890.61,
    "end": 1896.87,
    "speaker": "老师",
    "text": "然后后面多方式就可以利用完全平方公式进行已式等解了啊，"
  },
  {
    "start": 1896.87,
    "end": 1898.83,
    "speaker": "老师",
    "text": "先提取一个符号出来。"
  },
  {
    "start": 1898.83,
    "end": 1901.16,
    "speaker": "老师",
    "text": "第四四减去十二x减y,"
  },
  {
    "start": 1901.16,
    "end": 1905.19,
    "speaker": "老师",
    "text": "加上九倍的x减y括号平方四看成二的平方，"
  },
  {
    "start": 1905.79,
    "end": 1912.02,
    "speaker": "老师",
    "text": "九x减y括号平方看成三倍的x减y括号的平方，"
  },
  {
    "start": 1912.02,
    "end": 1915.3,
    "speaker": "老师",
    "text": "所以第一步变成二的平方。"
  },
  {
    "start": 1915.3,
    "end": 1918.53,
    "speaker": "老师",
    "text": "减中间阴号是二乘以首项乘以尾项，"
  },
  {
    "start": 1918.53,
    "end": 1919.53,
    "speaker": "老师",
    "text": "三倍的x减y,"
  },
  {
    "start": 1919.53,
    "end": 1923.47,
    "speaker": "老师",
    "text": "然后加上三倍的x减y括号的平方，"
  },
  {
    "start": 1923.47,
    "end": 1931.02,
    "speaker": "老师",
    "text": "首平方尾平方中间是首项乘尾项的两倍，"
  },
  {
    "start": 1931.04,
    "end": 1932.7,
    "speaker": "老师",
    "text": "而且为减号，"
  },
  {
    "start": 1933.18,
    "end": 1939.1,
    "speaker": "老师",
    "text": "所以它等于首中间为减哈那是减去尾收减为括号的平方，"
  },
  {
    "start": 1939.1,
    "end": 1942.22,
    "speaker": "老师",
    "text": "然后再来把括号去掉，"
  },
  {
    "start": 1942.38,
    "end": 1946.76,
    "speaker": "老师",
    "text": "等于二减三x加三y括号的平方不点，"
  },
  {
    "start": 1946.76,
    "end": 1952.04,
    "speaker": "老师",
    "text": "请同学们用简便方法计算啊。"
  },
  {
    "start": 1952.04,
    "end": 1955.76,
    "speaker": "老师",
    "text": "因为如果运算的话非常复杂，"
  },
  {
    "start": 1957.04,
    "end": 1961.55,
    "speaker": "老师",
    "text": "我们来观察一下这个题目。"
  },
  {
    "start": 1961.63,
    "end": 1965.21,
    "speaker": "老师",
    "text": "这里我们可以看成是有三项构成啊，"
  },
  {
    "start": 1965.21,
    "end": 1968.96,
    "speaker": "老师",
    "text": "一项两项三项啊。"
  },
  {
    "start": 1968.96,
    "end": 1969.2,
    "speaker": "老师",
    "text": "好，"
  },
  {
    "start": 1969.2,
    "end": 1970.14,
    "speaker": "老师",
    "text": "这是平方，"
  },
  {
    "start": 1970.44,
    "end": 1975.43,
    "speaker": "老师",
    "text": "这也是平方。"
  },
  {
    "start": 1975.51,
    "end": 1980.62,
    "speaker": "老师",
    "text": "中间这是能不能写成首乘尾的两倍呢？"
  },
  {
    "start": 1980.62,
    "end": 1983.62,
    "speaker": "老师",
    "text": "四零一零应该是二乘以二零零五，"
  },
  {
    "start": 1986.67,
    "end": 1994.16,
    "speaker": "老师",
    "text": "所以第一它等于二零零五的平方，"
  },
  {
    "start": 1994.16,
    "end": 1997.94,
    "speaker": "老师",
    "text": "减去二乘以二零零五乘以二零三，"
  },
  {
    "start": 2005.62,
    "end": 2008.91,
    "speaker": "老师",
    "text": "加上二零三的平方，"
  },
  {
    "start": 2008.91,
    "end": 2015.86,
    "speaker": "老师",
    "text": "我们也可以把它看成是一个完全平方式的特征。"
  },
  {
    "start": 2015.9,
    "end": 2020.9,
    "speaker": "老师",
    "text": "首平方尾平方首尾两可以分成井号，"
  },
  {
    "start": 2020.9,
    "end": 2025.86,
    "speaker": "老师",
    "text": "所以它应该等于首项二零零五减尾项。"
  },
  {
    "start": 2025.96,
    "end": 2031.6,
    "speaker": "老师",
    "text": "二零零三括号的平方等于此二的平方等于四，"
  },
  {
    "start": 2031.6,
    "end": 2037.43,
    "speaker": "老师",
    "text": "说利用这个完全平方公式来进行因式分解，"
  },
  {
    "start": 2037.85,
    "end": 2044.6,
    "speaker": "老师",
    "text": "会使得这个题目更加简单呀。"
  },
  {
    "start": 2045.18,
    "end": 2048.77,
    "speaker": "老师",
    "text": "将这个多项式再加上一个整式，"
  },
  {
    "start": 2048.77,
    "end": 2055.7,
    "speaker": "老师",
    "text": "使得它成为完全平方公式。"
  },
  {
    "start": 2055.7,
    "end": 2056.52,
    "speaker": "老师",
    "text": "完全平方式。"
  },
  {
    "start": 2056.52,
    "end": 2058.88,
    "speaker": "老师",
    "text": "你有几种方法，"
  },
  {
    "start": 2058.9,
    "end": 2064.95,
    "speaker": "老师",
    "text": "我们知道哈完全平方式应该是有三项构成，"
  },
  {
    "start": 2067.17,
    "end": 2070.03,
    "speaker": "老师",
    "text": "而这里只有几项两项，"
  },
  {
    "start": 2070.05,
    "end": 2071.93,
    "speaker": "老师",
    "text": "所以还缺一项。"
  },
  {
    "start": 2072.27,
    "end": 2078.66,
    "speaker": "老师",
    "text": "所以题目要求我们再加上一项，"
  },
  {
    "start": 2079.34,
    "end": 2086.26,
    "speaker": "老师",
    "text": "但要求是我们加工整式缺一项，"
  },
  {
    "start": 2086.42,
    "end": 2088.57,
    "speaker": "老师",
    "text": "我们就看缺的是哪一项，"
  },
  {
    "start": 2088.57,
    "end": 2091.72,
    "speaker": "老师",
    "text": "它告诉我们的是哪一项，"
  },
  {
    "start": 2095.01,
    "end": 2097.87,
    "speaker": "老师",
    "text": "哪两项四x平方可以是平方项，"
  },
  {
    "start": 2097.87,
    "end": 2099.77,
    "speaker": "老师",
    "text": "一可以看成是一的平方，"
  },
  {
    "start": 2099.77,
    "end": 2102.11,
    "speaker": "老师",
    "text": "也可以是平方项。"
  },
  {
    "start": 2102.17,
    "end": 2107.51,
    "speaker": "老师",
    "text": "你说这里我们可以把这一项看成首的平方，"
  },
  {
    "start": 2107.51,
    "end": 2110.08,
    "speaker": "老师",
    "text": "看成二x括号的平方，"
  },
  {
    "start": 2110.66,
    "end": 2113.94,
    "speaker": "老师",
    "text": "把一看成尾的平方，"
  },
  {
    "start": 2113.94,
    "end": 2119.54,
    "speaker": "老师",
    "text": "一的平方加一四x平方可以看成是二x括号的平方，"
  },
  {
    "start": 2120.14,
    "end": 2123.3,
    "speaker": "老师",
    "text": "一可以看成是一的平方。"
  },
  {
    "start": 2123.3,
    "end": 2128.73,
    "speaker": "老师",
    "text": "那么就相当于题目已知两项应该是两个平方项，"
  },
  {
    "start": 2128.73,
    "end": 2131.81,
    "speaker": "老师",
    "text": "也就意味着缺的应该是中间这一项，"
  },
  {
    "start": 2131.81,
    "end": 2133.79,
    "speaker": "老师",
    "text": "中间这一项应该是两倍的。"
  },
  {
    "start": 2133.79,
    "end": 2137.99,
    "speaker": "老师",
    "text": "首尾首乘尾的两倍是二乘以二x乘以一，"
  },
  {
    "start": 2137.99,
    "end": 2142.63,
    "speaker": "老师",
    "text": "也就是四x然后中间这一项可以是加，"
  },
  {
    "start": 2142.63,
    "end": 2145.08,
    "speaker": "老师",
    "text": "也可以是减，"
  },
  {
    "start": 2145.08,
    "end": 2148.14,
    "speaker": "老师",
    "text": "所以这里面可以是加，"
  },
  {
    "start": 2148.62,
    "end": 2150.91,
    "speaker": "老师",
    "text": "也可以是减，"
  },
  {
    "start": 2150.91,
    "end": 2153.63,
    "speaker": "老师",
    "text": "做不缺的可以是这一项，"
  },
  {
    "start": 2153.63,
    "end": 2158.25,
    "speaker": "老师",
    "text": "也就是正负四x那么做完了，"
  },
  {
    "start": 2158.25,
    "end": 2158.61,
    "speaker": "老师",
    "text": "你有几种方法，"
  },
  {
    "start": 2158.25,
    "end": 2158.61,
    "speaker": "老师",
    "text": "你做完了吗？"
  },
  {
    "start": 2158.25,
    "end": 2158.61,
    "speaker": "老师",
    "text": "说明这个题目哈，"
  },
  {
    "start": 2158.25,
    "end": 2158.61,
    "speaker": "老师",
    "text": "可能我们考虑要详细一点。"
  },
  {
    "start": 2158.25,
    "end": 2158.61,
    "speaker": "老师",
    "text": "四x平方它一定是首的平方吗？"
  },
  {
    "start": 2158.25,
    "end": 2158.61,
    "speaker": "老师",
    "text": "他能不能作为中间商，"
  },
  {
    "start": 2158.25,
    "end": 2158.61,
    "speaker": "老师",
    "text": "我们来分析一下啊嗯一可以看成是一的平方，"
  },
  {
    "start": 2158.25,
    "end": 2158.61,
    "speaker": "老师",
    "text": "他如果是中间这一项应该是什么意思？"
  },
  {
    "start": 2158.25,
    "end": 2158.61,
    "speaker": "老师",
    "text": "两倍的首相乘尾项。"
  },
  {
    "start": 2158.25,
    "end": 2158.61,
    "speaker": "老师",
    "text": "一我们看电视首项或是尾项啊，"
  },
  {
    "start": 2158.25,
    "end": 2158.61,
    "speaker": "老师",
    "text": "就是两倍的首项是它看成乘一，"
  },
  {
    "start": 2158.25,
    "end": 2158.61,
    "speaker": "老师",
    "text": "那么乘以尾项，"
  },
  {
    "start": 2158.25,
    "end": 2158.61,
    "speaker": "老师",
    "text": "那么这个尾项应该是多少？"
  },
  {
    "start": 2158.25,
    "end": 2158.61,
    "speaker": "老师",
    "text": "他们两个应该相等啊，"
  },
  {
    "start": 2158.25,
    "end": 2158.61,
    "speaker": "老师",
    "text": "二乘一乘多少等于它应该乘以的是二x的平方。"
  },
  {
    "start": 2158.25,
    "end": 2158.61,
    "speaker": "老师",
    "text": "就说如果四x平方它是中间项的话，"
  },
  {
    "start": 2158.25,
    "end": 2158.61,
    "speaker": "老师",
    "text": "那么我们还缺一下尾箱多少二x的平方，"
  },
  {
    "start": 2158.25,
    "end": 2158.61,
    "speaker": "老师",
    "text": "那么说明尾就是二x平方。"
  },
  {
    "start": 2158.25,
    "end": 2158.61,
    "speaker": "老师",
    "text": "那然后这个这一项我们必须缺的是尾的平方，"
  },
  {
    "start": 2158.25,
    "end": 2158.61,
    "speaker": "老师",
    "text": "所以加上尾的平方，"
  },
  {
    "start": 2158.25,
    "end": 2158.61,
    "speaker": "老师",
    "text": "尾是二x平方，"
  },
  {
    "start": 2158.25,
    "end": 2158.61,
    "speaker": "老师",
    "text": "再加上二x平方括号的平方，"
  },
  {
    "start": 2158.25,
    "end": 2158.61,
    "speaker": "老师",
    "text": "也就是四x的四次方，"
  },
  {
    "start": 2158.25,
    "end": 2158.61,
    "speaker": "老师",
    "text": "也就是四x的是。"
  },
  {
    "start": 2158.25,
    "end": 2158.61,
    "speaker": "老师",
    "text": "所以缺的这一项也有可能是这一项。"
  },
  {
    "start": 2158.25,
    "end": 2158.61,
    "speaker": "老师",
    "text": "因为这项它也是一个完全平衡式，"
  },
  {
    "start": 2158.25,
    "end": 2158.61,
    "speaker": "老师",
    "text": "那没有同学考虑啊，"
  },
  {
    "start": 2158.25,
    "end": 2158.61,
    "speaker": "老师",
    "text": "一能不能为中间这一项呢，"
  },
  {
    "start": 2158.25,
    "end": 2158.61,
    "speaker": "老师",
    "text": "你可以回去思考一下，"
  },
  {
    "start": 2158.25,
    "end": 2158.61,
    "speaker": "老师",
    "text": "这里面是加上一个整式，"
  },
  {
    "start": 2158.25,
    "end": 2158.61,
    "speaker": "老师",
    "text": "所以一啊是不能做这个内项的那这题目答案是正负四x以及四x这种学一下今天学什么知识呢？"
  },
  {
    "start": 2158.25,
    "end": 2158.61,
    "speaker": "老师",
    "text": "今天我们是学习利用完全平方公式来进行因式分解，"
  },
  {
    "start": 2158.25,
    "end": 2158.61,
    "speaker": "老师",
    "text": "但是要注意这个多项式必须符合一定的特征。"
  },
  {
    "start": 2158.25,
    "end": 2158.61,
    "speaker": "老师",
    "text": "形容a平方加减二AB加b平方这样的形式的话式可以利用完全平方公式进行因式分解。"
  },
  {
    "start": 2158.25,
    "end": 2158.61,
    "speaker": "老师",
    "text": "那么因式分解通常先考虑提公因式法，"
  },
  {
    "start": 2158.25,
    "end": 2158.61,
    "speaker": "老师",
    "text": "有公因式先提供因式一提啊，"
  },
  {
    "start": 2158.25,
    "end": 2158.61,
    "speaker": "老师",
    "text": "它再考虑运用公式法。"
  },
  {
    "start": 2158.25,
    "end": 2158.61,
    "speaker": "老师",
    "text": "第三个因式分解一定要彻底，"
  },
  {
    "start": 2158.25,
    "end": 2158.61,
    "speaker": "老师",
    "text": "这是我们今天学习的，"
  },
  {
    "start": 2158.25,
    "end": 2158.61,
    "speaker": "老师",
    "text": "利用完全平方公式进行因式分解，"
  },
  {
    "start": 2158.25,
    "end": 2158.61,
    "speaker": "老师",
    "text": "请完成你课作业。"
  }
]